Family,3oxoDCA,3oxoLCA,7oxoDCA,Ala_DCA,Asn_CA,Asp_CA,Asp_DCA,CA,CDCA,DCA,GCA,GCDCA,GDCA,GLCA,Gln_CA,Glu_CA,Glu_CDCA,Glu_DCA,His_DCA,LCA,Lys_CDCA,Met_CA,Phe_CA,Phe_CDCA,Phe_DCA,TCA,TCDCA,TDCA,TLCA,Thr_CA,Thr_CDCA,Thr_DCA,Trp_CA,Trp_CDCA,Tyr_CA,isoCA_aMCA,isoLCA,isoalloLCA
12aHSDH%GENOME015584_936,0.08621684,0.016043575,0.05700688,-0.05043375,0.015966889,-0.09169514,-0.11678182,0.02091292,0.096495114,0.061461784,-0.06459918,-0.05679268,-0.063559085,0.03921329,0.031482693,-0.019647941,0.075741544,0.012567856,-0.06051538,-0.014946014,-0.063002825,0.0053893817,0.0163047,0.048619118,-0.117854424,-0.06099723,-0.06913118,-0.18154214,-0.086826235,0.12316747,0.095500104,-0.00047570118,-0.075110756,0.16049078,0.088873625,0.13288963,0.043128382,0.007421315
12aHSDH%GENOME044629_647,-0.0043936856,0.10734787,-0.0039807656,0.028463857,-0.0012198013,-0.022896929,-0.04759861,0.007894643,-0.013341755,0.0784797,0.08527893,0.10044449,0.14390147,0.097659595,-0.03642391,-0.09095509,-0.07032124,-0.10223129,-0.06413328,0.0336006,-0.077727646,0.019816391,-0.050206866,-0.011776054,0.017232304,0.055744704,0.09860368,0.13443439,0.11943705,-0.100608155,-0.11705101,-0.06081118,0.049481925,-0.07927962,-0.06843334,0.005380289,-0.07296418,0.036446203
12aHSDH%GENOME077010_272,0.035292484,0.07610834,-0.065189414,0.123398155,-0.09067072,-0.14757688,-0.01369874,-0.11673024,-0.0067920513,0.14643872,-0.014718725,-0.043107748,0.118360326,0.12880808,-0.078186095,-0.1617676,-0.11423686,0.05763407,0.06703724,0.10312854,0.07917412,-0.07992557,-0.11819857,-0.13770197,-0.07340408,-0.055348758,-0.15096112,-0.1627371,-0.05080727,-0.113379404,-0.09621627,0.06716312,0.00637024,-0.011474514,-0.03871024,0.024075842,0.17274953,0.077118404
12aHSDH%GENOME126416_2228,-0.03900372,-0.0065083187,-0.04370459,-0.008450126,-0.006953774,0.023545608,0.04660131,-0.02431907,-0.09323168,-0.082770355,0.044673607,0.04623151,0.016996948,-0.053775836,0.010259661,0.05728173,0.012503269,0.011645231,-0.009064537,-0.00429648,-0.059724852,0.048369333,0.016464612,0.064450175,0.060435273,0.045476254,0.087013915,0.15178609,0.09669181,-0.050359063,-0.03360599,-0.01714291,-0.01996099,-0.043207966,0.01467028,-0.066520095,-0.0157827,0.03136922
12aHSDH%GENOME136792_1072,0.048532218,0.022623414,-0.065238185,0.045355767,-0.07728911,-0.11404372,0.078292556,-0.08425841,-0.08641666,0.051957507,-0.0118128145,-0.01346246,0.05263315,0.06180894,-0.027406044,-0.095857814,-0.06912169,0.07603777,0.043783378,0.08616546,0.011026349,-0.04637742,-0.04602971,-0.04617046,0.093292125,-0.033785954,-0.02141548,0.007138354,0.0107609145,-0.067109846,-0.10185003,0.04495288,-0.020899259,0.0054866094,-0.038662456,-0.040971182,0.06273099,0.0735761
12aHSDH%GENOME187328_883,0.043456372,0.047475204,-0.0017179041,-0.0019278594,0.020936932,0.011645897,0.030818868,-0.013570529,-0.04264224,-0.039220568,-0.039051767,-0.07206989,-0.06871136,0.015035696,0.056284398,0.009837925,0.031086452,0.04366701,0.025516862,-0.029077511,0.019907393,0.00980577,0.02078586,-0.02526886,0.010052037,-0.04666078,-0.062370304,-0.03013667,-0.06792035,0.046333965,0.03612628,0.0028609273,0.008656347,0.027647812,0.021333398,0.020853974,-0.021213124,-0.011573137
12aHSDH%GENOME211747_1057,-0.032771222,0.027140822,0.07756047,-0.14033839,0.059978276,0.040423732,-0.07388583,0.081192724,0.07909224,-0.04446261,0.035465036,0.03827426,-0.073449574,-0.02956055,0.08959715,0.060817793,0.048309106,-0.050996438,-0.052373063,-0.059608255,-0.115212634,0.06864061,0.08317982,0.10997451,-0.0442579,0.036125083,0.0338801,-0.039129686,0.012645751,0.10183048,0.072445996,-0.04320267,0.018589415,0.0754204,0.04458022,0.05724331,-0.08144835,-0.05465443
12aHSDH%GENOME225739_454,-0.082352445,-0.09667975,0.05135674,-0.067553274,0.030142087,0.011491549,-0.07373872,0.09173512,0.13121095,-0.08880245,0.07391541,0.079786226,-0.051640607,-0.09673272,-0.012919673,0.06064784,0.07601632,-0.09135263,-0.06986967,-0.09163485,-0.093071975,0.044645622,0.060405053,0.031730283,-0.109975465,0.12919022,0.11209722,0.068292715,0.08293823,0.045886107,0.074615166,-0.071139775,0.025075745,0.058818918,0.07031557,0.009707881,-0.10744481,-0.087827615
12aHSDH%MBE7001463_1_SDR_family_oxidoreductase__Oscillospiraceae_bacterium_,0.017053895,0.098008625,0.025807584,-0.031093445,0.03820131,-0.028727787,-0.051883344,0.0034325612,0.014389651,0.0076163667,0.029991698,0.031288162,0.0031435462,0.06693543,0.02793836,-0.016564552,0.0013038921,-0.010632602,-0.013607493,0.04177572,-0.08517879,0.0170443,-0.025078328,0.054883827,-0.020513237,-0.009287654,0.022653129,-0.02499088,0.07440871,0.03158353,-0.008794413,-0.052201644,-0.0929319,0.029968595,-0.047863107,0.020600721,0.051895693,0.03501891
12aHSDH%MBP3571641_1_SDR_family_oxidoreductase__Clostridia_bacterium_,-0.031904057,0.008210456,0.06871302,-0.035351492,0.060209412,0.10631649,-0.053077493,0.05945722,0.0659481,-0.04463398,-0.012473898,-0.027944218,-0.07134156,-0.020818632,0.07599222,0.083877385,0.07572967,-0.03526762,-0.006752819,-0.08736126,-0.0088830935,0.043471575,0.06732197,0.023859566,-0.0713951,-0.025174683,-0.052156758,-0.08319965,-0.07333826,0.07657103,0.073873736,-0.033082742,0.0753989,0.033363685,0.08662221,0.061398216,-0.04055911,-0.083034486
12aHSDH%MBQ2887473_1_SDR_family_oxidoreductase__Bacillota_bacterium_,-0.031044517,-0.06631367,0.025267862,0.022309013,0.0056051095,0.01799779,0.0013759369,0.015424429,0.034181967,-0.011031299,-0.01510629,0.007035887,-0.0099993525,-0.0406573,-0.06363091,0.021408956,0.010659609,-0.020888014,-0.042518325,-0.024809385,0.00087010406,0.022289516,0.034571696,-0.022401765,-0.02796849,0.020232644,0.014422558,0.021424938,-0.008841927,-0.002613702,0.010158821,0.03035073,0.08434034,0.0056686555,0.045608405,-0.004573223,-0.08780759,-0.01520851
12aHSDH%MBQ4339583_1_SDR_family_oxidoreductase__Bacillota_bacterium_,0.06964204,0.06076205,0.025345046,0.075594164,0.0025609701,-0.024070784,-0.014284832,-0.003126283,-0.0024916267,0.08865507,0.033990223,0.05834403,0.09173378,0.084246166,-0.040194865,-0.056409523,-0.045881942,0.010015327,-0.10376515,0.07496135,-0.038568947,-0.039167397,-0.070428975,-0.061199907,-0.024320934,0.022606753,0.041366104,0.0636386,0.059867736,-0.05864666,-0.1495633,0.005907931,-0.11636437,-0.0013097286,-0.043257475,0.020137556,0.019848997,0.06969502
12aHSDH%MBQ4566268_1_SDR_family_oxidoreductase__Oscillospiraceae_bacterium_,-0.10256855,-0.1052778,0.07050244,-0.054719668,0.049427394,0.06688395,-0.056261614,0.10343866,0.08054237,-0.10432425,0.035091177,0.011691435,-0.09211606,-0.14496595,0.09698736,0.092985906,0.048429366,-0.08582075,0.0019276774,-0.12798597,-0.018639395,0.105027445,0.13870996,0.093431264,0.0051032193,0.07152417,0.04498111,0.030300893,-0.03262328,0.08051961,0.094670445,-0.032104347,0.10783213,0.057259724,0.12275001,0.017890995,-0.14158703,-0.11023255
12aHSDH%MBR0327374_1_SDR_family_oxidoreductase__Clostridia_bacterium_,0.032021116,0.015455714,0.09175219,-0.056326523,0.1270356,0.054604735,-0.040908035,0.06716615,0.03178348,-0.061621834,-0.13271251,-0.14057226,-0.21765709,-0.021688098,0.05248402,0.054608777,-0.01793576,0.036898267,0.092278115,-0.035414934,-0.01655546,0.20122235,0.16011113,0.10188797,0.13434075,-0.06501835,-0.012644982,-0.01897518,-0.055278357,0.14873199,0.066611044,0.014857169,-0.0533761,0.21875143,0.1022,0.08720544,-0.12028813,0.019676
12aHSDH%MBR6816818_1_SDR_family_oxidoreductase__Clostridia_bacterium_,-0.007821639,0.038706698,0.062422253,-0.05700901,0.07423945,0.041597415,0.023792477,0.030910004,-0.06173951,-0.044060234,-0.034484494,-0.055942666,-0.09835646,-0.031244798,0.08519949,0.008253113,-0.029338527,0.006970749,0.012647918,-0.033073537,-0.053329036,0.13488294,0.15680896,0.06907532,0.13380852,-0.0056871115,0.008882494,0.032680437,-0.020022094,0.036392402,-0.028328622,-0.04054658,0.12076862,0.09132103,0.08750483,0.0007925837,-0.07227653,0.0035753497
12aHSDH%MBR6823493_1_SDR_family_oxidoreductase__Bacillota_bacterium_,-0.045289323,-0.024567619,0.05062373,-0.03996817,0.03037294,0.052977074,-0.021596834,0.034827795,0.008462235,-0.056006555,-0.022456598,-0.023734104,-0.08044732,-0.054015353,0.06867088,0.0725908,0.037187118,-0.0039684954,-0.001661507,-0.071572356,-0.036210865,0.08747984,0.11013074,0.09722549,0.05583894,-0.015345099,-0.01967643,-0.05862765,-0.06311556,0.07226183,0.05077125,-0.004560907,0.089233264,0.07851423,0.08537361,0.008181673,-0.08595664,-0.041056093
12aHSDH%MBR7146259_1_SDR_family_oxidoreductase__Oscillospiraceae_bacterium_,0.008099178,0.050935887,-0.09604117,0.013052667,-0.10524508,-0.16707346,0.044505358,-0.09487483,-0.05093588,0.04368487,-0.0051052957,0.010762293,0.06285054,0.062157918,-0.1300031,-0.10994463,-0.116184235,0.053037897,0.094058655,0.09909392,0.032159045,-0.03252187,-0.085168146,-0.036527004,0.067979194,-0.02767256,-0.013482679,0.02015381,0.0515041,-0.087372325,-0.038504377,0.06908842,-0.05328338,-0.038615208,-0.084772654,-0.031410325,0.078543946,0.07592104
12aHSDH%MCH5186073_1_SDR_family_oxidoreductase__Oscillospiraceae_bacterium_,-0.075917676,-0.035338514,-0.01403539,-0.024421344,-0.028551947,0.020108897,0.016303787,0.022068992,0.019185899,-0.021579353,0.07459678,0.06898631,0.027358288,-0.025364827,-0.030086476,0.010170908,-0.036996108,-0.04609532,-0.0016959944,-0.013958923,0.00837883,0.012406319,0.0048484085,0.0026658287,0.01681078,0.08317978,0.06897456,0.07259461,0.07081804,-0.03705923,-0.0051929867,-0.03155196,-0.0025386054,-0.038035844,-0.015629942,-0.04907458,-0.021844024,-0.034973193
12aHSDH%MEE0965876_1_SDR_family_oxidoreductase__Bacilli_bacterium_,-0.025277339,-0.0061108745,0.052607622,-0.07461478,0.08162894,0.046313982,-0.028263425,0.039644785,0.022730537,-0.08102091,0.012661205,0.014059546,-0.08601938,-0.04699881,0.076268695,0.07242439,0.07869244,-0.01666299,-0.055461645,-0.040937066,-0.09445449,0.05891715,0.061261803,0.10246378,0.0085991165,0.015227789,0.03706625,0.004772823,0.057242326,0.08110562,0.032433987,-0.065095924,-0.0137572875,0.06336242,0.016271735,0.016861508,-0.037155118,-0.023176908
12aHSDH%NCB62655_1_SDR_family_oxidoreductase__Clostridia_bacterium_,0.015735487,-0.06453476,0.02692442,0.0011485192,0.037372913,0.03308616,-0.003098173,-0.0015995449,0.015704859,0.02104174,-0.081164464,-0.08006177,-0.023904096,-0.025483456,0.027534526,0.056392148,0.066034675,0.053906973,0.043052606,-0.019617973,0.031970005,-0.040476188,0.057962913,0.009612192,-0.014249468,-0.0710459,-0.086713724,-0.085884914,-0.09289382,0.044864617,0.048262257,0.05197777,0.043244373,0.05587153,0.085099734,0.03214301,0.045204874,-0.035490915
12aHSDH%WP_103229430_1_SDR_family_NAD(P)-dependent_oxidoreductase__Clostridium_sp__chh4-2_,0.13164753,0.08569533,0.031722073,0.03383391,0.0455922,-0.01565778,-0.076736934,0.0051973867,0.035233755,0.055789065,-0.063128054,-0.100297764,-0.04016705,0.08114613,0.01952616,0.0042130146,0.05406763,0.024215052,-0.024565898,0.04486693,0.0042992197,0.016276214,-0.068910986,-0.025425598,-0.05422451,-0.07547112,-0.09088607,-0.037866734,0.018037807,0.024690952,0.040778846,-0.02653025,-0.10058587,0.012916216,-0.017877415,0.14472899,0.08362471,0.047496296
12aHSDH%WP_160708750_1_SDR_family_NAD(P)-dependent_oxidoreductase__Enterorhabdus_sp__P55_,-0.008720763,-0.07948665,0.1121147,-0.08946498,0.13178214,0.07124876,-0.13806294,0.11442774,0.13979858,-0.033440094,0.0016547831,-0.00678184,-0.06809658,-0.07155991,0.13112047,0.03610514,0.060885116,-0.0794782,-0.0942114,-0.12912707,-0.05993803,0.04180331,0.14131156,0.07071101,-0.11214547,0.040318064,0.0015911412,-0.06336858,-0.1003166,0.10109776,0.07826428,-0.031256985,0.1156956,0.11074324,0.114246204,0.11519782,-0.068171404,-0.102247626
12aHSDH%WP_161844252_1_SDR_family_NAD(P)-dependent_oxidoreductase__Pseudoflavonifractor_sp__524-17_,-0.010666365,-0.069451116,-0.032857943,0.0025799703,-0.01913243,0.062615044,0.0399179,-0.016509319,-0.0116412435,-0.022116013,-0.011494273,-0.012736478,-0.010967744,-0.017550584,0.025744416,0.06675086,0.043309573,0.043132644,0.0021090955,-0.03139238,0.027681759,-0.04908991,0.017461345,0.0013115681,0.022094255,-0.015564894,-0.018547615,-0.022531873,-0.048527494,0.018966073,9.6718595e-06,0.036179338,0.014249051,0.01331706,0.018753974,-0.020435054,-0.0042123166,-0.034170784
12aHSDH%WP_249318265_1_SDR_family_NAD(P)-dependent_oxidoreductase__Yeguia_hominis_,0.034536168,0.026241465,-0.0006925685,-0.047098737,0.031105714,-0.030933429,-0.008419624,-0.02464692,-0.033551782,0.0008097166,-0.06590256,-0.07147265,-0.059892107,-0.013872189,0.025321824,0.0052706394,0.020618921,0.039436407,0.027588079,0.020818586,-0.017593239,0.04210242,0.022696173,0.032044813,0.011657141,-0.048659373,-0.046532795,-0.047036134,-0.03614592,0.035623267,0.03255135,0.016182745,0.020205162,0.054599427,0.01982057,0.03643298,0.022910647,0.041062117
12aHSDH%WP_251178417_1_SDR_family_NAD(P)-dependent_oxidoreductase__Adlercreutzia_agrestimuris_,-0.003688567,-0.005741479,-0.040939655,0.111725785,-0.06217442,-0.047001563,-0.013295577,-0.025163721,-0.02816916,0.003777017,0.052303564,0.059591755,0.09694613,0.06708069,-0.05942296,-0.076710016,-0.1016888,-0.01575976,0.01573811,0.021094618,0.059530627,-0.026450126,-0.029355511,-0.05503523,0.002670872,0.028972998,0.037463237,0.06921435,0.015922893,-0.08996715,-0.09511614,0.032598384,-0.010602591,-0.015565414,-0.018278655,-0.07427648,0.020584244,0.027822768
12bHSDH%GENOME225741_180,0.0043912064,-0.068223305,0.06978258,-0.042076174,0.06642356,0.06109978,-0.026322033,0.054179035,0.03586931,-0.07204218,-0.034551367,-0.050488092,-0.1091311,-0.07633361,0.081716344,0.09795571,0.12497416,-0.0038092085,-0.05157689,-0.0824255,-0.020054229,0.049747378,0.07615768,0.05418113,-0.029216502,-0.022432623,-0.02815267,-0.035051078,-0.046225637,0.11201828,0.09979112,-0.010285332,0.014955688,0.07377392,0.08347115,0.072506495,-0.091363125,-0.06602899
12bHSDH%MDD6456291_1_SDR_family_NAD(P)-dependent_oxidoreductase__Lachnospiraceae_bacterium_,0.016058277,0.03911823,-0.0293477,0.064685605,-0.08793907,-0.088135526,-0.042914923,-0.028622871,0.007452741,0.034735654,0.026506916,0.05191027,0.07888051,0.06735414,-0.16800413,-0.054874606,-0.038567554,-0.013183961,-0.044923283,0.050011396,0.00097059266,-0.031567227,-0.06968486,-0.03968425,-0.01564575,0.022240726,0.038242064,0.0349121,0.042137004,-0.07671163,-0.024332406,0.014077019,0.0013535351,-0.049971,-0.048373405,-0.027321834,0.02397689,0.043554965
3aHSDH%3aHSDH%HJB56827_1_3-oxoacyl-ACP_reductase_FabG__Candidatus_Flavonifractor_intestinipullorum_,-0.035297465,0.0926166,-0.029369105,0.0626359,-0.059106067,-0.046283394,-0.017914945,-0.023283362,-0.014258616,-0.0031388132,0.052519895,0.066921994,0.054197222,0.058379117,-0.08525205,-0.057652153,-0.08069723,-0.05874758,0.009447795,0.04212815,0.013117523,0.0101138,-0.047737237,-0.0019522856,0.024429157,0.046939947,0.049690686,0.04710668,0.06971129,-0.07614522,-0.059398018,-0.038277756,0.00042021926,-0.059080735,-0.067333266,-0.09190445,0.011311045,0.04292922
3aHSDH%3aHSDH%MBO5160353_1_3-oxoacyl-ACP_reductase_FabG__Lachnospiraceae_bacterium_,0.041448407,0.10236529,-0.14915206,0.13337928,-0.076193444,-0.100532204,0.0752747,-0.17713708,-0.18837027,0.07269528,-0.06402814,-0.086364,0.103235506,0.14219117,-0.053445984,-0.14275284,-0.15867242,0.042028528,0.14024052,0.11757571,0.16097939,-0.035408277,-0.10407892,-0.07424088,0.10633216,-0.098330505,-0.0940615,-0.0067868233,-0.05962994,-0.12516445,-0.10451341,0.06430824,0.026516303,-0.11726269,-0.1278108,-0.06809762,0.14365236,0.12968333
3aHSDH%3aHSDH%MBQ7891058_1_3-oxoacyl-ACP_reductase_FabG__Erysipelotrichaceae_bacterium_,-0.04558872,0.08070216,-0.2762377,0.24563242,-0.29270867,-0.13330714,0.23990826,-0.24503233,-0.27756196,0.12467016,0.047341514,0.07337017,0.3188429,0.12059225,-0.24713632,-0.18410416,-0.19781977,0.1464888,0.14691757,0.2309985,0.17899016,-0.1412353,-0.25121704,-0.20357458,0.22697723,-0.028584959,0.007559048,0.092137314,0.056259036,-0.30223456,-0.25071192,0.13244224,-0.025014823,-0.1802918,-0.22963423,-0.3057081,0.16574644,0.20234866
3aHSDH%3aHSDH%MCI8514525_1_3-oxoacyl-ACP_reductase_FabG__Lachnospiraceae_bacterium_,0.14879853,0.15563145,-0.057695974,0.08116165,0.0026910913,0.014497801,0.11342022,-0.09074988,-0.1107484,0.124648474,-0.09566988,-0.11643832,0.03345684,0.05291812,0.01806745,-0.048770107,-0.00030466763,0.09743207,0.023878947,0.1267157,0.046423372,-0.09141022,-0.11867112,-0.123304084,0.059862807,-0.11726821,-0.12287587,0.010953835,-0.009059013,-0.046230987,-0.10452532,0.059779864,-0.08833723,-0.07112402,-0.08954272,0.029413307,0.08490015,0.110087164
3aHSDH%3aHSDH%MCM1345206_1_3-oxoacyl-ACP_reductase_FabG__Muribaculaceae_bacterium_,0.052712254,0.054230276,0.037240375,-0.009823535,0.054490425,0.0030166195,0.06189999,-0.06289908,-0.07722744,0.058626514,-0.04834189,-0.07954222,-0.017090326,-0.039365664,0.17159326,-0.0134686865,0.058427338,0.14422351,-0.055154845,0.052264754,0.0090808,-0.077272505,-0.044965964,-0.063956656,-0.081168644,-0.06366817,-0.14624783,-0.17959581,-0.10092565,0.091961086,-0.011649045,0.023977125,-0.12787695,0.0692674,0.0043560076,0.04965638,0.15287276,0.05903907
3aHSDH%3aHSDH%WP_062304377_1_SDR_family_NAD(P)-dependent_oxidoreductase__Sellimonas_intestinalis_,-0.071834646,-0.041300558,0.08139064,-0.03906486,0.043334667,0.06579882,0.004730009,0.07765151,0.07484248,-0.03676885,0.02122684,0.018615665,-0.043773476,-0.103913344,0.033158936,0.061505537,0.04155472,-0.036050137,-0.009144319,-0.047337357,-0.029363343,0.04040389,0.035447612,-0.027980767,-0.07003276,0.054989047,0.012401022,0.009273432,-0.018641442,0.048903737,0.05047091,-0.016001666,0.027105652,0.006935114,0.049907792,0.026099753,-0.08828471,-0.055811916
3aHSDH%3aHSDH%WP_117582908_1_MULTISPECIES__SDR_family_NAD(P)-dependent_oxidoreductase__unclassified_Collinsella_,0.05665077,0.09638571,0.011311488,-0.030182509,-0.020298535,-0.0024079627,-0.0023455797,0.035415594,0.026816651,-0.010731771,-0.009889361,-0.04144505,-0.09087634,-0.06788669,0.025606042,-0.016575867,0.04370809,-0.0010937615,0.01657318,0.0031141127,0.0040725274,0.01241197,0.003537889,0.015840426,0.051983394,-0.031937134,-0.034484603,-0.022585453,-0.010843966,0.05704423,0.055236608,-0.008491885,-0.026080282,0.020018073,-0.016273081,0.030951796,-0.03786486,-0.0037801936
3aHSDH%3aHSDH%WP_215683787_1_glucose_1-dehydrogenase__Dorea_formicigenerans_,0.028527057,-0.0032304164,-0.0033816926,-0.0027302164,0.03314284,-0.022292163,0.014405005,-0.020905526,-0.0013394628,0.034760673,-0.08232104,-0.08796601,-0.052460182,-0.038539935,-0.0031559565,0.011130569,0.009262225,0.022317564,0.062419347,0.0402845,0.018182544,0.036364112,0.03267736,0.017844202,0.0518046,-0.034816347,-0.048422027,0.03587679,0.03379662,0.01091785,-0.011330446,0.030809099,-0.025555931,0.049822114,0.032404937,0.053872477,0.022309102,0.03913911
3aHSDH%3aHSDH%WP_226969791_1_SDR_family_oxidoreductase___Ruminococcus__lactaris_,0.043747853,-0.028539153,0.0051427362,-0.03173845,-0.028647942,-0.025648652,0.0029531724,-0.0329614,0.01525044,0.024291815,-0.075330906,-0.02150225,-0.011216058,0.015460224,-0.092410214,-0.014530208,-0.033741906,0.094877616,-0.018826775,0.021336354,0.0056984727,-0.059732575,0.029783845,0.020984277,0.046299905,-0.076530784,-0.06122008,-0.1197437,-0.110098876,0.005457541,-0.012215817,0.095938474,0.04740228,0.047385108,0.0036865538,0.010230166,0.06921887,0.03154178
3aHSDH%3aHSDH%WP_270387972_1_SDR_family_NAD(P)-dependent_oxidoreductase__Blautia_hansenii_,-0.095425546,-0.03035088,-0.012921051,0.012741456,0.0062636076,0.059326455,0.015027415,0.015825959,-0.00082894677,-0.048742827,0.05252194,0.042450678,0.028302155,-0.017119538,-0.005971368,0.038909446,0.0053977054,-0.04480894,-0.018629603,-0.043935217,-0.012300372,0.029923663,0.0044088587,-0.02845732,-0.031628657,0.07069508,0.035791233,0.07609743,0.042247944,-0.04145753,0.018052002,-0.037175182,0.071975276,-0.057487845,-0.004110305,-0.04084249,-0.056538925,-0.053724647
3aHSDH%CAG5237306_1_short_chain_dehydrogenase__Streptococcus_pneumoniae_,-0.017119385,-0.03564714,0.14617449,-0.07952119,0.15500678,0.07341856,-0.20124233,0.14960824,0.22594132,-0.06943886,-0.023101944,-0.053440295,-0.19696385,-0.075071186,0.13510528,0.08143381,0.13266149,-0.16427393,-0.09924309,-0.14756894,-0.044202432,0.1520434,0.17068788,0.122211866,-0.15193066,0.05694864,-0.030650616,-0.07151294,-0.051154003,0.1747946,0.15154451,-0.090693876,0.05898132,0.20504282,0.124823205,0.1573902,-0.1394477,-0.13239682
3aHSDH%GENOME060426_131,0.082522415,-0.03297675,-0.025640346,0.08267777,-0.06341587,-0.031848285,0.054394197,-0.06299156,-0.058119692,0.06695773,-0.07590382,-0.08133008,0.0035130524,0.028281985,-0.00637546,-0.035827268,0.0029371018,0.0617086,0.019620042,0.06267848,0.06851768,-0.016549474,-0.05457813,-0.04406024,0.054685064,-0.09397588,-0.105440035,-0.09232531,-0.05868883,-0.025268333,-0.051860005,0.051917333,0.031791743,-0.022035826,-0.023840025,0.03241651,0.029030273,0.07423634
3aHSDH%GENOME084620_3418,0.018934835,-0.12329218,-0.087027065,0.17938596,-0.06334299,0.0009026437,0.1547144,-0.09486539,-0.046953134,0.11330996,-0.089119345,-0.05081637,0.1256959,-0.022778764,-0.1554862,-0.014974276,-0.014123719,0.07295352,0.052376628,0.07729606,0.119916975,-0.15202893,-0.10522127,-0.1763098,0.013766063,-0.039036926,-0.04841374,0.08620048,-0.037563946,-0.11532924,-0.11040267,0.14112453,-0.0058204313,-0.10462334,0.0005392226,-0.0630058,0.014795605,0.060655795
3aHSDH%GENOME084674_3322,0.08856392,0.031529065,-0.10870327,0.12881003,-0.13419102,-0.09054769,0.113196895,-0.14841282,-0.12165266,0.08690848,-0.061122317,-0.060479358,0.089361526,0.08438372,-0.114892,-0.093883455,-0.08618015,0.10997405,0.094435275,0.117062956,0.12929474,-0.13086301,-0.11931536,-0.14647149,0.040382758,-0.08433719,-0.104081385,-0.036345735,-0.07259345,-0.12583138,-0.14877355,0.10230627,-0.027549546,-0.073856734,-0.05385716,-0.044564586,0.1489653,0.11463693
3aHSDH%MBQ9141038_1_SDR_family_oxidoreductase__Lachnospiraceae_bacterium_,0.038893677,-0.061608303,0.043781813,-0.018444221,0.052929685,0.0114895925,0.013045757,0.008504469,-0.023836453,-0.03883764,-0.049995974,-0.044068143,-0.0766906,-0.051660098,0.090175726,0.029227404,0.04506354,0.06163706,-0.040243085,-0.012900626,-0.05954413,0.039132934,0.068830125,0.045931168,0.040904716,-0.0418724,-0.03800665,-0.001980532,-0.013384769,0.048037916,-0.037233833,0.038760427,0.046931524,0.08802539,0.05406847,0.062301684,-0.04453404,0.01872787
3aHSDH%MCI6633699_1_3-oxoacyl-ACP_reductase_FabG__Clostridiales_bacterium_,-0.088974476,-0.06353243,0.036806017,-0.031802002,0.066288084,0.08530129,-0.06290511,0.07153461,0.051000975,-0.0952615,-0.0030130837,0.022966012,-0.071492136,-0.056965493,0.00034996372,0.11909342,0.08130721,-0.06641101,-0.06672305,-0.078987285,-0.06622391,0.108089186,0.08315588,0.07966594,-0.036902416,0.07842945,0.072737545,0.10188177,0.07496049,0.03643358,0.077084124,-0.060620528,-0.007278051,0.06465528,0.09996182,-0.009693109,-0.09001892,-0.052171856
3aHSDH%MCI6899085_1_SDR_family_oxidoreductase__Mycoplasmatota_bacterium_,-0.015715264,0.03614855,0.00021904088,-0.021088475,-0.0022180886,0.02488718,-0.05413319,0.03727556,0.022763353,-0.061292935,0.06645197,0.04591228,-0.00021770126,0.072018005,-0.014714569,0.012576703,-0.057581436,0.00011376265,0.023196748,-0.02344765,-0.05034276,0.055579133,-0.017488457,0.017522788,-0.004681303,0.03888294,0.040848926,0.028543219,0.0742507,-0.04437813,0.028666383,-0.03358306,-0.022636762,-0.05489319,-0.046468157,0.020643692,-0.016561653,-0.018037667
3aHSDH%MCI8568452_1_3-oxoacyl-ACP_reductase_FabG__Bacilli_bacterium_,-0.026120527,-0.02058734,0.09383899,-0.14744215,0.043665037,-0.019674009,-0.10563412,0.08793103,0.107264385,-0.14357531,0.016917475,0.046859875,-0.13091835,-0.13016607,0.027147232,0.039816443,0.05977626,-0.02842859,-0.08192249,-0.1254623,-0.077613056,0.035914972,0.122062266,0.084565565,-0.0637317,0.041608423,0.016307915,-0.06145732,-0.043288752,0.06680578,0.07995819,-0.059398618,0.05372872,0.11112725,0.10363684,0.053994115,-0.009568322,-0.10217967
3aHSDH%MCI8931631_1_SDR_family_oxidoreductase__Lachnospiraceae_bacterium_,-0.055551004,-0.010484209,-0.08175104,0.04307502,-0.08522943,-0.023680855,0.027438499,-0.011955556,-0.030728607,-0.042408172,0.063593954,0.08132183,0.08385948,-0.05910312,-0.106406085,-0.0024269938,0.0139532685,-0.06484015,-0.00021674768,-0.045112416,0.011995161,-0.03109274,-0.041229032,-0.025328353,0.014303813,0.0671799,0.10519162,0.1710932,0.08005687,-0.09873033,-0.0064835893,-0.029103136,0.021044753,-0.10277905,0.03819441,-0.087174214,-0.06294227,-0.015905814
3aHSDH%MCR4878926_1_SDR_family_NAD(P)-dependent_oxidoreductase__Bacteroidales_bacterium_,-0.07773775,0.004748596,0.07311647,-0.10194212,0.110385045,0.13727832,0.035429895,0.07768116,-0.04411656,-0.17897353,0.030942868,0.02482947,-0.1285743,-0.1845936,0.13552767,0.18453707,0.17594747,0.03754563,-0.044438552,-0.12849121,-0.113930315,0.14858028,0.14154191,0.11091289,0.12223706,0.040588517,0.09781252,0.08815673,0.05650114,0.13419804,0.046683062,-0.10058417,0.033921972,0.10293971,0.09930914,-0.037077382,-0.16316566,-0.06472614
3aHSDH%MDE7008868_1_3-oxoacyl-ACP_reductase_FabG__Lachnospiraceae_bacterium_,-0.1370757,-0.07685396,-0.055694357,0.023465618,-0.067241035,0.14456293,0.09999607,0.020244772,-0.14688145,-0.072545215,0.0784126,0.1607391,0.16454627,-0.114816196,-0.05293895,0.12775092,0.048692103,0.030896008,-0.05844142,-0.05344956,-0.046522856,-0.027788434,-0.0015280657,0.011277229,0.13925447,0.08852585,0.21866742,0.20914927,0.017471507,-0.089897454,-0.053745452,-0.035964828,0.045002557,-0.095857084,0.059769668,-0.22618926,-0.055798993,0.012134075
3aHSDH%MDE7282987_1_SDR_family_oxidoreductase__Lachnospiraceae_bacterium_,0.027269157,-0.07506792,0.055145536,-0.02187883,0.045593996,0.020949455,0.027856462,0.024081776,-0.013349502,-0.012786025,-0.0093466155,-0.013570649,-0.027108936,-0.07488238,0.06764649,0.048636913,0.059859205,0.048606977,-0.05086163,-0.00046154961,-0.05779856,0.009997911,0.05359354,0.02478522,0.026961701,-0.0021272139,-0.0025177642,0.040098637,0.019375945,0.014114708,-0.046656936,0.013147157,0.028763657,0.031892363,0.055575605,0.059627034,-0.022473589,-0.00091973
3aHSDH%MDE7415347_1_SDR_family_oxidoreductase__Lachnospiraceae_bacterium_,0.05004125,0.061265446,-0.29853135,0.29079872,-0.25687742,-0.20178406,0.21569073,-0.28763446,-0.18966813,0.16904022,-0.067573935,-0.049500912,0.25097778,0.21581918,-0.31535023,-0.23096877,-0.28800383,0.16071816,0.24300376,0.26880968,0.26995862,-0.21024492,-0.32544917,-0.31657836,0.0730642,-0.09128493,-0.13786042,0.028154809,-0.0041684853,-0.3286213,-0.2084918,0.21961471,-0.10257295,-0.24174765,-0.23058508,-0.1723889,0.24491245,0.22149763
3aHSDH%NBI02399_1_3-oxoacyl-ACP_reductase_FabG__Lachnospiraceae_bacterium_,0.11700606,-0.019005423,0.008687544,0.08653945,0.050734412,-0.0069256867,0.021881172,-0.06325673,-0.037714563,0.032291308,-0.14205627,-0.13240154,-0.03853387,0.12267394,0.013607912,-0.022532906,-0.004328363,0.10457859,0.05185463,0.04061276,0.051602896,-0.0388927,-0.044009734,-0.07113422,-0.0053208955,-0.15265217,-0.14939635,-0.11071908,-0.086764105,0.023206845,-0.03867464,0.07439813,-0.03562642,0.02895802,-0.022251748,0.096365064,0.05784662,0.058722083
3aHSDH%WP_020436139_1_MULTISPECIES__SDR_family_NAD(P)-dependent_oxidoreductase__Mediterraneibacter_,-0.021989116,-0.025025655,0.059042525,-0.124592975,0.042089175,0.09415596,-0.06800637,0.05182581,0.062459957,-0.02135137,0.004451656,0.019627774,-0.06373733,-0.018391194,0.052144278,0.09742547,0.10179788,-0.017188394,-0.14064726,-0.104404345,-0.07587134,0.060699075,0.10462318,0.11521921,-0.03437269,0.0025013792,0.0027359736,-0.13920695,-0.053388804,0.07819272,0.06677201,-0.0899005,0.09869715,0.084499195,0.09781351,0.035069823,-0.0033812365,-0.07331653
3aHSDH%WP_044950032_1_SDR_family_NAD(P)-dependent_oxidoreductase__Mediterraneibacter_gnavus_,0.09409206,-0.039109122,0.095031194,-0.037336674,0.11002387,0.0069001727,-0.1183461,0.045633778,0.06898225,-0.052242145,-0.09426507,-0.104046814,-0.13179986,0.01771004,0.0831495,0.04706407,0.07985817,0.027320145,-0.031061318,-0.0723745,-0.03833262,0.055828687,0.066045,0.022397848,-0.09202534,-0.061095513,-0.09167242,-0.086516514,-0.0767743,0.0975084,0.057313155,-0.024836592,-0.019160835,0.13001981,0.10476906,0.19502082,0.01496559,-0.017275108
3aHSDH%WP_087213392_1_MULTISPECIES__SDR_family_NAD(P)-dependent_oxidoreductase__Sellimonas_,-0.1957745,-0.05849236,0.019892877,-0.11035872,0.0013433584,0.032470133,-0.0136074005,0.09822737,0.040096566,-0.18346353,0.18462063,0.18872575,0.0037831357,-0.042550202,0.008837655,0.054703496,-0.056894556,-0.08067829,0.0047196173,-0.11008725,-0.08153891,0.095222645,0.081340484,0.06996673,-0.0016638146,0.17180482,0.19465561,0.16162781,0.14547831,-0.027945373,0.060178027,-0.064729035,0.08752349,-0.0566705,-0.0158709,-0.09728386,-0.16796312,-0.12647307
3aHSDH%WP_104968339_1_3-oxoacyl-ACP_reductase__Streptococcus_pluranimalium_,-0.08656649,-0.15460485,0.03680376,-0.041798953,0.012929469,0.054930937,0.011820188,0.070027664,0.09083721,-0.026157277,0.07634801,0.076878674,0.02491632,-0.080005005,0.026044017,0.061242413,0.04806644,-0.0060716486,-0.040345058,-0.09138298,-0.0027070893,-0.059618138,0.040798508,0.0018810418,-0.059381098,0.06441714,0.03964287,-0.003418418,0.0025968456,0.01262059,0.045953166,-0.0003646371,0.009449151,-0.0033459377,0.063357994,-0.005254164,-0.028589059,-0.13989796
3aHSDH%WP_109137584_1_SDR_family_oxidoreductase__Bifidobacterium_catulorum_,0.024800057,0.055650946,-0.11854601,0.065566175,-0.08500391,-0.058287684,0.05775418,-0.13205343,-0.12460331,0.040256623,-0.037625734,-0.043252934,0.063314274,0.078590676,-0.07010684,-0.03755418,-0.042590495,0.05848471,0.08712892,0.08286009,0.08816623,-0.0470587,-0.056743015,-0.032616373,0.05340231,-0.062610604,-0.05167403,-0.02390316,-0.025765259,-0.08950812,-0.06843276,0.03403136,0.034264773,-0.044344645,-0.044845205,-0.07741799,0.12409647,0.081939325
3aHSDH%WP_161845208_1_SDR_family_NAD(P)-dependent_oxidoreductase__Pseudoflavonifractor_sp__524-17_,-0.08591843,-0.06443712,0.11676717,-0.1222128,0.10051755,0.1423023,-0.068428375,0.12610154,0.13496798,-0.070791155,0.057114378,0.050216455,-0.08283561,-0.07675494,0.08970626,0.13220486,0.13933712,-0.08436639,-0.12567426,-0.12759274,-0.0815403,0.0670587,0.091392,0.08279886,-0.082627326,0.043457303,0.026445797,-0.05595676,0.023198722,0.09943803,0.10013628,-0.11782371,0.083289884,0.038468685,0.07599437,0.071278095,-0.06892166,-0.14856468
3aHSDH%WP_191282235_1_SDR_family_oxidoreductase__Pseudolysinimonas_yzui_,-0.08819242,0.077514045,0.05890008,-0.02392812,-0.06063439,0.019240178,-0.017690996,0.045396633,-0.009870501,-0.12811477,0.15326479,0.18447897,0.028800426,-0.040199496,-0.02531652,-0.0026061218,0.040509343,-0.0191917,-0.1332349,-0.040217634,-0.08071855,0.026027631,-0.02346885,-0.03938528,-0.033668317,0.09508828,0.10476449,0.018906916,0.05158032,0.0013996311,-0.062014244,-0.10719456,0.02356524,0.023943095,-0.057657603,-0.07982945,-0.05886765,-0.009842725
3aHSDH%WP_205009953_1_3-oxoacyl-ACP_reductase__Streptococcus_loxodontisalivarius_,-0.13742852,-0.042244382,-0.05023714,0.027397536,-0.13701124,-0.1207396,-0.016955048,-0.030329654,0.06314859,0.029667404,0.13323288,0.15032396,0.17721671,-0.041706514,-0.17119192,-0.09166865,-0.1047971,-0.09353508,-0.009040174,0.01450772,0.045940977,-0.06315794,-0.09688334,-0.11738382,-0.13030763,0.13307138,0.031865925,0.029991455,0.0542382,-0.19218205,-0.05288896,-0.012259667,0.06463077,-0.13578619,0.0075288834,-0.04348813,0.05675216,-0.012972355
3aHSDH%WP_231385278_1_SDR_family_NAD(P)-dependent_oxidoreductase__Candidatus_Stoquefichus_massiliensis_,-0.06287084,-0.047643945,0.055651642,-0.053136762,0.038057905,0.007804883,-0.015931856,0.058949977,0.027864115,-0.08884941,0.05559771,0.046232976,-0.03822318,-0.04413621,0.035733476,0.044965453,0.008948086,-0.021291012,0.004952038,-0.06912252,-0.059659306,0.05215646,0.08326237,0.02653404,-0.030814588,0.07156436,0.06754764,0.074427225,0.05250248,0.026457906,0.028793681,-0.022663664,0.027546443,0.027568318,0.06175225,0.014456822,-0.091434166,-0.06681284
3aHSDH%WP_270208025_1_SDR_family_oxidoreductase__Eggerthella_lenta_,-0.0024850692,0.011279281,-0.14437146,0.1430959,-0.1469381,-0.046969682,0.09793533,-0.13991824,-0.12754714,0.044516087,-0.02397957,-0.024838561,0.11557967,0.09630081,-0.124623135,-0.06905849,-0.107479975,0.06360354,0.1190988,0.075913295,0.14328857,-0.0851963,-0.07887196,-0.0997461,0.10846694,-0.052195244,-0.056817774,0.0031911223,-0.050820388,-0.14879905,-0.11268465,0.07707092,0.07778103,-0.09815046,-0.060536657,-0.12984769,0.08993862,0.06633446
3aHSDH%WP_289544896_1_SDR_family_NAD(P)-dependent_oxidoreductase__Enorma_phocaeensis_,-0.07554946,-0.07677491,0.114073575,-0.08742179,0.11323547,0.07894117,-0.021362372,0.099714324,0.077976465,-0.05793501,0.053367082,0.05845245,-0.03821319,-0.11469203,0.10529788,0.077145554,0.086111896,-0.06621314,-0.10723509,-0.10532787,-0.07819595,0.042488676,0.08867299,0.03437612,-0.10282158,0.08969845,0.057198714,0.024985349,-0.012491618,0.08002924,0.05707889,-0.064501196,0.029993089,0.042826872,0.07051568,0.036319073,-0.12062808,-0.099947035
3aHSDH%WP_427737837_1_SDR_family_NAD(P)-dependent_oxidoreductase__Bariatricus_sp__SGI_154_,0.025397176,-0.046781998,-0.0532386,0.03669684,-0.046879616,0.016890667,0.075687505,-0.034377854,-0.047278587,0.08313104,0.00205255,0.018079894,0.11710518,-0.0030037097,-0.014874408,0.004150385,0.00048730438,0.004514414,0.009531433,0.013889593,0.07337575,-0.16074146,-0.103318185,-0.063149035,-0.046417907,-0.015915763,0.0066668023,0.027149368,-0.04031362,-0.04687499,-0.00140078,0.038464922,-0.023843968,-0.19377136,-0.04176019,-0.03845434,0.05950608,-0.012494835
3bHSDH%GENOME124823_1686,0.14457828,-0.05111563,0.33930942,-0.42933452,0.45175347,0.23635212,-0.4393903,0.30829036,0.28800246,-0.20294899,-0.123238675,-0.11710098,-0.45641863,-0.10336676,0.5082228,0.29667285,0.36638677,-0.23741016,-0.30598477,-0.3547532,-0.26010102,0.1936116,0.40146247,0.5020107,-0.2135616,-0.049706984,0.0058325888,-0.2547077,-0.20839438,0.4934353,0.3766387,-0.2864233,0.1954266,0.26232967,0.22170357,0.369565,-0.10857294,-0.2482866
3bHSDH%WP_100933575_1_SDR_family_NAD(P)-dependent_oxidoreductase___Clostridium__innocuum_,0.056603413,0.02856086,0.059845477,-0.011861809,0.038173467,-0.063764825,-0.08427818,0.02594645,0.030405695,-0.03089463,-0.0270062,-0.04627425,-0.06237176,0.038654197,0.05214223,-0.020367498,0.009572408,-0.013939029,0.017427552,-0.023634976,-0.035728842,0.048743382,0.022509847,-0.010138476,-0.073896036,-0.016460305,-0.031135475,-0.017776653,-0.024698393,0.051713962,0.026412677,-0.016498143,-0.025444794,0.0822153,0.054134313,0.12025699,-0.023910446,0.015483379
3bHSDH%WP_186937525_1_glucose_1-dehydrogenase__Eggerthella_hominis_,0.08432561,0.06772855,-0.08694595,0.086397305,-0.10634712,-0.07420054,0.08931756,-0.12414489,-0.10054241,0.098727465,-0.08768599,-0.10126709,0.051992264,0.0846493,-0.11516488,-0.043898128,-0.021579547,0.114712656,0.11604578,0.11901701,0.12129013,-0.07497731,-0.10202831,-0.09460769,0.047076102,-0.116088696,-0.11241067,-0.04702325,-0.034500614,-0.062053584,-0.030748554,0.09366094,-0.05490771,-0.055126615,-0.05603867,-0.008248217,0.13273872,0.09641203
5AR%GENOME006039_2690,0.050631065,-0.100617126,0.1348194,-0.089917995,0.17349754,0.07753808,-0.07215477,0.114309594,0.06998511,-0.031005476,-0.09994528,-0.108005434,-0.17109585,-0.05196783,0.16763613,0.112675965,0.109411195,0.044329442,-0.037608374,-0.094646566,-0.09573187,0.10627196,0.19030924,0.1100067,0.0080998335,-0.019886356,-0.0049220817,-0.03080431,-0.06301548,0.18682894,0.091713674,-0.023142107,-0.05484516,0.25004315,0.18563543,0.12873638,-0.059889082,-0.06506696
5AR%GENOME012336_2253,-0.08965816,0.09585162,-0.122747734,0.0703295,-0.117146276,-0.04691342,-0.012718783,-0.066579826,-0.08583149,-0.056976818,0.092160285,0.123917826,0.12156047,0.04337803,-0.16367911,0.007975543,-0.022476792,-0.05554087,-0.032364108,0.026277857,-0.023373056,0.026732216,-0.06065567,0.022905162,0.019154394,0.087463416,0.14578187,0.15278164,0.10565588,-0.15236582,-0.029258702,-0.06504332,0.078285776,-0.12998128,-0.032854732,-0.19518653,0.028300453,0.05461948
5AR%GENOME078645_81,-0.011423182,0.085367,-0.064979434,0.074856855,-0.08749476,-0.07503553,0.01728184,-0.063386194,-0.06504232,0.004146653,0.03391303,0.025215311,0.05276849,0.07420604,-0.06539786,-0.077404186,-0.09911846,0.00067483785,0.045812383,0.05844692,0.064854,0.006547043,-0.0631225,-0.03930987,0.03065723,0.006896689,0.0019084247,-0.001312612,0.010987345,-0.08790681,-0.054123025,-0.002039791,0.013102259,-0.06590872,-0.060576905,-0.08615139,0.05401216,0.061142802
5AR%GENOME084343_2181,0.08212433,-0.02966381,-0.079806305,0.07497432,-0.066864476,-0.03477724,0.08853599,-0.07093621,-0.058353886,0.12242441,-0.031589948,-0.0074806614,0.13148932,0.021580033,-0.06011987,-0.01743763,0.021570124,0.1210927,-0.027028127,0.072714426,0.027220752,-0.16939558,-0.11374157,-0.07341035,-0.010150288,-0.05841449,-0.038366564,0.023604427,-0.032155428,-0.06203665,-0.027140396,0.11469732,-0.12856792,-0.06728491,-0.027603276,-0.023943717,0.08518832,0.03805592
5AR%GENOME086572_2986,-0.081845395,0.023001157,-0.061225936,0.029286325,-0.087704785,0.038615547,-0.017466202,0.010557903,-0.017900031,4.253976e-05,0.10027912,0.1232245,0.123232886,0.032160234,-0.06975729,-0.032133773,-0.08080149,-0.11391047,-0.017249824,-0.01060626,0.023366077,0.021826599,-0.04388526,0.028532768,0.06790988,0.069542974,0.09272593,0.095943786,0.08415944,-0.13430928,-0.045185804,-0.04049194,0.10684824,-0.14547855,-0.105736844,-0.10418116,-0.04698431,-0.010166258
5AR%GENOME107567_81,-0.04375308,0.049151782,0.018903373,-0.027738327,-0.050967675,-0.05096753,-0.079688035,0.030642945,0.076271564,-0.030532837,0.09922337,0.1121361,0.024274297,0.0057795807,-0.0917887,-0.007688292,0.016823491,-0.056507163,-0.0864302,-0.00049330236,-0.069264546,0.008888055,-0.032980643,0.0034547232,-0.105526574,0.07413143,0.07533,-0.00987988,0.03210684,-0.02277432,0.016765796,-0.057989236,0.03453417,-0.027497618,-0.010395548,-0.0075329994,0.006627286,-0.008090675
5AR%GENOME140582_2251,0.11427023,0.014539968,0.068798915,0.0154854,0.033978745,-0.0091699585,-0.032894,-0.00016579943,0.009561715,0.07918176,-0.08835159,-0.082418315,-0.03254485,0.02807821,0.030869499,-0.037931137,0.029216198,0.01785842,-0.012478578,0.04068484,0.01687532,0.011696553,-0.014837209,0.013011118,-0.013349231,-0.09066144,-0.098768994,-0.11872605,-0.04414434,0.06600134,-0.0036989856,0.019053454,-0.11401647,0.07924903,-0.024608746,0.102651775,0.03205332,0.057013992
5AR%GENOME142018_414,-0.011637347,0.11524886,-0.116239846,0.084512465,-0.11237218,-0.097815126,0.09898409,-0.099564545,-0.06120283,0.0408251,0.03749474,0.007761771,0.08099794,0.04905025,-0.10111743,-0.16575459,-0.15317677,-0.0134211555,0.15603374,0.11861068,0.10965371,-0.0620504,-0.15615867,-0.16924581,0.043719362,0.008894024,-0.046899937,0.03706002,0.061721005,-0.14277989,-0.1106067,0.023771515,-0.020785129,-0.13269457,-0.17375825,-0.064941555,0.05723751,0.08137424
5AR%GENOME170052_106,0.026754864,0.088827826,-0.006413533,-0.04327714,0.015983766,-0.041429073,-0.042370807,-0.019349886,0.025703246,-0.0418378,-0.008416501,-0.004859634,-0.060804833,0.040096063,-0.014896571,0.016762383,0.04503645,-0.0004835746,8.7390355e-05,0.0013273929,-0.038599577,-0.010611019,-0.021653846,-0.0071158065,-0.10659916,-0.00069255824,-0.008182677,-0.047765754,-0.012987621,0.047389217,0.039494056,-0.024667555,-0.057621527,0.046245392,0.005323155,0.021665962,0.027235454,0.015314779
5AR%GENOME179594_130,-0.14752555,0.08917525,-0.04287662,0.0060469224,-0.051699907,0.0067945756,-0.09740728,0.026969815,0.0656362,0.023994327,0.20073694,0.22859322,0.17716308,0.119228095,-0.11653437,-0.04839378,-0.13990289,-0.104778625,-0.11604316,0.011167037,-0.10413129,-0.036347724,-0.0625059,0.036548957,-0.07907109,0.17798512,0.17639837,0.027661316,0.14995955,-0.13171662,-0.010536942,-0.10190374,0.026383579,-0.14220747,-0.10858877,-0.17759472,0.05635182,-0.027291931
5AR%GENOME179896_434,-0.10088586,-0.0361686,0.003170281,-0.077644184,-0.002892105,0.0487903,-0.08200619,0.057961058,0.075166434,-0.035719797,0.119810164,0.12667337,0.06412386,-0.077361204,-0.004151478,0.004554693,0.051688913,-0.16659948,-0.11808317,-0.091798276,-0.073863626,0.020344686,-0.0029474264,0.045798182,-0.09504508,0.109923564,0.097023055,0.004549821,0.04656872,-0.034478486,0.04306289,-0.13087599,0.14757672,-0.10142869,-0.00077896967,-0.014358801,-0.046475373,-0.074201636
5AR%HIU55603_1_DUF1295_domain-containing_protein__Candidatus_Gallibacteroides_avistercoris_,-0.20602095,0.087993085,-0.1261167,-0.051514205,-0.0814929,0.1190961,-0.06944844,0.051097106,0.03600028,-0.14153576,0.21428639,0.207483,0.049572382,0.058230236,-0.062148858,0.03853157,-0.10504077,-0.15922908,-0.021103729,-0.0604111,-0.042112418,0.1298246,-0.023947522,0.09383538,0.046933856,0.18636295,0.1960138,0.12191508,0.15133986,-0.123913705,0.055148207,-0.12797105,0.09940792,-0.14551891,-0.14686133,-0.1863242,-0.12526126,-0.076190025
5AR%MBD5276024_1_DUF1295_domain-containing_protein__Bacteroides_sp__,0.013586691,0.00857865,0.014112456,-0.005297129,-0.0035935275,-0.06217206,0.005088137,0.030491505,0.041783776,0.07639345,0.050265517,0.040838357,0.07422011,0.0049413727,-0.020208351,-0.11918805,-0.037225626,-0.041585036,-0.045065604,0.033042505,0.01567832,-0.046722006,-0.060148492,-0.05424671,-0.01600247,0.018425234,0.00808006,0.019579282,0.044418,-0.028841041,-0.0074832416,0.0071332725,-0.016151864,-0.039042883,-0.08991899,0.030043423,-0.011813125,-0.01587307
5AR%MBP3601379_1_DUF1295_domain-containing_protein__Alistipes_sp__,0.02240011,0.06625755,-0.063445054,0.05335571,-0.06464143,-0.044455327,0.012874571,-0.03213286,-0.023498705,0.042023715,0.032293238,0.054559294,0.07556579,0.093035534,-0.09203887,-0.09185256,-0.094705045,0.0005059825,-0.004864819,0.081562065,0.023536231,-0.029406061,-0.10409205,-0.050034665,0.025479907,0.0052899863,0.034668732,0.0366358,0.0636925,-0.0782949,-0.051091023,0.035724215,-0.05642272,-0.055545636,-0.14628321,-0.07160467,0.013940493,0.06297247
5AR%MBR4740186_1_DUF1295_domain-containing_protein__Bacteroidales_bacterium_,-0.010123471,0.028184984,-0.1192531,0.09971373,-0.09932184,-0.04246426,0.10168354,-0.10743672,-0.11344003,0.0480579,-0.0057159867,-0.0024987909,0.09735747,0.1142489,-0.092292756,-0.084476374,-0.10826254,0.03672848,0.04788801,0.06090839,0.085486166,-0.023296086,-0.09750803,-0.10449835,0.034283943,-0.018075246,-0.014741191,0.027010115,-0.011720479,-0.115858816,-0.06411921,0.04082194,0.039594904,-0.10150505,-0.07842977,-0.09883156,0.03625362,0.061541267
5AR%MCH5217706_1_DUF1295_domain-containing_protein__Muribaculaceae_bacterium_,0.045235075,0.039760612,-0.08337726,0.07888565,-0.09493635,-0.07007052,0.06855949,-0.074085824,-0.086011864,0.06512819,-0.0033185983,-0.007323915,0.09309258,0.082357265,-0.055296335,-0.0708457,-0.060904823,0.06689036,0.035904847,0.071954444,0.06547346,-0.06731541,-0.084924564,-0.06449689,0.049139425,-0.029403735,-0.012705951,0.018678669,-0.016272375,-0.07618676,-0.04635812,0.056972466,-0.035129283,-0.066781715,-0.060607515,-0.057110347,0.06794288,0.06171211
5AR%MCR5660240_1_DUF1295_domain-containing_protein__Bacteroidales_bacterium_,-0.14178725,0.03886425,0.01245589,-0.13763666,0.052209843,0.12326379,-0.07595142,0.1275759,0.071877606,-0.13890184,0.13636494,0.12723434,-0.051997658,-0.053700466,0.04946556,0.06839017,0.00040370558,-0.12935737,-0.052236818,-0.11983799,-0.103839524,0.13998939,0.106580324,0.14159554,0.062167726,0.14049841,0.16512305,0.10024322,0.116904914,0.0069989907,0.08889412,-0.14096816,0.077993974,0.013945004,-0.0094275735,-0.072952956,-0.1472432,-0.1207833
5AR%WP_005657188_1_DUF1295_domain-containing_protein__Bacteroides_stercoris_,-0.0060356157,-0.049605545,-0.082610585,0.10135128,-0.056854583,-0.014029719,0.085220955,-0.09937382,-0.10433324,-0.028051272,-0.032822397,-0.037665423,0.034787387,0.040123224,-0.037645277,-0.0056291926,-0.05108239,0.052520324,0.11493554,0.049133006,0.09203458,-0.008003868,-0.06206223,-0.062149394,0.014815035,-0.026236584,-0.037103545,0.007998522,-0.048103865,-0.071056426,-0.06385869,0.059170473,0.022984523,-0.08958528,-0.052707706,-0.052971527,0.032945022,0.06719296
5AR%WP_300108487_1_DUF1295_domain-containing_protein__uncultured_Alistipes_sp__,0.045602158,0.095359735,-0.09310484,0.08758731,-0.07962406,-0.10325065,0.04629368,-0.107130595,-0.11324766,0.045746006,-0.014308572,-0.021510838,0.06335404,0.12989141,-0.04661654,-0.08936099,-0.08827701,0.058897138,0.06119035,0.104149796,0.054385718,-0.024266288,-0.10404011,-0.052242495,0.019905252,-0.04024805,-0.023561276,-0.019421274,-0.004081518,-0.06696561,-0.046442885,0.04117213,-0.048035532,-0.055853974,-0.09260737,-0.08151109,0.07928377,0.10600978
5AR%WP_302729833_1_DUF1295_domain-containing_protein__Bacteroides_sp__ET489_,-0.003895366,0.06594287,0.04702922,-0.086122714,0.041653667,-0.045548644,-0.090992495,0.06514238,0.08321503,-0.021582086,0.01897574,0.008436081,-0.066242546,-0.0064621298,0.05265256,-0.010737802,0.038891878,-0.09356673,0.0053049796,-0.04283389,-0.052238483,0.049062274,0.05646106,0.06679408,-0.050101046,0.029394832,0.029387016,-0.00096408604,0.004439405,0.08200306,0.08823623,-0.060704812,-0.00572215,0.095543295,0.019731326,0.049075074,-0.04571536,-0.04858608
5AR%WP_346709278_1_DUF1295_domain-containing_protein__Phocaeicola_salanitronis_,-0.029165018,-0.08560572,0.06455136,-0.054794908,0.09783359,0.114344805,-0.035844952,0.09295102,0.023588156,-0.076617815,-0.006690964,-0.0028235028,-0.09108407,-0.042604003,0.08357985,0.13522185,0.074787356,0.016026659,-0.06119307,-0.088434346,-0.09630744,0.104864456,0.15327126,0.10576827,0.063497946,0.0429639,0.080625735,0.07521853,0.013477993,0.073423,0.037320476,-0.050527077,-0.0067399335,0.13732016,0.13963184,0.011162676,-0.079969086,-0.065855496
5AR%WP_418203978_1_DUF1295_domain-containing_protein__Bacteroides_sp__,-0.09630485,-0.052442454,0.007582294,-0.024813714,0.023897944,0.043354392,0.025554603,0.02367563,0.061565086,0.007493462,0.07422819,0.03147292,0.0037515103,-0.03320144,0.04172701,0.004058419,-0.03369858,-0.070750795,0.0077319588,-0.012168598,0.025723375,-0.016377902,-0.012589672,-0.0037890607,-0.07402486,0.07427084,0.0031702924,-0.009136737,0.056695346,0.0018783703,0.050880637,-0.03275212,-0.012562525,-0.09249799,-0.029610304,-0.008730591,0.0038308445,-0.07820986
5BR%CAK7070565_1_MAG__NADPH_dehydrogenase__Parabacteroides_sp__,-0.032525733,0.07261746,-0.058924917,-0.00994069,-0.03100463,-0.030094078,-0.0103222355,-0.03727576,-0.04077431,-0.02728526,0.042822476,0.06312853,0.039893273,0.029339146,-0.039466854,-0.009001889,-0.02033686,0.005131043,-0.042697314,0.0093661705,-0.03396408,-0.000902412,-0.009795658,0.027773011,-0.014548143,0.035860803,0.05414304,0.029241392,0.022475082,-0.048193622,-0.014780696,-0.016446399,0.0141178025,-0.007976205,-0.004115432,-0.0935149,0.03892054,0.024562154
5BR%GENOME006024_4796,-0.10890336,-0.015249182,-0.0047595976,0.036062937,-0.03959967,-0.034281738,0.1683302,-0.05120891,-0.021745289,0.02593852,0.092623375,0.048828874,0.058119465,-0.09078175,0.033427306,-0.024472306,0.034895208,0.072909996,0.04584983,0.07190086,0.0143919205,-0.095365696,-0.13685521,-0.17257957,-0.13027245,0.06382536,-0.048234887,-0.03947043,0.0756624,0.025514364,-0.014633344,0.040107213,-0.17772968,-0.032231174,-0.07762155,-0.04308628,8.007251e-05,-0.006242565
5BR%GENOME141824_1849,-0.10249406,-0.012050118,0.026333965,-0.014160515,-0.058128137,0.089563735,-0.011799471,0.078434855,0.058942407,-0.073960274,0.15089947,0.18538183,0.063137114,-0.02713778,-0.05289848,0.060592152,-0.015105802,-0.065437846,-0.10573594,-0.04596847,-0.08447948,0.014100435,-0.026152542,-0.01738478,-0.065167636,0.1328618,0.124680966,0.06739185,0.054122828,-0.07385543,-0.008840769,-0.03732927,0.062094122,-0.103311606,-0.03827698,-0.07880898,-0.122845545,-0.05087921
5BR%HIX74022_1_NADH_flavin_oxidoreductase__Candidatus_Parabacteroides_intestinipullorum_,0.1813554,-0.091296874,0.068705864,0.038437787,0.076647975,-0.017883275,0.03809783,-0.022722537,-0.04430863,0.08969769,-0.21271773,-0.21802723,-0.10991129,0.018026942,0.069095224,0.026713032,0.0613948,0.16528867,0.052198388,0.03596388,0.031541742,-0.0150941815,0.09691452,-0.008933263,0.07605956,-0.14331102,-0.1367346,-0.08327812,-0.14136998,0.11414555,-0.03950843,0.09635853,-0.11110243,0.21707147,0.15253888,0.14055145,0.07464811,0.06813219
5BR%MBO7234306_1_NADH_flavin_oxidoreductase__Paludibacteraceae_bacterium_,-0.08805873,0.06885884,-0.09988465,0.079450734,-0.0948516,-0.039190523,-0.009147992,-0.045319315,-0.048470378,-0.03178126,0.124622144,0.14548616,0.13826427,0.08154051,-0.133454,-0.056784805,-0.081067234,-0.07790436,-0.032731563,0.030281203,0.0041651623,0.008223923,-0.08864175,-0.026105283,-0.00037056208,0.09501061,0.13681753,0.12927558,0.11463822,-0.14380047,-0.075500764,-0.059475936,0.036113765,-0.12143578,-0.09133721,-0.16024625,-0.0011786751,0.033610422
5BR%MBO8446450_1_NADH_flavin_oxidoreductase__Candidatus_Enterocola_intestinipullorum_,-0.1173501,-0.04063456,0.009946611,-0.019144265,0.03466346,-0.025330042,0.05376659,-0.008062476,0.05785791,-0.017589038,0.030101387,-0.010880895,-0.033072755,-0.07195695,0.032338902,-0.039721526,-0.06393347,-0.040701106,0.103710234,0.01363948,0.049211774,0.02141906,-0.012654679,-0.05614039,-0.096991,0.05009621,-0.0619028,-0.033502575,0.04646428,-0.0052854335,0.042262383,0.015286751,0.00267019,-0.03509098,-0.031378537,0.005779785,0.0028721562,-0.04806885
5BR%MBQ8101082_1_NADH_flavin_oxidoreductase__Paludibacteraceae_bacterium_,0.04871064,0.054367427,0.020076104,-0.023472404,0.037845146,0.036207397,0.022067776,0.009148671,0.0110458,0.029152539,-0.051055875,-0.0687222,-0.057257343,-0.034650043,0.055989385,0.0027688222,0.0464046,0.0041300682,-0.0075883972,-0.0045874533,0.011562922,-0.011769916,0.012201054,-0.030659623,-7.06093e-05,-0.04188888,-0.06679987,-0.015630227,-0.0347823,0.04565558,0.0036715316,-0.0045821145,-0.0053810943,0.036211777,0.018718606,0.05586733,-0.010822534,-0.005767959
5BR%MCD8287651_1_NADH_flavin_oxidoreductase__Porphyromonadaceae_bacterium_,-0.0043413322,0.04480405,0.019936012,-0.06576406,0.03717422,0.07510908,-0.03168321,0.009245506,0.017363036,-0.09811867,0.034413803,0.024569973,-0.070674345,-0.03742887,0.058098674,0.089010306,0.09334003,-0.026034195,-0.04732193,-0.0635468,-0.04645493,0.0022202833,0.027950626,0.040159363,-0.064282,0.015066896,0.010977133,-0.06235139,-0.056868453,0.049373165,0.0035877544,-0.08759089,0.049733367,-0.010941526,0.026328264,0.012615919,0.004531985,-0.03696697
5BR%MCF0197806_1_NADH_flavin_oxidoreductase__Bacteroidaceae_bacterium_,-0.060439933,0.020722656,0.08473819,-0.14391184,0.045009088,0.035309426,-0.05814558,0.09199432,0.08983701,-0.042261716,0.106193505,0.098393515,-0.02896859,-0.06500924,0.054816898,0.08234847,0.0632662,-0.03926027,-0.07771697,-0.05199161,-0.12828207,0.034450028,0.06311191,0.08675816,-0.07283912,0.085590124,0.08832915,-0.0015684179,0.032343224,0.07664432,0.07347344,-0.07306636,-0.03442727,0.022930223,0.055898804,0.04918993,-0.048364572,-0.07431741
5BR%MCH5231198_1_NADH_flavin_oxidoreductase__Muribaculaceae_bacterium_,0.14212607,0.11704984,0.056847855,0.062015936,0.011949032,-0.020401921,-0.039907902,0.016713306,0.038304344,0.1282397,-0.008737685,0.0006097094,0.060867816,0.068113916,-0.02510467,-0.09669154,0.012126042,0.008106925,-0.07680994,0.097026445,-0.028608646,-0.082279034,-0.12366832,-0.073500566,-0.053478837,-0.06503665,-0.031997148,-0.022641959,0.03307904,0.017597858,-0.07324966,0.011315099,-0.18398447,0.009855541,-0.11457611,0.078458466,0.04453547,0.071445815
5BR%MCQ2066925_1_NADH_flavin_oxidoreductase__Bacteroidaceae_bacterium_,0.08611113,-0.0086937165,-0.029200587,0.028576277,-0.013909773,0.013181247,0.05974841,-0.04147845,-0.03300164,0.073786914,-0.04964129,-0.040052656,0.04098097,-0.0035471637,0.0032730654,0.025801372,0.057259034,0.13812628,-0.041714497,0.03644117,-0.013673319,-0.14644594,-0.043275576,-0.049085617,-0.032679003,-0.061524887,-0.07028244,-0.042901225,-0.06524141,0.0025492846,-0.0062172506,0.09688594,-0.09199898,0.015839353,0.0128863035,-0.0039956146,0.08145765,0.010125989
5BR%MCQ2271787_1_NADH_flavin_oxidoreductase__Bacteroidales_bacterium_,0.038855165,-0.094610155,0.09007625,-0.049996972,0.15840498,0.006367641,-0.01200375,0.043876573,0.0805182,-0.011562136,-0.11275154,-0.1804023,-0.19616586,-0.06543433,0.20749703,0.05167111,0.100925446,0.037085596,0.083222955,-0.06391783,0.049415525,0.03104282,0.1252147,0.055788364,-0.077742435,-0.05287397,-0.12086099,-0.11212629,-0.07608496,0.21755238,0.14617285,0.02030782,-0.14144082,0.20636883,0.13215567,0.13562046,0.0170202,-0.087310165
5BR%MDD5892138_1_NADH_flavin_oxidoreductase__Bacteroidales_bacterium_,0.005221356,0.037302393,-0.050119564,0.003506722,-0.053668637,-0.08152713,0.04747639,-0.023597598,-0.06760132,0.013753571,0.043362707,0.01440147,0.05014178,0.00864867,-6.0703594e-05,-0.07340639,-0.077983394,0.023711469,0.07470923,0.05243735,0.020946369,-0.0095705725,-0.027262006,-0.020971555,0.046684045,0.041637555,0.043164168,0.084684364,0.0352355,-0.047844943,-0.0038324713,0.030880556,-0.04336073,-0.046238452,-0.05021153,-0.05152863,0.020182261,0.03897107
5BR%MEI7492181_1_NADH_flavin_oxidoreductase__Bacteroidota_bacterium_,-0.037953593,-0.007378134,0.07500401,-0.104141474,0.12504315,0.15688185,-0.14822893,0.104364045,0.104510166,-0.13769187,0.012099595,-0.002528677,-0.18935944,0.006668794,0.15539475,0.16749272,0.192465,-0.17668895,-0.12647374,-0.13302231,-0.094385594,0.2037631,0.18931969,0.28047696,-0.04079638,0.048986092,0.091538735,-0.019963687,-0.02697284,0.19445974,0.13020462,-0.16664629,0.08743386,0.17794484,0.043365426,0.013022218,-0.13185935,-0.101043195
5BR%MEZ3591839_1_NADH_flavin_oxidoreductase__Muribaculaceae_bacterium_,0.13056017,0.100013316,-0.13124499,0.11875533,-0.1613132,-0.18317842,0.06645915,-0.15951611,-0.15787616,0.10892569,-0.09288005,-0.10243723,0.078643605,0.15544723,-0.1475711,-0.13097332,-0.07979956,0.115462095,0.11590635,0.15230027,0.1211081,-0.059962578,-0.1116882,-0.080102704,0.09928267,-0.120392725,-0.07825314,-0.04626928,-0.07964278,-0.084680535,-0.04522327,0.09570729,-0.03260615,-0.031970408,-0.067065336,-0.04834991,0.14636587,0.16286473
5BR%WP_008142631_1_NADH_flavin_oxidoreductase__Phocaeicola_coprophilus_,-0.028738534,-0.22041033,-0.03274809,0.06818881,-0.027503658,-0.009771629,0.11272246,-0.035792924,-0.028669048,0.021895707,-0.049025048,-0.038525168,0.041486125,-0.0701437,0.041466888,0.035971474,0.0017273725,0.102429494,0.0754749,-0.018109096,0.09440264,-0.13622804,0.01009876,-0.052428294,-0.021654204,-0.0077081556,-0.059910405,-0.0121353,-0.119538024,0.002519072,0.012799736,0.14469881,-0.036272768,-0.007369452,0.07158688,-0.044886295,0.042473637,-0.043263074
5BR%WP_182654491_1_NADH_flavin_oxidoreductase__Alistipes_indistinctus_,-0.028775683,0.0070982743,0.13567838,-0.07680141,0.10357291,0.015899954,0.012970949,0.0940413,0.13690911,-0.03464465,0.028601289,-0.02937569,-0.12759118,-0.13521989,0.060751475,-0.030002687,0.023571527,0.0021216816,0.00877532,-0.013715726,-0.04426308,0.039670277,0.032812707,-0.08374429,-0.08561154,0.03187178,-0.06279937,-0.04646911,0.06406253,0.0909261,0.041981827,-0.017824044,-0.05864615,0.07960077,0.019931123,0.12693714,-0.059318956,-0.06732563
5BR%WP_250710077_1_NADH_flavin_oxidoreductase__Bacteroides_fragilis_,-0.22470602,-0.03629454,-0.0061296197,-0.044732243,-0.06568281,0.0719825,0.049990278,0.057838913,0.07461625,-0.03676948,0.22251372,0.20479012,0.1309745,-0.101530984,-0.067350596,0.0066272067,-0.09549728,-0.101927325,-0.01063584,-0.05830271,-0.02098807,-0.06995824,-0.058509722,-0.08436817,-0.103330806,0.18987828,0.116228946,0.04359074,0.09529016,-0.122453175,0.01936803,-0.07339924,0.09531228,-0.26419374,-0.009416719,-0.11416759,-0.034193333,-0.11932905
5BR%WP_259010233_1_NADH_flavin_oxidoreductase__Parabacteroides_distasonis_,-0.14947388,-0.015725024,-0.06651981,-0.021607082,-0.10659981,0.057399098,-0.026778433,0.005129543,0.03860032,0.012317172,0.20540436,0.23466715,0.19576101,0.058696285,-0.09305418,-0.02510377,-0.12214166,-0.12367869,-0.1005241,-0.0024389739,-0.022739736,-0.08447257,-0.09180274,0.0019122026,-0.06508773,0.14697632,0.12158301,-0.0016372479,0.07293091,-0.17653781,-0.04922356,-0.0769683,0.12133936,-0.25094634,-0.13410641,-0.13924396,0.045390587,-0.056582157
5BR%WP_279088787_1_NADH_flavin_oxidoreductase__Alistipes_putredinis_,0.008855572,0.03222091,-0.052712187,0.029411051,-0.039490655,-0.06483321,0.052056912,-0.049730137,-0.059948944,0.030223586,0.023642395,0.017697526,0.06115575,0.04546052,-0.0028482238,-0.04762332,-0.043448538,0.05926451,0.007001927,0.04421174,0.016921204,-0.054676086,-0.05255437,-0.039334804,-0.022172537,0.013001387,0.007985382,0.0034614997,-0.012456221,-0.036829814,-0.008754178,0.038521413,-0.062935315,-0.024033256,-0.030865155,-0.06939467,0.052018672,0.030241197
5BR%WP_295936477_1_NADH_flavin_oxidoreductase__uncultured_Alistipes_sp__,0.024953809,0.110818475,-0.07018317,0.08177696,-0.08659253,-0.08809359,0.025633845,-0.082193755,-0.08448837,0.026602251,-0.0067139803,-0.0119413,0.044067252,0.08687487,-0.07643407,-0.11196321,-0.112403534,0.00959174,0.072265,0.08202879,0.09589284,-0.00011088043,-0.056136284,-0.036964513,0.09340858,-0.041806947,-0.031411096,-0.021731002,-0.010784339,-0.086117804,-0.08196973,0.011228506,0.02159705,-0.039283887,-0.0831758,-0.08225575,0.06858256,0.08445766
5BR%WP_300285921_1_NADH_flavin_oxidoreductase__uncultured_Alistipes_sp__,-0.032145783,0.0016859872,0.03496419,-0.049349446,0.03961989,0.07450961,-0.021733709,0.077112816,0.0028784182,-0.048412453,0.020151133,0.011946716,-0.06413846,0.03283434,0.036050726,0.04976436,-0.042315573,0.017241511,0.007540002,-0.031023914,-0.037708066,0.11389851,0.115494184,0.08519695,0.13184719,0.039141342,0.08533856,0.06236454,0.033895027,0.029695785,0.01925967,-0.0489609,-0.028661003,0.10214418,0.038945682,-0.032727525,-0.03369578,-0.035159063
5BR%WP_302380465_1_NADH_flavin_oxidoreductase__uncultured_Alistipes_sp__,-0.08415992,0.08528186,-0.11521124,0.050752196,-0.13115686,-0.07934294,-0.008291141,-0.055871442,-0.059226796,-0.029248726,0.11448704,0.13249178,0.12375528,0.047065005,-0.15737933,-0.028351696,-0.0528732,-0.04419741,-0.017290127,0.044343162,-0.0072253984,0.013887456,-0.07410755,0.0101853525,0.002311823,0.09625773,0.14110433,0.12962592,0.09898319,-0.13798423,-0.02659857,-0.04462373,0.010063274,-0.104471855,-0.046525978,-0.1684517,0.040803943,0.050284892
5BR%WP_394671717_1_NADH_flavin_oxidoreductase__Muribaculum_sp__,-0.016155837,-0.0773889,0.12780151,-0.0396085,0.092358865,-0.036236078,-0.027199922,0.054332517,0.1334493,0.0492026,-0.0010484334,-0.04822149,-0.07178176,-0.058661994,0.08250139,-0.026105564,0.01655345,-0.043575235,0.018228875,-0.01575078,-0.036107063,0.025267178,0.022431958,-0.050914768,-0.16380315,0.035545837,-0.08244863,-0.103291534,0.030850837,0.09011735,0.031750128,-0.025343336,-0.06587378,0.070276245,0.08252984,0.16687712,-0.023922045,-0.046801154
5BR%WP_418992344_1_NADH_flavin_oxidoreductase__Alistipes_sp__,0.01874425,0.07173161,-0.045608208,0.010561333,-0.028162567,-0.035299443,0.022544883,-0.046606336,-0.05005782,0.010807331,0.008588814,0.011972028,0.02886665,0.034070276,-0.023241548,-0.015530768,-0.008994955,0.05424231,-0.01934052,0.041653432,-0.0030446777,-0.034092892,-0.028567383,-0.01623777,-0.016892789,0.008461964,0.0139441965,-0.0027306797,-0.010822264,-0.028840166,-0.016104402,0.006352063,-0.04186719,0.0012325472,-0.015394019,-0.06732249,0.07537265,0.042010933
7aHSDH%EOW9602512_1_SDR_family_NAD(P)-dependent_oxidoreductase__Escherichia_coli_,-0.21365629,-0.0009230751,0.07216034,-0.14680517,0.06632954,0.1766311,-0.14349608,0.15862483,0.08037365,-0.2504946,0.16222806,0.13771123,-0.120249026,-0.11058655,0.15086147,0.22241035,0.19422442,-0.2379578,-0.12894444,-0.25216404,-0.14268427,0.21077286,0.24652249,0.27195206,-0.006853578,0.18080276,0.21965136,0.104934625,0.02365821,0.12525845,0.15797338,-0.2634611,0.22777516,0.10334573,0.16638672,-0.09535198,-0.17710456,-0.19638838
7aHSDH%GENOME011662_3430,-0.0089778025,-0.069813445,-0.0041125836,0.035441067,-0.0040681874,-0.0032510632,0.04700804,-0.00083942764,-0.016844742,0.04447807,0.0065907403,0.003638239,0.05777553,-0.009869017,0.0059412513,-0.016185947,-0.019405069,0.009245833,0.016884157,0.022290926,0.036110573,-0.016315402,-0.041760806,-0.04114275,-0.015667822,0.008343627,0.008923489,0.04794356,0.014913583,-0.015592525,0.0023189248,0.045532636,-0.061613247,-0.042839013,-0.026093502,0.0030391628,-0.030219546,0.005665334
7aHSDH%GENOME067790_2714,-0.0060552075,-0.09283753,0.010509168,-0.018939354,0.035284176,-0.024627842,0.037384123,-0.019053677,-0.018955562,-0.050511107,-0.08943451,-0.08440659,-0.085082464,-0.012407391,0.04694491,0.007821233,-0.021207971,0.056722537,0.094536394,-0.047981538,0.05287446,0.024797823,0.06620371,-0.010386158,0.03784425,-0.06416314,-0.08060997,-0.04743169,-0.08290139,0.05297605,0.01931587,0.070621304,0.027920397,0.082952216,0.066021115,0.048555396,-0.03318,-0.02486012
7aHSDH%GENOME070302_884,0.01625155,-0.026525822,0.03310627,-0.016494533,0.020825,-0.08822663,0.009237934,0.013289411,-0.035135504,-0.031596024,-0.010520131,-0.032355186,-0.033344314,0.0009476796,0.043859653,-0.019855743,-0.033393264,0.058122598,0.08829804,0.0066382308,-0.032025494,0.05380552,0.03542657,0.0049378537,0.011868403,-0.0024328553,0.0055783447,0.060169667,0.056741476,0.031968936,0.031535164,0.050840367,-0.076440655,0.055503607,0.032706752,0.04850508,-0.046902608,0.009338751
7aHSDH%GENOME086444_1757,0.011169468,-0.015020276,-0.03927266,0.007244015,-0.034170352,-0.08779131,-0.0017471218,-0.03434812,-0.034169987,0.02885527,0.002699803,0.0076850043,0.052552342,0.04723198,-0.050274324,-0.047697257,-0.023524333,-0.009035872,0.016289001,0.04099291,-0.013737797,-0.019610142,-0.042096615,-0.005606616,-0.016483242,0.007926654,0.029724887,0.030268883,0.02267429,-0.028671222,0.022209456,0.02144335,0.020927837,-0.045686778,-0.03764031,-0.020132747,-0.0045975223,0.031877585
7aHSDH%GENOME103762_694,0.018655928,0.067607634,-0.012924101,-0.025352996,-0.0024907056,-0.02884991,0.036714304,-0.018154208,-0.047053862,0.025199158,-0.0011814798,-0.038159344,0.0050223963,-0.0007708777,0.028036484,-0.031351034,-0.046352994,0.015478376,0.056228496,0.051323835,0.019228669,0.018618204,-0.033049256,-0.027252438,-0.0029889524,-6.7293586e-05,-0.02249595,0.008920291,0.006054797,-0.012691976,0.0280119,0.012726311,-0.024567068,-0.06853147,-0.033956494,0.0089121815,0.04747163,0.041613817
7aHSDH%GENOME150027_3593,0.031279933,0.043599702,0.088025406,-0.06651852,0.09900251,0.043715715,-0.15537435,0.08583463,0.106397346,-0.02988468,0.014125399,-0.03158679,-0.087756254,0.013364507,0.095554754,0.051388707,0.08395698,-0.107778266,-0.0878176,-0.08341391,-0.052639224,0.05049776,0.077719286,0.0439512,-0.10864773,0.02180206,-0.0081472,-0.036419243,-0.037680883,0.08233431,0.08212331,-0.10804939,0.08798736,0.04386715,0.08991959,0.14965144,-0.017727995,-0.06107291
7aHSDH%GENOME215422_1346,-0.090098485,-0.053324535,0.10252384,-0.13346374,0.0644885,0.034108397,-0.14399616,0.12313214,0.14978735,-0.11440627,0.0685091,0.060413323,-0.09930912,-0.107661,0.07812684,0.06685069,0.0696281,-0.11178004,-0.054155484,-0.1418394,-0.10776883,0.08595733,0.1338028,0.10331993,-0.10260248,0.09120726,0.060747314,-0.049866103,0.004401113,0.08358891,0.089835845,-0.10261051,0.07983366,0.11498973,0.123906314,0.06728427,-0.058897395,-0.1266623
7aHSDH%HAY2965420_1_SDR_family_oxidoreductase__Escherichia_coli_,-0.17564812,-0.052710004,0.06903718,-0.102184646,0.06942448,0.17075823,-0.07271486,0.12232212,0.046948284,-0.20081824,0.12881967,0.1108988,-0.10789929,-0.09578168,0.15915512,0.20630988,0.18972807,-0.14602531,-0.114873126,-0.1738747,-0.12396372,0.18231235,0.21711719,0.23885767,0.01381335,0.15330161,0.19849734,0.090070836,0.018316824,0.15734504,0.11326588,-0.18001255,0.10807946,0.16537824,0.108153954,-0.105418384,-0.17968725,-0.13828334
7aHSDH%HEX5818085_1_7-alpha-hydroxysteroid_dehydrogenase__Gemmatimonadales_bacterium_,-0.007844973,0.014749695,-0.054957464,0.052718636,-0.0550847,-0.0043713157,0.057923216,-0.044743165,-0.048370633,0.03436326,0.03289047,0.02920298,0.075358555,0.04346773,-0.04528817,-0.04417145,-0.05993067,-0.0031988225,0.039702993,0.046416625,0.080928214,-0.043338448,-0.07813798,-0.050834514,0.01733062,-0.0050821174,0.007920412,0.0357785,0.045353264,-0.06458932,-0.061260086,0.013410274,-0.061813895,-0.07636015,-0.07893167,-0.04999692,0.042662624,0.023562254
7aHSDH%MBHC130__Clostridiales_bacterium_1_7_47FAA_,0.009339486,0.0070710196,0.029060729,-0.024429278,0.033651806,0.009738515,-0.07637234,0.016468504,0.028013699,-0.016338143,-0.03661671,-0.029267581,-0.04186318,0.013340363,0.016011782,0.026572786,0.019697689,-0.008308751,-0.010741741,-0.03045064,-0.018945903,0.046332985,0.049251843,0.05058469,-0.018368574,-0.021914259,-0.032224756,-0.03920925,-0.016463112,0.0293073,0.028641557,-0.0054708812,0.02681417,0.070321836,0.039161943,0.05112253,0.009117723,-0.011097392
7aHSDH%MCI7810995_1_SDR_family_oxidoreductase__Clostridiales_bacterium_,-0.030560136,-0.014881469,-0.050902348,0.00015214604,-0.025406843,-0.030962313,0.02832573,-0.023732705,0.009387328,0.016047528,0.030409751,0.0325169,0.026405193,-0.007671427,-0.028616168,-0.02385508,-0.036124635,-0.010357128,0.020796573,0.034840513,0.0281807,-0.031483304,-0.059837036,-0.015949432,0.008733627,0.032274842,0.024287732,0.031680927,0.051757887,-0.037075695,-0.024962792,-0.0032018877,-0.0686944,-0.045307722,-0.051161494,-0.027617922,0.040459394,0.014857861
7aHSDH%MEO8122524_1_7-alpha-hydroxysteroid_dehydrogenase__Burkholderiales_bacterium_,-0.1618984,0.031475604,0.18637295,-0.19721767,0.16952094,0.22006005,-0.08972395,0.20308109,0.06941342,-0.3177532,0.07944902,0.033199742,-0.31025887,-0.107492685,0.26839858,0.26194608,0.22307333,-0.1392016,-0.045652103,-0.2599087,-0.15023638,0.31548852,0.36055472,0.31966487,0.08191469,0.11057974,0.176923,0.051149994,-0.0073142154,0.3017982,0.17752661,-0.26278466,0.10347548,0.3189186,0.19669229,-0.056757208,-0.23083557,-0.19515163
7aHSDH%WP_003507641_1_7alpha-hydroxysteroid_dehydrogenase___Clostridium__symbiosum_,0.02704951,-0.052863173,0.07037925,0.033963192,0.086106256,-0.015131932,0.0038154912,0.042518936,-0.037071418,-0.028794525,-0.04842866,-0.0514008,-0.067543834,-0.0012675741,0.006541057,0.04695286,-0.019492054,0.063954785,0.0033842335,-0.021682248,-0.020005124,0.08565401,0.1635227,0.05618479,0.1253047,0.029861353,0.09343972,0.17452934,0.04269387,0.045073204,-0.037267543,0.012284652,-0.068050005,0.1551537,0.1460071,0.003719021,-0.064284585,-0.0018170932
7aHSDH%WP_025075670_1_7alpha-hydroxysteroid_dehydrogenase__Bacteroides_faecichinchillae_,-0.119430915,0.07116858,-0.11658015,0.018761868,-0.12412763,-0.045533862,-0.02066305,-0.0027511672,0.0043564206,-0.018307496,0.16322693,0.19304618,0.16613293,0.053189512,-0.18343848,-0.085674025,-0.14783613,-0.11553145,0.012297393,0.039381515,0.011426156,-0.0129261855,-0.11821263,-0.012467295,0.026566457,0.12838823,0.16901875,0.18249442,0.18102337,-0.17599507,-0.0018223646,-0.0201552,0.008314664,-0.19123216,-0.19669238,-0.17121796,-0.020641375,-0.006229724
7aHSDH%WP_071121323_1_7alpha-hydroxysteroid_dehydrogenase__Romboutsia_timonensis_,-0.05028341,-0.07715811,0.12200445,-0.08392021,0.09346372,0.11375551,-0.047750477,0.12042629,0.13213669,-0.013592231,-0.012062436,-0.012240616,-0.080293186,-0.10243392,0.09618371,0.097310744,0.09705408,-0.049561057,-0.057591427,-0.12011603,-0.053578746,0.026964508,0.11091903,0.032046396,-0.086973906,0.01231317,-0.02174386,-0.07043992,-0.08116566,0.11639762,0.1084917,-0.016804451,0.078929074,0.07022124,0.12801605,0.08934022,-0.09435187,-0.12934943
7aHSDH%WP_262434703_1_7alpha-hydroxysteroid_dehydrogenase__Jilunia_laotingensis_,2.0277575e-05,0.06589412,0.07013605,-0.024068663,0.073283575,0.043129526,-0.046831083,0.03768408,0.07672774,0.046888504,0.008539958,-0.030926066,-0.059639126,-0.0021102817,0.05117502,-0.020680701,-0.0068883365,-0.096981674,-0.038101017,0.012520144,-0.024839247,0.0660259,-0.018221095,-3.5594945e-05,-0.08311962,0.018880012,-0.051000956,-0.05088053,0.08367535,0.027708687,0.009445387,-0.08237764,-0.024255225,-0.025046073,-0.019944021,0.100137405,-0.014095417,-0.0051293606
7aHSDH%WP_288686302_1_SDR_family_NAD(P)-dependent_oxidoreductase__partial__uncultured_Bacteroides_sp__,0.01017951,-0.07374724,-0.02257405,0.051114105,-0.016257817,-0.00986013,0.029102452,-0.019858383,-0.023384722,0.0488807,-0.030223446,-0.010230387,0.0654828,-0.042509347,-0.019995196,-0.009417836,0.013461683,-0.030428398,0.02168857,0.0075886226,0.042418204,-0.044108078,-0.03862539,-0.03770479,-0.01424292,-0.006351969,-0.009410131,0.06620137,0.01420253,-0.04845538,-0.021236815,0.03771019,0.023219509,-0.072390914,-0.006710634,0.012276496,-0.019593084,0.018801397
7aHSDH%WP_303013929_1_7alpha-hydroxysteroid_dehydrogenase__uncultured_Bacteroides_sp__,0.0023313696,0.0023891435,-0.018342549,0.026709737,-0.017422043,-0.005623731,-0.011663404,0.02463059,0.026127301,0.0107933255,0.03418854,0.062136747,0.06016104,-0.049691867,-0.094170935,0.009315636,0.05863457,-0.07005903,-0.0522282,-0.010832736,-0.025532944,-0.031459514,-0.051145382,-0.014438233,-0.011253204,0.042603668,0.08130776,0.1652462,0.12097243,-0.05174584,-0.004204278,-0.020182744,-0.031325683,-0.069611594,-0.018505007,-0.012206756,-0.0564847,-0.013911056
7bHSDH%GENOME075272_507,0.05276593,0.033783153,0.041954722,-0.038144138,0.046950255,0.016359577,-0.053793408,0.051436055,0.09407186,-0.0127311675,-0.009692789,-0.013410616,-0.088642605,-0.03227099,0.017762493,0.042979322,0.10606988,-0.009194833,-0.05907367,-0.045806512,-0.033494342,-0.0078043174,0.034619488,0.018574713,-0.05855053,-0.0038421222,0.0055765877,0.0024265042,0.02441002,0.093865804,0.031141108,-0.042923898,-0.112420015,0.13243398,0.07597693,0.056310445,0.0039434195,-0.03825632
7bHSDH%WP_394860677_1_7beta-hydroxysteroid_dehydrogenase__Mediterraneibacter_gnavus_,-0.050680384,-0.07969722,0.057224832,-0.06675114,0.046201468,-0.022707796,0.0010624138,0.044613957,0.022403907,-0.10080749,-0.0012594946,0.021993347,-0.07762455,-0.019594785,0.024453085,0.026107678,-0.0141548775,0.022200625,0.016244631,-0.075366154,-0.055670418,0.056824416,0.08329629,0.013930861,-0.0152794635,0.038557447,0.033188704,0.04559198,0.0241415,0.048409306,0.020295843,0.0058437185,0.003930103,0.07927632,0.06591301,0.032824486,-0.09161527,-0.049397912
BSH1%UPI0001652BA3,0.05013997,0.042788677,-0.04259949,0.03374587,0.0064337067,-0.020888634,0.015140084,-0.018288359,-0.031061038,0.050666742,-0.022882733,-0.034368888,0.011738496,0.04157043,0.0053913677,-0.05526197,-0.059795156,0.022148104,0.039234355,0.0665448,0.022363074,0.011306597,-0.044191662,-0.028561592,0.074954376,-0.009821146,-0.0010171178,0.047122892,0.041348137,-0.04612862,-0.053884238,-0.0008840684,-0.07159631,0.001528063,-0.067913085,-0.001339914,0.04510409,0.05420402
BSH1%UPI0001B1C28E,-0.21882652,-0.121824294,-0.00075864425,-0.065249644,0.014969484,0.15423702,-0.052695923,0.15019418,0.09240995,-0.10855216,0.2179015,0.24639073,0.09757537,-0.07066787,-0.03820892,0.12821396,0.003637425,-0.14482576,-0.1252575,-0.11638111,-0.12998939,0.0920807,0.0751619,0.09811425,0.027165396,0.24380554,0.29520932,0.25549272,0.18250062,-0.0914953,0.032054465,-0.13952571,0.055980988,-0.075147875,0.036445387,-0.13617821,-0.14711156,-0.14690141
BSH1%UPI0001DE6025,-0.06308762,0.047230188,0.061223373,-0.13408835,0.07794326,0.06833079,-0.11045552,0.103031546,0.09743053,-0.056309722,0.08411377,0.0802441,-0.041720644,0.0067225434,0.05870685,0.021763787,0.06171978,-0.14945354,-0.11645939,-0.10867416,-0.114781484,0.06927128,0.07536426,0.078091785,-0.056873728,0.08474057,0.08778011,0.0067351838,0.07361951,0.06359802,0.06419309,-0.15860388,0.081855424,0.056636043,0.018492186,0.027387924,-0.07550383,-0.10125116
BSH1%UPI0002624191,0.04543063,0.02343955,-0.059268832,0.085803956,-0.061101183,-0.0771618,0.008393865,-0.07891587,-0.070606194,0.023976639,-0.07256033,-0.056973476,0.02788237,0.052717905,-0.11248755,-0.058878027,-0.01033233,-0.009196872,0.046179276,0.047732692,0.059481233,0.0032448994,-0.05497564,-0.04397343,0.01979456,-0.0556098,-0.03974158,0.03126897,0.007125653,-0.045518693,-0.011661873,0.040204164,0.014069736,-0.015331999,-0.038512193,-0.005228468,0.0021736047,0.08568404
BSH1%UPI0002CB0E7D,0.05765767,-0.029705022,-0.022961887,0.0513359,-0.007747768,-0.0465409,0.020043606,-0.03028076,-0.052481823,0.031251427,-0.055624276,-0.037958287,0.026478963,-0.03142829,-0.03498491,-0.01099666,0.025073675,0.02112465,0.0038791224,0.030135186,0.0093926,-0.020272981,-0.019834485,-0.0065919627,0.042225808,-0.029171696,-0.0014502853,0.10390844,0.02852762,-0.025982894,-0.029327132,0.057716534,-0.03716681,-0.0010099207,0.0060250475,0.01599436,-0.020036366,0.05102409
BSH1%UPI00033F0DE9,0.011277879,-0.05370639,-0.07141207,0.09164698,-0.056525696,-0.022119248,0.08215941,-0.07771495,-0.07892107,0.02617681,-0.06313689,-0.060772263,0.032101896,0.022216424,-0.041965757,-0.014221527,-0.033556208,0.06355209,0.09318078,0.06410201,0.08897894,-0.022895304,-0.06456664,-0.039429236,0.039253846,-0.05606593,-0.059566174,-0.007875845,-0.025754083,-0.04453741,-0.007354572,0.08891415,-0.018700698,-0.061167184,-0.053445715,-0.04624085,0.04507497,0.059624534
BSH1%UPI0003A10C39,-0.012893767,0.12541069,-0.09954321,0.06997088,-0.1152719,-0.121627614,-0.023015564,-0.0704737,-0.0580734,0.019283317,0.07772191,0.10267598,0.12711884,0.1118489,-0.17928164,-0.10148678,-0.09822622,-0.025073443,-0.0067991377,0.093158245,0.014156628,-0.007738305,-0.09672785,-0.01964557,0.04717108,0.03912516,0.09638133,0.10383514,0.115866534,-0.13505597,-0.078075625,-0.021582844,-0.03776114,-0.06927488,-0.10411491,-0.117982596,0.06374509,0.08529815
BSH1%UPI00044AC395,-0.10654722,-0.0016455763,0.004268671,-9.190701e-05,-0.03113286,0.014939628,0.059523594,-0.0027836806,-0.007743442,0.015147438,0.09429678,0.08647507,0.0800931,-0.03620699,-0.076892,-0.046737324,-0.13645639,-0.013595926,0.014431628,0.027191764,-0.007893791,-0.0041029095,-0.041218985,-0.085786246,0.009198005,0.093139544,0.04043967,0.0249236,0.093496025,-0.12950854,-0.086383,-0.042460497,0.055608187,-0.15688938,-0.010903058,-0.047168694,0.015261893,0.00523048
BSH1%UPI0004BCDDD9,-0.044543635,0.070366904,0.043010402,0.0027534186,-0.0033795768,-0.023344234,0.01806124,-0.011977736,0.04015409,0.014605551,0.044664912,0.02091779,-2.2282935e-05,0.017331878,-0.047391426,-0.08340582,-0.12478213,0.00080069003,0.07063301,0.05134233,0.032923583,-0.013955807,-0.07617267,-0.12060938,-0.048351932,0.0011734287,-0.07653847,-0.109885365,0.04037705,-0.049613085,-0.059818964,-0.021473614,-0.023481473,-0.07961895,-0.05710253,0.05019314,0.04919696,0.017756917
BSH1%UPI0004D69CD5,0.11552051,-0.016544454,0.022708366,0.074642986,0.028321411,-0.032296997,-0.004593786,-0.023360599,-0.010127312,0.060356356,-0.0961053,-0.07321327,-0.0019756276,0.025685947,-0.020199476,-0.019956548,0.047743477,0.048029676,-0.025589,0.040284168,-0.001080703,-0.025400927,-0.042524137,-0.054448027,-0.044689298,-0.06935892,-0.059739526,0.016108459,-0.016367076,0.025628513,-0.033077925,0.07732906,-0.10868481,0.072573215,0.0021164888,0.08576959,-0.028449109,0.0660419
BSH1%UPI0004D6A0E9,0.16947779,0.12952727,0.03696581,-0.0008418122,0.035767637,-0.037845448,0.010788534,-0.012008338,-0.008457926,0.10207405,-0.048898462,-0.058076847,-0.004885556,0.0070131742,0.025558801,-0.06318268,0.01936271,0.06397564,-0.024612846,0.101270825,-0.034211215,-0.0718649,-0.059736777,-0.067291275,0.009290173,-0.06905022,-0.071856834,0.0021184448,0.038114697,-0.003282019,-0.108046874,0.018184595,-0.15472554,0.048318543,-0.043214,0.10556367,0.08470836,0.08131188
BSH1%UPI0004F8D610,-0.02522369,0.10397774,-0.06275846,-0.009896095,-0.07091722,-0.047572218,-0.0268953,-0.019477244,0.0019381593,-0.019104542,0.07883891,0.1120992,0.073887564,-0.00076919823,-0.14495903,-0.017997952,0.015405028,-0.081387475,-0.051341224,0.012019497,-0.033308536,-0.03459648,-0.07250956,-0.0013138712,-0.025569139,0.05253536,0.09345903,0.113251105,0.11196845,-0.08592377,-0.01805558,-0.060871772,-4.4865832e-05,-0.0921213,-0.051607415,-0.07295458,0.019949147,0.015100937
BSH1%UPI0005DBBD01,-0.022643568,-0.077191204,0.05689071,-0.06919769,0.0496567,0.084646136,0.032930944,0.058886603,0.072483316,0.012078915,-0.012159098,-0.0075430227,-0.047034394,-0.04486471,0.09127766,0.07297053,0.06663055,0.022974603,-0.010895011,-0.028085757,-0.04051634,0.0065898723,0.023854552,0.010950852,-0.040207997,-0.022308744,-0.021158952,-0.061827615,-0.022836173,0.104316995,0.0677704,0.03309129,-0.03133043,0.050830416,0.018583564,0.05096066,-0.07400952,-0.058718175
BSH1%UPI00070D1B8F,-0.1704956,-0.02350326,-0.061213814,-0.018661981,-0.06321138,0.07987717,-0.0047916276,0.012415932,-0.0014163592,-0.13211118,0.14889036,0.15401648,0.050163187,0.0035015107,-0.039428964,0.04794035,-0.048663706,-0.08369242,-0.006780363,-0.04914667,-0.020804198,0.03617677,-0.014260032,0.045615297,-0.0024489001,0.107277155,0.11941917,0.03891463,0.06058933,-0.080470294,0.020929992,-0.067082785,0.14104918,-0.14283814,-0.08610277,-0.15278284,-0.04550069,-0.062491708
BSH1%UPI00073AFD00,0.18482642,0.04519169,-0.018124571,0.087015994,-0.074111864,-0.14759588,0.030210378,-0.07907631,-0.076087974,0.15404266,-0.09612676,-0.0836303,0.06671237,0.08912205,-0.06051108,-0.08962557,-0.008898912,0.14453195,-0.027189776,0.12304774,0.03197537,-0.09293052,-0.080503486,-0.06398898,0.032987144,-0.10998592,-0.10626668,-0.04422785,-0.023188056,-0.0329632,-0.056507412,0.12150161,-0.13337284,0.044034634,-0.01564764,0.06288397,0.10929912,0.118694544
BSH1%UPI00076E9CCB,0.14590037,-0.03321061,-0.0137809105,0.1018807,-0.0070952894,-0.059916075,0.06672977,-0.082686014,-0.08666303,0.10739264,-0.13672295,-0.12922665,0.022349598,0.032944456,0.00473943,-0.059944905,-0.010872648,0.13236581,0.046280146,0.10032576,0.0684653,-0.07250201,-0.060610734,-0.08049468,0.016395837,-0.12100118,-0.135919,-0.044058338,-0.060520932,-0.010912738,-0.06629625,0.13759023,-0.109064035,0.037499435,-0.03135679,0.06259151,0.07396426,0.10660751
BSH1%UPI0007933BD5,0.20424801,0.08404094,0.089950025,0.008595659,0.0456555,-0.034569927,-0.07224423,0.024511194,0.06948947,0.10898348,-0.12044747,-0.11006233,-0.06584019,0.007930306,-0.04892298,-0.024322817,0.09704877,0.02560142,-0.07763046,0.04474683,-0.037635222,-0.042775806,-0.026661895,-0.049642753,-0.033605203,-0.103667825,-0.10311917,-0.0515687,0.0032164222,0.05692765,-0.033013996,0.017021138,-0.076227784,0.09328473,0.019623168,0.188794,0.0315806,0.059652787
BSH1%UPI000801FF16,-0.063024126,0.026423963,0.0030838156,0.00019843382,-0.003268856,-0.04976978,0.0045734234,-0.0016177128,0.06897593,0.04822809,0.07443385,0.029309476,0.033531804,-0.025659941,-0.010043711,-0.07784964,-0.076242566,-0.054904595,0.051776405,0.04860866,0.047529005,-0.03749419,-0.079922326,-0.06652297,-0.07714582,0.0414911,-0.03934832,-0.047658972,0.08698609,-0.04184334,0.008887231,-0.02248706,-0.040457774,-0.10194281,-0.073352635,0.019228537,0.057269126,-0.031080734
BSH1%UPI00093BFB8C,0.013061932,-0.045965638,0.00018541087,0.033985615,0.017835125,0.042265553,0.062931366,-0.039966866,-0.09591621,-0.09714001,-0.0756038,-0.08198209,-0.08577656,-0.008588838,0.03455817,0.06635427,0.00043944016,0.0852035,0.09132447,-0.015861394,0.035518512,0.05630417,0.065669626,0.0024280038,0.044031143,-0.0352409,-0.027851533,-0.0017296205,-0.10157528,0.031157935,-0.011810493,0.036538515,0.026496485,0.028672744,0.054256953,-0.017509183,-0.0124845505,0.035370067
BSH1%UPI000949473C,0.010946598,0.01741743,-0.017858362,0.0034809082,-0.03552243,0.01587999,0.033817604,-0.013159164,-0.016450338,0.034429573,-0.009756654,-0.008146836,0.03551269,0.07008627,-0.019605733,-0.00023592953,-0.007055436,0.031903148,0.003017961,0.021864383,-0.018861776,-0.020404708,-0.017587379,-0.02591031,0.009161043,-0.025944166,-0.010745709,-0.025098076,-0.022711838,0.0033554065,0.01718809,0.03683086,0.023689892,-0.008636365,-0.020861099,-0.026918104,-0.012133657,0.003358688
BSH1%UPI00095B1DAC,-0.023702214,0.002703675,-0.004259114,0.084878355,-0.0655679,-0.07529415,0.13064885,-0.05295583,-0.026602918,0.13884725,0.08548243,0.07359254,0.19401787,-0.010412293,-0.14137582,-0.12133464,-0.15513001,0.056357127,0.054431807,0.13714269,0.047760163,-0.15818001,-0.15322565,-0.21423756,-0.008062296,0.043947455,-0.014426001,0.0367017,0.10924786,-0.18800744,-0.16359125,0.048199836,-0.047141638,-0.23409712,-0.06719576,-0.013191061,0.08551466,0.04964861
BSH1%UPI00095C7CBB,0.06630925,0.15233237,0.07637499,0.007354777,0.01409525,-0.054617353,-0.15783137,0.05016071,0.07456175,-0.003922235,0.014044918,0.005531273,-0.04130076,0.036966976,-0.038921002,-0.09008074,-0.018893104,-0.13949463,-0.013459349,0.03525569,-0.021674806,0.08013665,-0.040864468,0.021051578,-0.056977835,-0.007640055,-0.0035916283,-0.015002966,0.07036358,0.021254933,0.004933216,-0.069648124,-0.03801182,0.012822704,-0.099543594,0.08989072,-0.017319813,0.052825455
BSH1%UPI000A00C8F6,-0.11051429,-0.006200747,-0.017901443,-0.053057708,0.02656253,0.10905807,-0.00249874,0.035179313,0.00797363,-0.06933243,0.059812132,0.079072215,0.010155696,-0.062243056,0.03473593,0.082077496,0.032547932,-0.079633325,-0.037306428,-0.07479578,-0.06595645,0.050499596,0.034797013,0.07678461,-0.004236775,0.055714738,0.07272836,0.07662243,0.06768561,-0.018964902,0.014534019,-0.05523368,0.08999191,-0.052670825,0.02907542,-0.06394315,-0.07804396,-0.05438695
BSH1%UPI000BCCCB22,0.031462368,0.09371819,0.06412427,-0.10948101,0.055641837,-0.01741277,-0.08999173,0.03149337,0.058117922,0.010082605,0.0076198266,0.026357863,-0.03390343,0.0055438755,0.029620556,0.024904454,0.030722715,-0.011998964,-0.06601317,-0.0027792898,-0.12364317,0.008165224,0.047661815,0.087876044,-0.047428332,0.0027520824,0.015478062,-0.058542382,-0.0019187812,0.066742174,0.022825079,-0.042592205,-0.017959341,0.06275481,0.027600076,0.06540664,0.021827139,0.008753784
BSH1%UPI000BD3EFD5,-0.03870503,-0.06489613,0.15638788,-0.17966406,0.17020063,0.122526646,-0.06850627,0.14396304,0.06762473,-0.10476011,0.006908034,-0.010519071,-0.15731521,-0.08073242,0.16965626,0.1406442,0.14432678,0.0029050417,-0.10534373,-0.1553162,-0.15673693,0.14676572,0.24244799,0.16979374,0.003417798,0.044924546,0.0783149,-0.0383202,-0.032903265,0.19651264,0.13064995,-0.11959568,0.018903887,0.23545131,0.19205675,0.05973196,-0.08792021,-0.1278598
BSH2%UPI0001599717,0.12351352,-0.01562342,0.0034578126,-0.04448959,0.05141676,-0.08102148,0.09595602,-0.07221792,-0.05918713,-0.004795527,-0.21939802,-0.25580615,-0.19659388,-0.01003941,0.08596662,-0.0073899706,0.015663473,0.19876863,0.1819411,-0.0075654495,0.097063296,0.035707828,0.045172516,-0.06666437,0.029172422,-0.20599861,-0.23539509,-0.18688323,-0.18813387,0.1340305,0.09721479,0.1539203,-0.02481067,0.13676077,0.09789453,0.15550724,0.015169581,0.025969965
BSH2%UPI00017C25E3,0.039972212,0.0052150656,-0.007176684,0.050913285,-0.04557231,-0.054610256,0.0016955432,-0.0404289,-0.042644225,-0.012092437,-0.031174863,-0.011732645,0.0044131624,0.022716295,-0.086411744,-0.007259269,0.0057365857,0.045756273,-0.042396273,0.017432483,0.013011494,-0.004078799,-0.009863001,-0.014965763,0.015307212,-0.02189502,-0.006575166,0.008351365,-0.032831043,-0.015430751,-0.009591681,0.044398546,-0.0025176546,0.014217832,0.009711041,-0.010547831,-0.013348612,0.0463236
BSH2%UPI0001C1C05D,-0.0076383287,-0.0059745773,0.10269147,-0.18893684,0.16324781,0.18194817,-0.015816912,0.114328906,0.07549585,-0.19488369,-0.0012729769,-0.029253908,-0.24694261,-0.20389515,0.16667633,0.19373037,0.18944697,0.04731304,-0.10701257,-0.17782806,-0.09794427,0.106462695,0.20008759,0.12143738,0.034954637,-0.011677985,-0.027722348,-0.03356948,-0.03105232,0.16653107,0.1240229,-0.05491575,0.08713783,0.11882253,0.10992424,0.07294354,-0.13473369,-0.16600472
BSH2%UPI0001CF4F1D,-0.008606585,-0.06271522,-0.023389857,-0.048757516,0.04098909,0.07072474,0.049974993,0.012254644,-0.02645674,-0.014689417,0.033532757,0.03902098,0.028933212,-0.05746777,0.013804844,0.07163408,0.05550642,0.04193203,-0.08541703,-0.015087819,-0.06206882,-0.007972915,0.029117882,0.034121986,0.07408744,0.04609344,0.083143376,0.12470434,0.0816711,-0.0036173952,-0.02616009,-0.012472021,-0.088759445,0.03330708,0.019398069,-0.020651828,-0.03140044,-0.016693123
BSH2%UPI000335FD2D,0.025294116,0.084422566,-0.023841886,0.038002923,-0.020823983,-0.030096496,-0.015439128,-0.0130629875,-0.025062805,0.004223935,-0.0025009485,-0.013484292,-0.008023475,0.03658984,-0.028359987,-0.03407134,-0.03578808,-0.009879265,0.027563795,0.036840126,0.03152478,0.025743552,-0.012452787,0.010627833,0.07125265,-0.013015018,0.00080665393,0.037815575,0.06668736,-0.022690134,-0.019530749,-0.015054166,-0.045551557,0.012620988,-0.030025434,-0.035801653,0.017242767,0.030894281
BSH2%UPI00033F049A,0.05776327,-0.048396945,-0.09452631,0.14426374,-0.07516055,-0.14016849,0.056823615,-0.117550746,-0.06740091,0.09111422,-0.09004044,-0.09995106,0.073055245,0.08128262,-0.07160926,-0.11887997,-0.102883615,0.055727676,0.14646198,0.09186328,0.16258116,-0.09360362,-0.095913626,-0.11164911,0.023063509,-0.08875881,-0.10971155,-0.035295583,-0.092457734,-0.06596562,-0.04097611,0.12900701,-0.010167573,-0.055648774,-0.0476035,-0.0033190849,0.09048482,0.08068125
BSH2%UPI00038B932A,0.046904087,0.006946836,0.05845021,-0.022823121,0.049270924,-0.0010592475,-0.085022815,0.041762404,0.026892912,-0.009699705,-0.008376702,-0.015381944,-0.01795361,0.008088709,0.058950856,0.0552862,0.06991084,-0.01249138,0.007515731,-0.020903137,-0.09601465,-0.007697425,0.028197294,0.083697185,-0.062316824,-0.006903349,0.028726583,-0.00316022,0.0003945056,0.07827283,0.079981424,-0.00010428939,-0.005353764,-0.0056617046,0.02639932,0.05102597,-0.028409118,-0.008143432
BSH2%UPI000396CDDF,0.17866959,0.01862853,-0.07356068,0.0801205,-0.029546577,-0.14636698,0.023293342,-0.13074127,-0.03449788,0.1417467,-0.19362715,-0.19500329,-0.0020521032,0.19312103,-0.053804208,-0.16418262,-0.12994039,0.16100524,0.13228816,0.10720268,0.13963999,-0.07215605,-0.12129839,-0.16931993,0.01595471,-0.19098172,-0.246296,-0.1789437,-0.11836454,-0.03934228,-0.063509166,0.15204945,-0.1147922,0.08463624,-0.056343023,0.15766852,0.16110483,0.12863863
BSH2%UPI00050FFCF5,-0.017318495,-0.017501948,-0.0064508724,-0.047015566,-0.0018936428,0.0020269013,-0.022297552,0.017118717,0.029243836,-0.030598659,-0.015277744,-0.019029967,-0.038954973,-0.07088998,0.034621432,0.0026420625,0.04616586,-0.033021744,-0.010604769,-0.06692861,-0.00064696075,-0.013890139,0.048165716,0.01637668,-0.030442264,0.0014888813,-0.017799981,-0.027506704,-0.07175782,0.038801283,0.056709602,-0.010636752,0.069274336,0.04513952,0.067888185,0.005615176,-0.0068189893,-0.047193516
BSH2%UPI0005DCCFF2,0.08477102,0.03631571,-0.17890602,0.13572593,-0.12288081,-0.1355406,0.14758082,-0.20555866,-0.19824615,0.1257414,-0.11556091,-0.114488624,0.10446157,0.13850285,-0.09469045,-0.15231745,-0.15066154,0.14398263,0.13274395,0.1592926,0.16942196,-0.08516086,-0.15174708,-0.12878367,0.10993602,-0.14137805,-0.14330688,-0.056159273,-0.0770643,-0.1296513,-0.096167624,0.14730646,-0.016401988,-0.08510198,-0.12463017,-0.065485455,0.1520645,0.15775996
BSH2%UPI0006649122,-0.11151338,-0.008033093,0.049873125,-0.027527671,-0.008199761,0.0059543275,-0.0667531,0.096774906,0.097248316,-0.06631679,0.12645149,0.111155726,0.0015018914,-0.06726263,-0.010446217,0.0062462543,-0.0014058107,-0.12688519,-0.05303727,-0.07707713,-0.043745503,0.051785413,0.054298826,0.010910146,-0.06325326,0.14630446,0.109822,0.09922987,0.08821924,-0.021355774,0.028247971,-0.09630376,0.06876396,-0.0033164714,0.048674367,-0.03456195,-0.08586869,-0.09071974
BSH2%UPI0006C0EB58,0.115567505,0.005059838,-0.029447112,0.10765565,-0.07608739,-0.10145913,0.05907168,-0.10344826,-0.037617486,0.12866908,-0.11074966,-0.087444104,0.038593188,0.06328442,-0.15572454,-0.0739746,-0.038620822,0.086292595,0.06775345,0.12569968,0.10251484,-0.084924795,-0.087004445,-0.09458557,0.06327904,-0.122014895,-0.1257699,-0.06242558,-0.01589901,-0.07264533,-0.124903776,0.09848413,-0.039328527,-0.019567845,-0.03505403,0.05976931,0.09135999,0.11256207
BSH2%UPI0006C1ADDE,-0.07182999,0.049172163,-0.16637477,0.09496307,-0.12530665,7.6943084e-05,-0.007877472,-0.081382275,-0.076439045,0.01829506,0.094888866,0.10152938,0.1739045,0.18737069,-0.11644417,-0.049579695,-0.13999672,-0.04552504,0.03875288,0.030726597,0.051762883,-0.014734762,-0.1094122,0.0061190487,0.065365456,0.047577754,0.087087534,0.04196519,0.06933883,-0.16501674,-0.03919525,-0.02068799,0.033201937,-0.1709978,-0.13869877,-0.17198059,0.039639167,0.02048678
BSH2%UPI0006C28698,0.056458354,-0.02495051,-0.07905621,0.13762248,-0.11945761,-0.13984491,0.06926055,-0.13668822,-0.09305899,0.038473967,-0.087076455,-0.07655528,0.049533058,0.0686272,-0.111911885,-0.13797992,-0.14273438,0.071798824,0.15780556,0.09702242,0.19135073,-0.06886878,-0.07614514,-0.092562325,0.097110644,-0.12746125,-0.13158405,-0.09084197,-0.106261626,-0.08525586,-0.11359796,0.13182737,0.018451232,-0.038653765,-0.06707751,-0.032157056,0.1199996,0.106021136
BSH2%UPI0006C52F45,-0.09390053,-0.0335127,0.13327035,-0.17717722,0.08425114,0.051575206,-0.14451203,0.15516324,0.16389218,-0.12513371,0.08869202,0.08669129,-0.10017237,-0.14729443,0.104537,0.09824283,0.10189536,-0.14999984,-0.054060955,-0.16264488,-0.1281801,0.042117838,0.13774963,0.107179165,-0.15114269,0.10533291,0.0899488,-0.009018484,0.003842576,0.10877797,0.12074523,-0.11745324,0.08857369,0.051462278,0.14191274,0.078867815,-0.08049244,-0.15992932
BSH2%UPI0006C5C844,-0.07109693,-0.0698315,0.10779136,-0.121450044,0.052745476,0.054021727,-0.09844555,0.14575978,0.15033995,-0.0632832,0.0979774,0.10249468,-0.01703749,-0.14626828,0.06362604,0.07465455,0.08869846,-0.14884044,-0.060214676,-0.14773227,-0.08475585,-0.062373012,0.09295092,0.047746535,-0.15186995,0.120149754,0.11414444,0.045361847,-0.0045305956,0.06460637,0.08795588,-0.09129439,0.05648098,-0.023022825,0.13326538,0.041267022,-0.05959887,-0.1609247
BSH2%UPI0006CAB5AD,-0.08676325,-0.13345492,0.0012743063,-0.09248717,0.017856978,0.04340174,-0.06999903,0.055757903,0.06219242,-0.075994775,0.05726882,0.08505843,-0.0003290113,-0.019376813,-0.036665503,0.011588774,-0.02547895,-0.060272727,-0.06573736,-0.057463046,-0.067208715,0.0843438,0.057214994,0.10328426,-0.011674675,0.085536644,0.10860555,-0.016056048,0.021431332,0.007087052,0.08065444,-0.017945943,0.08685294,0.015618211,-0.03834613,-0.030984435,-0.09336686,-0.03664953
BSH2%UPI0006CABDF6,0.14790636,-0.059943188,0.061308775,-0.013535849,0.075500704,-0.026614863,0.05754791,-0.03620348,0.016103152,0.11836504,-0.1698188,-0.119353704,-0.044297732,-0.0076414226,0.0027527816,0.013173802,0.028471682,0.16636965,-0.007386617,0.07635036,-0.017276693,-0.10231824,-0.0013853913,-0.050801452,-0.001319536,-0.13577056,-0.13263619,-0.106499776,-0.08808994,0.07197848,-0.059632998,0.13215275,-0.11490437,0.101246625,0.05301992,0.13689564,0.08012094,0.07018108
BSH2%UPI0006CABE2C,-0.032339025,-0.13225341,0.07768657,-0.06528295,0.07448953,0.08722086,-0.017751984,0.05694543,0.031682797,-0.087917954,-0.049070526,-0.042314924,-0.10079284,-0.090190716,0.11619159,0.10417573,0.10651867,0.014086235,-0.05063136,-0.124413446,-0.029402437,0.022384675,0.14225958,0.093907215,0.0009849122,-0.0389657,-0.05669773,-0.10858161,-0.13802926,0.11928203,0.09479165,0.025346737,0.11980384,0.0956991,0.12677154,0.040504012,-0.09225356,-0.099598914
BSH2%UPI00082062C1,0.015935214,0.05922921,-0.052183744,0.033611603,-0.08598204,-0.008049315,0.03170682,-0.04825818,-0.036528464,0.026598012,0.007712679,0.023449915,0.033006996,0.029110264,-0.07068678,-0.013474372,-0.025201576,0.027160183,0.01954308,0.05880961,0.046760216,-0.034569956,-0.03904639,-0.010354377,0.06726338,-0.025597053,-0.002330474,-0.00910981,0.019567752,-0.05222786,-0.06953139,0.0064060306,-0.029126603,-0.016217727,-0.049661104,-0.06307943,0.07254293,0.050038792
BSH2%UPI000820857A,-0.0557511,-0.083943196,0.028615424,-0.03736474,0.022697834,0.11706069,0.024381636,0.041450758,0.05411953,-0.03097346,0.046606008,0.066524796,0.011291644,-0.065831155,0.016118098,0.09856983,0.07654841,-0.00873854,-0.062730305,-0.06476851,-0.026154926,-0.07132205,0.04450507,0.016080054,-0.037616197,0.03878587,0.038597595,-0.009949468,-0.01306643,0.0089039225,-0.0055087507,-0.028554339,0.051723763,-0.028166609,0.046469875,-0.035999026,-0.01958132,-0.09070205
BSH2%UPI000820F666,0.079682335,-0.06080842,-0.012801367,0.016208882,-0.0022328037,-0.01191504,0.09557902,-0.05961864,-0.07781329,0.009169831,-0.078560516,-0.076592304,-0.034763344,-0.041099515,0.027758464,0.039659232,0.028166808,0.12944789,0.03353647,0.048951246,0.021240158,-0.036500663,-0.010575189,-0.0137165915,0.07197423,-0.07706929,-0.07337177,0.0065688235,-0.017327078,0.0016968288,-0.06089313,0.09039034,-0.07744498,0.011402326,0.009929664,0.04737896,0.04057988,0.056949157
BSH2%UPI000821232B,-0.032528505,-0.07080651,0.1183649,-0.08295857,0.12413794,0.08412394,-0.120703965,0.12669514,0.14790608,-0.01716335,0.020617161,0.02435794,-0.04983476,-0.0714584,0.09936394,0.099970385,0.11425179,-0.06627212,-0.055269204,-0.09015302,-0.11683188,0.04594902,0.08033966,0.07311396,-0.13781872,0.042608377,0.04969953,-0.008459954,-0.0021804934,0.116372384,0.09990781,-0.03550707,0.0180285,0.075630315,0.08374155,0.10818301,-0.09736916,-0.093139626
BSH2%UPI000821B9AC,-0.14428031,-0.062104344,0.043362595,-0.025657253,-0.00014214832,0.054726586,-0.058468428,0.06950457,0.08552644,-0.08617463,0.049965996,0.032997046,-0.0394049,-0.05889987,0.052916937,0.013065132,-0.012541517,-0.18240555,0.07411102,-0.10973688,0.030341106,0.07494946,0.0454739,-0.0044603613,-0.083825044,0.06330079,0.0004654113,-0.05740041,-0.049504213,0.020408692,0.05896917,-0.08827418,0.19260077,-0.042350106,0.045730006,0.00758291,-0.0885978,-0.09062994
BSH2%UPI00082257EE,0.17227945,-0.028161595,-0.01585427,-0.0062399143,0.06322045,-0.097643524,0.009465991,-0.07830662,-0.0032523826,0.09090587,-0.1812896,-0.16802333,-0.042905487,0.08385019,0.0063762693,-0.09332222,-0.06000471,0.15523742,0.06661385,0.06393522,0.060482558,-0.095258266,-0.038413163,-0.08875446,0.04022828,-0.18395895,-0.20922008,-0.15080538,-0.11139836,0.015373231,-0.04404685,0.14910254,-0.04223336,0.07142096,-0.025044024,0.18007515,0.11109249,0.06899151
BSH2%UPI0008230885,-0.052775428,-0.0043897135,0.04195458,-0.027816646,0.01596418,0.048411436,-0.013380269,0.06734872,0.03750547,-0.037139542,0.074500434,0.072958425,-0.0027534554,-0.0641249,0.021926494,0.0028811537,-0.019102095,-0.060438722,-0.039122462,-0.022058113,-0.035985257,0.05426501,0.017797738,0.020189704,0.0072308765,0.061526738,0.06579552,0.0661197,0.06618748,0.00080684794,-0.004127551,-0.031653672,0.01117916,-0.024943113,-0.017365826,-0.0039701434,-0.08650695,-0.026647288
BSH2%UPI00082332C0,-0.016508449,0.0595697,0.018147727,-0.027603762,0.028490933,-0.007782632,-0.044543907,0.009548244,0.011681273,-0.00772108,0.039291155,0.03467068,0.008210858,0.05291288,0.024927719,0.0028854338,0.0076270076,-0.03548723,-0.0124951,0.021326404,-0.07847634,0.030659985,-0.01223811,0.060036626,-0.020915959,0.019133782,0.039682224,-0.0058350386,0.07427444,0.021231811,0.012184172,-0.06254985,-0.03928223,0.00047332197,-0.043588758,-0.0006476353,0.021519937,0.014680948
BSH2%UPI000965B48B,0.05284963,-0.041662678,-0.06883302,0.027654171,-0.05482678,-0.11771294,0.016188763,-0.07451429,-0.04524742,0.000836392,-0.077406004,-0.053677246,-0.031191077,0.003966632,-0.08895315,-0.04092135,-0.014730395,0.060193524,0.01975166,0.054354213,0.06627029,-0.005657901,-0.024168424,0.027306002,0.12478889,-0.07663658,-0.046694368,0.008400363,0.020563712,-0.014856671,-0.01232627,0.07843825,-0.019949019,0.03231823,-0.04624138,0.006201759,0.036078203,0.06419274
BSH2%UPI00096829BD,0.056642633,-0.03440916,0.014511935,0.01344224,0.008645689,-0.012977497,0.0074175345,0.004693685,0.009972118,0.072721936,-0.05123457,-0.049906146,-0.011260717,-0.017890653,0.04824461,-0.037544016,-0.019767039,0.035249658,0.008242565,0.034232393,0.033884205,0.0001832972,-0.026889095,-0.00892328,0.012171842,-0.06540948,-0.06536,-0.06936398,-0.023772966,0.025535056,-0.0058945953,0.053256568,-0.019834196,0.013738343,-0.014832995,0.056660503,0.016600354,0.03618475
BSH2%UPI000B3674FC,0.07552108,0.11333085,-0.10426306,0.14682716,-0.12815058,-0.13064305,0.0028449437,-0.08912234,-0.06927809,0.09502778,0.017126186,0.017920157,0.119468965,0.15652566,-0.105513066,-0.16954339,-0.15082954,0.026878743,0.06401271,0.11491748,0.08723144,-0.069241434,-0.14335601,-0.06019679,0.08062575,-0.047169514,-0.012389101,-0.001949843,0.01745559,-0.107075326,-0.12024492,0.057261847,-0.11647864,-0.044242788,-0.12964952,-0.073622204,0.10890216,0.11570012
BSH2%UPI000D6581CE,-0.020498557,-0.03065776,0.01640549,0.012930098,-0.013597175,0.04605159,0.033964317,0.028263448,0.011142254,-0.004176057,0.06906367,0.07272276,0.05881233,0.0010678264,0.0044663455,0.032792233,0.0013888613,0.0024329114,-0.04267515,0.007862493,-0.09352002,-0.01129423,-0.03280165,-0.052250568,-0.045609582,0.06328929,0.0627458,0.05896028,0.04728004,-0.036738142,-0.042571053,0.014821598,0.055302694,-0.072996676,-0.02750546,-0.022413151,-0.097293176,-0.01080286
BSH2%UPI000D7AF0AB,0.04991775,0.08547973,-0.10192227,0.10560526,-0.1044367,-0.025219934,0.057474397,-0.091277406,-0.09277879,0.061834212,-0.010123614,-0.005888903,0.07637091,0.09592614,-0.06946406,-0.08891221,-0.09023254,0.033125203,0.050617725,0.093591645,0.04821624,-0.07595141,-0.10546914,-0.041173987,0.10025451,-0.05030274,-0.022705285,-0.0070328633,0.02044513,-0.08430371,-0.1030598,0.033670574,-0.030644514,-0.07843584,-0.12110447,-0.09910968,0.08826054,0.09682107
BSH2%UPI000E40484B,0.09616158,0.100422494,-0.07501506,0.12083867,-0.07809127,-0.106379315,-0.032206655,-0.1037021,0.012482257,0.15703428,-0.03356826,-0.06290565,0.08334383,0.20245571,-0.041622356,-0.16488762,-0.06194517,-0.002547869,0.034955177,0.09655781,0.09342909,-0.08186143,-0.19933647,-0.14031118,-0.10798615,-0.1026748,-0.16805364,-0.19488908,-0.043248754,-0.046247207,-0.046989486,0.04061784,-0.040987253,-0.060637955,-0.14022295,0.08956866,0.10538855,0.07908206
BSH2%UPI000E42566B,0.13145089,0.094112664,-0.051964134,0.15062007,-0.09245137,-0.08957772,0.082423784,-0.07949911,-0.13687508,0.18361983,-0.026254639,-0.030616233,0.15617003,0.09474802,-0.08713217,-0.11302933,-0.12007159,0.09419363,0.0124472855,0.17657323,0.048830632,-0.036898397,-0.09731285,-0.10204357,0.17553893,-0.04863555,-0.022803849,0.14234746,0.114241734,-0.17118318,-0.23337561,0.06908029,-0.109872654,-0.043500666,-0.031880938,-0.012907052,0.108209334,0.16465607
BSH2%UPI000E4418E2,0.07213832,-0.08103937,-0.019348564,0.013710516,0.02659995,0.008716693,0.03104893,-0.074171335,-0.049987227,0.03631702,-0.13421234,-0.11112667,-0.024107488,0.008578694,0.008750954,0.0023105834,-0.034994476,0.13232635,0.03788708,0.017241139,0.03725736,-0.042691346,0.054579817,0.012938858,0.079263546,-0.10556234,-0.12211804,-0.10607874,-0.14861771,0.012067717,-0.06602142,0.12494046,0.015813226,0.08981011,0.045979515,0.05065374,0.075138904,0.059354633
BSH2%UPI000E4BF981,-0.058404036,0.03759091,-0.029440677,0.0301533,-0.0149992695,0.046742644,0.07027121,0.0048542004,-0.04351394,-0.05654299,0.030816335,0.038212813,0.036328368,-0.029703356,-0.026154958,0.013264435,-0.030912802,3.2161166e-05,0.08934331,-0.004775014,-0.007753785,0.030071488,-0.027903667,-0.029049434,0.06262082,0.013419401,0.045281723,0.11210153,0.047844455,-0.063841134,-0.016745932,0.028050851,0.029362299,-0.096351355,-0.057511028,-0.0741691,-0.1006374,-0.0021248579
BSH2%UPI000E53BC4B,-0.05162611,-0.0016502369,-0.04680469,0.04125506,-0.046598624,-0.020952983,0.02455689,-0.030021207,-0.050510656,-0.0027835348,0.043731388,0.047777567,0.062193867,0.026513448,-0.038628716,-0.025864586,-0.060474414,-0.028159056,0.008645811,0.016022317,0.022777157,0.013429773,-0.004824196,-0.016911618,0.0307477,0.070164114,0.055326954,0.0846029,0.024366504,-0.07231214,-0.043488923,-0.021189837,0.0057793353,-0.032598116,-0.020584615,-0.075662516,-0.012570151,0.022791326
BSH2%UPI000EC98B2C,-0.04658925,0.0027616469,-0.06903406,0.01608612,-0.050644945,-0.0031544573,0.034048393,-0.05293853,-0.07021121,-0.054567713,0.03556446,0.04718651,0.0483025,0.02174943,-0.04976666,0.023112688,-0.017237265,-0.006555666,0.021704972,-0.008299594,-0.0059242053,-0.0020015792,-0.00018931966,0.0336551,0.038757365,0.034648012,0.0637308,0.05801317,0.0041930987,-0.050581597,-0.023028865,-0.012750039,0.023065535,-0.053139366,0.0017397495,-0.09914354,0.0019465184,0.02017922
BSH2%UPI000ECC9F84,-0.002836902,0.04994995,-0.05175759,0.052237168,-0.100675605,-0.058856014,0.0007408588,-0.0067819087,0.0043040127,0.03151684,0.078764066,0.07587926,0.06731267,0.048276015,-0.089523755,-0.08158393,-0.081164844,-0.032207847,-0.009749202,0.05425262,0.040158156,-0.025885278,-0.08967237,-0.019245828,0.0496737,0.040589433,0.058054045,0.060485665,0.100432284,-0.07405238,-0.051011585,-0.0059738327,-0.07172495,-0.07248021,-0.098096035,-0.06814222,0.030374255,0.030066608
BSH3%UPI000156F498,-0.027821133,0.03888388,-0.020049987,-0.015964758,-0.0037694215,-0.0107546365,0.008500322,-0.018664,-0.024941519,-0.0035087871,0.01546532,0.011079978,0.006785168,0.034242712,-0.0011130836,-0.005200137,-0.0016818898,0.004317624,-0.009445947,0.010718158,-0.009857667,0.031167652,0.0063970387,0.015968185,0.025539543,-0.0036964593,0.0030731028,-0.0060502305,0.027819648,-0.008973422,0.00018925291,-0.028743148,0.017508449,0.023667837,-0.011012997,-0.034650072,0.025107758,-0.0032170806
BSH3%UPI00016547A5,0.050619137,0.14612819,-0.114836805,0.10746285,-0.13653417,-0.12880844,0.00807266,-0.11862814,-0.11432052,0.03475585,-0.0025306758,-0.0017303947,0.070260026,0.13800353,-0.11959446,-0.11970049,-0.117087595,0.046677675,0.046905607,0.114274174,0.076601624,-0.019168202,-0.09599938,-0.0477171,0.061676994,-0.036172707,-0.01470478,-0.019291889,-0.00415801,-0.10893237,-0.08163021,0.025937162,-0.010239223,-0.039509032,-0.090947606,-0.112024754,0.12935953,0.13020061
BSH3%UPI00017EF3F1,0.04708486,-0.13914137,0.19671097,-0.17821386,0.22188993,0.21866095,-0.19148351,0.24380285,0.14761609,-0.07774028,-0.022877095,-0.0059969462,-0.17398046,-0.09560247,0.25379133,0.2360487,0.26605108,-0.17218098,-0.18020901,-0.21156336,-0.17775452,0.066578716,0.23598939,0.28922686,-0.08294551,0.051674027,0.1738669,0.030321026,-0.07667618,0.2923421,0.22146057,-0.16774645,0.04358259,0.115292385,0.18002263,0.09783775,-0.16916257,-0.17847764
BSH3%UPI0002132A6C,0.15084738,-0.09040502,0.053782057,-0.020154478,0.094191045,0.12590143,-0.059047494,0.05751549,-0.0046278685,0.053894475,-0.10924337,-0.087937266,-0.03658969,-0.05173387,0.15325272,0.14454353,0.2348028,-0.10927147,-0.09495348,-0.076147944,-0.033707935,-0.11075339,0.049949285,0.14294977,-0.061246924,-0.06698205,0.038887814,0.03596417,-0.10822419,0.14212939,0.07947293,-0.07247046,0.050781917,-0.08061182,0.082194164,0.071018495,-0.00036031954,-0.047609348
BSH3%UPI000238BE2F,-0.017879056,-0.07824599,0.015098628,0.04384443,-0.0059794034,-0.032711525,-0.027502334,0.017740417,0.007822976,-0.012172162,0.04287035,0.04521944,0.054829463,0.0270136,0.005889446,-0.05192082,-0.043882027,-0.036469515,-0.011851052,-0.02657894,0.040388715,-0.0019959433,0.026179813,-0.019970262,-0.022987792,0.026102174,0.035820752,0.032787956,-0.021310601,-0.016145488,-0.038829833,0.01273566,0.026105225,0.03498781,0.021908127,-0.022984724,-0.01613136,-0.02277766
BSH3%UPI00035F5DCE,-0.053729307,0.005905143,0.0021977462,0.007951325,-0.037180144,-0.021385873,-0.038278054,0.00812181,0.046118215,-0.025525846,0.07660582,0.08773503,0.04151242,0.019549727,-0.06308192,-0.004480204,-0.0054232003,-0.03910479,-0.04717178,-0.00623125,-0.02670052,0.0005028442,-0.03783094,-0.024785329,-0.09019384,0.054235324,0.042873774,-0.018730903,0.0004916128,-0.036289424,-0.008230664,-0.03536106,0.033322923,-0.037828904,-0.011783958,-0.01577309,0.002539489,-0.011370795
BSH3%UPI0004DA32C0,-0.008627625,-0.023481585,-0.031097002,0.050247088,-0.0085537955,0.018723764,0.0025413078,0.01650164,-0.0052560796,0.043352384,-0.0031859435,0.011949234,0.04665027,0.062066022,-0.08440195,-0.009029668,-0.077186204,0.015177822,0.019371057,0.036024235,0.006878761,0.035785563,0.008087495,0.003720851,0.11169518,0.026914606,0.069902785,0.10109415,0.05888104,-0.062789366,-0.03542408,0.01714719,-0.04134687,0.014985251,-0.017516367,-0.05256733,-0.017978594,0.018344132
BSH3%UPI00080CB216,0.11132842,-0.07687264,-0.0049382476,0.09122151,0.0038594005,-0.07939537,0.008857552,-0.05997889,-0.055544257,0.07076877,-0.14659132,-0.13818878,-0.006829349,0.05527084,0.030477114,-0.047642585,0.008329313,0.07602115,0.03498971,0.03724537,0.05627583,-0.03655805,-0.025200464,-0.054576688,-0.029670665,-0.10964401,-0.12668283,-0.067445375,-0.10670509,0.03656257,0.010062108,0.12641922,-0.011137941,0.063393265,0.017001415,0.07644736,0.012277149,0.07101717
BSH3%UPI00092A5378,0.148752,-0.066338666,-0.0066738846,0.053306736,0.027528323,0.0845493,-0.0075211306,-0.029312009,-0.08138436,0.09595827,-0.11076162,-0.06756618,0.0547622,0.029579697,0.07974493,0.06895626,0.11595206,-0.04961436,-0.061474066,-0.0036223447,0.018763186,-0.15495466,-0.025802912,0.07175021,-0.022013418,-0.094560035,0.0055673257,-0.0016336797,-0.12933859,0.04111253,-0.035437543,-0.014216342,0.06544015,-0.14668187,0.012550128,0.010725664,0.06946737,0.03527118
BSH3%UPI000E902C94,0.003156545,0.08528083,-0.045379877,0.06742814,-0.049598455,-0.06011278,0.020995302,-0.0136537645,-0.02960955,0.05227954,0.022581909,0.02172196,0.062890366,0.07007704,-0.083578065,-0.13859907,-0.12242911,-0.038433164,0.053334918,0.093766116,0.051184036,0.025238235,-0.073224425,-0.031994257,0.11749703,0.005227796,0.038994085,0.10248878,0.13921803,-0.071684554,-0.052075695,0.011989261,-0.069177374,-0.034615077,-0.15647675,-0.07751965,-0.0129880365,0.06092014
BSH3%UPI000EF23C17,0.0017352089,0.0076996814,0.14317927,-0.15221107,0.094106875,0.030740922,-0.1098168,0.089629844,0.1036145,-0.07696008,-0.03118047,0.00569348,-0.14680548,-0.085603334,0.06718924,0.045051917,0.060520593,-0.04676111,-0.11586998,-0.10205418,-0.065770805,0.0837315,0.12332691,0.09334136,-0.07123533,-0.015106278,-0.038808316,-0.13397141,-0.08634029,0.11636247,0.06571409,-0.06040914,0.08479885,0.11674492,0.091499954,0.12087604,-0.042381726,-0.05769239
BSH4%UPI0001653940,0.10287534,0.015445653,0.10666325,-0.032670174,0.09109409,0.036971644,-0.1326128,0.039568715,0.083067454,0.01072263,-0.11195476,-0.089100115,-0.10094761,0.0024816054,0.037528194,0.04849322,0.07965149,0.022059891,-0.09378025,-0.039839774,-0.036446042,0.025917972,0.054803487,0.023429988,-0.1087175,-0.07667821,-0.10558669,-0.13708276,-0.12726466,0.08878548,0.043873433,0.006452963,0.00915517,0.11448503,0.08896023,0.1751826,0.035618998,0.0076489067
BSH4%UPI0001FAB233,0.07820471,-0.00038389605,0.059461914,0.079529926,0.08188551,-0.02912295,-0.004783235,0.002962037,-0.07960456,0.017530166,-0.07841092,-0.08692565,-0.026843261,0.04942266,-0.0014695346,0.0139566865,-0.013852243,0.08434599,-0.023788463,0.019183515,-0.022676218,0.08513223,0.1351088,0.02731588,0.11106005,-0.0120395,0.04547932,0.14104587,0.009950571,0.01242692,-0.07283569,0.021219296,-0.05017926,0.15699454,0.13544425,0.020000467,-0.018223338,0.050157815
BSH4%UPI0006BEFACE,0.053657226,0.038391892,-0.08973115,0.06356429,-0.10359768,-0.14630768,0.009897991,-0.09701067,-0.065045245,0.08651329,-0.004312301,0.018210893,0.113956586,0.15915655,-0.12939647,-0.14535071,-0.13207535,0.041725647,0.024717355,0.118523024,0.057465125,-0.045047477,-0.15810226,-0.06513366,0.007994368,-0.059286617,-0.027255474,-0.05092118,0.006471072,-0.09811993,-0.036742385,0.06889966,-0.04086859,-0.11728122,-0.16424526,-0.012224508,0.09570959,0.104127385
BSH4%UPI000822CCAE,0.042578623,-0.032110184,-0.019677348,0.0030007823,-0.007528177,0.0068427576,0.110800676,-0.05074395,-0.04136044,0.055929895,-0.012403351,-0.003935311,0.07045778,-0.013159021,0.016483301,0.03474538,0.05238252,0.10958661,-0.0056016822,0.011640526,0.03381537,-0.18167545,-0.048487402,-0.065602265,-0.02615766,-0.041795064,-0.054349862,-0.038992472,-0.080937356,-0.0066601164,-0.028247166,0.06611135,-0.063492686,-0.06784551,0.0039590965,0.0002232684,0.05809042,-0.0295031
BSH4%UPI000E54B9B5,-0.019010905,0.04934716,-0.027741969,0.0774747,-0.05393928,-0.021470463,-0.0018723004,-0.028798472,-0.03500842,0.017105378,0.024381328,0.017720873,0.061009455,0.054169197,-0.05806429,-0.059666052,-0.083306655,-0.034157835,0.026249543,0.038172316,0.05872899,0.013538717,-0.05371298,-0.037121058,0.01973636,0.006986745,-0.012087435,-0.006971526,0.012965107,-0.07556772,-0.044629492,-0.002162636,0.01787908,-0.07470266,-0.05283759,-0.056070372,0.025854781,0.035638317
BaiA%QinJ_2012__T2D-016__bin_41_fa_BDDCEIPF_01842__3alpha-hydroxy_bile_acid-CoA-ester_3-dehydrogenase_2,0.01783556,-0.02953771,0.0021358621,0.04705532,0.0052310545,0.050607108,0.07018153,-0.03818048,-0.043064527,0.017166937,-0.06329553,-0.057934433,-0.006562595,0.008604853,0.0115966415,0.016694441,-0.0022441603,0.06374535,0.050749794,0.029910395,0.074072585,-0.019370936,-0.02498343,-0.045670796,0.036471047,-0.091787025,-0.10008229,-0.072327286,-0.047145963,0.00819109,-0.03217898,0.063832425,-0.024947572,-0.0020747567,-0.02357403,0.0021736948,0.016222918,0.01774878
BaiA%SRR3992974_bin_8_EOPEKEED_01051__3-oxoacyl-_acyl-carrier-protein__reductase_FabG,-0.0021224855,-0.227431,0.11594773,-0.087302014,0.16209377,0.10985208,-0.10094872,0.10281584,0.13071734,-0.07452434,-0.07099145,-0.09262422,-0.17703678,-0.14443679,0.20054427,0.17024407,0.19262993,-0.035025854,-0.040022805,-0.124109685,-0.065720975,0.08555855,0.13586825,0.12483219,-0.10873398,0.0065413928,-0.041335985,-0.085899584,-0.05850618,0.19324876,0.11970068,-0.031806737,-0.038072523,0.16797891,0.16465083,0.18114798,-0.06769307,-0.091590494
BaiA%bai_cluster_3%midas_Clostridium_hylemonae_61789%Clostridium_hylemonae_61789|NZ_GG657759_1098,0.031825967,-0.046096746,-0.037738338,0.07309109,-0.008645166,-0.000711672,0.111395776,-0.08205808,-0.084265254,0.066775955,-0.07212183,-0.077249765,0.0423588,0.018662754,0.00926927,-0.024899216,-0.017938275,0.07998092,0.06774945,0.06224986,0.1033351,-0.050562114,-0.084797,-0.08924733,0.007804155,-0.09487875,-0.11049587,-0.060366727,-0.06467953,-0.023560507,-0.036313817,0.08460079,-0.053170312,-0.053409334,-0.0521286,0.013204223,0.046629995,0.049652472
BaiB%MDY5565236_1_bile_acid--CoA_ligase_BaiB__Candidatus_Limivicinus_sp__,-0.04465502,0.020259304,-0.0095885005,0.0015931465,-0.016515039,0.0708883,-0.00012686667,0.040916685,0.04875206,-0.0081076315,0.0647508,0.044057403,0.016043637,-0.008676255,-0.031856637,0.007716604,-0.03325351,-0.060520235,-0.007237001,-0.008189953,0.012216598,0.010860199,-0.028470999,-0.022340989,0.015117543,0.06759557,0.048337575,0.067887485,0.07637784,-0.04886089,-0.013426146,-0.05320179,-0.00231537,-0.074061505,-0.04047854,-0.026011765,-0.003950407,-0.026535714
BaiB%bai_cluster_10%midas_Lachnoclostridium_nov_76594%Lachnoclostridium_nov_76594|ERS138182_8080_1_84_3_3065,0.00555215,-0.033976115,-0.030581022,0.057945207,-0.05734706,-0.05090041,0.037789136,-0.038552146,-0.046332084,0.034855396,0.009929854,0.011335546,0.06451211,0.028855247,-0.035924524,-0.053623404,-0.055090565,0.024553305,0.032413106,0.046188317,0.064737014,-0.022140406,-0.037288368,-0.03658083,0.037709013,-0.021899777,-0.0103011215,0.008713978,0.000834151,-0.045786932,-0.048794672,0.05036441,-0.015966812,-0.018188978,-0.030259198,-0.030436942,0.012942773,0.03393063
BaiB%bai_cluster_2%midas_uncultured_Eubacterium_73696%uncultured_Eubacterium_73696|FMDW01000013_871,-0.03173037,-0.043531317,-0.074267015,0.13858402,-0.14422889,-0.08078201,0.074068636,-0.028277075,-0.021294592,0.07624847,0.09268488,0.11371128,0.16747597,0.05423209,-0.14670375,-0.12718682,-0.15839806,-0.033958856,0.03922528,0.092772685,0.048394103,-0.060086098,-0.13881049,-0.103793904,0.041839156,0.09867278,0.11708471,0.1371252,0.08532479,-0.13900346,-0.11448613,0.056798123,-0.05394238,-0.14945917,-0.12895249,-0.12753023,-0.065875106,0.0709717
BaiCD%MEI3381486_1_FAD-dependent_oxidoreductase__Dorea_sp__,-0.00021693698,0.09328802,0.0093349805,0.0081110345,-0.03585887,-0.05868675,-0.024488559,0.014816967,0.008712452,0.034538798,0.058177687,0.053727835,0.03661968,0.024808323,-0.04907339,-0.08218446,-0.07579719,-0.061593827,-0.0073458278,0.062060855,-0.02662455,0.020780135,-0.056479584,-0.010756862,-0.0077443244,0.061108023,0.06498641,0.036678176,0.07527536,-0.04092016,-0.03335531,-0.038951147,-0.020968597,-0.056394037,-0.07085757,-0.04094408,-0.0096606985,0.05511492
BaiCD%RaymondF_2016__P21E7__bin_22_fa_DDJCLBHB_00368__NADH_oxidase,-0.025849666,-0.07630724,0.02456682,-0.02903583,0.051951576,0.060128957,0.016305484,0.029885642,0.022828031,-0.010650904,-0.017563276,-0.013730315,-0.038943782,-0.0462649,0.061557554,0.0676055,0.054951876,-0.00054678693,-0.008198262,-0.027326226,-0.010084275,0.019737046,0.03235588,0.044984393,-0.011894996,0.0097526265,0.002250917,-0.0032803116,-0.0079202065,0.0559787,0.035676826,0.0017339218,-0.03722721,0.030902648,0.026090743,0.016239798,-0.04167356,-0.032314133
BaiCD%XieH_2016__YSZC12003_35390__bin_5_fa_PIKIEFGP_00577__NADH_oxidase,0.023772055,-0.003542313,0.061611153,-0.1444826,0.099165,0.113457195,0.030015895,0.06306087,0.029345348,-0.0830476,0.0123021575,-0.009008718,-0.12141913,-0.15465608,0.13112393,0.14176002,0.17242497,0.08067393,-0.09950584,-0.09997461,-0.09155094,-0.040428724,0.107682124,0.06631417,-0.005638491,-0.005553493,-0.014235172,-0.043168906,-0.04949466,0.11729011,0.07722037,-0.023387859,0.025747204,0.05359731,0.08427013,0.0347907,-0.041867837,-0.11499333
BaiCD%bai_cluster_1%midas_Clostridium_hiranonis_61655%Clostridium_hiranonis_61655|NZ_DS995354_290,-0.04905091,-0.050472178,-0.016542526,0.015745334,-0.013113111,0.034107808,0.054020185,-0.0066650845,-0.02404361,0.010514303,0.015371663,0.004045118,0.043042626,-0.037667315,0.0032836245,0.0047885403,-0.021159267,-0.009529111,0.030654067,-0.0018659463,0.040133495,-0.00562316,-0.004489116,-0.027269417,0.016933583,0.013281183,-0.0008763339,0.022179056,-0.004903529,-0.03668151,-0.0042809807,0.019568961,0.06236525,-0.06765418,-0.009415017,-0.03334025,-0.02671861,-0.018183844
BaiCD%bai_cluster_10%midas_Lachnoclostridium_nov_76594%Lachnoclostridium_nov_76594|ERS138182_8080_1_84_3_3076,-0.10242206,-0.028040007,-0.09717506,0.061395105,-0.10824128,0.016008087,0.06551463,-0.042809244,-0.07364669,-0.012309842,0.08655605,0.10550072,0.13962,-0.016131306,-0.08959797,-0.014312717,-0.068024315,-0.044060625,0.022502,0.0008872468,0.054671746,-0.017460195,-0.041997775,-0.019985333,0.07353029,0.046076227,0.07866864,0.11806658,0.056982193,-0.14063969,-0.076702975,0.0068154903,0.09416345,-0.13451195,-0.022268055,-0.14471498,-0.02903991,0.0013179512
BaiE%FengQ_2015__SID531416__bin_49_fa_CEDOFBAM_00064__Bile_acid_7-alpha_dehydratase,-0.0049720784,-0.026814595,0.015567731,0.052648406,-0.02875149,0.0064940453,0.031202672,0.017637115,0.03591649,0.041427694,0.027341388,0.050246958,0.044615723,-0.021229299,-0.037779044,-0.047729407,-0.067083694,-0.00745401,0.015960027,0.032345716,0.047328077,-0.03454371,-0.054015297,-0.05289998,0.016320525,0.00013984928,0.007946973,0.010987005,0.02356449,-0.026699174,-0.082394466,0.04406543,-0.07019124,-0.020385344,-0.046328302,-0.011674192,-0.031455655,0.016799206
BaiE%bai_cluster_10%midas_Lachnoclostridium_nov_76594%Lachnoclostridium_nov_76594|ERS138182_8080_1_84_3_3079,0.021737585,-3.0125751e-05,-0.0010092255,0.006764352,-0.00089186133,0.0058752503,0.0470245,-0.02071539,-0.024506388,0.032958195,-0.036475714,-0.034864135,-0.010539266,-0.031597354,0.009026105,-0.003559836,-0.005456314,0.03333919,0.03975539,0.043364927,0.037740476,-0.0036327688,-0.028242059,-0.0049042613,0.04527559,-0.0554356,-0.05331014,-0.039796226,-0.010087219,0.0067938273,-0.017532887,0.041226927,-0.030993307,-0.012959769,-0.03895143,0.013723888,-0.00036399587,0.03329815
BaiE%fig|1950888_3_peg_203|__Bile_acid_7-alpha_dehydratase_(EC_4_2_1_106)_(BA7_alpha_dehydratase)_(Bile_acid-inducible_operon_protein_E)____Clostridiales_bacterium_UBA4701_|_1950888_3_,0.025660083,0.086402476,-0.101199254,0.059229463,-0.0991187,-0.07737744,0.03563861,-0.06774321,-0.035585552,0.057032414,-0.0064326776,-0.03075958,0.026650898,0.045088235,-0.05309447,-0.07303089,-0.055422697,0.013337754,0.06213535,0.08203245,0.086629935,-0.043644167,-0.105023734,-0.056031723,0.0351256,-0.03009876,-0.044507537,-0.014441806,0.019335374,-0.06298618,-0.01469248,0.021290347,-0.021249896,-0.070038944,-0.077934936,-0.04760778,0.09842785,0.060220093
BaiF%ERR688512_bin_36_KMFCMBJN_00514__Bile_acid-CoA_transferase,0.015206916,0.014222592,-0.015800003,0.02307741,-0.022731889,-0.06249378,-0.015243441,-0.020775624,-0.0030962615,0.029201986,0.0062324945,0.023327783,0.048433237,0.030620396,-0.0811961,-0.019858679,-0.016774286,0.019832563,-0.0069397665,0.04914493,-0.0009264188,-0.013252875,-0.03173867,-0.014211856,0.010861913,9.7477714e-05,0.025445668,0.056354307,0.05976626,-0.028831504,-0.024215974,0.028715586,-0.058238238,0.009314718,-0.028873395,0.0020061794,0.014379643,0.03234636
BaiF%LiJ_2014__MH0358__bin_56_fa_NPCPOAJM_00305__Bile_acid-CoA_transferase,0.050363075,0.06887186,-0.11059391,0.012095435,-0.089404434,-0.17966706,0.02218786,-0.08863674,-0.09212535,0.06759242,-0.027854703,-0.05433829,0.02365498,0.05574954,-0.050845526,-0.10385397,-0.09644213,0.046823397,0.111898586,0.12847626,0.066210866,-0.0011007019,-0.07139367,0.020752836,0.10446764,-0.032514762,-0.014009986,0.03909561,0.08709624,-0.052069068,0.0177902,0.052865595,-0.08811591,-0.029268714,-0.07873978,-0.042478114,0.117842086,0.10582535
BaiF%SRR4783510_bin_28_GHBMCCFK_00008__L-carnitine_CoA-transferase,0.027988434,0.02222992,-0.059843823,0.051088095,-0.07528149,-0.054142486,0.029209578,-0.052345082,-0.036271166,0.040275835,-0.026467545,-0.027572408,0.01697942,0.034664083,-0.048991796,-0.040579747,-0.038419977,0.04192788,0.042860184,0.06302545,0.053447958,-0.047487304,-0.04559471,-0.0026455317,0.071866125,-0.042967368,-0.03668365,-0.035560217,-0.004652773,-0.036195878,-0.023626197,0.035059195,-0.0073782783,-0.025652742,-0.042353205,-0.058462292,0.093399286,0.049783558
BaiF%bai_cluster_17%midas_Proteocatella_sphenisci_59007%Proteocatella_sphenisci_59007|AUID01000012_911,-0.076786816,-0.005220681,0.026561609,-0.020691631,-0.01832375,0.02787606,-0.05536705,0.05335494,0.08650354,-0.05384004,0.06355482,0.091873,-0.010730876,-0.050531015,-0.07761708,0.04331143,0.014036311,-0.04922177,-0.045396212,-0.032374285,-0.060555253,0.025857603,0.030622583,0.03480479,-0.025834447,0.067278765,0.07402069,0.032918517,0.06600386,-0.015247816,0.009574828,-0.029230617,0.07026412,0.0020316704,0.015377572,-0.037928432,-0.053436156,-0.042014055
BaiF%bai_cluster_2%midas_uncultured_Eubacterium_73696%uncultured_Eubacterium_73696|FMDW01000013_892,0.043879334,0.059722133,-0.08961317,0.03396558,-0.033674914,-0.0893643,0.08057121,-0.10749136,-0.0896925,0.0771305,-0.08586022,-0.09079585,-0.0017934659,0.014780297,-0.023616107,-0.048062447,-0.076067284,0.08416555,0.13921407,0.13590516,0.07299259,-0.019256728,-0.063687086,-0.009318234,0.1037344,-0.07264264,-0.07060756,-0.0074338675,0.038152665,-0.040784523,-0.043389577,0.066031165,-0.091782674,-0.017893843,-0.06301393,-0.039882705,0.12873901,0.11911961
BaiF%bai_cluster_3%midas_Clostridium_hylemonae_61789%Dorea_sp_89094|KQ236743_10986,0.039603986,0.00010954246,-0.0595415,0.106209174,-0.07970519,-0.03735508,0.024441637,-0.065190874,-0.049183965,0.06355899,-0.029539114,-0.006472632,0.082848445,0.06739078,-0.11038661,-0.062712915,-0.058054753,0.042321183,0.018582758,0.07831689,0.06887212,-0.060864445,-0.06556006,-0.06840153,0.04885472,-0.050158195,-0.019651346,0.002968723,-0.0042045177,-0.07122489,-0.08287811,0.069719,-0.0016296154,-0.020407759,-0.054141503,-0.057201527,0.05489985,0.069080114
BaiF%bai_cluster_3%midas_Clostridium_hylemonae_61789%Dorea_sp_89094|KQ236743_13110,0.07508109,0.041474406,-0.023617495,0.086701155,-0.02965238,-0.018689949,0.086338006,-0.08910809,-0.0735739,0.07490689,-0.07796381,-0.07456591,0.031547178,0.058227967,-0.012696751,-0.06626999,-0.0472987,0.08315638,0.08491984,0.0944659,0.12334255,-0.07173865,-0.10724249,-0.116963685,0.0075213583,-0.13534494,-0.13301732,-0.12508155,-0.10661581,-0.019744795,-0.086654656,0.07619346,-0.040853735,-0.054364134,-0.0675798,0.015106848,0.09773305,0.08888306
BaiF%fig|1950825_3_peg_1464|__L-carnitine_dehydratase_(EC_4_2_1_89)____Clostridiales_bacterium_UBA1701_|_1950825_3_,0.012221213,0.00266626,-0.033949077,0.036170803,-0.012971916,0.031690568,0.0584309,-0.04122645,-0.040088274,0.024589956,-0.052761383,-0.054411218,-0.014511369,0.004716542,0.0049330043,0.009063442,-0.0022062296,0.04248105,0.041255973,0.050485235,0.051249698,-0.0053832894,-0.033989716,-0.011813156,0.03629514,-0.04801352,-0.052124277,-0.038180817,0.0029718035,-0.0052104075,-0.015178609,0.03201191,-0.024507303,-0.011053342,-0.040049165,-0.04235549,0.04607342,0.043578237
BaiG%MBE6987074_1_MFS_transporter__Oscillospiraceae_bacterium_,-0.003477437,-0.06597621,0.04827564,-0.06944345,0.044490714,0.06393423,0.049519077,0.048717212,0.04569905,0.05094325,0.015533493,0.01675747,0.0014823606,-0.03667803,0.081920385,0.069231674,0.05793536,0.039490294,-0.036484443,0.010470641,-0.06617936,-0.007290271,-0.0049184626,0.0013730963,-0.022184134,0.0053388886,0.018384697,-0.01178271,0.034678463,0.066157416,0.022177698,0.018108713,-0.06724518,0.014092965,-0.0036026693,0.048716873,-0.04719601,-0.03249186
BaiG%MBR4017991_1_MFS_transporter__Clostridia_bacterium_,-0.13979894,-0.013631345,0.16607372,-0.2038427,0.13121274,0.13955152,-0.11740282,0.1598233,0.05501017,-0.2595035,0.07061083,0.0847769,-0.2142041,-0.109325774,0.20235036,0.180714,0.17565984,-0.085841,-0.15858018,-0.23673001,-0.15849824,0.21533313,0.31647435,0.2611267,0.027836025,0.11418778,0.15567523,-0.017392164,-0.06120254,0.23874454,0.12936506,-0.20163617,0.1369832,0.2984537,0.17125052,-0.046012063,-0.15999684,-0.16071393
BaiG%MDY4488523_1_MFS_transporter__Candidatus_Limivicinus_sp__,-0.010431875,-0.04284258,-0.04431685,0.027467811,-0.038138583,-0.046341073,0.02190103,-0.016445128,0.014844091,0.03682433,0.012920389,0.011166125,0.03302717,0.0006838595,-0.02877179,-0.032663412,-0.023093145,-0.0039790915,0.019495135,0.03421124,0.051533923,-0.0430243,-0.06203716,-0.014126168,0.010194604,0.011063427,0.0052260156,0.013745549,0.033955958,-0.026548179,0.0046159583,0.018372763,-0.051039018,-0.05170539,-0.047504295,-0.02160034,0.039916284,0.0055572907
BaiG%MEE1256339_1_MFS_transporter__Lachnospiraceae_bacterium_,-0.0440012,-0.094978884,0.058775224,-0.050700646,0.053692084,0.10605556,0.07172238,0.04090915,0.025870461,-0.021744704,-0.009194124,-0.014069202,-0.03152161,-0.113346376,0.074488245,0.10228122,0.08160016,0.04570595,-0.002572775,-0.048326083,-0.007241307,-0.02239414,0.043939356,-0.020065352,-0.03543349,-0.007474174,-0.04222414,-0.040021434,-0.054745402,0.055753276,0.044765987,0.03200548,0.019546892,0.0028558043,0.055042416,0.027209597,-0.05027148,-0.075352766
BaiH%MEE0204071_1_FAD-dependent_oxidoreductase__Oscillospiraceae_bacterium_,0.0048689437,0.09043498,-0.05540383,-0.10467603,0.035515007,0.08357781,0.0327037,-0.0107026305,-0.06174366,-0.09336373,0.0048837834,0.0045237844,-0.086994275,-0.11153484,0.07715037,0.08941561,0.055827938,0.047411703,-0.042854447,-0.04933762,-0.036725365,3.6207886e-05,0.049620405,0.10361705,0.10145948,-0.026175637,0.013944238,-0.008148618,-0.025646448,0.019583095,0.058121797,-0.023651635,0.10267333,-0.08414733,-0.029145828,-0.08083456,-0.004437641,-0.037745412
BaiH%MFR3389927_1_7-beta-dihydroxy-3-oxo-5-beta-cholanoyl-CoA_4-oxidoreductase_BaiH___Clostridium__scindens_,-0.0059743607,-0.04217393,-0.06976081,0.067937925,-0.050140835,0.017331615,0.08102829,-0.07569214,-0.068404384,0.036260184,-0.008198466,0.0012363173,0.0796904,0.031085653,-0.04150484,-0.019718219,-0.032728888,0.04060207,0.03139722,0.04153566,0.06934172,-0.06045531,-0.058833882,-0.059943832,0.030019306,-0.041177634,-0.033863172,-0.006250711,-0.01757353,-0.0733758,-0.080471165,0.05116802,0.025947357,-0.06337245,-0.050092164,-0.0514527,0.034625035,0.029945707
BaiH%Obregon-TitoAJ_2015__NO11__bin_28_fa_ODBMCAMJ_01962__NADH_oxidase,-0.0042050597,-0.08824358,-0.058964178,0.02290568,-0.020446174,-0.07161599,0.062956356,-0.06684014,-0.0519978,0.051956195,-0.052595798,-0.06235773,0.032922722,-0.034656316,0.008489478,-0.04635733,-0.041024517,0.03850794,0.08717548,0.048005465,0.081797905,-0.047402892,-0.029798193,-0.03387835,0.018772868,-0.041845094,-0.060043298,-0.03640044,-0.055187292,-0.03330268,-0.0039067008,0.072643064,0.03844896,-0.032670796,-0.0046398235,-0.01721225,0.05947988,0.030136295
BaiH%bai_cluster_1%midas_Clostridium_hiranonis_61655%Clostridium_hiranonis_61655|NZ_DS995354_308,-0.09314599,-0.106312625,0.032593187,-0.030572142,0.012061715,0.056530096,-0.016787808,0.0554102,0.042235386,-0.050086822,0.06804564,0.06745681,0.016237834,-0.068032585,0.0073935767,0.0552827,0.034185316,-0.06581059,-0.049216136,-0.06621778,-0.041640062,0.012463264,0.049991857,0.018396517,-0.048834227,0.08822316,0.070291154,0.04038085,0.009185646,0.0013362335,0.036232125,-0.036404803,0.097927846,-0.030897362,0.043033194,-0.026871758,-0.08655786,-0.07452915
BaiH%bai_cluster_17%midas_Proteocatella_sphenisci_59007%Proteocatella_sphenisci_59007|AUID01000012_928,-0.12049305,0.15742889,-0.08253104,-0.04678832,-0.10385527,0.019981721,-0.026361179,0.039595235,0.057651326,-0.019176908,0.15199806,0.15243906,0.058102623,0.057583623,-0.18864004,-0.047244176,-0.114202954,-0.13028522,-0.028469648,0.0052034096,0.018433994,0.05573593,-0.07783138,0.00842974,0.04696357,0.12204829,0.12731704,0.087626755,0.14239553,-0.11936889,0.05695554,-0.0852002,0.004840805,-0.13999692,-0.14026447,-0.13031769,-0.052070476,-0.044594478
BaiH%bai_cluster_3%midas_Clostridium_hylemonae_61789%Clostridium_hylemonae_61789|NZ_GG657759_22762,0.021494012,0.022338111,-0.09234289,0.08832919,-0.08948779,-0.05299972,0.04826948,-0.08987216,-0.07762341,0.062080413,-0.006014417,0.0032355487,0.10557121,0.06773478,-0.10672659,-0.080887705,-0.08118244,0.018860696,0.016411558,0.0679372,0.07121465,-0.07056595,-0.08888031,-0.06417075,0.04699571,-0.020452421,-0.01232602,0.01718182,-0.010881546,-0.10618948,-0.08035592,0.048974127,0.019961812,-0.09136509,-0.078521244,-0.072825715,0.057944905,0.06701489
BaiI%QinJ_2012__CON-070__bin_41_fa_AAAKDJOM_00400__hypothetical_protein,-0.015743291,-0.0356064,-0.07756264,0.047834154,-0.09930184,-0.053005476,0.041574772,-0.025759945,-0.02064635,0.034894474,0.035263315,0.031141909,0.054383945,0.019852918,-0.06392788,-0.034368142,-0.056313373,0.008707893,0.0417507,0.053205002,0.06307735,-0.039949995,-0.06167065,-0.00044176605,0.09113755,0.028558485,0.039401367,0.06643148,0.084891565,-0.055932593,-0.016228657,0.028781421,-0.08060652,-0.0528966,-0.0716238,-0.078467205,0.038427033,0.01775799
BaiI%WP_279004450_1_nuclear_transport_factor_2_family_protein__partial___Clostridium__scindens_,0.048028655,0.0068901903,0.032645755,0.014274436,0.024917534,-0.0068874974,0.0050739325,-0.0026751226,7.507801e-06,0.042655572,-0.06152205,-0.05205935,-0.011432443,-0.002224376,-0.012548804,-0.0007891277,0.017389596,0.04823932,0.001253992,0.04592782,0.017028155,0.012211114,-0.026713016,-0.02675087,-0.0049722265,-0.066978976,-0.056543607,-0.03522125,-0.0025588656,0.02868804,0.010234288,0.05200075,-0.062576644,0.03389748,-0.015574472,0.048340052,0.020486433,0.03750522
