RENAME,Run_0,Run_1,Run_2,Run_3,Run_4,Run_5,Run_6,Run_7,Run_8,Run_9,Mean
X1_methyl_5_imidazoleacetate,0.7056798156227891,0.7106053060434165,0.703059040337412,0.7030526362580888,0.7094683936082767,0.7071535072882189,0.7111560568652106,0.7045191704230985,0.7070691241253722,0.7128339256478856,0.7074596976219768
enterolactone,0.6982966655842515,0.7088725042806125,0.7022607906853042,0.6975127309329838,0.7022095580507187,0.704090097108445,0.7057781370759274,0.7056383774624626,0.7063910451382113,0.7051829344094195,0.7036232840728337
X___23062,0.6935798728074504,0.7044762254205783,0.6927334042051444,0.6959742450532254,0.6893350983478227,0.6944278482519499,0.6961723948016957,0.7007407636224185,0.6994347081510367,0.698868135486209,0.6965742696147531
X___25983,0.6884004794771859,0.6964116059999441,0.6896507817874011,0.6874112375770278,0.691081905160859,0.6942421299515775,0.6947721616932083,0.6977089971287121,0.6928253215789596,0.6942394929777386,0.6926744113332615
X___25508,0.6883100689455646,0.6955515758178951,0.6853540212720912,0.6852903571894077,0.6869399726809509,0.6886649302821787,0.6848631674274963,0.6887745530517697,0.6915124853177063,0.6897935550852533,0.6885054687070313
X___25511,0.6782658355929686,0.6795146310609901,0.678434601918662,0.6725243901244574,0.6752796510756216,0.6777602900369853,0.6817839354046887,0.6806440092851616,0.6801388404397266,0.6771778955291238,0.6781524080468386
X___25506,0.6793093238120997,0.6793944603960432,0.6749990017170466,0.6740719170573781,0.6786335050882293,0.6823734874129703,0.6766109461537475,0.6733056878018864,0.678317821648651,0.6723074048485661,0.6769323555936619
dehydrolithocholate,0.6673819144279386,0.678463985341439,0.6666428083319331,0.6719668585127918,0.6710401505636719,0.6794588778998235,0.6748309888124501,0.6650154187627468,0.6699951555023471,0.6719314477212401,0.6716727605876381
X3_methylglutarate_2_methylglutarate,0.6640423754161708,0.673234112797686,0.6631910095767355,0.6704261123697428,0.6677819810303635,0.6731866472685848,0.6762511875800038,0.6628666617945435,0.6754092395042789,0.6699849843175397,0.669637431165565
X5_hydroxyhexanoate,0.6636829935529756,0.673600275450753,0.6624989922992829,0.6662024337008269,0.6589160982732342,0.6638449790887974,0.6707858709434866,0.6765559464136778,0.6707278575190294,0.6729440456754006,0.6679759492917464
X___25946,0.6577663776794479,0.6719242902208201,0.6665501375370212,0.6611575260363496,0.6642631277975467,0.6688337568815598,0.6734838718912902,0.6673593117950332,0.6687188601642909,0.6605886931082311,0.6660645953111591
X___25947,0.6598812306982932,0.669832793255977,0.6645196676810224,0.661908310159356,0.6611940669595465,0.66092810931236,0.6654407249719161,0.6702068668305607,0.6656976415659405,0.6605638302120352,0.6640173241647006
sitostanol,0.6612614981477141,0.6641361763427281,0.6693845077033539,0.6518395906211126,0.66559743656006,0.6670063340111612,0.66456562636793,0.6594521573836396,0.6643422370127154,0.6626395053338445,0.6630225069484259
X___25944,0.6554096764885151,0.6658954146038624,0.6611334165612504,0.6573813794989598,0.6586976061551489,0.6684706079128804,0.6740617458725708,0.6607137610103074,0.6576974396490864,0.6628158058705064,0.6622276853623088
X___12096,0.6600515038661803,0.658970344592207,0.6655424368199903,0.6529098252891817,0.6600246312215312,0.6593022265853674,0.6667976363673348,0.6674414346945894,0.6620378985880134,0.6635488845977371,0.6616626822622133
X___25509,0.644976677849947,0.6612844774911679,0.6446786998061447,0.652232876433666,0.6544592357748444,0.6580993898042535,0.6589014065618456,0.6567315538029306,0.660718658247437,0.6580440133536355,0.6550126989125873
L_urobilin,0.6523692456521951,0.6603573928314995,0.6558293320394581,0.6467396832165655,0.6529546538444441,0.6504468917235938,0.6532326662291801,0.6554699501762628,0.6584116828488961,0.6541838603639475,0.6539995358926043
X2.3_dimethylsuccinate,0.6561284402149057,0.6572657293605941,0.6498223056343089,0.642455730859902,0.652230992880924,0.6568984365758819,0.6619162210808729,0.6485166268734756,0.6512628467714775,0.6488771388683162,0.6525374469120659
7oxoDCA,0.650455932776756,0.6517122624557458,0.6344611796012743,0.6527274973837451,0.6531573241194955,0.6529550305549925,0.6533920147911628,0.6544294756415191,0.6488409746556676,0.6512477783495405,0.65033794703299
7oxoLCA,0.6453496212928855,0.656468233129583,0.6410573813041567,0.6477933426205039,0.6527659218596843,0.6540422171977406,0.6557189558487703,0.6517849675915914,0.6493672392918142,0.6426934352159567,0.6497041315352687
X___25500,0.6469653328350707,0.6540433473293857,0.6480577934254967,0.6437173344865699,0.644591679669459,0.6526438676419952,0.6623946434773698,0.6456430788101069,0.6395644774007574,0.649312616262293,0.6486934171338504
gamma_tocopherol_beta_tocopherol,0.6481086493495338,0.6527146892250988,0.6469766341515234,0.6454739357738651,0.6424353884902871,0.6543379349782523,0.6590268511744705,0.6501451465743072,0.6474573168113109,0.6389734185502821,0.6485649965078931
coprostanol,0.64562085288775,0.6493386092901341,0.654549646306466,0.6364377798488485,0.6499654556427095,0.6505327817286342,0.6488368308396351,0.642472682834581,0.6472214960079982,0.6499526474840631,0.6474928782870819
X___25518,0.6388502342009479,0.6498580931364091,0.6437421973827657,0.6460676315981793,0.6486160784582593,0.6456001338075867,0.6549625210675374,0.6434551439448676,0.6499078189288009,0.6455473943308075,0.6466607246856162
adipate,0.6492022400716051,0.6575866867478501,0.6387451319579378,0.6358531250776964,0.6524487315779123,0.6367165456546814,0.6535879042763427,0.6472975915387796,0.6459376664589734,0.6486917972784922,0.6466067420640271
azelate_C9_DC,0.638724789588323,0.6517665087747188,0.6398583116285271,0.6401498855930065,0.6473714268062705,0.6483523810743632,0.6507742531901732,0.6385537629993391,0.6422967590084676,0.6410554977514147,0.6438903576414604
CA,0.640193207306075,0.6520400006328737,0.6343978922291393,0.6406652256232487,0.644089147797863,0.6479549514457773,0.6478803627571896,0.6454343811662807,0.6425186415214886,0.6429695640479506,0.6438143374527886
suberate_C8_DC,0.6364332593222675,0.6474991316821859,0.6402798507322122,0.6402749534950827,0.6434736027617403,0.6460627343610499,0.6509562043850614,0.6385887970803424,0.6456283870987184,0.6387828030127801,0.6427979723931441
X___24238,0.6413975509293826,0.6476095078728736,0.632646564889522,0.6394932791071055,0.6436035679009462,0.6461331792336049,0.648529435032122,0.6447419871782797,0.6359883641645802,0.6405932739085,0.6420736710216917
X___25521,0.6371068177828473,0.6401694745415243,0.64248247730884,0.6294433950962833,0.6421396707097753,0.6448922946871004,0.6538128004737511,0.6384456470719418,0.6401672142782339,0.644501645848386,0.6413161437798685
X3_methyladipate,0.6376813013691921,0.6474332073362118,0.6405804657498535,0.6324649904051822,0.6403307066562494,0.6401755019102991,0.6487825845206622,0.6323802305317872,0.6399426947913738,0.6393719783105134,0.6399143661581325
X3_carboxyadipate,0.630381404361856,0.637977019149704,0.6315597549573224,0.6321854711782526,0.628311379898273,0.6386720501115438,0.6390043088152528,0.630532088581225,0.6376183907076054,0.623859414637013,0.6330101282398048
X___25507,0.6290116848077909,0.6383755789099352,0.6327648520017267,0.626653100064116,0.6305211639753209,0.6289205208550726,0.6298818861746475,0.6288933976955862,0.6340177912857808,0.6314350637657944,0.6310475039535771
X3_hydroxyisonicotinic_acid,0.6290173354660172,0.6336832723187814,0.630739656093406,0.621147852109466,0.6217227124063591,0.6395633472691121,0.6319477668221978,0.6394661559476191,0.6312463317810346,0.6317620485218254,0.6310296478735818
X___23734,0.6238590379264645,0.636359800765325,0.6231689042017541,0.6303798975196624,0.6313585915244646,0.6381017103412319,0.6306473620090425,0.6271254950918382,0.6322992377638762,0.6258729325183325,0.6299172969661992
N_acetylmuramate,0.6214055221245872,0.617909648235224,0.6229315765562476,0.6269680300825974,0.6267792980978376,0.6335389921787355,0.6277252182849272,0.6185719053793513,0.6211651807946934,0.6250170461523161,0.6242012417886518
X___25546,0.6187022472291055,0.6271940564116512,0.6195615239900577,0.6200862817840106,0.6241671871550744,0.6326823523916222,0.6350578891099761,0.6255591326314963,0.6188988901353822,0.6200523778346526,0.6241961938673029
X___25499,0.6133213137554349,0.6202026853434732,0.6260533768710271,0.6239012295078878,0.612760015038285,0.6191049508053693,0.6333935819070443,0.6275300822208442,0.6273583022107635,0.6275617259069117,0.6231187263567041
ethylmalonate,0.6175566704513519,0.626982721793986,0.615261373079812,0.6208728534091174,0.6243871861153532,0.6315326317978359,0.6258556038331051,0.6176135537441637,0.6217991846476889,0.6184136869490137,0.6220275465821429
X___22835,0.6181481060123756,0.6201849799476974,0.6163361282744622,0.625810021856746,0.6140709677467961,0.6208860382783121,0.6249081768038218,0.6127905285927072,0.6202339523189924,0.6205353207577307,0.6193904220589641
X___23105,0.6202949794278368,0.6202957328489337,0.6196131333351917,0.6169094817291617,0.6186370763042284,0.6173487262286225,0.6223521957327734,0.6181624210132157,0.6165448259182883,0.6147980191052521,0.6184956591643506
X___25502,0.6165666751300969,0.6226173999588632,0.614890689900164,0.6131604583512584,0.6176071496648404,0.6222542509901836,0.614486102771158,0.609205374303368,0.6164529085444732,0.6084798297871057,0.6155720839401512
palmitoylcarnitine__C16,0.6108749554539776,0.6233124309207031,0.6203891570649426,0.6082602075373752,0.6101863285714608,0.6167320510608545,0.6135262442937769,0.6014673629282161,0.6152937701869765,0.618219681016576,0.613826218903486
3oxoCA,0.6097964331538432,0.6220218205818068,0.6019043471643867,0.6082515431947616,0.6129012814939435,0.6134682308693198,0.6135292579781643,0.6158317128501241,0.6201812128422132,0.6056537472528382,0.6123539587381401
alpha_tocopherol,0.6101388630423594,0.6151751063642232,0.6102383146271431,0.6136486752220143,0.6065488115158907,0.6152651401852962,0.6264519366312582,0.611248652318013,0.6130930271630908,0.6003692516795639,0.6122177778748852
carotene_diol__2,0.6076416488168651,0.6152794551861364,0.6119783406503079,0.6051052566943348,0.6185172823498299,0.6157243503438237,0.61915435819771,0.6056948087026163,0.6129743633403375,0.6100729386963856,0.6122142802978348
sebacate_C10_DC,0.6133152863866602,0.6115575549677196,0.6113982064057368,0.6038798172803155,0.6052122424900868,0.62203538216155,0.6176723205897177,0.6074653482802033,0.6184061527380451,0.6032386559269,0.6114180967226934
X5alpha_androstan_3beta.17beta_diol_monosulfate_1,0.6057185414671669,0.6202859383746747,0.6047055668024582,0.6107419766303843,0.6098525630255582,0.6141527139358038,0.615561611386905,0.6037852629326614,0.6132203553284575,0.6121749835565845,0.6110199513440655
carotene_diol__1,0.6070957952322005,0.612515906602907,0.6123113527751134,0.6076160324995723,0.6135315182414548,0.6119708064393394,0.6174956433425074,0.6011690081738654,0.6069967203579654,0.6062960387378991,0.6096998822402824
indolin_2_one,0.6054650152680784,0.6107981065020992,0.5999435687598461,0.6013377744995588,0.6144412742158957,0.6166284556600382,0.610458313587422,0.6107830380801624,0.6138875097097143,0.6082398651677604,0.6091982921450576
X2_hydroxylaurate,0.5925095627972716,0.6049398807635772,0.6032420463218358,0.6046042316649324,0.6032831077716139,0.6141353852505764,0.6192115598905731,0.6030713964434002,0.608461370970233,0.602039209540722,0.6055497751414737
X___24829,0.6047515254893657,0.6078966818581473,0.6054484400039478,0.6021947909972206,0.6063111071598359,0.6129672058399175,0.6122296065861057,0.6056401856730951,0.6005986684035535,0.5946259226583107,0.60526641346695
X___25505,0.6033042035623255,0.6131318283495782,0.5988149439567716,0.596604406458627,0.6074370949890715,0.6070788432575215,0.5990044293626282,0.6014684930598615,0.6080096950226741,0.6115432399668795,0.6046397177985938
N_methylpipecolate,0.6040662890017847,0.6030001981497484,0.5956780752200553,0.60207311349008,0.604913887735736,0.6068814469301479,0.6185606040628985,0.6048958056294116,0.5965938585632711,0.6086169524267315,0.6045280231209864
X___24556,0.6004645594483149,0.6120954976308672,0.6028593084046382,0.6067857624508487,0.6022844481077452,0.6063035729488674,0.6104748888515527,0.5952885565129862,0.6071681236574977,0.6001424719294133,0.6043867189942731
X___17438,0.59295897848154,0.6116050204968209,0.5970621097749605,0.6071108636541374,0.6030487938104949,0.6053704609204243,0.6038319750406658,0.5960431077414771,0.6053395706554537,0.6042844044093214,0.6026655284985296
m_tyramine,0.5940578431512891,0.6068708990347921,0.6018693130833832,0.5997887407244444,0.5987358347416029,0.6021654075744435,0.6023127013988768,0.596794268575032,0.6075632930227932,0.6049670039230636,0.6015125305229722
LCA,0.5986341228935287,0.6074355881468778,0.5949099624118214,0.5994805914958347,0.5983715556412781,0.6095417768231094,0.5976463878355642,0.5939161999850823,0.5922556598876347,0.5994044959650533,0.5991596341085785
X___19232,0.5894574539339504,0.6032548544804822,0.5940107543327363,0.6006864419613359,0.5973996424263474,0.6048110457560165,0.6074050745924556,0.5923946660800027,0.5936412012847335,0.5915323756346631,0.5974593510482723
X___24811,0.5814715670179366,0.597892003113136,0.5885947867780624,0.5967893713379026,0.6035012231791507,0.6039984811030686,0.6035520791031876,0.5918454221004024,0.5972342664955897,0.6041005696616912,0.5968979769890127
hexadecanedioate__C16,0.5893282422158415,0.6047978608868217,0.5859001762251944,0.5965317013227813,0.5947555110869681,0.5993815166215996,0.6088456157296243,0.5988307657998053,0.5934426748257148,0.5902485460856383,0.5962062610799989
X4_cholesten_3_one,0.5888765662682827,0.5965463930341699,0.5947799972726155,0.5869304795751306,0.5934407912729727,0.5931171969118775,0.5978746744279084,0.5929088759785998,0.5979899478557258,0.6014583218750541,0.5943923244472336
X___20100,0.5868016445675701,0.588899168901188,0.5901634095016948,0.6005417851107415,0.593312709686509,0.5891413937838238,0.5904922778104679,0.6012654460742616,0.5928881568984364,0.5828966630226199,0.5916402655357313
X___15461,0.5815725254449139,0.5977077916549571,0.5856112392345542,0.5799048278470463,0.5959587245786303,0.601427054899535,0.6014025687138874,0.5832925858090122,0.5918017236767853,0.5869142810215485,0.590559332288087
X___23748,0.5836199472755916,0.5929514442705714,0.5915975465595401,0.588625677043033,0.5911707335081772,0.5874740728965047,0.6077614427712635,0.5866905149557854,0.5908343309884357,0.5806951665776374,0.590142087684654
X___23438,0.5861981542689968,0.6005866136660037,0.5828559782833902,0.5877848590989535,0.5775970990274086,0.606469702300722,0.6017453753129522,0.5840121029564996,0.5753515274482606,0.5988043960614158,0.5901405808424605
hydroxymethylpyrimidine,0.5892498864217696,0.5817194425587987,0.5903954631995232,0.5932302100764044,0.5816177307107246,0.5960205051085716,0.5952821524336631,0.5870227736594942,0.5816742372929881,0.5874247238146614,0.5883637125276598
X2_deoxyadenosine,0.5779576110222492,0.5950139345231861,0.5869496918131003,0.5815054709672947,0.5857521289796644,0.5880300976659766,0.5879464679242269,0.5854424729088608,0.589267215106997,0.5868788702299967,0.5864743961141553
N_acetylputrescine,0.5752516991529285,0.5900726222595248,0.5765400492285344,0.5826649860353399,0.587309450386844,0.5891191678614668,0.5857709645070854,0.5875113672407986,0.594380307380739,0.5924195289761985,0.586104014302946
X___12101,0.5836188171439463,0.5855645271265497,0.5812568420053357,0.5829403614462368,0.5928911705828238,0.5936423314163789,0.6015683213551936,0.5790346264801899,0.5792553788615655,0.5765886448892809,0.5856361021307501
X___23482,0.5790402771384161,0.5855012397544147,0.5823575902278268,0.5897633428992698,0.5846494972044309,0.5855924037071331,0.5937907553724574,0.5846995997073712,0.5839578566375268,0.5829817996065634,0.5852334362255411
X___25043,0.5882241035984144,0.5856959991079493,0.5810100965961188,0.5946436280540865,0.5894069747204619,0.5920499759281959,0.5767427195035858,0.5948613667510748,0.5803452024781526,0.5654248277867727,0.5848404894524812
uracil,0.5798833553457864,0.5865718511330322,0.5843933340315035,0.580202052469752,0.5926922674132566,0.592171276724788,0.5905273118914711,0.5767879247693966,0.5872058549860277,0.574939406108286,0.58453746348733
X1.3.7_trimethylurate,0.5866019879769061,0.5838576516316463,0.5885126638785062,0.5754950541672096,0.5824088228624124,0.5848001814238001,0.5877599962027575,0.5844351489023785,0.5761298114413019,0.5919557982910901,0.5841957116778008
leu_val_val,0.5974546421664171,0.5757078956270685,0.5794964736125562,0.5917832648599125,0.5917900456497841,0.5903758742510051,0.5679145078012986,0.5806032492038221,0.5899223147507042,0.5723280485866197,0.5837376316509189
N_acetylglutamate,0.582459302075901,0.5860651754454036,0.5797737325761952,0.5806782146029583,0.5825508427391678,0.5873554090737516,0.5908121050660787,0.5804514348528078,0.5789280173949862,0.5833457019963397,0.5832419935823591
hypoxanthine,0.5788571958118827,0.5867278093000793,0.5832270381735867,0.5823511861485037,0.587516264477928,0.594044281571546,0.5898435822460838,0.5727269850573993,0.5797127054673508,0.5760981677552345,0.5831105216009596
X___24697,0.586999417605492,0.5819319073081093,0.5736273232681296,0.5831294701415451,0.5835400846393259,0.5896254668385471,0.592178434225208,0.5768813489854054,0.5757613885249445,0.5834530645026403,0.5827127906039348
undecanedioate_C11_DC,0.5752935140238035,0.5855999379181015,0.5733142768023903,0.5798038694200691,0.5841823761243867,0.587555442374964,0.5916487791941256,0.5762458382902161,0.5847530926052472,0.578785244097134,0.5817182370850438
X___25432,0.5730294836277827,0.5863936670436283,0.5838923090021012,0.5857487385847285,0.575763648788235,0.5910430286322619,0.5877905097571797,0.5818350926971646,0.5712766494459717,0.5780694940551308,0.5814842621634184
X2_aminoadipate,0.5784518552617798,0.5839729250594636,0.5786692172482198,0.5803410586621199,0.5784247321022934,0.5830028953972751,0.5949197568860805,0.579133701354425,0.5782559657766,0.575703751811036,0.5810875859559292
pyridoxal,0.5718202427673458,0.5842015883623564,0.5826838215627611,0.5719426736955832,0.5839024801869086,0.5763735431661315,0.5896725556570999,0.5741193072443698,0.5803610243211864,0.5700120321349166,0.5785089269098659
picolinate,0.5705239817702231,0.574578517402897,0.5813333142466653,0.5816143403157888,0.5829833064487571,0.5923080226538654,0.5840170001936291,0.5646744203743146,0.5756242658853187,0.5687040931107927,0.5776361262402252
X___25076,0.5822724536438835,0.5715343194610929,0.5830462171103437,0.5904297438594296,0.5796953767821234,0.5800856489102892,0.5678331383228393,0.592480556085043,0.5728659912497673,0.5520482129228292,0.577229165834764
biotin,0.5645395579979792,0.5889051962699628,0.5634580220134576,0.5731085928429516,0.5754875199562411,0.5899648830426759,0.5848717564280003,0.579284385573794,0.5748486188661162,0.5744971479244378,0.5768965680915616
X___17910,0.5852578847401336,0.5798908895567547,0.5806070163093064,0.5725224312296058,0.5889172510075122,0.5731123599484358,0.5587039348923625,0.5781433293226216,0.5761640921012086,0.5726572936059411,0.5765976482713882
pyridoxamine,0.5727593821645637,0.5840889519083778,0.5706034676959403,0.5707718573110853,0.5812014655547174,0.5841725816501278,0.5898624177735049,0.5735256114200555,0.573043045207526,0.5649155151253051,0.5764944295811204
X___13728,0.5724708218844718,0.5790470579282877,0.5701435041163161,0.5723205143756511,0.5739490340764827,0.5764628235661077,0.5927887053136528,0.5730615040243986,0.5676451597591764,0.5782570959082454,0.575614622095279
delta_tocopherol,0.5788266822574605,0.5725141435975405,0.5743581417320698,0.5607257404057473,0.5673226955297266,0.577622338634153,0.5848532976111277,0.5841096709885412,0.5762522423695393,0.5721558918659904,0.5748740844991895
N2_acetyllysine,0.5707251452030808,0.5764669673821404,0.5704064480791152,0.5716213395977785,0.5716627777581049,0.5852654189511021,0.5857890466134097,0.5739358492072879,0.5685737512610385,0.5680467332037951,0.5742493477256853
X___17969,0.5637273700555798,0.5798373966588788,0.5731266749492758,0.5844148065327636,0.5777730228535221,0.5846724765478847,0.5625094648525291,0.5750919738803973,0.5821115982397068,0.5586440379151631,0.5741908822485702
X___25884,0.5721408234440535,0.5759520040624464,0.5687941269318658,0.5719690434339727,0.5692691589334269,0.57626166013325,0.5957180065381883,0.5707323027035008,0.572374760694624,0.5660260578220554,0.5739237944697384
X___14422,0.5724832533325698,0.5806024957827253,0.5789453460802136,0.5628790179005317,0.5741822179059565,0.5736943777457489,0.5805569138063662,0.5707375766511787,0.5767796371373313,0.5618641596830808,0.5732724996025703
riboflavin__Vitamin_B2,0.5743238610721634,0.581803449011097,0.5734532829947584,0.5672093056546513,0.5731010586319831,0.5789061681831776,0.58208937231735,0.5642182239001746,0.5676440296275311,0.5656644156955696,0.5728413167088455
Urolithin_A,0.5711647664130901,0.5799854439044089,0.5758962509012799,0.5685503952070362,0.580306401291665,0.5722180491064801,0.5691203582667999,0.5647912006443256,0.5789547638439241,0.5655348272669122,0.5726522456845922
X___25510,0.5739904722368092,0.5872540739362259,0.5581189034106618,0.5655962310863051,0.5841827528349351,0.5705439474292895,0.5774313463861026,0.56713006149518,0.573791569067242,0.5627479226296805,0.5720787280512433
thiamin__Vitamin_B1,0.5796595892800233,0.5712604508923895,0.5715539084096108,0.5639044240133385,0.5710626778544676,0.5802837986587597,0.5813800263546699,0.5664679392953553,0.5555203540476418,0.5603546805155509,0.5701447849321808
X___25532,0.5694447060489918,0.5638087395340391,0.5802849287904048,0.5748508791294067,0.5782940135419906,0.5733131466707452,0.5590832824146242,0.5841786090189025,0.5699675802902027,0.5448360894732757,0.5698061974912584
X5alpha_androstan_3beta.17alpha_diol_monosulfate_1,0.5714521965615367,0.5730517095501397,0.5664430763991594,0.5691452211629958,0.5698820669957106,0.5755590949604416,0.57567888891484,0.5650507542121889,0.5700368950311124,0.5608485480445331,0.5697148451832658
xanthine,0.5667696844446419,0.570907096397969,0.5714845936687011,0.5633548033231897,0.5764891933044973,0.5762529957906363,0.5730660245509798,0.5646940093228325,0.5711059995675362,0.5620125836391594,0.5696136984010144
lignoceroyl_ethanolamide_24_0.,0.5816877988727313,0.56830591006111,0.5572682909923233,0.5601192364227867,0.5693738844658884,0.5695038496050943,0.5793834604480294,0.5746173185893847,0.5618675500780167,0.5607758429086875,0.5682903142444052
gamma_tocotrienol,0.5642125732419483,0.5733176671973261,0.5625094648525291,0.5623565203698694,0.5620001521910615,0.5677845426620929,0.581128006997775,0.5672236206554914,0.5727669163755321,0.5590682139926871,0.5672367678536313
X___25501,0.5647200023506738,0.5743965662080089,0.5692864876186543,0.5557915856425061,0.5764790221196899,0.5661085574321599,0.5750113578230348,0.5618095366535596,0.5609615612090599,0.5584922235641488,0.5663056900621496
X___17877,0.579104317931648,0.5673306064512434,0.5611585808258851,0.5606447476378363,0.5622985069454123,0.5618370365235945,0.5547062825525002,0.5771062451828138,0.5555437101016439,0.5624582322179436,0.5642188266370523
glutamate._gamma_methyl_ester,0.5572468184910632,0.5534729322169641,0.5603814269644889,0.5639330540150186,0.5680618016257319,0.5726004103131292,0.5701242918783466,0.5639707250698609,0.567439852510286,0.5587627017379164,0.5635994014822806
stigmastadienone,0.5628481276355611,0.5745193738467947,0.5562975079090379,0.5565555546347074,0.5602446810354116,0.5635005903054293,0.5752524525740254,0.5675261192258747,0.5644453803608735,0.5532318374659736,0.5634421624993688
X___15853,0.5574626736353094,0.5664577681105478,0.5617978586265585,0.5626126835427968,0.5641361010006185,0.562068336800326,0.5629829900118964,0.5664185902135119,0.5622386099682132,0.5491079870923897,0.5615283599002169
N_acetylglutamine,0.5622815549707332,0.5689331331242339,0.5618185777067217,0.5516165026343368,0.5615605309810521,0.5674195101406712,0.5783203832803804,0.5575191802175729,0.5520305075270534,0.5470669693410353,0.5608566849923791
X___23600,0.5567887384641812,0.5662882483637577,0.5483474084951242,0.5680768700476689,0.5615850171666996,0.5628812781638223,0.5678576245084868,0.5556303535277812,0.5579098290562872,0.5524128687337025,0.5597778236527511
12oxoDCA,0.553151221408611,0.5653916772585116,0.5527650930964777,0.5613100184663509,0.5584707510628887,0.5676628651549522,0.5636701100522196,0.5560251461825282,0.5539140602691672,0.5645678112891109,0.5596928754240817
X___17162,0.554479879512898,0.5706565838832679,0.5630251815933198,0.5480795672951956,0.5568264095190234,0.5617473794130697,0.5572396609906433,0.5613228266249974,0.5688559074618071,0.5545733037289069,0.5596806700023128
X4_hydroxycyclohexylcarboxylic_acid,0.5546173788630724,0.566188796778974,0.5674560510638681,0.5577960624706635,0.5505813020472711,0.5553594986434652,0.5678644052983584,0.5530502629816338,0.5608131372529814,0.5623324108947704,0.5596059306295057
methylsuccinate,0.5512571207711415,0.5663711246844106,0.5536646778861113,0.5584266759287232,0.5626345327546054,0.5620042960070942,0.5668634853711992,0.5627603540777787,0.5566580199038784,0.5511199981315156,0.5591760285516457
X___23753,0.5532035841748418,0.565882154392558,0.5514567773618055,0.5516003040807547,0.558271471182773,0.5551862117911909,0.5700075116083355,0.5625497728812103,0.5616724140139338,0.5583065052637765,0.5588136706751181
O_desmethylvenlafaxine,0.5512774631407563,0.5707530217836642,0.5620065562703846,0.5427532568510464,0.5643749354883185,0.5629362779038919,0.5663315700768263,0.5527055728298269,0.5538387703187118,0.5568712380742857,0.5583848662737713
N.N.N_trimethyl_5_aminovalerate,0.5493347668425402,0.5556382644492981,0.5522874241210777,0.557423119027725,0.5581407526224704,0.568063685178474,0.5644721268098116,0.5585351685666691,0.5642412032436284,0.5501770916288135,0.5578313602490508
skatol,0.5567096292490123,0.5584168814544643,0.5494523005336481,0.5555553881286451,0.5614554287380422,0.5614851888713676,0.5685681006028122,0.5582590397346752,0.5500648318853835,0.5545085095145782,0.5574475298712629
N_methylphenylalanine,0.5571213738784384,0.5628680932946275,0.5516225300031116,0.5659149282102707,0.5416909331044941,0.5592607130829312,0.5669369439281416,0.5553304919312367,0.5582974642106142,0.553232214176522,0.5572275685820389
X___10457,0.5464194039082965,0.5608089934369487,0.5633152487156053,0.5504404123021609,0.5623388149740935,0.5678158096376119,0.5586884897598771,0.5529636195554966,0.5615190928207257,0.542218327872286,0.5566528212983102
fucose,0.5576736315424262,0.5509576358851455,0.5598596828549234,0.5515728042107197,0.5433051378044856,0.5581516772283746,0.5847666541849904,0.5514353048605454,0.5533938230017953,0.5474384059417801,0.5558554757515186
X2_hydroxymyristate,0.5541645727838682,0.5582880464469038,0.5610994372697826,0.546099953363234,0.5549703566469445,0.5549025487482284,0.561343922415709,0.5581942455203465,0.5527763944129305,0.5549281650655212,0.5556767642673469
X5_acetylamino_6_amino_3_methyluracil,0.5529632428449481,0.559754203901365,0.554624159652944,0.5463384111403855,0.5558326470922841,0.5561001115816644,0.5736148918200317,0.5544730987230264,0.5412068600497709,0.5564063772575321,0.5551314004063952
X2_aminophenol,0.5549153569068748,0.5634580220134576,0.5582164714427035,0.549033398403802,0.5522015341160373,0.561851728234983,0.560183653926567,0.5429600709421304,0.5551187806030231,0.548041519529805,0.5545980536119384
X3_phenylpropionate_hydrocinnamate,0.543539828476153,0.5717128802610453,0.5525126970290345,0.552400813996153,0.5548972748005505,0.5464533078576546,0.5541498810724799,0.5591620149192444,0.5522651981987209,0.5557784007733114,0.5542872297384347
X___17749,0.5484046684984845,0.562602135647441,0.543044454104977,0.56040741999233,0.5493189449995065,0.5639759990175388,0.5552709716645859,0.5490420627464156,0.5503145909789878,0.5451736221246625,0.552755486977493
X___20185,0.5467987514305582,0.5574732215306654,0.5547111797896297,0.555819085512541,0.5572837361248086,0.5550193290182395,0.555601723526101,0.5566629171410079,0.5523687935995371,0.5332266237919834,0.5524965361465072
X___20747,0.553149337855869,0.5476248776632493,0.5563042886989095,0.5685643334973279,0.5469159084111177,0.5520361581852797,0.5452067726529236,0.5561656592170899,0.5508016777180983,0.5404071035554694,0.5517176117455335
serotonin,0.5554322037793108,0.561992617980093,0.5482178200664668,0.5497984975276486,0.5419342881187752,0.539677038512626,0.5571096958514373,0.5494880880357482,0.5515012292065194,0.5616547086181578,0.5516806187696783
palmitoleoylcarnitine_C16_1.,0.5427412021134967,0.552844579022195,0.5446111932758674,0.5523593758358264,0.5575692827205131,0.5578981510292862,0.5609359448917672,0.5438430804676334,0.5498975724018837,0.549135863672973,0.5511836245431442
X___14383,0.545053828170264,0.5551315887616695,0.5495807588306602,0.5591932818947635,0.5474033718607767,0.5547386796596646,0.5446386931459022,0.5548241929541565,0.5531790979891944,0.5468326553799163,0.5510576148646968
X___24425,0.5448473907897283,0.5538982384261333,0.5502840774245655,0.5541969698910326,0.541711275474109,0.5631551467325255,0.5602928999856095,0.5489723712949576,0.5452952996318029,0.5465960811555067,0.5509249750805971
glycerophosphoglycerol,0.5361412333051303,0.5646503108992156,0.5442495511493814,0.5552280266620657,0.5448406099998567,0.5559693930213616,0.5609724858149642,0.5489252824764046,0.5505485282295582,0.5450319789584556,0.5506557400516393
X___24989,0.5422092868191238,0.5673942705339268,0.5392675541464906,0.556343843306494,0.5377411230042816,0.548755386019066,0.5521314659540306,0.5513859557787021,0.5466525877377703,0.5645365443135918,0.5506418017613478
pyridoxate,0.5418119082171056,0.5614008057085209,0.5523646497835043,0.5472963860650247,0.5490993227497759,0.5469995381528675,0.5607852606723981,0.5487889132578756,0.55453676280571,0.5406470681748148,0.5503730615587596
X___25533,0.5473698446219671,0.5523816017581834,0.5556917573471741,0.5617699820459753,0.5551270682350884,0.5627403884187122,0.5392212187490345,0.5559377493352942,0.5473623104109987,0.5196812426023465,0.5497283163524774
citrulline,0.5432379461324608,0.5541280318606713,0.5493080203936022,0.544838401048162,0.5515483180250722,0.558273784022972,0.5681239588662217,0.5402409742036149,0.5438076696760816,0.5404598430322486,0.5493966947261109
X___24973,0.5467625872179097,0.5524671150526753,0.5427163392173009,0.5434000688626881,0.5491253157776171,0.5543551883213702,0.5609634447618022,0.5472896052751531,0.540226659202775,0.5420943901018549,0.5479400713791145
X___24307,0.5407544306811152,0.5486340852224738,0.5449777326394827,0.5379765670970458,0.5451807796250826,0.5516289340824346,0.5337088132939645,0.5521107468738674,0.5615612844021489,0.5597937585089494,0.5476327132426565
X2_hydroxynervonate.,0.5460728302037475,0.5434799314989538,0.5394160289034986,0.5444714336624025,0.548172614800656,0.5449585204015132,0.5490970624864854,0.5448342059205336,0.5463647808787753,0.5402112140702896,0.5447078622826855
linolenoyl_ethanolamide,0.5366531829404367,0.5480279579500615,0.5517374267203805,0.5478573080716261,0.5506332881029534,0.5437959916490804,0.5405227536938353,0.5381087924995422,0.5421768897119595,0.5383664625146635,0.543788005385454
X___25503,0.5456656061009025,0.5383935856741499,0.5287268162910737,0.5420578491786578,0.5414016194033056,0.5450089996150017,0.5482148063820793,0.5418487748242833,0.5438442105992786,0.5387164266141481,0.5413878694682881
X___25951,0.5371617421808074,0.541762884819243,0.546270979952218,0.543128083846727,0.5319401572691197,0.5405965889613261,0.5464039587758112,0.5390810824250214,0.5362772258131108,0.5510337314159267,0.541365643545931
X___23752,0.542766441720241,0.5515543453938471,0.5353614424698951,0.5299236257034128,0.5378774922228107,0.5391070754528625,0.5514605444672898,0.547216523428759,0.5390803290039244,0.5390147813684989,0.5413362601231542
X___25534,0.5402349468348402,0.5279474021663869,0.5497838058162601,0.5484785037659753,0.5461775557362091,0.5486969958840605,0.5399885781361717,0.5473551529105786,0.530716978118391,0.5100280347990135,0.5389407954167887
X___24295,0.541819014690958,0.5429001739649312,0.5393289579658835,0.5282073324447987,0.522558934481748,0.5367729768948352,0.5504761998042611,0.548519188505205,0.5356556534082133,0.5428692836999606,0.5389107715860795
X___20197,0.533262788004632,0.5419425757508406,0.536685580047601,0.5498158262128761,0.5416091869154864,0.5396096073244584,0.5323865592690007,0.5500881879393856,0.5348095615164558,0.5277044238626543,0.5387914296843391
X___25950,0.5348781228362687,0.5394920736333505,0.5359170905288185,0.5348928145476572,0.5480965192698745,0.544307941284387,0.5521600959557108,0.5282416131047051,0.534684116903831,0.5322953953162823,0.5384965783380886
X___18278,0.5353923327348658,0.5385717697635537,0.5509052731189147,0.5466947793191935,0.5449928010614196,0.5432124670095737,0.5277744920246609,0.5503390771646353,0.525062929497114,0.5216721578507607,0.5384618079544692
linoleoylcarnitine_C18_2.,0.5286996931315872,0.5390468017651149,0.5336101151302778,0.5408309029224451,0.5436098966381596,0.5481428546673306,0.5351776077222647,0.528669179577165,0.5415786733610641,0.5422767180072915,0.5381642442922699
AMP,0.5353742506285415,0.5389375557060723,0.5410147376700752,0.5278743203199929,0.5330488164131278,0.5438005121756615,0.5451996151525037,0.5406169313309409,0.5426247985540341,0.5291099309188195,0.537760146886977
X___24453,0.5321944368893051,0.5339736408095057,0.52885904169357,0.5301221521624315,0.5467230326103252,0.5459579334864786,0.54634217824587,0.5317397472573588,0.5306755399580645,0.5443742423409094,0.5370961945453818
X___25504,0.5400522422188552,0.5481628203263971,0.5233684854503083,0.5181883386989472,0.5491667539379437,0.5404933702710581,0.5449969448774522,0.5397252574628243,0.5361389730418397,0.5293495188276164,0.5369642705113241
myristoylcarnitine__C14,0.5318663220016289,0.5323198815019298,0.5305052667901774,0.5338387784331703,0.5400658037985985,0.5476941924041592,0.5468914222254703,0.5234208482165391,0.5380741351290873,0.5424537719650502,0.5367130422465811
N_palmitoyl_phytosphingosine_t18_0_16_0,0.5299786254434824,0.5454670796418838,0.5360986650131584,0.5288172268226952,0.5392415611186495,0.5403777201326925,0.5554114846991476,0.527991100590004,0.5352096281188806,0.5255006671543812,0.5364093758734974
linoleoyl_ethanolamide,0.5481733682217529,0.5331004257582619,0.5359265082925292,0.5294644155448853,0.5372446185014604,0.5184885770060401,0.5354303805002565,0.5352665114116926,0.5322113888639841,0.5391843011152891,0.5344490495216151
FMN,0.5329489881177958,0.5273231927876504,0.53261597599299,0.5365789709623975,0.5302370488797005,0.5420085000968146,0.5460351591489053,0.5293099642200321,0.5396325866679123,0.526952886318551,0.534364327319275
glycerol_3_phosphate,0.5300728030805881,0.5366878403108916,0.5326201198090228,0.5389224872841354,0.5294681826503697,0.5379125263038139,0.5357483242031253,0.5374747886465466,0.5435111984744728,0.5205020948873597,0.5342920365650327
p_toluic_acid,0.5254226880708577,0.5427008940848155,0.5318037880505906,0.5342211396398194,0.5407559375233089,0.5338350113276861,0.5531568720668374,0.5284454135114018,0.528103360333434,0.5233375951853378,0.534178269979409
X5.6_dihydrouridine,0.5293416079060995,0.536461813981838,0.5325120038816255,0.5278641491351855,0.5347523015130955,0.5368874969015557,0.5453363610815811,0.5309426277368962,0.5353633260226373,0.5251940247679651,0.533465571292848
X___23737,0.5325289558563044,0.5399885781361717,0.5238062231075756,0.5327346398157433,0.5391914586157092,0.5318836506868563,0.546109747837493,0.5305685541623125,0.532962549697539,0.5203310682983758,0.533010542621408
acetylagmatine,0.5360203092190865,0.5422850056393568,0.525386523858209,0.5351504845627784,0.5338335044854924,0.5195429898310753,0.5326626881009945,0.5470714898676163,0.5202658973734986,0.5358756523684922,0.53280945453066
guanine,0.5235790666468767,0.5357505844664158,0.5340651814727724,0.5285339404902811,0.5396307031151701,0.539312382701753,0.5446420835408379,0.5248915261975816,0.5296230106857713,0.5278287383436339,0.5327857217661094
X___14392,0.5374883502262899,0.5218488350979711,0.5342908310912777,0.5400401874813057,0.5364151018738336,0.5443704752354251,0.5240864957556022,0.5396664906172703,0.540308782102331,0.5070652063356687,0.5325580755816974
p_cresol,0.5352891140445979,0.5305666706095704,0.5171825215346584,0.5192902170530838,0.5310518737959388,0.5373184537689513,0.5373659192980526,0.5389643021550102,0.5300358854468428,0.5452241013381511,0.5322289059044858
X___25716,0.5353712369441541,0.520595895813917,0.5336432656585389,0.5354266133947723,0.5397987160197667,0.5377961227443513,0.5172559800916009,0.5440363329789741,0.5302336584847646,0.5129799386564542,0.5307137760787294
X___15856,0.519361792057284,0.5411865176801561,0.5162373547686657,0.5329621729869907,0.5278829846626066,0.5296844145051642,0.5463425549564183,0.5273126448922946,0.5271465155404402,0.5331023093110039,0.5301219261361024
putrescine,0.513960892924547,0.5276867184668784,0.519466894300294,0.5295476685760868,0.5395704294274225,0.5307407108829416,0.5240653999648905,0.5297390375346855,0.540728437653274,0.5406029930406493,0.529610918277167
dodecanedioate__C12,0.5230614663533438,0.526884324998738,0.5305953006112504,0.5271973714644772,0.5198345637955546,0.5329079266680178,0.5340320309445112,0.525162757792446,0.5355927427466266,0.527825347948698,0.5283093833323663
X9.10_DiHOME_sulfate,0.5288601718252153,0.5329192279844703,0.519883159456301,0.5330962819422291,0.5294444498858191,0.5347086030894785,0.5228930767381988,0.5272591519944185,0.5245939248643277,0.5285026735147621,0.528216072129522
X___17919,0.5390332401853717,0.5216796920617293,0.5360651377743487,0.534549631238044,0.5246425205250741,0.5250569021283391,0.5136809969870689,0.5388445082006118,0.5091160185612821,0.5163759842504854,0.5259044631912355
X5_2_Hydroxyethyl_4_methylthiazole,0.5189605953232138,0.537766362611026,0.5405999793562619,0.5241188928627666,0.5208580863556193,0.5220530122152162,0.5264089162866284,0.5210543525513475,0.5130997326108526,0.532133786491009,0.5257053716663941
trans_urocanate,0.5172273500899207,0.5300366388679396,0.5130711026091725,0.5205909985767875,0.532268272156796,0.5306269442973179,0.5358394881558436,0.5181966263310125,0.522789858047931,0.5269649410561005,0.5247612220188821
eicosanoylsphingosine_d20_1.,0.5344573371536805,0.5327805985026509,0.5103000198149747,0.514689827835745,0.5257760425652782,0.5341838452955256,0.5291890401339883,0.5148759228466658,0.5311113940625896,0.5187775139966803,0.5246141542207778
valerate_5_0,0.5171614257439467,0.5278607587402496,0.5247796431647,0.5190996015155818,0.5271992550172194,0.5286902753678766,0.5229420491094938,0.5248210813250265,0.524637999998493,0.5287746585307233,0.5245966748513311
X___23655,0.5290278080192634,0.5310661887967789,0.5207582580602872,0.515109483386688,0.514967840220481,0.5233138624207871,0.542065006679078,0.5236287924392685,0.5140878443793655,0.5316617681738353,0.5245686852575833
X___25515,0.5157728706624605,0.5233978688730855,0.5222289360413296,0.5231466029372874,0.5179498809217956,0.5301594465067254,0.530353452439163,0.5202783288215966,0.5145779448028636,0.5166735855837393,0.5214538917590047
dimethylglycine,0.5111664540763471,0.5292640055331245,0.5173109798316705,0.5140705156941381,0.5319823488505431,0.5343985703081264,0.5323036829483477,0.5181698798820745,0.514017022796262,0.5074957864925158,0.521017924641315
X5alpha_pregnan_3beta.20alpha_diol_monosulfate_1,0.5212781186171106,0.5248237182988654,0.5117138145032053,0.5144555138746261,0.5194570998260349,0.5234924232207395,0.5256505979526535,0.5182908039681181,0.5223705792075366,0.5227009543585033,0.5204233623827393
lysine,0.5108632020848668,0.5231221167516399,0.5185157001655266,0.5187300484675791,0.5234460878232835,0.5303545825708084,0.5408742246355136,0.511257241318517,0.5141662001734374,0.5050957635885145,0.5196425167579687
myristoyl_dihydrosphingomyelin_d18_0_14_0.,0.5196499756268275,0.5290342120985866,0.5146310609901911,0.5110093657776548,0.5169350227043447,0.5159593423839298,0.5226885229104054,0.5167014621643226,0.52639422457524,0.5221950320919715,0.5195198221323474
docosadienoate_22_2n6,0.5277484989968197,0.5251458058177669,0.5111668307868955,0.5059433623224656,0.5278844915048003,0.5211952422964575,0.5257040908505294,0.5137928800199505,0.5270820980366598,0.506919419353429,0.5192582719985774
X3_formylindole,0.5107882366857307,0.5282913388970969,0.5113371039547826,0.5199117894579812,0.5210080171538914,0.5208061002999369,0.5238943733759066,0.5098430699197379,0.5240797149657306,0.5153558520853565,0.5185315596796152
3oxoDCA,0.5118516905639281,0.5285719882556719,0.5146838004669704,0.5202538426359491,0.512600967844741,0.526610833140583,0.5248018690870571,0.5174070410215184,0.5117006296340106,0.5134429159204658,0.5181925578570896
X___25487,0.5085366377378079,0.5216457881123712,0.5126484333738421,0.5291754785542451,0.5153758177444229,0.5215041449461641,0.5133253822293579,0.530429171259396,0.5073650679322131,0.5143873292653617,0.5174393251155183
X___17978,0.521941505892883,0.5101289932259908,0.5197935023457765,0.5210438046559915,0.5101723149390595,0.5129045965467697,0.5103437182385918,0.5188521026852682,0.5305161913960816,0.5166189625542179,0.5172315692480631
thymine,0.5125237421823143,0.5198639472183316,0.5154217764313305,0.5096117696430065,0.5233925949254074,0.5212370571673325,0.5268029555202787,0.5114697060678274,0.5217693491722538,0.5059750060085332,0.5168067904336616
N_acetylarginine,0.5184682346364253,0.5275752121445452,0.5093552297595305,0.5177234778821935,0.4991750038989541,0.5089122181545854,0.5356025372208857,0.515787562373849,0.5104062521896301,0.522519756584712,0.5165525484845311
X5_hydroxymethylfurfural,0.5176858068273512,0.5308921485234076,0.5085453020804216,0.5068896592201035,0.5083754056230829,0.5211918519015216,0.5293397243533574,0.5123930236220116,0.5141010292485603,0.5151358531250776,0.5164549804524896
X___25535,0.521758047855801,0.5107343670773062,0.5262928894377142,0.5186253229351175,0.5228731110791325,0.517492177605462,0.4936486601535923,0.531460228030429,0.5105727582520329,0.5104921421946704,0.5163949704621258
X___25954,0.514792293104916,0.5286714398404555,0.5159442739619928,0.5084187273361516,0.5136064082984813,0.5107614902367926,0.5251970384523524,0.5047887444915499,0.5257696384859549,0.5048652167328798,0.5152815270941528
tricarballylate,0.5167315990081964,0.5182855300204402,0.5152194828668275,0.5166679349255129,0.5248636496169984,0.5216307196904342,0.5179992300036389,0.5091341006676064,0.5131370269551464,0.4967440907299821,0.5150413364484783
X___25941,0.5160331776514206,0.5221972923552621,0.5119899433351992,0.5053639814989915,0.5099240626876489,0.5169779677068649,0.5206437380535667,0.5136975722511996,0.5207868880619673,0.5081026671860249,0.5145717290788145
pseudouridine,0.5064658598531281,0.510598751279874,0.5168596805946601,0.50492963423666,0.5248760810650962,0.5230237952985016,0.5243302274804317,0.5116162464711639,0.5169301254672151,0.505297680442469,0.51449280821892
X5_hydroxypicolinic_acid,0.5112613851345497,0.5352665114116926,0.5306766700897098,0.49292160879513647,0.5283011333713559,0.5067382215796378,0.4916151766132063,0.5171260149523951,0.5246583423681079,0.501589718514344,0.5140154782830135
N.N_dimethyl_5_aminovalerate,0.4914938758166142,0.5204113076451898,0.506680584865729,0.5154357147216222,0.5076080462359458,0.5285881868092541,0.5149722208906573,0.5042455278807243,0.5271717551471845,0.5182124481740462,0.5134819668186968
sedoheptulose_7_phosphate,0.5141093168806257,0.5165974900529579,0.5204094240924477,0.5087340340651814,0.504502821185297,0.5199728165668258,0.5211568178205184,0.5136877777769405,0.5181804277774303,0.4929894166938525,0.5130340342912076
X___25522,0.5087295135386003,0.5104213206115669,0.5236242719126875,0.5180399147428686,0.5063664082683444,0.5110436464375613,0.5172853635143778,0.5096038587214895,0.5102653624445198,0.5145700338813466,0.5129949694073364
X2_hydroxybehenate,0.5131355201129528,0.5081015370543797,0.5082729403539119,0.5169030023077288,0.5175354993185305,0.5150130454862919,0.5163514980648378,0.5127362069316247,0.5130387055020081,0.5074513346478019,0.5128539289780067
glutarate_C5_DC,0.5184347073976157,0.5195049420656846,0.5022041334188214,0.5094004350253413,0.5078713669092932,0.5051654550399727,0.5259553567863274,0.5127079536404929,0.5146020542779626,0.5106518674672016,0.5126498272028713
pinoresinol,0.5167489276934238,0.5193467236353471,0.5131814787998604,0.5187729934700992,0.5064899693282271,0.5073172256925634,0.5257978917770867,0.496500735715701,0.5178353609150751,0.4951415640569917,0.5117132871084376
X2_hydroxylignocerate.,0.5097956043906366,0.5103618003449161,0.5057045278347656,0.5065137020927777,0.5165654696563419,0.5107667641844705,0.5124088454650453,0.5218740747047153,0.5121003195258871,0.5061769228624877,0.5112268031062044
N.N_dimethylalanine,0.5080868453429911,0.5143579458425845,0.49896743638677316,0.5054204880812548,0.5026543025241867,0.5095609137189694,0.5114787471209895,0.5165202643905312,0.5073620542478257,0.51017457520235,0.5084583572858457
alpha_tocotrienol,0.5144050346611374,0.5182941943630539,0.5031266975519086,0.5031948821611733,0.5034981341526537,0.5112903918467782,0.5153351330051933,0.500185341589824,0.5135389771103135,0.4996308236625457,0.508249961010458
X___25661,0.5237689287632817,0.5018666007674347,0.5045969988224028,0.5197867215559049,0.5148367449496299,0.4971140204885332,0.4818056339322779,0.5216416442963385,0.5128925418092203,0.5040466247111571,0.5082356460096181
X___25656,0.5120453197858174,0.5069269535643974,0.5011711930950462,0.5128586378598621,0.5018477652400135,0.507906777700845,0.5202459317144322,0.51052566943348,0.5066105167037224,0.5001118830328815,0.5080250648130498
beta_cryptoxanthin,0.5139469546342554,0.510669949573526,0.5006038670091216,0.4982803163464501,0.5181348458010712,0.5146009241463173,0.5148604777141806,0.5007602018867171,0.5101259795416034,0.4935333867257749,0.5075516903379019
cytidine_2_or_3_monophosphate_2_or_3_CMP,0.5039837140495705,0.5040824122132572,0.5107426547093715,0.5006000999036374,0.5032721078236,0.5101734450707047,0.5089133482862306,0.501111296117847,0.5106367990452647,0.4995611322110874,0.505307700943057
piperidine,0.5010853030900059,0.5110470368324971,0.4916716831954697,0.5020398876197091,0.5168713586216612,0.5032969707197958,0.5077990384839961,0.49792357145709376,0.514995340090516,0.5006807159609998,0.5047410906071744
X___18901,0.5034563192817786,0.5079546199404947,0.48685430870223967,0.5069017139576532,0.5209952089952451,0.5066429138108868,0.5162445122690859,0.4922868515210441,0.506058635750283,0.4991426067917898,0.5046537691020501
nicotinate,0.5089996150018194,0.5110161465675265,0.4982211727903477,0.5017193069430014,0.502164578811237,0.5085927676095229,0.5092052989612583,0.4956320411910381,0.5040467196510242,0.4974440189289515,0.5037041666455726
gamma_glutamyl_alpha_lysine,0.5036789552158966,0.5037618315365495,0.5000953077687509,0.49073028353496134,0.502004100117609,0.5222662303856235,0.518966999402537,0.4984773359632751,0.49580306778002203,0.49656929703551395,0.5032353408740738
X___23064,0.49555142513367567,0.5053104886011155,0.5037580644310653,0.4962276205680945,0.47383782912258837,0.4946055049465861,0.5194292232454517,0.512334633487006,0.5114354254079209,0.5058800749503306,0.5018370289893835
X___21796,0.4973942931365598,0.5014235891624894,0.4946405390275894,0.49623854517399874,0.5163831417509053,0.5079256132282662,0.505488295979971,0.49467142929256014,0.5036356335028279,0.4936565710751093,0.5011457651330278
X___25096,0.5149358198238652,0.49890113533025077,0.4997498641958472,0.4955152609210271,0.49293177997994386,0.499665857743549,0.5072980134545939,0.5087204724854382,0.4940035214902066,0.49602909410907575,0.5007750819533798
pterin,0.518820835709749,0.49354694830551826,0.4669519370079689,0.5071917810799387,0.5104394027178912,0.5071963016065196,0.5133653135474907,0.4992100379799574,0.49426081479477935,0.4901599437646492,0.5001143316514461
X3_2_hydroxyphenylpropionate,0.5092987231772671,0.5060699370667356,0.5066794547340837,0.4966442624346501,0.4960422789782704,0.49355900304306777,0.4912102127736519,0.5018831760315652,0.4969298090303545,0.49212863309070654,0.4990445490360352
methionine_sulfoxide,0.5044700948773881,0.4992081544272154,0.4998591102548898,0.49326931263133056,0.5043540205186701,0.5137947635726926,0.5073021572706266,0.4870317393705467,0.48828467865460085,0.49274380141628094,0.49903178329942416
X___24736,0.5024083105360666,0.5080981466594438,0.492233358623168,0.4930756834094413,0.5000896571105244,0.5047996690974542,0.49317588841532184,0.4931645870988692,0.4844422310606888,0.5009771871626085,0.4972464719173586
12oxoCA,0.4880929329854537,0.5036959071905756,0.4886188209110518,0.4916196971397874,0.5026079671267306,0.5013648223169355,0.4931834226262902,0.5021043051234894,0.4984358978029487,0.4978410718469891,0.49675648450702525
lignoceroylcarnitine__C24.,0.5107471752359526,0.4995607555005391,0.48457634001592725,0.4798147186838637,0.4899429584887577,0.5067480160538966,0.48775728388680895,0.501723450759034,0.5116072054180018,0.4894472074070334,0.4961925111449815
glutaminylleucine,0.4905340173392331,0.5035666954724666,0.4865314677622413,0.4968028575755361,0.4953954669666287,0.497224396679221,0.4973359030015542,0.4951366668198622,0.5007003049095178,0.4915861699009778,0.49548139464272384
malate,0.49337818197982486,0.500751160833555,0.4939639668826222,0.4856428075785121,0.5047830938333235,0.49867058847461604,0.5029519038574407,0.48782885889100924,0.5040274124731875,0.48272518438097783,0.49547231591850693
X___24246,0.48586167640714567,0.5002075675121809,0.4691146322664639,0.49068093445311783,0.5078031823000287,0.49083387893577757,0.49352020185658024,0.49532238512023463,0.5076393132114649,0.5047450460679329,0.4945728818130927
X___25828,0.4762001809717474,0.49991599354770166,0.48795279666144037,0.4997223643258124,0.5069197960639775,0.49718145167670097,0.5020319766981922,0.49789305790267147,0.48478164726481765,0.4887069711793827,0.4941306236292444
X___25007,0.49282893800022437,0.48795091310869826,0.5008532493921775,0.49664237888190793,0.5021577980213654,0.4930794505149255,0.4889465590881796,0.497885523691703,0.49240099481721616,0.48668855606093364,0.4939434361577331
X___25530,0.5056758978330855,0.49077737235351415,0.4796606440695588,0.48927354384421057,0.4994338040457206,0.5025028648837206,0.486423351834844,0.4935853727814573,0.5008178386006257,0.48257638371435085,0.4930727073961088
heptenedioate_C7_1_DC.,0.4906334689240167,0.4757017929161841,0.5005413330580835,0.49699648679742536,0.5050848389826101,0.4765169945429709,0.4955491648703852,0.5046749779059262,0.49356616054348773,0.49017501218658616,0.4929440230727676
carboxyethyl_GABA,0.49292838958500806,0.5043668286773164,0.49281386957828754,0.49689289139660914,0.4834431946862716,0.4870419105553541,0.4952835839337471,0.4924450699513816,0.4962091617512218,0.4824298433110144,0.49238547434262125
X2_hydroxyquinoline,0.48172690142765756,0.4940758499155037,0.4982671314772553,0.4984713085945004,0.4720416732277087,0.4798260200003163,0.49980976117304643,0.4891345376518425,0.5043992257844808,0.4909517893374339,0.4908704198589745
hydroxy_undecanedioate_OH_C11_0_DC.,0.48056700964906396,0.48264343819197014,0.4856688006063532,0.4885675882764663,0.4921018866417685,0.4942178697922591,0.4902601487705297,0.4914546979195782,0.4970243633780086,0.5026241656803129,0.49051299689063105
N_alpha_acetylornithine,0.48671869290480746,0.4930704094617634,0.48294028610412726,0.4885954648570495,0.4946454362647189,0.4919881200561448,0.5067529132910261,0.47837606109943714,0.4866049263191838,0.48722499188188767,0.4896917302240146
X2_hydroxypalmitate,0.488234952862209,0.48988268480101005,0.49339174355956805,0.4855260273085011,0.4910075424986004,0.477862604621937,0.4936878380506283,0.48683848685920594,0.49893729954289934,0.4881991653601088,0.4893568345464668
X4_ureidobutyrate,0.47904848942837186,0.48572493047806825,0.4873432789940924,0.4900284717832497,0.49539320670333814,0.49032644982705215,0.49200695558356605,0.4891070377818077,0.4854623632258176,0.49086363906910296,0.4885304822874466
X1_methyladenine,0.4986280201826443,0.49692076797719237,0.48837621931786757,0.48339572915717033,0.4976282303871303,0.4900499442845098,0.4955273156585766,0.47772661211395634,0.47366830937579807,0.4802234496289024,0.4882144598083748
X2_hydroxydecanoate,0.4916445600359834,0.502438070669392,0.4790786262722456,0.476043846094152,0.486728110668518,0.4955642332923221,0.498066344754946,0.48564544455235104,0.4784619511044776,0.48750790150375306,0.4881179088948141
X___25701,0.4768096986390954,0.4990574702078462,0.48911042817674344,0.48966080228798914,0.48919066752355744,0.4951219751084737,0.48455185383027977,0.4878420437602041,0.4882944731288598,0.4774576407823825,0.48770970534454305
glutamate,0.49176322385873644,0.48869077262580046,0.4895489192551076,0.48707543779416385,0.4895820697833687,0.4910941859247377,0.5054675768998078,0.4774372984127677,0.47320269513794755,0.47465566772321405,0.4868517847415652
isoleucine,0.4779055496244572,0.49211243453712433,0.48982655492929517,0.4814379644370173,0.49880921795643557,0.4933725313215985,0.5102416296799692,0.4735827960813061,0.4772150391891983,0.47288060761904616,0.4867384325375449
N_methyltryptophan,0.48653485815717706,0.4863947218331639,0.4934275310616682,0.48536404177267917,0.4758389155558099,0.5020376273564187,0.48851258853639656,0.48461815488680215,0.4799337592171653,0.48243775423253127,0.4865099952609813
X___25485,0.48362778285499874,0.48372497417649185,0.48235073409584567,0.4992017503478921,0.497888160665542,0.49950726260266304,0.46536184178307644,0.4922585982299124,0.48791437218550127,0.46185428986671223,0.48536897668086365
O_sulfo_L_tyrosine,0.4899580269106947,0.4905091544430371,0.48104618546665767,0.48497301622341643,0.48457935370031463,0.48806580982596715,0.482588061741352,0.47124191673340715,0.48270559543245983,0.47992961540113255,0.48355967358784396
phenethylamine,0.482412514625787,0.4886674165717983,0.47653809033368255,0.4795901991970037,0.4796847535446578,0.4743230323089568,0.49047675733587276,0.4818421748554749,0.49025638166504554,0.47875201822676305,0.48225433386650424
N_methylleucine,0.47808561726660326,0.47518984328087754,0.4795227680088361,0.4865766730280521,0.4818007366951484,0.4836179883807397,0.5024636869866848,0.4813795743020117,0.4803161204238144,0.4693267203052259,0.4818279728677994
N_methyltaurine,0.4692468576689602,0.4894634059606156,0.48329138033525726,0.48710595134858603,0.4765520286239742,0.48629263327454125,0.48354076271831314,0.47021085996237405,0.48000947803739824,0.4857271907413587,0.48114405486713785
X1_palmitoyl_2_linoleoyl_GPE_16_0_18_2,0.4870155408169646,0.4761941536029726,0.48272141727549356,0.474580702324078,0.47160167530715086,0.4890655996214811,0.4767385003454435,0.48207950250098125,0.4915699713473956,0.47702027983566375,0.4808587342977625
leucine,0.4723535895618027,0.4835944895152519,0.4834202153428178,0.4756275809381448,0.4905686747096879,0.4890773237086312,0.5063147989232105,0.46391112946110047,0.467755837318303,0.464215511584226,0.47968391510631764
X___25676,0.45808831451413,0.4893202559522149,0.4786118819027498,0.48837169879128645,0.482990011896519,0.4810096445434607,0.47955667195819407,0.4895515562289464,0.4805756739916776,0.46812463694520895,0.47962003467243886
X___23581,0.4713387313443518,0.4818094010377622,0.47630716676749946,0.47535182881669935,0.4747283728590597,0.47863335440400995,0.4958215265968948,0.4902288817950106,0.47613387991522493,0.4720394129644181,0.479239255650093
X8_hydroxyguanine,0.4621835348860337,0.4846558259416444,0.45995491528156474,0.47616439346964723,0.486225578796922,0.4861909214264672,0.4893846734559952,0.4735112210771058,0.4742288546718511,0.4976749424951347,0.4790174861502366
diglycerol,0.4748572078666203,0.4927867464188011,0.4788194494149308,0.47444772350048475,0.468407169856526,0.4731130380274229,0.5016891700991275,0.47655730257165213,0.48066570781275064,0.46534978704552693,0.4786693302613843
adenine,0.479369446815628,0.4829986762391328,0.46603276326981735,0.47523429512559145,0.4800173889589151,0.4721607137610102,0.4917485321473479,0.4745592298228179,0.4786973951972418,0.472878724066304,0.47736971654038063
X___24988,0.49013470415790494,0.4708998635554393,0.4677596044237872,0.4784649647888649,0.4649862613662989,0.4710599655385189,0.498731992294009,0.47408269097906314,0.4865277006567571,0.46922425503605486,0.4771872002796698
phenylacetate,0.46440650383227633,0.47795791239068797,0.4720507142808708,0.47140616253251943,0.48178943537869573,0.48660379618753846,0.4855294177034368,0.47790592633500556,0.47328029751092265,0.4772836005090112,0.47682137666609653
androstenediol_3beta.17beta_monosulfate_2,0.47066215919938453,0.46869158632058516,0.46812765062959627,0.47684134232516295,0.4854510619093649,0.48837094537018966,0.46977613598949425,0.4878367698125262,0.4814854299661186,0.4657106757509159,0.4762953757273339
X___15854,0.48160183352558117,0.4631038387558305,0.4770926082609609,0.47949639827044643,0.4768646983791651,0.4698292521768218,0.4760423392519582,0.5021480035471064,0.4695889108469281,0.4578750963437227,0.47536429793585216
X3_hydroxypalmitoylcarnitine,0.4633882552198897,0.4715805795164392,0.4760615514899278,0.47243608917190727,0.4779861656818197,0.47420964243388153,0.480373757137723,0.4851707892613384,0.48318062743402096,0.46766015283900364,0.4752047610185951
X___23657,0.4858198615362707,0.47457015442872214,0.47024476391173214,0.4737632404340006,0.4668151910788914,0.4826686777987144,0.4604201528088668,0.4722782474521181,0.4851809604461457,0.47707226589134605,0.47488335157868083
X1_oleoyl_2_linoleoyl_GPC_18_1_18_2.,0.47881229191451075,0.47517326801674703,0.462745210313732,0.47548028711371154,0.4634782890409627,0.4774493531503172,0.4845989426488326,0.48565523902661006,0.47100948632503037,0.4729073540679841,0.47473097216184384
X1_methylguanidine,0.47554169093310444,0.47336279712102725,0.47665713086698414,0.45562161384305777,0.47214790560236386,0.4870543420034521,0.4803635859529157,0.46296897637949513,0.4781877058252258,0.47540984224115646,0.4737315590768783
cytosine,0.4658037232563763,0.4823013850140022,0.47092547987273203,0.46876203119314014,0.46242990358470215,0.467153477151375,0.4868290690954953,0.4711130817258466,0.47325920172021096,0.46617176946218536,0.4714749122076066
dimethylarginine__ADMA_._SDMA,0.4717323938674536,0.4648958508346775,0.46895227002009365,0.48579462192952644,0.47352026213026793,0.4673738528222024,0.4574460230290692,0.47596473687898316,0.47427782704314614,0.4681860407646018,0.4708143879320022
diaminopimelate,0.45440634561384596,0.4772553472178795,0.47268622497605994,0.46172809183299063,0.48549099322749767,0.4691703854276304,0.4950699890527915,0.4576969122543187,0.47053407761292076,0.46389907472355085,0.4707937441939486
X2_hydroxyarachidate.,0.4719749954606378,0.4693515832014218,0.46076032243409254,0.47009633995565353,0.47254684207314357,0.47369467911418767,0.4774342847283803,0.4725788624697595,0.4748278244438433,0.4643221206694297,0.47075878545505495
X___21342,0.46760011154400594,0.470781953153783,0.4674928933555039,0.4672815587378387,0.47174934584213263,0.46864600434422593,0.4947181414005646,0.4656473883787809,0.4659438595803896,0.4609878556053399,0.47008491119425655
X___23782,0.46468376279591544,0.4707653778896524,0.472710334451159,0.46326168047561955,0.480488653854992,0.4708972265816003,0.4742356354617227,0.46118901903819765,0.46324472850094056,0.47464511982785823,0.4696121538877659
methionine,0.4552528142161519,0.4737775554348407,0.47087876776472765,0.4667142326519141,0.47621449597258747,0.4820791257904328,0.4942024246597738,0.45682068351868743,0.46440876409556686,0.45470017984161576,0.4695049043946299
N1.N12_diacetylspermine,0.445630873388338,0.4622166854142949,0.47444395639500053,0.4563177749365431,0.4654138278387588,0.47717774484490444,0.4748104957586159,0.47585059358281107,0.4687469627712033,0.46834614274768144,0.46689550576781513
O_desmethyltramadol,0.45288895552479913,0.49254678179945577,0.4600426888393472,0.461728468543539,0.47289868972537036,0.46250411556274146,0.4709601372431869,0.47703158115211636,0.4656907100918495,0.44810021103324915,0.4664392339515655
X1_methyl_4_imidazoleacetate,0.4641744501344479,0.49799439304019716,0.46294449019384765,0.4251702166613048,0.47270694405622327,0.4634462686443468,0.4806107533354682,0.449266506891166,0.47127243028782945,0.47203677599057914,0.4659623229235411
X___24855,0.47586829897858696,0.47051222840111223,0.46885357185640686,0.46297274348497935,0.46090309573194477,0.479157358776866,0.4722417065289211,0.4640731149969222,0.44704127768163276,0.4511364980535365,0.46527598944909077
oleoyl_ethanolamide,0.45469226892009884,0.4697855537532048,0.46471766674527354,0.46027210556333664,0.47319440750588226,0.47815568542860987,0.4643903052786942,0.4475091521827739,0.46354459009748505,0.4717911607130075,0.4648052896188367
oxalate__ethanedioate,0.4537105612309092,0.46552382731889824,0.4557387708236173,0.46970644453803606,0.46704310096068713,0.4754467598749019,0.47362498766272954,0.46915569371624194,0.46245137608596226,0.44706463373563504,0.4639466155947618
X1.3_dimethylurate,0.4599865589676322,0.4666208084359053,0.4610281636340211,0.45392453282241335,0.46910370766055964,0.46978442362155953,0.48716848529962425,0.4636312335236223,0.4287308847649966,0.47422621769801215,0.46342050164283466
linoleoyl_linolenoyl_glycerol_18_2_18_3__2_.,0.47198931046147785,0.4721731452091082,0.4441929692250084,0.4715353742506284,0.4597473477693837,0.4654157113915009,0.464552290814516,0.46783343969127805,0.4563388707272547,0.4600012506790207,0.46337797102191775
indoleacetate,0.46392958827797315,0.46304695546301866,0.4647591049056,0.45706592208571056,0.45839420347944926,0.46256325911884383,0.4763158311101132,0.46495838478571566,0.4592210831332372,0.4574305778965838,0.4627684910256245
S_a_amino_omega_caprolactam,0.45989501830436547,0.45352182924614937,0.46423660737493766,0.4707426312349036,0.45552050996065363,0.48984501374616785,0.4714355459552964,0.46068234335056907,0.456242809537407,0.43876683048552706,0.46208891391959767
X2_hydroxy_3_methylvalerate,0.46639289855410954,0.4728331420899448,0.45785776765849523,0.4582955053157625,0.465420231918082,0.46196994000507796,0.44884157739254515,0.46258548504120084,0.4669040947683192,0.45778506252264967,0.46188857052661864
X___25709,0.454433092062784,0.45906776194002913,0.46677752002404915,0.46267777912556435,0.4669169029269655,0.46286123716264616,0.4494495882176994,0.47146944990465445,0.46427352500868313,0.45950097907071524,0.4617427835443791
secoisolariciresinol_diglucoside,0.4575051665851716,0.46883737330282477,0.46982247138695027,0.4551205888136555,0.4500813318074044,0.4674906330922134,0.47888575047145315,0.45343895292549635,0.45446548916994833,0.45816742372929875,0.4613815181284416
X___23475,0.4609354928391091,0.4718472905847225,0.451309784905811,0.45426733942147796,0.4586575241527968,0.47661456257501245,0.4815374160218009,0.4487530504136658,0.4618682281570039,0.4456519691790497,0.461144265825045
pipecolate,0.4538612454502783,0.4506776646055576,0.461189395748746,0.4729137581473073,0.4550772671005869,0.4577816721277138,0.47887218889170996,0.4605358029472326,0.4692449741162181,0.44367386208928183,0.4603827831224633
X___15608,0.46820788997641033,0.45198372007693927,0.4622385346261034,0.4690325093669077,0.47000705955567734,0.4651188634793438,0.43326120582032857,0.47397306820947205,0.45505504117823,0.44952832072231985,0.4598406213011733
X___11381,0.45374559531191255,0.45755037185098224,0.44936407492320746,0.4587155375772539,0.4696589790089348,0.45557565515615017,0.46497043952326517,0.4673109421606157,0.4632296600790036,0.4575959538273414,0.4597717209418667
pentose_acid.,0.46278702518460696,0.4576204400129889,0.4515279003133477,0.4671934084695078,0.4601696402941656,0.4610421019243128,0.45532288237815854,0.46201288500759813,0.45615541269017285,0.4614188124727355,0.45952505087475953
N_acetylaspartate_NAA,0.464686023059206,0.45520572539759907,0.4548188436643689,0.4554487037013318,0.4546730566821294,0.4580461229327066,0.4557221955594867,0.4670310462231376,0.4496353065180719,0.47652791914887516,0.45917949428869126
alpha_hydroxyisocaproate,0.46391866367206885,0.46591259260487045,0.45206697310814076,0.44596237867095007,0.46035159148905386,0.462510896352613,0.4423263684575737,0.46336791285027484,0.4639781839387196,0.4706195909074128,0.45910151520516784
X___12680,0.4577643434424864,0.45615164558468857,0.46578526443950363,0.4525099847130859,0.46266007372978846,0.4590813235197723,0.4520187541579426,0.4522722803570311,0.4609354928391091,0.4675245370415715,0.45867036998249794
X___25670,0.4530294685593609,0.4660286194537847,0.44976451823618085,0.4659431061592927,0.4565366437651766,0.47184503032143194,0.46241973239989476,0.45315001593485615,0.457846843052591,0.44974078547163027,0.45863047633542
X1_methyl_beta_carboline_3_carboxylic_acid,0.44428337975662985,0.4640022934138187,0.4507643080316948,0.45983775830100526,0.45484295313946804,0.4545536394382793,0.46897185896861165,0.4675486465166705,0.46449201712676835,0.45537034790725983,0.45846672026002067
X___22062,0.45788300726523956,0.46263558754414097,0.46482239227773503,0.4568790736536929,0.4717953045290401,0.4559474684674435,0.4512453674020307,0.4566993827220953,0.44915952109541396,0.45683650536172116,0.4583903610318553
stearoyl_linolenoyl_glycerol_18_0_18_3__2_.,0.4372253309213812,0.468543539075055,0.4577756447589391,0.4719798926977673,0.47451515468865246,0.45853019598742983,0.46580070957198894,0.4272281863873382,0.46159322945665526,0.4501721190495743,0.4573364002594782
X___14454,0.4390923083993643,0.47342608449316226,0.44299239270718505,0.4543076474501593,0.44823055288300345,0.46793402140770696,0.4568074986494926,0.47518155564881226,0.4524802245797605,0.4580156093782844,0.4568467895596931
oleoylcarnitine__C18,0.4445983097751112,0.46390284182903513,0.4569871895810903,0.4547062072103905,0.4555134979156605,0.4595815951280778,0.4642678743504568,0.44272379808615964,0.4540134365118411,0.4663763232899789,0.45626710736778026
X___25681,0.46089066428384684,0.44161702249489365,0.4599157373845287,0.4515286537344446,0.4494209582160193,0.4594761161745194,0.4579398905580514,0.45495822656728535,0.44764401455910924,0.4585588259891099,0.45419501099618087
X___25536,0.45193361757399914,0.44944506769111836,0.4680745344422686,0.4571729078814627,0.46227582897039726,0.4622607605484603,0.44941756782108355,0.4822588167220305,0.4353756821286255,0.4228361181032774,0.45410509018827233
X___17303,0.46446790765166923,0.47101852737819244,0.4517185158508497,0.4312612495187522,0.43143415966047827,0.4401911730691135,0.47946513129492735,0.455469422781495,0.4517264267723666,0.46276931978883107,0.4539521833766675
X3_hydroxyphenylacetate,0.449356540712239,0.4596482728951486,0.43641766350556277,0.46066011742821206,0.4397831955451716,0.44652028699316415,0.45808643096138785,0.4580216367470591,0.463718253660308,0.45783855542052565,0.4530050953868779
FAD,0.45374182820642833,0.4617231945958611,0.4627440801820867,0.43939782065413524,0.4544556946956893,0.43842967454468873,0.4478964106265524,0.45466288549732187,0.4608597740188762,0.4555074705468857,0.4529418833568526
docosapentaenoate_DPA__22_5n3,0.4502308858951283,0.46446677752002397,0.4600272437068619,0.4454692645630647,0.45886471495442926,0.43542088739443624,0.45920488457965497,0.45021770102593345,0.4464875131754514,0.45878259205487315,0.4529172464869857
hydroxy_N6.N6.N6_trimethyllysine.,0.44958708756787374,0.462238157915555,0.436592457200031,0.45025763234406624,0.4464980610708072,0.45865036665237663,0.45447189324927156,0.4516955365073959,0.45459583101970263,0.45529538250812374,0.4519882406035203
beta_hydroxyisovalerate,0.4486972972524992,0.4575364335606906,0.4421188009453927,0.44330845285731174,0.4475517204747456,0.4479898348425613,0.4563633569129022,0.45234310194013466,0.45961625249853266,0.45526562237479834,0.451079087365957
nicotinamide,0.4540752170417824,0.45325172778293027,0.45727687999282735,0.45208317166172296,0.45261131985061165,0.45450805746192013,0.463486576673028,0.44671203266231135,0.43883501509479167,0.43037334275611977,0.45032133409780456
valerylhistidine.,0.4510890325244352,0.4597933064562913,0.4409457242976043,0.4390663153715232,0.4518315290153765,0.4475355219211634,0.45480076155804466,0.4306596427729211,0.4563584596757727,0.4675422424373473,0.4499622536030479
linolenoyl_linolenoyl_glycerol_18_3_18_3__2_.,0.4409129504798915,0.44977732639482726,0.44668867660830913,0.4558875714902443,0.4520809113984324,0.4482912032812995,0.4476944937725979,0.4580604379335467,0.4491727059646088,0.4458979611671698,0.4494464238490926
N_acetylserotonin,0.44738107059631016,0.4624257597686695,0.46203586435105193,0.44132507181986597,0.4239447772472855,0.43438644022846734,0.47232533627067097,0.4417236315800973,0.4426232163697308,0.4581760880719125,0.4486347256304062
X___25417,0.4504557820925366,0.46875638053491386,0.4523950879958169,0.4318711438966486,0.42261310545861114,0.451031772521075,0.457068935770098,0.46231199318304583,0.43256316117410126,0.4501860573398659,0.4479253419966713
N_methylglutamate,0.45049043946299155,0.43881768640956414,0.4338673330927408,0.4536325821473857,0.43466784300813915,0.4420713354162914,0.4652627669088412,0.4627591486040236,0.4436516361669249,0.44791449273287676,0.44731352639497785
X___24545,0.4459491938017553,0.44772425390592324,0.4398408322590803,0.4498206481078959,0.42024359610903206,0.44377067670022646,0.46134309365250253,0.45074660263591904,0.4550746301267479,0.45380662242075703,0.44683201497198394
X___22085,0.4347944177524092,0.4473942554655049,0.438762309958946,0.45273902472652694,0.44615902157722676,0.4430161254717357,0.44531368310656605,0.44796233497252647,0.4548018916896899,0.45258909392825464,0.44635321586493876
isoxanthohumol,0.4473696230567993,0.44775401403924864,0.4282049968393984,0.44758072718697417,0.4485582910601312,0.4569009228655015,0.44489779466110735,0.45247834102701834,0.4407852456039762,0.4397428875164904,0.44542728438566453
X___19197,0.4394927517123377,0.4514555718880506,0.45011975628334355,0.43802923123171533,0.44468909701728115,0.4495595876978389,0.4544613453539157,0.45352597306218206,0.4295491000761708,0.4293927651985754,0.4440275179521412
X1_palmitoyl_2_linoleoyl_GPC_16_0_18_2,0.43460681589929473,0.44954112888096615,0.44358721866314454,0.43124806464955745,0.45364614372712886,0.44307677587003175,0.43468630182501183,0.4579805752972811,0.4474714811279316,0.4394042247334584,0.44352487306738064
X___25945,0.441112983781104,0.46248113621928766,0.45603825570961337,0.4299943719444065,0.4336149370252975,0.43101262055679324,0.44322331627336825,0.4501792765499943,0.43309507646847417,0.45201348021026466,0.4432765454738604
X1_palmitoyl_2_oleoyl_GPE_16_0_18_1,0.43489537617938645,0.43752180212298986,0.4503081115575549,0.436109514276953,0.43802433399458585,0.4563460282276747,0.4319634379810122,0.44581395471487145,0.44946880045566906,0.44828630604416997,0.4428737665554867
X3_hydroxyadipate.,0.4447546446527067,0.4437880053854539,0.42361779249125453,0.46232367121004697,0.43305288488705085,0.4639292115674247,0.4648355771469298,0.42617339685175454,0.4415269886738206,0.42364905946677367,0.44276512323332157
guanosine_2.3_cyclic_monophosphate,0.44484015794719867,0.4497908879745705,0.44463635754050196,0.4409370599549906,0.453150769355953,0.4461043985477054,0.4388983024669267,0.4384006678324602,0.42751750008852685,0.43446404260144245,0.44187401443102764
X___25520,0.4349255130232603,0.44037576123784067,0.4385664204737662,0.44747035099628635,0.4287764667413557,0.4468687442504552,0.4422227730567574,0.4453283748179546,0.4470962774217025,0.44381475183439195,0.4415445433853771
X15_2_anacardic_acid,0.4472533657203948,0.4460049469629218,0.4443963929211566,0.4425670864980158,0.4308950868656853,0.4437989299913582,0.45192344638919163,0.43565143425007097,0.43375884045479507,0.42304895956313626,0.43992984896167264
hexanoylglutamine,0.4510890325244352,0.43589667281709416,0.44064322572722076,0.4199689741192319,0.4512596824028708,0.4276384241745706,0.4329790903965096,0.44759730245110474,0.45594671504634665,0.43416870153147896,0.4397187821190863
glycerol,0.4363698212659131,0.44880692002209027,0.43615170585837637,0.4379109441195106,0.42822496249846487,0.4506995138173661,0.4465153897560346,0.4398227501527561,0.43307511080940775,0.43583526899770125,0.4393412387297621
phosphate,0.42562754326708996,0.4464225726488735,0.4382929286156112,0.44107757298955225,0.45600661202354587,0.44439413265786615,0.4352671894906797,0.43881768640956414,0.43439962509766217,0.4323887441901815,0.43926946073906253
N_methylalanine,0.44670675871463345,0.44077055389258774,0.428697357526187,0.4468016897728359,0.43690475024467346,0.43001132391908553,0.44676251187579996,0.435575715429838,0.4426055109739549,0.432588777491394,0.438742494984099
X___24231,0.4391393972179172,0.4239873455392574,0.4352596552797113,0.4352690730434219,0.44237195043393285,0.43972857251565045,0.43753837738712054,0.4387001527184563,0.4499498598260049,0.4350716767160483,0.4377016060677521
X___23453,0.43982651725824023,0.4426235930802792,0.4384443662560772,0.43666252536203765,0.4387348100889112,0.43454089155332065,0.4322380599708124,0.4442385512013675,0.4241655296286613,0.44295547507343963,0.4374430319473147
ciliatine_2_aminoethylphosphonate,0.43317531581528823,0.4406748694132883,0.4549785689369002,0.43519109395989836,0.44252263465330194,0.43804015583761957,0.4173090209368188,0.4450797458559955,0.4247773075592998,0.4425053059680744,0.4374254018936485
aspartate,0.4386116257395769,0.4295125591529738,0.4393601495992929,0.4383972774375244,0.4510909160771774,0.4586296475722135,0.443548417476657,0.41653525747035847,0.41898613629839687,0.42334166365926074,0.4358013650483432
TCA,0.4346200007684895,0.43519071724934993,0.420594690340162,0.4272357205983067,0.4320244650898567,0.43943812868281645,0.45346268569004705,0.4396080251401551,0.43813960742240315,0.4376348152875167,0.4357948856269103
N_acetylhistidine,0.4335034307029644,0.4514073529378525,0.4360401995360433,0.4252075110055986,0.4391985407740196,0.4331297338389291,0.4468246691162897,0.42717469348946224,0.42774540997032273,0.42878739134726,0.43490189327187423
adenosine_2.3_cyclic_monophosphate,0.43607410348540127,0.42668459306596423,0.43606581585333604,0.4126858795970834,0.4368282780033436,0.4387958371977556,0.4335697317594868,0.4336608957122051,0.4533146384445169,0.4399862425307715,0.43476660156498637
alanine,0.4285899950198864,0.4392136091959564,0.44106890864693854,0.4255164136553053,0.44925482886416485,0.4459352555114636,0.4558299347763356,0.41593478085617264,0.4254599070730419,0.42057660823383775,0.4347380241833103
N_formylphenylalanine,0.43604283650988224,0.43612759638327736,0.44078449218287935,0.42761619825221375,0.4389517953648027,0.44807195774211744,0.447235660324619,0.430343205912246,0.4222115320139925,0.4188154864199614,0.4346200761105991
X___23738,0.4151030039652552,0.43973799027936095,0.45007869483356544,0.39734072489657407,0.4399809685830936,0.42893355504004804,0.44867544804069065,0.45332405620822747,0.44332615825308763,0.4295325248120402,0.4346033124911943
laurylcarnitine__C12,0.43593472058248484,0.4325473393310675,0.4350456836882072,0.4255318587877906,0.4366003681215479,0.4311037845095115,0.43614115796302055,0.4384326882290761,0.4301544739274861,0.44087603284614607,0.43423681079863385
X___23922,0.4283854411920929,0.43879508377665877,0.4576019811961162,0.43526681278013135,0.39971362464108895,0.4435649927407877,0.4379859095186467,0.4322738474729126,0.43690399682357656,0.42752955482607646,0.43380212449680877
GDCA,0.42232680544180984,0.436328759816135,0.4311708389871307,0.44146784511771825,0.43110340779896306,0.4256704882696101,0.44125688721060147,0.436762730367918,0.4289203701708532,0.44262962044905396,0.4337637753629794
ectoine,0.44148253682910676,0.4450951909884808,0.4264871967385907,0.4360002682179104,0.4352152034349974,0.43642406758488606,0.444621289118565,0.4235507380136354,0.4242438854227332,0.4212501666944176,0.4334370543043324
X___23552,0.42497997783435126,0.43530071672948933,0.4405358632209203,0.44151757091011007,0.4293185532205361,0.43727656355596667,0.42831687987227995,0.4293283476947951,0.4359128713706763,0.43093200449943075,0.43334193489085554
X___12798,0.41778744333331563,0.44483488399952076,0.4242397416067005,0.42840955066719194,0.44587083800768335,0.43482455459628305,0.4437213276183831,0.42088927798902864,0.42726322046834153,0.4410587374621311,0.43288995757485793
X3_hydroxystearate,0.41233229788160586,0.42788592300488437,0.43776967766385205,0.4171658709284181,0.43776214345288367,0.4430229062616073,0.4412485995785362,0.4461899118421974,0.4245908358378305,0.43882823430491996,0.4326796400756735
threonine,0.4276828760192845,0.4343392039596822,0.43981860633672337,0.42720972757046555,0.44602867972747245,0.4495878409889706,0.4497633881045356,0.4102332667057943,0.414011296795926,0.42435237806067894,0.43230272642695333
X3_hydroxyoleate.,0.42680740070475,0.43531051120374836,0.43693225011470826,0.43803375175829645,0.4223874558401059,0.4260871301361657,0.44226044411159976,0.4147003003889913,0.4248714851964055,0.44286280427852764,0.43102535337332987
theophylline,0.44994571600997224,0.4602400851667207,0.4649335218895198,0.3942829653750266,0.39788620177069023,0.4490785283275031,0.467024497771806,0.43712474920495226,0.3486836603306463,0.4384168663860424,0.43076167922328795
X___24586,0.42910608847122567,0.43294514567020187,0.4258271998577541,0.420709587057431,0.4471068253170584,0.4260181921058044,0.4164060457522495,0.439064431818781,0.43726262526567505,0.43312596673344483,0.43075721080496254
X3_hydroxyoleoylcarnitine,0.4217930065946948,0.4372373856589307,0.43159689861739686,0.43639732113594804,0.42909855426025717,0.43355504004809836,0.43426061890529416,0.42819557907568784,0.42481836900907793,0.42913245820961526,0.4306085231515001
choline,0.43737074119307234,0.43214877957083625,0.43529506607126306,0.4242627209501543,0.42569271419196714,0.4226794065151335,0.43940384802290994,0.41758477305826425,0.43615095243727947,0.4313429957077599,0.4301931997718641
R_salsolinol,0.44126517484266675,0.4308148475188712,0.41516214752135755,0.43865155705770975,0.4031763480021909,0.4329101115891986,0.4363769787663332,0.44337814430877,0.4384104623067192,0.4210648251045936,0.430121059701841
palmitoylcholine,0.422694098226522,0.43104125055847337,0.42553148207724223,0.42360686788535035,0.4326833318390481,0.4231092332508839,0.44462279596075877,0.428572666334659,0.4318628562645834,0.4343378445677208,0.4298062426965242
cinnamate,0.4216442059280678,0.41395554363475945,0.436375095213591,0.41348314860703733,0.43946073131572183,0.44613754907596664,0.44574878378999433,0.42949975099432747,0.41579954176928885,0.43476051380305114,0.42968648641318063
X___24730,0.4206881145561709,0.43144960479296357,0.425027820074001,0.4217572190925946,0.4460365906489894,0.4277992795787472,0.42912228702480787,0.4215522885542527,0.4289101989860458,0.44124257220976143,0.4293585975518335
DCA,0.4231770411496,0.4371356738108566,0.42645668318416846,0.43321034989629154,0.4273713363957389,0.438186696240956,0.4319589174544312,0.42707185150974275,0.4191326767017333,0.42542562641313536,0.4289126852756654
N_acetylcysteine,0.42887893201052674,0.43921172564321437,0.4419888358061869,0.40734352008884334,0.4391955270896322,0.43545667489653633,0.4248873070394392,0.42238481886626694,0.4201603430778306,0.428402393166772,0.42879100776852486
X___25028,0.4327485027639252,0.4307541971205752,0.4292710876914348,0.4163755321978272,0.4319698420603354,0.4215289325002505,0.42611726698003954,0.4338070594049932,0.43500575237007433,0.42989981759675233,0.42874779906862076
glycerate,0.4288423910873298,0.43854946849908716,0.4354416064745995,0.4309870042395005,0.43192802718946055,0.43624965060096627,0.43185795902745383,0.4200793503099197,0.41966120160117043,0.4131373283235853,0.4286733987353073
X5_oxoproline,0.41270373448235065,0.4246164521551233,0.4234742657723055,0.443829066835232,0.4396724426439354,0.429462833360582,0.4493053080776535,0.4227750909944329,0.4187179183879199,0.419246443287357,0.4283803555996893
X21_hydroxypregnanolone_monosulfate_1,0.4240148454092922,0.4239798113282888,0.4332815481899434,0.42007746675717755,0.4182843245466853,0.43352075938819185,0.43843306493962453,0.42746928113832877,0.4377429312149141,0.42602195921128855,0.4282825992123735
linolenoyl_linolenoyl_glycerol_18_3_18_3__1_.,0.42018143886854226,0.44390629249765867,0.430448308155256,0.425217682190406,0.4287888981894537,0.4229660832424832,0.43424592719390565,0.4195813389649049,0.422884713764024,0.4337837033509909,0.42820043864176266
X___14556,0.4338876754623556,0.4260600069766793,0.41986537871841556,0.421650610007391,0.43086042949523046,0.43676122352572433,0.4373070771103889,0.4346090761625852,0.4311870375407129,0.40788296959418474,0.42800714845936677
indole_3_carboxylate,0.427005173742672,0.4360869116440476,0.4076851965562628,0.42448611030536904,0.44340263049441747,0.43465013761236326,0.40683985808560214,0.43638941021443106,0.4389548090491901,0.4222002306975398,0.42777004684018954
phenylalanine,0.4183540159981435,0.43396866823026653,0.43292894711661967,0.42183821186050546,0.4431374262683278,0.4381324499219832,0.4462739182944957,0.41167945850118925,0.41925322407722865,0.40967272140974126,0.4275239041678501
proline,0.41750076660596597,0.42354810103979645,0.43785406082669875,0.4232742324710931,0.4369439281417094,0.43566989306694365,0.44757545323929626,0.41330647135982707,0.4136982503301867,0.4108194283191401,0.42601905854006583
heptanoate_7_0,0.420865545224478,0.43778813648072473,0.4498733875846751,0.41312715713877785,0.41796675755436485,0.4091686826959516,0.4288224254282633,0.4329745290929789,0.4233883757672652,0.42540076351693945,0.4259375760484419
X___25833,0.4151941679179735,0.430204199719878,0.4104423410601689,0.4317754594173493,0.4395021694760483,0.4197429477901782,0.43611591835627617,0.41861017917107096,0.4311538870124518,0.4257880219607181,0.42585292918821127
X___11615,0.4227570088881086,0.4301232069519671,0.43279672171412337,0.3989937307830531,0.4127734259338089,0.4247882321652041,0.4395032996076935,0.4292062934771061,0.42298642561209804,0.42910608847122567,0.42430344336043885
tetradecanedioate__C14,0.4394675121055934,0.4408952450841156,0.41495872382520926,0.42869924107892904,0.39526542648531315,0.4290224587294758,0.4351168819818591,0.4436105747171468,0.4006877981193102,0.4105787102786979,0.423830257240565
dihomolinolenate_20_3n3_or_3n6,0.42776010168171114,0.4227675567834645,0.4300305361570551,0.41387568099849387,0.43070597817037704,0.4176356289823013,0.4093871748140368,0.41639662798853894,0.4251042923153308,0.4407795949457498,0.4234443172837059
kynurenate,0.4124626397313601,0.42215841582666486,0.41320965674888244,0.42694339321273067,0.4130646231877396,0.42361703907015774,0.42136694696442867,0.43362096439407233,0.4302279324844286,0.43647266324563255,0.4233144274866098
X___25953,0.4278350670808473,0.41854086443016125,0.4120407239171266,0.41127863847766744,0.4287207135801892,0.42081280574769886,0.4328343927689656,0.42389505145489376,0.41654580536571434,0.4213940701239151,0.4213898132947179
X7_ketocholesterol,0.40724934245173766,0.4276033900935673,0.4244491926716236,0.40433435622804237,0.4198823306930946,0.4181543594074795,0.4368919420860271,0.4191289095962491,0.4276813691770908,0.4176262112185907,0.4203001403623503
X___25537,0.4143134186557611,0.4207596895603712,0.41576902821486666,0.43305250817650237,0.43603341874617163,0.42458970570618526,0.40385819409483603,0.4233834785301356,0.4285741731768527,0.40154933514355307,0.42018829500052357
X___25539,0.40465757387858914,0.43135015320818,0.4273136996818302,0.41680234524919013,0.41608998560212274,0.42317741786014834,0.42495360809596167,0.41598224638527387,0.4195576062003542,0.42038900638072324,0.4200273642542373
X___18167,0.4157144051853453,0.43008779616041537,0.40343740841224784,0.4113973023004206,0.41883432194738257,0.43145676229338364,0.42871468621141445,0.4191394574916049,0.4183830227103721,0.42093297641264565,0.4198098139125233
serine,0.41313619819194,0.42259012611515734,0.4254753522055272,0.4183212421804307,0.43171782270344056,0.44021603596530945,0.4348735269675779,0.3987179786616077,0.40102834445508434,0.4090477586099079,0.4195124386055983
pantetheine,0.41375362678080485,0.4110578860962917,0.4309286141044949,0.42361703907015774,0.40490846310383866,0.42516456600307834,0.4335354510995804,0.4179147714986826,0.41688296130655267,0.4137057845411552,0.41914691636046364
X___25710,0.40757745733941386,0.41682494788209556,0.43167600783256566,0.4311493664858706,0.4251385729752372,0.43024549004443585,0.4123707223575449,0.4391582327453383,0.4089155332074115,0.38081744682165536,0.4183873777691568
caproate_6_0,0.398238049422917,0.4126811318494453,0.43390726441087357,0.4117408623205821,0.4099985760341269,0.4140734540364158,0.40571010315088235,0.4274037335029032,0.43303404935962964,0.42661979885163553,0.41734070229394116
X2.3_dihydroxyisovalerate,0.39705291803757914,0.4087437531973307,0.4102099106517921,0.42269824204255463,0.41573587768660536,0.4264073341023251,0.4169955977605311,0.421755712250401,0.4280641070942883,0.4244653912252058,0.4172128844048613
X2R.3R_dihydroxybutyrate,0.4121714424774294,0.4191816490730283,0.4197678106863741,0.40103813892934337,0.4338673330927408,0.4294910866517137,0.4287323916071903,0.4073740336432656,0.40376439316827883,0.41254099552543205,0.4167929274854796
HCA,0.42295214495219163,0.4187695277330538,0.42323392444241176,0.422157662405568,0.42192786897103013,0.4009669406356915,0.41397437916218066,0.4116308628404427,0.4241888856826635,0.4068116047944704,0.41666138016197046
N_methylproline,0.4100577195902293,0.4149632443517903,0.4106442579141235,0.4227513582298823,0.4234445056389801,0.41890589695158287,0.41720278856216364,0.4206979486507705,0.4264642173951369,0.39982098714738945,0.4164952924432049
X___24810,0.4179030934716815,0.4247505611103618,0.4154461872748683,0.41143045282868185,0.415321119372792,0.40588452013480203,0.43246596985260816,0.4169206323613949,0.40268963797362867,0.41317047885184643,0.4155982653232666
X___25564,0.40076728404502737,0.4125067148655256,0.4281270177558749,0.4166644691884675,0.41764052621943076,0.4384319348079792,0.41100137951402826,0.4266676410912852,0.4091732032225327,0.39383392640130666,0.41548140971114583
X___19220,0.4196080854138428,0.42163026763777617,0.41532978371540563,0.4117774032437791,0.420207055185835,0.4199305496432927,0.4051126402210838,0.41606775967976584,0.417378712388277,0.4064085245076581,0.41534507816367155
X___14416,0.41708600829215253,0.4074505058845954,0.42426724147673545,0.4247015887390668,0.41622296442571605,0.41436126089541075,0.4153667013491511,0.42003150807027,0.42022061676557826,0.39199821589884265,0.4151706611797518
N6_acetyllysine,0.41544355030102936,0.4186229873297173,0.40311080036676533,0.4129275005481138,0.411392405063291,0.416074163759089,0.4275310616682701,0.4049423670531968,0.41647875088809505,0.4248760057229866,0.4151399592700554
N.N.N_trimethyl_alanylproline_betaine_TMAP,0.4268684278135945,0.4162380328476529,0.3969037406604037,0.41625197113794454,0.4182975094158801,0.40436449307191624,0.41624519034807295,0.41129257676795905,0.4228899877117019,0.418490761927221,0.4147842691702347
N_acetyl_beta_glucosaminylamine,0.40154368448532674,0.41192322901997697,0.40183601187090273,0.4195459281733531,0.42683339373259116,0.434102777185505,0.42938221730321957,0.40687338532441175,0.4178205938615769,0.3960753541644221,0.41459365751212857
X___24435,0.40913477874659354,0.4236204294650935,0.40064372298514467,0.4204748963857636,0.4154088929305744,0.42103129786578397,0.435712084648367,0.41505892883108975,0.41204938825974036,0.391189418351379,0.414432383846953
pantothenate__Vitamin_B5,0.4243478575340979,0.4277540743129364,0.4033093268257842,0.4159664245422401,0.41977952824722115,0.42075554574433854,0.41775655306834497,0.39998372610430805,0.4039734675226534,0.4065283184620565,0.4140154822363981
CDCA,0.4154424201693841,0.4153052975297582,0.4152894756867244,0.41286119949159134,0.407437697725949,0.41315767069320014,0.41321342385436666,0.4131832870104929,0.4178480937316117,0.41192092996272817,0.4135659495855807
pregnen_diol_disulfate.,0.4144761576126797,0.4155802962301067,0.4053733239205924,0.4036705922417215,0.4092564562537341,0.42173160277530186,0.4054569536623422,0.4233759443191672,0.4185190152183527,0.41692515288797605,0.41343654951219744
X___17960,0.39266311001680876,0.4219158142334806,0.4228485495513753,0.4018699158202608,0.42491631375166783,0.40006471887221895,0.42043383493598546,0.41554413201745827,0.4198182898998628,0.4125609611844984,0.4132635640283618
undecanoate_11_0,0.39759688806950155,0.42451587043869443,0.40968100904180654,0.4008607082610362,0.4236780661790022,0.4021863526809359,0.42794016932385726,0.4030015543077228,0.4223784147869438,0.40751906720440834,0.41193581002939084
N_acetyl_isoputreanine,0.39715651343839536,0.41926979934135916,0.41316369806197484,0.396938774741407,0.4133102384653113,0.42077099087682385,0.40583780802679764,0.41802326413662827,0.4221297858249847,0.4109460030634101,0.41175468759770917
X2_methylmalonylcarnitine_C4_DC,0.4043102467529434,0.4158372128241311,0.4134933197918447,0.3813260060620261,0.4219312593659659,0.42481083479810944,0.4127041111928991,0.40769009379339227,0.40619078581066975,0.42449967188511223,0.41127935422770945
glycylisoleucine,0.4011530356466123,0.409559331534666,0.4096828925945486,0.4117830539020055,0.4251698399507563,0.43041854802193047,0.41864996156139567,0.4015376571165519,0.4063670863473316,0.39777431873780866,0.41120957254136065
N_acetylproline,0.4018152927907395,0.41786240873245184,0.41156117138898446,0.4125598310528532,0.41134946006077083,0.41356640163823877,0.4215119805255715,0.41015943143830336,0.40184995016119435,0.4042917879360706,0.41065277157251784
cadaverine,0.3995286597618134,0.4156985833423115,0.4126385635574735,0.4061308888334706,0.4233194377369038,0.41644371680709175,0.40762906668454785,0.4054287003712105,0.40796998973087034,0.4074957111504061,0.41022833179760987
X___23780,0.4310661134546692,0.4033198747211399,0.4082852964599002,0.39690675434479106,0.4072097878441533,0.40063844903746676,0.4101411996028358,0.4114688773046209,0.40683985808560214,0.41688258459600425,0.4092758795451184
dCMP,0.4076448885275816,0.40906960782171636,0.4264770255537833,0.40550667945473406,0.3988618820911051,0.41604817073124783,0.41316256793032957,0.38632533175014444,0.417522239107226,0.3909468167581947,0.4071565209726063
UDCA,0.39378834442494753,0.41865764470017225,0.4014890614558054,0.41391523560607824,0.41426256273172396,0.41018806143998354,0.409278682176091,0.3989372242007897,0.40156402685494147,0.40867104806148513,0.40707518916520175
saccharopine,0.40850830910456654,0.41428026812749996,0.4011326932769975,0.39317016241498576,0.42020065110651184,0.4214057481509162,0.4077831412988527,0.40524034509699913,0.38311538116703414,0.41499865514334205,0.40698353548877064
palmitoyl_linoleoyl_glycerol_16_0_18_2__2_.,0.40635051108320097,0.41802025045224095,0.3974205875328397,0.40444134202379445,0.401425397373122,0.41297647291940875,0.40750588233521357,0.4234629644558528,0.38344161250196823,0.4063783876637843,0.4061423408341425
branched_chain_14_0_dicarboxylic_acid,0.40685718677082955,0.4081700230320829,0.40338052511943606,0.4103278210534484,0.40512507166918177,0.39909054539399774,0.3997158849043795,0.3964531948444901,0.41680535893357756,0.41046042316649317,0.4056386034887917
stearate_18_0,0.4045389481543601,0.40614407370266525,0.396841583419914,0.39772496965596527,0.4072824929799988,0.4128370900164924,0.41375965414957966,0.40939809941994104,0.41202716233738346,0.39232972118145465,0.40528837950177543
linoleoyl_linoleoyl_glycerol_18_2_18_2__2_.,0.4208881478573833,0.4205069167823795,0.39201592129461843,0.4047163407241431,0.4013884797393765,0.41173897876784,0.4051906193046073,0.404709183223723,0.3823303163841212,0.399879377282395,0.4043364281360587
X___11612,0.4079771472312904,0.41026491039186186,0.4022292976834561,0.3899496639365197,0.42249594847805166,0.40438709570482156,0.3921161263004989,0.4145036574827146,0.3911555144020209,0.40551233011296034,0.40405916917241963
X3_5_cytidylyluridine.,0.4124784615743939,0.42246430479198416,0.398204145473559,0.41602180099285824,0.38882292268618723,0.38297147773753665,0.39771253820786734,0.4011123509073826,0.3994563313365162,0.4164761139142561,0.4035720447622541
methylmalonate__MMA,0.3983989048270936,0.42157677473990013,0.41040843711081076,0.4057293153888518,0.41504649738299176,0.39780709255552144,0.3992657157990143,0.383235551831981,0.4037809684324094,0.3937683787658811,0.4029017636834456
glycylvaline,0.39434662945771004,0.4002997862544348,0.4054697618209886,0.3998887950461056,0.41373328441119,0.4197470916062108,0.4141804398321679,0.3949599142305423,0.39684836420978553,0.3881648093580927,0.4027638876227229
X3_sulfo_L_alanine,0.41138072703629,0.3972047323885935,0.394464163148818,0.39883212195777973,0.4027856991634765,0.4066449486736556,0.4169330638094929,0.3977716817639697,0.4062495526562237,0.3943202597193205,0.402658695031762
X___25706,0.38695481507655877,0.40780913432669386,0.4187009664132409,0.4248194991407232,0.42115372879402135,0.4071958495538616,0.37355936468519424,0.42536723627812983,0.37612890733598586,0.37428867630694074,0.4015978177911351
gamma_glutamylcitrulline.,0.3910982543986607,0.4040491863428864,0.3783270133860326,0.417958846632848,0.4153094413457908,0.39905588802354286,0.4027276857390194,0.3914391774449832,0.40676978992359547,0.40605027277610806,0.40127855560134673
X___12524,0.39982852135835795,0.4065652360958019,0.3952043993764686,0.4000801640047043,0.4023404272952408,0.3953313508312871,0.4196785302863979,0.39154352626689637,0.4121360316858776,0.386802624014996,0.4009510811216028
X___25717,0.39453536144246987,0.39150095797492457,0.4131422255607147,0.40808639329033297,0.3990136964421195,0.3979159619040156,0.37887701078672975,0.41928675131603826,0.4138602358660085,0.38965884339313733,0.40058774379764917
X3_ureidopropionate,0.39227773512577224,0.4031036428663453,0.39060664713296894,0.40982867957678826,0.4019625866151728,0.40438935596811215,0.3973060675261192,0.39677452894229465,0.3975094912222675,0.41075727107865034,0.40045160060544915
X___25059,0.38656906347497394,0.4141047210119349,0.40170001936292216,0.38890466887519504,0.4031556289220276,0.3914851361318908,0.4106182648862823,0.4083320085679047,0.4004222171826722,0.3986780473434748,0.40039697757592785
X___23587,0.39904986065476805,0.4080487222354907,0.4055609257737069,0.39268119212313307,0.39093061820461256,0.40130032947104555,0.40678184466114503,0.3978085993977151,0.38749200431860964,0.41050864211669136,0.40001627389569183
behenoylcarnitine__C22.,0.36340513185245904,0.3739319314175844,0.3975882237268878,0.4006923186458912,0.39592165626066556,0.4036882976374974,0.395666246508835,0.4224319076848197,0.42741880192484016,0.41033912236990105,0.3991083638029381
linoleoyl_linolenoyl_glycerol_18_2_18_3__1_.,0.39507707121110175,0.40764526523813005,0.3896889802370111,0.41072788765587337,0.392842424237858,0.39877297840167736,0.40002403413298926,0.40752584799428,0.3892527494219376,0.3953908710979379,0.39869481096287956
3oxoLCA,0.40831769356706454,0.407794065904757,0.40685944703412014,0.3955498429493723,0.3640259508362597,0.3942788215589939,0.3896204189171982,0.39990386346804246,0.40810824250214156,0.406625886494098,0.39810842332320473
X___25758,0.39479981224746263,0.3948420038288859,0.39175034035798045,0.39695949382157025,0.40818320790127766,0.4056227063036483,0.4091091624293008,0.39094983044258214,0.38966788444629946,0.3989884568353752,0.39808728986143826
X___23456,0.4006942021986334,0.40063317508978885,0.40348487394134913,0.3928654035813118,0.4011044399858658,0.4031334029996707,0.38893932624564986,0.39779089400193923,0.395292926355348,0.3935826604655087,0.39775213048650654
cis_urocanate,0.3931622514934689,0.40770478550478084,0.3874479291844442,0.3956922395366761,0.39177784022801526,0.4084243026522682,0.40236566690198516,0.3956297055856379,0.39774041478845057,0.3936527286275153,0.3973597864503242
X___16391,0.4133381150458946,0.37545949269143863,0.4084145081780092,0.41620525902994016,0.4219346497609018,0.4152487909474948,0.3679912060689575,0.408244988431219,0.3868090280943192,0.3511017653409719,0.39647478035891465
X___14263,0.38766792814472306,0.3999008497836551,0.39489587343731036,0.3903538743549773,0.4013613565798901,0.4120007925989938,0.40530702286407,0.3909230839936441,0.38734885431020905,0.3917266075934298,0.3961486243660902
tyrosine,0.38880032005328186,0.39776565439519496,0.39756260740959504,0.39431046524506147,0.40670725597255736,0.410992377167159,0.4129700688400856,0.3779826999447742,0.3810042952536731,0.37938971384313314,0.3947485458124516
X4_imidazoleacetate,0.3899086024867416,0.39784551703146054,0.38454123059281425,0.38745056615828316,0.3920950305097873,0.4072467054778987,0.4063343125296189,0.3864775228117072,0.39267704830710043,0.3811832327641739,0.39257597686695855
X___16060,0.38489458508723484,0.3891118596768275,0.3850298241741186,0.3999566029448216,0.3827111707485766,0.40124382288878213,0.41503406593489384,0.38688022638797115,0.37927933765244526,0.38906703112156515,0.3913208526617237
dihydrocaffeate_sulfate__2,0.3902845596140675,0.40273597337108474,0.383430687896064,0.3927369452842996,0.39774455860448327,0.38032998337199636,0.3852309876069763,0.3891725100751236,0.40247754993486673,0.38773837301727815,0.391188212877624
X2.3_dihydroxy_5_methylthio_4_pentenoate_DMTPA.,0.3761963385241535,0.4008124893108381,0.3933442026883571,0.3932854358428031,0.3976646959682176,0.3890180587502703,0.3882228227825498,0.3911257542686955,0.40503127074262457,0.3714268062705731,0.39061278751490824
pregnenediol_sulfate__C21H34O5S.,0.3911197268999207,0.3917748265436279,0.38317716169697547,0.3744544289482467,0.39646562629258797,0.39677980288997255,0.3819679208365384,0.3976228810973427,0.3899782939381998,0.3953976518878095,0.3898738321031222
orotate,0.39385916600805093,0.38749690155573924,0.3959536766572815,0.3879097763168105,0.40141710974105665,0.38595841567598066,0.38903199704056185,0.37823961653879845,0.3932541688672841,0.3839170212140777,0.38970378496156416
X5_methyluridine_ribothymidine,0.39044541501824404,0.39353519493640743,0.4057489043373699,0.3935476263845054,0.37308395597308475,0.35422959302452606,0.40404730279014434,0.400639579169112,0.39444532762139684,0.38201953018167245,0.38917424294364633
nicotinamide_riboside,0.3870847802157647,0.3976752438635735,0.37384378114925343,0.3995128379187796,0.39045822317689044,0.39253540514089347,0.4023279958471429,0.38255182218659367,0.37851160155475977,0.37730951819474273,0.3881811209248395
UCA,0.37403703366059426,0.38852682819512696,0.388844018476899,0.38062645457360506,0.4083470769898416,0.3824678157342955,0.39340522979720155,0.3832099355146883,0.41173219797796845,0.3643653670403886,0.38755619579606093
X3_5_uridylylcytidine.,0.40215244873157785,0.4048643879696732,0.38051080443523927,0.397614216754729,0.3695575685292994,0.3854321510398341,0.36122096409270393,0.39112349400540497,0.38705577350353615,0.39455080657495517,0.38740826156369523
X___12828,0.3872324507507464,0.385076536282123,0.39463556644835024,0.38821152146609716,0.37409881419053564,0.39714295185865217,0.38218829650736574,0.3764005156413986,0.389706685632787,0.39548617886668885,0.38701795176447457
X___25713,0.38124614342576046,0.40354213394470934,0.3845826687531408,0.3785861902433474,0.37278861490312126,0.40842693962610715,0.3978364759782984,0.38124765026795415,0.3754365133479847,0.37364374784804094,0.3857337078338464
linoleoyl_linoleoyl_glycerol_18_2_18_2__1_.,0.3987699647172899,0.40664246175822866,0.3812687460586658,0.3823367204634443,0.3790077293470324,0.38456986059449433,0.3940524185193919,0.3847627363952869,0.36087288354596125,0.38397767161237384,0.38562611930121693
aconitate__cis_or_trans_,0.37565086165003736,0.3906665441101682,0.38253449350136626,0.3685995936046603,0.39055428436673817,0.39008226604956453,0.394173719315984,0.38393020608327255,0.3856679718431467,0.39185958641702306,0.3853719526941961
p_cresol_sulfate,0.38123032158272674,0.393298620711998,0.39755092938259395,0.38369702225379887,0.39027627198200227,0.3830230870826705,0.37347535823289596,0.38498838601379204,0.3751159326712771,0.3901568547381522,0.3852812784651908
oleoyl_linoleoyl_glycerol_18_1_18_2__2_,0.3983171586380858,0.40303734180982287,0.37669510329026523,0.39133256835977953,0.38128193092786067,0.3843558890029902,0.3788163603884337,0.39517953648027276,0.3521388494807798,0.3796240278042521,0.38407787661825427
X1_palmitoyl_2_oleoyl_GPC_16_0_18_1,0.38340582499986814,0.38423270465365605,0.3739782668150403,0.36675860915451836,0.3942901228754466,0.3791324205385604,0.38548978775374276,0.3878065576265427,0.39137136954626717,0.3884435751639255,0.38349092391275674
urate,0.37462244185284327,0.36885914717252355,0.39101801505184663,0.3683038758241485,0.4028286441659967,0.3846647916526969,0.3933242370292907,0.3930454712234579,0.37368970653494854,0.3803574832420312,0.38307138137497837
valine,0.37763725637187046,0.3855587257841041,0.3938075566629171,0.37394398615513386,0.40014646506122675,0.39834277495537856,0.40575719196943516,0.3630943456500103,0.3626720531252283,0.3682413418731103,0.3829201697608416
3oxoCDCA,0.38393472660985367,0.3813207321143482,0.38361753632808165,0.3861501613451278,0.37593942193012914,0.3821317899251023,0.3835851392209173,0.3831952438032998,0.3874690249751559,0.3808114194528806,0.38281551957048965
N_carbamoylsarcosine,0.37190635879871525,0.38139268382909686,0.3875989901143618,0.37162118891355916,0.3822459332212744,0.38131244448228285,0.3906345237135523,0.39604408718890294,0.38914614033673395,0.3739669654985877,0.3825869316097067
X1_linoleoyl_2_linolenoyl_GPC_18_2_18_3.,0.3510109780988021,0.38051381811962665,0.3971388080426195,0.38595540199159334,0.38300387484470105,0.38763590774810713,0.3966494610402183,0.38375654252044966,0.3798387528168531,0.37717201884456847,0.382267556406754
X___24683,0.3734682007324759,0.3798455336067247,0.37704092357371727,0.38636601648937413,0.38689228112552065,0.38711378692799325,0.3929113622682193,0.3719199203784584,0.38515451536564654,0.3809737816992508,0.382168632216738
gamma_glutamyl_epsilon_lysine,0.37888153131331087,0.37435497736346307,0.37821287008986054,0.3904386342283724,0.3759273671925797,0.38199579741712175,0.3827413075924504,0.3970133634299947,0.37872372526082904,0.3813497388265767,0.3819639312714559
X___24253,0.38522345339600783,0.3909912686029086,0.3800120396691275,0.3811892601329487,0.36277225813110875,0.3855282122296818,0.40605780698707644,0.3832920584142444,0.36240910916242924,0.3801702580994651,0.38176457248249984
X___23583,0.39071212608652733,0.39053394199712343,0.373075291630471,0.36277338826275407,0.38447455282574344,0.3881749805429001,0.39138003388888093,0.3829752448430209,0.36433146309103054,0.3881459738306715,0.38165769969991226
phenylalanylalanine,0.3648015978554621,0.38969689115852796,0.3746442910646518,0.37814769916498336,0.38525246010823644,0.38965055576107205,0.3890979213865358,0.36782470000655476,0.39519498161275807,0.36919554969226515,0.38035066478110474
X___15136,0.36588916120875864,0.38650991991887157,0.373409433886922,0.38508030338760724,0.38170535358428775,0.389014291644786,0.38439167650509043,0.38790261881639043,0.3556637300823715,0.38638334517460154,0.37959498342096876
glycerophosphoethanolamine,0.3757570940246926,0.3740671705044681,0.375155110568313,0.38195285241460153,0.37878471670236624,0.3670991554902925,0.38383828870945746,0.3868828633618101,0.38469681204931283,0.3701365726422251,0.377837063646754
oleate_vaccenate_18_1,0.37323916071903485,0.37533630834210435,0.38167484002986557,0.3711160200681243,0.377251881480834,0.3736128575830703,0.3895085358843166,0.38265790224379354,0.3901018549980825,0.3622712331017065,0.3776770594450933
X___23109,0.38471828455057294,0.38229076177653676,0.39618723719730364,0.370261263833753,0.38022827152392213,0.39158684797996496,0.36171370149004084,0.3734237488877621,0.3855911228912685,0.3486542769078693,0.37746555170389945
glutamine,0.37701832094081195,0.38136292369577146,0.3876408049852366,0.3741809370900918,0.38747166194899485,0.40014232124519405,0.3896705214201384,0.35275816162238677,0.3556008194207849,0.36830538266634216,0.37741518550357533
N_acetylglucosaminylasparagine,0.3917703060170469,0.3812114860553056,0.3842933550519521,0.37237536343150146,0.39086205688479964,0.38973832931885455,0.3775072912326647,0.36860373742069297,0.36304047604158585,0.3537632253655787,0.3773165626819983
X___24210,0.368737469665383,0.3742619298580027,0.38756470945445526,0.36592946923743985,0.3819181950441467,0.3785722519530558,0.36945472654957995,0.3697768140684814,0.38410537648828913,0.3845845523058829,0.3764905494624717
X___18886,0.38742894178889287,0.39311892978040025,0.382162680190073,0.34793928028696297,0.38656680321168335,0.37064814556698317,0.37449662052967003,0.381575388445082,0.37053287213916586,0.3682714787169842,0.37627411406558975
X___23507,0.36320246157740754,0.36961821892759544,0.3748499750240906,0.3936052630984141,0.3446878915435262,0.3826139794270835,0.4010313581394717,0.38731645720304464,0.38737936786463123,0.3523268280444428,0.3756631800849708
pheophytin_A,0.3700732852700901,0.37215498776067424,0.38755981221732577,0.3688550033564909,0.3823566861225107,0.37812434311098114,0.3677858988200672,0.36667878105119556,0.3809097409060189,0.3801239227020091,0.3754622461317364
X___25490,0.3625846562779942,0.36835322490599176,0.3801329637551712,0.379599918329153,0.3736742614024631,0.37936033042035616,0.3767534934252708,0.3834344550015482,0.3790943727731697,0.3704997216109046,0.3753487397902023
X15_3_anacardic_acid,0.38354746816607505,0.3841147942519997,0.38867751241449605,0.3736708710075274,0.3648106389086243,0.3868832400723585,0.3856630746060172,0.3670837103578072,0.3628502372146322,0.3547381522648968,0.37520396992644345
dehydroepiandrosterone_sulfate_DHEA_S,0.3779902341557427,0.37676328789952973,0.3629199286660905,0.3580509448277264,0.3800847448049731,0.3836627415938924,0.3744468947372782,0.3767414386877212,0.37226950776739476,0.38563030078830446,0.3748560023928653
X6_oxopiperidine_2_carboxylate,0.3682820266123399,0.3781198225844,0.37344032415189266,0.36573282633116316,0.38009905980581316,0.399986363078147,0.36935527496479637,0.3623077740249035,0.3793188922600296,0.36828880740221154,0.3744931171215697
N_carbamoylaspartate,0.4000794105836074,0.36181918044359923,0.3575405020346136,0.3789749555293197,0.3953565904380315,0.3688369212501667,0.36059261089793476,0.381112034470522,0.3637603698996216,0.3751035012231791,0.37431760767705957
X5__GMP,0.37019684632997274,0.36723477128772464,0.3897586716884694,0.37807913784517044,0.36855212807555904,0.38559526670730115,0.3622071923084747,0.3673349762936051,0.3772176008209276,0.36987890262710404,0.3736055493984309
N_acetylserine,0.37005934697979853,0.3791128315900424,0.36841914925196584,0.3634262276431707,0.3838006176546151,0.38595464857049644,0.36959297932085106,0.36119007382773327,0.37933019357648234,0.36916281064143525,0.37300488790565905
X3_hydroxyisobutyrate,0.3696148285326596,0.38244144599590585,0.364358586250517,0.3738445345703503,0.3688542499353941,0.36826695819040295,0.3682628143743703,0.37814845258608015,0.37903447579597044,0.3671654565468149,0.37199918027784656
lanosterol,0.36316780420695266,0.37088584992303797,0.3678616176403001,0.37032907173246915,0.37814167179620856,0.4075201973360536,0.37569644362639654,0.35412637433425825,0.3730553259714046,0.3539052452423341,0.3714689601809415
X1_2_dilinoleoyl_GPC_18_2_18_2,0.3542228122346544,0.36005429152423857,0.3428484139355779,0.39589151941679174,0.3643638601981949,0.36460495494918543,0.3842063349152664,0.3774304422807864,0.3810653223625175,0.3855858489435905,0.37102738007608044
X___24977,0.35791645916193954,0.376055072068495,0.3633655772448746,0.3713122862638526,0.3729822441250106,0.3632811940820279,0.3844666419042266,0.37382004838470284,0.3673888459020296,0.3729946755731085,0.3703583044710267
uridine_2.3_cyclic_monophosphate,0.3523942592326104,0.3836559608040208,0.3742178547238372,0.3812457667152121,0.37516867214805627,0.3665250486144962,0.35878741394989294,0.36614645451333133,0.37122112231113424,0.36923548101039794,0.36985980340229896
X___25095,0.3740253556335932,0.37433651854659034,0.3650468364224853,0.37701304699313404,0.35316500901468334,0.37353939902612787,0.3712410879702006,0.38369702225379887,0.36745552366910045,0.3566525952719812,0.3696172394801695
gentisate,0.33577152957290807,0.37805088455403874,0.3852780764255292,0.37528884281300307,0.3604739470751816,0.379807485841334,0.38340356473657755,0.3590017622519454,0.3746894963304625,0.35852560011873913,0.36902911897197194
tryptamine,0.349609238148121,0.35795526034842706,0.3263266427028529,0.36200945336374923,0.3850196529893112,0.38035446955764385,0.36014846916134435,0.40319329997686987,0.40494274376374517,0.3560306461565352,0.3685589876168599
harmane,0.3654634782890409,0.3610770606632064,0.37423028617193516,0.3714260528494762,0.38635433846237294,0.3740261090546901,0.3680322675187357,0.3615931541145455,0.3592703568729709,0.36287698366357024,0.36843500876605434
X2_hydroxysebacate,0.3764050361679797,0.36315348920611257,0.35612407037254407,0.37971217807258306,0.37058561161594505,0.373409433886922,0.3679731239626333,0.3598271350635397,0.35980117592092475,0.36464601639896355,0.36716372706681477
X___23680,0.3647526254841672,0.3643499219079032,0.356075851422346,0.37581699100189175,0.3648049882503979,0.3669138139004685,0.3682255200300765,0.3635652338355387,0.371475778641868,0.37174399655234497,0.3667724721027003
pentadecanoate_15_0,0.376771575531595,0.3619770221633884,0.3437830328062148,0.3114431856452185,0.36248106087717796,0.4078419081444067,0.36968640353685994,0.38818477501715914,0.37489593371099816,0.3604223377300477,0.36574872351630666
indolepropionate,0.3592470008189687,0.3737590212758583,0.36448101717875436,0.3576987204649511,0.342426121410796,0.37312275715957227,0.37508730266959694,0.37442805920985706,0.37239683593276157,0.3643883463838424,0.36570351825049585
X___13507,0.3710613970386029,0.39807606388709527,0.35114358021184694,0.3709819111128858,0.3628833877428935,0.3676676117078624,0.3752760346543567,0.3541067853857403,0.3550361303086992,0.35029673489899255,0.3656529636948976
X___25690,0.35697204581704367,0.357884815475872,0.4063565384519757,0.3607316170903027,0.37087982255426316,0.3758380867926035,0.35802231482604635,0.3746981606730762,0.3364978275102672,0.34837814807587547,0.3646259377267326
isoUDCA,0.3410002719850159,0.3558264690392901,0.3664738159799107,0.3712188620478437,0.39278667107669146,0.36555991618943706,0.34440686547440286,0.36829069095495365,0.39538672728190527,0.34420683217319037,0.36451571222026413
alpha_hydroxyisovalerate,0.37056112543029757,0.3523897387060293,0.37110509546222004,0.37008270303380064,0.34832653873074154,0.36205161085197607,0.36762353657369695,0.35338048744838113,0.36826620476930616,0.3793946110802626,0.3643181652086712
creatine,0.3659656334500885,0.36748905090791,0.35957511570664485,0.35625252866955626,0.34789143804731326,0.3679993400030586,0.38346685210871256,0.370793179128126,0.3466611013961646,0.3699542447367885,0.36360484841543633
X___25837,0.3669420671916002,0.35541962164699353,0.3586212845980385,0.3652856709101854,0.3675504547273029,0.3726168348930406,0.3690414750779602,0.34799201976374217,0.376130790888728,0.35323997441381944,0.36328401941114113
X___25766,0.3686745590037964,0.3560671870797322,0.36245582127043363,0.37159142878023377,0.3646181398183803,0.3791068042212677,0.38226250848540505,0.331556515246606,0.3727351220052453,0.3423779024605979,0.3631445988371699
gamma_glutamylmethionine,0.36002114099597743,0.36396718399070577,0.35979247769308487,0.36206479572117084,0.35510393820741526,0.3781156787683674,0.37506130964175577,0.36157921582425395,0.3590108033051076,0.3456402158099389,0.36203567599577774
X10_hydroxystearate,0.3669492246920202,0.36508526089842447,0.36129931988677577,0.35152970852398024,0.3624264378476567,0.3702239694894592,0.37207587854550545,0.3573491330760149,0.3606280216894865,0.35157529050033937,0.36191422451496624
guanidinoacetate,0.3662357349133075,0.3763760294557511,0.3500733455437779,0.3486964684892927,0.3472642149841894,0.3805578932537921,0.3719783105134639,0.35133909298647836,0.3542032232861365,0.35321096770159094,0.35999352811277807
X___25556,0.3452171698640602,0.35662547211249473,0.34883020073398274,0.35876970855411705,0.3703230443636944,0.3810615552570333,0.37006914145405745,0.35220251356346327,0.3626132862796743,0.34788089015195744,0.3593592982334535
maltose,0.3355556744286619,0.3691552416635838,0.3380732310237712,0.3544462015898691,0.3449941572193939,0.369839724730068,0.39223742709709103,0.35398096406256707,0.37338419428017766,0.35908388515150164,0.35907507012466855
X1_stearoyl_GPI_18_0,0.34403241518927064,0.37074232320408895,0.3652393355127294,0.34779010290978757,0.36259784114718907,0.34963636130760745,0.3330467821761664,0.3755212732213799,0.368454936754066,0.3724823492272536,0.3589543720649539
X___23644,0.3653429309135456,0.350238344763987,0.3534136379766424,0.3484508532117211,0.36461587955508973,0.35318196098936244,0.3670829569367104,0.3622776371810297,0.357755603757763,0.36465468074157725,0.35870144860274283
X___20172,0.3555853742882995,0.3659509417387,0.3549393156977545,0.35616550853287055,0.36917031008552076,0.3670279571966406,0.3420347191509848,0.37718708726650535,0.35900665948907495,0.338483845521552,0.3585551718967903
X1_1_enyl_stearoyl_GPE_P_18_0.,0.3534535692947752,0.3650351583954842,0.3502390981850839,0.34271807208582367,0.36295345590490014,0.345544908041188,0.373968095630233,0.36056511102789995,0.3579853971923009,0.37188262603416455,0.3584345491791853
tyrosol,0.3690621941581234,0.36458950981670013,0.33806833378664164,0.36196195374145146,0.3570225250305324,0.3499859486965438,0.3645424209981472,0.36107404697881906,0.3537123694415416,0.36425649769189444,0.3584275800340395
X4_guanidinobutanoate,0.36368766476377606,0.364948514969347,0.3528263462316514,0.35269638109244544,0.3428939959119371,0.3683690467490256,0.3647341666672945,0.36352643264905116,0.36041065970304653,0.34604141254400916,0.3580134621281584
X___17654,0.35445938645906394,0.3466671287649394,0.3642606415079271,0.36001021639007313,0.35506513702092773,0.378797901571561,0.37002732658318255,0.356175679717678,0.34410662716730994,0.34950714958949847,0.35790771947721617
X___14254,0.33825781919249825,0.37301916175875605,0.35910121383672905,0.3700902372447692,0.36444862007159,0.3645955371854749,0.36421053900498684,0.3726891633183376,0.3530794957201914,0.31521518836657547,0.3574706975699909
N1_acetylspermine,0.3536223356204686,0.35441606474599535,0.35814399233318683,0.35669817724834035,0.3713989296899898,0.345544908041188,0.36270332010074735,0.36542015657597227,0.3474333580204312,0.35590331799116837,0.35712845603674886
caffeine,0.39720661594133555,0.3627824293159162,0.3894230225898247,0.3359482068201184,0.32678999667741293,0.35327802217921017,0.3725072121234495,0.34628250729499976,0.3088954922062354,0.37756831834150917,0.3570681823490012
pregnenetriol_sulfate.,0.355473491255418,0.35813118417454054,0.3498571136889832,0.338722680009252,0.35919313121054425,0.3657252921201947,0.3454307647450159,0.37259746939014765,0.3577605009948925,0.3599861069149741,0.3562877734503963
erythronate.,0.3630487636736511,0.3617867833364349,0.37138875850518227,0.3563233502526597,0.37116122533393503,0.348933796134799,0.36375358910975003,0.3357692693096176,0.3437619370155031,0.34636010966797476,0.3562287582339508
X2_O_methylascorbic_acid,0.35016300265430245,0.3668237800793955,0.35578314732622146,0.35431887342450225,0.3492038975980182,0.35886124921738377,0.3486459892758041,0.35542888452888405,0.36064120655868126,0.3530147015058627,0.3552884732169056
X1_stearoyl_GPS_18_0.,0.3558777016738756,0.36666141783302525,0.347025003785941,0.34669462863497424,0.3606099395831622,0.3300233033145254,0.37368066548178636,0.3559296877295579,0.33603183656186825,0.3777841734857553,0.3550318358084471
undecenoylcarnitine_C11_1,0.3528297366265871,0.35519924597616626,0.35188117946565867,0.353449802189291,0.3509763207283472,0.3576844054641111,0.3604581252321478,0.34351971213286725,0.35893696803761677,0.36459327692218435,0.3549528772774977
X11_ketoetiocholanolone_sulfate,0.36312448249388407,0.3576546453307858,0.34549141514331194,0.3676604542074424,0.35783584310457706,0.3506572468938331,0.35833272431794666,0.35514575307829027,0.3316815831486823,0.35789385652903416,0.35454780042477874
X___24931,0.34715233195130785,0.3424219775947634,0.35651471921125855,0.3567324579082468,0.36250554706282545,0.3683099031929232,0.35666088290404646,0.35815943746567225,0.3534901102179722,0.3378392937732006,0.3539786661282217
X3_hydroxysuberate,0.3383806268312841,0.3420030754649173,0.35783395955183495,0.36950256878922966,0.3653304994654477,0.3279468747716192,0.3742690873584227,0.3547181866058303,0.33958949098117275,0.35541095730437977,0.3524985327124139
behenoyl_ethanolamide_22_0.,0.392991224904485,0.34620716518531514,0.360321002592522,0.3363659788183192,0.36455334560405156,0.3200404737813225,0.34688901127796035,0.3784641360256585,0.3316149053816115,0.34624408281906055,0.3523691326390306
X___24212,0.3471798318213427,0.33772251350318955,0.3700480456633457,0.3559089686493947,0.34818075174850194,0.35723272951655227,0.33991609902665526,0.34698846286274393,0.3570737576651178,0.3516668311636061,0.351191799162045
tryptophan,0.34169605636795275,0.35408192248954434,0.35994466875464765,0.346893155093993,0.36547063578946093,0.3643284494066431,0.3691321087288473,0.3278199233168007,0.33690203792872475,0.3449877531400707,0.3511256711016685
X2_hydroxy_4_methylthiobutanoic_acid,0.3605929876084832,0.3472958586702569,0.35518643781751985,0.3544608933012576,0.3300319676571391,0.3229434052674682,0.3562581793277826,0.3486437290125135,0.35720485293596893,0.37489367344770763,0.3507511985046097
alpha_tocopherol_acetate,0.3439178951825501,0.36709840206919564,0.35438027724389515,0.3563372885429514,0.3381026144465481,0.36298999682809713,0.3597438820323383,0.3203354381407375,0.3634672890929488,0.3379078550930135,0.35042809386722756
gamma_glutamylalanine,0.34928564378702587,0.3380980939199671,0.35441455790380166,0.34710788010659394,0.3622595550747054,0.3569645116060753,0.34950752630004683,0.34922386325708454,0.34734897485758454,0.3476171927680616,0.35018277995809466
imidazole_propionate,0.349558382224084,0.32855978283390297,0.35282182570507026,0.3567226634339878,0.3484595175543348,0.3528824761033663,0.3496231764384127,0.36381687648188504,0.3360009462968976,0.3594089863547905,0.3497854633426732
X___11530,0.340236679703363,0.35350781561374806,0.3477335963275241,0.35928881568984367,0.3534049736340287,0.3541531207831962,0.34201475349191834,0.34494104103206635,0.34653942388902403,0.3518239194622984,0.34936441396270107
glycosyl_N_2_hydroxynervonoyl_sphingosine_d18_1_24_12OH.,0.34407724374453297,0.35060413070650553,0.35386682076639503,0.35071865071322605,0.34636802058949173,0.3473783582803615,0.34334755541223805,0.3500658113328094,0.34865917414499886,0.3569859841073353,0.3492071749797894
palmitate_16_0,0.35006844830664835,0.3511831678930338,0.34506686235523953,0.3356080371948926,0.3536298698314371,0.3546805155509881,0.36171219464784715,0.35169922827077044,0.35253816266210797,0.3353646821806116,0.34915511688935763
X___23593,0.3481958201704389,0.3439288197884544,0.33957517598033266,0.3657362167260989,0.3507224178187103,0.3473286324879697,0.3467454845590113,0.3440983395352446,0.34806547832068463,0.3560954403708639,0.34904918257578094
N6_carboxymethyllysine,0.34539008000578625,0.3584770044579926,0.3443390575756867,0.343345671859496,0.3597103547935287,0.3665408704575299,0.33386349064514687,0.34706116799858955,0.34213266389357466,0.3426024219474579,0.34834627836347887
X___25027,0.3506636509731563,0.34995505843157315,0.34917790457017694,0.3382642232718215,0.3489767411373192,0.35006882501719677,0.3447097407553347,0.3543132227662759,0.34994262698347517,0.34457525508954784,0.3480647248995878
S_1_pyrroline_5_carboxylate,0.34511583472653445,0.34289324249084024,0.3727456699006011,0.3305036092637644,0.372251048950522,0.2847920444759542,0.34569521555000865,0.33716347504933014,0.3837591794942886,0.3657271756729369,0.348064649557478
histidine,0.3348738283360167,0.34986276434720953,0.3618180843871278,0.3479276022599619,0.3576881725695953,0.3688851402003648,0.35146114720416727,0.3351838926841972,0.3270420160343077,0.3376038496804364,0.34723464977033835
X2_palmitoylglycerol_16_0,0.3482997922818035,0.3485642430867963,0.3471621264255668,0.34728681761709473,0.3430902621076653,0.3429505024942005,0.3479362666025756,0.3491809182545644,0.3457536056850142,0.35095484822708706,0.34711793827823684
X___19931,0.34394840873697236,0.3520785757930321,0.32891502088106567,0.35733557149627165,0.3397706887549641,0.3516581668209923,0.34791253383802495,0.3370794685970319,0.3482029776708589,0.3598508678280904,0.34667522804173045
X1_carboxyethylphenylalanine,0.33717364623413765,0.38648317346993355,0.3045535264251148,0.28704439684497374,0.3882578568635531,0.3562306794577477,0.36175664649256106,0.36804695923012415,0.3367807371321327,0.3401688718046469,0.34664964939549253
linoleate_18_2n6,0.3465605196797357,0.3546816456826334,0.3593796029320135,0.3497192376282605,0.33440708396652097,0.33990329086800886,0.3528316201793293,0.34857780466653954,0.33766638363147455,0.33987164718194135,0.3463598836416458
X___25831,0.37042776989615595,0.35175648827413075,0.3551966090023273,0.3084822407346157,0.3361911851238511,0.3596934028188496,0.36609484516819746,0.3416986933417917,0.32323196554756,0.34767520619251857,0.34604484060999974
linolenate_18_3n3_or_3n6,0.3441736816449292,0.3479362666025756,0.3513579285138994,0.35042858359094053,0.3365381355389484,0.3427855032739913,0.35477921371467486,0.3435588900299032,0.3475085445023767,0.33824011379672236,0.3457306861208963
X5_aminovalerate,0.32500702565172807,0.35594287259875274,0.3257090564332246,0.3628468468196965,0.34256324405042193,0.3618308584706003,0.34978177157929863,0.3360604665635484,0.3573150744224736,0.3287745078465039,0.3445831724436249
glycyrrhetinate,0.3551239038664816,0.34491806168861255,0.3567079717225993,0.352364499099285,0.33118244167202215,0.34574607147404574,0.3139671463196509,0.34649986928143967,0.3466336015261297,0.35265456622157054,0.3445798132871838
X2_deoxyuridine,0.33891630923114124,0.34144328358996107,0.3500149554087723,0.3429094410444224,0.34770722658913455,0.3483472578109048,0.35465527594424373,0.3392719239888523,0.3471018527378192,0.3289752945688133,0.3439342820914065
X___19299,0.35190152183527346,0.35203374723776987,0.3453731280311072,0.34121273673432634,0.3637652671367511,0.33808189536638483,0.355161574921324,0.34519494394170325,0.3268453731280311,0.3195503733578245,0.3439120561690496
X5alpha_pregnan_3beta.20alpha_diol_disulfate,0.34824328569954016,0.35052087767530404,0.3375985757327585,0.33581598141762203,0.35200323368334757,0.34003513955995684,0.34613747373385695,0.33925760898801227,0.34553775054076796,0.34350577384257563,0.34386557008737423
X___24137,0.33825593563975614,0.3564698906559961,0.3284482765115698,0.3421255063931547,0.3411716752845482,0.34225321126907,0.34300135841823753,0.345376518426043,0.34171451518482543,0.33462934319009036,0.3413446230973291
carotene_diol__3,0.3174878831052099,0.34740623486094474,0.3698212659131953,0.325516715023744,0.35623256301048983,0.35505609596776555,0.3263179783602392,0.356231809589393,0.33441612501968304,0.32180536270068305,0.34102920335513476
X2_deoxyguanosine_5_monophosphate_dGMP,0.3526534360899253,0.33427824895896036,0.3661649133302041,0.3378193281141342,0.3443337836280088,0.3422716700859427,0.3202563289255687,0.3593780960898198,0.3249456218323351,0.3268822907617765,0.3408983717816675
X5_hydroxyindoleacetate,0.3446415561460703,0.36446557204626906,0.3234606288504527,0.33991572231610684,0.32188597875804553,0.3526685045118622,0.35329874125937344,0.3412176339714558,0.34230180692981654,0.32016102115681777,0.34040171659462704
X2_hydroxyglutarate,0.34185578164048397,0.339117472663999,0.3368971406915953,0.3554749980976117,0.3513134766691856,0.34390508702390377,0.33976315454399564,0.33409479092187844,0.3251829494778415,0.3287940967950219,0.33963989485255175
CA_S,0.3430307418410145,0.35272614122577084,0.33892911738978765,0.34706606523571903,0.3376019661276943,0.3441970376989314,0.32924765629532293,0.31699740597116355,0.34629004150596815,0.33793648509469365,0.33940226583860666
pimelate_C7_DC,0.36068038445571726,0.33379982656246343,0.31965321533754393,0.32600267163120933,0.33007189897527195,0.331395283131881,0.33686474358443097,0.36536327328316043,0.35951559543999406,0.32835221532172204,0.33916991077233943
X1_carboxyethylleucine,0.3216746441403804,0.30266168605093574,0.34408063413946877,0.31168428039620905,0.3338024635363024,0.3431527960587035,0.3830181898455411,0.3390643564766714,0.3600663462617882,0.3468125390366305,0.33860179359426307
creatinine,0.35380391010480833,0.34387984741715943,0.33486252701956404,0.3307006288805895,0.32118266016414027,0.34104058001369714,0.3413087979241742,0.3348470818870787,0.3399778795565966,0.3386571323738264,0.3380261045341635
gamma_glutamyltyrosine,0.33276424926484927,0.3465017528341818,0.3478552738346647,0.33019282306131564,0.33918113674668243,0.33408537315816794,0.3471689072154384,0.32605842479237596,0.34143650280008947,0.3294224499897911,0.33746668936975566
X3_carboxy_4_methyl_5_pentyl_2_furanpropionate_3_CMPFP,0.3213099883295072,0.36595546226528103,0.33089651836576933,0.33854411920929955,0.3128358845427374,0.31155167828316427,0.3373966588788039,0.3624897252197917,0.33922596530194477,0.3523490539667997,0.3372555054363099
N1_._N8_acetylspermidine,0.2994660504686656,0.33087692941725133,0.34235793680153154,0.34414166124831325,0.35573191469163595,0.33904439081760496,0.3194938667755611,0.34503446524807513,0.3424396829905393,0.3476450693486448,0.33662319678078234
threonylphenylalanine,0.33571841338558056,0.3515911123433731,0.3248570948534558,0.3432044054038374,0.3411701684423546,0.3415397214903573,0.32293474092485447,0.3264664023163178,0.33666169659883105,0.3370176880670906,0.3361161443826053
X3_5_cytidylylguanosine,0.33965089480056565,0.3512347441645652,0.3227565568354505,0.34560781870277457,0.33121069496315386,0.3220769710060959,0.3186376036989962,0.3368545723996235,0.33595687116273215,0.34986728487379065,0.33538540126077476
tyramine,0.33870083079744345,0.36304574998926376,0.3236248746495649,0.31004219911563424,0.3439728949226198,0.3355831742986967,0.33626916420737457,0.3325224010927619,0.3400551052190232,0.3279581760880719,0.33517745703804547
TMP,0.33297370032977236,0.3317068227554267,0.3519896721036043,0.3263869163906006,0.3409411284289135,0.3411829766010009,0.33349657457098314,0.3274228703987631,0.3264200669188618,0.31896534187612396,0.333148607037405
N_acetylglucosamine_N_acetylgalactosamine,0.32419521441987703,0.3344861931816897,0.3354954007409142,0.33302304941161576,0.33883343291048823,0.3352185184878235,0.34205016428347007,0.3198321528480447,0.3282199899192257,0.3372990908467624,0.3328653207049911
gulonate.,0.33124723588635085,0.33717063254975027,0.3441567296702501,0.33249716148601755,0.32904121891478727,0.33355157431105287,0.3204435540681348,0.3218761842837866,0.3372746046611149,0.3402845219430127,0.3327543417774258
N_stearoyl_sphinganine_d18_0_18_0.,0.32565007055788564,0.34479977457640776,0.27855635476791235,0.3129458840228768,0.34831448399319204,0.3379338481208547,0.380138991123946,0.32725109038868233,0.3450732989327522,0.3256937689815027,0.3326357565466012
N6_carbamoylthreonyladenosine,0.29826585066139066,0.30703190512318806,0.34191869230207056,0.3477633564608495,0.3324847300379196,0.32264203682873,0.3331330488917552,0.3349148897857948,0.34718887287450484,0.35564414113385345,0.33209875241000564
dihydroorotate,0.3316431586727432,0.33365479300132067,0.34810239595443004,0.33315226112972474,0.346193603605572,0.3429855365752038,0.3154178586416269,0.319614037440508,0.30305271160019853,0.3422475606108436,0.3316063917232171
oleoyl_linolenoyl_glycerol_18_1_18_3__2_.,0.32528579145756087,0.3143988566081434,0.33570409838474047,0.33813651839590614,0.36087627394089705,0.3187487333107809,0.3411837300220978,0.33402848986535605,0.31228588714204014,0.33219014238905303,0.33128385215165757
N_2_hydroxypalmitoyl_sphingosine_d18_1_16_02OH,0.33624995196940505,0.3429241327558109,0.30480064854488015,0.33440708396652097,0.338117714711614,0.32533137343392005,0.3284693723022815,0.3143137200241998,0.34926078089083,0.337820081535231,0.33116948601346935
oleoyl_oleoyl_glycerol_18_1_18_1__2_.,0.33630984894660426,0.3506346442609278,0.3365230671170116,0.2997628983808227,0.32532421593349997,0.3183652419724865,0.3441458050643459,0.35087762256466043,0.3071434114455212,0.33621228091456273,0.3305299036600443
trizma_acetate,0.3245165485176816,0.3237925108436131,0.33061549229664594,0.33649707408917034,0.33599002169099335,0.3134582103687318,0.3427915306427661,0.3253091475115631,0.33409140052694264,0.3333447602199688,0.3300406696708077
X2_deoxyadenosine_5_monophosphate,0.32603619887001895,0.3142199190976426,0.34695380549228905,0.3155805975985455,0.345929906221676,0.3309971000821982,0.34653942388902403,0.31579946642717915,0.3376392604719881,0.31896647200776923,0.3298662150158332
succinylcarnitine_C4_DC,0.34213567757796204,0.3380890528668049,0.33792819746262837,0.32345083437619365,0.33685193542578457,0.3295316960488337,0.32680732536264034,0.34346998634047543,0.28741771699846075,0.3328930842724099,0.32985755067321937
X1_palmitoyl_GPS_16_0.,0.35016676975978667,0.32895645904139215,0.3125627693951309,0.3390048362100206,0.31795199050086675,0.33771723955551164,0.331951307901353,0.3244619254881603,0.30728128750624395,0.34451347455960646,0.3294568059918072
arachidate_20_0,0.33128453023064475,0.3270766734047626,0.32632400572901393,0.32570167990301957,0.3355002979780437,0.33825066169207824,0.33049833531608647,0.3326689414960984,0.33238753871642657,0.31468440320384783,0.32943770676700224
nonadecanoate_19_0,0.3325826747805095,0.32689698247316495,0.32827197597490804,0.31342920365650323,0.3358220087863968,0.3362311164419839,0.33422852316656854,0.3296319010547141,0.33428502974883195,0.31667607187335894,0.32880554879569396
citrate,0.34617778176253816,0.315678165630587,0.3442124828314167,0.32564818700514353,0.3237804561060636,0.32476404734799535,0.34222156758300243,0.3363836842140951,0.317124357425982,0.3110996256250569,0.32870903555318803
cysteine,0.320615710788764,0.3359508437939574,0.33236079226748855,0.3228043990751002,0.3468999358838646,0.3357067353585794,0.34290002328071184,0.3068567347181715,0.32285751526242784,0.31980766666239724,0.3286760357091462
gamma_glutamylthreonine,0.33513338190388,0.32706198169337414,0.3300342279204297,0.316661003451422,0.32874550113427536,0.3385508999991712,0.3286920082363994,0.32020848668591906,0.3326599004429362,0.32330354055176036,0.3281050932019568
X___17009,0.32353069701245923,0.3382710040616931,0.3393159991230178,0.2880148032177108,0.329454470386407,0.3241055573093524,0.31074288073570056,0.3268593114183227,0.34765787750729116,0.34427953730903593,0.3272232138080991
X2_hydroxyoctanoate,0.3198830087720818,0.34244608706986246,0.31935975782032255,0.3213887208341275,0.33621981512553123,0.3023697353759081,0.33921805438042785,0.32928269037632624,0.3318627809224737,0.3228522413147499,0.3264882891991811
N6_carboxyethyllysine,0.3267617433862812,0.31841873487036254,0.3236697032048273,0.32998148844365044,0.3310882640349165,0.3214893025505564,0.3149639224307775,0.3368199150291687,0.32973775671882094,0.3319467873747719,0.32648776180441336
X___16946,0.30349911360007953,0.3526236759565999,0.3224977566886841,0.3104181562429602,0.3434884451573482,0.31649223712572866,0.32263977656543946,0.346812915747179,0.3085052200780694,0.33535677125909474,0.3262334068421183
X4_acetamidophenol,0.270440879423241,0.32987374922680157,0.31110301601999274,0.33105812719104266,0.31131020682162525,0.34066989683404914,0.31902674569551687,0.35533147137866267,0.3369837841177325,0.35123060034853254,0.32570284770571967
X2_oxindole_3_acetate,0.34183656940251445,0.3272529739414245,0.3208688602773041,0.3284343382212782,0.3184209951336531,0.31782315549330614,0.34409607927195407,0.3176084304807052,0.30198775087980745,0.33202778014268286,0.325035693324463
X3_ureidoisobutyrate,0.30517735909330285,0.33759443191672583,0.3201320144445892,0.3237378878140918,0.32788509424167783,0.3349322184710222,0.321181530032495,0.3236870318900547,0.30224956471096126,0.3455607298842217,0.32421378624991426
X___12117,0.32369870991705585,0.3382676136667573,0.30371685229706785,0.3226442970920205,0.31882633568375596,0.31856263829986003,0.34372953990833877,0.3389705555501141,0.3379530603588243,0.2953105564090142,0.32416801591828087
X___25545,0.31538244785007513,0.3247542528737363,0.31579456919004967,0.3286347482330391,0.3292487864269682,0.3384966536801983,0.3390312059484102,0.30886121154632895,0.3331149667854309,0.30610896427955236,0.32394278068137894
pyroglutamine.,0.3362028631508522,0.30678591313506803,0.3184232553969436,0.3233916908200913,0.3348289997807544,0.31980992692568777,0.334974786762994,0.33031412385790776,0.31655025055018576,0.31228287345765277,0.32335646838381377
X3.5_dihydroxyphenylpropionate,0.30271329539606967,0.32412627638951563,0.3301069330562752,0.3231777192285871,0.31079411337028606,0.34047589090161146,0.31806914748142623,0.33927418425214284,0.3154197421943691,0.32650068297622425,0.3230657985246507
cytidine_2.3_cyclic_monophosphate,0.3164523058075958,0.31564840549726164,0.3453780252682367,0.3456017913339998,0.3079134078064973,0.32394432519462746,0.31090298271878025,0.3303608359659122,0.31380629091547435,0.3205015674925919,0.3230509938000977
taurine,0.3254376058085752,0.30730238329695564,0.3113610627456623,0.31769356706464874,0.3330885970470413,0.31477782741985666,0.33915363687664757,0.3220091631073798,0.32776831397166684,0.3260523974236012,0.32246445547620356
uridine,0.29903923741730254,0.3315188441917637,0.3274774934282844,0.32753663698438684,0.323658778598923,0.3164873398885991,0.32704766669253404,0.3261461983501584,0.3286656384980098,0.3170328167627153,0.3224610650812677
palmitoyl_ethanolamide,0.33485084899256295,0.3391404520074528,0.3077527697410251,0.32032752721922064,0.3108702089010675,0.33693292819369547,0.31104839299047143,0.3209042710688559,0.3168979543863799,0.32545380436215743,0.32241791578628887
phenol_sulfate,0.3141912890959624,0.33744412440790517,0.3209924213371868,0.3207302307954845,0.32335891700237845,0.3243097344265975,0.323834325714488,0.3184221252652984,0.3227746389417748,0.31508446980627275,0.3221142276793349
N_2_furoylglycine,0.3163615185654259,0.3065308800937858,0.32995398857361563,0.312120887921831,0.334689616877838,0.3396588057220825,0.34585305726979776,0.2805374755420676,0.33339222574907007,0.3168938105703472,0.32159922668858615
acisoga,0.3096217901435945,0.3092590178854634,0.31197924475562405,0.3212429338518879,0.3305879924266111,0.3384356265713538,0.3474435292052387,0.3118078414560917,0.3216087197944064,0.31338701207507985,0.3215373708165351
lactate,0.3230315555357991,0.33181719894611456,0.31946938058991364,0.3168173383290175,0.3335172936511464,0.3133975599704357,0.31810380485188117,0.3090107656340528,0.31802507234726074,0.3316989118339098,0.32148888816895316
cytidine,0.30810628360728975,0.33200442408868064,0.32480661563996716,0.32606482887169913,0.3232055958091704,0.3268438662858374,0.3296541269770711,0.30839223595719617,0.311994313177561,0.32102331160215747,0.321209560201663
N_acetylleucine,0.3264486969205419,0.33359285553309354,0.317336445464744,0.31033038268517765,0.33512434085071785,0.341487735434675,0.29722273915280806,0.32177710940955134,0.30610143006858387,0.3200367066758383,0.3209458442195731
X___23665,0.308288234802178,0.3160778555224636,0.3072308082927553,0.33103703140033097,0.33765244534118294,0.3378543621951375,0.33307729573058864,0.3096933651477948,0.3260863013729592,0.2972302733637765,0.32042279731691675
X1_stearoyl_GPE_18_0,0.32176015743487235,0.3072959792176324,0.323400355162705,0.3130140686321414,0.328983958911427,0.2961980864610982,0.31213783989651,0.3139400231601645,0.3345551312120511,0.34151900241019406,0.3192804602498796
X___25247,0.3224382364220333,0.323395834636124,0.32427394692449735,0.3222156004879154,0.32266765314602275,0.3285172145419312,0.3038596255949201,0.31715148058546844,0.32008906944206905,0.3077506688495787,0.319235933063056
glycine,0.3141912890959624,0.31904784148622856,0.3330381178335527,0.3160929239444005,0.33713261653471427,0.33490434189043894,0.3293437174851708,0.296959795190009,0.2950668246841847,0.31066452494162866,0.3186441993086291
alanylleucine,0.3051246196165237,0.34055952064336126,0.30350099715282164,0.33025422688070855,0.3210485512089018,0.3189935951672557,0.3191958887317587,0.3149940592746513,0.3453200118437796,0.2864808378645333,0.31854723083842956
isovalerate__C5,0.30091299568515734,0.3271512620933503,0.30932117512595314,0.31557607707196444,0.3353646821806116,0.3211947149016898,0.32954638776022216,0.3272288644663254,0.31287656928196705,0.30320716292505184,0.3182379891492293
X___25952,0.3126072212398448,0.32468531484337504,0.3236361759660177,0.3164847029147601,0.32846334493350676,0.31926181307773266,0.3134657445797002,0.3059013967673714,0.32848820782970267,0.3084419327059344,0.31814358548579463
X___25793,0.35052163109640094,0.2951730570588399,0.2984037267221134,0.3462798703211608,0.32703259827059716,0.317526307581149,0.3350354371612901,0.31771692311865096,0.3007314212008176,0.28260297947906954,0.3171023952010089
sucralose,0.3203452326149965,0.3384514484143876,0.32463596576153164,0.31145448696167116,0.30927709999178765,0.3098971655544915,0.3049313671051828,0.3201696854994315,0.33025272003851486,0.29810800894160155,0.3167523180883597
oleoyl_linoleoyl_glycerol_18_1_18_2__1_,0.3308136420451163,0.32840005756137175,0.3191182863587836,0.3101051097772209,0.3071223156548095,0.31356632629612907,0.3296017642108403,0.3287722475832134,0.2808309330592889,0.3180307230054871,0.3166361405552261
N_acetylneuraminate,0.3032007588457287,0.33092477165690104,0.3180563393227799,0.31418488501663927,0.3279287926652949,0.3100610346430554,0.3250179502576323,0.3093482982854396,0.3106690454682097,0.3141027621170831,0.31634946382787643
pregnenolone_sulfate,0.3160356639410402,0.3111542486545782,0.3081654271633921,0.30760262160404855,0.32167087703489616,0.32610287663708987,0.30568968543915787,0.3244984664113573,0.3206654365811558,0.3095502151393941,0.315113551860611
glycylleucine,0.2993164963809417,0.32251998261104103,0.31511837375563084,0.31188958764509944,0.32203101231918835,0.340422021293187,0.31701435794584254,0.3137776609137942,0.3175033282376953,0.29061222244908563,0.3150205043551506
xanthosine,0.30611913546435976,0.2936255301259192,0.35208611000400064,0.3226650161721838,0.32402192756760256,0.320320746429349,0.2936225164415318,0.3306780262476841,0.2826334930334918,0.3225478591916243,0.3148320360677747
isovalerylhistidine,0.35552171020561607,0.32330128028846983,0.33265387307416144,0.32259252977261604,0.3088359719395846,0.2987774235861487,0.2975128062750936,0.2920723525347722,0.2906627016625743,0.32064321065879886,0.3142573859997836
androsterone_sulfate,0.3111060297043801,0.31346951168518444,0.2973252044219791,0.305140064749009,0.32376011373644875,0.31862404211925294,0.3140119748749132,0.32541764014950886,0.31173174592531033,0.3215341311058187,0.31421204584718054
enterodiol,0.32128474872276286,0.3198366733746258,0.3116273971033972,0.30978829620599735,0.3063621137680924,0.31823678367547437,0.3123879757006628,0.31383642775934817,0.32053208104701414,0.299678515217976,0.3133571012575351
X3_indoleglyoxylic_acid,0.30518300975152923,0.3114239734072489,0.31816445525017717,0.32111108515993997,0.315105188886436,0.3330238028327126,0.3176626767996781,0.3001908415638309,0.30384568730462846,0.2980921870985678,0.31238029080547486
adenosine,0.30531485844347717,0.3226861119628955,0.2952239129828769,0.3416316388641724,0.3082102557186544,0.29767177812652795,0.3317610690743995,0.3120760593665687,0.29861468462923013,0.3096270640912724,0.31228174332600755
X2_oxoarginine.,0.29864821186803975,0.32575931661692825,0.31703168663107,0.3173134661212902,0.30460212208586135,0.3514053940430007,0.32603205505398636,0.3108935649550697,0.31501666190755667,0.25551673762637694,0.312221921690918
X___17653,0.2949982633643717,0.33297520717196605,0.32055882749595216,0.31939516861187434,0.31513871612524563,0.31891071884660266,0.3110566806225367,0.317707128644392,0.29687465860606543,0.29288265692442955,0.31204980264134363
fumarate,0.3012271722825419,0.31188958764509944,0.3096643584355662,0.30914751156313025,0.3186692473850637,0.3173089455947091,0.31565217260274586,0.3035831200523778,0.3194045863755849,0.3014128905829143,0.3107959592519734
X___13431,0.31192612856829643,0.31753271166047226,0.3034094564895549,0.3037801396692029,0.30907141603234883,0.3112544536604587,0.30381743401349676,0.3224792978718114,0.3045557866884054,0.31630162158822667,0.31041284462422747
X3_5_uridylyluridine,0.3143977264764981,0.33597570669015325,0.31843681697668685,0.30620238849556114,0.30444541049771745,0.29785598958470666,0.3029291505403159,0.3156126179951615,0.2949119966487829,0.3107496615255722,0.31015174654311556
X___23974,0.2774646475985832,0.3081473450570678,0.3161128896034669,0.3296232367121004,0.32733848723591646,0.3059635540078612,0.31713565874243466,0.2898742464847255,0.3103367867645009,0.31903654016977584,0.3101033392376432
homocysteine,0.3295682369720307,0.30779662753648623,0.31773801890936265,0.316777783721433,0.31860746685512237,0.31349399787083193,0.31864702146270674,0.2887158615483255,0.2954589803650927,0.2927715273126449,0.30995755225540367
X___22092,0.3150773123058528,0.3113166109009485,0.3073069038235367,0.3193590043992257,0.30924733985846226,0.32972005132304505,0.3259269528109764,0.26863869615958663,0.3121058194998941,0.30074083896452813,0.30994395300460564
X___24699,0.3097125773857644,0.3099404872675601,0.30834511809498977,0.30682659787429767,0.29714890388531723,0.3182782218358009,0.3226733038042491,0.30939802407783135,0.31346649800079707,0.30347462741443204,0.30992643596410396
UMP,0.30264850118174097,0.3160567597317519,0.3216414936121192,0.29980508996224603,0.3049837298714136,0.33031073346297196,0.31476765623504926,0.3014987805879547,0.2614261959994846,0.3299686802850041,0.30831076209297364
nervonoylcarnitine_C24_1.,0.29851862343938235,0.2767519112409674,0.28644316680969106,0.2933354630036337,0.32441596680125273,0.32720475499122637,0.3073344036935715,0.3219711153419891,0.3222845385182768,0.31906140306597175,0.30773213469059624
genistein,0.30681793353168396,0.31154150709835676,0.3048978398663732,0.3004345732886604,0.3285164611208344,0.31806236669155463,0.29614271001048004,0.30433277404373904,0.3022363798417665,0.30030988209713255,0.30732924275905815
7_12oxoLCA,0.3079669007043733,0.3085530623177191,0.3165351821282488,0.3073200886927314,0.2988772518814808,0.3030696635748776,0.31003654845740797,0.3022066197084411,0.3134702651062813,0.3049185876630499,0.3072954170234611
X___25009,0.3097939468642237,0.30924545630572015,0.29877930713889084,0.3074263210673867,0.3022134004983127,0.3121423604230911,0.30354883939247135,0.3068341320852661,0.30728580803282496,0.3154619337757924,0.307273150558398
X___12007,0.3034904492574658,0.3165935722632543,0.30609314243651853,0.30552694648223916,0.3083579262536361,0.2935520715689768,0.2990878330780491,0.31507580546365904,0.30435914378212864,0.314210501333932,0.30663473919198597
X2.4_dihydroxybutyrate,0.32511890868460963,0.3092740863074003,0.30513554422242795,0.2920256404267678,0.2995370886167398,0.3084136794148027,0.3201056447061996,0.3044638693145902,0.28653772115734516,0.3154837829876009,0.3066095965838484
eicosenoate_20_1n9_or_1n11,0.29871149924017476,0.3026296656543198,0.3194366067722008,0.2865151185244398,0.3101770614919696,0.30646985298494134,0.3129349594169726,0.30202165482916543,0.32540445528031403,0.3009717625307113,0.306527263672521
androstenediol_3beta.17beta_monosulfate_1,0.30202278496081075,0.2979561945905872,0.3006820721189742,0.2908781800962721,0.31251718741877177,0.3207588607971647,0.3091497718264208,0.31328718377974785,0.3095261056642951,0.3070503639400608,0.30638287051931046
alpha_ketoglutaramate.,0.2989386557008737,0.30532465291773614,0.2887000397052918,0.3050225310579011,0.3146365609641981,0.3229814530328589,0.32821433926099935,0.29852201383431815,0.3001569376144729,0.2950845300799605,0.30575817141686107
xanthurenate,0.2981464334175406,0.3076877581879921,0.31571169286939665,0.30497280526550935,0.28359485835306664,0.29980697351498814,0.2994287561243717,0.32094231883424656,0.3186033230390897,0.3082106324292028,0.3057105552035404
phenylacetylglutamate,0.3108769896909391,0.30692416590633914,0.3171292546631115,0.2919879693719255,0.2919389970006306,0.3239782291439855,0.32141396044087184,0.3066947491823497,0.27662194610176155,0.3059612937445706,0.3053527555246485
X___25702,0.28957815199366516,0.29562887682243144,0.332653496363613,0.32419107060384433,0.31264376216304174,0.31796065484348046,0.27981155431525695,0.33015590542757023,0.2896214737067338,0.27924347480823547,0.30514884210478727
glycerophosphorylcholine__GPC,0.290120615183394,0.27397254081470435,0.31330488917552374,0.2866793643235521,0.3028971301437,0.28872188891710027,0.31577912405756436,0.3231905273872336,0.3258403093848392,0.30968771448956844,0.30301941038771796
X___12411,0.30800984570689355,0.30802491412883043,0.3042043157467269,0.29828016566223076,0.30691776182701597,0.2956661711667253,0.2981663990766071,0.28726477251580107,0.3142538230470006,0.30740371843448133,0.3028191887312313
X16a_hydroxy_DHEA_3_sulfate,0.30091864634338367,0.3040231179729356,0.2977893118176359,0.2907840024591664,0.2929572456130173,0.3093671338128607,0.30282141132346696,0.3038034957232051,0.3109093867981034,0.31364166840581365,0.30270154202695887
arachidoyl_ethanolamide_20_0.,0.3238716200587819,0.2943036091130802,0.2924110153178043,0.3215186859733334,0.30638396297990095,0.2834415371598586,0.28145890954350966,0.3201768429998515,0.2776383111614061,0.3087937803581613,0.3009998274665688
phenylacetylglutamine,0.29772866141933985,0.3006994008042016,0.2993763933581409,0.2922543037296604,0.2877307634642,0.30345616859755936,0.30196062772032095,0.30387168033246964,0.30644385995710016,0.3072778971113081,0.30007997564943006
caprylate_8_0,0.30295514356815706,0.28475060631562765,0.31386505776102835,0.3104497999290277,0.29192957923692,0.28172863429618034,0.3244039120637032,0.29283820507971564,0.29498055796859585,0.2999644385242288,0.2997865934743185
palmitoyl_sphingomyelin_d18_1_16_0,0.295294357855432,0.2940063844903746,0.30324483397989416,0.25597368752161376,0.3143395543005247,0.2988520122747365,0.31379197591463437,0.2878181603114341,0.2831164359565697,0.3424890320723826,0.2988926434677596
X2_deoxyguanosine,0.2827619513305039,0.29603195710924374,0.29768986023285227,0.29976176824917744,0.3189118489782479,0.29937262625265665,0.30974346765073507,0.2897876030585882,0.3144203291094035,0.27957950061742853,0.2988060912588837
nicotinic_acid_mononucleotide__NaMN,0.2824214049947298,0.3050884554038751,0.32265559840847324,0.3175944921904136,0.3035744557097641,0.31501590848645983,0.28814213138307765,0.2933380999774727,0.29022157361037126,0.26881424327515163,0.2986866363439789
salicylate,0.30454938260908215,0.2569617992901266,0.2945966899197531,0.29352494840949034,0.27636578292883407,0.29444336872654503,0.2985615684419025,0.3330592136242643,0.34646182151604893,0.2858502244064737,0.2984374799872521
tetrahydrocortisol_sulfate__1,0.28562419807741996,0.30114015214585627,0.30831159085618015,0.2836136938804878,0.29888666964519134,0.2983103025061046,0.2971782873080942,0.3054775974003958,0.3030056227816458,0.2963062023884955,0.29778543169898714
X3_5_cytidylylcytidine.,0.30741162935599825,0.3146674512291688,0.3027577472407835,0.31283949275543305,0.2643667985404726,0.29137882841512597,0.28617231192537507,0.3140428651398839,0.27927737875759345,0.30014224590308436,0.2973056749262919
X2_deoxyinosine,0.29056287336724224,0.2967710632052492,0.3050647226393245,0.2900731496542927,0.3028782946162788,0.3057846164973604,0.303182300028856,0.29069999600686813,0.30275473355639615,0.28171996995356663,0.2969491719525435
S_carboxymethyl_L_cysteine,0.2926592675692149,0.2925244051928795,0.29250519295491,0.29105222036964346,0.295589322214847,0.3027731923732689,0.3048394497313677,0.2941894658169081,0.3028240482973059,0.30050313460847333,0.29694596991288186
X___25854,0.2856825882124255,0.2938082347419042,0.2967529810989249,0.2952932277237867,0.29742088890127844,0.30470006682845124,0.2998495418069599,0.2890631886739713,0.302009600091616,0.301165768463149,0.2965746086542467
X___25111,0.2932043677327826,0.2584652510888818,0.30852179534220003,0.2995274542880585,0.30247069380288544,0.31585898669382995,0.276424549774388,0.3004993675029891,0.29585151275654925,0.2926852605970561,0.29435092395796203
malonylcarnitine,0.30209059285952683,0.3106268538867864,0.2981697894715429,0.31956129796372873,0.2902151695310481,0.28655203615818525,0.32301498027166853,0.28249900736770484,0.27023632559544747,0.2581785743615321,0.2941144627467171
X___23764,0.2916666352741209,0.28647104339027435,0.3115761644688117,0.28604385362836293,0.3066864615502844,0.2887373340495856,0.28951674817427225,0.29166814211631464,0.28248054855083216,0.29507322876350783,0.2929920159966367
X___25779,0.266413090239505,0.2658163807308033,0.30388712546495494,0.32053848512633737,0.29717150651822255,0.30447291036775237,0.27113251999014526,0.2939080630372363,0.31211486055305626,0.28849435574585297,0.29239492977738657
X___25010,0.29094033733676183,0.3061658475723642,0.27014516164272917,0.3108547637685821,0.2674863385919614,0.2852418368707709,0.3062965661326668,0.2946984017678272,0.28479279789705103,0.2979222906412291,0.2914544342221944
margarate_17_0,0.29432809529872767,0.28775411951820223,0.3045079444487556,0.2790984412470927,0.2887810324732027,0.2981617182749192,0.2920128322681214,0.29068266732164066,0.3002062866963162,0.2752654114168912,0.291079854896387
formiminoglutamate,0.2857285468993331,0.2872481972516705,0.29864971871023344,0.29227351596762996,0.2994652970475687,0.2926867674392497,0.31975681073836015,0.26269721738986296,0.30165360862335644,0.2693163984361991,0.2909476078503464
fructose,0.28846949284965706,0.2818457912767398,0.2797912119456421,0.29318477878426463,0.2892247974992446,0.28217541300660975,0.2984270827761156,0.28539327451123686,0.3096538105402104,0.2857063209769761,0.28938719741666963
X4_chlorobenzoic_acid,0.2735626797380204,0.29090379641356484,0.28150411480932036,0.29866064331613773,0.2885421979855026,0.31899811569383674,0.3019368949557704,0.2759529081677627,0.25321277591222335,0.3095961738263017,0.2892870300818441
S_3_hydroxybutyrylcarnitine,0.2837052345437545,0.3049324972368281,0.29566880814056423,0.287998981374677,0.2896410626552518,0.3043632875981613,0.26104910874051346,0.2959942860544015,0.30904165589902344,0.25056337062516615,0.2882958292868341
X___24984,0.27965032220053204,0.2829352381827784,0.30967942685750316,0.31073609994582896,0.30341962767436226,0.27925100901920386,0.27712372455226064,0.24648133512245723,0.30658625654440397,0.285114508705404,0.28809775488047346
X3_hydroxymargaroylglycine,0.30072727738478494,0.3252194904010385,0.25999996986315604,0.288684217862258,0.2488512211825848,0.28775449622875066,0.2908084886448139,0.28418855417738087,0.2850026256725225,0.3050153735574811,0.28762517149747713
X3_hydroxybenzoate,0.29162067658721336,0.29178303883358353,0.25460359125700016,0.29894995701732635,0.26353125454407095,0.29750225837973776,0.3083262825675686,0.28883979931875664,0.2877303867536516,0.2916474230361514,0.287453466829506
pregnanolone_allopregnanolone_sulfate,0.25814504712272246,0.2962481889640384,0.29860338331277747,0.2906694824524459,0.2869310069698985,0.2709652605066455,0.2994521121783739,0.3040453438952925,0.2852026589737349,0.2814822655975118,0.28717447499734416
X___15486,0.2874501141056251,0.29441360859321963,0.26377536297944887,0.29189266160317456,0.30695241919747085,0.2884152465306841,0.2934707297288987,0.3024593924864327,0.28124418453090866,0.24955793017142588,0.28596316499272895
X___24474,0.28765994188109656,0.3075521423905599,0.2598978813045335,0.27753094865510564,0.2869453219707386,0.300387861180656,0.29850430843854225,0.2839949249554916,0.27516671325320446,0.27543681471642356,0.2853076858746352
X1_methylhypoxanthine,0.29241063860725586,0.29401241185914934,0.2851054676522419,0.26322611899984855,0.2874934358186937,0.2923744743946073,0.2852881722682269,0.27817060316632747,0.29366960526008473,0.28082151529557836,0.28525724433220134
X___12543,0.26996735426387364,0.27722543640033476,0.2741296291133966,0.2729497716757366,0.28011480630673724,0.306556873121627,0.29096708378569985,0.29034061414367285,0.2945989501830436,0.2832068464881912,0.28400573654823136
X5_dodecenoylcarnitine_C12_1,0.2852666997669668,0.2938172757950664,0.2834193112375016,0.27926193362510815,0.2752917811552808,0.2801803539421629,0.2795757335119443,0.28669179577165005,0.28483649632066804,0.29079492706507065,0.283913630819142
androstenediol_3alpha._17alpha_monosulfate_2,0.27023745572709273,0.27050831061140873,0.2631172496513543,0.2997870078559217,0.29583644433461237,0.2895921175570595,0.27976597233889783,0.31313310916544296,0.30486092223262773,0.2475218096572009,0.28343603991316185
X1_1_enyl_palmitoyl_2_oleoyl_GPC_P_16_0_18_1.,0.2823837339398875,0.2641392653692253,0.2985981093650995,0.28865860154496525,0.3263756150741479,0.26435248353963253,0.27537390405483697,0.2865493991843463,0.2782030002734918,0.2677726386087627,0.2832406750954396
butyrate_isobutyrate_4_0,0.2715103606702132,0.2726506635002889,0.2876622021443871,0.28256154131874306,0.28419947878328516,0.2968456518938369,0.29559308932033124,0.2985513972570951,0.26471977632434474,0.27444305228968435,0.28287372135022093
X2_aminoheptanoate,0.28516611805053793,0.3278655052931599,0.2659195994210712,0.2788136480724851,0.2991823874257032,0.2877865166253666,0.2746660649343506,0.2757253749965154,0.2770766357337078,0.2407429033383335,0.28129447538912306
TDCA,0.2912951986733761,0.28301547752959244,0.28361482401213306,0.29984012404324933,0.253670479228557,0.30545311121474833,0.28551231504453845,0.2555706072348014,0.26762233109994205,0.2788573464961021,0.280445181457704
X___22162,0.24750598781416713,0.28544149346143494,0.2928408420535546,0.2619803372162145,0.29781379800328334,0.26362091165459556,0.30278788408465734,0.2939687134355324,0.2910405423426423,0.26439881893708855,0.28013993290031713
X4_hydroxycinnamate,0.2718151195038872,0.26713863475576716,0.2640865258924461,0.3054809877953316,0.26560843650807403,0.2721771383409215,0.2855379313618312,0.2967721933368944,0.2959099028915548,0.2764641043819724,0.280099097476868
X3_5_uridylylguanosine,0.28655354300037894,0.3053167419962193,0.27612581830948874,0.2842910194465519,0.2849009138244483,0.2587707633436527,0.2598274364319785,0.2974589366666691,0.2662522348353285,0.28000518353714626,0.2799502591391863
sulfate.,0.2787273813568963,0.2899951705707692,0.26581678247534946,0.2672049358122896,0.29996104812929303,0.28335301018097925,0.2858042657195661,0.276258797133082,0.28213623510957375,0.26877506537811563,0.27980326918659143
X1_palmitoyl_GPI._16_0,0.26952509608002534,0.2865610772113474,0.2723195349282253,0.2634890629626476,0.2866160769514171,0.28010651867467196,0.2738704522560818,0.28264969158707404,0.27421325885514647,0.3032000054246319,0.2792550774931269
sulfate_of_piperine_metabolite_C16H19NO3__2.,0.2788226891256473,0.2896037683109579,0.2761898591027206,0.26271341594344516,0.27798187118156764,0.2729437443069618,0.2715872096220915,0.28203452326149964,0.28434827944991214,0.2851111183104682,0.27813364786152717
X2_piperidinone,0.2580704584341348,0.2897842126636524,0.25469437849917004,0.2708183433927606,0.29135584907167217,0.26425265524430047,0.29003171149396617,0.27950641877103455,0.2886043552259924,0.28869551917871067,0.2775813901975394
myo_inositol,0.27569674499483526,0.24137125653310265,0.26874530524479023,0.28619981179541,0.29757119641009916,0.27415524543068936,0.2879620637409316,0.27393260949657156,0.28156024468103535,0.2877981946523677,0.27749926729798324
GCA_S,0.26479022119689977,0.274434764657619,0.2755170540632376,0.269102426844695,0.2745978803250861,0.2835624612459023,0.27691012967130496,0.2867200490627818,0.2800142245903084,0.27578602539481145,0.2761435237052646
ximenoylcarnitine_C26_1.,0.2659335377113628,0.27377401435568555,0.28612296284353167,0.30275850066188037,0.2703022499414215,0.2724777533585629,0.2772823196931466,0.26747503727550875,0.27245100690962487,0.26437056564595685,0.2752947948396681
X___23732,0.26938646659820575,0.280937918855041,0.27372466527384215,0.2823121589356872,0.2764445154334544,0.2770385879683171,0.2674366127995696,0.2852693367408058,0.2679154119066149,0.27215302886582243,0.275261870337736
X5alpha_androstan_3alpha.17beta_diol_monosulfate_1,0.26787849427286947,0.26901088618142827,0.26347700822509806,0.2696761570099429,0.283434756369987,0.28122723255622967,0.2660115167948863,0.28883716234491763,0.27199217346164595,0.28159377191984497,0.27431391591368504
glycerophosphoinositol.,0.2686744836616868,0.27532643852573563,0.2774823529943591,0.29889345043506294,0.26142996310496885,0.26611096837966997,0.2710010480087457,0.27848251950042147,0.28717210172088903,0.2551016026020151,0.2739674928933554
X5_methylthioadenosine_MTA,0.2686918123469142,0.2636879661322148,0.264320839853565,0.27226227492486504,0.2691958510607038,0.27621547542001335,0.2818243187754797,0.2731531953718848,0.28944366632787827,0.27819471264142653,0.2736990112854945
methyl_indole_3_acetate,0.24374905351474707,0.2882777471805099,0.29012814939436243,0.27910672887915794,0.26275824449870744,0.29208892779890283,0.2994562559944065,0.2505437816766482,0.26047537857526554,0.26507765134534633,0.2731661918858054
vanillin,0.27749779812684444,0.2572047775938593,0.24908176803821955,0.2772672512712097,0.2933539218205064,0.2585699766213433,0.30744176619987207,0.274334936362287,0.26327471466059504,0.2665973016976837,0.2724624212392421
acetylcarnitine__C2,0.27127001934031947,0.28892154550776433,0.26563593637810884,0.2565519382134427,0.2826851023786257,0.2709660139277424,0.2694501306808892,0.2855164588605711,0.24939895831999143,0.28329951728310315,0.27236956208905583
mevalonate,0.2750069879806732,0.261948693530147,0.2906397223191205,0.28888651142676103,0.28604498376000825,0.27037307152452494,0.27094378800538543,0.26889448262196564,0.24475072686300314,0.26268553936286193,0.27201745073944505
laurate_12_0,0.2729987440470315,0.283146949510992,0.26175883141374195,0.26232578078911817,0.2679707883572331,0.26861684694777804,0.2866680900048241,0.26777150847711745,0.27480808481110597,0.2650723773976684,0.2711138001756611
X3.7_dimethylurate,0.2747523316499394,0.2924332412401612,0.27976032168067144,0.2724103221703952,0.2452867859734087,0.22614386274475826,0.3029476093571886,0.280550283700714,0.2585760039901181,0.274625380195121,0.2707486142702476
thymidine,0.26402323852031107,0.26063849424273267,0.27956443219549165,0.280781960687994,0.27613448265210255,0.2786079641130463,0.28514878936531046,0.2601122296065861,0.27989443063590996,0.24159615273051102,0.27065021747499957
alpha_ketoglutarate,0.27023444204270536,0.27679033571690653,0.2753185276042188,0.2677244196585646,0.2556387918440659,0.27882344254674407,0.2941442605510974,0.261660886671152,0.2675281534628363,0.2540569842512388,0.27019202443495294
X1_1_enyl_palmitoyl_GPE_P_16_0.,0.2702054353304768,0.28831391139315843,0.27683102045613617,0.23085990210046264,0.2892289413152773,0.27314716800311006,0.26222971959927033,0.27396952713031697,0.28805925506242464,0.24823642956755884,0.2701081309958192
erucate_22_1n9,0.2708665623429588,0.2668184307896079,0.26845523812250477,0.2609274312333729,0.2831797233287047,0.26962191069096997,0.28217089248002863,0.26365895941998624,0.2651880275360342,0.26910205013414656,0.2699989226078315
caprate_10_0,0.26790298045851696,0.27402226660709617,0.2652505614870724,0.2671570935726399,0.26243050632157966,0.2710854311715924,0.28169360021517703,0.26144390139526047,0.2754744857712658,0.27319124313727555,0.2699652070137476
inosine,0.2403251313401327,0.26714202515070296,0.28328859267719897,0.2844096832693051,0.2623943421089311,0.27655639846633595,0.2733728176216153,0.28036870921637425,0.2524243207343746,0.2782504658025931,0.2698532486387564
X___25491,0.2709268360307064,0.27366589842828826,0.2642202581371361,0.2801856278898408,0.2772427650855622,0.270294715730453,0.2836118103277457,0.257808644602981,0.25772049433465005,0.2605654123963386,0.26962424629637016
sphingomyelin_d18_1_20_0__d16_1_22_0.,0.289959383068669,0.2650403570010525,0.274227950566535,0.26559336808613704,0.27686756137933316,0.2550040345699736,0.2671265800182177,0.2512440865861661,0.2564223497847852,0.2945917926826236,0.2696077463743493
ribitol,0.22681817462643497,0.22518438097792548,0.29245772742580867,0.2876151133258342,0.27436884031164505,0.2674946262240267,0.2959829847379488,0.2798315199743234,0.25822943028556916,0.28617946942579514,0.26941622673153115
X___23662,0.26674911604869805,0.25763611117180335,0.2885075406150477,0.25769977525448673,0.2870982664533982,0.2736760696130956,0.25733888654909776,0.26662254130442803,0.262770299236257,0.2631609480749714,0.26812595543212836
N_carboxymethylalanine,0.2920930716149355,0.25300596182113927,0.27360600145108904,0.26285355226745843,0.2567640262522047,0.26767469386617276,0.2690640023687559,0.2708040283919205,0.25856055885763274,0.2694825277880536,0.2673908424679362
X5alpha_pregnan_3beta.20beta_diol_monosulfate_1,0.2629526271416936,0.2700442032157519,0.26565891572156264,0.2589606254600577,0.27504541245661235,0.2586822363647733,0.25632327491055007,0.27005701137439825,0.2872082659335377,0.26180592023229476,0.2666738492811232
X3_amino_2_piperidone,0.2518358988577382,0.2500487840160207,0.26421046366287715,0.2518905218872595,0.26868051103046153,0.2777565982736109,0.28847966403446446,0.27062358403922604,0.27058365272109325,0.25803090382655036,0.26521405823493016
I_urobilinogen,0.26327546808169194,0.2578316239464348,0.2612969842813756,0.27780067340777637,0.27514072022536323,0.24767475413986054,0.2665939113027479,0.25473694679114184,0.28117599992164416,0.25980747077291205,0.2645334552870949
N_acetyl_cadaverine,0.25813826633285086,0.2607688360924869,0.2737713773818466,0.2682503075841628,0.26965694477197333,0.2724766232269176,0.2596805193180936,0.26079746609416704,0.2504744669357384,0.2627556075248685,0.26367704152631055
isoleucylglycine,0.2423039918509974,0.2570593673221681,0.2540430459609471,0.26795760348803827,0.2806497352854976,0.2787292649096384,0.2769225611194029,0.25537471774962156,0.27070269325439483,0.24343450020681406,0.262717748114752
arachidonoyl_ethanolamide,0.26465008487288655,0.2714455664558845,0.2582177522585681,0.26125629954214596,0.2664066861601818,0.26518689740438894,0.25654817110795836,0.2560350913410066,0.26798887046355735,0.2585108330652409,0.26262462526718194
linolenoylcarnitine_C18_3.,0.25408599096346735,0.2605691795018229,0.2592250762650505,0.25570245592674934,0.2554583474913714,0.2670704501465027,0.2577012820966805,0.26879314748443994,0.2596801426075452,0.2646862490855351,0.26029723215691647
galacturonate,0.2674053458240505,0.23778308855937597,0.21242331115010482,0.2503166252159493,0.24703735989192924,0.2998819389141243,0.23480745193738467,0.2806911734458241,0.29295272508643616,0.27770649577067064,0.260100551579585
myristate_14_0,0.25290575681525884,0.2684567449646984,0.2574925844528542,0.24227649198096254,0.272282831292709,0.26171475627957647,0.26643230247747457,0.25688629301811305,0.27304357260229384,0.2476589322968268,0.2599150266180768
X16_or_17_methylstearate_a19_0_or_i19_0,0.2645996056593979,0.2591892887629503,0.2680306853344323,0.2349445745770105,0.26525206832926607,0.2650667267394421,0.25929024718992766,0.2613444498104769,0.26729760660720164,0.2479286570494975,0.25929439100596025
N_acetylasparagine,0.2909433510211492,0.2237042852331725,0.24646664341106878,0.24014318014524447,0.2582403548914734,0.2562362547738644,0.27998371103588615,0.264932994494752,0.26524491082884605,0.26546603992077017,0.2591361725756227
X___23429,0.29752448430209466,0.2488726936838449,0.2646071398703663,0.19959179644972908,0.2711404309116621,0.26095417768231094,0.2788999147880739,0.2631274208361618,0.2578338842097253,0.24847865445019468,0.25910305971841635
X1_stearoyl_2_oleoyl_GPC_18_0_18_1,0.256050536473492,0.2353363535473702,0.2480567386359612,0.2578662813168896,0.2709388907682559,0.2762448588427903,0.2681915407386088,0.2665573703795509,0.2633282075584711,0.24765215150695521,0.25902229297683455
X2_O_methyluridine,0.27105680116991226,0.2206777926871441,0.2692678027754526,0.2613429429682832,0.28457468248951423,0.25761614551273687,0.2881760353324357,0.27240429480162043,0.1937783992664692,0.2508176502453516,0.256971254724892
N_acetylhistamine,0.2511936073726775,0.2600956543424555,0.2818314762758997,0.2633127624259858,0.2616130444315023,0.2490452271150225,0.2367475112617618,0.23921345851173714,0.2670033956688835,0.25820984133705116,0.25682659787429774
X___25936,0.23758380867926032,0.2668026089465741,0.27798074104992243,0.20660878383519965,0.23817750450357456,0.2439927852395766,0.2936470026271793,0.2545587627017379,0.2669205193482304,0.27838231449454104,0.25646548314257966
mannose,0.2681335273141517,0.25685330665218087,0.2624207118473207,0.2791161466428686,0.22366058680955547,0.269963210447841,0.23990246210480234,0.24217591026453364,0.2396086278770326,0.27070872062316964,0.25525432105834567
solanidine,0.2586637775479006,0.24465052185712272,0.25308808472069544,0.25382606068505564,0.26224139762627147,0.2337763951663516,0.26728291489581313,0.24838598365528267,0.26431066866875763,0.2659467225805576,0.2552172527403809
tartronate__hydroxymalonate,0.26648956248083483,0.26072777464270885,0.237005181276883,0.2518769603075163,0.23566145475065903,0.25942134246077875,0.25316418025147686,0.2588144617672697,0.2692828711973895,0.2585876820171192,0.25510314711526355
X___25948,0.24996402414262558,0.24675068316457954,0.2763556377705489,0.2657432988844093,0.2836781113842681,0.2740930881901996,0.2578873771076013,0.21924930628752504,0.2563797814928135,0.21856859032652512,0.25486698987510964
X1_palmitoyl_GPE_16_0,0.25065905510446557,0.2912123223527231,0.26148119573955436,0.23621032201971096,0.25394020398122774,0.25129607264184844,0.23731521405823489,0.2472724505616813,0.27343987209923454,0.241759291166298,0.25445859997249787
xylose,0.26337378953483026,0.2573931328680707,0.2577965898654314,0.23867551584858945,0.24418754459311112,0.24658719078656405,0.2540814704368863,0.25207586347708355,0.26924256316870826,0.258995659541061,0.2542409320120336
N_acetylpyrraline,0.26935293935939614,0.2711603965707285,0.23367279976553534,0.24992409282449277,0.24946751963980443,0.27915080401332343,0.2668817181617429,0.23691288719251938,0.2404434184523374,0.24363792390296235,0.25406044998828425
X8_hydroxyoctanoate,0.21303734934403387,0.26093797912872874,0.259090967309812,0.26102047873883333,0.2692150632986734,0.2496581351773063,0.25553029920612014,0.2587805578179116,0.2554960185462137,0.2522186367749358,0.2534985485342569
lignoceroyl_sphingomyelin_d18_1_24_0,0.27143539527107713,0.26579942875612433,0.2619136594491437,0.23683415468789903,0.26904554355188315,0.21864355572566127,0.2649047412036203,0.23429889269701393,0.24068752688771536,0.27076108338940036,0.2534323981619539
cystine,0.26195660445166385,0.264016081019891,0.2658318258632887,0.23896369941813284,0.2931614227302624,0.25337815184298096,0.23033062377992866,0.23713778338992775,0.22808203851639328,0.2594367875932641,0.25322950186057336
X14_or_15_methylpalmitate_a17_0_or_i17_0,0.24287847543734206,0.25036070035011476,0.26186393365675187,0.19226703654619712,0.23570025593714655,0.26252807435362113,0.26331389255763105,0.24735304333150748,0.3208364631701398,0.2547252687641407,0.25318271441045925
X___23728,0.2559567355469347,0.2788294699155188,0.24305402255290706,0.2580143285624198,0.21256307076356964,0.2496298818861746,0.2678212342695092,0.2822055498504836,0.20943147597453135,0.27292264851625014,0.25304284178382985
X1_stearoyl_GPC_18_0,0.24420788696272597,0.2636830688950853,0.24670999842534988,0.23942290957666018,0.27212552899578757,0.2170447961581551,0.24817464903761752,0.2326756469438603,0.26405638904857226,0.2976623603628174,0.25257632344066316
oleoyl_oleoyl_glycerol_18_1_18_1___1_.,0.23635234189646637,0.2602372975086624,0.27321610603347146,0.2438085737813978,0.24723701648259333,0.26043996778371387,0.2656299090093341,0.2825072949997702,0.19468514155652275,0.2545870159928696,0.2518700665044802
phosphocholine,0.2478710203355888,0.2661290504859942,0.2403635558160718,0.22982507822394535,0.26918756342863853,0.2683429783790747,0.22719526188540612,0.23877647427556678,0.2689121880177415,0.2603310984352197,0.25169342692832475
GLCA,0.2675933243877135,0.2443329548648023,0.25827275199863775,0.24409904060290374,0.23492837602342834,0.2522386024340022,0.23626984228636175,0.24596072114453704,0.25574577763981793,0.2619886248482798,0.2501430016230485
X___25206,0.24505586240722557,0.2482639294375937,0.24370573180167843,0.26069989806212557,0.2497628607097678,0.2495115947739699,0.24741670741419097,0.24763557624282456,0.25289746918319356,0.2502341256058447,0.2495183755638415
methylphosphate,0.23110853106242166,0.25440920861401406,0.24824735417346314,0.26221653473007556,0.2806783652871777,0.2447642884427463,0.24227536184931725,0.24924224673184758,0.23450080955096853,0.24073913623284926,0.24881818366748815
X___11261,0.24571887297244963,0.26128266928053556,0.24180221340049826,0.24044756226837008,0.24828954575488646,0.24958429990981543,0.2534501035577297,0.25300068787346136,0.2350963889280249,0.2587681263698137,0.2487440470315585
ribulose_xylulose,0.23223150520726987,0.2494208075318,0.19546191870737048,0.2919917364774097,0.26142996310496885,0.276322084505217,0.23014980271668575,0.21670085942744516,0.2470396201552198,0.286060805603042,0.24868091034364284
androstenediol_3beta.17beta_disulfate_1,0.25204007597498335,0.25481605600631063,0.2518306249100603,0.23411882505486786,0.24998474322278882,0.2560170092346824,0.24351812994856392,0.24505887609161292,0.23868907742833267,0.25816522545045517,0.24842386433226576
anthranilate,0.24140591390355756,0.24178450800472243,0.24865081117082388,0.26889109222702984,0.23358992344488233,0.2601080857905534,0.24290522188628008,0.23292804301130354,0.28222061827242045,0.2285408719643722,0.24810250896759456
X___18410,0.23770209579146506,0.2512870315886863,0.24589668035130516,0.23303879591253984,0.2565357396598605,0.23939427957498008,0.2424403610695264,0.2522152463799999,0.2527030865402074,0.2590721317823908,0.24702854486509618
N_palmitoyl_sphinganine_d18_0_16_0,0.24512331668052914,0.2734458994680093,0.2256842758756825,0.240820882421857,0.2432084738777604,0.24177056971443076,0.2572816265457375,0.24641164367099908,0.26301935444985175,0.22390281169219128,0.24606688543970492
X___24608,0.2619905084010219,0.274695825067676,0.2011272686451002,0.19725054039128168,0.23979396946685658,0.272599054155155,0.23880020704011737,0.23054798576636862,0.2657425454633125,0.27543154076874565,0.24579794451656353
X3_hydroxylaurate,0.23044062326006812,0.23942441641885384,0.23817788121412298,0.23169770636015483,0.25579022948453184,0.2573223112849672,0.26272999120757573,0.2503399812699515,0.2430747416330703,0.2470561954193504,0.24560540775526465
secoisolariciresinol,0.25602567357729605,0.23463906232223966,0.2502345023163931,0.263843170878165,0.23189547939807678,0.244897643976888,0.2562475560903171,0.22509924439398193,0.24057978767086646,0.24616188457739474,0.24496240052016188
arachidoylcarnitine__C20.,0.23282143392609989,0.1827611225672974,0.2878588450506638,0.26533004741278965,0.24716581818894137,0.20411269974135052,0.21232611982861174,0.2536248972521979,0.27569975867922264,0.28782870820678996,0.2449529450853965
X3_5_guanylylcytidine,0.25540975183062486,0.2704597149506622,0.2495138550372604,0.2680984932331484,0.24319943282459827,0.21817229082958442,0.2328462968222958,0.24328833651402604,0.22746084282204415,0.24092975177035117,0.24493787666345962
X___22099,0.25040891930031284,0.24075232110204403,0.24161385812628688,0.239343423650943,0.2466082865772757,0.25065265102514234,0.2362574108382638,0.24274135279771622,0.24918347988629366,0.24378032049026613,0.24413420237945443
N_delta_acetylornithine,0.22125491324732777,0.24859807169404466,0.2529080170785494,0.2526345252203945,0.2703546127076522,0.2457297975783539,0.2401831114633773,0.24634044537734712,0.23349084857064714,0.22078477848289615,0.243227912142059
carnitine,0.24231830685183745,0.25793107553121836,0.24313124821533375,0.2323283198182145,0.24530901189576565,0.2567644029627531,0.24960087517394605,0.25083422550948214,0.21729078814627517,0.23627737649733024,0.24317856306021562
X1_margaroylglycerol_17_0,0.24176152866126863,0.24588688587704613,0.23227181323595109,0.24266977779351584,0.2412959144234181,0.24093238874419012,0.2439536073425406,0.24572829073616018,0.23325691132007662,0.2617204069378028,0.24294775250719702
X___24849,0.2283984753770684,0.24646513656887512,0.24143266035249555,0.253355925920624,0.2503855632463106,0.24476127475835896,0.237668191842107,0.23562077001142936,0.23432300217211297,0.24017331698911829,0.24125843172385006
astaxanthin,0.21916605325632363,0.2509724782807533,0.2446188781710552,0.215860418193914,0.23816846345041243,0.26717705923170637,0.2534576377686982,0.23372365568957237,0.22674659962223462,0.26016044855678416,0.2410051692221454
behenoyl_sphingomyelin_d18_1_22_0.,0.2487755023623518,0.25110357355160445,0.24206063683671628,0.21510436012322956,0.2483679015489584,0.2161421976841342,0.2413652291643279,0.24117951086395548,0.2333443081673107,0.26977108806814537,0.24072143083707337
sphingomyelin_d18_1_24_1__d18_2_24_0.,0.24413028458975086,0.24500086266715582,0.2518656589910636,0.21886355468594015,0.24942721161112316,0.22330798573623176,0.2578346376308221,0.23402879123379486,0.22139504957134104,0.2576545699886761,0.24035086067058992
glycerophosphoserine.,0.2745598325596954,0.20302287612476347,0.2592796992945718,0.22708337885252455,0.24419171140654325,0.21878708244461031,0.2595663760219215,0.22144665891647497,0.24182481603340364,0.23866346111103992,0.23884258927655488
N_acetylmethionine_sulfoxide,0.23570552988482446,0.23824907950777488,0.2293572037228043,0.23443413178389771,0.2436620333780614,0.26279516213245285,0.25732645510099983,0.2434186783637803,0.22752978085240555,0.21174447874184701,0.23842225334688485
TUDCA_2,0.23302975485937769,0.23787500593319108,0.2394775326061815,0.24745249491629112,0.2406038971459655,0.23125695501850024,0.23413690716119215,0.2364050813732455,0.2429165232027328,0.23716377641776895,0.2380317928634446
N_oleoyl_sphingosine_d18_1_18_1.,0.2480695467946076,0.22871378210609822,0.22299795295487984,0.24489387687140382,0.23409697584305933,0.23845137307227793,0.23503611524027723,0.24163608404864384,0.24370309482783947,0.24047355529621126,0.23780723570552986
X21_hydroxypregnenolone_disulfate,0.22951730570588394,0.2383055860900383,0.2362800134711692,0.23773826000411363,0.23554354434900268,0.2252747915095469,0.24746605649603434,0.2366510733613656,0.24176378892455913,0.2464278422245812,0.2374968262136295
threonate,0.21623260821575568,0.2255934886335126,0.25224349967113163,0.2362095685986141,0.24404853840074311,0.2060320399855644,0.2633267007162774,0.2525305531090298,0.2267643050180105,0.24873783130750954,0.23717191336561488
X___25109,0.23256715430591454,0.22003550120208332,0.23125055093917704,0.22135850864814402,0.24276885266775103,0.24110793585975515,0.24957111504062066,0.2375604526252581,0.24124656534157474,0.2525603132423551,0.23700269498726337
X3_5_adenylyladenosine.,0.24094142979735228,0.2908804403595626,0.22190624578555074,0.23945191628888873,0.24187981577347337,0.23435276230543836,0.23036226746599617,0.2209542982296864,0.22854539249095326,0.21919920378458485,0.23684737722814866
homocitrulline,0.23156133714162583,0.23763014407671632,0.2485264966898444,0.233369547774055,0.24018085120008675,0.23477957535680136,0.22227918922848924,0.24321224098324465,0.22171336998475827,0.25321842657044974,0.23664711790060716
X2.6_dihydroxybenzoic_acid,0.23050052023726733,0.255884783832186,0.23446991928599784,0.2548040012687611,0.2114811580684995,0.24541901137590508,0.20100220074302386,0.2566901909847138,0.24152759141069807,0.2298446671724633,0.23616240443795164
X___23060,0.23869246782326847,0.2557842021157571,0.25669282795855275,0.22282880991863802,0.23559892079962086,0.24166019352374288,0.19989165804627357,0.23661980638584648,0.2321855465203623,0.23947564905343938,0.23594300821455017
X3_methyl_2_oxovalerate,0.2136468670113819,0.26014311987155675,0.2518999396509701,0.252792743650732,0.25728049641409223,0.2077833673251818,0.212624851293511,0.23845627030940741,0.20924500425306206,0.251451654098347,0.2355324313878242
N_butyryl_phenylalanine,0.24000681092671544,0.2406995816252649,0.24998097611730463,0.22096823651997807,0.21883605481590532,0.21899804035172707,0.2293899775405171,0.23540569045823273,0.24642030801361278,0.2488146802593878,0.23495203566286457
pantoate,0.2569403267888665,0.24518093030930188,0.2136336821421871,0.22719789885924507,0.2285325843323069,0.21821410570045935,0.21913704654409508,0.23626268478594176,0.2407425266277851,0.2622327332836577,0.23480745193738467
pregnenetriol_disulfate.,0.24312107703052635,0.23954948432093023,0.2295331275489177,0.21341330647135978,0.22920124555575727,0.233998654389921,0.22701481753271163,0.24741068004541616,0.24370008114345207,0.2393750673370105,0.23463175413760026
deoxycarnitine,0.22430099474187415,0.24102995677623165,0.23017127521794586,0.24768417190357112,0.23235921008318516,0.22247206502928168,0.2468591758025253,0.23868644045449372,0.2445182964546263,0.21461953364740943,0.23427011201111442
X___17852,0.21271375498293876,0.25375448568085535,0.21182132769372525,0.22218877869686776,0.22533770217113352,0.218735096388928,0.2424384775167843,0.2848583455324766,0.25134542172369184,0.21592671925043638,0.23391201096378378
trimethylamine_N_oxide,0.23377451161360946,0.24456011132550126,0.22573400166807428,0.2392149653539308,0.24057978767086646,0.2379978135719769,0.21836705018311894,0.23443902902102717,0.2382924012208435,0.2242542826338697,0.23372139542628187
ferulylglycine__2,0.24337874704564752,0.22975312650919658,0.2843064645790372,0.1976084154122833,0.19012204668347799,0.2716889214701656,0.2366529569141077,0.20734148585188192,0.22990531757075935,0.24512856754307116,0.23358860495796283
phenylalanylglycine,0.21759177987446493,0.24763369269008245,0.21525203065821125,0.22621769801224909,0.24436083144538562,0.23841746912291983,0.23631806123655985,0.21893701324288256,0.25887887927105,0.22782474521182056,0.23314322007656263
N_acetyl_3_methylhistidine.,0.24369669074851627,0.25149836620635146,0.22485965648518508,0.2157387406867734,0.2313394546286048,0.22012139120712373,0.23075216288361375,0.25192743952100494,0.22826248286908776,0.23089907999749862,0.232909546523376
X1_palmitoyl_2_arachidonoyl_GPC_16_0_20_4n6,0.20564854864727006,0.20612734775431535,0.2230815826966297,0.23156096043107738,0.2823038713036219,0.22139843996627684,0.2063740931635323,0.262214274466785,0.24288412609556845,0.24650582130810475,0.23280990658331815
N6.N6.N6_trimethyllysine,0.2399167771056424,0.23004244021038528,0.22517571663531177,0.21369056543499895,0.23448611783958,0.21755674579346163,0.24596448825002123,0.2467435256641595,0.23703305785746626,0.2322721899464995,0.23228816247375267
X___25326,0.2267823871243348,0.2386913376916232,0.24005163948197772,0.21991382369494278,0.24364960192996343,0.21897129390278908,0.2286286455221547,0.2389313023109685,0.22469164358058852,0.23477091101418765,0.23150825862535304
theanine,0.2434231988903614,0.22706378990400658,0.23176212386393513,0.22768762257219463,0.24667873144983077,0.26089051359962745,0.21614860176345738,0.23509036155925014,0.2018174023698107,0.22072111440021275,0.23112834603726867
X___15666,0.22296856953210287,0.26088184925701374,0.2230054871658483,0.23203034177441215,0.24851858576832753,0.24628695247947113,0.22062844360530073,0.21041054668988204,0.2372688786607789,0.20747597151766883,0.2309475626450806
N_acetylphenylalanine,0.23408529781605822,0.21683195469829625,0.24566914718005783,0.21841187873838128,0.1991201548431038,0.2567267319079108,0.23489183510023134,0.24699933538835345,0.22816529154759468,0.22432058369039212,0.23052222109103798
X___26054,0.22495873135942027,0.22564472126809806,0.23513895721999664,0.23150031003278132,0.23425557098394534,0.23930951970158493,0.22592499391612458,0.22942463491097195,0.2312057223839147,0.22751960966759813,0.2304882771444436
guanosine,0.2078248054855083,0.21821523583210461,0.23993711947525725,0.27080365168137216,0.22430325500516468,0.20934407912729724,0.2321105811212262,0.2389233913894516,0.2183493447873431,0.2432148779570836,0.23030263418618085
X4_hydroxybenzoate,0.22382257234537725,0.2467838336928407,0.24535158018773742,0.23496943747320642,0.21577641174161571,0.2414477287744325,0.2319832529558593,0.2177285258035424,0.21768746435376432,0.22605307550258838,0.23016038828309643
X___12822,0.22703176950739065,0.2338114292473549,0.2301174056095214,0.21692236522991773,0.23444844678473775,0.2302006586407228,0.23617302767541712,0.23274496168477007,0.22874429566052046,0.22803005246071092,0.22982244125010637
X1_methylurate,0.22415596118073136,0.2306161703756331,0.2164341483591618,0.2219209374969392,0.2389030490198368,0.2262241020915723,0.24129440758122442,0.22721033030734303,0.2416737551034861,0.2234078140315638,0.22918406755474918
X1_methylxanthine,0.22881210355923656,0.2298277151977843,0.21718003524503887,0.2168458929885879,0.23792473172558287,0.2246351369983251,0.2373532618236256,0.22998518020702502,0.2360833705648925,0.22238466818204758,0.2281032096492146
X___11522,0.2070883363633418,0.22935908727554644,0.22030145884926977,0.23623970544248796,0.24198567143758015,0.2286022757837651,0.216933289835822,0.23027411719766525,0.23536875065453458,0.23078870380681077,0.22769413966468238
N_acetylalanine,0.23163893951460088,0.21186690967008442,0.22027621924252547,0.2011732273320078,0.2447563775212295,0.23971674380442995,0.24905690514202364,0.22552794099808704,0.23714230391650887,0.21131163832170927,0.22724672054632067
lactosyl_N_behenoyl_sphingosine_d18_1_22_0.,0.2185316726927797,0.22075501834957076,0.24324539151150582,0.2228487755777044,0.22379092865930975,0.2220753888217925,0.22145984378566974,0.22731957636638564,0.23780079395515183,0.23401334610130947,0.22718407358211795
N_acetylmethionine,0.23461721311043116,0.21784831975794086,0.2272679670212517,0.23535142196930708,0.21359262069240903,0.23675278520943974,0.2329856797252122,0.23842387320224306,0.22081152493183417,0.21072585341891187,0.2268377259038981
X3_4_hydroxyphenylpropionate,0.22838303024458306,0.24773163743267235,0.21422210401882344,0.2377262052665641,0.2105781828839302,0.21723917880114121,0.21555904975517576,0.2317647608377741,0.2255908516596736,0.2346462198226597,0.22634412207229976
X___18887,0.1740191775805991,0.24513534833294276,0.22547821520569525,0.27444305228968435,0.20668487936598104,0.24890622092265452,0.20807720155295156,0.2794743983744186,0.19698759642848257,0.1990372785224508,0.22582433685758607
leucylglutamine.,0.24077718399823997,0.24796783494653343,0.19888734772417854,0.21335830673129008,0.21469261549380345,0.23084596381017103,0.22386212695296162,0.2313134616007636,0.24686784014513902,0.20330352548333844,0.22518762068864193
X___24546,0.22582478891024416,0.2113233163487104,0.2291323075253959,0.2169649335218895,0.230329116937735,0.24021287159670268,0.21846537163625732,0.22982055769736426,0.23036791812422253,0.21812972253761265,0.22505709048361341
indole,0.23320982250152375,0.24517680958344296,0.16316803023328175,0.21002366495665187,0.2549226650915143,0.19822998781718082,0.21549463225139548,0.23262403759872638,0.21879574678722405,0.2694587950235029,0.22411041918444444
gamma_glutamylserine,0.20390287196587903,0.20375633156254258,0.2428856329377621,0.2111033173884315,0.2716245039663853,0.22732183662967617,0.24439548881584047,0.21286481591285625,0.21065540854635684,0.2105141420906983,0.22390243498164283
X___12100,0.24008592014188423,0.21032767036922906,0.22985182467288337,0.21315111592965755,0.23860582439713124,0.25331298091810384,0.22410887236217852,0.20994380232038626,0.2010440534816102,0.2165708942882393,0.22370029588813037
androstenediol_3beta.17beta_disulfate_2,0.22453342515025096,0.21919317641581004,0.2238086340550856,0.20505711308624636,0.22662567553619095,0.22604704813381357,0.22841881774668324,0.2266136207986414,0.2202155688442294,0.23135113265560592,0.22318642124225577
phytosphingosine,0.21287707905394126,0.23794771106903667,0.21639254222290039,0.2274246786093956,0.2613109225716672,0.20150661616736193,0.2393471907564272,0.19350716767160478,0.2380275737053023,0.20238924898231642,0.2230730730809954
N6.N6_dimethyllysine,0.21644507296506613,0.21649216178361896,0.21711787800454913,0.21444473995294128,0.2211712835055779,0.2205847451816837,0.2323509224511199,0.19949046131220333,0.24837882615486265,0.24412727090536349,0.22306033622169866
lactose,0.20834127564739585,0.23054497208198121,0.22375815484159695,0.22214432685215388,0.2215487474750975,0.23269410576073302,0.21616140992210375,0.21997259054049675,0.2351464914309651,0.21619983439804286,0.22265119089505667
hydantoin_5_propionate,0.21825592057133428,0.24407189445474536,0.23140537897457877,0.22965744202989724,0.21345060081565365,0.22037378727456697,0.20585536273835414,0.2289187126444402,0.23277321497590178,0.20077429086122808,0.22255366053407005
X3_3_hydroxyphenylpropionate,0.22476623226917622,0.23996800974022792,0.21533189329447688,0.21311495171700898,0.19904142233848343,0.23260143496582103,0.24545103177252106,0.21049153945779295,0.24344617823381515,0.20015535543016952,0.2224368049219493
arginine,0.22713858833924505,0.23123548251724016,0.2252148945323477,0.22495722451722658,0.20093215150433336,0.22105035941953421,0.2185320494033281,0.21538689303454658,0.22468523950126534,0.2317598636006446,0.2220892746369712
X4_acetamidobutanoate,0.19754776501398724,0.23755743894087072,0.21822917412239623,0.25609423489710903,0.16367960315803984,0.27153070303982807,0.24553051769823825,0.2159794587272156,0.21962827709923835,0.19304042330210902,0.2218817595999032
X___25212,0.1551810131856226,0.23026884324998734,0.1877397291752525,0.23560720843168617,0.24309809768707255,0.20356307905120172,0.2708172132611154,0.2537345200217889,0.18500142019876753,0.24590421456227363,0.22109153388247682
GUDCA,0.21522151710378903,0.22513691544882422,0.22118409166422429,0.20523755743894084,0.22102851020772568,0.2102342461532202,0.22434431645494277,0.22041409530324818,0.23807993647153308,0.22746272637478626,0.22083439126212348
X___21467,0.2148839844524022,0.22163578848491905,0.21247266023194816,0.22320476704596393,0.22206145053150086,0.22610769853210963,0.2291620676587213,0.2306474373511522,0.21479997800010392,0.2091402787206005,0.2204116111009422
alpha_CEHC_sulfate,0.21695551575817892,0.22811142193917025,0.22610958208485177,0.21826609175614164,0.21702257023579816,0.21964598249501419,0.21276159722258844,0.23208383467228816,0.21917622444113105,0.2122455037712493,0.2202378324376412
succinate,0.22832953734670705,0.20628744973739505,0.193616037020099,0.20833223459423375,0.23081959407178143,0.252185862957223,0.21660668179033948,0.21742791078590107,0.22598150049838803,0.22177025327757008,0.2201357062079638
X___24359,0.22174426024972893,0.21654226428655915,0.20453273200284186,0.2259562608916437,0.23849055096931387,0.23276455063328808,0.24034999423632858,0.2059864580092053,0.21562007686402027,0.19833509006019076,0.220032223820312
N_acetylvaline,0.22430250158406784,0.22583307654230947,0.2194410519566722,0.21186653295953597,0.2058711845813879,0.2207241280846001,0.21439426073945264,0.23192147242591796,0.21726517182898242,0.22520057953150766,0.21968199602344343
X___25955,0.2213302553570123,0.21940300419128153,0.22650383100537277,0.22996935836399127,0.25594430409883673,0.2453082584746688,0.2164932919152642,0.1750080427702088,0.1911956717464828,0.21201345007342084,0.21931694679965402
tyramine_O_sulfate,0.22225960027997124,0.21637877190854368,0.19896344325495993,0.22807601114761852,0.22093960651829792,0.22025060292523274,0.2098451041566995,0.2279554637721232,0.22620036932702164,0.20891952633922478,0.21797884996296935
N_acetylisoleucine,0.22363421707116588,0.23372779950560504,0.22485099214257137,0.1806315778370636,0.22927545753379652,0.2093485996538783,0.1976054017278959,0.23667254586262568,0.23219006704694337,0.21117376226098658,0.21791104206425324
erucoylcarnitine_C22_1.,0.1951413380306627,0.18695843149782373,0.2257392756157522,0.24361456784896013,0.2043907121260865,0.1963946540252652,0.2091350047729226,0.27232593900754853,0.23538909302414937,0.20868182198317003,0.2177770837932341
betaine,0.19912316852749118,0.21265235116354583,0.2293161422730262,0.2060214920902086,0.2312931192311488,0.17767666029523554,0.22004341212360023,0.2166202433700827,0.24956885477733015,0.2285555636757607,0.217087100752743
X1_palmitoyl_GPG_16_0.,0.21901122522092184,0.23277321497590178,0.20734073243078507,0.24616188457739474,0.2187995138927083,0.2134641623953969,0.20803425655043134,0.18867472475643776,0.19765286725699718,0.23704435917391892,0.21689569412308943
glycosyl_N_stearoyl_sphingosine_d18_1_18_0,0.2291292938410085,0.22947549083500907,0.2167196949548663,0.22073279242721383,0.21656411349836766,0.21350560055572335,0.20034145044109034,0.21910201246309172,0.21353988121562983,0.2089244235763543,0.2168034753808355
X3_3_hydroxyphenylpropionate_sulfate,0.23867061861145997,0.22968682545267421,0.22288230281651406,0.21559031673069487,0.1929586771131013,0.20545265916209024,0.19154751939870968,0.19866923231664174,0.2604407212048107,0.2116563284735161,0.21675552012802127
hexadecasphingosine_d16_1.,0.22711954306517312,0.21524261289450067,0.20851267894692824,0.22310870585611614,0.21136362437739162,0.22582441219969573,0.2048612236010665,0.2232420613902578,0.23322602105510595,0.1941012402064675,0.21666021235927033
X___23470,0.21357303174389103,0.2120643059974579,0.21232310614422434,0.2234145948214354,0.21850605637548695,0.23112925014258492,0.20754227257419125,0.22472178042446234,0.21515257907342764,0.20200312067018308,0.21604300979673452
palmitoleate_16_1n7,0.22359993641125941,0.20253051543797496,0.22026680147881492,0.206243751313778,0.22128128298571736,0.21188988901353822,0.20835031670055804,0.21335943686293532,0.2380369914690129,0.20664683160059036,0.21522057532741795
X___25036,0.1792501802559974,0.22398229761790847,0.20679111174063625,0.20892819068183852,0.23677802481618407,0.18473604501540875,0.25409804570101685,0.23520224459213165,0.1987129307402588,0.21097372895977407,0.2139452800121155
succinylglutamine,0.2066261125204271,0.22050827294035386,0.21330820422834984,0.20020018398543182,0.20768881297752767,0.2151277161772317,0.21164276689377287,0.2236846962846545,0.21145252806681938,0.2253765033576211,0.21356157974321902
methylurea,0.24615548049807157,0.20394506354730238,0.18990317785484437,0.20077655112451864,0.23110514066748586,0.19492661301806175,0.2608498288603978,0.194927743149707,0.20040473781322535,0.21156290425750726,0.21345572407911217
X___23925,0.21682216022403727,0.20897527950039135,0.18713171835009818,0.2433358020431273,0.21988180329832685,0.22821690089272864,0.23028767877740847,0.19912203839584594,0.21490093642708122,0.18351190669030398,0.21321862245993492
X___12199,0.23392293556968802,0.2490486175099583,0.20408519987131565,0.2054989945595462,0.21244403023026806,0.21671253745444624,0.21396029018766966,0.19112598029502462,0.2163441145380888,0.18381365183959059,0.21269563520555965
X3_aminoisobutyrate,0.20031884780818499,0.21095979066948242,0.23807127212891935,0.2253994827010749,0.1900693072066988,0.21009599338194904,0.21215999047675732,0.1957557529351402,0.1947390111649472,0.2462522951090162,0.21238217435821705
pyrraline,0.20017268411539696,0.2148029916844913,0.22074409374366655,0.2094397636065966,0.20755432731174073,0.22135398812156296,0.2014968216931029,0.21187067677556862,0.2123072843011906,0.21615048531619951,0.2115893116669517
palmitoyl_dihydrosphingomyelin_d18_0_16_0.,0.18744099771035325,0.22942953214810147,0.2143418979732219,0.16935570529592056,0.2553894094610101,0.22753430137898661,0.1861982296111066,0.19869183494954712,0.2214621040489603,0.22506835412901127,0.21149123667062192
X7_methylurate,0.21369169556664422,0.20170137552089648,0.19344350358892137,0.20852586381612304,0.21547353646068382,0.19828875466273482,0.22684831147030876,0.21835913926160208,0.21018602720302207,0.21972245473634403,0.21062406622872806
sphinganine,0.2207666963765719,0.22642112170839737,0.17582889505522198,0.1881104123549005,0.2008677150772369,0.2117343075570396,0.23878325506543835,0.20295054769946633,0.22663320974715942,0.21134780253435784,0.21034439631757906
sphingomyelin_d18_2_16_0__d18_1_16_1.,0.20867014395616892,0.22859926209937773,0.2011781245691373,0.20899637529110304,0.23414029755612795,0.190658482504432,0.23388564122539418,0.16495213139061188,0.170232859858402,0.2578146719717557,0.20991279904225107
hypotaurine,0.20723450005612984,0.19729838263093136,0.20632625092388257,0.20419331579871297,0.21573761055512816,0.22126395430048992,0.22395442103732524,0.20051098907153267,0.20980291257527614,0.20944579097537136,0.20957681279247803
valylglycine,0.20051097018788058,0.20964582427658385,0.19755755948824624,0.2090589092421412,0.23521618288242332,0.2228401112350907,0.21782157330900281,0.1839014253973731,0.2225319620064809,0.18958862454691133,0.20886731425721342
X1_palmitoyl_GPC_16_0,0.18810325485448043,0.21546826251300588,0.20468002582727518,0.19807892688726333,0.21771969360998175,0.20508084585079697,0.21997447409323884,0.2028190757180668,0.2116069793916727,0.21859985730204423,0.2082131396047826
nicotinamide_ribonucleotide__NMN,0.1691313582148139,0.20037799136428736,0.2348176231221921,0.21411097440703875,0.234044989787377,0.2249331150421275,0.19700756208754902,0.20047292242248987,0.21785058002123137,0.18409467790871398,0.20768417943778208
X___17674,0.21836365978818317,0.21797790818659826,0.19824354939692404,0.18624494171911105,0.2072552191362931,0.1972441548879478,0.2158641852993982,0.20609721091044153,0.20771744297920783,0.22177477380415114,0.20767830461082562
curcumin,0.1582444233653964,0.25168220095398175,0.17152196335510467,0.17662111733855504,0.19300614264220256,0.24522387531182213,0.2530843176152112,0.24109512770110877,0.2070917267582776,0.17539417108234212,0.20729650661240023
X___19751,0.21528518118647244,0.2012843569437925,0.21689938588646393,0.20351523681155204,0.20462766306104443,0.21397912571509076,0.19121902780048505,0.20208825725412666,0.20450749239609756,0.21930769642253056,0.2072713423477656
syringaldehyde,0.21853958361429657,0.2222705248858755,0.21927040207823673,0.21386121531343447,0.22666146303829107,0.19764307278273816,0.1877427428596399,0.22067025847617566,0.18307755942797255,0.1809736310150315,0.20707104534916923
gamma_glutamylphenylalanine,0.20824144735206387,0.20615710788764074,0.20876017777724198,0.17492252947571682,0.1983776583521626,0.20151716406271775,0.20290119861762296,0.21361484661476596,0.23025490495969572,0.22538253072639586,0.20701295658260244
N_palmitoylglycine,0.19718838315079196,0.20008943108419555,0.22408815328201528,0.20522587941193976,0.20719946597512656,0.19770824370761533,0.19538846015042802,0.22781796442194893,0.1929311772430664,0.22153217221096694,0.2069169330638095
sphingomyelin_d18_2_24_1__d18_1_24_2.,0.20438242449402116,0.21582726766565277,0.20983832336682787,0.21443343863648862,0.22096032559846115,0.1924075495807588,0.2324270179819013,0.1726249718408865,0.17636156377069173,0.22574718653726905,0.2065010069472959
diacetylspermidine.,0.18575258103232248,0.20654398962087092,0.21721356248384852,0.2211275850819609,0.22118220811148218,0.2003757311009968,0.1853189871910879,0.2392940745690996,0.18409317106652026,0.19887416285498372,0.20597760531131737
X___14502,0.2111281802846274,0.18348327668862385,0.2345588229754256,0.1891388321520946,0.20014857464029792,0.2145690544339208,0.18808366590596245,0.20703635030765946,0.21256420089521494,0.2072962805860712,0.20480072388698983
mead_acid_20_3n9,0.21713633682142183,0.23544635302750963,0.19725355407566908,0.2052036534895828,0.1963618802075524,0.20783761364415465,0.17170429126054126,0.19453521075825048,0.20766093639694438,0.2128847815719227,0.2046024611253549
N1_methylinosine,0.2130802943465541,0.192940595006777,0.20178801894703374,0.21056424459363854,0.19807101596574642,0.21035893734474814,0.18721308782855747,0.2010993920645169,0.20436396567714848,0.2173623631504755,0.20368419149251965
X1_pentadecanoylglycerol_15_0,0.20475536793695973,0.19107173397605173,0.226086602741398,0.19253073393009307,0.19491907880709328,0.18267334900951493,0.18048579085482402,0.2568005671754017,0.19360059188761367,0.21248396154840088,0.20354077778673513
X___24229,0.19799002319783557,0.20924651109525574,0.19499894144335891,0.19224179693945276,0.21034424563335966,0.21921427220652173,0.1956163700322238,0.2078575793032211,0.19624208625315398,0.2087243902751418,0.20324762163795249
apigenin,0.2084704873655049,0.2042848564619797,0.19726485539212174,0.19440637575068992,0.2075629916543545,0.20600114972059375,0.19411856889169493,0.19821491939524394,0.20890822502277212,0.21311118461152476,0.20323436142664802
X___25982,0.20994907626806417,0.20316489600151888,0.20233763963718251,0.19111317213637824,0.1941777124477973,0.19643383192230118,0.21527915381769766,0.22757121901273203,0.16930050125105572,0.2215916924776177,0.20309188949723453
fructosyllysine,0.20913801845731,0.21885715060661695,0.21001613074568345,0.20168781394115326,0.19557116476641306,0.20936592833910578,0.20801617444410703,0.17291805264755938,0.19901073917114906,0.2005622028224661,0.2025143375941564
naringenin,0.20159702669898338,0.22148056286583298,0.20311328665638495,0.1891256472828998,0.2011818916746215,0.2113003370052566,0.1804899346708567,0.20601621814253068,0.20035614215247885,0.20911051858727514,0.20237715657371208
paraxanthine,0.15363725335818615,0.138033149021419,0.19833735032348132,0.18901903819769617,0.2179944834507289,0.219513003671421,0.23889287783502938,0.2261819105101489,0.21670801692786518,0.22278925531105365,0.20211063386070297
lactosyl_N_nervonoyl_sphingosine_d18_1_24_1.,0.19513606408298478,0.2065066952765771,0.2186868774387299,0.18569193063402642,0.20182192289639175,0.19977789146064992,0.20123915167798176,0.19398634348919855,0.20779918916821555,0.20586139010712895,0.20165074562318847
N_succinyl_phenylalanine,0.20558978180171608,0.1959358205772863,0.20796644865171524,0.19985813080746395,0.2019778810634388,0.20110617285438856,0.206187621442063,0.1936495642589086,0.2056142679873636,0.19244974116218214,0.20103354306065263
X2_hydroxybutyrate_2_hydroxyisobutyrate,0.19703882906306808,0.21107657093949345,0.18335444168106327,0.21525768131643758,0.1488639539991215,0.20665323567991353,0.19862101336644364,0.18934300926933972,0.20926270964883792,0.23993372908032143,0.19994051740440402
sphingomyelin_d18_0_18_0__d19_0_17_0.,0.21094886606357816,0.19669037180577706,0.1986372119200258,0.1891041747816397,0.20662686594152394,0.20859480184648438,0.19001317733498382,0.1959520191308685,0.1855687462846922,0.21601599965041257,0.19981522347599862
X___12026,0.20449016371087012,0.20157480077662646,0.19939628367509765,0.19005047167927766,0.20672292713137175,0.18878773792096457,0.20211274343977412,0.18889359358507138,0.2077618948239217,0.19915217523971973,0.19889427919826952
X___12125,0.20616087499312502,0.19340357227078855,0.19167145716914075,0.18075513889694628,0.22184597209780307,0.19582393754440475,0.20158007472430436,0.20501755847866196,0.1991420040549123,0.19350415398721743,0.1988904744217305
X___12821,0.2029302053298515,0.19837539808887203,0.19334781910962198,0.1996287140834745,0.1887975323952236,0.19890090930392176,0.2020099014600547,0.19280234223550585,0.202001237117441,0.20176202591919254,0.19805560850431597
X2_palmitoyl_GPC._16_0.,0.19487236669908886,0.2019515113250492,0.20468793674879204,0.2063914218487597,0.2027957196640646,0.1876704144343427,0.20263750123372704,0.1799079168735435,0.18631840027605348,0.20950192084708638,0.19767351099505073
X4_hydroxyglutamate,0.192682171570559,0.2046141014813012,0.2078681271985769,0.16995484747366604,0.20473916938337752,0.19889299838240485,0.18120154089682722,0.20539012521105207,0.19857430125843925,0.21253180378805056,0.1976449186644255
X1_palmitoyl_2_docosahexaenoyl_GPC_16_0_22_6,0.18636435896296102,0.15059192528473664,0.17803717229007615,0.2175213350019099,0.21763510158753357,0.22034402714124154,0.18219341977082434,0.22900008212289952,0.18641295462370758,0.20456399897836094,0.19726643757642512
N_butyryl_isoleucine,0.20619553236357988,0.20217603081190913,0.21798092187098567,0.20618950499480512,0.2046589300365635,0.17519564462332335,0.18088058350957106,0.18466049715244492,0.18111489747069,0.2091877442497018,0.19682402870835747
beta_sitosterol,0.20765716929146016,0.19555986344996035,0.16680102676227077,0.20496180531749536,0.20442009554886348,0.19646246192398129,0.20765490902816963,0.20193606619256388,0.21008732903933533,0.17141271729606208,0.1966953443850162
X___25853,0.2180084217410205,0.23186684939639665,0.13334310269355573,0.20882120488608644,0.19574671188197806,0.22426031000264446,0.19392456295925722,0.19763930567725396,0.1841255681736846,0.1715871342799818,0.19593231716918594
X___24854,0.1971981776250509,0.21193019704221944,0.2070152545169478,0.18092503535428495,0.2017642861824831,0.16780835076875317,0.18307605258577883,0.19847371954201032,0.1888555458196807,0.2175480814508479,0.19545947008880574
X3_5_adenylylguanosine.,0.17467879775088732,0.23122794830627164,0.18285153309891888,0.20501755847866196,0.20059799032456627,0.20050192913471843,0.21315978027227125,0.1949925373640357,0.16139297012911374,0.1857047387926728,0.19501257836521182
histamine,0.1787084704873655,0.19402476796513765,0.21476343707690693,0.21205149783881158,0.20352691483855312,0.1859040186727884,0.1701364219580058,0.1860358673647364,0.203656879977759,0.1979011195084078,0.1946709395688472
N_acetyltyrosine,0.17575355294553743,0.1845670729364361,0.2259894114199049,0.18228420701299422,0.25021981060500464,0.22432435079587631,0.17209004286212617,0.17154946322513953,0.17739563422611218,0.1797255889681069,0.19438991349972384
X3.4_dihydroxyphenylacetate,0.18000209451064922,0.17747210646744202,0.1953485288322952,0.1907259136925996,0.20792237351754977,0.1840393014580958,0.20031432728160392,0.20369116063766546,0.1977459147624576,0.20567981562278914,0.1942941536783148
propionylglycine__C3,0.19435137601062022,0.1952460635631242,0.19953114605143302,0.19116704174480267,0.19289275276712728,0.20986883692125013,0.19356179070112614,0.17931987170745559,0.19720458170437413,0.1895430425705522,0.19426865037418656
spermidine,0.1771443682903142,0.1916774845379155,0.19790339840977364,0.19418223297437837,0.1825185209741132,0.19132827385952764,0.19785591424259705,0.21296351407654304,0.19727125947144492,0.1963893800775873,0.1939234346914195
X___18059,0.19260343906593863,0.21341368318190823,0.18968807613169497,0.21235324298809818,0.17669156221111004,0.1978604347691781,0.18586559419684934,0.1680038635433846,0.19771577791858377,0.19960347447673019,0.19337991484834757
ribose,0.15044726843414233,0.20837743986004448,0.23858397518532273,0.17174384586812566,0.2016435694420294,0.14296202983698225,0.21810862674690096,0.2379360330420356,0.17363493282120787,0.18911095557151134,0.19325486768083028
ornithine,0.17225880918781955,0.19681280273401444,0.18870749857415053,0.17798292597110327,0.2002694987263416,0.2109232497462854,0.22528797637874173,0.18416399264962374,0.20264691899743761,0.17159127809601446,0.19306449510615323
X___21845,0.18096157627748197,0.20145236984838902,0.18507600888735526,0.1946647991869079,0.1865448033156555,0.1991246753696849,0.19509537934375512,0.19098510853644163,0.19940796170209876,0.1912431372755841,0.19245558197433538
N_monomethylarginine,0.2049022850508446,0.2011668232526846,0.18005219701358943,0.18891393595468622,0.20956294795593083,0.18001640951148926,0.18171951790090854,0.19222032443819267,0.18776459207144838,0.18375488499403667,0.19100739181438112
docosahexaenoate_DHA__22_6n3,0.16203262464033558,0.21161413689209274,0.20369907155918232,0.19443010851524056,0.2380938747618247,0.15857103141087894,0.1784681291574718,0.1654655878681121,0.18123243116179788,0.21474384812838898,0.1908350844095326
X2S.3R_dihydroxybutyrate,0.19784142951872205,0.1955481854229593,0.2099671583743885,0.19330675765984393,0.20826631024825976,0.18743572376267534,0.19614376480001566,0.17960127448712737,0.17408510192657306,0.1651672331137613,0.19073629393143263
lactosyl_N_palmitoyl_sphingosine_d18_1_16_0,0.18088924785218477,0.19289651987261153,0.1966794471998728,0.1716914831018949,0.18897835345846653,0.1879981526114705,0.20127418575898506,0.19269234275536642,0.1944014785135604,0.19664403640832104,0.1904145247532734
tetrahydrocortisol_sulfate__2,0.19489798301638162,0.19452277931015255,0.20164486893863307,0.2011803848324278,0.17413143732402905,0.1951839063226345,0.17586091545183788,0.19113991858531623,0.16506250758129978,0.2088340130447328,0.1902458714407445
margaroylcarnitine__C17.,0.19775231884178082,0.20160644446269396,0.18374998775690715,0.20163846485930986,0.15998218912527054,0.19095080989000804,0.19552746634279602,0.19919662708443361,0.19054283236606617,0.17981901318411572,0.1900766153913382
sulfate_of_piperine_metabolite_C16H19NO3__3.,0.19383565926982946,0.19675817970449316,0.18923602347358767,0.17610841428215165,0.1908807417280014,0.18397488395431555,0.1876839760140859,0.1937497692647891,0.19007495786492515,0.19762423725531703,0.18999268428114963
X___22142,0.19913296300175015,0.1898575958784852,0.18428227976182845,0.185830560115846,0.16860848397360312,0.17968490422887723,0.17827563006722774,0.2365964503318443,0.1882494185472685,0.17910250972101568,0.18896207956277464
X5alpha_androstan_3alpha.17alpha_diol_monosulfate,0.17353811821026321,0.20367157168914743,0.2027663362412876,0.18440282713732378,0.19185340836402892,0.18886760055723023,0.1998969319939515,0.16690386874199017,0.19123032911693771,0.18002432043300615,0.18831553124851666
X1_methylhistamine,0.19018307379232247,0.18331338023128518,0.19100053568239983,0.19293080053251802,0.18707445834673792,0.18942588558999274,0.17230778155911453,0.18693093162778884,0.19171063506617672,0.18493323558950303,0.18698107180178394
beta_alanine,0.18492720822072822,0.2043703697564717,0.1647464474311731,0.2073098421658144,0.21481843681697668,0.19374185834327218,0.16011780492270272,0.19673143325555514,0.14656451281154903,0.1871320950606466,0.18604600087848894
X___23469,0.2242471251334497,0.16130708012407335,0.18845585592780414,0.18025411386754403,0.17833138322839429,0.19006101957463348,0.18360533090631284,0.173766028092059,0.19442634140975631,0.18585090248546085,0.18603051807494878
N6_methyllysine,0.1684593065964277,0.1998517267281408,0.17889381207718943,0.223106822303374,0.18811342603928785,0.20419896645693933,0.20735354058943145,0.17444184681592942,0.1682291364513414,0.14733224890923458,0.18599808329672957
X5alpha_pregnan_diol_disulfate,0.17925319394038475,0.19326946331555003,0.1791891531471529,0.18379707657546,0.19734471802838735,0.17685806827351291,0.17511465185541245,0.180985685752581,0.19850347967533577,0.18981163719157765,0.18541271277553548
X___25477,0.19363072873148748,0.14489907547697206,0.19320014857464027,0.2115557467570872,0.20713316491860412,0.20421780198436046,0.18166376473974194,0.1979564959590259,0.1700090937926389,0.1489536111096461,0.18532196320442046
prolylglycine,0.18548134943745812,0.17400297902701692,0.18207362581642592,0.19710098630355785,0.2014049043192878,0.17057679658911198,0.1762120096829679,0.18806068656250866,0.19774214765697334,0.1801279158338224,0.18527834012291314
phenyllactate__PLA,0.20503225019005045,0.15694552539443474,0.16543432089259302,0.21012085627814495,0.17819463729931684,0.15794117137391608,0.18442580648077758,0.20481413478251367,0.18921153728794018,0.19975528882774457,0.1851875528807432
X5alpha_androstan_3alpha.17beta_diol_disulfate,0.1971017397246547,0.16797787051554344,0.17356825505413703,0.18285530020440313,0.18847205448138632,0.18828332249662652,0.1827641362516848,0.19230734457487839,0.18538039101048082,0.18953852204397115,0.18482489363577662
cysteinylglycine,0.21189252598737718,0.20845692578576167,0.15600638599721683,0.19000903351895115,0.160192016900742,0.1916982036180788,0.19810567333620133,0.19493753762396598,0.1736997270355366,0.162864401531253,0.18478624313350847
X1_2_dilinoleoyl_galactosylglycerol_18_2_18_2.,0.19650804390034043,0.17774296135175796,0.200279669911149,0.1991016960262311,0.14038909679125489,0.17732142224807293,0.1876835993035375,0.17632012561036525,0.18237574767626097,0.20858387724058017,0.18463062400595504
X___23557,0.18250232242053102,0.18970728836966455,0.18171273711103694,0.18451169648581794,0.17819915782589793,0.18128140353309288,0.17794148781077676,0.18055962612231485,0.18648716660174686,0.2015755541977233,0.18444784404786033
X___23739,0.17800741215675073,0.1991016960262311,0.17516776804274004,0.19344388029946977,0.187761578387061,0.1775922771323889,0.18134017037864683,0.18516378244513773,0.18388145973830666,0.1821791047699843,0.1843639129376717
retinol__Vitamin_A,0.19318545686325178,0.15784774715790725,0.185757478269452,0.15650063023674748,0.20122768095740332,0.2107390382881067,0.16102417050220785,0.20981948783940674,0.1407838894460019,0.22087895612000186,0.18377645356804867
X___23467,0.17745364765056929,0.17648663167276812,0.17820518519467268,0.18946280322373815,0.18332731852157683,0.18806068656250866,0.17226483655659436,0.18612627789635786,0.1905153324960313,0.1866099742405327,0.182851269401535
decanoylcarnitine__C10,0.17427157364804233,0.19220073548967473,0.17804244623775403,0.17872956627807712,0.1749372211871053,0.1857160401091255,0.19320052528518872,0.1858987447251105,0.18140308104023342,0.1794607614525657,0.18238606954528774
X3_5_adenylyluridine,0.1885692458028794,0.22539383204284852,0.18375300144129453,0.21306070539803607,0.17884069588986184,0.17550266372028786,0.1638890542229629,0.17862032021903457,0.1599464016231704,0.14950097153650435,0.18170768918968805
X___25420,0.16687486202976162,0.1839858085602198,0.174829105259708,0.19129097951523377,0.186893637283495,0.16990738194456476,0.18200770147045195,0.17528718528659007,0.17357880294949288,0.20161661564750136,0.18062720799470192
X___23767,0.158972981566046,0.1518893164135046,0.21292697315334602,0.20435906844001903,0.18360533090631284,0.14478003494367045,0.19011300563031583,0.21108448186101036,0.19547849397150105,0.15264650461583432,0.18058561915015603
X7_methylguanine,0.17193559153727286,0.1648263100674387,0.20537920060514778,0.16098273234188137,0.19579267056888564,0.2067383722638571,0.2119546832278669,0.13409803063259493,0.17931045394374504,0.17155888098885008,0.18025769261775407
N2.N5_diacetylornithine,0.17779720767073084,0.16896447544186263,0.17485472157700074,0.19683276839308084,0.1827588623040069,0.17842330060220946,0.17475225630782976,0.18401519198299676,0.1803912365071699,0.1763427282432706,0.17951327490301583
X___13838,0.19628691480841626,0.18926842058075202,0.17310829147451284,0.18371533038645224,0.14965466944026082,0.170444947897164,0.19977864488174676,0.20882647883376437,0.12515906602907148,0.18597295670314978,0.17822157210352907
X1_linoleoyl_digalactosylglycerol_18_2.,0.1745895173509111,0.1847494008418727,0.18402084264122312,0.17093768529450099,0.17334674925166446,0.17840559520643356,0.17044758487100298,0.17871675811943075,0.1744768808969327,0.18876136818257497,0.17784523826565474
X___17842,0.16999967602892835,0.16561853235077173,0.17644406338079635,0.1626421423076836,0.17937562486862219,0.175004652375273,0.1800574709612673,0.1869365822860152,0.19202857876904553,0.18417793093991536,0.17722852542683185
gamma_glutamylleucine,0.1776819342429135,0.18883218976567845,0.17607790072772941,0.15777880912754585,0.20408896697679987,0.18127650629596337,0.17876610720127417,0.15409457996397138,0.1765001932525113,0.17475602341331398,0.17698532109677015
N_acetylcarnosine,0.17354000176300532,0.17627190666016712,0.1825735207141829,0.18305005955793768,0.1515615782363768,0.17497074842591498,0.1854730618053928,0.17064347435618282,0.18308810732332836,0.16267604625704163,0.17438485050995303
X___24797,0.18804486471947493,0.19438490324942984,0.19115800069164052,0.15189835746666674,0.1595444514680033,0.14449222808467546,0.20141017826696567,0.1590046252521135,0.18381741894507483,0.16844951212216872,0.17422045402662137
vanillate,0.1923661114204323,0.16544675234069098,0.19144317057679658,0.1423502519063437,0.18964776810301373,0.1794837407960195,0.15338561071183976,0.1540418404871922,0.19756660054140837,0.17194915311701606,0.1737681000000753
X3_hydroxysebacate,0.1979014962189562,0.14854412674351058,0.15793702755788344,0.1830854703494894,0.18838202066031332,0.17349894031322727,0.18932681071575752,0.15848099758980588,0.15677826591093505,0.17647759061960594,0.17304127466794844
dihomolinoleate_20_2n6,0.19412195928663076,0.1792773034154838,0.18340228392071295,0.14532701865998027,0.17306157936650843,0.1668812661090848,0.1617775915990534,0.17230024734814606,0.18417416383443116,0.16947378810333016,0.1729797201643362
myristoleoylcarnitine_C14_1.,0.17753275686573808,0.17305103147115264,0.17218572734142554,0.15966386871185334,0.18675915161770806,0.1669373959807998,0.1798171296313736,0.17587146334719375,0.167487393381497,0.16975669772519567,0.17290626160739375
phytanate,0.18925372886936354,0.20843319302121102,0.1788813806290915,0.16175046843956692,0.1562196041676241,0.17608543493869788,0.16777934405652462,0.16759965312492697,0.1841101230411993,0.13217793696728417,0.17222908672554899
X2_deoxycytidine,0.1748856118419714,0.17131477255347213,0.1909734125229134,0.1971616367018539,0.14637276714240186,0.15037154961390933,0.17976099975965867,0.14308483747576808,0.1794588778998236,0.18657041963294826,0.17199548851447208
dehydrophytosphingosine.,0.16578240143933565,0.17575694334047323,0.15495046632998788,0.23044891089213343,0.19523815264160735,0.19360624254584002,0.1722377133971079,0.13490871173280067,0.1509287045150266,0.1399159483424359,0.17137741951767485
malonate,0.15528159490205146,0.18583470393187868,0.12261702324831475,0.19196604481800736,0.16878629135245865,0.18936071466511561,0.19321295673328664,0.16992847773527645,0.19131981589023714,0.14226983760289325,0.17105774608795202
stachydrine,0.17317270897829315,0.1827893758584291,0.16427405240345094,0.17155473717281744,0.1859657992027298,0.164871138622701,0.14908319953830354,0.18951893309545315,0.16612897514388456,0.16112776590302413,0.17084866859190867
glycosyl_N_palmitoyl_sphingosine_d18_1_16_0,0.16767235826077256,0.17570232031095195,0.16152594895270697,0.14518198509883753,0.1878376739178424,0.14364613619291797,0.16240142426724144,0.18432484805380028,0.18918328399680848,0.18708161584715796,0.17045575948990374
X___24978,0.14936799271291112,0.17307815463063905,0.16266813533552477,0.15221441761679344,0.17703135512578738,0.2208427919073533,0.14510136904147505,0.16567466222248675,0.17341945438751005,0.17178942784448484,0.16911877608249656
N_formylanthranilic_acid,0.154008689958931,0.17695299933171546,0.16206012451037044,0.17824871205005882,0.1734202078086069,0.15167798179583944,0.1757633474197964,0.17570571070588775,0.18930910531998166,0.14846878463382604,0.16856156635350136
X5_hydroxylysine,0.16482028269866392,0.17063594014521435,0.15477265895113232,0.18215763226872422,0.1777271395087242,0.15974222450592526,0.1466586904486547,0.17047885184652206,0.18272043782806777,0.17056926237814354,0.16802831205797725
N_acetyltaurine,0.1594133561971522,0.15904530999134317,0.14662403307819982,0.16855160068079128,0.17708334118146973,0.1585691478581368,0.17727697040335905,0.19034995656527376,0.1828861904693738,0.16038150230659864,0.16801814087316982
imidazole_lactate,0.1763461186382064,0.18044962664217543,0.16312998246789104,0.15901630327911462,0.15961150594562254,0.19881238232504242,0.16079889759425106,0.14758841208216203,0.16053482349980672,0.16775372773923192,0.16740417802135044
X___12849,0.16923759058946908,0.1573885369993799,0.157098093166546,0.16030163967033306,0.17391558217978284,0.1707937818650035,0.16718225783727458,0.17509129580141025,0.15990722372613442,0.16881492135413878,0.16597309231894725
N_acetylsphingosine,0.18165246342328928,0.15928866500562427,0.14383072436164512,0.16979436878003792,0.16438593543633248,0.14773871959098273,0.17249462999113221,0.18072349521087877,0.15770610399170026,0.16818732158046648,0.16458024273720898
ceramide_d18_1_17_0__d17_1_18_0.,0.16035287230491851,0.1653793211525233,0.12852949530580984,0.14468774085930688,0.17462718840575342,0.16828112250702373,0.18413686949013733,0.16382539014027944,0.2077905248256018,0.1435975405321714,0.1641208065523526
hexanoyltaurine,0.15637782259796165,0.16753543975451352,0.15488378856291704,0.1713867242682209,0.14826762120096826,0.16313073588898788,0.1778842278074165,0.19061666763355706,0.1398843046563684,0.16612257106456138,0.16360899034354726
S_methylcysteine,0.1592197269752629,0.15942767119799225,0.1845757372790498,0.154432866036455,0.15754487187697538,0.1655932927440274,0.1527998258090424,0.14737858430669057,0.17449194931886963,0.1741174990337374,0.1629582024578103
sedoheptulose,0.16498490520832468,0.13569641348955266,0.13756188412534215,0.2006571338806686,0.12027915758480316,0.18749562073987455,0.12924373850561938,0.17691947209290584,0.18022849755025125,0.1934310721408234,0.16264978953181658
X___17010,0.17598862032775323,0.16884957872459366,0.1783728213887208,0.16520339732640987,0.1501541876274694,0.18015503899330884,0.15352612374640143,0.15042353566959168,0.14595424172310417,0.15647463720890634,0.16251021827362594
X___25475,0.17770303003362514,0.1992587843249234,0.15557957294585384,0.12439208335248277,0.12057826576025085,0.17579612123750918,0.1937053174200752,0.17359989874020457,0.09837080222018128,0.18958711770471767,0.16085709937398238
theobromine,0.1356248384853523,0.1723556237987642,0.16457504413164073,0.21471182773177303,0.13381549772127788,0.09771946968195834,0.17830086967397207,0.15572724348083558,0.1580907254616399,0.1964379757383338,0.1607359115905548
X2_hydroxyheptanoate.,0.13196245853358635,0.14989953129673564,0.19741893000642663,0.1572461404120761,0.10456279350460604,0.15918506960480802,0.17738772330459532,0.19246028905753798,0.16547801931621006,0.15975691621731372,0.15953578712538957
X___25053,0.14670464913556228,0.16636215897335827,0.16969378706360908,0.15350804164007717,0.16779855629449422,0.17201206377860268,0.14280870864377418,0.14985357260982807,0.16760266680931435,0.15664943090337446,0.1592993635851995
X12_or_13_methylmyristate_a15_0_or_i15_0,0.17435595681088903,0.20082137967978092,0.14799224579007125,0.13984286649604188,0.0962634834123044,0.14477024046941145,0.2036452019507579,0.17373212414270092,0.17907651669317454,0.13196057498084424,0.15924605904259764
ribonate,0.1610663620836312,0.12391177740324376,0.09339106548058093,0.17920836538512247,0.200140663718781,0.15941222606550692,0.1668364375538225,0.16165440724971913,0.14580129724044452,0.19943395472993997,0.15908565569107924
X3_4_hydroxyphenyllactate_HPLA,0.18023000439244496,0.1462827333213288,0.16790290511640732,0.19100204252459352,0.16897879044270267,0.16221796623015958,0.15369262980880433,0.14485613047445184,0.14233216980001942,0.12992407775607084,0.15874194498669833
feruloylputrescine,0.17275908079612498,0.18458063451617931,0.15205582247590746,0.1645814482109639,0.1434299043381233,0.14294319430956112,0.1713121355796332,0.14784645880783165,0.15617364548071655,0.14858631832493394,0.15842686428399755
pristanate,0.1955127746314075,0.19069125632214476,0.1737890074355128,0.12438567927315958,0.1549463225139552,0.18570172510828542,0.1431481248479031,0.12921661534613293,0.15662117761224276,0.12772446486383043,0.15817371479545744
X___14056,0.1671378059925607,0.14362767737604526,0.15488416527346546,0.17691005432919527,0.160582289028908,0.1635383367023813,0.1525398955306307,0.15482615184900836,0.15348807598101075,0.15413526470320102,0.15816697167664068
ferulate,0.13974454504290354,0.18266355453525593,0.19605410768949103,0.1310470519009191,0.11131118626905119,0.1973797521093907,0.17234997314053788,0.14753868628977024,0.17431602549275624,0.12720347417536176,0.15796083566454378
TCA_S,0.1509652454382236,0.1576914122803118,0.1558500511196214,0.15530645779824737,0.15871003760324692,0.1618114955484114,0.1592792472419137,0.15779990491825757,0.16567390880138988,0.15050452843750256,0.15735922891871262
pyruvate,0.13235461421449446,0.20449581436909645,0.18992447988746985,0.18699723268431126,0.10801195528596474,0.13659034762095984,0.1355988454575112,0.18599254565166778,0.1554262517526458,0.13600079561267825,0.15713928825367998
arachidonate_20_4n6,0.14150981067281254,0.16644503529401128,0.18468272307480185,0.17041594118493547,0.16915848137430034,0.10476810075349643,0.13922807488101596,0.14465496704159408,0.17165720244198843,0.1786854911439117,0.1571205827862868
X___11442,0.1570389496104436,0.16041276928211773,0.15667354037847353,0.13934711541431755,0.15541608056783837,0.16319854378770401,0.1635910761791605,0.16475398164214153,0.1568950461809461,0.147815568542861,0.1565142671586004
X1_linoleoyl_2_linolenoyl_galactosylglycerol_18_2_18_3.,0.15964616331607748,0.16746027022201057,0.12505923773373945,0.17177172244870895,0.13556230453431414,0.1661508243556931,0.14465082322556144,0.15219595879992073,0.1560007353389905,0.1859567581495676,0.1564454798124584
N_behenoyl_sphingadienine_d18_2_22_0.,0.17352154294613262,0.1744365728682515,0.136774935789687,0.1663199673919349,0.15612919363600264,0.14934049284287626,0.1554311489897753,0.13445628236414497,0.14920073322941144,0.16474418716788253,0.1560355057226099
N_propionylmethionine,0.16352477512263808,0.14752437128893017,0.15692781999865887,0.1470146819169142,0.1272324808875903,0.1593108909279812,0.12292253550308563,0.18154698446973092,0.15482389158571783,0.1933180589762966,0.1554146490677544
catechol_sulfate,0.1613956071029527,0.16114961511483264,0.1524325330243302,0.15255873105805182,0.14583972171638365,0.15211458932146144,0.15181849483040114,0.15929732934823798,0.1717461061314162,0.14263692863369343,0.15509896562817616
X1_palmitoyl_2_palmitoleoyl_GPC_16_0_16_1.,0.14554814775190444,0.1457956465822182,0.14768409656146142,0.15773850109886467,0.17180826337190597,0.15285520225966054,0.14596064580242735,0.16672568465258622,0.15285821594404791,0.16234529439552647,0.1549319698420603
X2.4_dihydroxyhydrocinnamate,0.16040937888718196,0.16510507587327156,0.15656768471436674,0.15126058650818702,0.12996363236365524,0.16778160431981518,0.15863959273069186,0.13850064681201163,0.1605208852095151,0.1516745914009036,0.15404236788196
gamma_CEHC,0.1457994136877024,0.15546806662352072,0.1535313976940794,0.15984318293290253,0.15520662950291533,0.14168046055124806,0.1606753365343684,0.16220139096602895,0.14510814983134668,0.15977499832363803,0.15392890266477505
X___23639,0.19565441779761453,0.18769640746218388,0.15595553007317978,0.1085627061077588,0.12548906446948982,0.1720621662815429,0.10285102077257305,0.11846059856863214,0.17329174951159476,0.18695014386575842,0.15269738049103282
benzoate,0.16691140295295862,0.1230977059081022,0.15584477717194348,0.16417648437140944,0.1276675815710186,0.11666612671488058,0.16007787360456993,0.198116974652654,0.16219988412383526,0.14291042049184832,0.151766923156322
isovalerylphenylalanine.,0.1300110978927565,0.14750741931425115,0.1433436376225345,0.12350982724807667,0.1646228863712904,0.1654128483913329,0.1296611337932718,0.15524656082104815,0.1771899502666734,0.1789800787927783,0.1515485440514014
deoxymugineic_acid,0.13709363291365265,0.16200399463865545,0.16075180877569822,0.19363826294245592,0.10891229349669511,0.12313010301526657,0.16846834764958984,0.12618371872078138,0.1787619633852415,0.14501623245753154,0.1503960357995568
X2_palmitoyl_galactosylglycerol_16_0.,0.16028694795894455,0.17531807555156073,0.1280043608013085,0.1405996779878232,0.1479466638137121,0.16515028113908226,0.14192494569717443,0.14838176449714036,0.13504093713529708,0.1514738046785943,0.14941274592606374
X___25519,0.1386027353706342,0.17104128069531727,0.1434879177625804,0.11340758047102378,0.16181300239060512,0.15546542964968177,0.12768360379426724,0.18496224230173158,0.13188749313445022,0.16041239257156933,0.1488763678141861
X___25958,0.14203117807182963,0.15115962808120972,0.17490821447487676,0.157975828744371,0.1499967226182287,0.15021257776247496,0.16774091958058554,0.15397516272012138,0.12496468338608534,0.11120156349946016,0.14841664789392434
X3_ketosphinganine,0.13611870601433457,0.168401669882519,0.15058853488980084,0.1619256388445835,0.11078868873838883,0.1316219121978122,0.16382463671918263,0.1630828936493382,0.15231386920157705,0.13307187109869137,0.14717384212362283
histidine_betaine__hercynine.,0.12634758780934527,0.14280720180158052,0.15456885854443564,0.15051243935901945,0.15407574443655023,0.1380549982332275,0.14360507474313988,0.12702302982266725,0.16698147111496525,0.16573305235749225,0.14697094582224235
X___23173,0.1416842276567323,0.13465443211261532,0.14180552845332442,0.1514884963899828,0.15160301639670332,0.14035632297354209,0.13312837768095478,0.14742416628304972,0.1577739118904164,0.16962221205940872,0.14695406918967296
X1_linoleoyl_GPG_18_2.,0.14231710137808248,0.14805704000439995,0.1486853931991691,0.14936987626565323,0.15213229471723727,0.14516390299251325,0.1483855316026246,0.14374483435660473,0.14674947769082458,0.1436762730367918,0.1468281725243901
X___21470,0.1486141949055172,0.13733585779628846,0.15259527198124884,0.13286166661267146,0.13887396696549859,0.15840866916450874,0.14975901826217394,0.13716483120730455,0.15249431355427154,0.15947626685873878,0.14675840573082222
X1_stearoyl_GPG_18_0,0.15546806662352072,0.1321033482786965,0.16000215478433696,0.17458462011378165,0.13867393366428607,0.1503474401388103,0.14243990901686832,0.14241052559409134,0.1228012347064935,0.14281398259145214,0.14616452155123374
N_acetyltryptophan,0.152767428701878,0.14135724290070134,0.1511690458449203,0.1400715297989345,0.14397877160717526,0.1422835741392729,0.13817667574036807,0.1455311957772254,0.15543755306909848,0.14915439783195544,0.14599274154115296
X3_5_adenylylcytidine,0.11983689940095488,0.17959939093438532,0.14443572150241207,0.17756364713070874,0.11231625001224307,0.11454185593232469,0.16020783874377578,0.18231622740961015,0.08727742999022811,0.1811348631297564,0.14592301241863995
X1_palmitoyl_digalactosylglycerol_16_0.,0.12520201103159168,0.1438088751498366,0.157651480962179,0.1408283412907158,0.13875907024822964,0.15457563933430724,0.1654874370799206,0.15080250648130494,0.13138759823669324,0.14285240706739122,0.145135536688217
X___25678,0.15309252990516686,0.15606326929002867,0.10254023457012429,0.1929006636886442,0.15620943298281673,0.12056696444379815,0.0810330759395726,0.1626406354654899,0.156681074589442,0.1668349307116288,0.14485628115867122
chrysoeriol,0.13857071497401824,0.15085599937918098,0.13095890163258816,0.1448550003428066,0.1451865056254186,0.15497645935782906,0.13706877001745674,0.14168460436728073,0.14845710660682493,0.1555569703129485,0.14481710326163527
cholesterol,0.1581562730970655,0.15208708945142654,0.1258959118617864,0.1316516723311376,0.15554981281252844,0.14411966135228535,0.1383725652255479,0.13973927109522563,0.1533196863658658,0.14500116403559463,0.1443893107628464
sulfate_of_piperine_metabolite_C18H21NO3__1.,0.14256384678729941,0.15475608368700172,0.13935088251980177,0.13082290912460756,0.14177539160945057,0.14016231704110438,0.13840797601709962,0.152416334470748,0.14979254550098356,0.15337920663251658,0.14434274933906133
quinolinate,0.13930454712234577,0.13517617622218084,0.15982585424767512,0.14613167239141128,0.14629893187491097,0.14502678035288732,0.14607290554585736,0.12253942087533969,0.16081321259509113,0.1343767964384278,0.1435566297666127
X___12830,0.09449595751910486,0.170335325127573,0.1314930771902516,0.15256590292676878,0.13726390608153974,0.16579709315072413,0.12197812215818978,0.15062356897080414,0.1659070926308636,0.14469263809643637,0.1435152683852256
X1_myristoyl_2_palmitoyl_GPC_14_0_16_0,0.14302268023527834,0.11643482643814901,0.1419298429343039,0.13069369740649853,0.15915229578709525,0.1442575374130081,0.16101023221191624,0.14645036951537693,0.15218767116785545,0.13981574333655544,0.1434954896446037
stearoyl_ethanolamide,0.15291735950015029,0.13517692964327768,0.11494041569255596,0.14662555372924235,0.1720192212790227,0.15260996369263732,0.1377502393995535,0.1298770011690277,0.13499045792180844,0.13590285087008833,0.14128099928973642
N_succinyl_leucine,0.1339914215473913,0.13146708416241043,0.14192004846004494,0.14541441550721435,0.13564480414441876,0.14087919721475287,0.14793121868122674,0.1332828290058081,0.14900672729697373,0.1512500386128312,0.14107877846330724
tricosanoyl_sphingomyelin_d18_1_23_0.,0.14853885279583265,0.14194679490898293,0.1525549639525676,0.14331990485798388,0.13820116192601553,0.12853288570074564,0.13630517773580383,0.13148215258434734,0.13430559814477588,0.155495943204104,0.14106834358111592
coumaroylquinate__5,0.13184530155302687,0.13718517357691937,0.12711909101251506,0.14330428486628394,0.14736125562146313,0.14683800466970393,0.15274407264787582,0.1462774593736509,0.12912169644830723,0.14406428490166723,0.14058606246714134
X___18349,0.1559928244174736,0.148498168056603,0.14573386605227687,0.12950630575787003,0.1456449623628491,0.12433746032296146,0.1500215855144246,0.12460002757521213,0.1317575279952444,0.1450704787765044,0.14011632068314195
X2_hydroxyphenylacetate,0.1393199922548311,0.1724991505177133,0.143838635283162,0.16559705984951165,0.10224640034235453,0.11029369107776132,0.17169110639134647,0.1004822648440908,0.1725986021024969,0.11767910137958935,0.13962460040428576
X1_palmitoylglycerol_16_0,0.12985741221866487,0.13566439309293674,0.14485613047445184,0.15502467830802713,0.11916597791421395,0.13949553937039613,0.16247864992966812,0.13557230013172689,0.11774201204117594,0.1561084745558394,0.1395965568037101
stearoyl_sphingomyelin_d18_1_18_0,0.1649773709973562,0.12947692233509306,0.14561218854513633,0.1494256294268198,0.11139293245805891,0.1353227166255173,0.1117455335313826,0.12798364172114526,0.12522461366449705,0.17219288484184558,0.13733544341468523
X___25668,0.13124595507048628,0.1311649623025754,0.13838838706858164,0.1287720968989941,0.15457300236046828,0.13790619756660052,0.12675104480670601,0.144570207168199,0.14836895633849398,0.13052041055422406,0.13722612201353293
X1_palmitoleoylglycerol_16_1.,0.14128981171253366,0.13448415894472826,0.1372963031887041,0.12903654770398687,0.1457402701316,0.1093311956265412,0.14536431300427413,0.14333648012211447,0.13699681830270802,0.14840248357730362,0.13712783823144942
gentisic_acid_5_glucoside,0.10558141882754113,0.15080514345514393,0.11525534571103738,0.10228444810774523,0.1853566582459302,0.1357781596785604,0.14689149756757997,0.14248360744048535,0.1424176830945114,0.14360093092710724,0.13704548930556423
X___24465,0.1415497419909454,0.13173040483575796,0.12217853216995068,0.12548303710071504,0.1572770306770468,0.17362363150475518,0.14156970765001176,0.13026613093403872,0.12087172327747217,0.12552560539268684,0.13700755455333805
N_acetyl_1_methylhistidine.,0.14546527143125143,0.14486931534364664,0.12181010925359323,0.1618077284429272,0.1384833181267842,0.13647243721930352,0.11322073203900611,0.12784086842329304,0.13298409754090887,0.14239282019831545,0.13653466980190299
X___24456,0.15029055684599846,0.20565683627933537,0.09977404901305602,0.1044746432362751,0.077900351018889,0.17736926448772258,0.10076856486089208,0.15423283273524252,0.10502878445300497,0.18206270121052165,0.13575585841409377
thioproline,0.1276265201212405,0.12755833551197598,0.14668543689759272,0.14824087475203024,0.14216378018487447,0.13544740781704526,0.1152176746561951,0.1219204854442811,0.1321817040727684,0.1601125309750248,0.13571547504330286
hesperetin,0.15373783507461505,0.1448583907377424,0.13396731207229223,0.1320935538044375,0.13072497669338762,0.14001577663776793,0.11943419582469095,0.13042359594327943,0.1263385467561831,0.14535451853001513,0.13569487020744112
ergothioneine,0.1413519689530234,0.13721418028914792,0.13237910040014192,0.1272223097027829,0.14670050531952963,0.13871951564064522,0.13028835685639567,0.11863180235655049,0.15481748750639462,0.12939931996211798,0.13567245469867298
feruloylquinate__1,0.1335574509956083,0.14577681105479706,0.12906894481115122,0.12322465736292067,0.1457316057889863,0.1370563385693588,0.14007529690441872,0.1343040913025822,0.13384036061747379,0.12878377492599521,0.13514193323332924
oleoylcholine,0.12555272855217325,0.13959235398134076,0.1252686887986625,0.12793692961314085,0.14624920608251918,0.13659336130534724,0.13449093973459986,0.13216023157150833,0.1367549701306206,0.14328976801411006,0.13478891777840224
ergosterol,0.15216130142946582,0.10565638422667727,0.13143619389743977,0.15575851045635467,0.15666449932531137,0.12911188981367142,0.1508341501673725,0.12670395598815318,0.10820633792895086,0.12920569074022867,0.13457389139736253
X1_2_dilinolenoyl_galactosylglycerol_18_3_18_3.,0.13827876429899064,0.12024412350379987,0.11655575052419272,0.14811128632337286,0.14150981067281254,0.12655967584810726,0.17277377250751347,0.08789787226348038,0.12611854779590426,0.1646605574261327,0.13427101611643064
mevalonolactone,0.11805656534910894,0.12028669179577163,0.12063364221086897,0.14386462831100316,0.15775281609970473,0.14259285349952797,0.14419877056745417,0.14321856972045816,0.11027108844485596,0.12978996880083235,0.1330665594799586
agmatine,0.13347608151714896,0.17647269338247645,0.14985244247818277,0.09971867256243787,0.08849458177218203,0.15506649317890206,0.13174095273111378,0.1385552698415329,0.1364901426150794,0.11567236428814136,0.13255396943671977
caffeate,0.1581864099409393,0.16091304089042316,0.1338720043035413,0.12655779229536515,0.12346838908775017,0.16071602127359808,0.11133039850702076,0.13849612628543054,0.0743634156797478,0.13000394039233648,0.13179075386561528
X___25563,0.11812625680056717,0.10950146879442829,0.1584188403493161,0.10549590553304916,0.14606198093995307,0.1530070166106749,0.13053171187067675,0.15750720082213307,0.11714266555863537,0.11884841092189358,0.13146414582013274
X5alpha_androstan_3alpha.17alpha_diol_disulfate,0.12958955878907147,0.11674448250895252,0.12315571933255928,0.13019945316696788,0.129582024578103,0.12483848535236373,0.14567848960165872,0.12615358187690756,0.14598098817204216,0.1418270009545845,0.13137497843332108
X___23161,0.12259404390486099,0.12956092878739134,0.12254205784917863,0.12900829441285516,0.1205696014176371,0.15819243730971405,0.12622628701275315,0.08491997537819855,0.15310496135326482,0.16166081132904234,0.1308379398754896
X___25551,0.1334135475661108,0.1407684443135166,0.08917266075934298,0.04769569924635287,0.13613377443627148,0.10495946971209517,0.1451202045688962,0.15300098924190014,0.1703748797351574,0.18607655210396604,0.13067162216836098
protoporphyrin_IX,0.1577264463613151,0.09637009249750805,0.1492350138893179,0.11563318639110538,0.126734092832027,0.1595478418629391,0.11902169777416804,0.16187930344712753,0.10183503242347688,0.11226577079875442,0.13002484782777396
X4_hydroxyphenylpyruvate,0.1391629039561388,0.09270545228245151,0.1036466334508419,0.1796065484348053,0.1441170243784464,0.11155529470442913,0.17293575804333525,0.14083587550168428,0.11011324672506684,0.10316896447544185,0.12978477019526413
X5alpha_pregnan_3beta.20alpha_diol_monosulfate_2,0.12188997188985887,0.15172582403548912,0.13206341696056365,0.14513941680686576,0.14567585262781976,0.09287836242417756,0.1444594542669627,0.12361003225395714,0.12980315367002715,0.1103874920043186,0.12976329769400402
asparagine,0.14677208032372996,0.14359980079546195,0.1393512592303502,0.12562242000363147,0.16450271570634353,0.14102159380205667,0.12313952077897711,0.12110829750188165,0.11769680677536523,0.0747145099108778,0.12975290048286756
enterolactone_sulfate,0.15372540362651707,0.13274752331649936,0.1094389348433901,0.126134369638938,0.13097886729165456,0.1341044347119181,0.1637150139495916,0.11544897493292666,0.1150191481971763,0.11363511364227112,0.12949477841508827
X___13835,0.1194500176677247,0.13256142830557854,0.1541993054964329,0.09692461042478634,0.15978818319283283,0.17297531265091967,0.0979654616700784,0.11954985722198033,0.13103198347898218,0.11024697896975691,0.12946931390790728
X___25045,0.12508071023499956,0.12174230135487714,0.13749784333211026,0.09129768496299571,0.14971192944362108,0.1371576737068845,0.13052869818628937,0.14071834181057635,0.11425706275771708,0.14111049749148444,0.12891027432815555
X1_2_dilinolenoyl_digalactosylglycerol_18_3_18_3,0.1103426634490563,0.10160448556784216,0.11052122424900868,0.13077695043769996,0.14602355646401394,0.1365214095905985,0.14181268595374444,0.10424786348612462,0.13787982782821093,0.16232457531536323,0.12820552423416626
arabonate_xylonate,0.12316815078065724,0.10655257862137497,0.12445913783010201,0.13370286126729947,0.128260523974236,0.09465492937053925,0.11627133406013354,0.16104112247688693,0.14989651761234826,0.12597200739256778,0.12639791633861458
X___25495,0.12574937145844994,0.12220226493450131,0.1552736839805346,0.09249600121752848,0.12693864665982058,0.15319311162159574,0.14368305382666338,0.13342447217201506,0.09551458284204,0.11030310884147189,0.1258778297554621
X___23908,0.13261040067687352,0.14627896621584455,0.10321982039947891,0.09399719275299315,0.14627708266310246,0.1391195822430702,0.14673214900559714,0.08711506774385791,0.12674577085902813,0.135470387160499,0.12575664197203448
tetradecadienoate_14_2.,0.12839538635057135,0.12032210258732337,0.14746296746953727,0.1310342437422727,0.1294275732532497,0.131052325848597,0.1095462973496906,0.1126579264796625,0.10745291683210537,0.13292118687932228,0.12502729267923324
X2_methylbutyrylphenylalanine,0.1194036822702687,0.11990809769460677,0.13834431193441618,0.12513495655397242,0.13499460173784106,0.12569361829728337,0.11530469479288076,0.1092750657548262,0.12914278007864208,0.12929271087691432,0.12464945199916518
X1_palmitoyl_2_stearoyl_GPC_16_0_18_0,0.1264357380776762,0.10737870485406607,0.13768243150083742,0.10987478894791522,0.14391736778778236,0.11695506370552082,0.16381069842889098,0.1116890269491192,0.10812685200323366,0.11436065815853334,0.12402313304135751
X3_hydroxystachydrine.,0.1394122863391947,0.1249288958839852,0.13136424218269105,0.12202069045016155,0.11965909202209934,0.11366449706504811,0.12145336436423688,0.11375340075447588,0.12957449036713453,0.12417434465549443,0.12400053040845216
X___25940,0.1819376333084453,0.1317861579969245,0.14970100483771684,0.11520411307645188,0.12675933243877135,0.13066431398372155,0.09151994418656513,0.1286217893901734,0.07411139632285298,0.10954592063914217,0.12398516061807652
hydroxyproline,0.11569647376324042,0.1237121208125797,0.12119079711198623,0.14858556490383706,0.11411805656534908,0.11704020028946435,0.10541566618623514,0.1454780795898978,0.12350719027423772,0.12406472188590341,0.1238808871382731
feruloylquinate__3,0.12892391125000846,0.12033792443035712,0.111692417344055,0.11350233386333422,0.11978529005582096,0.14188237740520265,0.1233760950033866,0.12240154481461696,0.128187442127842,0.12327212289202193,0.1233361459186646
X___25957,0.13749595977936813,0.11786481967996178,0.12581604922552075,0.14927042468086962,0.12222373743576141,0.09768443560095502,0.136682264994775,0.113060253345378,0.11363285337898058,0.1179695452124233,0.12317003433339935
hexanoylcarnitine__C6,0.12613662990222854,0.11885142460628095,0.07539371902968402,0.1381277033690731,0.11977097505498088,0.12462489047140803,0.14221501281945992,0.10950598932100934,0.14415620227548237,0.12589704199343169,0.12246795888430388
X___25011,0.1345033711826978,0.12171065766880963,0.12607936989886828,0.1151532571524148,0.11113714599567986,0.11758869084796789,0.1315477002197729,0.1157906514003461,0.11884125342147353,0.11889286276660746,0.12112449605546383
TCDCA,0.11618845773948053,0.1301467136901887,0.10116863146331705,0.13013541237373605,0.1009245230279391,0.14488023994955088,0.11885029447463567,0.12203952597758268,0.11815262653895676,0.12054172483705383,0.12030281500724413
X1_methyladenosine,0.09541023402012687,0.10525857788754284,0.10381690661872899,0.14857991424561073,0.11147053483103399,0.1104522862186473,0.08019753194317093,0.14331613775249963,0.14082608102742528,0.15961112923507412,0.11989393337798608
homostachydrine.,0.14311610445128714,0.1533151658392847,0.13232184039678163,0.07554063614356889,0.10135095936875366,0.12675368178054497,0.14367551961569494,0.14527465589374952,0.04983880555632989,0.12013638428695095,0.11913237533329461
X2_stearoyl_GPE_18_0.,0.1116909105018613,0.10843650807403717,0.12526341485098458,0.11442055513573256,0.14537486089962998,0.09018864910843913,0.1234209235586489,0.09899086778288511,0.1242704058453422,0.14573499618392213,0.11877920919414828
valylleucine,0.11147166496267927,0.13159441232777733,0.10059942182465026,0.13621024667760132,0.13892180920514827,0.13648411524630463,0.10825606372134267,0.09692649397752845,0.13441974144094795,0.08723297814551423,0.11821169475294946
N_methyl_GABA,0.1556236480800193,0.15015833144350205,0.13601699416626042,0.15661703379621011,0.003214847820239753,0.15246794381588194,0.09213473580159107,0.12771806078450723,0.10493686707918981,0.10059640814026288,0.11794848709276644
isovalerylcarnitine__C5,0.07734658651270757,0.04372705361871919,0.12647453926416374,0.16443490780762748,0.11763954677200496,0.14762156261042325,0.12094894893989881,0.15155705770979572,0.12783408763342144,0.08740664170833712,0.11649909325770991
feruloylquinate__2,0.10962540656485936,0.11375641443886327,0.10210852428163181,0.10825267332640687,0.13526922372764127,0.12627488267349968,0.11775293664708021,0.10944533892271328,0.12900302046517723,0.11004694566854442,0.11615353667164174
ribulonate_xylulonate_lyxonate.,0.09558163731965924,0.1432343915634919,0.11627510116561776,0.1505678158096376,0.12716655654161632,0.0998896991514218,0.08907735299059202,0.09706964398592909,0.11273515214208917,0.12866511110324202,0.11602624617732968
X1_palmitoyl_galactosylglycerol_16_0.,0.11241080435989718,0.157456344898096,0.11194330656930455,0.10789065448937259,0.09986408283412905,0.1111145433627745,0.12606731516131875,0.07667528831541823,0.10223585244699869,0.13905365789709623,0.11447118503344059
hexadecasphinganine_d16_0.,0.12461019876001954,0.11727150056619594,0.07947575453239294,0.09797977667091845,0.12891637703904002,0.11356994271739398,0.14371017698614985,0.09920069555835659,0.13637110208177783,0.10316331381721551,0.11442688387294606
X___13874,0.12024299337215459,0.11339665586511953,0.11243981107212574,0.1279708335624989,0.08013876509761698,0.1220794572957155,0.1361043910134945,0.10417854874521482,0.12709385140577073,0.10045853207954016,0.11441038395092513
GCDCA,0.12771165670518406,0.10779836040500904,0.07907832490380695,0.14138511948128463,0.10663244125764063,0.12799984027472744,0.10496436694922467,0.1476520761648455,0.09834819958727592,0.10252290588489683,0.11440932916138957
prolylhydroxyproline,0.11670342105917444,0.09628457920301609,0.10716737023640092,0.13182947970999312,0.12555536552601224,0.13170591865011047,0.11475733436602249,0.12764949946469428,0.07057182400987282,0.12070597063616616,0.11429307628614631
X___23115,0.14568941420756298,0.08766657198674882,0.10619319675817968,0.11934190174032737,0.08422569783745543,0.13127383165106957,0.10838037820232219,0.1309298949203596,0.09710166438254503,0.12872839847537704,0.11395309501619477
quinate,0.11398658458394954,0.1331863911054119,0.11161707523437046,0.0903950864889748,0.11163854773563055,0.10684904982298368,0.16986406023149614,0.10805753726232388,0.10320324513534831,0.08492939314190912,0.11337269707423984
X___12193,0.09137001338829288,0.13134088612868883,0.11076646281603189,0.14519856036296813,0.09779368165999762,0.08826930886422521,0.09908203173560341,0.1144326098732821,0.11654520262883687,0.13503227279268337,0.11298310302506102
campesterol,0.11600349286020496,0.10883582125536528,0.0816753674246334,0.0964951603995844,0.11164532852550214,0.09802159154179338,0.13488648581044377,0.1309558879482008,0.11581589100709043,0.12064758050116063,0.11149826072739792
gluconate,0.1156365767860412,0.1005470590584195,0.12808686041141312,0.10381916688201952,0.11847057024182554,0.11857830945867447,0.11122454284291394,0.09218483830453128,0.1136460382481754,0.10581610949920851,0.11080100717332224
X___17348,0.12358855975269706,0.134241557351544,0.12144997396930109,0.09260148017108684,0.10125283580664281,0.11842084444943375,0.07472581122733049,0.14396332647468993,0.1342087835338312,0.06307980462284114,0.11075329773593982
eicosapentaenoate_EPA__20_5n3,0.09634372275911846,0.10927167535989041,0.13490155423238068,0.09992925375900619,0.13309032991556408,0.09772587376128153,0.11077701071138771,0.08841886295194906,0.1076439090801557,0.12861124149481756,0.11067134340255513
X___23103,0.1250912581303554,0.12594450752253292,0.0881498916203752,0.11997025493509653,0.12287431655288751,0.06881861311751335,0.10405536439588059,0.10249578272541038,0.11391538629029765,0.1244274941440345,0.1095742869434384
trigonelline_N_methylnicotinate,0.13833903798673827,0.11068320978483046,0.11807314061323955,0.061077964768522654,0.09703121950998997,0.09930617451191497,0.12623796503975426,0.1322675940778088,0.08562706107758805,0.12636340965237902,0.10950067770227659
X2.4.6_trihydroxybenzoate,0.10915037456329829,0.08563986923623443,0.14637201372130498,0.12600591134192582,0.05976098469123673,0.13952831318810888,0.11940443569136555,0.1116792324748602,0.06183741323414292,0.13496220463067674,0.10943407527731545
ceramide_d18_2_24_1__d18_1_24_2.,0.11508130543766606,0.12160028147812177,0.07197959132932864,0.11389090010465018,0.11828522865200156,0.11834964615578186,0.10550607671785658,0.09965538519030284,0.10398680307606764,0.12086155209266476,0.10891967702344418
X___21959,0.1013332539729778,0.09615536748490708,0.11209060039373786,0.11317288979935641,0.1215611035810858,0.11369049009288928,0.10486529207498949,0.1090245532401251,0.10438272586245995,0.10346355212430842,0.1079739828626837
N_propionylalanine,0.10852767202675546,0.13063756753478353,0.0839024801869087,0.11385699615529213,0.11353942916297174,0.1182381398334487,0.11386829747174482,0.09354287983159532,0.10487320299650638,0.09570519837954188,0.10766918635795489
N_carbamoylputrescine,0.10103565263972382,0.10411488466253138,0.11389391378903754,0.09698940463911504,0.11277470674967356,0.10072147604233925,0.11611424576144126,0.13514453253611333,0.12400407148760732,0.06935429551737049,0.1074147183824953
X___14904,0.09364760536405684,0.108466644917911,0.0954505420488081,0.12616488319336022,0.1274110536868152,0.12469495863341466,0.09108145310820104,0.10405649452752584,0.07822771248546838,0.10863428111195911,0.10578356290775204
gamma_glutamylhistidine,0.057487159820957,0.13878619340771606,0.13437152249074985,0.08133030056227815,0.07889185318233768,0.11120156349946016,0.1405205687726544,0.06352017925394736,0.13459943237254562,0.11110361875687025,0.10518123921195163
sucrose,0.10210325033395388,0.10567559646464683,0.10468371759064972,0.10748117012323707,0.10611710122739829,0.10050223050315721,0.11166529418456858,0.10011233508553966,0.1144258290834105,0.0977767296853186,0.10505432542818802
furaneol_sulfate,0.10953951655981899,0.12027576718986738,0.10716247299927142,0.09839754866911929,0.1081637696369791,0.08044126366800046,0.11009554132929096,0.10919595653965744,0.08821355570305865,0.11453281487916254,0.1046018207174226
sulfate_of_piperine_metabolite_C18H21NO3__3.,0.10273687747640096,0.1118133414300987,0.10427460993506261,0.08663702205790944,0.10087027670896623,0.10037226536395134,0.10115243290973486,0.11345166628979962,0.11138351469434835,0.10845270662761934,0.10411447134938916
X___25785,0.10663018099435008,0.11467822515085374,0.0928757254503386,0.13138458455230584,0.053904265794908215,0.09582951286052138,0.10027997127958777,0.120548128916377,0.10694850140776732,0.1041551926912126,0.10272342890982226
N_acetyl_aspartyl_glutamate_NAAG,0.1021898937600911,0.10880832138533042,0.09697659648046866,0.10569066488658374,0.1069021660103113,0.10204184651456098,0.10048942234451082,0.08372843991353739,0.1103230745005383,0.10969472130576916,0.10268451471017018
pheophorbide_A,0.057079935718112006,0.09507006439490114,0.09171696380339023,0.07743925730761955,0.13672709355003732,0.1218229174122396,0.13727897450347665,0.06687855379313618,0.09204696224380855,0.1507222671344909,0.10267829898612121
X7_methylxanthine,0.11651280552167251,0.10418947335111908,0.09516876255858789,0.09564304113905213,0.08877071060417589,0.09629022986124242,0.09932124293385186,0.08891160034928601,0.11303313018589156,0.12006518599329906,0.10179061824981786
X___13844,0.10884561572962428,0.07757261284176122,0.10679254324072028,0.11069262754854102,0.10535162539300327,0.09325770994643927,0.10218914033899427,0.11146262390951713,0.08562065699826486,0.11199981315156798,0.10137849690984335
X___13729,0.08929433826648353,0.12308866485494006,0.10340403185765763,0.10593816371689747,0.0909695700753195,0.08695797944516563,0.11021759554697994,0.09860360933910654,0.1077945932995248,0.09686998739526503,0.101313853379734
X1_carboxyethylvaline,0.10583004778950014,0.0923076459433171,0.08809451516975708,0.09470616200512474,0.08740438144504659,0.10539306355332978,0.10391447465077047,0.10247883075073137,0.1153732561126937,0.10765822408099578,0.10031606015012669
X___13504,0.10826020753737531,0.11485791608245138,0.08869348494174924,0.09393164511756759,0.1310410245321443,0.09228881041589596,0.08611301768505339,0.07938082347419041,0.09362048220457038,0.10977609078422848,0.09979635027752265
TLCA,0.08758256553445054,0.08723071788222368,0.08601620307410875,0.09966894677004606,0.09195692842273553,0.12061028615686678,0.10995917211076192,0.1016794509669783,0.10462683429783791,0.1059283692426385,0.09952594744586479
X1_linoleoyl_galactosylglycerol_18_2.,0.08405203427463252,0.11265566621637199,0.07722528571611545,0.10658949625512042,0.1054597413204006,0.09753751848707015,0.10300622551852322,0.10640867519187751,0.0996346661101396,0.09344267482571485,0.09860119839159663
X___11441,0.09212268106404152,0.09463835410640867,0.09936381122582365,0.08396689769068899,0.09513937913581091,0.11057283359414258,0.10179284084205353,0.09892004619978165,0.1041303297950167,0.10409755597730391,0.09847447296310721
X___24763,0.12464259586718388,0.07982722547407138,0.0855038767282538,0.10541076894910563,0.054087723831990106,0.10569593883426166,0.10557802843260532,0.07122692365357998,0.1360761377223628,0.11467822515085374,0.09827274446442683
guanidinosuccinate,0.07855243697820878,0.0854839110691874,0.1315774603530983,0.10256283720302964,0.09558050718801396,0.0855136712025128,0.08007698456767566,0.12313801393678342,0.08130506095553383,0.11559363178352101,0.09793845152375649
ascorbic_acid_3_sulfate.,0.10407269308110802,0.09448051238661953,0.07578286102620474,0.09365626970667056,0.11698068002281359,0.08260320550539862,0.10183126531799266,0.09902929225882424,0.10145304792737622,0.10845119978542567,0.09783410270184338
X___24677,0.11031026634189191,0.07848086197400846,0.10237900245539934,0.09777635297477016,0.08616425031963888,0.07424023133041356,0.08305638829515119,0.10832839214663983,0.14482034297235166,0.0886780398092639,0.09742341286195288
GCA,0.09822350839574798,0.09445866317481101,0.08779917409979363,0.09647444131942115,0.10876952019884287,0.08865656730800381,0.07281739558902084,0.1279312789549145,0.1115978629964009,0.08459374404326443,0.09713221560802213
X3_hydroxymyristate,0.10452775942360272,0.10710822668029854,0.09117638416640357,0.09354438667378899,0.08433871100198224,0.0892393385264138,0.0792727075467931,0.10515385235508132,0.09425523947866273,0.11308172584663811,0.09616983316996651
N_formylmethionine,0.10861732913728009,0.1111842348142327,0.08994416396251276,0.08659106337100186,0.10872657519632269,0.08128095148043478,0.15465022802289494,0.0678941654316839,0.07529087704996462,0.07503923440361822,0.09592188228699466
X3_hydroxybutyrate_BHBA,0.06674105444296186,0.15053843238686063,0.08730945038684405,0.07490324189563762,0.10371255779681587,0.11980450229379053,0.0344976451823618,0.09678447410077305,0.13589230297473248,0.08658541271277553,0.09567690741735534
X___25707,0.06531558172773018,0.07732775098528642,0.07334139996187689,0.11910118369988525,0.15173109798316706,0.11150255522764993,0.046614916682928,0.13014256987415604,0.08872324507507463,0.08632284546052486,0.09501231466782793
X1_linoleoylglycerol_18_2,0.08680503496250598,0.1075644231544385,0.05289995547281317,0.08619815426899693,0.09736008781876304,0.05973310811065344,0.1404324185043235,0.11775595033146759,0.08879105297379074,0.10760473118311974,0.09451449167808726
ceramide_d16_1_24_1__d18_1_22_1.,0.10899479310679969,0.11639602525166146,0.043151816611277656,0.10988684368546477,0.10834270714747991,0.09177045670126627,0.09976915177592653,0.06112015634994601,0.09045573688727086,0.10587600647640773,0.09357636939935007
caffeic_acid_sulfate,0.10077383880857001,0.11245751646790161,0.09660855027465964,0.08278364985809314,0.10236657100730139,0.07618518789192023,0.06605355769209034,0.11092091414088522,0.10188513492641711,0.07764720153034892,0.09276821225981877
X1_linolenoylglycerol_18_3,0.09809994733586531,0.08781725620611791,0.07248099306927933,0.1156248987590401,0.05682753965066877,0.0793955151855789,0.11203786091695868,0.08746691539608475,0.08095472014550067,0.13599665179664558,0.09267022984617398
LAHSA_18_2_OH_18_0.,0.08805157016723687,0.08244461036451264,0.0832202573837151,0.09273596583687377,0.060144099318982666,0.12565519382134424,0.10707582957313419,0.09357150983327545,0.08586664898638491,0.08927324247577184,0.09080389277612318
propionylglutamine,0.10468108061681076,0.033702409214641384,0.07915140675020095,0.10775202500755303,0.08034670932034635,0.1017476355762428,0.10130500068184607,0.09580050614829283,0.10020952640703272,0.09605629261067189,0.09007525923336387
myristoleate_14_1n5,0.08340107844695802,0.09471708661102902,0.09268397978119143,0.06865097692346521,0.10167267017710668,0.07578210760510788,0.09459390226169478,0.0867571927228563,0.1250584843126426,0.07462354134130285,0.08979410201833547
bilirubin,0.09389585761546743,0.08150810794113368,0.08084848777084547,0.08797698147864916,0.09643036618525569,0.12662032624640332,0.07645679619733302,0.09097032349641633,0.07333424246145685,0.08044653761567838,0.08884880270086393
octadecadienedioate_C18_2_DC.,0.08955954249257313,0.10935229141725289,0.0938442482703335,0.07932808399741123,0.09049755175814579,0.0944567796220689,0.08787112581454236,0.09720676662555497,0.060301187617674945,0.08505596788617915,0.0887473545501737
butyrylcarnitine__C4,0.1138848727358754,0.09923798990265044,0.09883566303693493,0.10096407763552348,0.07579190207936687,0.09985692533370902,0.060127900765400484,0.06586670926007267,0.0665063637712945,0.10250482377857252,0.08835772282994003
glucuronate,0.10148356148179846,0.10683398140104679,0.10509885261501159,0.10120140528102982,0.07375992538117455,0.0820015987595675,0.08195224967772412,0.09054162689231125,0.07759182507973077,0.06231319865680085,0.08827782252261956
D_urobilin,0.04678518985081508,0.06257237551411571,0.1353694287335217,0.10855931571282297,0.08903666825136235,0.0699140873923267,0.11207553197180095,0.10700839838496654,0.08335135265456621,0.06287261382120865,0.08775449622875069
X___19928,0.09806943378144306,0.08947214564533906,0.09252726819304756,0.10014209521886504,0.0838346722881926,0.09236189226228997,0.09283993794823844,0.07041963294831004,0.07944599439906755,0.07836483512509426,0.08774779078098874
bilirubin_E.E.,0.06288203158491922,0.10392426912502946,0.07342389957198146,0.08608966163105118,0.10087969447267679,0.10332266237919834,0.10136414423794846,0.06157936650847335,0.06916556353261069,0.1113017685053406,0.08739330615492297
X1_heptadecenoylglycerol_17_1.,0.08262844511214296,0.08633942072465547,0.09648762618861595,0.08165803873940594,0.08863697835948582,0.0865718511330323,0.09592670418201446,0.07807966523993823,0.07496464571503052,0.09965199479536704,0.08709453701896887
X1_2_dipalmitoyl_GPC_16_0_16_0,0.09160997800763816,0.07744302441310379,0.0934302433776169,0.07479248899440133,0.08772307856901224,0.06954754802871137,0.10523559854408905,0.0806838652611847,0.0766783019998056,0.11324258125081463,0.08703867084463779
X2.8_quinolinediol,0.06789115174729653,0.1123283047497926,0.08251844563200351,0.0940563363090955,0.027225624755609027,0.12785254645029415,0.06941871302115078,0.0822732070649803,0.08862793730632368,0.11592400693448776,0.08681162739710338
histidylalanine,0.07326455100999864,0.12229983296654282,0.11176512247990059,0.09504520149870524,0.11168752010692552,0.07560806733173657,0.05903054293784501,0.10860489768918213,0.10393519373093374,0.004009330366863334,0.08652502601186336
isobutyrylcarnitine__C4,0.061320566361706914,0.11833495444439336,0.07410913605956246,0.07319146916360461,0.08550425343880223,0.07970705480912452,0.08636013980481871,0.10081301670560597,0.08827194583806416,0.09763282625582112,0.0865245362881504
coumaroylquinate__2,0.0873068134130051,0.08097204883072812,0.08064770104853614,0.08879368994762966,0.06965491053501184,0.1048769701019906,0.09292582795327883,0.09585625930945942,0.0792595226775983,0.08203926981440977,0.08623330136316479
piperine,0.0882689321536768,0.09866388302685418,0.09976500795989388,0.08699828747384686,0.08052338656755663,0.08912745549353224,0.10771775449225064,0.08218844719158518,0.08566699239572086,0.03990457168387354,0.08588247184387907
ascorbic_acid_2_sulfate,0.08320443554068134,0.09874901961079773,0.07458153108728457,0.0832089560672624,0.0705948033533266,0.08590997069945354,0.09596776563179255,0.08122444489817135,0.08872060810123568,0.08957837801999427,0.08517399130100002
hexadecadienoate_16_2n6,0.07613583881007685,0.04032573407701018,0.09521999519317338,0.14043354863596877,0.09508362597464436,0.11542411203673077,0.08024763444611117,0.05388618368858393,0.09752923085500485,0.04692193577989254,0.08412078394971968
cerotoylcarnitine__C26.,0.064034012441996,0.10709466510055532,0.12939404601444005,0.06363394583957102,0.09070436584922988,0.06470719419202745,0.08693650694390552,0.061342792284063856,0.06844906006951063,0.1043190617797765,0.08406156505150761
X___24853,0.057483769426021195,0.11309566413692974,0.0972768347875616,0.061315669124577414,0.09147586905239966,0.07380663748917897,0.08433456718594959,0.07656491212473035,0.08272186932815179,0.0936916804982223,0.08317674731537227
X1.7_dimethylurate,0.06912148839844522,0.08098467626104609,0.06756793409674981,0.08618609953144742,0.0728000669037934,0.0744146483143333,0.10685206350737109,0.09543434349522593,0.07734922348654652,0.09642546894812618,0.08271360129430849
calystegine_A3,0.09877727290192942,0.04998007201198843,0.0989392584377512,0.08770047593610687,0.07894233239582633,0.07973229441586885,0.061838166655239765,0.09770477797056985,0.09647293447722746,0.06853344323235731,0.08186210284348655
X___12740,0.08262128761172292,0.09257850082763305,0.07691562964531194,0.08128923911250008,0.10168849202014044,0.050833321404165965,0.07606614735861864,0.07264712242113375,0.1037479685883676,0.07901616766331719,0.08174038766529115
X1_myristoylglycerol_14_0,0.08501942696298215,0.07858860119085738,0.08685137035996199,0.08548428777973584,0.09809015286160633,0.09264743885799442,0.08938399537700813,0.07328979061674297,0.05475111110776256,0.07211558383730926,0.08162217589519609
gamma_glutamylglutamate,0.08565079384213867,0.12165791819203045,0.08548466449028425,0.11209022368318942,0.0636584320252185,0.10256886457180442,0.01961795707778451,0.07043131097531113,0.09150449905407981,0.05356786327516671,0.08062325271870077
R_3_hydroxybutyrylcarnitine,0.08792838581790262,0.06453654431359193,0.08390021992361815,0.0766334734445433,0.08284919749351868,0.06631160441775995,0.08831639768277805,0.0849376807739744,0.07703542359971037,0.09339596271771043,0.0805844890185108
biliverdin,0.08365874846207917,0.07613583881007685,0.10194879900910056,0.06617523519923088,0.0625622043293083,0.09594968352546826,0.07744453125529747,0.08477079800102313,0.07969989730870448,0.07526865112760768,0.0803614387027897
branched_chain__straight_chain__or_cyclopropyl_10_1_fatty_acid_1.,0.07353954971034725,0.08340861265792647,0.07230544595371431,0.08192776349207664,0.09117035679762883,0.08045557866884052,0.07793726865263444,0.08488908511322787,0.08616500374073573,0.06731779829259711,0.07991164630797293
glucose,0.05266149769566157,0.09955291992113188,0.10089174921022633,0.13816989495049642,0.010519265354156886,0.09333023551663214,0.06789002161565126,0.07379307590943576,0.08924857634007059,0.06280744289633151,0.07888646794097944
X___25033,0.09774508599925108,0.09405558288799867,0.09744032716557709,0.08102252804421677,0.06639297389621925,0.07861007369211748,0.07753004454978946,0.06207059706361661,0.06611684506422538,0.06253018393269236,0.07835142422957042
X6_hydroxynicotinate,0.08473011326179347,0.07822281524833888,0.06411010797277739,0.08823427478322189,0.06241265024158447,0.08254217839655414,0.07600662709196784,0.07445683989575666,0.09136850654609918,0.0778472348315614,0.07799313482696554
coumaroylquinate__3,0.07663083647070434,0.07584765524053344,0.06454407852456039,0.07785778272691725,0.06345915214510287,0.09509568071219389,0.08329748304614175,0.08967556934148735,0.06865888784498209,0.06553746424075119,0.07606045902933745
X1_1_enyl_oleoyl_GPE_P_18_1.,0.0777662420636505,0.07117041707131658,0.10210136678121176,0.04095521740342459,0.10951503037417151,0.05564542194971817,0.08071965276328487,0.08827495952245157,0.05308454364154032,0.060371632490230004,0.0739604484061
X12.13_DiHOME,0.07147517590499058,0.03724198152762154,0.04061278751490831,0.0361898289658768,0.11650564802125248,0.12797874448401578,0.09516273518981314,0.08594801846484423,0.06635680968357066,0.06123995030434445,0.0738711680061238
N_acetylglycine,0.09677882344254672,0.0709323360047134,0.09156138234689164,0.08882608705479406,0.07443838107888393,0.040248131704035094,0.04460704945983474,0.07481245465346772,0.08029849037014825,0.06885025680358085,0.07313533929188963
X1_palmitoyl_2_linolenoyl_digalactosylglycerol_16_0_18_3,0.026628538536358968,0.07874455935790439,0.07117795128228502,0.08584366964293114,0.0753470069216796,0.07351506352469978,0.09236226897283839,0.04323243266864012,0.0589823239876469,0.12260195482637784,0.0728435769721362
X___17335,0.09244815897787881,0.058842187663633645,0.06987566291638758,0.052751908227283026,0.08059232459791799,0.0840994998037338,0.07125253997087273,0.07349246089179441,0.06938104196630851,0.07462296924761108,0.07273587542634215
X1_oleoyl_GPC_18_1,0.00653969512061895,0.05821986183763925,0.09866124605301523,0.07082082968238027,0.044841740131502106,0.05685842991563943,0.07933468390356206,0.10812722871378208,0.10914547732616879,0.09104717244829458,0.07235963651326027
X4_methylcatechol_sulfate,0.07151209353873601,0.10570384975577853,0.08160492255207834,0.0657714014913217,0.06094197226054205,0.06765269397014492,0.05366731485995031,0.06883631851328921,0.09002854712535946,0.05518319810680346,0.07209023121740041
X___24455,0.08035122984692743,0.1004525047107654,0.07826576025085907,0.05583340051338113,0.048806241943103144,0.06973929369785854,0.10922835364682178,0.06364713070876582,0.05272026454121552,0.06126481320054034,0.07203089930602381
nicotinate_ribonucleoside,0.08784550949724963,0.07406317737265487,0.07995568377108354,0.08993700646209274,0.07025877754413351,0.06533027343911868,0.06742892790438182,0.05805561603852693,0.06855755270745638,0.05510371218108626,0.07165362369177844
X3_methylxanthine,0.09559708245214457,0.06897720825839933,0.057855206026766026,0.10048527852847818,0.06798457596330537,0.05063818534008297,0.07432574462490553,0.04120836689196468,0.07758429086876233,0.07562049877983452,0.07102764377346435
X___19929,0.04902360392954306,0.05541186140969606,0.09184127828436973,0.09488698306836767,0.10115054935699275,0.08344515358112348,0.06926200143300691,0.049627470938664736,0.04157490625558002,0.06843775875305794,0.07046615670104023
X___25013,0.03237751821583857,0.06675725299654406,0.09202209934761266,0.06939271999330962,0.049128329462004586,0.08292001907662215,0.057486406399860156,0.05818369762499067,0.08760667500954959,0.10852126794743228,0.07043959860737643
gamma_glutamylglycine,0.008650027612883198,0.09127056180350927,0.07408954711104446,0.07750028441646405,0.05887119437586218,0.08264351353407987,0.09691330910833365,0.04291072186028709,0.10051277839851304,0.07082648034060661,0.07041884185615833
X1_linoleoyl_GPC_18_2,0.0833080309414976,0.06838916309231141,0.07873702514693594,0.037584411416137824,0.07115986917596072,0.06499387091937715,0.06057844658131409,0.09439462238157914,0.05423539436697181,0.08816797372669949,0.07015488077487851
X3_hydroxy_3_methylglutarate,0.05140215433228432,0.06805991807298993,0.10070188709382126,0.0872936285438103,0.022857665946647236,0.05219965056329528,0.055332375483978874,0.021303734934403386,0.07721925834734068,0.16352854222812233,0.06998988155466936
OAHSA_18_1_OH_18_0,0.06797139109411057,0.08204868757812034,0.06998905279146282,0.053428103661701865,0.06764553646972489,0.08467436010062691,0.05111020365725668,0.0774961406004314,0.048799084442683105,0.09534958362183081,0.06985121440179493
X___25024,0.09082679677746729,0.08166368939763229,0.05132266840656711,0.0635126450429789,0.08978481540052993,0.07696535543770375,0.04598128954048093,0.05477183018792581,0.07777339956407053,0.06547417686861616,0.06980766666239727
allantoin,0.0617790230991374,0.01643098399055511,0.03991587300032622,0.06637112468441073,0.1095824615623392,0.0805034209084902,0.06963984211307493,0.09698149371759818,0.06508691842483756,0.08943447459049679,0.06957256160912664
glutamine_conjugate_of_C6H10O2__2.,0.040636896990007366,0.07910996858987446,0.07157086038428996,0.08093136409149845,0.06138950439206828,0.06670903404634594,0.05708746992908046,0.08647164612715184,0.08473651734111666,0.06650598706074608,0.06951492489521795
X___23423,0.08663890561065156,0.0828047456488048,0.10790609962185792,0.06486202222742919,0.08006078601409349,0.05429453792307419,0.040569089091291276,0.08603127149604566,0.056484733051604064,0.030668005747096126,0.06903201964319483
X1_methylnicotinamide,0.08358604332623358,0.06262436156979805,0.05679212885911703,0.014148871488210087,0.07326681127328918,0.06819892426535791,0.057233633621868486,0.09760344283304415,0.11124187152814138,0.06280668947523467,0.06875027782402945
X3_S_cysteinyl_2_methylpropanoate.,0.0787713058068424,0.07429786804432224,0.06314083173168565,0.0670959157795761,0.06619783783213626,0.07556022509208689,0.06366219913070273,0.06938367894014746,0.052543587294005246,0.0719524681698422,0.06826059178213473
heptadecatrienoate_17_3.,0.12225764138511945,0.08182228453851827,0.0825448153703931,0.04705227762964681,0.026206246011577065,0.04451852248095539,0.04164648125978034,0.08962395999635343,0.07702223873051557,0.06271778578580689,0.06754122531886664
X___24408,0.06829046492862464,0.12221205940876032,0.09208274974590873,0.07575197076123406,0.031787212786460114,0.09209555790455509,0.02028209592708089,0.05793205497864427,0.03549517471458525,0.0727868820345986,0.06687162231904521
diacetylchitobiose,0.10825191990531002,0.09065840716232229,0.0275861367504496,0.0966526254088251,0.05782431576179536,0.031997417272480004,0.09257548714324568,0.044721569466555255,0.06575030570061004,0.0485572362705957,0.0664575420842189
coumaroylquinate__1,0.062490252614559545,0.07003689503111252,0.05885461911173158,0.07009264819227909,0.054211661602421184,0.08237642575524813,0.06929929577730076,0.07791956325685857,0.06330131042531373,0.055545970364934576,0.06641286421317597
X2_methylbutyrylcarnitine_C5,0.06734002421495405,0.07142658024424403,0.05127708643020796,0.040810560552830256,0.037533932202649174,0.09394746696060133,0.08565079384213867,0.07867223093260722,0.05613213197828037,0.07291647046325601,0.0655707277821769
stearoylcarnitine__C18,0.06808402754808897,0.12736792032495864,0.10169338925726992,0.0787596277798413,0.013689474263650945,0.05627038474955151,0.09209442777290983,-0.03494254363085542,0.04811083427071475,0.10235639982249396,0.06534839421586244
argininate.,0.08481562655628544,0.006045450881088301,0.07580546365911009,0.057595275748354324,0.05169222145456984,0.12088528485721538,0.08744054565769517,0.04809614255932625,0.03723181034281413,0.07753343494472525,0.06471412566611841
X3_hydroxydodecanedioate.,0.07122956062741895,0.06428979890437503,0.054872411904354684,0.056528808185769525,0.061823098233302856,0.07229113095287425,0.0701340863526056,0.044514755375471164,0.06340754279996895,0.0760721747273934,0.06351633680635344
X1_linoleoyl_2_linolenoyl_digalactosylglycerol_18_2_18_3.,0.0703017225466537,0.0581810606511517,0.06226799339099012,0.07373204880059127,0.051614619081594745,0.06750879054064743,0.06248234169304267,0.055555764839193555,0.053671835386531384,0.07762271534470144,0.06329388922750981
N_palmitoyl_heptadecasphingosine_d17_1_16_0.,0.0792911663636658,0.06140758649839258,0.034246755957112254,0.06718105236351965,0.05757078956270686,0.059414410986687795,0.0502196599207853,0.05854760001476704,0.07640330329945699,0.06339699490461312,0.060767931987170745
X9.10_DiHOME,0.09159528629624968,0.09802874904221341,0.0419470962774217,0.049192370255236456,0.035326785099440275,0.044583693405832535,0.08202796849795709,0.07517786388543779,0.04557444214818436,0.03899104860394837,0.06024453035119216
X5alpha_androstan_3beta.17beta_diol_disulfate,0.07897774318737807,0.0599030045679921,0.052698415329407,0.041853672061412855,0.06050649486656535,0.07416036869414795,0.05408584027924798,0.0662298582287522,0.05433145555681962,0.05253982018852102,0.05952866729602442
N1_Methyl_2_pyridone_5_carboxamide,0.06790810372197555,0.0642992166680856,0.05342584339841133,0.07221993265922236,0.039881592340419755,0.05148578407403416,0.07081856941908972,0.061476147818205505,0.05393402592823361,0.052497251896549246,0.058794646792422675
sphingadienine,0.08024198378788483,0.06468798195405788,0.0615586474283101,0.06134316899461228,0.06100525963267708,0.07153431946109295,0.049326479210474956,0.04508434172468636,0.062171555490593895,0.026576552480676627,0.058353029016506686
spermine,0.02960116147396289,0.047143818292913545,0.09792251666755819,0.06835432380403131,0.07929757044298899,0.058463970273017196,0.03759684286423578,0.009389887129985482,0.0651784590881043,0.07436793620632888,0.05673164862431266
dihomo_linoleoylcarnitine_C20_2.,0.06419863495165673,0.06831683466701423,0.05871561291936359,0.05216386306119511,0.07486067360366584,0.06310090041355282,0.04273027750759259,0.04268431882068502,0.04081395094776606,0.053226563518295696,0.05608116304107876
X___24410,0.056708875827915596,0.039947516686393736,0.05554220325945035,0.05087588969613773,0.05408320330540903,0.07563481378067459,0.05693264189367871,0.052040678711860876,0.06088094515169756,0.05509391770682727,0.05577406860200453
X___25771,0.03881399464618968,0.05020120110391259,0.056212371325094414,0.04953065632772009,0.06479911156584259,0.053382144974794286,0.03970378496156422,0.05966341665919522,0.0742722517270295,0.06536380067792828,0.055194273396927084
sphingosine,0.09659423527381959,0.05212280161141703,-0.04751337134091626,0.04946548540284295,0.08031468892373042,0.060149373266660575,0.09460671042034116,0.01983739099290653,0.08167649755627866,0.050841609036231264,0.053809542114331185
X___17349,0.05114335418551788,0.0544817630656403,0.04959959435808146,0.04538156634739191,0.06537924581041363,0.058445511456144475,0.039545189820678235,0.07488628992095858,0.05381799907931942,0.03873187174663352,0.053141238579077946
X___25493,0.028191133891216535,0.046978442362155946,0.04151651612057449,0.05505021928321023,0.052810675072836974,0.05896650214461314,0.04693173025415153,0.07955486374756174,0.07247835609544037,0.04039693237066208,0.052287537134242314
epiandrosterone_sulfate,0.04855572942840201,0.04169281665723634,0.06535136922983036,0.03959981285019954,0.03478130822532414,0.07325965377286915,0.05712476427337432,0.0743185871244855,0.04670758747784,0.0331746377363011,0.05145662667758625
sphingomyelin_d17_1_16_0__d18_1_15_0__d16_1_17_0.,0.0566840129317197,0.058553250672993384,0.062427341952972955,0.024433822881248023,0.052168006877227766,0.05486412427228939,0.05299036600443463,0.04997103095882628,0.04427818115106168,0.05764424811964929,0.05140143858224231
X1_carboxyethyltyrosine,0.02090253820033316,0.060505741445468504,0.06642311074009306,0.032779845081554064,0.07415434132537317,0.059759101138494614,0.051743830799703745,0.06426342916598543,0.05273533296315242,0.02930469027235419,0.05125719611325123
PAHSA_16_0_OH_18_0,0.03247282598458952,0.07258195149625662,0.03999724247878554,0.004220288273980075,0.04477619249607655,0.08122896542475244,0.06481455669832792,0.08808886451153072,0.025215873979773654,0.05715829151218394,0.051055505285625705
X3_methyl_2_oxobutyrate,0.04633087692941724,0.05646665094527977,0.09309534770006908,0.050140173995068094,0.05615398119008888,0.038970706234333546,0.012049086891301677,0.08623017466561288,0.041504461383024965,0.027682574650845823,0.05086240345850419
N_palmitoyl_sphingosine_d18_1_16_0,0.05964458113177409,0.03159923422279716,0.04632108245515825,0.04684433340691745,0.058046574985364786,0.032679640075673616,0.08728910801722922,0.024416117485472153,0.07016422319647941,0.049414252768257456,0.05064191477451237
X___19746,0.040318576576590145,0.06799098004262856,0.044881671449634924,0.0486284345642476,0.06127536109589619,0.04684772380185326,0.05563336721216864,0.05073236297718866,0.03936323862579005,0.049675313178314424,0.050534702952431246
X3_5_guanylyluridine,0.03499226613244087,0.11862087775064623,0.03241820295506822,0.0759527574835434,0.027989970458358788,0.034554528475173645,0.05164739289930753,0.0595236570457304,0.006159594757356501,0.05697709373839259,0.049883634169601815
X___21410,0.06067375435006505,0.03848550304796504,0.03414730437232864,0.059194412026408905,0.0637842533483917,0.04126261321093756,0.05716544901260398,0.0702007641196764,0.03799653275611231,0.03432059122460311,0.04972311774690927
X3_indoxyl_sulfate,0.047852410834496734,0.04309568673956266,0.0449242397416067,0.03296443635479408,0.059836326800921276,0.05448553017112452,0.056377747255852,0.03158793290634448,0.07036425649769187,0.0532913577326244,0.049477992503501864
X___25196,0.0681721778164199,0.05233526636072747,0.043203802666959994,0.037160612049162225,0.04198401391116713,0.04690159341027771,0.041300284265779835,0.05936355506265072,0.04576731794897681,0.051993966603856454,0.048818259009597825
dihydroferulate,0.028047983882815892,0.04402616179416685,0.055070938363373484,0.022555920797360615,0.055753914587663926,0.07812524721629739,0.050362433218637516,0.0442487977282847,0.04773337030119515,0.05840972395404432,0.04843344918438399
indolelactate,0.047115188291233415,0.06028649590628646,0.02895849327835368,0.06264847104489711,0.07869860067099682,0.033449636436649714,0.055375697197047484,0.018493097532621246,0.06618992691061938,0.02828041429119273,0.0479496021559898
X3_dehydroshikimate,0.021279625459304334,0.04131007874003883,0.05564316168642765,0.06794991859285048,0.041416687825242465,0.06061423408341426,0.016854783357530708,0.05657853397816133,0.07109017772450252,0.04371047835458859,0.04764476798020611
X___19921,0.04294274225690303,0.055035904282370166,0.06376240413658318,0.04126148307929229,0.05467840597191697,0.044339584970454586,0.04429437970464385,0.05728750323029295,0.039900804578389314,0.032850666664657545,0.04763538788755038
X___25323,0.1289013086171031,-0.05249348479106502,0.07138099826788488,0.035841371708585756,0.07038158518291934,0.034426823599258326,0.04381106007101747,0.034495761629619696,0.025641933610039785,0.0768617600368875,0.04692491179322508
X2_methylcitrate_homocitrate,0.03225094347156852,0.0493023697353759,-0.012992559683435084,0.08288950552219992,0.055754291298212355,0.05021174899926842,0.00033112857206359775,0.09615197708997127,0.06827426637504247,0.04667556708122406,0.04688492384614913
vanillactate,0.03352949907291534,0.054818542295930237,0.040216864728516,0.04778497964632906,0.04089456700512853,0.06287901790053183,0.036475375561581244,0.045950775986058685,0.0385013248909988,0.06227326733866805,0.04633242144266578
X___21283,0.05697408005400522,0.040216864728516,0.028678220630327152,0.03370692974122245,0.04344150702301475,0.07132599852781517,0.03291659101063152,0.04201452746558937,0.06129268978112362,0.044706124334069924,0.045527353329631516
valylglutamine,0.06947446618231735,0.07186205763822075,0.03809560763034749,0.026600661955775685,0.05420902462858223,0.05196835028656371,0.046708717609485265,0.07133014234384781,0.029231985136508598,-0.012169257556248534,0.04473117558554003
cryptochlorogenic_acid,0.03155591250972855,0.05801832169423308,0.04334770609645748,0.050714280870864374,0.05878907147630603,0.03943669718273249,0.03320477458017493,0.036102808829191146,0.04681570340523733,0.04785203412394831,0.044583731076887366
diosmetin,0.03922573927561575,0.039949023528587424,0.046668409580804024,0.04457691261596092,0.045827968347272874,0.03457976808191797,0.0416359333644245,0.045325436475676925,0.049943531088791425,0.05420638765474326,0.04419391100137951
X3_5_guanylyladenosine.,0.009478037398316402,0.07380588406808214,0.028808939190629847,0.07001542252985242,0.04537930608410138,0.023514649143096512,0.08192022928110819,0.058835030163213606,-0.010082657828534918,0.05152985920819962,0.043320469923806525
X1.2.3_benzenetriol_sulfate_2,0.05558175786703473,0.04499280106141964,0.024249234712520874,0.025960630734005428,0.050066715438125665,0.029293388955901507,0.04723196856124446,0.04965723107199014,0.05892393385264137,0.04519697817866476,0.04311546404335486
ferulylglycine__1,0.053012968637339994,0.03756519917816826,0.05007349622799727,0.03167796672741751,0.06226422628550591,0.028339934557843522,0.043193254771604156,0.046152316129464854,0.036911983087203205,0.036698011495699095,0.04258893570982438
cysteine_s_sulfate,0.07965921256947484,0.07116891022912289,0.08621774321751492,0.024271083924329397,0.05496056217268561,0.05595432459942483,-0.00834187838427339,0.005117236089774643,0.01346175144788699,0.035127505219324645,0.04175964510852655
succinoyltaurine,0.04837264810186855,0.03818564145142053,0.031143037748657214,0.03541644220996489,0.058557771199574456,0.039958441292297996,0.04363588966600089,0.03105827787526209,0.021599829425463672,0.045664852679805815,0.03935928316503161
leucylglycine,0.00957598214090632,0.04179754218969787,0.006970651988014575,0.06889433193774631,0.0802084641029192,0.062322616420511436,0.01223028466509302,0.038287353299494675,0.06988847107503394,0.0024908101461712266,0.03926665079655886
galactonate,0.04313900845263128,0.02843674916878817,0.03078403259601033,0.040459089611151834,0.05374717749621594,0.03931652651778563,0.043357877281264896,0.025407619648920833,0.05062085665485553,0.01666492124112564,0.03719338586687501
X___17328,0.03225433386650432,0.05675634135701686,0.03305635062409636,0.02450238420106096,0.03607907606464052,0.027616650304871843,0.03406405134112722,0.04290808488644813,0.031279783677734666,0.052600093876268655,0.037111715019976954
X3_methylglutaconate,0.042112095497630855,0.02961585318535138,0.035974727242727406,0.061935357976732844,0.034533809395010384,0.029571024630089073,0.05875441410585114,0.044723076308748944,0.009442626606764665,0.023753106920248113,0.03704160918691548
X2_methoxyhydroquinone_sulfate_1,0.03080249141288304,0.0497593196306127,0.015579618151119693,0.03497380731556816,0.03721900218416775,0.03313885023420094,0.030906840234796142,0.038880295702712085,0.03785639643209905,0.05168807763853718,0.03608046989366967
vitexin,0.03632431463166372,0.03666410754634104,0.037301125083723914,0.046244986924376855,0.031477556715656614,0.02965691463512946,0.026718572357432007,0.04969716239012294,0.02902366420323082,0.036255376601302354,0.03593637810889797
kynurenine,-0.020747333454382986,0.025745905721404463,0.05257824466446014,0.03342891735648646,0.02412680378428348,0.05802397235245942,0.055672168398656185,0.03553962655929914,0.06446007207226212,0.027948532298032288,0.03567769097529607
X1_oleoyl_GPE_18_1,9.794474258991514e-06,0.05963478665751511,0.058093663803917624,0.04838733981325704,-0.04344376728630528,0.06430336048411826,0.07413475237685518,0.004079021818321543,0.044354653392391495,0.025146935949412294,0.03347005414837422
X3_methylhistidine,0.02464591092001003,0.05348385682286843,0.03468675387767002,-0.028918753038995042,0.055440114700827776,0.051924275152398246,0.03791893038313723,0.01776227906868111,0.04967568988886285,0.03451761084142821,0.03311366686168889
N_acetylglucosamine_conjugate_of_C24H40O4_bile_acid,0.02909260223359218,0.04547160016846495,0.025969671787167577,0.023689819548113087,0.04235959432794461,0.043462226103178,0.026897133157384394,0.029833215171791307,0.024632726050815235,0.037108249282931466,0.03285168378313828
heptadecasphingosine_d17_1,0.022872357658035723,0.03874731687911886,0.0077745522983487265,0.04598091282993251,0.0334262803826475,0.014234008072153628,0.06262473828034648,0.03263405809931445,0.05013075623135753,0.01865885017392726,0.032708383090518274
X1_2_dilinoleoyl_digalactosylglycerol_18_2_18_2.,0.014819039553854161,0.01783724446781724,-0.014321404919387708,0.047744294907099395,0.034073092394289364,0.04032837105084914,0.025474674126540083,0.019351997583025117,0.04453246077124703,0.09287384189759651,0.03227136118329303
X5_dodecenoate_12_1n7,0.014020789901746353,-0.0069676383036271945,0.054767686371893165,0.017119234162523478,0.03321419234388549,0.028019730591684184,0.0131042531374338,0.0612011491178569,0.0509184579881095,0.047320872250672226,0.03127187275621779
coumaroylquinate__4,0.017295911409733748,0.03781608840341781,-7.835579407193211e-05,0.04311339213533853,0.028926472881737747,0.03918919835241874,0.047658781612607434,0.04165062507581299,0.024709951713241904,0.030230268089828885,0.03105123338800659
X___25030,0.03681516847625856,0.02044408146290267,0.006210450101297466,0.019945693407339374,0.025505187680962327,0.02101517465431156,0.0644333256233241,-0.00282947292920328,0.05956961573263797,0.05721743506828632,0.030832665927811705
S_methylmethionine,0.05084311587842495,0.040179947094770574,0.033091384705099675,0.024509541701480998,0.04113942886160332,0.014494315061113748,0.024578103021293936,0.015461707749463375,0.035492161030197866,0.02239205170879672,0.030218175681224518
tartarate,0.05806917761827016,0.008619137347912533,0.025311935169621453,0.015044689172359389,0.01759916340121406,0.08817249425328057,0.04201754114997675,-0.02127623506436853,0.03692818164078539,0.02638782049591683,0.029687390518496854
X___21448,-8.136947845931412e-05,0.021029866365700048,0.032501079275721226,0.01974942721161112,0.07646546053994675,0.025958370470714892,-4.294500252019356e-05,0.04340722636310827,0.041242270841322724,0.035851542893393165,0.029608092948053867
methionine_sulfone,0.024646664341106878,0.004346109597153273,0.06554085463568698,0.014172980963309144,0.05438720871798619,0.04136470176956012,0.008637219454236823,0.022187874591551585,0.014440445452689297,0.03443247425748467,0.028415653378076493
TCDCA_3S,0.016664167820028795,0.03258583914911635,0.0303862262568759,0.027194734490638365,0.03248940124872013,0.02836555087513627,0.03873036490443983,0.024125673652638215,0.02480751974528339,0.02773154702214078,0.028308102516501798
X___24431,0.016814852039397893,0.043511951895569806,0.049605245016307795,0.012717748114752058,0.024124166810444523,0.03009691255568723,0.03642941687467367,0.021066407288897058,0.008154276531158858,0.035096614954353976,0.027761759208124286
X___24715,0.018091524088002593,0.04057700001280815,0.010953235905939896,0.014819039553854161,0.020960174914241844,0.03498473192147242,0.03521151498776036,0.037576123784072525,0.01899336914092666,0.042033362993010505,0.027420007730208917
heme,-0.03609979514480376,0.05416457278386834,0.054294161212525775,-0.014378288212199542,0.022433113158574797,-0.004491143158296032,0.05230738978014418,0.018257653439857028,0.08311025790357565,0.040090289984245964,0.026968821174749236
valerylphenylalanine,0.010177588886737452,0.0722636310828394,0.013322745255518995,0.01085830484773736,0.06270008039003101,0.028129353361275207,0.017327178385252835,0.02122914624581568,-0.00510857174716092,0.03870587871879235,0.026960533542683934
X4_hydroxyhippurate,0.03694739387875495,0.04597111835567352,0.015580371572216539,0.030907216945344568,0.024307248136977978,0.00753684794229397,0.023284102287461788,0.012797610751017683,0.027653944649165697,0.04364078690313038,0.02686266414220371
X2_palmitoleoylglycerol_16_1.,0.028399831535042743,0.030341020991065174,0.029212019477442192,0.011539774229834118,0.023386190846084353,-0.000613284772832238,0.03583233065542361,0.03942765612957034,0.031971424244638835,0.03597209026888845,0.02654690536051576
X___21788,0.023160541227579125,0.004449328287421107,0.016057287126519743,0.02246098973915808,0.05090414298726943,0.03848437291631977,0.026988297110102696,0.03221628610111363,0.024990977782365274,0.02193547852410834,0.026164770180195716
eriodictyol,0.023729750866245906,0.036205650808910556,0.017973236975797852,0.01926158705140366,0.024267316818845166,0.01930151836953647,0.025913165204904165,0.05452056425212784,0.009437352659086747,0.028049114014461158,0.025865925702131948
chlorogenate,0.025263339508874917,0.031041325900583065,0.02686059223418738,0.03066913587874139,0.025570358605839463,0.025498220937178823,0.01896737611308549,0.01635677201251583,0.017188172192884838,0.03980662694128363,0.025722192032517487
X___23648,0.01727556904011892,0.03355662223240177,0.014657054018032379,0.026835729337991485,0.027021447638363894,0.035590859193884626,0.012995383788939626,0.032237381891825304,0.019976960382858462,0.02791387492757739,0.024806088245199386
X1_oleoyl_GPI_18_1,0.0339792914677321,0.020119356970162264,0.019781447608227053,0.02267872843614643,0.023905297981810902,0.019401723375416922,0.028914041433639796,0.02426241958171567,0.020111822759193806,0.03483141072826436,0.02479855403423093
X1_oleoylglycerol_18_1,0.006023978379828205,0.035547537480816016,0.009175538827932934,-0.011149125391119724,0.012029497942783693,-0.006689625918891205,0.07513868598840183,0.05386471118732383,0.025109641605118437,0.04400431258235833,0.024305515268455237
gamma_glutamylisoleucine.,0.052929715606138565,0.040570972644033386,-0.03865954332133635,0.045820057425756,0.040525013957125815,0.04999212674953796,0.01923860770794987,0.0035606681036918384,-0.00231865342554203,0.021042297813798,0.023270126326115307
anserine,0.05295533192343131,0.07821113722133777,-0.036690477284730634,0.007360170695083701,0.02776545097149883,0.03684530532013239,0.020762025165771473,-0.008143728635803022,0.01808286144839012,0.024706561318306095,0.022185463814341805
X2_hydroxyhippurate_salicylurate,0.04928353420795476,0.03949847771267382,0.01629273121928396,0.0038688173323016485,-0.03125228380769981,0.010864708927060549,0.024610500128458293,-0.011042139595367664,0.06863327152768935,0.02719737146447732,0.019795498911683224
norvaline,-0.03456168597559368,0.026071006924693295,0.07379495946217787,0.04922213038856186,0.020422232251094154,0.025661522558557765,0.04514649896517612,0.0278826079520583,-0.06346141240839341,0.02482936895709191,0.01950072290754242
galactosylglycerol,0.018911999662467347,0.02732846673532844,0.011309604084747817,0.011453130803696886,0.049152438937103644,-0.00196944274715414,-0.005444220845805591,0.01051022430099474,0.02950886738959932,0.03861659831881616,0.018937766663979463
ceramide_d18_1_20_0__d16_1_22_0__d20_1_18_0.,0.004259842881564464,0.02625898548835625,-0.008589753925135557,0.02502375160007805,0.009007525923336387,0.03752526786003545,0.016428723727264574,-0.0057572673115448975,0.02976013332539729,0.04684584024911115,0.018076304981846317
X2_oleoylglycerol_18_1,0.027854354660926596,0.019031416906317357,-0.03703403730489218,0.02102609926021582,0.001543383116888009,-0.03614989764774399,0.061678441382708525,0.024552863414549615,0.028031785329233713,0.04964819001882798,0.016018259913703144
THCA,0.03114040077481825,0.01071289457604618,0.0004739018699158202,0.02096846254630714,0.014009111874745246,0.026217170617481328,0.017839881441656196,0.01385616739208561,0.012513194286958506,0.01086621576925424,0.01585974011492685
X___17984,0.028872603273313292,-0.06154320229582476,0.029963180310997158,-0.002102421570747371,0.01844017143721971,0.033763813034034286,-0.038032320258212474,0.07161154512351961,0.06582301083645563,0.007087808968574051,0.015388418885932911
X___25855,0.03708753020276821,0.062266486548796435,-0.015334756294644905,0.03789745788187713,0.03126810565073356,-0.0039441594419861985,-0.0018643405041441922,-0.031139647353721406,0.013932639633415428,0.017220192589500773,0.014738950891259484
lysylleucine,-0.03690708585007372,0.005303707811243905,0.035197950091879704,0.0864494202047949,-0.016338313195643113,0.05629788461958638,-0.06639485744896136,0.08604294952304677,0.006538564988973681,-0.014126268855304722,0.014206395188954243
daidzein,0.025149949633799674,0.0035090587585579216,-0.002787281347779931,0.04959582725259722,-0.07330448232813146,0.053320741155401384,-0.03482839704387698,0.04549344938027347,0.029844139777695566,0.03351254709823631,0.01295055523367732
sphingomyelin_d18_1_14_0__d16_1_16_0.,0.05203841844857034,0.025747035853049733,0.0405265207993195,-0.05272440835724816,0.035529078663943295,-0.029809859117789096,0.0033135459839265143,-0.021563288502266662,-0.021170002689713315,0.09174144998903772,0.012362849107082987
X___23941,0.008439823126863304,0.015264688132638277,0.016126225156881106,-0.002085092885519924,0.01258778297554621,0.01646526465046158,-0.007035069491794867,0.03354419078430382,0.004838470283941808,0.021365138753796295,0.01195114214871176
nicotianamine,-0.026996961452716416,0.04171240560575432,-0.09107504902887785,0.012273983088710059,0.04368523874784426,0.027813107475247175,0.05853441514557225,0.06262285472760436,-0.028431851931658675,0.007906777700845111,0.01080449200783246
ferulic_acid_4_sulfate,0.006011546931730253,0.017715190250128268,0.009138244483639084,-0.005185043988490738,0.012801377856501909,-0.0016865331252886543,0.011019160251913875,0.0230011926655963,0.010589333516163518,0.018633987277731353,0.010203845611962518
erythrose,0.039572312980164684,0.030917764840700402,-0.0008069139947215317,-0.014934312981671522,-0.028627741416838506,0.023273931102654376,0.024076701281343257,-0.021921163523268276,0.044545645640441826,-0.005687952570635111,0.00904082713581696
feruloylquinate__4,0.008355439964016607,0.012718878246397326,0.007217397397231477,-0.008446980627283336,0.020162678683230878,0.006532537620198916,0.022115169455705998,0.019812337873197722,-0.013683633960907991,0.0033060117729580584,0.007808983642474565
X___25607,0.0037652219314853914,-0.00013373224469007646,0.006786063819287428,0.021020071891441058,0.020643361343018307,-0.001443931532104403,-0.01812655816900591,0.0032649503231799793,0.019698571287574046,0.015097051938590152,0.007057107058877597
CMP,-0.014291644786062308,-0.010675600231752328,0.04533598437103276,-0.04468728880664878,-0.04345017136562847,0.051721604877346804,0.04731296132915535,-0.02649405287057205,0.039585497849359476,0.024360364324305585,0.006871765469053603
carnosine,0.04016600880447893,0.0068320225061950035,-0.013711133830942851,0.019951720776114137,-0.024493343147898815,0.051949891469690986,-0.016815982171043162,0.019718536946640455,0.0016006431202482672,-0.017755874989357923,0.006744248948412504
X___12813,0.004001042734798033,0.008097393238347024,-0.0036646402150565176,-0.0025691659402431585,0.011081694202952054,-0.0001921223796956028,0.0007368458327149002,0.011552582388480491,0.01653909991795244,0.012587406264997788,0.005817013604524745
hippurate,-0.00038951870706912406,0.0024953306727522996,0.004987270950568794,-0.009039923030500744,-0.004524293686557234,0.006077471277704235,0.03585304973558686,0.010687278258753433,0.012198640979025508,-0.005360967814604163,0.005298433863565987
valeryltryptophan.,0.03224717636608429,-0.007398595171022821,0.007945578887332655,-0.0008430782073701157,-0.00048444976527165726,-0.01883326715784699,0.015776637767944794,-0.002177763680431921,0.015447016038074888,0.00400330299808857,0.004568255807558169
gamma_CEHC_sulfate,-0.001618725226572559,0.010797277738892877,0.014751231655138065,-0.006833529348388696,0.010307930736491725,-0.001203590202210688,0.004082035502708925,0.016351498064837912,-0.0032709776919547435,-0.0030076570186072403,0.004035549421033558
X___12410,0.005712062045734167,0.012755795880142758,-0.009607625826973831,-0.002248585263535398,0.002946253199214332,-0.011208268947222098,0.006411613534155214,0.005353433603635709,0.006950309618399748,0.0056600759900518275,0.0022725063833602425
phenylacetylglycine,-0.03377360750829328,0.0488039816798126,0.023614854148976964,-0.06746057159044933,0.019091313883516575,-0.0034205317796785753,-0.012454050730856132,0.01993552222253196,-0.036536402670425724,0.059530814546150425,0.0017331322201285491
feruloylquinate__5,0.026368984968495695,-0.007195924895971381,0.0012536927051509138,-0.006994761463113631,0.0028720412211750506,-0.006838049874969768,0.008320405883013292,-0.0034088537526774697,-0.012848466675054753,0.004035700105252927,0.0005564768221300879
sulfate_of_piperine_metabolite_C16H19NO3__1.,0.006945035670721828,0.0022952973715398193,-0.01225514756128892,-0.02697398210926263,0.005205009647557144,0.0005793808234741903,0.0018522857665946644,0.007959893888172719,0.01036632087149725,-0.0010672209836816522,-0.0005093126614675592
X4_acetamidobenzoate,0.007205719370230373,0.04290770817589971,0.019475181932359358,-0.024256015502392488,0.00711229515422153,-0.0011674259895621038,-0.004577409873884842,-0.0015482803540175047,-0.03997765353026756,-0.0155664332819249,-0.0010392313899338433
X___18345,-0.009101703560442076,0.01051851193306004,-0.005350419919248325,-0.02153013797400546,0.01145237738260004,0.0053153858382450105,-0.004309568673956266,-0.004786484228259468,-0.01213573031743891,0.012541824288638634,-0.001738594523080678
X___11795,-0.005223468464429859,-0.024379199851726725,-0.0021254009142011583,0.006279388131658828,-0.011697992660171673,-0.004935284894886455,-0.014710170205359986,-0.0015418762746943178,0.016794886380331487,-0.003350463617671943,-0.00448895823711518
isovitexin,-0.021335001909922473,0.025744775589759197,-0.0038759748327216806,-0.020978257020566132,-0.013933393054512275,0.003073581364581222,-0.015500508935950915,0.0037041948226409064,-0.014367740316843704,0.012267579009386872,-0.004520074528414898
X___25832,0.019045355196609,-0.010462382061345052,-0.019169292967040084,-0.04437273549871579,0.008330577067820704,0.024936354752843972,-0.02864243312822699,0.03801838196792083,-0.02777750570904836,-0.02284523449854928,-0.006293891487773104
X___24729,-0.008616500374073573,-0.06461075629163121,0.004363438282380719,0.049420656847580645,0.0026403642338950588,-0.050572260994109,0.02030695882327679,-0.01112915973205332,0.004883298839204115,-0.02092589425433537,-0.007423985461986515
X1_oleoyl_GPG_18_1.,0.004913435683077935,-0.016818242434333698,0.004315972753279453,0.002976766753636575,-0.0009146532115704384,-0.013517504609053557,-0.009846460314673853,-0.020998222679632535,-0.021423905599350247,-0.0032702242708578973,-0.007458303792947827
hexadecatrienoate_16_3n3,-0.024183687077095315,-0.0271672346206035,-0.0008325303120142787,0.04680327195713937,-0.02437015879856458,-0.006116272464191778,-0.05605754328969266,-0.0031918684767859654,-0.01599927370206264,0.03324282234556562,-0.007787247443830574
X___23710,-0.00839951509818207,-0.003956214179535726,-0.025548132683482515,-0.01858539161698482,-0.033107206548133435,0.013907400026671105,0.012208435453284499,-0.025989637446233983,0.0007033185939052753,0.010475566930539847,-0.00782913765681518
X___24208,-0.06123731333050549,0.003975426417505286,0.031627110803380445,0.00630010721182208,-0.04419379798821498,0.028607399047223675,-0.01708947402919808,0.0023826942187738973,-0.036789928869514245,0.00487162081220301,-0.00815461557065244
N_stearoyl_sphingosine_d18_1_18_0.,-0.026920489211386598,0.009873960184708715,-0.06682016365813065,-0.032153752150075446,-0.05273231927876504,0.020288500006404076,0.04742333751984322,-0.04104110740846498,0.007735186774520196,0.04452718682356912,-0.00898196603977774
phenylpyruvate,0.04027600828461838,0.00781486032702996,0.017735155909194673,0.006752159869929381,-0.01670748953309741,-0.01999880959466698,-0.07191818750993573,-0.028996541043744373,-0.021741472591670627,-0.005590007828045195,-0.00923743237103879
X___25492,-0.026736277753207874,0.006770995397350519,-0.017138069689944614,-0.005298433863565986,-0.016152594895270697,0.007236609635201037,-0.015895678301246382,-0.012020080179073125,-0.0073865404334732924,-0.005784013760482912,-0.009240408384371334
X___23278,-0.030330473095709336,-0.007368081616600578,0.0009116395271830563,0.03183806871049719,-0.01865772004228199,0.002819678454944288,-0.015731055791585638,-0.0192921006058259,-0.01342483381414156,-0.024596185127618228,-0.00938310634011387
phenylacetyltaurine,-0.03795095077975316,-0.04827508006982706,-0.019682749444540293,-0.021962224973046354,0.014698868888907304,0.0247513898735684,0.011214673026545285,-0.010690668653689237,0.016328518721384123,-0.03145269381946071,-0.010302091722991173
dihydroferulic_acid_sulfate,-0.007542121889971888,-0.0015859514088597797,-0.03230669663273508,-0.025482961758605385,-0.0010457484824215556,-0.011298679478843558,-0.014761026129397059,-0.0011531109887220393,0.005296550310823872,-0.016042218704582833,-0.01059219651633153
mannonate.,-0.0014232124519411517,-0.01133220671765318,-0.018961348744310727,-0.0191248411223262,-0.0036394006083121933,-0.03105564090142313,-0.005704527834765712,-0.029713797927941297,0.011423370670371486,-0.006179183125778377,-0.011571078876408049
luteolin_sulfate,-0.01681409861830105,-0.004941688974209641,-0.023926393772522574,-0.023637456781882327,-0.005005729767441509,-0.0070670898884108,-0.014570410591895145,-0.007510854914452801,-0.013497538949987151,-0.0025009815665151865,-0.011947224382561818
X___26020,7.910921516877762e-05,-0.010491388773573604,-0.07298842217800476,-0.014127398986949992,0.003907618518789191,0.005521069797683832,0.012091655183273448,-0.005999868904729149,-0.025894706388031454,-0.01827837252002028,-0.0126180705036394
sarcosine,-0.038108792499542285,-0.002994848859960867,-0.012556139289478699,-0.02106113334121914,-0.05283516125848446,-0.021749760223735926,-0.004656519089053619,0.023900777455229835,-0.04075593752330896,0.042162951421667934,-0.01286545632078862
X___24273,-0.0030185816245115,-0.012478536916503613,-0.02753678766860622,-0.028211852971379788,-0.007359040563438433,-0.009512318058222873,-0.012102956499726128,-0.004142685901004988,-0.027989970458358788,-0.006532537620198916,-0.013888526828195127
hesperidin,0.028509077594085337,0.0006550996437071632,-0.015176161153758928,-0.013466271974468064,-0.004160014586232434,0.010698202864657691,-0.1062033679429871,0.005472850847485719,-0.010706113786174571,-0.03637705410844291,-0.014075375260212807
X2_linoleoylglycerol_18_2,-0.011671999632330503,-0.015144140757142995,-0.053546767484455034,-0.020779732518533545,-0.007590717550718424,-0.043117912661919604,0.024256015502392488,0.0019283812973760598,-0.011527342781736167,-0.00885721841451571,-0.014605143500158343
X3beta_hydroxy_5_cholestenoate,-0.010828544714411963,-0.01470112915219784,-0.01107189972869306,-0.010783339448601235,-0.005322920049213465,-0.024823718298865573,-0.0268741538139306,-0.0324675520369116,-0.018336762655025804,-0.010897106034224904,-0.016610712593207604
X___23733,-0.02010805565370958,-0.017489163921074618,-0.02918451960740733,-0.003019335045608346,-0.008701636958017114,-0.042990584496552714,0.0007892085989456624,-0.015315920767223769,-0.053981491457334885,-0.016425710042877194,-0.020642720935085988
eugenol_sulfate,-0.04417571588189069,-0.01778563512268332,-0.03602558316676448,-0.041594495204098005,-0.023359067686597915,0.006378839716442436,-0.0053003174163081,-0.004111795636034322,-0.03195032845392717,-0.0163247516158999,-0.021424885046776143
N_methylhydroxyproline,-0.03426182437904916,-0.007826915064579488,0.02312965096260846,-0.05191900120472033,-0.04521204660060168,-0.06224727431082687,-0.014117604512691,-0.046583649707408914,0.04022628249222657,-0.015950301330767677,-0.02147626836558101
gamma_glutamylglutamine,0.0036797086369934275,-0.028003155327553583,-0.014805101263562518,-0.02893513722435147,-0.03523449101507671,-0.008004722443435025,-0.01333027946648745,-0.04846042165965105,0.005702267571475175,-0.04832781954660624,-0.021571915173825545
X4_methyl_2_oxopentanoate,-0.05323409772926415,-0.007499553598000117,-0.007446437410672511,-0.004500937632555023,0.03509096429612764,-0.046923819332634654,-0.0857769918758603,0.027288535417195628,-0.035533599190524366,-0.03845951002012387,-0.02169954470763117
X___25603,-0.03640455397847777,-0.006335141292825396,0.008516672078741544,-0.0222609564379456,-0.0752144048086348,-0.009187216854934042,-0.0012310900722455487,-0.004155117349102938,-0.032850666664657545,-0.048651413907701384,-0.02277738892877835
sulfate_of_piperine_metabolite_C16H19NO4__2.,-0.015422906562975831,-0.01954261312052703,-0.04170148099985006,-0.053533959325808664,-0.03283635166381748,0.004006693393024374,-0.007341711878210985,-0.02096469544082291,-0.021652192191694432,-0.024755910400149475,-0.02337451281908325
X___25666,-0.021589658240656256,-0.02625032114574253,-0.022615441064011407,-0.040162618409543126,-0.011076796965822557,-0.019550147331495484,-0.02878294616278868,-0.005834116263423137,-0.01780484736065288,-0.04476978841675337,-0.023843668136088948
eicosenoylcarnitine_C20_1.,-0.03929844441146134,-0.025920699415872623,-0.02808414809546448,-0.03114228432756036,-0.04511975251623811,-0.052267081751462954,0.014208769803557737,0.0002987314648992412,-0.035921987765948224,-0.002182284207012994,-0.024542918122256407
X___23277,-0.007406882803088121,-0.019333915476700825,-0.01815481146013762,0.02557186544803315,-0.03362593697331156,-0.06742327724615547,-0.029172841580406225,-0.047747308591486785,-0.007590717550718424,-0.046147042181786946,-0.025103086841575882
stearidonate_18_4n3,-0.03142820763381323,-0.0257101182193043,-0.021929074444785156,-0.034749664539256625,-0.026809359599601883,-0.01598194501683519,-0.03724160481707312,-0.02897318498974217,-0.01789375105008065,-0.014719964679618978,-0.02554368749901113
X___11787,-0.013167540509568821,-0.02434039866523918,-0.020808737273775895,-0.03407685949977359,-0.008830095255029273,-0.02671819564688358,-0.05330416589127078,-0.01954298983107545,-0.051249209849624666,-0.0081682148214505,-0.026020640724369177
oleoyl_arachidonoyl_glycerol_18_1_20_4__2_.,-0.0137781883085621,-0.025210976742644158,-0.04039956934450104,-0.01616653318556234,0.000647942143287131,-0.027168741462797193,-0.04220740326638182,-0.05343601458321874,-0.015590166046475533,-0.028814213138307763,-0.026212386393516352
digalactosylglycerol.,-0.025212106874289427,0.006184080362907873,-0.026215663775287633,-0.027841169791731804,-0.0249781696237189,-0.036958695195207635,-0.026995077899974303,-0.030469855998625752,-0.0454094429279752,-0.025442653729924148,-0.02633387554538269
X1_palmitoleoyl_GPC._16_1.,-0.03663924465014514,-0.014134556487370022,-0.01768957393283552,-0.0431525700323745,-0.018066661191806693,-0.03492784862866058,-0.025775665854729863,-0.030019310182712144,-0.03768649997476039,-0.008105680870412324,-0.026619761180580716
cysteine_sulfinic_acid,-0.0028712878000782044,-0.020940209255175434,-0.035487640503616795,-0.03160111777553928,-0.04880774878529683,-0.03292224166885786,-0.04276493487804749,-0.010583682857937177,-0.016614065317088568,-0.02517330568780188,-0.026776623452943953
resveratrol_sulfate__2.,-0.0367379428138319,-0.007141678576998504,-0.005453638609516159,-0.1016681496505256,-0.005610726908208447,0.0038356671652745337,-0.0475092275248836,-0.0008442083390153841,-0.06523571909146456,-0.0035007711264926212,-0.02698663954756622
pyridoxine__Vitamin_B6,-0.04929257526111692,-0.015797356848108044,-0.024969505281105173,-0.004061693133094096,-0.0821112215291585,0.008728760117503554,-0.07155240156741724,-0.053201700622099786,0.033052583518612136,-0.022731844623474037,-0.028193695522945816
N_methylhydantoin,-0.016502935705303853,-0.042306478140617006,-0.044264996281866885,-0.03143235144984588,-0.011096009203792117,-0.01956182535849659,-0.03819129210964687,-0.009181566196707699,-0.02985280412030929,-0.04049299356050988,-0.02828832521270961
X___25856,-0.025746659142501307,-0.02530214069536246,-0.034573740713143196,-0.02929150540315939,-0.04082336871147663,-0.03978741470331407,-0.04180055587408525,0.021490960076969497,-0.06906272155289128,-0.0017253343117761975,-0.02866224810307403
ponciretin,-0.015471502223722365,-0.0012487954680214179,-0.07025953096523035,-0.021210310718394545,-0.03262953757273338,-0.04139182492904657,-0.03245135348332942,-0.03090759365589299,-0.036315273578501575,-0.011010685301534737,-0.029289640789640737
tryptophan_betaine,0.004717546197898105,-0.004693060012250626,0.010749058788694765,-0.05896612543406472,-0.03815814158138567,-0.08726123143664595,-0.010372348240272014,-0.05333279589295091,-0.013299765912065208,-0.0426342163177448,-0.029325107984078704
saccharin,-0.041203469654835186,-0.025381626621079664,0.02638782049591683,-0.04846795587061951,-0.1280265867236655,-0.03071999180277846,-0.013667812117874236,0.015660047328034277,-0.0415662419129663,-0.009261428832973323,-0.029624724571284105
X___23671,-0.0018443748450777864,-0.015361502743582922,0.007530820573519206,-0.08181776401193719,-0.059016604647553365,-0.07081781599799288,0.03051751275706862,-0.019571996543304004,-0.049112130908422404,-0.040295973943684775,-0.029978983031096744
X3_hydroxyhexanoate,-0.04467485735855083,-0.03522394311972087,-0.008785266699766965,-0.03636499937089338,-0.07414831395659842,-0.021740342460025354,-0.03329669195399008,-0.010772414842696974,-0.01205624439172171,-0.03572798183351051,-0.03127910559874751
X___12216,-0.038463653836156526,-0.012206175189993963,-0.04752881647340159,-0.031702076202516576,-0.02878181603114341,-0.04025189880951932,-0.024242453922649263,-0.035976987506017945,-0.027837402686247573,-0.039033616895920144,-0.03260248975535664
tryptophylglycine,0.004024775499348667,-0.0606978638251641,-0.02941619659468732,-0.10492933286822136,-0.03839358928996758,-0.039924914053488365,-0.10491049734080023,0.022027395897923494,0.029494175678210832,-0.007209863186263023,-0.032993591008310896
S_allylcysteine,-0.05650846581615469,-0.013257197620093437,-0.05980430640430534,-0.01731022641057381,-0.022665920277500057,-0.01767073840541438,-0.027245590414675433,-0.04197760983184394,-0.0342045643756889,-0.04822949809346791,-0.0338874117649718
linoleoyl_arachidonoyl_glycerol_18_2_20_4__2_.,0.0104665258773777,-0.03942916297176403,-0.0717584622374045,-0.012654084032068613,-0.0012495488891182637,-0.04734046119919021,-0.03073732048800591,-0.057205380330736785,-0.053103002458413026,-0.03638910884599243,-0.03394000055753161
X___23188,-0.04297852975900319,-0.050626130602533445,-0.01625129305895746,-0.03845461278299438,-0.011634705288036649,-0.015275989449090957,-0.0421026777339203,-0.02892496603954406,-0.022864070025970417,-0.0711112735152142,-0.034022424825526504
X___24660,-0.04213206115669727,-0.035744933808189536,-0.05008743451828891,-0.03676807965770572,-0.03162522725063833,-0.01647393054455123,-0.023140575568512723,-0.031008175372321863,-0.030544067976665038,-0.054262517526458255,-0.03517870033800289
N_palmitoyl_sphingadienine_d18_2_16_0.,-0.0015185202206921074,-0.021516576394262243,-0.06577536934121905,-0.021277365196013795,-0.03476661651393565,-0.11709482331898566,-0.014014009111874743,-0.054754878213246795,0.01394092726548073,-0.055606244052682205,-0.037238347509743155
X___23654,-0.045620777545640354,-0.03349898551849309,-0.047404501992422084,-0.0377546845840249,-0.039558374689873034,-0.03050451336908065,-0.047295632643927915,-0.0263509028621714,-0.027672026755489985,-0.04259014118357933,-0.03782505411447027
orotidine,-0.037186605077003394,-0.06855717599690796,-0.03933950586123942,-0.04609543283665302,-0.03797242328101326,-0.03240351124367974,-0.030689478248356224,-0.016583175052117902,-0.055226519819872075,-0.01717348048149635,-0.038122730789833935
X2.8_quinolinediol_sulfate,-0.036577464120203816,-0.026080047977855444,-0.04174819310785448,-0.06114785033401542,-0.033882476856787455,-0.04054309606345011,-0.03499904692231248,-0.030232151642571002,-0.04200887680736303,-0.03754824720348923,-0.03847674510359024
X2_hydroxystearate,-0.05340324076550597,-0.039495087317738015,-0.034793739673422086,-0.03403014739176917,-0.015847836061596694,-0.08737537473281803,-0.013974454504290353,-0.058340785923682956,-0.02955030554992582,-0.025553783341708863,-0.039236475526245804
N_acetylcitrulline,-0.024812416982412887,-0.05301033166350104,0.011268919345518161,-0.05565973695055824,-0.05652843147522111,-0.07619837276111503,-0.027818567158826437,-0.0019001280062443536,-0.06961460250633061,-0.06489479604514196,-0.04191684642038335
X___19940,-0.08899862048597165,-0.021151920583389022,-0.05776818589008038,-0.014827703896467885,-0.05602778315636727,-0.015242838920829754,-0.06455424970936781,-0.058894550429864405,-0.002388344877000238,-0.045375162268068724,-0.04252293602174071
arabitol_xylitol,-0.07743247651774794,-0.04007710511505116,-0.024508034859287306,-0.04877384483593878,-0.056377747255852,-0.045719098998778705,-0.03302847404351308,-0.0507131507392191,-0.058274861577708975,-0.003516592969526376,-0.04384213869126234
steviol,-0.08696965747216673,-0.04963236817579423,-0.053672212097079806,0.00020116343285774877,-0.00031417659738457393,-0.0672797505272064,-0.10260841917938879,0.010054404537403212,-0.04282935238182777,-0.05366467788611135,-0.04467150463466987
X___23223,-0.04632409613954564,-0.04421715404221718,-0.05260988835052765,-0.04445109129278772,-0.0436724305891979,-0.03516291601087638,-0.048452134027585754,-0.02997674189074037,-0.05655367108196542,-0.05112790905303255,-0.045254803247847655
X2_hydroxyoleate,-0.06864758652852941,-0.0695761780303915,-0.031816219498688667,-0.05507997941653563,-0.018882992950238795,-0.057907568792996786,-0.03728530324069016,-0.03106844906006951,-0.03782098564054731,-0.047404878702970506,-0.045549014186165825
phenylacetylphenylalanine,-0.024159954312544682,-0.03643205384851263,-0.046269849820572764,-0.05713418203708488,-0.016067458311327155,-0.04090285463719383,-0.05627942580271367,-0.07956691848511126,-0.04962558738592262,-0.055403950488179185,-0.04618422351291627
sulfate_of_piperine_metabolite_C18H21NO3__2.,-0.046945668544443174,-0.047200324875176954,-0.07240678109124005,-0.059850265091212926,-0.053034817849148506,-0.030288658224834415,-0.044450714582239294,-0.026814633547279806,-0.04419794180424763,-0.03936022494140267,-0.04645500305512254
argininosuccinate,-0.04747004962784764,-0.03608585685451212,-0.04149240664547544,-0.045608346097542406,-0.061976796137059344,-0.03851187278635464,-0.03359580012943774,-0.061025602002291894,-0.06034187235690461,-0.059253932293059704,-0.04853625349304856
X___24412,-0.13813712113278367,-0.03391035343737074,-0.0034438878336807855,-0.05534518364262525,-0.10627833334212324,-0.07250962307095946,-0.09473215503296593,0.04185065837702547,-0.046519608914177044,0.022974446216658288,-0.04860511618130024
linoleoylcholine.,-0.06026464669447794,-0.05380556763122146,-0.058366778951524124,-0.0463184454813193,-0.040810560552830256,-0.04292353001893346,-0.044332050759486125,-0.048082957690131455,-0.05910701517917483,-0.038655776215852124,-0.04926673291749511
X___23048,-0.04671738195209898,-0.03547294879222831,-0.031762726600812634,-0.043179693191860935,-0.09802686548947129,-0.044808966313789333,-0.04559214754396023,-0.03475305493419243,-0.06718632631119756,-0.04641111627623129,-0.049391122740584305
X___25838,-0.061841180339627155,-0.09375233089651835,-0.03511620390287196,-0.04980226463313289,-0.05092599219907796,-0.04140500979824136,-0.020860723329458233,-0.062119192724363136,-0.07034014702259282,-0.024832759352027715,-0.05109958041979116
X___23653,-0.04280034566959923,-0.04166380994500778,-0.02616480785125056,-0.09688995305433144,-0.052997146794306234,-0.06064625448003019,0.013966920293321899,-0.0448696167120854,-0.03418572884826777,-0.1330161179375248,-0.05192668609990815
stigmasterol,-0.019152717702909484,-0.04724816711482664,-0.08651496784022046,-0.03276816705455296,-0.06308394843887381,-0.061241080435989706,-0.056408260810274245,-0.0488503170772686,-0.0573745233669786,-0.05543898456918251,-0.052808113441107696
X___17686,-0.05049089151564968,-0.05121681274246032,-0.07104610259033706,-0.06318453015530268,-0.061360874390388134,-0.033820319616297695,-0.05071277402867067,-0.033436451567454915,-0.06246501300781523,-0.05752483087579928,-0.05352586004901756
X5_acetylamino_6_formylamino_3_methyluracil,-0.09085128296311476,-0.029449347122948524,-0.0352857236496622,-0.07182099618844265,-0.035530962216685405,-0.05269766190831015,-0.04531827897525689,-0.05217704793038991,-0.06272720354951745,-0.06594581847524145,-0.05418043229795695
X2_hydroxyadipate,-0.05489275427396952,-0.04723385211398658,0.008934820787490796,-0.06902957102463009,-0.03443699478406574,-0.10706528167777836,-0.1085182542630449,-0.0492428494687251,-0.02755185609054313,-0.06813978070925554,-0.055717637361850814
X3b_hydroxy_5_cholenoic_acid,-0.03109632564065279,-0.058193115388701235,-0.09832748050711265,-0.09497061281011752,-0.06305155133170946,-0.06733022974069505,-0.05581795538089579,-0.037726808003441616,-0.046915531700569356,-0.008149379294029363,-0.05615789897979249
X___13007,-0.06357630912566234,-0.08465326430991524,-0.09345096245778015,-0.04419718838315079,-0.00018383474763030227,-0.01107189972869306,-0.0603369751197751,-0.03727136495039852,-0.08309066895505766,-0.10708223365245738,-0.058491470143052046
X___25703,-0.0571808941450893,-0.09104039165842297,-0.08142334806773857,-0.028963013804934754,-0.04265229842406909,-0.03315203510339574,-0.07446701108056407,-0.062097720223103045,-0.0653174652804723,-0.06229662339267026,-0.05985908011804601
X13_HODE_._9_HODE,-0.08014064865035911,-0.07634340632225778,-0.04992394214027344,-0.040643677779878984,-0.05911756307453067,-0.06771108410515046,-0.06471171471860851,-0.0885356432219601,-0.065835818995102,-0.01574348723968359,-0.060870698624780464
X___23919,-0.057697364306976896,-0.07439731962910585,-0.06492493288901578,-0.08572199213579058,-0.07724487466463342,-0.07884325752159116,-0.043731197434751845,-0.06467291353212096,-0.058754037395302716,-0.042001719306943,-0.06479896088162322
maltitol_lactitol_cellobiotol_palatinol,-0.04605173441303599,-0.05019366689294413,-0.08958289854657535,-0.09862583526146348,-0.05097910838640556,-0.06945977447092885,-0.03195522569105666,-0.07502830979771395,-0.0837785424164776,-0.061015807528032914,-0.06566709034046345
octadecenedioate_C18_1_DC,-0.14486931534364664,-0.04787576688849895,-0.08112386318174249,-0.03438011149125391,-0.058894550429864405,-0.072224076475255,-0.06857337455049013,-0.04215993773728055,-0.06062139158383428,-0.05780397339218053,-0.06685263610740469
X2_aminophenol_sulfate,-0.08757653816567579,-0.049972161090471555,-0.07670542515929205,-0.08174091506005896,-0.050051647016188756,-0.08474668852592408,-0.06730536684449914,-0.07086076100051307,-0.037973176702110104,-0.06411575863100372,-0.06710484381957373
X___17325,-0.06641105600254354,-0.05965286876383939,-0.05022568728956006,-0.08648144060141084,-0.07957181572224076,-0.06493887117930743,-0.06952908921183863,-0.05791773997780421,-0.08709321853204939,-0.06385771190533414,-0.06856794991859286
X4_allylcatechol_sulfate,-0.07544382153262424,-0.06895347549384868,-0.08521305618487143,-0.07139041603159546,-0.07482601623321093,-0.04729299567008895,-0.06341696056367953,-0.0524170125497352,-0.09701050042982673,-0.06503568579025207,-0.07009999404797332
digalacturonic_acid,-0.042952913441710434,-0.09255288451034033,-0.08326583936007424,-0.048836002076428534,-0.054299435160203684,-0.07713901900052662,-0.07536641461275456,-0.08846030111227557,-0.0659435582119509,-0.09289267742501764,-0.07217090449112824
X___23267,-0.06332617332150962,-0.07134106694975208,-0.06375524663616314,-0.042101170891726596,-0.07995304679724458,-0.06849087494038555,-0.09119220600943735,-0.05607788565930749,-0.07812072668971631,-0.1085894525566968,-0.07229478504519396
N_palmitoyltaurine,-0.07919585859491485,-0.07164808604671662,-0.08029886708069667,-0.05688630649622272,-0.0681405341303524,-0.06243261590065087,-0.08346926305622253,-0.07978541060319645,-0.05614079632089409,-0.08822184333512395,-0.0726219581564991
pelargonate_9_0,-0.07293794296451611,-0.09892946396349221,-0.11564411099700965,-0.0777624749581663,-0.06463109866124604,-0.07503923440361822,-0.06455161273552884,-0.07232767187607125,-0.05044078901270945,-0.06199035771680256,-0.07542547572891607
arabinose,-0.056522404106446336,-0.07500985098084124,-0.08598267583529913,-0.0495540123817223,-0.11186382064358735,-0.051599927370206265,-0.05919817913189313,-0.07546002008620642,-0.1082300706935015,-0.08366929635743502,-0.07570902575871388
X___13723,-0.15709432606106172,-0.07775004351006833,0.005046414506671166,-0.059618588103932925,-0.1479850882896512,0.02316204806977282,-0.10962465314376252,-0.08740513486614343,-0.07997640285124678,-0.07278499848185647,-0.07640307727312794
X___24996,-0.08489812616639002,-0.0669847861677914,-0.09417763710568763,-0.058274861577708975,-0.0861412709761851,-0.06162042795825142,-0.08163129229046794,-0.08407275335479578,-0.06872292863821396,-0.07990784153143385,-0.0766431925766926
dodecenedioate_C12_1_DC.,-0.08805985779930217,-0.08115362331506788,-0.06444236667648624,-0.0914879237899492,-0.05075308205735191,-0.09955781715826136,-0.08177933953599807,-0.08405730822231045,-0.07711151913049176,-0.052465984921030155,-0.07708688226062492
o_Tyrosine,-0.09020710792531184,-0.03779838300764195,-0.08950491946305184,-0.0595982457343181,-0.10262386431187412,-0.08746503184334264,-0.08354083806042284,-0.07258119807515977,-0.05109777220915873,-0.09857648617962009,-0.07729938468099018
X___25698,-0.03372614197919201,-0.12217175138007906,-0.1132836427005927,-0.03841166778047418,-0.09846158946235116,-0.049668155677894385,-0.09617646327561875,-0.06562938161456633,-0.08544548659324827,-0.08642154362421163,-0.07893958240882284
syringic_acid,-0.09413469210316742,-0.06264056012338023,-0.07727614164015251,-0.08355364621906923,-0.08756975737580416,-0.08776677699262926,-0.06717992223187437,-0.07309051073662733,-0.08434285481801489,-0.08087975474636455,-0.0798434616987084
X2_pyrrolidinone,-0.04376133427862566,-0.009276497254910233,-0.135424051763043,-0.11457613659223115,-0.13950382700246142,-0.05343639129376716,-0.07805781602812972,-0.06530616396401961,-0.042970995548034734,-0.16048735797070546,-0.08428005716959282
X___24549,-0.10967965288383225,-0.07070743980730501,-0.04750470699830253,-0.09451102594104178,-0.10966383104079849,-0.09295445795495896,-0.08524507658148739,-0.10753767670550048,-0.017409491279668038,-0.11041160147941764,-0.08456249606723126
TUDCA,-0.0772279226899544,-0.0695795684253273,-0.10453378679237746,-0.0711180543050858,-0.08104136357163791,-0.08852396519495899,-0.11439606895008508,-0.08896810693154943,-0.0777364819303251,-0.07819192498336823,-0.08513172437746697
X1_palmitoyl_2_linoleoyl_digalactosylglycerol_16_0_18_2.,-0.11675917422034099,-0.10741599919835992,-0.06568099095970024,-0.08579959450876566,-0.06916933063809493,-0.09321514165446752,-0.09638742118273548,-0.08432175902730321,-0.07152490169738238,-0.06125426530518451,-0.08515285783923349
ceramide_d18_1_14_0__d16_1_16_0.,-0.052398177022314064,-0.0999028840206166,-0.13626449299657417,-0.0780924733985846,-0.0959372520773703,-0.09759102057583834,-0.0015441365379848546,-0.1406463900958276,-0.03170961041348503,-0.12084120972304992,-0.08549276468616455
linoleoyl_arachidonoyl_glycerol_18_2_20_4__1_.,-0.09305767664522681,-0.06458287971104792,-0.10766312131812526,-0.07597724366919087,-0.07848877289552533,-0.1368529148732105,-0.0574208587644346,-0.09085203638421159,-0.05128575077282169,-0.11134056969182815,-0.08675218247256228
X___25035,-0.07245726030472868,-0.09687789831678191,-0.07792069338850384,-0.09748440229974255,-0.08318861369764759,-0.09327315507892461,-0.09355907838517749,-0.06673955388614196,-0.09550064455174834,-0.10621052544340713,-0.0883211825352804
dihydrodaidzein,-0.13726541292373343,-0.08165690860776068,0.0036959071905756057,-0.12877624071502672,-0.040593575276938756,-0.09911216857947724,-0.14719474955906028,-0.09969606992953252,-0.1058093287093369,-0.05442789345721584,-0.08908364405675068
X___21286,-0.12149743949840235,-0.08563986923623443,-0.06237836958167799,-0.10220044165544695,-0.12421615952636936,-0.07931113202273221,-0.1426082986320133,-0.0854658289628631,-0.07016723688086679,-0.02412944075812244,-0.08976142167547288
X4_acetylcatechol_sulfate_1,-0.09039131938349057,-0.0750656041420078,-0.1200395696760063,-0.09052542833872906,-0.09561064403188778,-0.08783157120695798,-0.10506796235004094,-0.08343498239631605,-0.07528409626009301,-0.07502190571839076,-0.08982730835039202
acesulfame,-0.1545846803874694,-0.08046801011693847,-0.09902816212717896,-0.06125991596341085,-0.1326454347578768,-0.07360208366138543,-0.10919294285527004,-0.035683529988796626,-0.08082174132190743,-0.07341824891375513,-0.09007047500939892
X___24767,-0.13919341751056105,-0.0965249205329098,-0.09149545800091767,-0.0774648736249123,-0.08206676968444462,-0.10492368220999501,-0.08460203167532974,-0.059172562814600385,-0.07390006170518783,-0.09886768343355089,-0.09082114611924094
X1.3_propanediol,-0.1451484578600279,-0.06572355925167203,-0.1142687407847182,-0.11293631557494692,-0.08362748148656009,-0.07467947582987448,-0.10488375089186219,-0.10097010500429826,-0.07278424506075964,-0.05406210751469735,-0.0929084239259417
X4_hydroxyphenylacetate,-0.12765665696511433,-0.1530168110849339,-0.09419760276475404,-0.06939498025660014,-0.09150939629120929,-0.06811981505018914,-0.09204131158558222,-0.06840008769821566,-0.05917783676227831,-0.10660305783486364,-0.09301175562937407
X___25482,-0.04924058920543457,-0.09500489347002398,-0.15986164174977524,-0.08196129073088626,-0.06437493548831856,-0.12205685466281015,-0.1789288461581928,-0.019022377644637874,-0.06227967141799124,-0.10715079497227033,-0.0939881895500341
X___12221,-0.09572139693312408,-0.09067874953193714,-0.12261890680105687,-0.07835843104577107,-0.10767140895019056,-0.08720849195986674,-0.10056589458584066,-0.0695208081270791,-0.10343341528043462,-0.0888370116606983,-0.0944614514875999
mannitol_sorbitol,-0.15995205228139672,-0.14458678243232959,-0.08253050036955303,-0.12881052137493323,-0.05975571074355881,0.0032223820312082085,-0.1080247634446111,-0.10289434248564168,-0.12320544512495112,-0.05619428921877012,-0.09627320254445372
tyrosylglycine,-0.11535743426965994,-0.08681181575237759,-0.04526440936683244,-0.14225494413759276,-0.07870839514525581,-0.1051120374842064,-0.08322402448919933,-0.09624690814817381,-0.0969121789766884,-0.12650203913419858,-0.0976394186904185
DCA_gluc,-0.10771774434764657,-0.09523958414169137,-0.09641718131606089,-0.11885820539615256,-0.09766484665243703,-0.08957084380902583,-0.10791589409611693,-0.08128622542811269,-0.10515159209179077,-0.10003812310750036,-0.0999860240386535
N_butyryl_leucine,-0.08878992284214546,-0.09823593984384593,-0.10591292411015317,-0.07662669265467169,-0.10792079133324642,-0.10485060036360101,-0.1336305328420023,-0.13229697750058578,-0.06864947008127152,-0.08911427062433745,-0.10060281221958609
X___14351,-0.11616660852767201,-0.05969638445424693,-0.08805270029888213,-0.10838828912383905,-0.12019552784305333,-0.09301548506380344,-0.10204938072552944,-0.093220038891597,-0.11151950720232896,-0.11889474631934956,-0.10111986684503019
X___17342,-0.10801760594419108,-0.09196333250205872,-0.12034131482529294,-0.0935760303598565,-0.11764049962748084,-0.09500037294344293,-0.11007030172254663,-0.09432794461450832,-0.09805775575444198,-0.08278101288425416,-0.10117761711780741
X___23647,-0.11994275506506165,-0.08796794042548702,-0.09625029854310962,-0.11922248449647735,-0.09181076472994751,-0.1214831244975623,-0.11301919189559993,-0.08889879219063965,-0.10854085689595026,-0.08142259464664173,-0.1028558803386477
X1_linoleoyl_GPE_18_2.,-0.08404450006366407,-0.10671042034116413,-0.12987209170038852,-0.11747153386740841,-0.0897045760537159,-0.06602191400602284,-0.08368210451608138,-0.16075557588118244,-0.10746911538568756,-0.10467279298474547,-0.10504046248000606
maltol_sulfate,-0.10478768970201441,-0.09653772869155616,-0.12230473020367229,-0.11720067898309246,-0.08701938326455853,-0.10496172997538572,-0.1076307242109609,-0.09683382318261645,-0.1094155787893879,-0.11634177893268859,-0.10630338459359331
X___12823,-0.1268749825771371,-0.09327277836837618,-0.12177771214642888,-0.07068370704275438,-0.09338955863838724,-0.13039609607324457,-0.09802724220001974,-0.1069582958820263,-0.13606445969536168,-0.09050885307459847,-0.10679536856983347
vanillin_sulfate,-0.12365297725647732,-0.10558857632796119,-0.10885088967730219,-0.12510444299955017,-0.09940524938615015,-0.12213558716743049,-0.0974889228263236,-0.1033569430391048,-0.10183201873908951,-0.10918013469662369,-0.1096595742116013
formononetin,-0.15485591198233378,-0.12506301661736366,-0.10515460577617815,-0.09744899150819081,-0.1500581264376216,-0.05595357117832798,-0.12106309223607091,-0.1321316015698282,-0.07337191351629913,-0.08245628839151375,-0.10975571192137279
TLCA_3S,-0.1461320491019597,-0.08426412231339454,-0.09859042446991174,-0.1111974196834275,-0.11624383419009868,-0.11662883237058673,-0.09139713654777931,-0.09870569789772911,-0.10774524421768142,-0.13607387745907226,-0.11069786382516408
glycitein,-0.09707775240527397,-0.11168244503251108,-0.10721596589714745,-0.11487863516261461,-0.1160505816787578,-0.11536609861227366,-0.13424570116757667,-0.10070603090985392,-0.08643548191450327,-0.12619502003723407,-0.11098537128177466
epicatechin,-0.11379672246754448,-0.11115824178639153,-0.16470312571810447,-0.09576660219893479,-0.11373870904308737,-0.11565126849742968,-0.08178687374696653,-0.09392750130153493,-0.1125550844999431,-0.15886674919139077,-0.11619508784513277
X1_linolenoyl_2_hexadecatrienoyl_galactosylglycerol_18_3_16_3,-0.1374692133304301,-0.14608194659901946,-0.1191188890956611,-0.13930831422783,-0.07134709431852686,-0.12305739787942098,-0.10569292514987429,-0.1396744768808969,-0.14104570327715574,-0.07057295414151808,-0.11933689149003335
X___24669,-0.1182460507549656,-0.13392135338538466,-0.13008003592311787,-0.12268859825251509,-0.11606263641630733,-0.11540716006205176,-0.12283928247188419,-0.09440517027693499,-0.11731821267420035,-0.1251658468189431,-0.1196134347036305
X3_hydroxyhippurate,-0.11535705755911152,-0.10679819389894661,-0.09154706734605157,-0.12170990424771277,-0.1599965041261106,-0.13616805509617794,-0.12321787657304906,-0.1085679800554367,-0.11457274619729534,-0.13422611221905867,-0.12121614973189507
X1_lignoceroyl_GPC_24_0,-0.13199862274623497,-0.11984518703302018,-0.10794113370286124,-0.10285403445696042,-0.08974337724020343,-0.17515307633135158,-0.15500094554347651,-0.10251122785789571,-0.09930430031141765,-0.1356689136195178,-0.12200208188429393
X___19763,-0.15122291545334476,-0.11071296991815587,-0.09297065650854114,-0.17998627266761544,-0.14785700670318747,-0.11400014616369276,-0.10912212127216658,-0.09771984639250676,-0.06663293851556454,-0.17101491095692764,-0.12412397845517031
beta_guanidinopropanoate,-0.13680168223862504,-0.11362607258910896,-0.12778134815664224,-0.11282706951590434,-0.16284669613547714,-0.11727451425058331,-0.11496188819381606,-0.13982704465300813,-0.10709541852165216,-0.12767059525540597,-0.12607123295102235
salidroside,-0.12281818668117253,-0.13508915608549518,-0.1400945091423883,-0.14321706287826447,-0.12735114471034345,-0.09841261709105618,-0.1164397236752785,-0.11821553720054336,-0.12980013998563977,-0.1309069155769058,-0.12623449930270877
vanillic_acid_glycine,-0.13954752542607843,-0.11910495080536948,-0.12277712523139443,-0.1190642660661398,-0.14023464546640152,-0.14711677047553676,-0.1377054108442912,-0.12842401635225148,-0.11571304902737103,-0.16325467365941898,-0.1332942433354253
limonin,-0.12531464748557009,-0.11993522085409321,-0.17427345720078444,-0.1316301998298775,-0.10650322953953162,-0.12699477653153554,-0.15193226141602478,-0.13145502942486093,-0.1283189141092415,-0.15501714409705872,-0.13513748804885783
X1_linolenoyl_GPC_18_3.,-0.1430106254977288,-0.14087806708310757,-0.09501205097044402,-0.13822828508550197,-0.1683037251399291,-0.13972683964712768,-0.17140555979564204,-0.0940744184154198,-0.112672618191051,-0.15923592552884508,-0.13625481153547972
X2_acetamidophenol_sulfate,-0.1306661975364637,-0.1305852047685528,-0.13926800619914875,-0.15523036226746598,-0.13294039911729183,-0.13887132999165963,-0.1393004033063131,-0.14651026649257615,-0.1333189932184567,-0.1342592627473199,-0.13809504256452482
phenylacetylaspartate,-0.1284330574054136,-0.15228825288428427,-0.14579187947673397,-0.1278698751355216,-0.11685862580512461,-0.12822662002487792,-0.13521309385592628,-0.15066124002564643,-0.14006135861412708,-0.1588735299812624,-0.13842775332089183
acetylcholine,-0.1464665680689591,-0.12928178627101006,-0.1513860311208118,-0.14660105373474602,-0.1235384572497568,-0.13230451171155422,-0.15121990176895736,-0.13556682506089524,-0.1378628758535319,-0.13790356059276157,-0.1392131571432984
X___25435,-0.16115413564141373,-0.15328163860047508,-0.16213320635676445,-0.10838828912383905,-0.16539815667994442,-0.12952438786419432,-0.12365147041428365,-0.12406811228083921,-0.1576902821486665,-0.12515379208139357,-0.1410443471191814
X___12013,-0.13009510434505478,-0.1369572636951236,-0.16438367517304198,-0.1356568588819683,-0.16096615707775078,-0.13601511061351834,-0.15778898031235328,-0.1479018352584498,-0.1464865337280255,-0.15393636153363383,-0.147018788061892
X1.2.3_benzenetriol_sulfate_1,-0.14131919513531063,-0.164076279365529,-0.17494287184533167,-0.15681932736071313,-0.1446451725673351,-0.1613903331552748,-0.15597963954827881,-0.13498631410577577,-0.12957298352494087,-0.147647178927716,-0.1511379295536206
umbelliferone,-0.17137127913573558,-0.14597533751381583,-0.16830899908760702,-0.12061857378893208,-0.15700165526614976,-0.19572975990729902,-0.18727072454246618,-0.18813339169835425,-0.14597684435600952,-0.10176232728763131,-0.15821488925840005
X___24753,-0.2023787010869606,-0.1696945404847059,-0.10312677289401849,-0.14027834389001856,-0.15453420117398073,-0.15176989916965458,-0.18871879989060325,-0.15192698746834687,-0.1993220716970584,-0.21948437366974083,-0.1681234691425088
leucylalanine,-0.18628939356382493,-0.10311434144592055,-0.17015902459091115,-0.2543677704536875,-0.17767666029523554,-0.22514369623869582,-0.06957015066161673,-0.22356942285683717,-0.13407354444694747,-0.13903218539583612,-0.1682996189949513
X___12906,-0.16791646669615054,-0.20832357025162002,-0.18358724879998856,-0.1743601006269217,-0.2040463986848281,-0.17658043259932535,-0.13745150793465424,-0.19025728577036174,-0.16886879096256324,-0.14883984452402246,-0.1760231646850436
X___25965,-0.19014464931638334,-0.1637485411884012,-0.17609824309734423,-0.18463299728241006,-0.20109110443245162,-0.169567212319339,-0.1541081415437146,-0.1805253454624084,-0.1785268960030257,-0.19233371431326793,-0.1790776844958746
X4_acetaminophen_sulfate,-0.19723019802166689,-0.1593835960638268,-0.16553716287231243,-0.18796125267947256,-0.19406545270436734,-0.13812506639523414,-0.17601046953956173,-0.17987401292418548,-0.22187384867838633,-0.17620409876145104,-0.17962651586404646
X___22520,-0.25220846559012833,-0.17283726451232864,-0.18878736121041617,-0.18020928531228173,-0.18888229226861872,-0.20084511244433156,-0.2084524052591806,-0.18364375538225192,-0.19652273561172895,-0.16919050177091624,-0.19415791793621828
X3_hydroxyoctanoate,-0.1607924935149279,-0.1996302209256682,-0.1728886692247824,-0.19268443183384953,-0.21466888272925283,-0.19237929628962708,-0.20619929946906412,-0.2205979300508785,-0.2088912730480931,-0.18870410817921476,-0.19574366052653586
X3_N_acetyl_L_cystein_S_yl_acetaminophen,-0.21535976987506014,-0.18810513840722254,-0.18775065378115677,-0.24825827877936738,-0.19437058824858974,-0.17039597552586905,-0.188290856707595,-0.16440288741101153,-0.21038907418862196,-0.2179353398946265,-0.19852585628191202
X___19917,-0.21011219193553124,-0.2244343502760158,-0.18353111892827353,-0.19470623734723444,-0.19438452653888139,-0.16871320950606464,-0.20696590543510443,-0.195646883586646,-0.23641261558421398,-0.20759727231426095,-0.20225043114522262
cotinine,-0.29817920723525343,-0.20770538824165827,-0.2302447337748883,-0.22323867099532194,-0.1737166790102156,-0.2789206338682371,-0.20916024437966693,-0.24679777198313238,-0.15270790843522722,-0.14697964783591091,-0.21676508857595125
X___17185,-0.21308067105710252,-0.21405446782477533,-0.2265273540830526,-0.23790024553993544,-0.20144558905851745,-0.20758634770835668,-0.24817088193213332,-0.21908167009347693,-0.21330971107054353,-0.2187851988918682,-0.2199942137259762
X2_hydroxyacetaminophen_sulfate.,-0.25011772204638205,-0.2055133095603863,-0.22141426180931062,-0.21700674839276443,-0.2101167124621123,-0.23692343508787525,-0.2013386032627654,-0.20603241669611286,-0.25199939123575377,-0.2329423580121436,-0.22334049585656066
