Family,3oxoDCA,3oxoLCA,7oxoDCA,Ala_DCA,Asn_CA,Asn_DCA,Asp_CA,Asp_DCA,CA,CDCA,DCA,GCA,GCDCA,GDCA,GLCA,GUDCA,Gln_CA,Glu_CA,Glu_CDCA,Glu_DCA,His_DCA,LCA,Lys_CDCA,Met_CA,Met_CDCA,Phe_CA,Phe_CDCA,Phe_DCA,TCA,TCDCA,TDCA,TLCA,Thr_CA,Thr_CDCA,Thr_DCA,Trp_CA,Trp_CDCA,Trp_DCA,Tyr_CA,Tyr_UDCA,UDCA,isoCA_aMCA,isoLCA,isoalloLCA
12aHSDH%GENOME015584_936,-0.0023389834,-1.0,1.0,-1.0,0.96779245,-0.11995134,1.0,-1.0,1.0,1.0,-1.0,1.0,1.0,-0.06020104,-1.0,1.0,0.44292068,1.0,1.0,-1.0,-1.0,-1.0,-1.0,0.95800316,-0.7930009,-0.48022223,-0.45266485,-1.0,0.46188718,0.96887755,-0.8903107,-0.25817424,1.0,1.0,-1.0,1.0,0.2891598,-0.2485956,0.73359907,0.27921003,0.9921332,1.0,-1.0,-0.8166296
12aHSDH%GENOME077010_272,-1.0,-1.0,1.0,-0.1441405,0.1346854,-0.49153328,0.8977619,0.1529008,1.0,1.0,-0.12347827,1.0,1.0,0.24640697,-1.0,0.8349644,-0.9343678,0.38052726,-0.019833751,-0.99380744,-0.6209354,-1.0,0.11916831,1.0,0.22730352,0.40408587,-0.81690335,-1.0,1.0,1.0,1.0,0.39079332,0.77454674,1.0,0.4696068,-0.25183925,0.12949035,-0.45683265,1.0,-1.0,-0.4573928,1.0,-1.0,-1.0
12aHSDH%GENOME126416_2228,0.35981753,0.98230547,-1.0,-0.276156,0.13150518,0.3071841,0.4264344,-0.6995941,-0.71894443,-0.8115113,0.84069115,-0.19103858,-0.5151993,0.6543092,0.18201351,-1.0,0.3338926,-0.63762754,0.5306143,0.08232507,0.68332756,0.66606313,-0.8593887,0.04822573,-1.0,-0.67045105,-0.07414066,-0.6049306,-1.0,-0.88774705,0.79407704,1.0,-0.6049839,-0.5194337,-0.15202218,-0.6433617,-0.5110182,-0.14248052,-0.8589077,0.11696696,-0.6228996,-0.93776345,1.0,1.0
12aHSDH%GENOME136792_1072,1.0,-0.6561089,1.0,0.600068,0.14192492,-1.0,-0.7784122,-0.75660175,0.75613296,0.64033264,0.00079155527,-0.90490514,-0.97764206,-0.13528529,-0.4862787,0.7252563,-0.19426945,0.797359,-1.0,-0.63327146,-0.14788163,-0.2525737,-0.13065349,-1.0,-0.7421806,0.8066969,0.42646682,0.35699305,-0.49714625,-0.8379445,-0.20689812,-0.21912824,0.22436379,-0.58651274,-0.052132137,0.71876186,1.0,-0.076503806,0.8545406,1.0,1.0,1.0,0.25017703,-0.5743736
12aHSDH%GENOME187328_883,0.20351547,1.0,-1.0,1.0,-1.0,-1.0,-1.0,1.0,-1.0,-1.0,1.0,-1.0,-0.7418365,1.0,0.64726037,-1.0,-1.0,-1.0,-1.0,1.0,1.0,1.0,1.0,-0.5376803,0.9833551,-0.097320236,-1.0,1.0,-1.0,-1.0,1.0,1.0,-1.0,0.053772874,1.0,-1.0,-0.98250127,1.0,-1.0,-1.0,-0.15356494,-1.0,0.9100718,0.39771938
12aHSDH%GENOME211747_1057,0.04146327,0.08419762,-0.49644488,-1.0,-0.3997826,0.8308282,-1.0,0.5672181,-0.8123044,-0.91340077,0.3531965,-0.44530788,0.42076805,0.48205325,0.5559573,0.9260153,0.59049517,-0.8447546,0.21846826,-0.38687363,-0.97613555,-0.032849006,0.6374207,0.09512491,0.6644974,0.5497015,1.0,0.7809064,-0.763802,-0.12826836,-0.8546005,-0.5519523,-0.6722819,-1.0,-0.25491068,0.8155095,1.0,0.22367321,0.41003332,1.0,-0.06353649,0.029025268,0.057877045,0.22364648
12aHSDH%MBE7001463_1_SDR_family_oxidoreductase__Oscillospiraceae_bacterium_,1.0,0.2485774,0.55922174,0.081862696,1.0,0.21755444,0.194903,-1.0,0.57436246,0.68407166,-0.04258464,-0.6379614,-0.55569863,-0.4194743,-0.4507145,-0.28326002,1.0,0.52550983,0.39385468,-0.5592723,0.70043457,-0.32705218,-0.28024307,1.0,-0.089705385,-0.7787941,0.5019228,-0.25679386,-1.0,-1.0,-1.0,-1.0,1.0,0.6188758,-0.28149202,0.6662456,0.36822173,0.4465514,-0.13598849,-0.75365096,0.20395774,0.2958214,-0.30449492,-0.004165376
12aHSDH%MBP3571641_1_SDR_family_oxidoreductase__Clostridia_bacterium_,-0.6654519,-1.0,1.0,-1.0,1.0,0.25860605,0.5781963,-1.0,1.0,1.0,-1.0,1.0,1.0,-1.0,-1.0,-0.0051904926,1.0,1.0,1.0,-1.0,-1.0,-1.0,-0.8898941,1.0,-0.29035962,-0.046090182,1.0,-1.0,1.0,1.0,0.12972559,0.8690054,1.0,1.0,-1.0,0.68394357,-0.14009807,-1.0,0.9035422,0.00044211652,0.11962205,1.0,-1.0,-0.45411474
12aHSDH%MBR0327374_1_SDR_family_oxidoreductase__Clostridia_bacterium_,-1.0,-1.0,1.0,-1.0,0.68511695,-0.8226213,1.0,-0.646536,0.97386736,0.27006462,-1.0,1.0,1.0,0.42419577,-0.7962639,1.0,1.0,1.0,1.0,-0.96086824,-1.0,-1.0,-1.0,1.0,1.0,-1.0,1.0,-1.0,1.0,1.0,0.08526708,-0.10658984,1.0,1.0,-0.8755104,-0.47762617,-0.66046834,-1.0,-0.3429254,0.09731725,0.019040115,0.4035633,-1.0,-0.705043
12aHSDH%MBR6823493_1_SDR_family_oxidoreductase__Bacillota_bacterium_,-1.0,0.5041594,-1.0,0.7382156,-0.35007197,0.6586765,-0.52988964,1.0,-1.0,-1.0,-0.2617535,-0.8984564,-0.6772508,-0.11860905,0.82658964,0.51628625,0.27269316,-0.48338673,1.0,0.7158722,0.894256,0.16380233,1.0,0.567491,1.0,-1.0,-0.3757505,0.5137469,-1.0,-0.5777346,-0.1125289,0.07540735,-0.6846781,-0.28656784,0.7376744,-1.0,0.0740266,-0.4041428,-1.0,-0.41569433,-0.4583096,-1.0,0.85128206,0.0197854
12aHSDH%WP_055231566_1_SDR_family_NAD(P)-dependent_oxidoreductase__Anaerostipes_hadrus_,-1.0,-1.0,0.4448738,-0.43957454,1.0,1.0,1.0,-0.2525511,0.5313592,0.031607516,-1.0,0.06005562,-0.43781617,-1.0,-1.0,-1.0,1.0,0.8238179,1.0,-0.88690466,-0.59189826,-1.0,-0.22821434,1.0,-0.44428915,0.31413138,0.2034832,-1.0,0.5851754,0.2338919,-0.023030661,-0.79648244,1.0,1.0,0.4777985,0.47097823,-0.21682611,-0.4945982,1.0,-0.6039624,-1.0,-0.9418662,-1.0,-0.48046225
12aHSDH%WP_103229430_1_SDR_family_NAD(P)-dependent_oxidoreductase__Clostridium_sp__chh4-2_,0.9533584,0.023526523,1.0,-0.7281382,1.0,0.30833405,0.4217962,-1.0,0.93670005,0.1274069,-0.74580514,0.35019633,0.37892848,-0.7697361,-1.0,-0.50151914,1.0,0.80341506,0.67297477,-1.0,-0.5747984,-0.34512126,-0.9352229,0.656343,-1.0,0.9247893,0.8173859,-0.35421774,0.29614058,0.60919714,-0.512496,-0.39527673,0.5427122,0.33799717,-0.15326329,-0.30101535,-0.19551879,-0.103214905,1.0,0.1594422,-0.38826618,1.0,-0.41010648,-0.5579644
12aHSDH%WP_130435990_1_SDR_family_NAD(P)-dependent_oxidoreductase__Cuneatibacter_caecimuris_,0.7213137,0.88571936,-0.05003526,1.0,-1.0,-1.0,-1.0,1.0,-0.6809769,-1.0,1.0,-0.010706594,0.07842226,0.81786376,0.3358373,1.0,-1.0,-1.0,-1.0,0.62458307,-0.5046654,1.0,0.30392,-1.0,1.0,0.52537304,-0.8131939,1.0,0.659706,0.99233377,1.0,1.0,-1.0,-1.0,1.0,0.15208693,1.0,0.17906609,-0.63099855,0.85181487,0.23151064,0.6846455,0.97749037,-1.0
12aHSDH%WP_160708750_1_SDR_family_NAD(P)-dependent_oxidoreductase__Enterorhabdus_sp__P55_,-0.005743031,-0.5171237,1.0,-0.3947672,1.0,0.62202394,0.42001733,-1.0,0.9346756,1.0,-1.0,0.0059539746,0.06302166,-1.0,-0.9980404,-0.22917436,0.720841,0.35961372,0.16135241,-1.0,-0.36832428,-1.0,-1.0,0.58362335,-0.010554031,-0.12622617,0.5623135,-0.460281,0.50629026,0.45750308,-0.3992013,0.29258904,1.0,1.0,-0.73217744,0.15173677,0.74399817,-0.28570667,0.7423078,-0.45922324,-0.08806391,0.99567676,-0.99553627,-0.92219675
12aHSDH%WP_161844252_1_SDR_family_NAD(P)-dependent_oxidoreductase__Pseudoflavonifractor_sp__524-17_,1.0,0.67045856,-0.16013834,1.0,-0.1648658,-0.19936284,-0.36205354,-0.33829406,-1.0,-0.9216657,0.8128587,-1.0,-1.0,-0.54492843,0.55319846,-0.5744575,-0.13591042,0.7587651,-0.77757215,1.0,0.8844762,0.9147225,1.0,-1.0,0.9187148,1.0,0.18964808,1.0,-0.36105555,-0.82185525,-0.16390733,-0.34808317,-0.332483,-1.0,0.7958202,-0.34563553,1.0,-0.10259826,-0.022952538,0.72382367,0.30882034,0.9728516,1.0,-0.45382902
12aHSDH%WP_418471294_1_SDR_family_NAD(P)-dependent_oxidoreductase__Eggerthella_sp__,-0.60474443,-1.0,1.0,-1.0,0.9619761,0.9474739,0.94019634,-1.0,1.0,1.0,-1.0,1.0,1.0,-1.0,-0.12133596,-0.21397413,1.0,0.95110434,1.0,-1.0,-1.0,-1.0,-1.0,1.0,-0.21958539,0.15018347,1.0,-0.5372384,1.0,1.0,-1.0,-0.9549888,1.0,1.0,-1.0,1.0,0.5730075,-1.0,1.0,1.0,0.06917406,0.72904694,-1.0,-1.0
12bHSDH%GENOME225741_180,-0.2877431,1.0,-1.0,-1.0,-1.0,1.0,-0.38770977,1.0,-0.8162231,-1.0,1.0,1.0,0.24519429,1.0,0.21206467,-0.5951875,-0.17115311,-0.50977206,-0.9128617,1.0,-0.47815248,1.0,0.91648865,-1.0,1.0,-1.0,-1.0,0.2738051,0.3298809,-0.15862669,1.0,1.0,-1.0,-0.17537847,1.0,-1.0,-1.0,0.67528206,-1.0,-1.0,-0.59495705,-1.0,1.0,-0.34268302
3aHSDH%3aHSDH%HJB56827_1_3-oxoacyl-ACP_reductase_FabG__Candidatus_Flavonifractor_intestinipullorum_,1.0,1.0,-1.0,1.0,-1.0,0.1970544,-1.0,1.0,-1.0,-1.0,1.0,-1.0,-1.0,1.0,1.0,-0.22997464,-1.0,-1.0,-1.0,1.0,1.0,1.0,1.0,-1.0,-1.0,-0.4172682,-1.0,0.75187445,-1.0,-1.0,1.0,1.0,-1.0,-0.42073262,1.0,-0.8193949,-1.0,1.0,-1.0,-1.0,-0.22494102,-0.94004565,1.0,1.0
3aHSDH%3aHSDH%MBO5160353_1_3-oxoacyl-ACP_reductase_FabG__Lachnospiraceae_bacterium_,1.0,0.73005265,-0.32292098,0.46159545,-0.5561032,1.0,0.56067175,1.0,-0.6875064,-0.582919,0.26398307,-0.91019475,-0.62457204,-0.6749848,-0.44634184,-1.0,-1.0,-0.059494693,0.88516665,1.0,0.3456847,-0.04068136,-0.47358146,-1.0,-1.0,0.58128166,-0.16169709,1.0,-0.9692581,-0.8874467,-0.8520487,-0.54228175,0.08494613,0.45485848,1.0,0.14444181,0.26313382,0.56906396,-0.28556308,-0.513249,0.4042939,-0.0499979,0.36101556,-0.5984022
3aHSDH%3aHSDH%MBQ7891058_1_3-oxoacyl-ACP_reductase_FabG__Erysipelotrichaceae_bacterium_,1.0,1.0,-1.0,1.0,-1.0,0.07996252,-1.0,1.0,-1.0,-1.0,1.0,-1.0,-1.0,1.0,1.0,-1.0,-1.0,-1.0,-1.0,1.0,1.0,1.0,1.0,-1.0,0.40535337,-1.0,-0.98368305,1.0,-1.0,-1.0,1.0,1.0,-1.0,-1.0,1.0,-1.0,-1.0,0.6206802,-1.0,0.33616465,0.3714834,-1.0,1.0,1.0
3aHSDH%3aHSDH%MBR6526164_1_3-oxoacyl-ACP_reductase_FabG__Clostridia_bacterium_,-0.60157543,-0.46862206,0.72532743,-0.6155236,1.0,0.2724939,1.0,-0.055303376,0.67489654,0.3202977,-0.938767,-0.6288999,-0.86130106,-1.0,-1.0,0.20870571,0.5436879,1.0,1.0,0.17323948,0.13655178,-1.0,-1.0,0.81250983,-0.31759542,0.324182,0.70425326,0.68097305,-0.69022644,-0.62268996,-0.41861287,0.031830482,1.0,0.64511895,-0.74936426,0.6235787,0.8146208,0.049744546,1.0,0.91669047,0.49610594,0.68326974,-0.8208615,-0.6948108
3aHSDH%3aHSDH%MCI8514525_1_3-oxoacyl-ACP_reductase_FabG__Lachnospiraceae_bacterium_,-0.1948145,-0.010543364,-0.7333647,0.1500683,0.4007463,1.0,-0.006567508,1.0,-0.9618055,-1.0,0.11317893,-0.50830954,-0.8325571,0.26019263,1.0,-1.0,0.55512726,-0.46829876,0.82567877,1.0,0.15964913,0.22142285,-1.0,0.6656812,0.9488271,-0.33414927,-0.29391614,0.13588278,-0.25264072,-0.38662666,-0.077109374,-0.030519646,-0.40960926,0.6556158,0.45853963,-0.73944813,-1.0,0.13855629,0.09028702,0.6845123,-1.0,-1.0,0.6220777,0.507951
3aHSDH%3aHSDH%MCM1345206_1_3-oxoacyl-ACP_reductase_FabG__Muribaculaceae_bacterium_,-1.0,0.2590512,-1.0,0.7433119,-1.0,0.43134904,0.23864329,1.0,-0.94842523,-0.40753123,-0.17796332,0.39695463,1.0,1.0,0.4647047,1.0,-0.99183565,-1.0,-0.3949844,0.9807393,-0.11892522,-0.5823648,1.0,-1.0,0.35375616,-1.0,-1.0,-0.9379539,1.0,1.0,1.0,1.0,-0.9751478,-0.86504894,0.8798284,0.71369517,0.8496382,0.4190772,-1.0,-1.0,-1.0,-1.0,-0.250191,-0.7060036
3aHSDH%3aHSDH%WP_062304377_1_SDR_family_NAD(P)-dependent_oxidoreductase__Sellimonas_intestinalis_,0.12292063,0.16515961,-0.04238903,0.6431789,0.16619357,0.7962875,-0.13343379,-1.0,-0.045239575,-0.47095236,-0.3915754,-1.0,-1.0,-0.7846206,-0.10778991,-0.69227284,0.62073904,-1.0,0.43127847,-0.937854,0.530887,-0.15581585,0.4731077,1.0,0.65344065,0.72916055,0.48146182,1.0,-0.9520693,-1.0,-0.6596827,1.0,-0.59366834,-0.31404552,-0.110572174,0.7921192,0.8182828,0.19994351,0.6974898,0.58235246,1.0,0.48207766,0.032002285,-0.18452255
3aHSDH%3aHSDH%WP_117582908_1_MULTISPECIES__SDR_family_NAD(P)-dependent_oxidoreductase__unclassified_Collinsella_,0.0988104,0.7875647,0.5231289,-1.0,1.0,1.0,1.0,-0.0657875,-0.03853017,-0.3868754,0.32421502,-0.77290046,-0.6450225,0.0052423696,-0.897605,-1.0,1.0,0.74391574,0.41385,1.0,1.0,0.46984744,0.0073882467,0.15067883,0.40513775,0.30253568,-0.98701817,-0.18738483,-0.7175392,-0.98125225,-0.46780366,0.068170965,0.6804084,-0.51977277,-0.271454,0.030499943,-1.0,0.13228643,-0.004770906,-0.09322664,-0.32260102,-0.1718788,0.68078446,-0.6753165
3aHSDH%3aHSDH%WP_226969791_1_SDR_family_oxidoreductase___Ruminococcus__lactaris_,-1.0,-1.0,0.9775151,-1.0,1.0,1.0,1.0,-1.0,0.27792382,0.08479284,-1.0,0.81085837,0.49880177,-1.0,-1.0,1.0,0.499361,0.68404394,1.0,-0.635127,-0.12093927,-1.0,-0.90400404,0.6454834,0.9908955,-0.65847534,0.6590277,-0.7749734,1.0,1.0,0.46956494,0.3128208,1.0,0.16633104,-0.20886779,1.0,1.0,-1.0,0.85540134,1.0,-0.7805814,0.84071565,-1.0,-1.0
3aHSDH%GENOME060426_131,1.0,1.0,-1.0,1.0,0.7577995,-0.1531084,0.22092752,1.0,-1.0,-1.0,1.0,-1.0,-1.0,-1.0,0.5205921,-1.0,-0.14933008,-0.11318527,-0.8851313,1.0,1.0,1.0,0.33686644,-0.3286665,0.31510648,0.07652175,0.30720228,1.0,-1.0,-1.0,1.0,1.0,-0.20523357,-0.72940254,0.310677,-1.0,-0.9347153,-0.18952112,-0.07679598,0.5029606,0.2376924,-0.47492856,1.0,0.39811382
3aHSDH%GENOME084620_3418,-0.89851946,-0.49080586,0.5983499,0.08288801,0.0761906,-1.0,-0.35650802,0.82138145,1.0,0.6337565,-0.71724665,-0.57147527,-0.71559006,-0.65356797,-0.12642007,-0.31059924,0.073777065,0.4025482,-0.22685169,0.19330615,-0.61217743,-0.30382165,-0.6575198,0.38689372,1.0,-0.096531324,-0.04720715,0.97065985,-0.74873644,-1.0,-1.0,-1.0,0.83529496,0.8549899,0.2655597,1.0,0.6639792,0.16103688,0.76322937,0.485164,0.40964904,0.13442089,-0.36504155,-0.131175
3aHSDH%GENOME084674_3322,0.32771334,1.0,-0.5610121,-0.34436193,-0.4818993,0.8461766,0.6535323,1.0,-0.7951216,-1.0,0.8909039,-0.39310166,-1.0,0.019458355,-0.35862455,-0.99791956,-0.49036855,-0.50969344,-0.52029955,1.0,0.69331557,1.0,1.0,-0.72874975,0.26763302,-0.4946545,-1.0,-0.16477944,-1.0,-1.0,0.5519198,0.8308362,-0.6639291,-0.1596328,1.0,-0.17283599,0.8818661,0.82059467,-0.50593555,-1.0,-0.26466876,0.13858974,0.7442469,-0.39945242
3aHSDH%MBQ9141038_1_SDR_family_oxidoreductase__Lachnospiraceae_bacterium_,-0.97026634,-0.5190886,-0.6718944,0.68998563,-1.0,-0.4124968,-0.936063,0.18943934,0.22247641,0.46629265,0.58427984,1.0,1.0,1.0,0.69462645,0.8209094,-0.6144444,-1.0,-0.6167314,0.33005264,-0.9906412,-0.05594846,-0.0036899913,-0.6314147,-0.54045576,-0.71176004,-1.0,-0.5721043,1.0,1.0,1.0,1.0,-1.0,-0.5358445,0.17271546,0.07803364,-0.4674935,0.52084386,-1.0,-1.0,-0.7617087,-0.23666872,-0.5714801,0.15637732
3aHSDH%MCI8931631_1_SDR_family_oxidoreductase__Lachnospiraceae_bacterium_,1.0,1.0,-0.21732554,-0.34214538,0.7251357,1.0,0.043653533,-0.4202998,-1.0,-0.90201604,1.0,-0.521318,-1.0,0.380841,0.83214706,-1.0,0.703247,-0.94915754,-1.0,-1.0,-0.07797797,1.0,0.14459763,0.8493235,-1.0,0.405847,0.36133012,-0.30204237,0.36958846,-0.33489025,1.0,1.0,-0.93049544,-0.46062315,-0.02820529,-0.674303,-1.0,-0.1312392,-0.34063777,-0.7228862,-0.5092518,-0.740331,0.9616661,1.0
3aHSDH%MCM1266841_1_3-oxoacyl-ACP_reductase_FabG__Bacteroidales_bacterium_,1.0,0.15208267,-0.22626162,-0.51065457,0.30820376,0.59044755,1.0,-0.5427317,0.26342836,-0.55703473,-0.16599381,1.0,1.0,0.3458249,-0.95947754,-0.3711214,0.47421464,0.6124999,-0.056391757,-0.31228492,-0.11928685,-0.31386864,-0.22555341,1.0,-0.7384819,1.0,0.40867254,-0.11645992,0.4078947,0.16978689,-0.144911,-0.6267231,0.13063958,0.49823463,-1.0,-0.78672135,-1.0,0.45346284,0.05986294,-1.0,-0.44891092,-0.5747399,0.42977324,0.5575039
3aHSDH%MCR4878926_1_SDR_family_NAD(P)-dependent_oxidoreductase__Bacteroidales_bacterium_,-1.0,-0.61703044,-0.13733509,-0.05325147,-0.60819185,0.6099835,-0.3754237,1.0,-0.48460308,-0.6706014,-1.0,0.9834024,1.0,1.0,1.0,1.0,-0.468988,0.14187539,-0.24913922,0.1490471,-0.80822533,0.20759743,-1.0,1.0,1.0,-1.0,1.0,1.0,1.0,1.0,0.89157796,1.0,-0.756209,-1.0,-0.13655096,-1.0,-0.6884218,-1.0,-0.52846414,1.0,0.038289938,-0.8749097,-0.05533472,0.122027196
3aHSDH%MDE7008868_1_3-oxoacyl-ACP_reductase_FabG__Lachnospiraceae_bacterium_,0.3115636,-0.35853577,0.9527489,-0.40632495,-0.27074382,1.0,0.69901043,-0.017322896,0.02635247,-0.23132284,-1.0,1.0,1.0,1.0,1.0,1.0,-1.0,1.0,-0.36875942,0.16245562,-1.0,-0.8679883,-0.7225863,0.23064426,1.0,0.08158711,-0.024313034,0.42160812,1.0,1.0,0.77854455,1.0,0.20506844,-0.273486,-0.46563938,-0.008407354,0.45127237,-1.0,-0.4899213,-0.65636146,-0.89328516,0.7667653,-0.520048,-1.0
3aHSDH%MDE7282987_1_SDR_family_oxidoreductase__Lachnospiraceae_bacterium_,0.76367694,0.96813834,-0.08003576,-1.0,-1.0,-1.0,-0.7437393,0.14564326,0.65111154,0.3160746,1.0,1.0,1.0,1.0,0.5360585,1.0,-0.9401057,-1.0,-0.99676263,-0.1994175,-1.0,1.0,-0.22884318,-0.014619989,1.0,-1.0,-0.5238985,-1.0,1.0,1.0,1.0,1.0,-1.0,-1.0,-0.25362375,-1.0,-1.0,-0.3912742,-1.0,-0.9122487,0.5368494,-0.20448546,0.8360027,0.18680917
3aHSDH%MDE7415347_1_SDR_family_oxidoreductase__Lachnospiraceae_bacterium_,-0.112756334,1.0,-1.0,1.0,-1.0,-0.3693536,-0.59184617,1.0,-1.0,-1.0,1.0,-1.0,-1.0,0.36624482,1.0,-1.0,-1.0,-1.0,-0.09521458,1.0,0.73550504,1.0,1.0,-0.962683,-0.3699963,-0.65855145,-1.0,1.0,-1.0,-1.0,1.0,1.0,-1.0,-1.0,1.0,0.4895258,-0.04611716,0.6985027,-1.0,-0.8196106,-1.0,-1.0,1.0,1.0
3aHSDH%NBI02399_1_3-oxoacyl-ACP_reductase_FabG__Lachnospiraceae_bacterium_,0.45695198,-1.0,1.0,-0.47071442,1.0,-0.069692954,-0.072367,-1.0,1.0,1.0,-0.7278617,1.0,1.0,-0.8553679,-0.6464039,0.75086004,1.0,0.7961506,0.50041324,-1.0,-1.0,-1.0,-1.0,1.0,-0.82321286,0.7141029,0.63501,-0.438481,1.0,1.0,-1.0,-0.87256384,0.7476399,0.6463474,-0.6825082,0.4882821,-1.0,0.8297992,1.0,1.0,1.0,1.0,-1.0,0.4915732
3aHSDH%WP_044950032_1_SDR_family_NAD(P)-dependent_oxidoreductase__Mediterraneibacter_gnavus_,-0.7487163,-1.0,1.0,-1.0,1.0,-1.0,0.8082045,-1.0,1.0,1.0,-1.0,1.0,1.0,-1.0,-1.0,1.0,1.0,1.0,0.7519951,-1.0,-1.0,-1.0,-1.0,1.0,-1.0,1.0,0.7780418,-1.0,1.0,1.0,-1.0,-1.0,1.0,0.7033818,-1.0,1.0,1.0,-0.5758346,1.0,1.0,1.0,1.0,-1.0,-1.0
3aHSDH%WP_104968339_1_3-oxoacyl-ACP_reductase__Streptococcus_pluranimalium_,-1.0,-1.0,-0.19606093,0.30381438,0.61163765,1.0,1.0,-1.0,-0.4874969,-0.14587821,-0.8281255,0.34196034,0.1837447,-0.53185165,-0.40385807,0.034721483,0.47608486,0.85540855,0.35557663,-0.88276815,0.010082663,-1.0,-0.9588032,-0.044220563,-1.0,1.0,0.60973257,-0.2217655,-0.031623717,0.23180798,-0.7697676,-1.0,0.53009486,0.4912642,-0.14331988,1.0,1.0,0.7005246,0.68538773,0.57253146,-1.0,-0.4568083,-1.0,0.68528026
3aHSDH%WP_109137584_1_SDR_family_oxidoreductase__Bifidobacterium_catulorum_,0.66283107,0.65490645,-0.37087667,0.33053693,-0.32559273,-0.2326967,-0.6162895,-0.4878386,0.06571148,-0.34356612,0.46709082,1.0,1.0,1.0,0.2843388,1.0,0.012651386,-1.0,-1.0,-0.23410326,-0.80624336,0.37173373,1.0,-0.7842792,0.36243236,-1.0,-1.0,-0.37164623,0.553989,1.0,1.0,0.7431946,-0.70429045,0.032810993,0.34956065,-1.0,-0.95324767,0.00015284483,-1.0,-1.0,-0.010590325,0.14412871,0.5732628,-0.11398595
3aHSDH%WP_117562420_1_SDR_family_NAD(P)-dependent_oxidoreductase__Enterocloster_aldenensis_,-0.66258013,-0.94348925,1.0,0.30865493,1.0,-1.0,1.0,-1.0,0.3184818,0.43577668,-1.0,-0.7428172,-0.28974187,-1.0,-0.7590711,0.11156846,1.0,0.8529599,0.93128246,-0.7314518,-0.71347874,-0.82504976,0.104202576,1.0,-0.98900425,1.0,-0.14989026,-0.275008,0.19483173,-0.038941707,-0.50455576,-0.34047753,1.0,0.29121572,-1.0,1.0,1.0,-1.0,1.0,0.87105453,-0.25276768,1.0,-0.68747175,-0.48562682
3aHSDH%WP_182279434_1_SDR_family_NAD(P)-dependent_oxidoreductase__Collinsella_intestinalis_,-0.15520576,0.30508223,0.11361201,-0.43842363,0.17412074,0.8230019,0.6949134,0.14004727,0.45610392,0.28191593,0.6475244,0.6344057,0.9893729,0.17605631,0.30331793,-0.16417964,0.20142575,-0.2567151,0.46319583,-0.07398687,-0.05733155,0.571861,-1.0,-0.14583124,1.0,-0.100180574,0.20841531,-0.4122485,0.652452,0.80831367,0.2410362,1.0,0.7871641,0.2512726,0.28939554,-1.0,-1.0,-0.86208457,0.24646994,0.38993925,0.11566693,-0.6071734,0.5069066,-0.9398372
3aHSDH%WP_377204125_1_MULTISPECIES__SDR_family_oxidoreductase__unclassified_Pseudarthrobacter_,-0.2820272,-0.54396415,0.7024729,-0.78033847,1.0,-0.35514978,1.0,-0.24845025,0.50846875,0.6103751,-1.0,1.0,1.0,-0.11919114,-0.35991928,1.0,0.9381017,0.75436133,1.0,0.11708163,-0.80615675,-0.5905633,-0.84081036,-0.3820024,-0.7249417,0.9995563,0.44137412,-0.22581796,1.0,1.0,-0.7568306,-0.5219081,-0.030289313,-1.0,-0.82093036,1.0,1.0,-0.34592092,0.7512965,0.117104426,0.079145655,0.80414855,-0.049450934,-1.0
3aHSDH%WP_427737837_1_SDR_family_NAD(P)-dependent_oxidoreductase__Bariatricus_sp__SGI_154_,1.0,-0.4067848,1.0,-0.4905748,0.2534736,0.364213,1.0,-0.651916,0.55793583,0.28009477,0.11302298,0.19227044,-0.07857984,0.3273438,-0.41521096,0.26166725,0.33333537,1.0,0.8080975,-0.59583104,-0.7048142,0.30557096,-1.0,-1.0,-0.46380126,0.26185942,-0.7216094,-0.051035967,1.0,0.7336936,0.6177869,-0.63450164,0.07536486,-0.72155696,-0.29955852,-0.31558195,0.60741645,0.13265158,-0.12654325,0.46058622,0.51472205,0.7018586,0.3797106,-0.802364
3bHSDH%GENOME124823_1686,1.0,0.064518854,0.3551298,-0.273427,-0.10947282,-0.32776478,-0.88687915,-0.5531858,0.6819854,1.0,-0.35495067,-0.112050325,0.88028264,-0.59746754,-0.76485264,0.11027672,0.06871211,-1.0,0.015559347,-1.0,-0.0960113,-0.33613056,0.27410513,-0.5509974,-1.0,-0.8014406,-0.32216874,-1.0,-0.8914718,-0.20796299,-1.0,-1.0,-0.022045068,0.8649501,0.69440824,0.5659526,1.0,0.3486411,-0.8875995,-0.8679215,0.75897944,0.15526247,-0.022412587,0.48467162
3bHSDH%MBS6646402_1_glucose_1-dehydrogenase__Clostridiaceae_bacterium_,0.2399221,-1.0,1.0,0.2619159,1.0,-1.0,0.39094284,-0.5064468,1.0,0.9963588,-1.0,0.35641688,0.53209054,-1.0,-0.9718456,0.105971776,0.11349386,1.0,0.28513062,-1.0,-0.13095678,-1.0,-0.82132995,0.068469785,-1.0,1.0,0.48062772,-0.6059986,1.0,0.9390756,-0.45026952,-1.0,0.91815794,-0.044593975,-0.7308722,0.41429844,0.7698405,0.32496762,1.0,0.13266441,-0.031507596,1.0,-0.84929127,-0.36402962
3bHSDH%WP_100933575_1_SDR_family_NAD(P)-dependent_oxidoreductase___Clostridium__innocuum_,1.0,-1.0,1.0,-1.0,1.0,-0.10930664,1.0,-1.0,1.0,1.0,-1.0,1.0,1.0,-1.0,-1.0,0.7524324,1.0,1.0,1.0,-1.0,-1.0,-1.0,-1.0,1.0,-1.0,1.0,1.0,-1.0,1.0,1.0,-1.0,-1.0,1.0,0.6759578,-1.0,1.0,1.0,-1.0,1.0,1.0,1.0,1.0,-1.0,-1.0
5AR%GENOME006039_2690,-0.2756876,-0.15051074,0.5596197,-0.7437493,0.3036833,-0.12759216,0.8549055,-0.33683556,0.52320457,0.2197743,-0.2508714,0.66474324,0.52951854,0.18168172,-0.6194984,-0.2797014,-0.13946204,1.0,0.71137714,-0.3540613,-0.55549765,-0.51943856,-0.13140436,0.7596796,-0.6016698,0.029053811,-0.3437948,-1.0,0.5219565,0.8368344,0.053067848,-0.9180946,0.48429498,0.87236136,-0.1531146,-0.19657072,0.2894892,-0.75186574,-0.07977901,-0.3020586,-0.8495679,0.77424,-0.90307975,-0.5031867
5AR%GENOME012336_2253,1.0,1.0,-0.9781056,0.68425477,-0.8245373,-0.40957987,-0.33339462,1.0,-1.0,-0.79951614,0.66087645,-1.0,-1.0,0.4566972,1.0,-0.22395068,-0.26010895,-1.0,-1.0,0.9943658,1.0,0.9550533,0.047813382,-1.0,-0.54720914,-0.27710325,-0.48379293,1.0,-1.0,-1.0,-0.9780499,-0.7953141,-1.0,-0.5284148,1.0,-0.24229185,-0.280777,1.0,-1.0,-0.44334126,1.0,-0.743954,1.0,1.0
5AR%GENOME013886_753,-0.9369895,0.27308178,-0.48918188,1.0,-0.95530295,-0.02703938,-0.8838446,0.5986443,-0.33003822,-0.25450635,0.12324976,0.37186822,0.2927851,1.0,1.0,0.32435587,-1.0,-1.0,-0.48950008,0.35261017,0.8042115,0.074160375,1.0,0.42466068,0.36531475,-1.0,-1.0,-0.8881955,-0.39073467,-0.68819934,-0.0801902,-0.39501747,-0.8293786,1.0,1.0,-0.5492273,-0.7878019,0.12036466,-0.71880424,-1.0,-0.8313416,-0.39068273,-0.040822502,0.42843705
5AR%GENOME021742_2120,0.9263879,0.5114713,0.1539763,-0.91342944,0.71797174,0.76418394,-0.5597133,-0.6326075,0.843417,0.5178612,0.6890772,1.0,0.9946162,0.11723915,-0.36916465,-0.59132,0.6427373,0.077668324,0.2858933,-0.13780041,-0.626993,0.2873061,-1.0,-0.22466162,1.0,-0.6947364,0.75707084,-0.29598588,1.0,1.0,0.50913846,0.42257598,0.28457606,0.28131244,-0.3446486,-1.0,-0.24881397,-0.7968992,0.080449626,-0.086165704,0.66703856,-0.013486483,0.49140573,-0.4910699
5AR%GENOME078645_81,-0.33593196,-0.0953773,0.26065588,-0.5010911,-0.21347447,-1.0,-1.0,-0.1767315,0.6927734,0.51497865,-0.92203623,0.044394113,0.05047072,0.34081036,0.43721482,0.27474985,-0.28098494,0.046054523,1.0,-0.68812263,-1.0,-0.45841628,-0.93173945,1.0,-0.17639217,0.058459714,0.75231236,-0.5423098,0.14091477,0.17641617,-0.3667509,-0.48189726,-0.036065813,0.62935144,-1.0,0.42568842,-0.7115955,-1.0,0.35791185,1.0,0.81987476,-0.28767133,-0.07820538,1.0
5AR%GENOME084343_2181,-1.0,-1.0,1.0,-0.773178,0.80759454,-0.5779032,-0.8744569,0.615801,1.0,0.98731416,-1.0,0.38406682,0.25987393,-1.0,-1.0,0.8412584,0.49032757,0.6286423,1.0,-0.96100503,-0.9458604,-1.0,-1.0,1.0,0.167981,-0.3230856,0.67434084,-0.11631285,-0.18928309,0.4334339,-1.0,-1.0,1.0,1.0,-0.93427396,0.028789466,-0.073075555,-1.0,1.0,1.0,0.827761,0.6606028,-1.0,0.22388808
5AR%GENOME107567_81,0.4878458,0.06682842,0.019156888,-0.82512724,0.68711996,0.9812308,0.7546933,-1.0,0.37899163,0.052294,0.24730101,0.60924137,0.40737492,0.5431612,-0.48895386,0.324406,0.8385181,0.22820795,1.0,-0.21699902,0.023818845,0.075373955,-0.84466845,0.5305069,0.18005876,0.3596514,0.10499595,0.44268805,0.39906684,0.516867,0.77310723,0.75928366,0.2526656,0.048155405,-0.00723379,-1.0,-0.6999039,-0.33585614,-0.2233089,-0.063028775,0.5260587,-0.007955119,0.1609488,-0.6904139
5AR%GENOME140582_2251,-0.21994539,-0.84381944,1.0,-1.0,0.16196175,1.0,-0.013823526,-0.4680317,1.0,1.0,-1.0,-0.08475888,0.23269877,-0.4497423,-1.0,0.77551794,-0.36855802,-0.5488441,1.0,-1.0,-0.8594733,-0.7007888,-1.0,1.0,-0.62508637,0.34163228,0.0077802115,0.9198738,-0.24900395,-0.8491641,-1.0,-1.0,0.74000335,1.0,-0.9021876,1.0,0.49944645,-0.6109287,0.9818742,1.0,1.0,1.0,-0.82870567,0.30102795
5AR%GENOME142018_414,-0.26387036,0.49179208,-0.9328496,0.55922496,-1.0,-0.9587515,-1.0,0.6188793,-1.0,-1.0,1.0,-0.8743322,-0.68970555,1.0,0.77357346,0.120234236,-1.0,-1.0,0.18097326,0.82765955,0.7222687,1.0,1.0,-1.0,1.0,-1.0,-1.0,0.69910437,-0.86726284,-0.82367116,1.0,1.0,-0.5987284,-0.3806825,1.0,-1.0,-0.7641987,0.62895286,-0.9511732,-0.2368331,0.28117663,-0.9561277,0.9179464,0.27073774
5AR%GENOME170052_106,0.2176475,1.0,-1.0,1.0,-1.0,0.012850636,-1.0,1.0,-1.0,-1.0,1.0,-1.0,-1.0,0.8491462,1.0,-0.39101323,-1.0,-1.0,-0.63622427,1.0,0.65820354,1.0,1.0,-1.0,0.89002043,-1.0,-0.91310984,0.9476992,-1.0,-1.0,0.7234643,0.7442606,-1.0,-1.0,1.0,-1.0,-0.81340724,0.69979376,-1.0,-0.25148752,-0.49625832,-1.0,1.0,1.0
5AR%GENOME179594_130,-0.20383751,-0.8037085,-0.61369866,-0.18180588,1.0,0.49472502,1.0,0.7758787,0.37479293,0.319532,-0.7537702,1.0,0.40570962,-0.48160884,-1.0,-0.85327727,0.7552325,0.70099723,-0.48928642,-0.4351341,0.16866562,-1.0,-0.07118893,0.01644797,-1.0,0.95004356,0.11809666,-1.0,1.0,0.8510275,0.90646684,0.2211986,-0.20268498,0.39061087,-1.0,0.47147626,0.7555122,1.0,0.389695,-1.0,-1.0,-0.7007273,-1.0,-0.33517694
5AR%GENOME179896_434,-1.0,-0.87151325,-0.62746596,0.7010039,0.6537652,1.0,0.67655015,1.0,-1.0,-0.78060853,-1.0,-0.0060091517,-0.38845488,-0.85126394,-1.0,-0.56275797,0.61861575,0.27816224,0.87638175,-0.015663365,0.32442912,-1.0,1.0,-0.02115901,-0.14707392,0.8346625,0.50588435,1.0,0.35749498,0.14514345,-0.14515182,-0.09996888,1.0,0.98967725,0.78969336,0.16778222,0.5641534,-0.07409789,0.49245968,-0.975335,-1.0,-0.045653563,-1.0,-0.5848489
5AR%HIU55603_1_DUF1295_domain-containing_protein__Candidatus_Gallibacteroides_avistercoris_,-0.5208027,0.113231726,-0.75491446,0.066270106,-0.82442343,0.22388357,0.31650165,-0.7298002,-0.6515412,0.56860423,-0.5831595,1.0,1.0,0.9660487,0.9911906,1.0,-0.54140353,-1.0,-0.9543806,-0.12566987,-0.6298578,-0.059509102,-0.31131306,-1.0,-0.117856644,0.5734089,-1.0,-0.36794877,0.85782695,1.0,1.0,0.07051218,-0.29598653,0.08213978,-0.025522191,0.37626758,-0.17143442,0.54758066,-0.13536575,-0.9356692,-0.51480967,-0.63284457,0.050893422,-0.04271352
5AR%MBD5276024_1_DUF1295_domain-containing_protein__Bacteroides_sp__,-0.026763402,-0.93976325,0.17115813,-0.03892516,1.0,0.62656695,0.86511564,-0.4248354,0.21944208,0.51384,-0.071472965,1.0,0.12915525,-0.05784538,-0.855178,-0.06200033,1.0,-0.1183063,0.41638258,-0.81550014,-0.2564834,-0.41408947,-1.0,0.72454685,-0.6553788,-0.055458605,0.70732754,-1.0,0.85918933,0.6007914,-0.08264671,-0.9790685,1.0,0.007951909,-1.0,0.8273088,-0.8829315,0.29619098,0.94513357,0.18240888,-1.0,-1.0,-0.4243348,0.25905803
5AR%MBP3601379_1_DUF1295_domain-containing_protein__Alistipes_sp__,1.0,0.90063995,-0.0043126526,0.3821639,0.27023587,0.28393492,-1.0,-0.19493853,0.4825858,0.11504313,1.0,0.12435527,-0.20039043,0.4815017,0.5068814,0.0006900795,0.2514735,-0.38764453,-1.0,0.39686683,0.15590315,0.74389064,-0.21698326,-0.56941855,-0.3747477,0.41188577,0.6719224,0.8065205,-1.0,-0.43138924,-0.0011123876,0.024131205,-0.97459453,-1.0,0.014801313,-0.6317992,-0.41313434,0.3900186,0.32608914,1.0,1.0,-0.110548995,0.46467268,0.52962154
5AR%MBQ1253485_1_DUF1295_domain-containing_protein__Alistipes_sp__,1.0,1.0,-1.0,-0.48941308,0.8162441,1.0,0.40043914,0.55792356,-1.0,-0.959721,1.0,-0.13097443,-0.9738468,0.32586244,0.5119126,-1.0,1.0,-1.0,-0.92025095,0.3140042,0.0552631,1.0,0.31481388,-0.8518241,-0.82316905,-0.03398617,-0.5511437,-0.029697789,-0.41997036,-0.7804972,-0.37660095,-0.31355965,-1.0,-1.0,0.36034802,-0.45562688,-1.0,1.0,-1.0,-0.22514053,0.17622226,-1.0,1.0,1.0
5AR%MBR4740186_1_DUF1295_domain-containing_protein__Bacteroidales_bacterium_,-1.0,-0.46106857,0.0687577,0.032595783,0.8713716,1.0,0.21464986,-0.9317623,-0.01686888,0.08169644,-0.4266251,0.32201806,0.38494974,0.23090205,1.0,0.24706323,0.29747307,0.48253348,0.33833843,-0.5053632,-0.6336398,-0.2111083,-0.06729717,0.53796244,-0.8460482,-0.53170556,0.9598044,0.2462848,-0.37243414,0.063753486,-1.0,-0.38689223,0.6382247,-1.0,0.25555947,1.0,0.7562676,-1.0,-0.09961169,0.41460636,-0.46057358,0.29059404,0.17750777,0.052458934
5AR%MCH5217706_1_DUF1295_domain-containing_protein__Muribaculaceae_bacterium_,-0.15994006,-0.14831689,0.21685451,-0.6389351,0.24889915,-0.15262026,-0.71142477,0.049201082,0.8994659,1.0,-0.35484174,1.0,1.0,0.81600344,0.18593553,1.0,0.06955348,-0.5708127,-0.8378673,-0.6871237,-1.0,0.39066768,-0.34933403,0.017419644,0.16693154,-0.7308567,-0.4075689,-0.8106799,0.9827808,1.0,0.19224508,-0.25632447,0.6075621,1.0,0.31081414,-0.37071973,-1.0,-0.5677673,-0.65515554,-0.33634064,1.0,0.22587426,-0.07571149,0.08210904
5AR%MCQ2341803_1_DUF1295_domain-containing_protein__Paludibacteraceae_bacterium_,1.0,0.5332013,-0.09475185,0.022733195,-0.20213397,0.80738515,-1.0,-0.4155368,-0.08349278,0.6477266,-0.07999735,0.07911595,0.7684472,0.18524238,0.088534735,1.0,-0.16820236,-0.103001945,-0.73982507,-1.0,-1.0,0.19636644,-1.0,-0.047702115,1.0,-0.28740886,0.8309602,0.087470554,1.0,1.0,0.45681638,1.0,0.10638503,-0.3625258,-0.68949616,0.08027509,-0.09422191,-0.5012273,0.52580243,1.0,1.0,-1.0,0.60532504,1.0
5AR%MCR5660240_1_DUF1295_domain-containing_protein__Bacteroidales_bacterium_,0.42354983,1.0,-0.39981464,0.55182195,-0.54645526,-1.0,-1.0,1.0,-0.27534652,0.0007249144,0.68278915,-0.44986308,-0.6257972,0.71073526,0.244361,-0.25287035,-0.8918225,-0.39523637,-0.8226164,0.7670312,0.89666307,0.5591168,1.0,-0.78155744,0.12581865,-1.0,-1.0,0.119510405,-0.57198155,-0.7248127,0.93003863,0.5662272,-0.43784857,-0.39396763,0.6149689,-0.887945,-0.7604216,0.5491785,-0.49211723,-0.38366014,0.49063143,-0.19556001,0.68698514,0.78364426
5AR%WP_005657188_1_DUF1295_domain-containing_protein__Bacteroides_stercoris_,-0.15176722,0.014452825,-0.7120337,-0.3024469,-0.15767267,-0.6931517,1.0,0.49145907,-0.8006101,-1.0,-0.19357039,0.2070272,0.4096843,0.3446786,0.6575524,-0.57703346,0.063436046,-0.72785383,-0.4284803,0.31575385,0.09749616,-0.13220666,0.31019348,-0.73704517,-0.5084452,1.0,-0.23367743,0.0040928447,0.36603963,0.32954156,-0.9245551,-1.0,-0.517517,-1.0,-1.0,1.0,0.7303357,-0.16882962,0.8838428,-0.1512537,-0.71329707,-0.45964772,0.32304096,0.15695244
5AR%WP_149192684_1_MULTISPECIES__DUF1295_domain-containing_protein__Bacteroidaceae_,-0.93007517,0.21285048,-0.7396574,1.0,-1.0,-0.005266895,-1.0,0.78555465,-1.0,-0.8304468,0.55226743,-0.81065726,-1.0,-0.82554775,0.9175072,1.0,-0.62856954,-0.34497285,-1.0,-0.4648777,-0.45348006,0.29943922,0.2752917,-1.0,0.6940844,0.118477695,-0.56327343,-0.39680684,-0.40395933,-0.17003147,0.75421727,1.0,-0.6920196,-1.0,1.0,1.0,0.8409478,0.776055,-0.707905,0.06910025,-0.1545686,-0.15180844,0.36285362,0.42572233
5AR%WP_300108487_1_DUF1295_domain-containing_protein__uncultured_Alistipes_sp__,-0.9647995,-0.86653286,0.56304926,-0.043197755,0.050556943,-0.47544235,-0.874225,-0.43869668,0.58420044,0.40316805,-0.9205252,1.0,1.0,0.37143502,-0.45390633,1.0,-0.008508746,0.4653044,1.0,-1.0,-1.0,-0.69674724,-0.76274484,0.80741847,0.39982024,-0.1568051,0.9000171,-0.71552444,1.0,1.0,-0.62878984,-1.0,0.02313511,0.2394933,-1.0,0.6153918,-0.76926774,-1.0,0.27647522,-0.27114692,-0.47775832,-0.7050475,-0.29581305,1.0
5AR%WP_302729833_1_DUF1295_domain-containing_protein__Bacteroides_sp__ET489_,0.9863671,1.0,-1.0,-0.22708888,-0.9712966,1.0,-0.7484024,0.95486873,-1.0,-1.0,1.0,-1.0,-1.0,1.0,0.73124945,-1.0,-0.9069312,-1.0,-0.6488257,1.0,1.0,1.0,1.0,-0.13804373,1.0,-1.0,-1.0,-0.48024172,-1.0,-1.0,1.0,1.0,-1.0,-0.30960202,1.0,-1.0,-1.0,0.6971792,-1.0,-0.7742483,-0.15300256,-1.0,1.0,1.0
5AR%WP_346709278_1_DUF1295_domain-containing_protein__Phocaeicola_salanitronis_,-0.2084221,-0.32738516,0.20150349,0.120236956,0.6621894,-0.45699665,0.7249087,-0.3738485,0.38606116,0.34689942,-0.69345814,0.5376742,0.37042573,-0.53202194,-0.7723789,0.38148132,0.1698612,1.0,0.5428075,-0.41305038,-0.44248787,-0.56030345,0.2601948,0.77105355,-0.39394557,1.0,0.02738066,-0.49411973,0.27362162,0.4791626,-0.43125394,-1.0,0.97146636,-0.0011161098,-0.34720287,0.46754986,0.9758262,-0.77804345,0.40821695,-0.343113,-0.8629828,0.45817754,-0.40166444,-1.0
5AR%WP_418203978_1_DUF1295_domain-containing_protein__Bacteroides_sp__,-0.30613336,0.45439592,0.2004306,-0.5975382,-0.22722197,-0.43233138,-0.008825925,0.1475229,0.4200832,-0.20569085,-0.3252982,0.24979709,-0.43177924,-1.0,-0.66700745,0.7568923,-0.2882061,0.4064938,-0.94178915,0.29609263,1.0,0.16842858,0.6917845,0.23572262,0.6739708,1.0,0.58810735,0.80073947,0.09769793,0.046107426,0.26262653,-0.50161797,0.5096979,0.12987089,-0.80760026,0.035275195,0.41569698,0.29398775,1.0,1.0,0.3451293,1.0,0.008743639,-1.0
5BR%CAK7070565_1_MAG__NADPH_dehydrogenase__Parabacteroides_sp__,-0.18017317,0.6165851,-0.46454227,-0.3796821,0.3806731,1.0,1.0,0.48560327,-0.56457835,-0.70502836,0.08475713,-0.81929886,-0.84589714,-0.044017814,-0.44604033,-0.4806096,-0.20848322,-0.2261656,-0.21988006,0.17363304,0.58080083,0.3599629,-0.040887177,-0.26432762,-1.0,-1.0,-0.9563152,0.23967203,-0.9201931,-0.45609528,-0.12079454,-0.5042944,-0.096957885,-0.27743796,-0.050366994,-0.35296568,0.30115706,0.8366072,-0.84876853,0.6669539,1.0,-0.36292857,0.62598383,0.57737124
5BR%GENOME006024_4796,0.66496545,-0.033601724,0.43308496,0.30312273,-0.97016984,0.028938126,-0.10029493,-0.14428249,0.8271388,0.9157898,-0.6765914,1.0,0.7366209,-0.15927057,-0.5129806,-0.49960092,-0.3164104,0.67555416,1.0,0.39544103,-0.3885484,-0.5416868,0.47563747,-0.4803345,-0.7556688,-0.41899905,-0.9433611,-1.0,1.0,1.0,1.0,0.6147141,-0.01989455,-0.19144456,-1.0,-0.5327221,0.3914846,0.17064433,-0.33991155,-0.2578556,0.37981027,0.42783797,-0.59068096,-0.89456254
5BR%GENOME006521_2122,-0.19662362,-0.014472505,-0.36664218,0.560442,-1.0,-0.8340175,-0.8448468,0.34353292,0.20502618,0.2231919,0.068871655,0.9418978,1.0,1.0,0.4383863,1.0,-0.881043,-0.33207348,0.04041455,-0.077640645,-1.0,0.3515971,0.87897927,-0.044085234,0.43464646,-0.23431768,-1.0,-0.9597505,1.0,1.0,0.98827,0.6246937,0.010858994,-0.71340597,0.73641115,-0.7195187,-0.92633134,-0.95084804,-0.93820095,-0.3552969,0.093111835,-0.33633587,-0.14155217,-0.2377825
5BR%GENOME141824_1849,-0.5487581,-1.0,0.78173697,-1.0,0.43533075,-0.43329632,1.0,-1.0,0.9818275,0.73361003,-1.0,1.0,1.0,-1.0,-0.5848064,0.03439681,0.37388262,1.0,0.57379794,-0.8191299,0.5251959,-1.0,-0.70892966,0.41635004,-0.44771296,0.7732576,1.0,-1.0,1.0,1.0,-0.736076,0.08075151,1.0,0.2782904,-1.0,0.9042359,0.6139985,-0.15864342,1.0,-0.6013039,-1.0,0.5340405,-1.0,-0.32560694
5BR%HIX74022_1_NADH_flavin_oxidoreductase__Candidatus_Parabacteroides_intestinipullorum_,-0.10794347,0.6391549,-0.24783157,0.58190644,-1.0,-0.16626063,-0.9569686,1.0,0.41993758,-0.34569255,0.89331454,-0.051708143,-0.00341602,1.0,1.0,-0.08329065,-1.0,-0.20808432,-0.6624198,1.0,0.55756015,0.8825784,0.940015,-0.76676065,0.23574033,-0.33673474,-0.89384216,0.39392856,0.025710799,-0.38463023,0.5377411,0.006328881,-0.97056377,-0.3149594,0.65107983,-0.9875993,-0.48628035,-0.56209445,-1.0,-0.5530625,-0.06799779,0.22046371,0.79731333,-0.66719264
5BR%MBO4402754_1_NADH_flavin_oxidoreductase__Bacteroidales_bacterium_,-1.0,-0.4600921,-0.8024248,0.19183965,-1.0,-1.0,-0.7538774,-0.25972554,-0.11888153,-0.5889196,0.7468206,1.0,1.0,1.0,0.7138421,0.7745527,-1.0,-0.70747566,-0.24223724,-0.4837323,-1.0,0.3260606,1.0,-0.89690274,1.0,0.65156,0.55330914,-0.81703085,1.0,1.0,1.0,1.0,-1.0,-1.0,-0.16033024,0.2668012,0.6292808,0.49073544,-0.35417885,-0.8574285,-1.0,0.4136843,-0.1516976,-0.19815123
5BR%MBO7234306_1_NADH_flavin_oxidoreductase__Paludibacteraceae_bacterium_,1.0,1.0,-0.82822454,1.0,-1.0,0.36037326,-1.0,1.0,-1.0,-0.47567227,1.0,-0.60976565,-0.3175624,1.0,1.0,-0.636604,-1.0,-1.0,-1.0,1.0,1.0,1.0,1.0,-1.0,-0.66781217,-0.75886273,-1.0,1.0,-1.0,-0.9871518,0.7730912,0.22873022,-1.0,-1.0,1.0,-0.61833185,-0.9201126,0.8171562,-1.0,-0.88464713,0.47410506,0.20339243,1.0,0.8186858
5BR%MBO8446450_1_NADH_flavin_oxidoreductase__Candidatus_Enterocola_intestinipullorum_,-0.25870195,-0.3696963,0.18353349,-0.92793125,0.54782027,0.09847045,0.5798837,0.147525,0.13207267,-0.19147807,-0.646193,1.0,0.4977079,-0.21074112,-0.7867294,0.07593928,1.0,0.24627553,-0.742039,0.14382976,-0.0052362788,-0.6454513,-0.24244885,-0.11126987,-0.8117624,0.4521887,0.21789874,-0.8167652,0.8984876,0.80760354,-0.6097886,-0.9055105,0.13247049,0.031182857,-0.16283762,0.21728112,0.5782053,0.6961988,0.8774159,-0.2710573,-0.02764768,0.09785614,-0.24796486,-0.45026568
5BR%MBQ8101082_1_NADH_flavin_oxidoreductase__Paludibacteraceae_bacterium_,-0.37493703,0.079102285,-0.75032943,0.9823268,0.53685975,0.0870916,0.8368411,0.5436877,-1.0,-0.6267889,0.65292245,-1.0,-1.0,-1.0,0.19315194,-1.0,1.0,0.5233571,-0.39769322,0.44813716,1.0,0.34907794,0.61574113,-0.26688063,-0.6045448,0.5011186,1.0,0.28914568,-1.0,-1.0,-0.8006239,-0.28910065,-0.13898493,0.12228727,-0.019329404,0.3914203,0.18591116,0.9453834,0.1954532,1.0,-0.39664137,-1.0,-0.020270111,0.27118298
5BR%MCD8287651_1_NADH_flavin_oxidoreductase__Porphyromonadaceae_bacterium_,-0.64545953,0.10736437,-1.0,0.4838658,0.3653503,-0.022884626,1.0,0.36098668,-1.0,-1.0,0.07591509,-0.7166273,-1.0,-0.8251234,0.11155907,-1.0,0.73427045,0.33005664,0.9866911,0.78455293,1.0,0.45224604,1.0,-0.17922309,-0.30545774,-0.052032664,-0.7088871,-0.16339383,-0.01539489,-0.0750333,-0.57606214,-0.31710294,-0.05019762,-0.8369014,0.12420258,0.47096527,0.7156696,1.0,0.4607004,-0.05131358,-1.0,-1.0,0.24915454,-0.5146427
5BR%MCH5231198_1_NADH_flavin_oxidoreductase__Muribaculaceae_bacterium_,-1.0,-1.0,0.7256812,0.8312176,0.32514703,0.02120312,1.0,0.31900522,1.0,0.8115767,-0.52847016,0.15460244,-0.51731455,-0.5516616,-1.0,-1.0,-1.0,0.8325415,-0.08744898,-0.13702549,0.8495583,-0.49258322,0.27252063,0.5376517,-0.83643687,-0.2654872,-0.16890879,-0.54669553,0.87781256,0.2745917,0.570493,0.5320219,0.7362571,0.6571487,0.26328012,-0.16792384,-0.426382,-0.5654575,1.0,-1.0,-1.0,0.7034351,-0.75391483,-0.7398588
5BR%MCQ2066925_1_NADH_flavin_oxidoreductase__Bacteroidaceae_bacterium_,0.009458062,-0.06930853,1.0,-0.9903906,0.14687064,-0.6241717,-0.093675315,-0.25920781,0.9592192,0.4236763,-0.558759,-0.37280035,-0.40555772,-0.6536994,-1.0,1.0,0.22433592,0.22591779,0.9791728,-0.7016325,-0.62032986,-0.238112,-0.7940303,0.093380466,-0.53829044,-0.53589344,-0.38724673,0.027988747,-0.5454049,-0.46847162,-0.7504611,-0.37590808,0.6209234,0.10120145,-1.0,-0.39271703,0.19509877,0.2799904,0.79631686,1.0,1.0,1.0,0.03129361,0.3872829
5BR%MCQ2271787_1_NADH_flavin_oxidoreductase__Bacteroidales_bacterium_,0.95445967,0.40354535,0.8013926,-1.0,0.762929,0.44136077,0.5447426,-0.07350105,0.18813117,0.48150164,-0.24429375,0.21436651,-0.09410235,-0.86145335,-1.0,-0.31307143,0.49529067,1.0,-0.7474853,-0.2337143,0.50738627,-0.64548,-0.09227482,-0.39749733,0.13587178,0.9431556,1.0,-0.07897013,0.6156412,0.29901832,-0.22585525,-0.34919673,0.028009623,-0.615948,-1.0,-0.080813125,0.4183151,-0.19029245,0.58804834,0.6295192,0.40922296,1.0,-0.2050662,-0.48434976
5BR%MCR4591939_1_NADH_flavin_oxidoreductase__Bacteroidaceae_bacterium_,1.0,0.6111348,0.95771503,-0.75883746,-0.38220483,-0.12465049,-0.7160753,0.6181281,1.0,0.21625726,1.0,0.26115438,-0.17916128,-0.16336823,-0.27535677,0.3824163,-1.0,-0.63896257,-1.0,0.28875077,-1.0,1.0,0.36961752,0.30932257,1.0,-0.16628432,-0.3964778,1.0,-0.066276096,-0.39613885,0.41405037,0.7612517,0.63256985,1.0,0.8996086,-1.0,-1.0,-1.0,-0.47486788,0.73597544,1.0,1.0,0.641935,-1.0
5BR%MDD5892138_1_NADH_flavin_oxidoreductase__Bacteroidales_bacterium_,1.0,0.44853514,-1.0,0.6451514,-0.7230138,0.70634454,0.7382973,0.4462093,-0.75556827,-1.0,1.0,0.071664706,-0.4974239,1.0,0.65433353,-1.0,-0.32866436,-1.0,-0.8562302,1.0,0.9001596,1.0,1.0,-0.71742445,1.0,0.3454891,-1.0,0.5772412,0.030671855,-0.5609411,1.0,1.0,-1.0,-1.0,1.0,-0.83811826,-1.0,0.33214495,-1.0,-1.0,-1.0,-1.0,1.0,0.19334589
5BR%MEI7492181_1_NADH_flavin_oxidoreductase__Bacteroidota_bacterium_,1.0,1.0,-0.51937824,-0.58804166,-0.086091526,0.5049621,-0.33150664,-0.41998664,-1.0,-1.0,1.0,-0.4250583,-0.8050316,0.23703043,1.0,-1.0,-0.62749046,-1.0,-0.44665256,0.990999,1.0,1.0,0.39886072,-0.24572691,0.7329883,-0.3807276,-0.19337967,1.0,-0.8484735,-1.0,-1.0,-0.5728371,-1.0,-0.9880466,0.27298522,-1.0,-1.0,-1.0,-1.0,0.809907,1.0,-0.8868157,1.0,1.0
5BR%MEZ3591839_1_NADH_flavin_oxidoreductase__Muribaculaceae_bacterium_,-1.0,-1.0,0.9327086,-0.37055784,0.028205274,-0.53416324,-0.9396882,-0.41718483,1.0,1.0,-1.0,1.0,1.0,0.45882598,-1.0,1.0,0.046073228,0.2678543,0.43673718,-1.0,-1.0,-1.0,-0.38415068,1.0,-0.4049972,-0.7556568,-0.83976173,-1.0,1.0,1.0,0.1629014,-0.6068947,1.0,1.0,0.06915605,0.47676966,0.7917496,-0.6299426,0.2642746,-1.0,0.089981355,0.7238327,-1.0,-1.0
5BR%WP_149192683_1_MULTISPECIES__NADH_flavin_oxidoreductase__Bacteroidaceae_,-0.5596579,-0.30167454,0.89208037,-0.026307527,1.0,1.0,-1.0,-0.91333413,-0.022608757,0.29777047,-1.0,-1.0,-1.0,-1.0,-0.54049516,1.0,-0.1150289,1.0,-0.65467703,-1.0,-1.0,-0.8217706,-0.36272737,0.29684573,1.0,0.9684499,1.0,0.5854876,-0.36326015,-0.10578006,-1.0,0.69576967,1.0,0.16813889,-0.14633898,1.0,1.0,-1.0,1.0,1.0,1.0,1.0,-0.16296186,-0.0495536
5BR%WP_259010233_1_NADH_flavin_oxidoreductase__Parabacteroides_distasonis_,-0.33590844,-0.26097137,1.0,-1.0,1.0,-0.67957616,0.40060663,-1.0,1.0,1.0,-0.03834824,0.55939454,0.39847282,-1.0,-1.0,0.37214598,0.96513766,0.2886855,0.09114735,-0.8520451,-0.5064311,-0.44856077,-0.96344,0.48334306,-0.2879649,-1.0,0.05655624,-0.9883418,1.0,0.7717896,0.15552463,-0.21062773,0.89222217,0.6567208,-0.8687802,0.567749,1.0,0.09771282,0.65689355,-0.011460808,1.0,1.0,-0.3571416,-1.0
5BR%WP_279088787_1_NADH_flavin_oxidoreductase__Alistipes_putredinis_,0.7966856,1.0,-1.0,-0.13416445,-1.0,-0.5222621,-1.0,0.74215394,-1.0,-1.0,1.0,-0.8387516,-1.0,0.49771002,0.92823,-1.0,-1.0,-1.0,-0.20840774,0.33016464,0.39450672,0.95500255,1.0,0.15654871,0.45210096,-0.50766814,-0.5180878,0.8395824,-0.8467885,-0.8193762,-0.28644457,0.17099208,-1.0,0.022808088,0.7138315,-0.5381258,-0.47043285,-0.48652723,-0.58208233,0.052866142,-0.004139117,-1.0,1.0,1.0
5BR%WP_295936477_1_NADH_flavin_oxidoreductase__uncultured_Alistipes_sp__,0.9856746,0.74370086,-1.0,0.806969,-1.0,0.38420475,-1.0,1.0,-1.0,-0.5570113,1.0,0.014897178,0.25351894,0.94305426,1.0,0.50560975,-0.8842961,-1.0,-1.0,0.40168053,-0.39618483,1.0,0.3097989,-1.0,0.53695923,-0.14158234,-0.08610726,0.32868123,-0.1383881,0.22910194,0.96139735,0.9824227,-1.0,-1.0,0.013637208,-0.35364053,-0.42405838,0.38219044,-0.955155,0.3888132,-0.02681594,-0.94993174,1.0,1.0
5BR%WP_300285921_1_NADH_flavin_oxidoreductase__uncultured_Alistipes_sp__,-0.27632213,-0.90592575,1.0,-0.4390061,0.17291859,0.04735995,0.6588703,-0.34384105,1.0,1.0,-1.0,1.0,0.7941039,-0.72595876,-1.0,0.40978143,0.43823397,1.0,-0.038750015,-0.8052919,-0.2830348,-0.9878182,-0.6861507,1.0,-0.8765119,0.09982759,-0.4272551,-0.8080848,1.0,0.66669923,-0.55931705,-0.9902375,0.9006685,1.0,-0.4968339,0.1711401,0.3962439,-0.60546076,0.8329287,-0.38663632,-0.1647138,0.9641528,-1.0,-1.0
5BR%WP_300748828_1_NADH_flavin_oxidoreductase__uncultured_Alistipes_sp__,0.50329214,0.14067277,-0.6347337,-0.3330634,0.15223713,0.2986903,0.19573133,-1.0,-0.67151517,0.28174794,-0.12609252,0.0121193575,0.18249677,-0.5338854,0.052001983,-0.8323242,0.37030247,0.43757772,0.39802787,-0.47416684,0.64576954,0.39917317,-0.41518727,-1.0,0.96495545,0.51107097,1.0,0.9212708,0.097783685,0.2158556,0.52346194,1.0,-0.59411097,-0.86339813,-0.2353899,-0.32668665,0.19950628,0.16469656,0.26566193,0.52490395,-0.6161609,-0.27260065,0.036623124,-0.0050729285
5BR%WP_302380465_1_NADH_flavin_oxidoreductase__uncultured_Alistipes_sp__,1.0,1.0,-1.0,0.31692976,-0.9787475,1.0,0.059939355,1.0,-1.0,-1.0,1.0,-1.0,-1.0,1.0,1.0,-1.0,-0.67665476,-1.0,-1.0,1.0,1.0,1.0,1.0,-1.0,-0.62556833,0.6801076,0.10808835,1.0,-1.0,-1.0,0.8645329,1.0,-1.0,-1.0,1.0,-0.15137401,-0.072267205,1.0,-0.7574643,-0.7029224,-0.022343991,-0.8919676,1.0,1.0
5BR%WP_394671717_1_NADH_flavin_oxidoreductase__Muribaculum_sp__,-0.23940127,-0.6246556,-0.29725847,-0.30537155,1.0,0.64013016,1.0,0.121946834,-0.07517032,-0.5989642,-0.8139846,0.4982523,0.4316079,-0.0011581006,-1.0,0.40784994,1.0,0.27110404,0.36696735,-0.092734255,0.28647077,-0.8251788,0.31440476,0.09688074,-0.9289394,0.9330723,0.7877783,-0.498021,0.72772086,0.6863812,-0.69235146,-1.0,0.70845926,-0.6555975,0.21760358,0.09191914,0.21667202,0.48007506,0.398302,-0.50222963,-0.8143908,-0.2653016,-0.92160445,-0.77987725
5BR%WP_418992344_1_NADH_flavin_oxidoreductase__Alistipes_sp__,-0.80266595,-0.0010681027,-0.26890594,-0.45044175,0.1972508,-0.4540301,-0.6798246,0.32574978,-0.6418673,-0.6824529,0.3399759,0.19406782,0.604911,0.09052461,0.01648239,0.10744375,0.3555104,-0.43001673,1.0,-0.3362019,-0.6634754,0.2772562,0.23348051,1.0,0.15525915,-0.3016901,0.49462196,-0.10310229,0.08433875,0.1663291,-0.29402205,-0.3795592,0.3221138,0.16683966,-0.05910657,-0.2082851,-0.5453324,-0.101871975,-0.10154848,-0.16689602,-0.95460445,-0.3000893,0.09895469,-0.015705366
7aHSDH%GENOME025100_397,-1.0,-0.90526986,0.6352368,-0.3055512,1.0,0.6005578,1.0,-0.40774986,0.44757062,-0.119990446,-0.7218581,-1.0,-1.0,-1.0,-1.0,-0.39107713,0.3035153,1.0,1.0,0.260766,0.44054002,-0.7269529,-0.49483117,0.12772304,-1.0,0.40879485,-0.8587164,-0.23577751,-1.0,-1.0,-1.0,-0.78885555,1.0,1.0,1.0,1.0,1.0,0.9170675,1.0,0.1536845,-0.4116393,1.0,-0.7756784,-1.0
7aHSDH%GENOME067790_2714,1.0,0.8040294,0.5180435,1.0,-1.0,-0.50361633,-0.24121265,0.84125704,0.4460163,0.43815896,0.9730262,-0.65387976,-0.6811491,-0.46612468,0.57072884,0.17431994,-1.0,0.448112,-0.760954,0.33143646,-0.06833465,0.39820102,0.3899208,-1.0,-0.35420257,0.5360062,-0.64151406,0.14027062,-0.31123903,-0.35206604,-0.27209282,-0.34754354,-0.24389724,0.09714429,0.5868549,-0.75231045,0.87000847,-0.79600203,-0.27507618,-0.6574954,1.0,1.0,0.8859214,-0.23144227
7aHSDH%GENOME086444_1757,0.44751737,0.61707723,0.05755092,-0.06807387,-0.50582886,-0.20185693,-0.82395244,0.8007136,0.24399967,0.30045247,-0.3348478,0.4357388,0.7997708,0.8150792,-0.4587818,1.0,-0.6052555,-0.67010653,-1.0,0.0350338,0.19971335,-0.008951042,0.23268421,-1.0,-0.53477836,-0.7637504,0.14390607,-0.018251317,0.8969181,1.0,1.0,0.49766576,-0.730861,-0.5203213,-0.4366442,1.0,1.0,0.4926387,-0.38361633,-0.73266494,-0.076959774,-0.26860422,0.100918084,-0.828885
7aHSDH%GENOME150027_3593,-1.0,-1.0,1.0,-0.8265566,1.0,0.45786276,1.0,-1.0,1.0,1.0,-1.0,1.0,1.0,-1.0,-1.0,1.0,1.0,1.0,1.0,-1.0,-1.0,-1.0,-1.0,1.0,-1.0,1.0,1.0,-1.0,1.0,1.0,-1.0,-1.0,1.0,1.0,-1.0,1.0,1.0,-1.0,1.0,-1.0,-1.0,1.0,-1.0,-1.0
7aHSDH%MBE5948790_1_SDR_family_oxidoreductase__Lachnospiraceae_bacterium_,1.0,1.0,-1.0,-0.19726181,-1.0,-0.83148724,-1.0,0.81340647,-1.0,-0.9425823,1.0,-0.4812927,-0.3716043,1.0,1.0,-0.21197325,-0.35044733,-1.0,-1.0,1.0,1.0,1.0,0.72554,-1.0,-1.0,0.43083277,-0.67668253,1.0,-1.0,-1.0,0.74957085,-0.05051566,-1.0,-1.0,-0.06526181,-0.36786118,-0.9855442,1.0,-1.0,-0.616073,0.5500898,-0.089484505,1.0,1.0
7aHSDH%MBHC130__Clostridiales_bacterium_1_7_47FAA_,0.25446382,-0.8690174,1.0,-0.40889087,1.0,-1.0,0.11403414,-1.0,1.0,0.78410965,-1.0,0.21248098,0.1632835,-1.0,-0.91621053,1.0,0.6359532,1.0,0.12208363,-0.59710556,0.057047106,-0.99116117,-0.1938478,0.4428001,0.92801344,0.95267856,1.0,0.26788792,0.12529674,-0.410099,-0.8834603,0.28585145,0.9349692,0.34605423,-1.0,-0.4375886,-0.19123113,-0.54201454,0.66814196,1.0,1.0,1.0,-0.30394596,-0.10612786
7aHSDH%MCI7810995_1_SDR_family_oxidoreductase__Clostridiales_bacterium_,-1.0,-0.630043,-0.8337049,-0.004957649,0.22291738,-0.73110795,-0.049101975,0.027296968,-0.9641375,-0.584293,-0.91508055,-0.2872576,-0.20811231,-0.50463104,-0.71676844,-0.8262636,0.31612432,0.3182008,1.0,-0.19545929,0.4618095,-0.5011916,0.55398667,0.9402459,-0.27904922,-0.4206842,0.8509703,0.5009031,-0.71460015,-0.10413778,-1.0,-0.24267167,0.67749363,0.65420544,-1.0,0.5467307,1.0,-0.6255669,0.10965238,0.09109525,-1.0,-1.0,-0.33982018,0.99727875
7aHSDH%MCI9468093_1_SDR_family_oxidoreductase__Oscillospiraceae_bacterium_,-0.69435966,-1.0,0.69472444,-0.9800852,0.6506767,1.0,0.33980542,-0.37569472,1.0,0.8309762,-1.0,1.0,1.0,0.5535623,-0.19025922,1.0,1.0,1.0,1.0,-0.70972395,-1.0,-1.0,-1.0,1.0,-0.22592837,0.2538934,1.0,-0.21037298,1.0,1.0,-0.05259707,-0.009719467,0.22459108,-0.15967093,-1.0,0.78492564,-0.40399796,-0.84296143,1.0,0.981052,-1.0,-0.15055253,-1.0,-0.61644876
7aHSDH%MEO8122524_1_7-alpha-hydroxysteroid_dehydrogenase__Burkholderiales_bacterium_,-1.0,-1.0,0.5345065,-0.80701715,0.46535748,0.78190595,1.0,-1.0,0.38316113,0.20840412,-1.0,1.0,1.0,-0.45045042,-0.67957675,1.0,0.7660946,0.76093227,0.8693787,-1.0,-0.842566,-1.0,-0.6436371,1.0,-0.6420648,0.25531328,1.0,-1.0,1.0,1.0,-0.78397185,-1.0,0.88038343,0.81165886,-0.3871204,1.0,0.89546627,-0.42197236,0.8212054,-0.032088343,-0.459048,0.17668155,-1.0,-0.9090475
7aHSDH%WP_003507641_1_7alpha-hydroxysteroid_dehydrogenase___Clostridium__symbiosum_,0.29739594,0.20437554,1.0,-1.0,0.92488956,-0.7826695,-0.50891346,-0.39864445,0.74905276,0.026469905,0.26632753,-0.889616,-0.69519615,-1.0,-0.32371473,-0.32921478,0.60873663,0.56302387,-1.0,0.805917,0.41024166,0.92113227,-1.0,-0.24695143,1.0,0.52678823,0.9905882,1.0,-0.31259143,-0.05098852,0.36476395,1.0,0.25944045,-0.5700935,-0.027972473,-1.0,-0.007789575,-1.0,0.6109645,1.0,1.0,1.0,0.8242821,-0.6196913
7aHSDH%WP_021989220_1_7alpha-hydroxysteroid_dehydrogenase__uncultured_Culturomica_sp__,-0.2234546,-1.0,0.41387475,0.37030903,0.18305056,1.0,0.86542183,-0.15023242,1.0,1.0,-0.0316697,1.0,1.0,1.0,-0.08463159,0.61491233,-0.31130219,-0.100202955,-0.062345468,-0.2961598,-1.0,-0.50713336,-0.16665787,-0.44249177,0.41574335,-0.9716871,-0.39028224,-1.0,1.0,1.0,0.771775,0.19589324,-0.5661347,0.06397072,-0.17234647,-1.0,-0.49036258,0.21512549,-0.49213648,-0.8878818,-0.0902553,0.2894483,-0.735512,-0.6770435
7aHSDH%WP_025075670_1_7alpha-hydroxysteroid_dehydrogenase__Bacteroides_faecichinchillae_,0.8181283,0.1859069,-0.2666617,0.61872333,0.10363568,0.07722118,-0.029186202,-0.5375713,0.018838868,-0.049671277,0.7769054,-0.085492894,0.5281807,0.29260597,0.6234805,-0.401367,0.2144391,-0.48569825,0.04747033,0.14715227,-0.08110963,0.061639264,0.22437829,1.5230549e-05,0.29082674,0.28185466,0.31394103,0.2587982,-0.61101466,-0.38678744,0.17120588,0.83041054,-0.779715,-0.5223257,0.41151625,-0.6264438,-1.0,0.6457055,-0.15512152,0.08179333,0.0408317,-0.23324598,0.19279265,0.9362481
7aHSDH%WP_262434703_1_7alpha-hydroxysteroid_dehydrogenase__Jilunia_laotingensis_,-0.98344016,-1.0,0.9009873,-0.6720621,0.43586928,-0.06980157,0.9583818,-0.38367406,1.0,0.36780408,-0.40522805,1.0,1.0,0.31637144,-0.32256854,1.0,0.46478426,0.54752177,0.23294553,-0.5484686,-0.6878454,-1.0,-1.0,0.96517587,0.12989978,-0.13430828,-0.10781747,-0.74102575,1.0,1.0,0.054159626,-0.008214328,0.4883638,-0.125127,-0.59544176,0.452585,0.43623328,-0.07530368,1.0,0.8895431,0.53220105,1.0,-1.0,-1.0
7aHSDH%WP_288686302_1_SDR_family_NAD(P)-dependent_oxidoreductase__partial__uncultured_Bacteroides_sp__,0.14083564,-0.6505581,0.5674128,0.06288198,0.30162477,-0.67625606,0.30305558,-0.36198306,0.88767457,0.11350654,0.080140226,0.37764543,0.47884429,-0.11631791,0.052661818,0.2033231,-0.8453671,0.3322861,0.0678205,-0.0883056,-0.4601218,-0.348269,-0.1868444,0.24903475,-0.5446885,1.0,0.7233757,-0.528672,-0.36143598,-0.12972659,-0.33255914,0.23229732,0.15024951,-0.7261464,-0.36423132,0.71404654,0.7570801,0.8552092,0.6326711,-0.14109296,-0.02946851,0.31595367,-0.5248792,-0.5736361
7aHSDH%WP_303013929_1_7alpha-hydroxysteroid_dehydrogenase__uncultured_Bacteroides_sp__,-0.9223301,0.1560906,-1.0,0.70838034,-0.38325974,-0.432168,1.0,-0.056181666,-0.95402473,-1.0,0.7467843,0.012022536,-0.04390939,0.50228965,0.80855376,-0.15819082,0.7141814,-0.73762053,-0.23264718,0.381796,1.0,0.64087504,0.6223302,0.31281495,-0.45955148,-0.12691346,0.11309671,0.062381916,-0.6493295,-0.6721573,-0.12258428,0.5100256,-0.47908872,-1.0,0.5723261,-1.0,-0.039996766,1.0,-0.2381667,-0.5175606,-0.7059407,-0.8221673,0.5296142,0.33045903
7aHSDH%WP_342232791_1_7alpha-hydroxysteroid_dehydrogenase__Pseudoflavonifractor_phocaeensis_,-0.917435,-0.60792506,0.555408,-1.0,0.4983947,1.0,-0.22617325,1.0,0.43630382,1.0,-1.0,-0.29847762,0.6312263,-0.053779982,-1.0,1.0,-0.096854076,1.0,1.0,0.57698894,-1.0,-1.0,-0.37172532,-0.29224843,-1.0,-0.33206037,-0.8921605,-1.0,-0.6394646,-0.26477754,-1.0,-1.0,0.9977911,1.0,-0.21468009,1.0,1.0,-0.07582267,0.6700665,0.104032144,1.0,0.84143275,-1.0,-1.0
7bHSDH%GENOME075272_507,0.60668147,-0.21351899,0.9047289,-0.106651776,-0.6835404,-0.39007095,-0.96294516,-0.5643286,1.0,1.0,-0.33102077,0.16843712,1.0,0.70461965,-0.45345134,1.0,-0.9886975,0.24446361,1.0,-1.0,-1.0,-0.71793294,0.072248474,0.9612769,-0.8313665,-0.5307104,-0.695152,-1.0,0.113889046,0.37432426,-1.0,-1.0,1.0,1.0,-0.6160407,0.734926,-0.3247706,-0.27308032,0.5260389,-0.08053833,1.0,0.21831708,-0.9072902,-0.94146234
BSH1%UPI0001652BA3,0.9144331,1.0,-0.24637614,-0.3752646,0.31310454,0.57343376,-0.071663365,1.0,-1.0,-1.0,0.8588664,-1.0,-1.0,-0.77093923,0.63942784,-1.0,-0.23785752,0.20279263,-0.479142,1.0,1.0,0.80290574,0.90227973,-1.0,1.0,0.09535357,0.2992155,1.0,-1.0,-1.0,0.6433978,1.0,-0.45096615,-1.0,-0.37557793,-0.7678156,-0.7295626,-0.22757344,-0.31287998,1.0,0.1495371,0.1811236,1.0,0.1472876
BSH1%UPI0001B1C28E,-0.099510595,-1.0,1.0,-0.25301003,0.5304104,-0.37804496,0.564177,-0.59986174,1.0,1.0,-1.0,0.7972362,1.0,-0.0037187529,-0.97348195,1.0,0.2746138,1.0,0.5465691,-0.8155545,-1.0,-1.0,-0.4187751,0.61407185,-0.3140274,0.80135125,0.65631884,-0.81472296,1.0,1.0,0.9694937,-0.035903387,0.38638613,0.80294085,-1.0,0.15391992,0.86450154,-1.0,1.0,0.08860928,-0.37671238,1.0,-1.0,-1.0
BSH1%UPI0001DE6025,0.28889915,0.2200226,1.0,-1.0,0.501358,0.42220035,-0.77606833,-1.0,1.0,1.0,-0.57068205,0.012618749,0.0739841,-1.0,-1.0,0.57145095,0.522265,0.21306095,1.0,-1.0,-1.0,-0.22958638,-1.0,0.24257928,1.0,-0.43333387,1.0,-0.20337059,-0.145544,0.5050047,-1.0,1.0,0.28417358,0.80037415,-0.97699624,1.0,0.83550423,-0.9348667,1.0,1.0,0.90647817,1.0,-0.23000179,-0.7884659
BSH1%UPI0002624191,0.68616784,-0.72888786,1.0,-0.13268791,-0.08256563,-0.17976823,0.010917687,-0.8607971,0.9148294,1.0,-0.60707617,1.0,1.0,0.36821434,-0.25186342,-0.37934348,0.06760155,0.4325787,-0.21442878,-0.7493213,-0.67582554,-0.79603434,-1.0,-0.117422834,-0.7344943,1.0,0.03234817,-0.23565933,1.0,1.0,0.396083,0.6440692,-0.02002433,-0.056842774,-0.6454697,0.8770308,0.7676764,0.25403926,1.0,0.24124187,0.0821818,0.55683076,-0.5663697,-0.80469114
BSH1%UPI0002802AC4,-0.9881728,0.006772572,-0.48975766,0.21542676,-0.5338832,-0.88506854,-0.40543655,0.29683414,-0.19574691,-0.27297664,0.19429272,-0.44566154,-0.14628723,0.609147,0.06455979,0.99036574,-0.64281404,-0.90891975,-0.27478224,-0.05909118,-0.19817029,-0.08650352,1.0,0.20970236,-1.0,-1.0,-1.0,-1.0,-0.049312014,-0.03000267,0.0764042,-0.68092227,-0.34700316,0.40318525,0.64507943,-0.14297663,-1.0,0.36463824,-1.0,-1.0,0.023550482,-0.7799092,0.344961,1.0
BSH1%UPI000289C842,1.0,0.8967571,-0.6060882,0.15796228,-0.42792654,0.49304795,0.34857085,0.6298119,-0.9026013,-0.9202575,1.0,0.03531126,-0.89125097,0.67585105,0.48194006,-0.91452754,0.6438945,-1.0,-1.0,-0.22380784,0.7516531,1.0,1.0,-0.025522824,-0.49894622,-1.0,-1.0,-1.0,-1.0,-1.0,-0.850993,-1.0,-0.6772042,-0.67095006,1.0,-0.5929935,-0.05909136,1.0,-1.0,-1.0,0.10707727,-0.6227433,1.0,1.0
BSH1%UPI0002CB0E7D,1.0,1.0,-0.23937872,0.66188216,-0.0037761827,1.0,-1.0,-0.011526843,0.16339055,-0.37400797,0.9089021,-0.84054524,-1.0,0.060181905,0.677249,-0.6809126,-0.23597836,-0.0015970186,-1.0,0.8584242,0.7755207,0.9731533,0.16384496,-1.0,-0.44398084,0.63995934,0.29181024,1.0,-1.0,-1.0,0.6913105,0.95328534,-0.13668585,-0.9674201,0.15551259,-1.0,-0.82498413,0.4082418,-0.04082065,1.0,1.0,0.6404226,1.0,0.83398515
BSH1%UPI0002F95F26,0.45700186,-0.73908365,1.0,-0.6258143,1.0,0.68192995,0.5235276,-0.73671836,1.0,1.0,-0.5735605,1.0,1.0,0.048136696,-1.0,-0.15723118,1.0,0.6122235,0.90948516,-1.0,-1.0,-0.83208007,-1.0,1.0,0.4382301,-0.82079995,0.63558966,-1.0,1.0,1.0,-0.0010157792,-1.0,1.0,1.0,-0.68497485,0.36095306,-1.0,-1.0,0.731399,-0.206558,-0.1990864,0.8680941,-0.73126876,-0.8063139
BSH1%UPI00033F0DE9,-0.7865633,-1.0,1.0,-1.0,0.947581,-0.22295348,0.2397169,-0.30277255,1.0,1.0,-1.0,0.39870217,0.31037503,-0.54384404,-1.0,1.0,1.0,0.9935423,1.0,-1.0,-0.80257666,-1.0,-1.0,1.0,-0.06879502,-0.26814735,0.2842675,-0.5754373,0.41173092,0.5441711,-1.0,-1.0,0.9725434,1.0,-1.0,0.19490132,-0.68176264,-1.0,1.0,0.8880476,1.0,0.13546348,-0.61774063,0.6317777
BSH1%UPI00035D264B,0.0566544,-0.40371123,1.0,-0.8774107,-0.072412804,-1.0,-1.0,-0.76095796,0.4647435,1.0,-0.47464272,0.03157069,0.36852583,-0.7859858,-1.0,1.0,-0.5646616,0.45783603,0.16666564,-0.19918595,-1.0,-1.0,-0.48602998,-0.15922911,1.0,1.0,0.41937414,0.055372395,0.45624936,0.17520607,-0.8315546,-1.0,1.0,0.630277,0.77407235,1.0,1.0,0.047796458,1.0,1.0,1.0,0.8917725,-0.7238392,-1.0
BSH1%UPI0003A10C39,0.95473784,1.0,-1.0,1.0,-1.0,-0.47419292,-0.072742596,1.0,-0.73684055,-0.61644185,1.0,0.125469,0.14799172,1.0,1.0,0.3417673,-1.0,-1.0,-1.0,1.0,1.0,1.0,0.82282513,-1.0,-0.9986474,-0.7509229,-1.0,0.7182045,-1.0,-0.57800615,0.6955478,0.0028058637,-1.0,-1.0,1.0,0.8192573,-0.4804681,0.8390553,-1.0,-0.93211114,0.255737,-0.29232877,1.0,0.6725082
BSH1%UPI00041C4F56,1.0,1.0,-1.0,1.0,-1.0,0.3792849,-0.2648722,-0.14683335,-0.6153377,-1.0,1.0,1.0,0.06001259,1.0,1.0,-1.0,-1.0,-1.0,-0.87319326,1.0,1.0,1.0,1.0,-0.7572051,-0.047526386,-0.9126628,-1.0,-0.40814272,-0.038367692,-0.20725639,1.0,0.6694102,-1.0,-0.5508383,0.45772374,-1.0,-1.0,1.0,-1.0,-1.0,-1.0,-1.0,1.0,1.0
BSH1%UPI00044AC395,-1.0,-1.0,0.4884417,0.71095145,0.0068284683,-0.64824855,1.0,0.07279874,0.27518308,0.3646054,-1.0,1.0,0.7027083,-0.7803819,-1.0,0.93861353,0.48529437,0.62216955,0.5128492,-1.0,-0.57173586,-1.0,0.58134276,0.8991442,-1.0,1.0,-0.06161211,-0.68792677,1.0,1.0,-0.37545007,-1.0,1.0,0.8955669,0.35322404,1.0,1.0,0.94889456,1.0,-0.86639446,-1.0,1.0,-1.0,-1.0
BSH1%UPI0004BCDDD9,-0.6878537,-0.4436609,-0.025793804,-0.296318,0.27649805,0.73077846,1.0,-0.093482316,-0.048454612,0.5055253,-0.86263925,1.0,0.5639588,-0.0009797632,-0.76343894,0.3633125,0.1458524,-0.008777875,0.7327749,-0.7927338,-0.15891035,-1.0,-0.21007878,0.33768764,-0.7120069,0.6223371,-0.36562723,-0.5753162,0.5124308,0.7245809,-0.12412757,-1.0,1.0,1.0,0.75041944,1.0,0.57287645,0.26763818,0.22202939,-1.0,-1.0,0.080856696,-1.0,-1.0
BSH1%UPI0004D69CD5,0.40728244,0.49037293,-0.43320754,0.60534036,-0.49151173,-0.4591062,-1.0,1.0,-0.19268125,-0.16268256,0.4593841,-1.0,-0.7646101,0.45149517,1.0,-0.60717314,-0.4978588,-0.5435568,-1.0,1.0,0.40657046,0.4474278,-0.26200226,-0.7575652,-0.28688,-0.040875982,0.34621328,0.50116724,-0.67683834,-0.7775485,0.5820248,0.9455868,-1.0,-0.6641585,0.15096012,-0.54482555,-0.31044424,0.40446153,0.083176605,1.0,1.0,-0.121180065,0.91970426,0.6582765
BSH1%UPI0004D6A0E9,0.4222443,0.8448808,-0.86567825,-0.35924125,-0.22769068,0.93985957,-1.0,-0.13184288,-0.51612246,-0.81784403,0.6539644,-0.81480473,-0.69252473,0.3648655,-0.13066533,-0.3155008,-0.6168131,-1.0,-0.36043686,0.32028544,0.6522154,0.5958983,0.46269438,0.30981374,0.70365655,-1.0,-1.0,-0.17505306,-0.79048413,-0.15282877,1.0,1.0,-0.5854053,0.07669192,1.0,-1.0,-0.5592604,-0.37346452,-1.0,-0.38323715,-0.08863815,-0.66517323,0.8450407,0.81561595
BSH1%UPI0004F8D610,1.0,1.0,-1.0,0.05200413,-0.6248698,-0.75388443,-0.88247466,-0.39925665,-1.0,-1.0,1.0,-1.0,-0.7933091,1.0,1.0,0.015457687,0.39233756,-1.0,-0.9607204,1.0,1.0,1.0,0.35132253,-1.0,0.02506059,-1.0,0.34898102,1.0,-1.0,-1.0,0.10378909,1.0,-1.0,-1.0,0.3497504,-1.0,-1.0,0.64948905,-1.0,1.0,1.0,-1.0,1.0,1.0
BSH1%UPI0005DBBD01,0.46044457,0.102850534,0.9360926,0.9572816,-0.79567516,-0.30719241,-0.49959156,1.0,0.5689806,0.29130885,0.22332661,-1.0,-0.9703038,-0.11637974,0.26479384,-1.0,-1.0,0.36823598,-0.09051892,0.8308624,0.6808412,0.175197,0.9487983,-0.11629047,-0.52564144,-1.0,-1.0,-0.6087306,-1.0,-1.0,-0.57570744,-0.073330775,0.30864933,0.8773812,0.77502555,1.0,-0.021656575,-0.39769503,-0.32771754,-0.4356474,0.17031553,0.35494733,-0.37270942,-0.25908986
BSH1%UPI00070D1B8F,-1.0,-0.57908195,-0.71243554,1.0,-1.0,-0.59445566,0.27653053,0.42990804,-0.60648054,-0.5835696,-0.49370977,0.0429103,0.15187702,1.0,0.9706206,0.96266985,-1.0,-1.0,-0.10709297,0.96907395,0.53798425,-0.5724098,1.0,-0.32179892,-1.0,-1.0,-1.0,-1.0,-0.2659129,0.16256219,1.0,-0.34303457,-0.18301374,1.0,1.0,0.8192323,-0.14940858,0.9032749,-1.0,-1.0,-1.0,-0.56063074,-0.5018446,-0.73889154
BSH1%UPI00073AFD00,0.3376077,-1.0,1.0,-0.646762,0.98092014,-1.0,0.5612538,-1.0,1.0,1.0,-1.0,1.0,1.0,-1.0,-1.0,0.8384521,0.41549635,0.8026085,-0.18382592,-1.0,-1.0,-1.0,-1.0,0.77431434,-1.0,1.0,1.0,-0.86786723,1.0,1.0,-1.0,-1.0,1.0,1.0,-1.0,1.0,1.0,-0.52254164,1.0,0.63498354,0.1382096,1.0,-1.0,-1.0
BSH1%UPI00076E9CCB,0.27639964,-0.17665513,0.9171253,-0.59604436,0.16923253,-0.60697925,0.2937688,0.18816216,0.4077838,-0.11454368,-0.26467848,-0.5624261,-0.41907686,-0.68638194,0.42355868,0.3774996,-0.14377998,0.7698427,0.3959224,0.97003186,0.46410176,-0.64698464,-1.0,-0.27491307,-0.7813199,0.8378778,0.7172996,0.9316949,-0.5733146,-0.67992115,-0.5282672,-0.08936818,0.45087445,0.29042375,0.32021,-0.44713283,0.506859,-0.36737752,0.822867,1.0,0.5044545,0.5627411,-0.32191843,-0.39564517
BSH1%UPI0007933BD5,1.0,1.0,0.35546228,-0.027781589,0.5735229,1.0,-1.0,-0.08631753,0.09569239,0.02617753,0.53718966,-1.0,-1.0,-0.81699175,-0.09184902,-0.0414385,0.28406587,0.26335853,-0.090988055,0.27159187,-0.16573296,0.20375812,-0.9357882,-0.7237745,1.0,1.0,0.8102427,1.0,-0.7731437,-1.0,-0.09775478,0.6972133,0.23748298,-0.23390627,0.7878776,-0.892498,0.33484668,-0.48727888,0.64782834,1.0,0.9259644,-0.2700083,0.5973958,-0.33040407
BSH1%UPI000801FF16,-0.11544392,0.8010532,-1.0,1.0,-0.8120213,0.57358176,-1.0,-0.9085417,-1.0,-1.0,1.0,0.08199267,0.5603844,1.0,0.73611873,0.72718394,-0.32366794,-1.0,-0.30300102,-0.17552924,-0.3017362,1.0,1.0,-0.5748935,0.3608198,-0.6615821,-0.29363427,0.03732504,-0.46060464,0.039451625,1.0,0.14946936,-1.0,-0.85274196,1.0,-1.0,-0.5525674,0.66933775,-1.0,-0.114185154,-0.45621637,-0.9870208,1.0,0.5154978
BSH1%UPI00093BFB8C,-0.80399865,-1.0,0.617077,-0.73033786,0.62786096,-0.1390033,1.0,-0.6058551,0.3100982,1.0,-1.0,0.67020637,0.8409261,-1.0,-0.33005032,0.4502522,1.0,1.0,0.049691632,-1.0,0.44899288,-1.0,-0.27721152,-0.72912616,-1.0,1.0,-0.27169752,-1.0,0.52891517,0.51254815,-0.68913233,-0.60606444,1.0,0.11101819,-0.4864782,1.0,1.0,-0.18479808,1.0,0.020502554,-0.66602385,0.3951973,-1.0,-0.30322587
BSH1%UPI00095B1DAC,0.018642433,0.31716257,-1.0,1.0,-0.2706901,0.5569031,0.39120504,0.9068428,-1.0,-1.0,1.0,0.09727582,-0.26873818,1.0,0.050149474,-1.0,0.19802368,-1.0,0.18584237,0.39838573,1.0,0.8603681,1.0,-0.47894728,-0.6702062,-0.2725655,-1.0,-0.34730712,-0.8565839,-0.12707672,1.0,0.8154357,-1.0,-0.39695492,1.0,-1.0,-1.0,1.0,-1.0,-1.0,-1.0,-1.0,0.4635469,0.70791423
BSH1%UPI00095C7CBB,-0.5363671,-1.0,1.0,-0.39451313,1.0,-0.08138118,-0.30835658,-0.44340107,1.0,1.0,-1.0,1.0,1.0,-0.17684677,-0.85252,1.0,0.8267355,0.2614584,1.0,-1.0,-1.0,-1.0,-0.9260708,1.0,-1.0,0.73776424,0.1898337,-0.6187594,1.0,1.0,-0.40632007,-0.41774204,1.0,1.0,-1.0,0.9305991,1.0,-1.0,0.6159721,0.23434559,0.04654877,0.963967,-1.0,-1.0
BSH1%UPI000BCCCB22,-0.22709453,0.9129723,-0.574713,0.38032347,-0.73371047,-0.26272658,-0.76528203,-0.6947414,-0.20355813,0.25225273,0.57341164,-0.6640813,-0.7006677,-0.4420085,0.06885311,-0.4649919,-0.28104296,-1.0,-0.4777325,-0.4988926,0.9444926,1.0,0.15752585,0.25053445,1.0,-1.0,-0.7423662,0.5822715,-0.07763922,0.6185582,0.8059167,-0.37857535,-0.0798434,0.7220353,1.0,-1.0,-0.4062742,-1.0,-1.0,-0.23211284,0.65937996,-0.58952886,0.6881029,0.5999234
BSH1%UPI000BD3EFD5,0.68431884,0.01637066,1.0,-1.0,1.0,-1.0,-0.11204205,-1.0,1.0,1.0,-0.9470436,-0.51059,-0.33652952,-1.0,-1.0,1.0,0.67763925,0.6667491,1.0,-1.0,-0.4506128,-0.5986858,-1.0,1.0,0.32584935,-0.37697798,1.0,-0.21573019,-0.82582676,0.10252927,-1.0,-0.10596657,1.0,0.71682936,-1.0,1.0,0.25202674,-0.88454205,1.0,1.0,1.0,1.0,-0.7311975,0.11846238
BSH2%UPI0001599717,0.35264632,0.23748703,0.2588137,-1.0,1.0,0.8689192,1.0,-0.8775102,0.18601187,0.049969923,-0.641528,-1.0,-0.8151212,-1.0,-0.31142998,-0.5436483,1.0,1.0,1.0,-0.31926957,0.6441554,-0.37484878,0.38070476,0.29985267,1.0,1.0,1.0,0.83287084,-0.82063687,-1.0,-1.0,-0.20280895,0.8048348,-0.059500337,-1.0,1.0,1.0,-0.25731298,0.8650641,1.0,0.13164726,-0.46829554,-0.085575566,-1.0
BSH2%UPI00017C25E3,1.0,0.12323101,1.0,-1.0,0.9190371,1.0,0.82601315,0.018244129,1.0,0.6295361,0.13270481,1.0,1.0,0.48110306,-1.0,-0.33839747,0.5648249,0.51376474,0.26767337,-1.0,-0.46294338,-0.055496115,-1.0,0.2727334,0.58739305,-0.6580775,0.3778819,-0.8800264,1.0,0.707416,0.026676297,-0.6221974,1.0,0.10487267,-0.0152313495,-0.86461824,0.16219895,-0.3953928,-0.098240234,0.5237641,0.3288182,0.9106897,-0.1800031,-0.89208
BSH2%UPI0001C1C05D,0.9381422,0.248967,0.09268584,0.22950584,-0.3590998,1.0,-0.37139204,0.29984093,0.07659091,-0.18857384,1.0,1.0,1.0,1.0,-0.2551242,0.66073537,0.16207026,-0.51319695,-0.47251815,0.039447993,-1.0,0.7023052,-1.0,0.12917802,-0.8675648,0.06931997,-0.058298264,-0.7208235,1.0,1.0,0.7638231,-0.84987897,-0.16072504,0.36597502,0.61270106,-0.0722949,-0.50508124,-0.236088,-0.037605137,-0.14237624,-0.32957587,0.0011444862,0.7296868,-0.6294761
BSH2%UPI0001CF4F1D,1.0,1.0,-0.9542689,1.0,-1.0,-1.0,-1.0,1.0,-0.7850184,-0.44528833,1.0,-1.0,-1.0,0.5534801,1.0,-0.8885777,-0.56747305,-1.0,-1.0,1.0,0.5722034,1.0,1.0,-0.16948618,0.80481297,-1.0,-0.61975676,0.6137828,-1.0,-0.93748194,-0.14911503,0.035051454,-1.0,-0.5499623,0.28818578,-1.0,-1.0,-0.15937412,-1.0,0.0018253304,0.9934623,-0.3481475,1.0,1.0
BSH2%UPI000335FD2D,-1.0,-0.5092958,-0.8667483,1.0,-0.21228307,-0.06554818,0.77685803,-0.19933885,-0.82704437,-0.6495901,0.10712023,-1.0,-1.0,-1.0,0.6365488,-1.0,0.15913518,-1.0,-1.0,0.076363556,0.9074386,-0.28647444,1.0,-0.22139993,-0.3507475,1.0,0.04502687,1.0,-1.0,-1.0,-1.0,-1.0,-0.15032366,0.8505107,1.0,1.0,0.97854984,1.0,1.0,-0.6825529,-0.16140805,0.7070175,-0.42142665,0.15752685
BSH2%UPI00033AD64E,-1.0,-0.34827504,-1.0,1.0,-1.0,-1.0,-0.10623652,0.96670926,-0.7859876,-0.51725686,0.3197843,0.45879897,0.51100177,0.8657827,0.82068837,-0.7464864,0.3277968,-1.0,-0.24479766,-0.07949141,1.0,0.22948089,0.42572653,0.09557308,0.12152319,-1.0,0.13615482,0.6106852,-0.4743292,-0.38890526,0.57334065,0.5700662,-0.6509309,0.19900355,0.3041167,-0.90477383,-0.16613525,1.0,-0.67899823,-0.4324231,-1.0,-0.8249832,0.02592943,0.944374
BSH2%UPI00033F049A,1.0,1.0,-1.0,1.0,0.69978255,1.0,-0.87923026,0.661286,-1.0,-1.0,0.8408159,-1.0,-1.0,-0.7193263,1.0,-1.0,1.0,-0.7411176,-0.42152995,1.0,1.0,1.0,-0.23663473,0.1420221,-0.69483644,-0.953493,0.94337094,1.0,-1.0,-1.0,-1.0,0.9769849,-1.0,-1.0,-0.5274883,-1.0,-1.0,0.59715235,-0.93343073,1.0,0.3606951,-1.0,1.0,1.0
BSH2%UPI00038B932A,-0.13990153,0.24588025,-1.0,1.0,-0.6513649,-1.0,-0.12146248,0.056479435,-0.37648684,-1.0,-0.08453995,-0.26830432,-0.26380104,0.9261115,0.56558216,-0.07996996,-1.0,-1.0,0.7544167,0.52301127,0.08542548,-0.25273982,1.0,0.7456202,-0.51903933,0.14319092,-1.0,1.0,-0.42482263,-0.6048896,0.8787507,-0.34257722,-0.85779625,-0.3902008,0.21256155,0.27071846,0.14316429,1.0,-0.9840108,-0.8831351,-0.68426025,-1.0,0.24128331,0.52124137
BSH2%UPI000396CDDF,-1.0,-0.6383541,0.14895174,-0.18440107,1.0,-1.0,0.5154357,-0.7228012,0.66537654,0.35832307,-0.5525996,-0.2834982,-1.0,-0.60338026,0.18101873,-0.8921579,1.0,0.28083333,1.0,-0.101179324,-0.42392954,-0.31573752,-0.31772503,1.0,0.9927425,-0.81747264,0.43925253,0.20009546,0.0672954,-0.7503752,-1.0,0.14987062,1.0,0.4607457,-0.28241742,-0.59838444,-1.0,0.20079236,0.057973698,0.7456222,0.62636876,-0.4342803,-0.26778343,1.0
BSH2%UPI00050FFCF5,-1.0,0.8433952,-1.0,0.5620418,0.12011239,1.0,0.37636772,1.0,-1.0,-1.0,0.48532087,-1.0,-1.0,0.36132693,0.43383914,-1.0,-0.0028446487,0.6682882,1.0,1.0,1.0,0.88219565,-0.42130363,0.9581239,1.0,-0.63154495,-0.4477954,1.0,-1.0,-1.0,-0.43302992,0.032776795,0.0122408895,0.24917334,1.0,-0.0054140394,-0.7590208,-0.15214746,-0.3964853,1.0,-0.91562515,-1.0,0.40015775,-0.041824203
BSH2%UPI0005D317A6,-0.7917412,0.14538209,0.065558925,-0.20654355,-1.0,-1.0,-0.21351863,0.32454848,-0.0841591,-0.3727386,0.55872494,0.10316784,0.16828032,0.8522579,0.345067,0.36949936,-0.7257838,-0.06529165,0.8314868,0.6536814,0.8907297,0.12030856,0.39064696,0.18995263,0.39432567,0.11068564,-0.3156022,0.5518136,-0.27136713,-0.72664773,0.88321066,0.8812904,-0.67475325,-0.11963027,0.6806013,-1.0,-0.5200431,0.53786325,-0.5824593,-0.59917516,-0.18885115,0.25767395,-1.0,-0.620315
BSH2%UPI0005DCCFF2,1.0,1.0,-1.0,1.0,-0.6072028,-1.0,-1.0,-0.2374466,-1.0,-0.7110618,1.0,-1.0,-1.0,1.0,1.0,-1.0,0.5252073,-1.0,-1.0,1.0,1.0,1.0,1.0,-1.0,0.20854281,-0.42578936,0.9080457,1.0,-1.0,-1.0,0.9773055,1.0,-1.0,-1.0,0.8320266,-1.0,-1.0,1.0,-1.0,1.0,1.0,-1.0,1.0,1.0
BSH2%UPI0006BFFEB7,-0.78063726,-1.0,1.0,-1.0,1.0,1.0,1.0,-1.0,1.0,1.0,-1.0,1.0,1.0,-0.7812037,-1.0,1.0,1.0,1.0,1.0,-1.0,-1.0,-1.0,-1.0,1.0,1.0,0.21968459,1.0,-1.0,1.0,1.0,-0.6625777,-0.96727705,1.0,1.0,-1.0,-0.64487135,-0.02199478,-1.0,1.0,0.45818177,0.32053828,1.0,-1.0,-1.0
BSH2%UPI0006C0EB58,-1.0,-1.0,0.3656765,-0.3525326,0.8469141,-0.41229036,1.0,-0.31638426,1.0,0.96446896,-1.0,0.5346397,0.13000223,-0.7944513,-1.0,-0.18795393,1.0,0.93801004,0.51830316,-0.33163705,0.22568923,-1.0,-0.4187507,1.0,-0.057838622,0.0011877825,1.0,-0.8182123,0.62850404,0.48541993,-0.19130525,-1.0,0.87930655,1.0,-0.2560037,0.087469414,-0.6815098,-1.0,1.0,-0.43614367,-0.97668797,1.0,-1.0,-0.9121404
BSH2%UPI0006C1ADDE,-0.30914155,-0.57439697,0.9306225,-1.0,1.0,-1.0,-0.06323486,0.27567592,0.51643676,0.77178204,0.37660202,1.0,0.27101368,-0.0011873271,-1.0,0.3898452,0.24489745,-0.62369806,1.0,-0.9770849,-1.0,0.071289346,0.08369663,1.0,-0.14334011,-0.7032925,0.5975161,-0.7098004,1.0,0.91220385,-0.36098683,-1.0,1.0,1.0,-0.08676073,-0.21938851,-1.0,-1.0,0.08465552,0.05950926,0.16454303,0.41177976,-0.3174679,-0.30660838
BSH2%UPI0006C28698,0.1880904,1.0,-1.0,1.0,-0.6651873,-0.06832975,-1.0,1.0,-1.0,-1.0,1.0,-1.0,-1.0,1.0,1.0,-1.0,-0.36430934,-1.0,-0.5973055,1.0,1.0,1.0,1.0,-1.0,0.9579853,-0.5498376,-0.16008873,1.0,-0.98158,-1.0,1.0,1.0,-1.0,-1.0,1.0,-1.0,-1.0,0.6297575,-1.0,0.30322653,0.013945508,-1.0,1.0,1.0
BSH2%UPI0006C45BC8,1.0,-0.17217441,0.9163632,0.4623708,-0.9730838,-0.941554,-1.0,-0.8274699,0.7097197,0.4328895,0.024259983,-0.069674686,0.28396383,-0.11411096,-0.0853585,0.5208707,-1.0,-0.29955268,-1.0,0.21835724,-0.90935224,-0.33028507,0.7229861,-0.028740259,-0.1548915,1.0,-0.12920064,-0.46654242,0.25651586,-0.64005077,-0.89632016,-0.03388182,-0.30761948,-0.29474685,0.22234526,1.0,0.014563639,-0.4845688,0.5437606,0.2780168,1.0,0.7395627,0.07380889,0.055082962
BSH2%UPI0006C4A6B6,-0.37119934,-0.33951265,1.0,-1.0,1.0,0.39294362,1.0,-0.49511272,1.0,1.0,-0.34230512,1.0,1.0,0.5348475,-0.9204213,1.0,1.0,0.49767008,0.3481346,-1.0,-1.0,-0.018545628,-1.0,1.0,0.19791858,-1.0,-0.64363045,-1.0,1.0,1.0,0.078071296,-1.0,1.0,1.0,-1.0,-1.0,-1.0,0.06401246,-0.6953722,-0.6974946,1.0,0.3971913,0.30467921,0.89543295
BSH2%UPI0006C706B0,-0.06643156,0.30712587,-0.2950858,1.0,-1.0,0.5222243,-0.8926121,-0.066384904,-0.27731106,-0.2577601,0.8049238,0.49215192,0.6546067,0.681084,1.0,0.3821512,-0.6062914,-0.6224736,-1.0,0.49130628,-0.4186902,0.5757864,0.90137357,-1.0,0.7804141,1.0,0.09708978,0.8435619,0.6725648,0.85081875,1.0,1.0,-0.68541014,-1.0,0.87766135,0.7412579,0.92757696,-0.08307653,-0.20101021,0.2484337,-0.50881344,-0.1888364,0.6390021,-1.0
BSH2%UPI0006CAB5AD,0.43666098,1.0,-0.4214402,0.17530759,-1.0,-1.0,-1.0,0.7870601,-0.6467062,0.37749672,0.36536226,0.2735041,0.045376074,0.15822811,1.0,0.8646306,-1.0,-0.9614835,-0.26601437,0.88984054,-1.0,0.7280994,1.0,-1.0,1.0,0.2393259,-0.08414405,1.0,0.7451084,0.9208715,1.0,1.0,-0.61155576,-0.98448014,-0.35965243,-1.0,-0.15677494,-0.4165534,-0.37899542,1.0,1.0,-0.776133,0.49362043,-0.63586426
BSH2%UPI0006CABDF6,-1.0,-0.131822,-0.1515302,0.4088095,0.9942283,1.0,1.0,-0.27787265,-0.17521845,-0.45187622,-0.7384789,-0.740813,-0.70053846,-0.67296314,-1.0,-1.0,1.0,0.5331853,1.0,-0.29544157,-0.27520686,-0.3708663,-0.12738152,0.88428843,1.0,-1.0,-0.5854874,-0.6543353,0.018042278,-0.11769806,-0.21378018,-0.9769206,0.886794,1.0,1.0,0.21726346,-0.35449246,-0.41816103,-0.064505525,-1.0,-1.0,-1.0,-0.6792178,-0.8359161
BSH2%UPI0006CABE2C,0.6050008,0.06496067,0.2338303,0.077665485,-0.67198014,-0.29693508,0.44374,0.8232483,0.1695164,-0.43177572,-0.4243873,-1.0,-1.0,-0.68826646,-0.29755723,-0.2952194,0.43796232,0.6657992,-0.4213223,1.0,1.0,-0.1844947,1.0,-1.0,0.25018275,0.32939887,-0.7774422,-0.4483839,-1.0,-1.0,-1.0,-1.0,-0.0360039,-0.6340965,0.48443723,1.0,0.67527604,-0.15653822,0.22928517,-0.11621186,0.793712,1.0,-0.24526286,-0.7822665
BSH2%UPI00082051E1,-1.0,-1.0,-0.29576898,-1.0,0.44316906,0.5825364,1.0,-0.1897695,0.1238796,0.14676975,-1.0,0.5000163,-0.057920557,-0.6703071,-0.3104155,0.21651405,0.14985254,1.0,0.60864466,-0.97869,0.010609411,-1.0,-0.39986768,0.94125,-0.09594829,-0.62251365,-1.0,0.31243682,0.48296085,0.33126706,0.38326982,0.0365235,0.48664945,1.0,0.057420805,0.19300841,0.54725164,0.2586655,-0.23368435,-0.4192847,-0.9696141,0.21347123,-1.0,-0.1004523
BSH2%UPI000820857A,-1.0,0.27119163,-1.0,0.7279511,-0.522538,-1.0,0.42143133,1.0,-1.0,-1.0,0.23483579,-1.0,-1.0,0.23249477,0.27413312,-1.0,0.08154356,-0.8460841,-0.61788464,1.0,1.0,0.85120416,1.0,0.4261087,0.70337856,-0.04774188,-0.78417003,1.0,-1.0,-1.0,0.21804461,-0.22007014,-0.12156748,0.0012552923,1.0,-0.31002715,0.3955432,1.0,-0.038847994,-1.0,-1.0,-0.97412026,0.14327724,-0.1223338
BSH2%UPI000820B778,0.30149198,0.20654601,-0.9505236,-0.47573853,-0.40761328,-0.19208674,-0.827748,-0.023853337,-0.72676855,-0.19198707,-0.092382625,-0.37121508,-0.07983301,0.6388036,0.9736025,0.22327249,0.5303947,-1.0,-0.27836573,-0.10151486,0.19328408,0.37364963,0.2885876,0.30564368,-1.0,-0.32244518,0.39748567,0.61820555,-1.0,-1.0,-0.42798766,0.26637164,-0.38868648,0.38793188,0.087825,-0.5278087,-0.42254487,0.23083189,-1.0,0.31808984,0.343153,0.22053824,0.5901314,1.0
BSH2%UPI000820F666,1.0,0.56183136,0.24826868,0.31809947,-0.69739026,-0.8430109,-0.5635841,-0.32973728,0.3644448,0.14017446,0.7991984,0.6866602,0.852725,1.0,0.467652,1.0,-0.7049863,-0.58004117,-0.58478916,0.48306158,-0.29221362,0.18180837,0.50120556,-1.0,-0.8568563,-0.55803037,-0.7986765,-1.0,0.57117754,0.790213,1.0,0.39068732,-0.7508074,-1.0,-0.6478482,0.6310065,-0.07355776,0.16890833,-1.0,-0.47039944,0.9832285,0.36715326,0.33433238,0.23259407
BSH2%UPI000821232B,0.7691248,0.20046057,-0.12934007,0.026601532,1.0,1.0,-1.0,-0.35189846,-0.34256437,0.1055891,-0.5913016,-1.0,-0.56188995,-1.0,0.88606775,0.3229805,1.0,-0.14289331,0.4220051,-0.16470559,-0.0026591443,-0.2934461,-1.0,-0.222579,0.7176826,0.54981774,1.0,1.0,-0.43903464,-0.01789388,-1.0,-1.0,0.06998867,-0.8417914,-1.0,0.66667056,0.23596466,-1.0,0.84461653,1.0,0.6934344,0.12928213,0.111617915,1.0
BSH2%UPI0008219BA0,-1.0,-1.0,1.0,-1.0,1.0,-0.7984294,-0.7642266,-1.0,1.0,1.0,-1.0,1.0,1.0,-1.0,-1.0,1.0,1.0,1.0,0.5315811,-1.0,-1.0,-0.84597784,-1.0,1.0,1.0,0.37121144,0.6111252,-0.1780154,1.0,1.0,-0.8080316,-0.74803585,1.0,1.0,-0.01618577,0.060893282,1.0,-1.0,1.0,1.0,1.0,1.0,-1.0,-1.0
BSH2%UPI0008222B5A,-1.0,-1.0,1.0,-1.0,1.0,-0.8610077,1.0,-1.0,1.0,1.0,-1.0,1.0,0.8413704,-1.0,-1.0,0.978737,0.4721044,1.0,1.0,-1.0,-1.0,-1.0,-1.0,1.0,-0.90229225,0.19634001,1.0,-1.0,1.0,1.0,-1.0,-1.0,1.0,1.0,-1.0,1.0,1.0,-1.0,1.0,0.3383142,-0.42400914,1.0,-1.0,-0.044391003
BSH2%UPI00082257EE,0.19931604,1.0,-1.0,-0.17792961,-0.3944392,-0.5462431,0.13678163,0.51528054,-0.6985938,-0.43793723,0.23220886,-0.9736627,-1.0,0.6751789,-0.07388677,-1.0,-0.13756926,-0.65170485,-0.1472105,1.0,1.0,0.886553,0.024070846,-0.56629527,1.0,-1.0,-0.79035395,0.49344492,-0.86137605,-1.0,0.1650832,0.20218298,-0.6354543,-1.0,0.60189164,-1.0,-0.77501893,1.0,-1.0,-0.53718865,-0.4886227,-0.9409665,1.0,1.0
BSH2%UPI00082332C0,1.0,0.7615684,0.9172197,-1.0,0.9771989,0.22160175,1.0,-0.62519664,0.37001923,-0.5490622,-0.100041315,-1.0,-1.0,-1.0,-0.997432,-0.37353882,1.0,1.0,1.0,-0.10692238,1.0,-0.20076974,-1.0,1.0,-0.8115361,0.18547164,1.0,0.86265826,-1.0,-1.0,-1.0,-1.0,0.8034288,-0.09256655,-1.0,-0.305905,0.187942,0.19727556,1.0,1.0,1.0,0.4004242,0.4347697,1.0
BSH2%UPI00095B7069,0.029892517,-0.6500756,0.5999113,1.0,0.74024045,0.14481466,0.974029,-0.939628,1.0,0.68128896,0.13826574,0.84020686,0.2619709,0.27314118,-0.10144869,0.26027203,0.9282428,0.9750776,0.5123088,-0.44032815,0.92396086,-0.73771876,0.37650123,0.029337434,-1.0,0.734877,0.27950108,-1.0,-0.018295893,-0.5846441,-0.73577625,-1.0,0.46718273,0.12705787,-0.35423478,-0.50132513,-0.17468053,1.0,0.39412904,-1.0,-0.39068598,0.35713437,-1.0,-0.020430356
BSH2%UPI000960BD65,0.5787306,0.20166726,0.63956547,-0.7474186,1.0,-1.0,0.85725945,-1.0,-0.19638853,-0.059929144,0.214886,0.8407003,0.21788222,-0.31167874,-0.3205968,-0.6796705,0.9977921,-0.3997038,0.27599633,-1.0,-1.0,0.3931661,-0.3928441,0.89701223,-0.17186224,-1.0,0.59660435,-1.0,1.0,1.0,-0.46553794,0.11293312,0.15726295,-0.04332239,-0.39692003,0.31702566,0.23516893,-0.4263058,-0.27836156,0.1540455,0.14968993,-0.4522101,0.48569825,0.7679803
BSH2%UPI000965B48B,-1.0,-1.0,1.0,-1.0,1.0,-0.12380899,1.0,-1.0,1.0,1.0,-1.0,1.0,1.0,-1.0,-1.0,1.0,1.0,1.0,1.0,-1.0,-1.0,-1.0,-1.0,1.0,-0.28957522,1.0,0.9525551,-1.0,1.0,1.0,-1.0,-1.0,1.0,1.0,-1.0,1.0,1.0,-1.0,1.0,1.0,-0.47517082,1.0,-1.0,-1.0
BSH2%UPI00096829BD,0.7363506,0.97761667,-0.88174045,1.0,-1.0,-1.0,-1.0,1.0,-1.0,-0.5453989,1.0,-1.0,-1.0,-0.5482677,1.0,-0.6385005,-0.79926264,-0.9179918,-0.60623103,1.0,1.0,0.8817284,1.0,-1.0,0.07050658,-0.5765949,-1.0,1.0,-1.0,-1.0,-0.83261865,0.1480033,-0.77269787,-0.5740252,1.0,0.24525118,-0.4138017,0.75014037,-1.0,-0.70713353,0.6592837,-0.70548147,1.0,0.87763625
BSH2%UPI000D1261F9,-0.34883165,0.13500102,-1.0,1.0,-1.0,0.0807962,-0.12594469,1.0,-1.0,-1.0,0.5011982,-0.43445113,-0.5976871,1.0,0.8572929,-0.39736363,-1.0,-1.0,-1.0,1.0,1.0,0.17967851,1.0,-1.0,-0.95720357,0.88534904,0.21428677,0.5005061,-0.5500179,-0.39574385,1.0,1.0,-1.0,-1.0,0.9420271,1.0,0.75627327,1.0,-1.0,-1.0,-1.0,-0.4698436,-0.16858014,0.41105562
BSH2%UPI000E40484B,-1.0,-0.22788262,-1.0,1.0,-1.0,-1.0,-1.0,1.0,-0.49265993,-0.25706598,0.7829198,-0.75286114,-0.73154515,0.67347294,0.9569919,0.20734978,-1.0,-1.0,-0.558289,0.8055997,1.0,0.52915585,1.0,-1.0,-0.2828049,-1.0,-1.0,1.0,-0.82198983,0.10596221,1.0,1.0,-1.0,0.0707925,0.86160415,-0.8552903,-1.0,1.0,-1.0,-0.79755193,0.31286657,-0.02790247,0.7558628,0.1212466
BSH2%UPI000E4418E2,1.0,0.9788818,-0.74715054,-0.7094677,-0.5721187,-0.765583,-1.0,0.6258296,-0.501254,-0.5470129,0.4116516,0.4229123,0.48917776,0.6281098,1.0,0.15257996,-0.45545787,-0.8014569,-0.81147224,0.84885365,-0.42109612,-0.13202421,0.6745066,-0.88351303,0.9125865,-0.58303773,-0.5464598,-0.49703115,-0.07177231,0.060083818,0.27289054,-0.29553866,-1.0,0.054625396,-0.2139148,-1.0,-1.0,-0.25283802,-1.0,0.01070379,1.0,0.43115175,1.0,1.0
BSH2%UPI000E4BF981,0.23723827,0.5034712,0.50302106,-0.49915573,-0.618559,0.029363498,0.1422914,1.0,0.27181506,0.034746103,-0.7179176,-1.0,-1.0,0.045553766,-0.45834312,-0.656257,-1.0,0.80199784,0.91511106,1.0,-0.2193518,-0.06412348,-1.0,1.0,1.0,0.3435392,-0.8446562,1.0,-0.6185142,-0.9474545,-0.9473465,-0.9929637,0.64800286,1.0,0.55685276,-0.44059563,0.52997375,-1.0,0.022719912,0.34759432,0.6526008,1.0,-0.43443134,-0.6701526
BSH2%UPI000E4E4D64,-1.0,-0.36401483,-0.05768362,-0.72653955,-0.23244977,1.0,-1.0,-0.65042406,-0.48196194,0.26472488,-1.0,0.7269169,0.77204955,0.09000718,0.11411224,1.0,0.44854686,0.43649718,1.0,-0.74970853,-1.0,-0.6930052,0.27286774,-0.47712982,0.5397576,0.39939028,1.0,0.016984597,0.47271305,1.0,-0.8749353,-0.04731164,0.27302337,-0.60735893,-1.0,0.24286152,1.0,-0.7898694,0.6629876,1.0,-0.54630053,-0.056980055,-0.48668736,-0.5234466
BSH2%UPI000E53DAEE,-1.0,-1.0,-0.8859422,1.0,-1.0,-0.13815674,0.8178203,1.0,-0.5228549,-0.21288693,-1.0,-1.0,-0.46378148,0.8554974,0.70430094,-0.84398043,-1.0,0.55084956,-0.70240265,1.0,0.37559804,-1.0,0.9732201,-0.881962,-0.39274657,0.7768584,-1.0,-0.04016829,-0.8617827,-0.80352867,-0.34459358,-0.86885625,0.12130819,1.0,1.0,1.0,1.0,0.9335123,0.91304076,-1.0,-1.0,-0.043885656,-1.0,-0.99254096
BSH2%UPI000E7D8CB5,-1.0,0.31419504,-1.0,1.0,-0.4516447,1.0,-0.71084,0.93668866,-1.0,-1.0,0.8122914,-0.40107626,-0.2236592,1.0,1.0,0.10151299,0.62900513,-0.97139674,-0.93443495,1.0,0.67998546,1.0,-0.22780149,-1.0,1.0,-0.29221505,0.43318537,1.0,-0.9622188,-0.6200255,-0.07893699,1.0,-1.0,-1.0,0.7055473,-0.09262575,-1.0,0.62332416,-0.9931213,0.7852722,-0.51905847,-0.37873864,1.0,0.51569784
BSH2%UPI000E80FD85,1.0,1.0,-1.0,1.0,-1.0,-1.0,-1.0,1.0,-1.0,-1.0,1.0,-1.0,-1.0,0.24095789,1.0,-0.9812821,-1.0,-1.0,-1.0,1.0,1.0,1.0,1.0,-1.0,0.36756587,0.9015681,-0.87192065,1.0,-1.0,-1.0,0.386384,0.8153904,-1.0,-1.0,1.0,-0.699723,1.0,0.59132546,-0.47163743,0.76534384,0.33276284,0.27251223,1.0,1.0
BSH2%UPI000E92006C,-1.0,-0.87867874,0.107000835,1.0,-0.9812207,-1.0,1.0,0.8897692,-0.6100062,-0.5690466,-1.0,-1.0,-0.90615,-0.38758206,-0.21163796,-1.0,-0.6497362,0.5662272,0.28930724,1.0,1.0,-1.0,-0.00839127,-0.78378475,-1.0,0.3368296,-0.73962146,0.057772513,-1.0,-1.0,-1.0,-1.0,0.30005035,0.32373923,0.4169661,1.0,1.0,0.38358936,0.48735526,-1.0,-0.68609256,0.69413835,-0.6216145,0.6649274
BSH2%UPI000EC98B2C,0.9304103,-0.26743168,1.0,-0.9070515,1.0,-0.33289206,0.7429745,-1.0,0.9772602,0.92476565,-0.27885228,0.27920344,0.2469186,-1.0,-1.0,1.0,1.0,1.0,1.0,-1.0,-1.0,-0.85698736,-1.0,0.7555289,-0.39303702,0.96558446,1.0,-1.0,-0.2696372,-0.12720495,-1.0,-1.0,1.0,0.5151335,-0.546099,0.1428289,-0.09195176,-0.9403623,1.0,1.0,1.0,0.4636913,-0.52499616,-0.780682
BSH2%UPI000ECC9F84,0.27742088,0.6282674,0.08912449,0.2502863,0.49939546,-0.70619756,-0.8123556,0.2752027,-0.68380183,0.33985826,0.57593846,-0.3340052,-0.0056261695,0.26031077,0.71627253,-0.9355697,0.28437734,0.054214194,0.037199907,0.0026296352,0.12273382,0.53331286,-0.09654067,0.26120883,0.35446283,-0.3773251,1.0,0.40228364,-0.4834377,-0.37761423,0.51561356,1.0,0.46689433,0.4188139,0.099104695,-1.0,-0.80146,-0.670982,-0.4482178,1.0,1.0,-1.0,0.5486906,0.47350672
BSH2%UPI000EE4CDBB,0.049678978,-0.58507526,0.037949793,-0.36038068,1.0,1.0,0.6139325,-0.7391882,0.38404256,0.3143365,-0.21357419,0.86922705,-0.1635195,-0.3137387,-1.0,-0.8898649,1.0,1.0,1.0,-0.3606504,-0.038134694,-0.4275487,-1.0,0.7066455,-0.80562955,-0.14593537,0.35064623,-0.7011204,0.5670965,0.013744317,-0.84310746,-1.0,1.0,0.6524067,-1.0,-0.3137532,-1.0,1.0,0.15184411,0.61286974,-0.33177096,-1.0,-0.29344487,0.5708479
BSH3%UPI000156F498,0.013184426,-0.8078512,1.0,-1.0,1.0,0.6836442,0.19481762,-1.0,1.0,1.0,-1.0,-0.0035057894,-0.054755777,-1.0,-1.0,0.28836343,1.0,1.0,1.0,-1.0,-0.71500015,-1.0,-1.0,1.0,1.0,-0.08353409,1.0,-0.48635927,-0.39442506,0.07494422,-1.0,-0.67078465,1.0,1.0,-1.0,0.9102727,0.8371413,-1.0,1.0,1.0,0.5060179,1.0,-0.8118038,-0.61121583
BSH3%UPI00016547A5,0.026767857,0.22452082,-0.4010591,1.0,-1.0,-1.0,-1.0,0.313543,-0.5919555,0.18804821,-0.11453217,0.5178453,0.917767,0.79496837,-0.08710344,0.54431695,-0.3721413,-0.037971985,-0.7207858,-0.2562178,-0.36115697,-0.23285495,0.60067785,-0.5215165,-0.13843983,0.13707519,0.30243805,-0.34624344,0.10214702,0.9413063,0.08374717,-0.66522425,-1.0,-0.92775816,-0.36113143,1.0,-0.025997857,-0.14535363,-0.5610266,-0.22249721,-0.29278997,-0.70877326,-0.21272756,1.0
BSH3%UPI00017EF3F1,0.13177688,0.87976426,-0.06703117,-0.46824193,-0.48371366,0.20666331,0.17237468,0.0010217145,-0.23639849,-0.47335947,-0.5247788,-0.685978,-0.34385294,0.21568997,-0.10524468,0.7457913,-1.0,0.08454267,-0.9653359,1.0,0.6647779,0.64625007,-0.22439632,-1.0,0.6705316,-0.43596208,-0.24821955,1.0,-0.123870045,-0.0516931,0.86055064,1.0,-0.35180312,-0.36857864,0.07229039,-0.9054655,-0.07612643,-0.56807137,-0.9967407,1.0,0.9292748,1.0,1.0,0.27918568
BSH3%UPI0001A5F983,-1.0,-1.0,-0.12975283,-0.2306413,-1.0,0.937433,1.0,0.21378054,0.9777443,0.57006335,-0.47080928,1.0,1.0,1.0,-0.5305304,1.0,-1.0,0.39791384,0.9247949,-1.0,-1.0,-0.82010335,-1.0,0.7227829,1.0,-0.36988202,0.36031425,-1.0,1.0,1.0,1.0,0.17184016,-0.013739554,1.0,-0.64135134,1.0,0.61693615,-0.67682827,1.0,-1.0,-1.0,0.8278965,-1.0,-1.0
BSH3%UPI0002132A6C,-1.0,-0.6907123,0.47667575,-0.07202647,0.28173363,1.0,1.0,0.22476208,-0.9094274,0.3032827,-1.0,-0.49242488,0.6045746,-0.86160344,0.7230729,0.7933194,-0.18299578,1.0,0.22685285,0.5613525,-0.09512412,-0.49900454,-0.86655813,-0.97748166,-0.13030635,-0.10545246,0.9457537,0.50931746,0.85894465,0.6629053,1.0,1.0,0.94951975,-0.28439635,-0.6633641,0.82953435,1.0,-0.52124554,-0.80025476,0.7148807,-0.6255635,-0.8253674,-0.7539577,-0.22670509
BSH3%UPI00033CE23D,0.081845954,0.7977744,-0.41340613,0.59818774,-1.0,-0.69696546,-1.0,0.93410635,-0.6849083,0.5781954,0.66080195,-0.06904705,0.17690402,0.9452791,1.0,1.0,-0.8378781,-1.0,-0.24876498,0.27777144,-0.52069294,0.68537664,0.70167077,0.0035436796,-0.08705262,-1.0,-1.0,-1.0,-0.47973505,-0.28772947,-0.19223751,-0.7161449,-0.93604153,-0.17619917,0.50552815,-0.2422282,-1.0,0.44105282,-1.0,-0.86385953,0.9936747,-1.0,0.48955983,1.0
BSH3%UPI00035F5DCE,-0.9704144,-1.0,1.0,-0.8931482,0.8529592,0.24647216,1.0,-1.0,1.0,1.0,-1.0,1.0,1.0,0.033217784,-1.0,1.0,-0.35060126,0.9386112,1.0,-1.0,-0.8648575,-1.0,-1.0,0.9377413,-1.0,0.67919636,-0.0758352,-0.8641276,1.0,1.0,-0.12277694,-0.988544,1.0,1.0,-0.8504255,0.69676626,1.0,-0.022655092,1.0,-1.0,-0.57655627,0.93115073,-1.0,-1.0
BSH3%UPI0004DA32C0,-0.5236727,0.083115205,0.10542388,-0.15685442,-0.17780644,-0.19865207,0.10601074,0.562018,0.24176185,-0.7518965,-0.17516293,0.16403808,-0.45686007,-0.055267397,0.25563726,-0.2868372,0.34973344,0.36408445,0.26839408,0.38258985,0.15217902,-0.15226418,-0.025849652,0.87652755,0.2797197,-0.14081539,-0.14342462,-0.21214932,-0.3388348,-0.2571467,-0.77335554,-0.6522232,0.721311,0.35711575,0.21666223,0.30377063,-0.07481595,-0.82105035,0.103985496,-0.35657564,-0.60190547,0.5305263,-0.08323389,-0.25731376
BSH3%UPI00080CB216,-0.8591726,0.60814226,-1.0,1.0,-0.920523,-1.0,0.630806,1.0,-1.0,-1.0,1.0,-1.0,-1.0,0.26734576,0.7374856,-1.0,-1.0,-1.0,-1.0,1.0,1.0,1.0,1.0,-0.6849512,-0.31110212,-0.1277839,-0.74858063,0.43660188,-1.0,-1.0,0.27235523,0.4566765,-0.87198186,-0.5417758,1.0,-0.4618068,0.22020334,1.0,-0.56213456,-1.0,-1.0,-1.0,0.9882954,0.2641491
BSH3%UPI00092A5378,-0.722882,1.0,-1.0,1.0,-1.0,0.672835,-1.0,1.0,-1.0,-1.0,0.9541478,-1.0,-1.0,1.0,1.0,-0.3343771,-1.0,-1.0,-0.90012544,1.0,1.0,1.0,1.0,-1.0,0.11103188,-0.93424314,-1.0,1.0,-1.0,-1.0,1.0,1.0,-1.0,-0.64992434,1.0,-0.5950161,0.08658902,1.0,-1.0,-0.55460155,-0.5559504,-1.0,1.0,0.11859714
BSH3%UPI0009648BEC,-0.86098903,0.61303264,-0.10302872,1.0,-0.73187095,-0.29514694,0.06760648,-0.5259333,-0.20111996,-0.6664681,0.3182806,0.23537466,-0.54968286,1.0,0.7639851,-0.12060873,-1.0,-1.0,-0.24499576,0.20486514,0.82247,0.88764024,1.0,-0.12410284,0.5934998,-1.0,-1.0,0.6512195,-1.0,-0.6735619,-0.1724164,-0.5116928,-0.36620253,0.6499689,0.8603275,-0.63318366,-1.0,-0.16729546,-0.83306,-0.9898366,-0.5332451,0.59788316,0.5571739,0.4663031
BSH3%UPI000E3F1C35,0.28744674,-0.013172556,1.0,-0.9342174,0.095624514,-1.0,-1.0,-0.91076064,0.6265453,0.9677821,0.04354606,0.04509776,0.9327504,-0.3437518,-1.0,1.0,-0.01124799,0.21812458,0.55124295,0.02256314,-1.0,-0.5661011,-0.48860973,-0.24959293,0.948262,0.6432511,0.84075296,-0.7524604,-0.040150043,0.5054669,-0.87057817,-1.0,0.7814511,-0.19407289,-0.07435041,0.96061736,0.29612353,0.09266711,0.833878,1.0,1.0,0.28392494,-0.37800568,-0.49661997
BSH3%UPI000E4DFA31,-0.13226368,-1.0,1.0,-1.0,1.0,0.47879195,1.0,-0.42442048,0.7013979,0.38165215,-0.7906241,0.014544082,-0.5928674,-1.0,-1.0,-0.95921725,1.0,1.0,0.9614733,-1.0,-0.13134502,-1.0,-0.41540152,1.0,-0.94047683,0.7034113,1.0,-1.0,0.7351805,0.21067971,-0.690508,-1.0,0.84927064,-0.068513,-1.0,1.0,1.0,0.5584227,1.0,0.528201,-1.0,0.818771,-1.0,-0.20548777
BSH3%UPI000E5302B4,0.39321887,-0.3664407,-0.009814636,-0.66662306,1.0,0.42514348,0.59107107,-1.0,-0.24055824,-0.015677776,-0.83679783,-0.4348369,0.2030243,-0.8009762,-1.0,0.102068305,0.872705,0.097925395,0.36515787,-1.0,-0.25482777,-0.5796567,-0.6466597,0.47878796,-0.22198471,-0.028374262,0.62596476,0.049306776,-0.7070545,0.50751376,0.108146064,0.13671334,0.17830192,0.702906,-0.64802986,0.4166922,0.1550699,0.19410306,0.2390951,0.7186123,0.010990935,-0.03674205,-0.32109684,0.22920765
BSH3%UPI000E555DC1,1.0,0.84234494,0.95039046,-0.45310366,-1.0,-0.40894482,-1.0,-0.6578213,1.0,0.79256266,0.73079956,1.0,1.0,0.25351804,0.12008334,1.0,-1.0,-1.0,-0.73775387,-0.10884419,-0.5839644,0.53723145,-0.23182303,-0.43782732,-0.09697359,-0.64201975,0.018188812,-1.0,0.47733128,1.0,-0.33347195,-0.35341316,-1.0,0.03267946,-0.3699583,0.8257984,-0.8278555,-1.0,-0.9624277,0.17538317,1.0,0.8197138,0.99351144,0.28876
BSH3%UPI000E902C94,-1.0,-1.0,1.0,0.71524197,0.17392679,0.3651456,1.0,0.03374379,1.0,1.0,-0.49879232,1.0,1.0,1.0,0.13886732,0.24961272,-0.5064654,-0.052265853,-0.45006362,-0.92529815,-0.6931844,-0.79993284,-0.4806879,-0.49566868,-0.35740542,-1.0,0.3804805,-1.0,1.0,1.0,1.0,0.19558081,-0.19420585,1.0,0.67231166,-0.67625415,-0.14579594,-0.46176895,-0.39573705,-1.0,-1.0,0.5860539,-1.0,-0.7411916
BSH3%UPI000ED2B3A0,0.79586977,0.17478563,0.36290473,0.57934713,0.35017335,0.37678337,0.4921988,-0.6478761,-0.5487734,-0.5209916,-0.04852914,0.49064633,-0.04992177,-0.18430366,0.40096983,-0.4187142,0.819445,0.63121843,-0.22738065,-0.70277405,-0.13299565,-0.038634557,-1.0,-0.97849905,0.6324545,1.0,1.0,0.47509006,0.18464585,0.38632748,0.249578,0.6889223,-0.1286965,-0.9287557,-0.42775756,0.43089887,0.3130443,0.45560986,0.39804453,0.9934871,0.023178166,0.25505534,0.16354817,-0.31759366
BSH3%UPI000EF23C17,-1.0,-0.14533894,-1.0,0.48231998,0.90394056,1.0,1.0,0.90369433,-1.0,-1.0,0.19885764,-0.9802056,-1.0,-1.0,-1.0,-0.7494075,0.40088674,-0.030031485,1.0,0.5065981,1.0,0.33110243,1.0,1.0,-0.97251695,0.2422991,0.14062591,-0.5158972,-1.0,-1.0,0.073704794,0.039111923,0.72516,0.48155284,0.44450113,0.34656337,-0.44229582,1.0,0.23423761,-0.7152164,-1.0,-1.0,-0.19051188,-0.6500851
BSH4%UPI0001FAB233,0.6977348,-0.08112516,1.0,-1.0,1.0,-0.4327851,-0.49277985,-1.0,0.98733616,0.47506857,-0.93110025,0.5160578,1.0,-1.0,-1.0,1.0,1.0,1.0,-0.7427871,-0.41488603,-0.32371208,-0.42618534,-1.0,-0.45189774,1.0,0.2227178,1.0,0.5475886,1.0,1.0,0.33965558,1.0,0.73841965,-1.0,-1.0,-0.2053807,0.9106855,-0.39246988,1.0,1.0,1.0,1.0,0.1124614,-0.7938147
BSH4%UPI0006BEFACE,1.0,1.0,-0.55064285,1.0,-1.0,0.8566662,-0.49235266,0.8714894,-1.0,-0.49826565,1.0,-1.0,-1.0,0.5689206,0.8956276,-0.43568817,-1.0,0.082999155,-1.0,0.75423753,1.0,0.63686836,1.0,-1.0,-0.9325718,0.40845183,-1.0,0.30531427,-1.0,-1.0,-0.056133986,0.114584915,-0.5792218,-1.0,1.0,0.18877117,-0.13565698,1.0,-0.1426501,-0.67852074,-0.19500767,0.23738636,0.8126649,-0.13293773
BSH4%UPI000822CCAE,0.9913333,1.0,-1.0,0.46749187,-1.0,0.8468737,-0.96896374,1.0,-1.0,-1.0,1.0,-1.0,-1.0,0.8007248,0.83732796,-0.97611487,0.061748594,-0.95295334,-0.9240041,1.0,1.0,1.0,1.0,-1.0,-0.3001823,-0.69796574,-1.0,1.0,-1.0,-1.0,-0.019622913,0.33750662,-1.0,-1.0,1.0,-0.87244564,-0.6648889,1.0,-1.0,0.8297519,0.016836507,-1.0,1.0,0.65453744
BSH4%UPI000D27EFA9,0.77321905,1.0,-1.0,1.0,-1.0,-0.275328,0.2321957,1.0,-1.0,-1.0,1.0,-1.0,-1.0,0.80819404,0.96145624,-1.0,-1.0,-0.10380134,-1.0,1.0,1.0,1.0,1.0,-1.0,-0.59541374,0.35121647,-1.0,0.5411984,-1.0,-1.0,1.0,1.0,-1.0,-1.0,1.0,-1.0,-1.0,1.0,-1.0,-1.0,-0.16513696,-0.74935544,1.0,0.49284628
BSH4%UPI000E54B9B5,0.7672345,1.0,-1.0,0.5530311,-1.0,0.12558061,-1.0,0.2795988,-1.0,-1.0,1.0,0.5671978,-0.38511753,1.0,1.0,-0.8475119,-1.0,-1.0,-1.0,1.0,1.0,1.0,1.0,-1.0,0.7406654,1.0,0.65175587,1.0,-0.5456602,-0.71080357,1.0,1.0,-1.0,-1.0,0.8396488,-0.9184843,-0.41801885,1.0,-1.0,-0.46119004,0.062897936,0.1449189,1.0,-0.6285457
BaiA%SRR3992974_bin_8_EOPEKEED_01051__3-oxoacyl-_acyl-carrier-protein__reductase_FabG,-0.13832566,-0.54466504,1.0,-1.0,1.0,-0.13654856,-0.029609384,-0.32915923,1.0,0.8160126,-0.85408396,1.0,1.0,-0.69208604,-1.0,0.85538423,0.21483392,0.33896416,1.0,-1.0,-0.7258223,-0.90846753,-0.9820431,1.0,1.0,-0.079349436,1.0,-0.56770295,1.0,1.0,-0.11530128,-0.3661156,1.0,1.0,-0.34846002,-1.0,-1.0,-1.0,0.45888916,0.32634902,0.14185646,0.9661567,-0.7157596,-0.9416971
BaiB%CosteaPI_2017__SID713A038-11-90-0__bin_26_fa_FGHNBBEK_00429__Bile_acid-coenzyme_A_ligase,0.92101574,-0.73590887,0.69632065,-0.36558676,-0.6021503,-1.0,-0.87848794,-0.46288466,1.0,0.8200666,-0.8224772,0.8129769,1.0,0.63381124,-0.16603732,0.8825233,-0.4644365,0.07046272,-0.24822652,-0.4612025,-1.0,-1.0,-0.3062641,-0.55018765,-0.43566817,0.34674573,0.47962198,-1.0,0.74605495,0.8989948,0.23751335,-0.31928012,-0.41473708,0.18785211,-0.8489773,0.6023898,1.0,0.20321204,0.46892393,-0.10898528,0.91811174,0.75084275,-0.7036734,-0.08401951
BaiB%bai_cluster_2%midas_uncultured_Eubacterium_73696%uncultured_Eubacterium_73696|FMDW01000013_871,0.5674185,0.4216881,0.10844045,1.0,1.0,1.0,0.5104793,-0.6612984,-0.15776242,-0.39807957,0.34938008,-1.0,-1.0,-1.0,0.52411306,-1.0,0.67679507,0.64533824,0.16461384,-0.37374672,1.0,0.16118959,-0.19193341,0.11078354,-1.0,-0.24265376,0.18755256,0.15798903,-1.0,-1.0,-1.0,-0.61955273,0.36559913,-0.6176464,0.09922152,-0.27924266,0.13213776,-0.005177589,0.102981165,0.8908148,0.5153306,-0.15846062,0.52436346,1.0
BaiB%fig|1950888_3_peg_94|__Long-chain-fatty-acid--CoA_ligase_(EC_6_2_1_3)____Clostridiales_bacterium_UBA4701_|_1950888_3_,-1.0,-1.0,0.7056846,-1.0,0.64761627,1.0,-0.99963564,-1.0,1.0,1.0,-1.0,1.0,1.0,-1.0,-0.7721831,1.0,1.0,1.0,0.89409304,-1.0,-1.0,-1.0,-1.0,1.0,0.611815,0.8933182,1.0,-1.0,1.0,1.0,-1.0,-1.0,0.5360345,1.0,-1.0,1.0,1.0,-0.41547996,1.0,0.8775003,-0.85145026,1.0,-1.0,-0.7633413
BaiCD%MEI3381486_1_FAD-dependent_oxidoreductase__Dorea_sp__,0.080168225,0.095106624,0.01181874,0.76911694,-0.7379338,0.68143874,-0.21033622,0.54024535,0.18477306,0.17250115,0.52100104,-1.0,-0.93208116,0.062032863,0.43914336,-1.0,-0.25349632,-0.49239415,-0.3558895,-0.2503981,1.0,0.6987981,0.7985168,-0.7580525,-0.3721105,-1.0,-0.35027045,0.66809404,-0.8058051,-0.4604067,-0.33374956,-0.2868561,0.8099045,0.38015598,0.57067114,-1.0,-0.17905062,0.34075993,-0.8870658,-0.3680967,0.42027056,-1.0,0.30990246,1.0
BaiCD%RaymondF_2016__P21E7__bin_22_fa_DDJCLBHB_00368__NADH_oxidase,0.7365547,0.7160323,-0.5850081,0.6369972,0.29320726,-0.90960735,0.7208854,-0.6323065,-0.4993227,0.021867596,1.0,-1.0,-1.0,-0.81003666,1.0,-0.017336823,-0.433738,0.017204884,0.15162976,0.5646146,0.81075877,1.0,0.17665257,-1.0,-0.9276813,-0.52548665,-0.85533476,0.42210078,-1.0,-1.0,0.35279128,1.0,-0.44168648,-1.0,0.8676494,-0.518758,-0.9497901,1.0,-0.936647,0.53830415,1.0,-0.89966774,1.0,1.0
BaiCD%XieH_2016__YSZC12003_35390__bin_5_fa_PIKIEFGP_00577__NADH_oxidase,-1.0,-0.33804548,-0.5243639,-1.0,-0.6274603,1.0,-1.0,1.0,-0.06824948,0.21642967,0.26704267,0.25568148,1.0,-0.21578561,1.0,0.99923027,-0.3877218,-0.33348835,0.5556153,-0.48318413,-1.0,0.29247355,-1.0,-1.0,0.6021878,0.64093524,0.5951871,0.6806603,0.12833138,0.85848343,1.0,1.0,-0.81754166,-0.53785545,0.8653407,-0.26940745,0.5987682,-0.18442813,0.3716104,0.92171824,-0.08272796,0.3116304,0.31471178,-0.030791327
BaiE%MCI8938768_1_nuclear_transport_factor_2_family_protein__Dorea_sp__,-0.61341566,-0.5631726,0.50743484,-0.2448268,0.656754,0.014046264,0.8277044,-0.7607503,0.13976823,0.37701687,-0.8541504,0.93044317,0.9020061,-0.21160898,-0.2540681,0.76133704,0.96759737,0.41697255,0.008066591,-0.6461222,0.053974167,-0.86034864,-0.10799836,-0.41098222,-0.6350873,0.38149223,0.8402516,-0.9571703,0.91364104,0.97970855,0.17325774,-0.5234391,0.56031847,-0.23680328,-0.69029117,0.667057,0.19278777,-0.41810033,0.30313846,0.4568173,-0.4750625,0.46277115,-0.9276111,-1.0
BaiE%fig|1950888_3_peg_203|__Bile_acid_7-alpha_dehydratase_(EC_4_2_1_106)_(BA7_alpha_dehydratase)_(Bile_acid-inducible_operon_protein_E)____Clostridiales_bacterium_UBA4701_|_1950888_3_,1.0,0.20214954,-0.80604696,1.0,-0.5578323,-0.51755035,-0.9015907,0.07078899,-0.82847065,-0.45022067,0.7916383,-1.0,-0.70203924,0.19533421,1.0,-0.68200755,0.10825382,-0.3689409,-0.532495,0.83217835,1.0,0.5873592,0.88694566,-0.35971242,-0.54536355,1.0,0.32037947,0.94899863,-1.0,-1.0,-0.56606144,-0.5877097,-0.7167346,0.25559267,0.6483478,-1.0,-0.87449884,1.0,-0.38768512,0.28435814,0.881964,-0.4583683,0.9843093,0.89152503
BaiF%KarlssonFH_2013__S54__bin_27_fa_BBGPADBL_00031__Bile_acid-CoA_transferase,0.40724,-0.25917977,0.48121768,1.0,-1.0,-0.76326454,0.3518202,0.9297658,1.0,-0.048011668,0.75685483,1.0,1.0,1.0,0.1179888,1.0,-1.0,-1.0,-1.0,-0.6602334,-0.58304745,-0.17436363,0.23322763,-0.263746,-0.22304061,-1.0,-0.68961436,-0.39751363,0.812213,1.0,1.0,-0.44503188,-0.32271045,-0.48434022,-0.0028578872,0.65870154,1.0,1.0,-0.3008305,-1.0,-0.8612856,1.0,-0.1684917,-1.0
BaiF%LiJ_2014__MH0358__bin_56_fa_NPCPOAJM_00305__Bile_acid-CoA_transferase,0.2186347,0.23162594,-0.2814908,-1.0,1.0,0.8830226,0.37012038,-0.91945726,-0.018515956,0.18159656,0.28800955,-0.25852913,-0.7786264,-1.0,-0.6168868,-0.4594287,1.0,0.39440265,0.35404542,0.085327245,1.0,0.5845164,-0.13054548,1.0,0.10935966,-0.9453077,1.0,0.20776051,-0.86989945,-0.6403586,-0.14609396,0.36592022,0.71736336,-0.37085655,-0.3417463,-1.0,-1.0,-0.5757724,-0.14525843,1.0,0.4304647,-1.0,0.58354414,1.0
BaiF%RaymondF_2016__P21E7__bin_22_fa_DDJCLBHB_00373__Bile_acid-CoA_transferase,-0.9965466,0.19984008,-0.4486922,-0.28690788,-0.83808464,-0.7639899,0.66718876,0.74604046,-1.0,-1.0,-0.29459143,-0.891218,-1.0,-0.28568676,-0.121589854,0.07063609,0.073254235,-0.14832911,0.0019819925,0.38568658,0.57261026,0.17603552,-0.5190487,0.36084837,-0.8799869,-1.0,-1.0,-0.3043477,-1.0,-0.9150916,0.96521556,1.0,-0.2876619,1.0,0.20617984,-0.17453633,-0.20461346,0.58881223,-1.0,-0.45391312,-0.4438625,-1.0,0.71145695,1.0
BaiF%SRR4783510_bin_28_GHBMCCFK_00008__L-carnitine_CoA-transferase,0.70770633,1.0,-1.0,1.0,-1.0,-0.35834152,-0.82514477,1.0,-1.0,-1.0,1.0,-1.0,-1.0,1.0,1.0,-1.0,-0.5124134,-1.0,-0.75624555,1.0,1.0,1.0,1.0,-0.63832027,0.95286393,-1.0,-1.0,0.9162681,-1.0,-1.0,0.13655958,0.51256347,-1.0,-0.6507297,1.0,-1.0,-1.0,0.40294334,-1.0,-1.0,-0.62395376,-1.0,1.0,1.0
BaiF%bai_cluster_2%midas_uncultured_Eubacterium_73696%uncultured_Eubacterium_73696|FMDW01000013_892,0.15570027,0.42798215,-1.0,1.0,0.07694717,1.0,0.6177757,1.0,-1.0,-0.48369777,0.86311746,-0.33778635,-0.2678731,1.0,1.0,-0.8900029,0.12670708,-0.77599883,0.16170572,0.85772836,0.47063056,0.58739346,0.44922447,0.058574162,-0.43912965,-0.6004498,-0.73650414,0.31653014,-1.0,-1.0,-1.0,-0.79766554,-0.9382974,-0.08898276,0.5533082,-1.0,-0.9451301,0.13983802,-0.28968376,-1.0,-1.0,-1.0,0.660187,1.0
BaiF%fig|1950825_3_peg_1464|__L-carnitine_dehydratase_(EC_4_2_1_89)____Clostridiales_bacterium_UBA1701_|_1950825_3_,0.54685736,0.9497845,-0.77031916,-0.015152747,-0.2757539,-0.32458207,-0.3523427,0.36216053,-0.32290456,-0.569953,0.06931215,-1.0,-1.0,-1.0,-0.6808854,-1.0,0.0740792,-0.35922745,0.19858499,0.80349135,0.92738307,-0.08754529,0.66331536,0.4066812,-1.0,-0.52126867,-0.8687097,0.46822774,-1.0,-1.0,-0.64618343,-0.31726488,0.008982489,0.0752343,-0.4323451,-0.07182107,0.22963858,0.9667648,-0.49865547,0.259758,0.8243232,-1.0,0.27799323,1.0
BaiG%LeChatelierE_2013__MH0251__bin_10_fa_BOBEKBFD_00006__Multidrug_resistance_protein_3,-0.7533516,-0.79639614,1.0,-1.0,1.0,0.76153237,-0.012114396,-1.0,0.7967286,1.0,-1.0,-0.20795442,0.42345235,-1.0,-0.40793642,0.24030381,0.8548506,1.0,1.0,-1.0,-1.0,-0.91534996,-1.0,1.0,1.0,0.21920452,1.0,-1.0,1.0,1.0,0.3937341,0.48884532,1.0,0.88860303,-1.0,0.46888602,0.3472707,-1.0,1.0,1.0,-0.11128349,0.5531025,-0.40146956,-0.7085283
BaiG%MBR4017991_1_MFS_transporter__Clostridia_bacterium_,-0.26432532,-1.0,1.0,-0.0125117265,1.0,0.5700338,1.0,-1.0,1.0,1.0,-1.0,1.0,1.0,-0.93291795,-1.0,1.0,1.0,1.0,1.0,-1.0,-1.0,-1.0,-1.0,1.0,-1.0,1.0,1.0,-1.0,1.0,1.0,-1.0,-1.0,1.0,1.0,-1.0,1.0,1.0,-0.7062463,1.0,-0.8942519,-0.677768,1.0,-1.0,-1.0
BaiG%MDY4488523_1_MFS_transporter__Candidatus_Limivicinus_sp__,1.0,0.92347157,-0.7064736,0.9917592,-0.31928408,0.23297146,-0.362001,0.043919142,-1.0,-0.18315029,0.85814184,-1.0,-1.0,-0.50931126,1.0,-1.0,0.19191661,-0.35666162,0.4662632,0.7020514,1.0,0.96419656,0.9460228,0.08221662,-0.44151667,-0.6591943,0.005252061,0.35125956,-1.0,-1.0,-1.0,-1.0,-0.7233878,-0.422654,0.0071606683,-0.67647254,-0.6400535,-0.21777904,-0.41306838,0.17262132,0.37199602,-1.0,1.0,1.0
BaiH%MEE0204071_1_FAD-dependent_oxidoreductase__Oscillospiraceae_bacterium_,-0.25225586,0.8757444,-1.0,1.0,0.08622881,0.51347256,-0.8261023,0.13306971,-0.28842026,-1.0,0.4039042,-1.0,-1.0,-0.41552258,0.47243336,-1.0,0.27694058,-0.28942266,0.3256057,0.360621,0.18045,0.5460089,-0.07711943,0.22990365,-0.116479285,0.77388877,-0.47023118,0.5937082,-1.0,-1.0,0.05716864,0.54076266,-0.1884718,0.33168948,-0.08108202,-0.6786737,0.04402715,0.42577863,-0.5496232,0.19084701,-0.2637249,-1.0,0.77779615,1.0
BaiH%Obregon-TitoAJ_2015__NO11__bin_28_fa_ODBMCAMJ_01962__NADH_oxidase,0.4899666,1.0,-1.0,1.0,0.1119062,0.40918025,-0.9700066,0.4364398,-1.0,-1.0,0.38234234,-1.0,-1.0,-0.3095674,1.0,-1.0,0.45143673,-1.0,-0.39042068,0.590561,1.0,0.9823243,0.5984278,-0.44295973,-0.47089273,-0.11584921,-0.4558464,1.0,-1.0,-1.0,0.4530878,1.0,-0.450999,-0.9814629,1.0,0.35249776,-0.010767804,1.0,-0.5535996,0.39312118,-0.50923026,-0.57927394,0.8852186,0.38017538
BaiH%bai_cluster_2%midas_uncultured_Eubacterium_73696%uncultured_Eubacterium_73696|FMDW01000013_836,-0.5653187,0.31883615,-0.6986606,-0.2962645,-1.0,-0.55095553,-0.87732744,0.7859744,-0.16656257,-0.075997,0.80337244,0.26474327,0.38038352,1.0,1.0,-0.33905143,-1.0,-0.6892406,-0.4745179,0.5554676,0.2822514,0.58876395,0.47494218,-0.6917005,1.0,0.080465555,-0.32795283,1.0,0.9989468,0.7890427,1.0,0.89676934,-0.6340165,-0.41246337,0.23125942,-1.0,-0.80273753,-0.94489217,-0.6638506,0.48163438,0.10714617,0.46040195,0.77619034,0.19326478
BaiI%QinJ_2012__CON-070__bin_41_fa_AAAKDJOM_00400__hypothetical_protein,-1.0,0.9317608,-1.0,1.0,-1.0,-0.44442227,-1.0,1.0,-1.0,-1.0,0.12700358,-1.0,-0.50089025,1.0,1.0,-0.23729728,-1.0,-0.850685,-0.14188135,1.0,1.0,0.47596017,1.0,-0.008535783,0.55525523,-0.65860516,-0.2881773,1.0,-1.0,-1.0,0.21337093,0.9726531,-1.0,0.070552014,1.0,-0.5542378,-0.58139277,0.61427426,-1.0,-0.88980734,-1.0,-1.0,1.0,1.0
