Family,3oxoDCA,3oxoLCA,7oxoDCA,Ala_DCA,Asn_CA,Asn_DCA,Asp_CA,Asp_DCA,CA,CDCA,DCA,GCA,GCDCA,GDCA,GLCA,GUDCA,Gln_CA,Glu_CA,Glu_CDCA,Glu_DCA,His_DCA,LCA,Lys_CDCA,Met_CA,Met_CDCA,Phe_CA,Phe_CDCA,Phe_DCA,TCA,TCDCA,TDCA,TLCA,Thr_CA,Thr_CDCA,Thr_DCA,Trp_CA,Trp_CDCA,Trp_DCA,Tyr_CA,Tyr_UDCA,UDCA,isoCA_aMCA,isoLCA,isoalloLCA
12aHSDH%GENOME015584_936,-7.962769e-05,-0.03512549,0.078200094,-0.0463603,0.032947253,-0.0040835897,0.035839155,-0.06515686,0.08443943,0.06107257,-0.06187112,0.05463417,0.076871336,-0.0020494673,-0.045392655,0.056348033,0.015078667,0.05683904,0.051638335,-0.04994234,-0.05345588,-0.050460078,-0.07231824,0.03261399,-0.026996698,-0.01634855,-0.015410394,-0.07127099,0.015724357,0.032984193,-0.030309487,-0.0087892115,0.056619614,0.0367959,-0.05655599,0.04798749,0.009844075,-0.008463118,0.02497444,0.009505347,0.033775903,0.03916457,-0.04077658,-0.027801108
12aHSDH%GENOME077010_272,-0.051875953,-0.046636686,0.042566694,-0.0049070786,0.0045851916,-0.01673362,0.030563151,0.005205312,0.046001192,0.037039846,-0.0042036595,0.04598912,0.044197828,0.00838861,-0.06857772,0.028425293,-0.031809352,0.012954563,-0.00067521463,-0.0338329,-0.02113895,-0.049108297,0.0040569324,0.042704646,0.007738257,0.013756585,-0.027810428,-0.054201983,0.084694445,0.07600109,0.062110625,0.0133040575,0.02636845,0.036359325,0.015987162,-0.008573544,0.004408333,-0.015552281,0.044564538,-0.041945964,-0.015571352,0.04786461,-0.063433915,-0.08996582
12aHSDH%GENOME126416_2228,0.012249527,0.03344133,-0.038483392,-0.009401377,0.0044769254,0.010457689,0.0145174125,-0.023816783,-0.024475541,-0.02762686,0.028620252,-0.0065036635,-0.0175393,0.022275118,0.0061964164,-0.038643654,0.011366946,-0.021707213,0.018064084,0.0028026516,0.023263011,0.022675265,-0.029256787,0.0016417832,-0.03867399,-0.022824647,-0.0025240236,-0.020594086,-0.036874704,-0.030222211,0.027033335,0.046831086,-0.020595903,-0.017683454,-0.0051754005,-0.021902423,-0.01739696,-0.004850567,-0.029240413,0.0039819903,-0.021205818,-0.031924956,0.03991033,0.05440143
12aHSDH%GENOME136792_1072,0.046356723,-0.022336386,0.034762092,0.020428546,0.0048316517,-0.044462834,-0.026500046,-0.025757536,0.025741577,0.021799304,2.6947484e-05,-0.030806335,-0.03328257,-0.004605614,-0.016554736,0.024690421,-0.0066136546,0.027145065,-0.035474263,-0.021558914,-0.00503444,-0.008598547,-0.0044479305,-0.04422888,-0.025266586,0.027462961,0.014518516,0.012153371,-0.016924707,-0.028526748,-0.0070435815,-0.00745994,0.007638178,-0.019967074,-0.0017747718,0.024469327,0.03787368,-0.002604474,0.029091738,0.0448432,0.048486657,0.049583454,0.008516956,-0.019553812
12aHSDH%GENOME187328_883,0.0069284234,0.036283743,-0.09350224,0.049902283,-0.077930495,-0.04056788,-0.046424408,0.041116856,-0.057168484,-0.04266602,0.038178895,-0.03455022,-0.025254872,0.044905137,0.02203515,-0.03477658,-0.052982606,-0.07450534,-0.044418823,0.061191697,0.07761312,0.039691046,0.06447991,-0.018304637,0.033477064,-0.0033131426,-0.043667328,0.06891129,-0.054787546,-0.04819754,0.04550072,0.064669244,-0.059394855,0.0018306286,0.045932084,-0.039638806,-0.033447996,0.071894616,-0.063623875,-0.056622334,-0.0052279215,-0.06001812,0.030982228,0.013539847
12aHSDH%GENOME211747_1057,0.001411564,0.0028664,-0.01690083,-0.043726586,-0.013610086,0.02828448,-0.08153146,0.019310214,-0.027653862,-0.031095559,0.012024122,-0.015159936,0.014324509,0.016410885,0.018926853,0.031525005,0.020102652,-0.028758587,0.0074374718,-0.013170617,-0.033231284,-0.0011183023,0.021700172,0.0032384056,0.022621961,0.018713884,0.03703891,0.026584957,-0.02600266,-0.0043667317,-0.029093778,-0.01879051,-0.022886977,-0.052993122,-0.0086781075,0.027762976,0.039006904,0.0076146675,0.013959059,0.05861156,-0.0021630183,0.000988128,0.0019703498,0.0076137576
12aHSDH%MBE7001463_1_SDR_family_oxidoreductase__Oscillospiraceae_bacterium_,0.04427962,0.008462499,0.019037988,0.0027869106,0.03895354,0.007406362,0.0066352226,-0.05991123,0.019553434,0.023288343,-0.0014497394,-0.021718578,-0.018918047,-0.014280465,-0.015343998,-0.009643224,0.037680198,0.017890308,0.013408277,-0.019039707,0.023845397,-0.011134072,-0.009540516,0.04783045,-0.0030539047,-0.026513048,0.017087318,-0.008742218,-0.05093276,-0.05388716,-0.061964698,-0.076363094,0.038987897,0.021068834,-0.0095830355,0.022681477,0.012535637,0.015202271,-0.0046295538,-0.02565708,0.0069434796,0.01007086,-0.010366139,-0.00014180489
12aHSDH%MBP3571641_1_SDR_family_oxidoreductase__Clostridia_bacterium_,-0.022654457,-0.06656589,0.08028606,-0.058616377,0.07174534,0.0088039115,0.019683952,-0.05411623,0.06927201,0.072407715,-0.04864943,0.03438033,0.04267471,-0.05074708,-0.0539441,-0.00017670367,0.062352702,0.048956916,0.050528362,-0.05803227,-0.053986225,-0.074669525,-0.030295305,0.06279756,-0.009884921,-0.0015690812,0.062153026,-0.07335961,0.05193109,0.04961194,0.0044163414,0.029584175,0.07037249,0.04646024,-0.07349406,0.023283983,-0.004769459,-0.07149723,0.030759936,1.5051291e-05,0.0040723793,0.037729107,-0.068670124,-0.0154597545
12aHSDH%MBR0327374_1_SDR_family_oxidoreductase__Clostridia_bacterium_,-0.08809488,-0.059492264,0.05247138,-0.0569499,0.023323929,-0.028005088,0.044734817,-0.022010488,0.033154067,0.009194004,-0.08290188,0.078378126,0.07575604,0.014441201,-0.027107783,0.05603209,0.034318175,0.036903415,0.049120083,-0.03271153,-0.039200377,-0.04753488,-0.05715338,0.07042736,0.10754831,-0.066640645,0.03677076,-0.05270645,0.056489315,0.086060375,0.0029028086,-0.0036287145,0.06611691,0.047562547,-0.029805629,-0.016260171,-0.022484798,-0.04840948,-0.011674455,0.003313041,0.0006481963,0.013738795,-0.04896585,-0.024002286
12aHSDH%MBR6823493_1_SDR_family_oxidoreductase__Bacillota_bacterium_,-0.05055131,0.01716346,-0.053480882,0.025131606,-0.011917751,0.022423798,-0.018039413,0.042423535,-0.057757195,-0.0744433,-0.008911062,-0.030586796,-0.023056135,-0.004037893,0.028140185,0.017576303,0.009283489,-0.016456282,0.035936777,0.024370952,0.030443799,0.00557644,0.051383004,0.019319503,0.044513516,-0.05322296,-0.012791945,0.017489856,-0.042196654,-0.019668233,-0.003830902,0.0025671464,-0.023308987,-0.009755835,0.02511318,-0.036403574,0.0025201407,-0.013758523,-0.036334198,-0.014151781,-0.015602563,-0.03916192,0.028980806,0.0006735686
12aHSDH%WP_055231566_1_SDR_family_NAD(P)-dependent_oxidoreductase__Anaerostipes_hadrus_,-0.049974866,-0.04046183,0.015145158,-0.014964752,0.06492123,0.03492498,0.08123698,-0.008597779,0.018089443,0.0010760374,-0.037496567,0.0020445166,-0.01490489,-0.045826998,-0.05870769,-0.038551066,0.0592087,0.028045826,0.04897664,-0.030193532,-0.020150417,-0.034056827,-0.0077692647,0.072686344,-0.015125254,0.0106942,0.0069273245,-0.041472226,0.019921547,0.00796255,-0.00078404933,-0.027115224,0.049921256,0.056010786,0.016266037,0.01603385,-0.007381567,-0.016837962,0.039520063,-0.020561127,-0.042219676,-0.032064628,-0.037850525,-0.016356722
12aHSDH%WP_103229430_1_SDR_family_NAD(P)-dependent_oxidoreductase__Clostridium_sp__chh4-2_,0.032455865,0.0008009303,0.045535706,-0.024788532,0.051066462,0.010496838,0.014359511,-0.038140144,0.031888753,0.0043374044,-0.02538998,0.011921985,0.012900135,-0.02620468,-0.036353998,-0.017073577,0.04419718,0.027351236,0.022910563,-0.03728135,-0.019568276,-0.011749211,-0.031838465,0.022344356,-0.056970276,0.031483267,0.027826855,-0.012058889,0.010081726,0.020739336,-0.017447269,-0.013456689,0.018475942,0.01150668,-0.0052176523,-0.010247681,-0.0066561867,-0.003513819,0.04615012,0.0054280055,-0.013218024,0.06610633,-0.01396155,-0.018995183
12aHSDH%WP_130435990_1_SDR_family_NAD(P)-dependent_oxidoreductase__Cuneatibacter_caecimuris_,0.024556201,0.03015318,-0.0017033863,0.036218178,-0.057829585,-0.044982873,-0.06686683,0.0345722,-0.023182986,-0.0383012,0.04293832,-0.00036449227,0.0026697854,0.027843123,0.011433151,0.0627618,-0.083772294,-0.050561886,-0.071313426,0.02126313,-0.017180685,0.043161567,0.010346567,-0.068203114,0.041525997,0.017885651,-0.027684145,0.05096703,0.022458846,0.03378273,0.08872507,0.07411905,-0.05093971,-0.0599437,0.055274226,0.0051776045,0.039394442,0.0060960758,-0.021481536,0.028998945,0.007881483,0.023307879,0.033277407,-0.036778454
12aHSDH%WP_160708750_1_SDR_family_NAD(P)-dependent_oxidoreductase__Enterorhabdus_sp__P55_,-0.00019551412,-0.017604813,0.043352965,-0.013439343,0.034723703,0.021176009,0.014298951,-0.041451108,0.03181983,0.046756983,-0.037866894,0.00020269543,0.0021454915,-0.063911095,-0.033977006,-0.007801947,0.024540108,0.012242588,0.005493036,-0.03515451,-0.012539128,-0.04622643,-0.039598837,0.01986871,-0.00035929843,-0.004297208,0.019143242,-0.015669677,0.017236004,0.015575106,-0.013590297,0.009960819,0.041098334,0.041712698,-0.024926042,0.0051656836,0.025328465,-0.009726517,0.025270917,-0.015633667,-0.0029980228,0.03389654,-0.033891756,-0.031395007
12aHSDH%WP_161844252_1_SDR_family_NAD(P)-dependent_oxidoreductase__Pseudoflavonifractor_sp__524-17_,0.04876157,0.022824902,-0.0054517044,0.047241706,-0.0056126453,-0.0067870524,-0.012325649,-0.011516787,-0.039011486,-0.031376928,0.027672732,-0.040022805,-0.0374915,-0.01855139,0.018832933,-0.01955667,-0.004626896,0.025831185,-0.026471447,0.048722506,0.030110858,0.031140555,0.03947869,-0.086080596,0.03127647,0.07613581,0.0064563258,0.046579175,-0.012291674,-0.027979009,-0.005580015,-0.011850045,-0.011318957,-0.062642865,0.027092678,-0.011766719,0.037578825,-0.0034928261,-0.0007813897,0.024641648,0.010513392,0.033119485,0.04987786,-0.015450027
12aHSDH%WP_418471294_1_SDR_family_NAD(P)-dependent_oxidoreductase__Eggerthella_sp__,-0.02058775,-0.04435531,0.075696275,-0.049886767,0.032749243,0.032255534,0.03200778,-0.058410004,0.06462127,0.09150462,-0.0587665,0.06872757,0.05326073,-0.044620503,-0.004130727,-0.007284475,0.03823703,0.032379128,0.059648257,-0.04971528,-0.03995934,-0.050776042,-0.09005369,0.055160716,-0.0074755033,0.0051128035,0.062399317,-0.018289594,0.07068236,0.06934001,-0.05084205,-0.03251137,0.048507884,0.03725206,-0.08205904,0.06195048,0.019507306,-0.03472938,0.040231515,0.051556576,0.0023549423,0.02481947,-0.04255016,-0.035843257
12bHSDH%GENOME225741_180,-0.009795845,0.051760856,-0.046585754,-0.03740653,-0.036554735,0.03690563,-0.013199082,0.081767015,-0.027787268,-0.06222812,0.06903989,0.04788527,0.008347325,0.047722783,0.0072194696,-0.020262396,-0.0058266884,-0.017354537,-0.031077206,0.05680363,-0.016278088,0.07479202,0.03120068,-0.035481554,0.10603758,-0.041680746,-0.067518085,0.009321344,0.011230372,-0.0054002423,0.071485616,0.06550891,-0.04537271,-0.0059705353,0.04913863,-0.053714484,-0.06144285,0.022989113,-0.03870444,-0.08088402,-0.02025455,-0.051087316,0.044174723,-0.011666204
3aHSDH%3aHSDH%HJB56827_1_3-oxoacyl-ACP_reductase_FabG__Candidatus_Flavonifractor_intestinipullorum_,0.06085144,0.05597346,-0.07592578,0.06446712,-0.08929124,0.0067084646,-0.050989725,0.05228022,-0.07036165,-0.072460294,0.073753156,-0.056101304,-0.044930264,0.055530153,0.059467606,-0.007829192,-0.06558806,-0.118059546,-0.08509937,0.053129483,0.06284941,0.046009492,0.09239874,-0.05517776,-0.038251206,-0.014205361,-0.0667606,0.025596602,-0.06322086,-0.06540678,0.05377124,0.043212313,-0.10426797,-0.014323303,0.06313481,-0.027895248,-0.037444316,0.10316064,-0.08635084,-0.049326472,-0.0076578283,-0.03200265,0.04346223,0.034716483
3aHSDH%3aHSDH%MBO5160353_1_3-oxoacyl-ACP_reductase_FabG__Lachnospiraceae_bacterium_,0.05645802,0.024853706,-0.01099343,0.015714426,-0.018931821,0.07746431,0.019087352,0.068319306,-0.023405273,-0.01984473,0.008986966,-0.030986413,-0.021262754,-0.022978993,-0.015195136,-0.04159037,-0.042966183,-0.0020254205,0.030134363,0.049792632,0.011768392,-0.0013849447,-0.016122473,-0.05695081,-0.07311524,0.01978899,-0.00550477,0.035032682,-0.03299715,-0.030211985,-0.029006906,-0.018461287,0.0028918823,0.015485074,0.047894463,0.0049173366,0.008958054,0.019373054,-0.009721629,-0.017472904,0.013763667,-0.0017021144,0.012290312,-0.020371836
3aHSDH%3aHSDH%MBQ7891058_1_3-oxoacyl-ACP_reductase_FabG__Erysipelotrichaceae_bacterium_,0.12100766,0.1215724,-0.08464278,0.045562472,-0.044215117,0.0027222217,-0.060110997,0.063759625,-0.057714902,-0.07224643,0.123526886,-0.08402216,-0.059552647,0.07838426,0.103554085,-0.07209548,-0.047546335,-0.0820638,-0.10766742,0.10794342,0.06784126,0.13572162,0.055024125,-0.10639065,0.013799735,-0.04078223,-0.03348823,0.11218593,-0.066238046,-0.077741385,0.078756034,0.08143308,-0.10837278,-0.10215476,0.052812148,-0.06467929,-0.079248056,0.021130262,-0.08811599,0.011444295,0.012646676,-0.07424108,0.129556,0.08244038
3aHSDH%3aHSDH%MBR6526164_1_3-oxoacyl-ACP_reductase_FabG__Clostridia_bacterium_,-0.020479865,-0.015953638,0.024692843,-0.020954711,0.035734225,0.009276706,0.062034443,-0.0018827326,0.022975987,0.010904124,-0.03195912,-0.02141009,-0.02932189,-0.05196987,-0.0614312,0.007105118,0.018509157,0.041628867,0.03445396,0.005897716,0.0046487306,-0.035783272,-0.044282824,0.027660856,-0.010812129,0.011036361,0.023975398,0.023182854,-0.023497874,-0.02119868,-0.014251138,0.0010836279,0.043819185,0.021962248,-0.025511146,0.021228937,0.02773272,0.0016934893,0.041364647,0.031207552,0.01688929,0.023261042,-0.027945178,-0.023653943
3aHSDH%3aHSDH%MCI8514525_1_3-oxoacyl-ACP_reductase_FabG__Lachnospiraceae_bacterium_,-0.00663221,-0.0003589353,-0.024966462,0.0051088827,0.013642893,0.04870919,-0.00022358239,0.056370374,-0.032743435,-0.046242118,0.0038530317,-0.017304746,-0.028343339,0.0088579245,0.039046783,-0.06231558,0.018898595,-0.015942631,0.028109176,0.046683446,0.00543505,0.007538057,-0.041803643,0.022662263,0.0323016,-0.011375683,-0.010005998,0.004625955,-0.00860083,-0.013162209,-0.0026250898,-0.0010390022,-0.013944622,0.0223196,0.015610394,-0.025173564,-0.038472176,0.004716971,0.003073706,0.023303345,-0.056253973,-0.036771968,0.021177838,0.01729254
3aHSDH%3aHSDH%MCM1345206_1_3-oxoacyl-ACP_reductase_FabG__Muribaculaceae_bacterium_,-0.037648205,0.008819066,-0.047904078,0.0253051,-0.06875978,0.014684725,0.008124305,0.055764195,-0.03228792,-0.013873878,-0.0060585327,0.013513812,0.056625217,0.03406606,0.015820276,0.035092376,-0.033765774,-0.03999715,-0.013446737,0.03338801,-0.0040486567,-0.019825863,0.037706703,-0.069223,0.012043175,-0.06408883,-0.058858152,-0.031931438,0.046096705,0.07608356,0.0794622,0.04966028,-0.033197656,-0.029449482,0.02995263,0.024296837,0.028924845,0.014266945,-0.04429393,-0.050033484,-0.04994217,-0.051258802,-0.008517432,-0.024034988
3aHSDH%3aHSDH%WP_062304377_1_SDR_family_NAD(P)-dependent_oxidoreductase__Sellimonas_intestinalis_,0.0041846754,0.0056226472,-0.0014430803,0.0218962,0.005657847,0.027108587,-0.004542582,-0.047611207,-0.0015401234,-0.01603297,-0.013330682,-0.055646032,-0.063887015,-0.026711402,-0.0036695693,-0.023567542,0.021132264,-0.039212316,0.014682323,-0.031928036,0.018073367,-0.005304551,0.016106345,0.038534943,0.022245549,0.024823336,0.01639075,0.039122805,-0.032411978,-0.045907304,-0.022458052,0.035269957,-0.020210678,-0.010691277,-0.003764288,0.026966684,0.027857387,0.0068068206,0.023745146,0.019825444,0.037323393,0.016411716,0.0010894767,-0.0062818336
3aHSDH%3aHSDH%WP_117582908_1_MULTISPECIES__SDR_family_NAD(P)-dependent_oxidoreductase__unclassified_Collinsella_,0.0033638733,0.026811631,0.017809253,-0.04866205,0.035547856,0.060092308,0.056656774,-0.0022396513,-0.0013117102,-0.013170676,0.011037485,-0.026312405,-0.021958964,0.00017846975,-0.030557811,-0.03612957,0.052110348,0.025325658,0.014088993,0.045369152,0.08075138,0.015995353,0.0002515234,0.0051296675,0.013792396,0.01029944,-0.03360177,-0.006379276,-0.024427703,-0.033405475,-0.015925776,0.0023207932,0.023163632,-0.017694999,-0.009241303,0.0010383314,-0.060324308,0.004503522,-0.00016241938,-0.0031737816,-0.010982539,-0.0058513936,0.023176434,-0.022990284
3aHSDH%3aHSDH%WP_226969791_1_SDR_family_oxidoreductase___Ruminococcus__lactaris_,-0.088123195,-0.03437069,0.03327825,-0.06093049,0.049651526,0.035342317,0.08818187,-0.044468097,0.00946156,0.0028866634,-0.056534395,0.027604634,0.016981067,-0.049477495,-0.0746542,0.05192348,0.017000105,0.023287399,0.054323353,-0.021622084,-0.0041172225,-0.04868455,-0.030775659,0.021974655,0.033733767,-0.02241695,0.022435753,-0.026382975,0.054913927,0.056433536,0.015985737,0.010649583,0.05024135,0.005662527,-0.007110636,0.048553597,0.05108418,-0.060288824,0.029121041,0.046639938,-0.026573895,0.028621087,-0.05361074,-0.042442754
3aHSDH%GENOME060426_131,0.037910048,0.050249442,-0.05320774,0.03939623,0.025798313,-0.005212379,0.0075211944,0.034688104,-0.041590367,-0.048734732,0.041061144,-0.07807737,-0.099345304,-0.035552528,0.01772289,-0.08727664,-0.005083751,-0.0038532475,-0.03013316,0.055416886,0.077371165,0.04063891,0.011468186,-0.01118903,0.010727396,0.0026050848,0.010458307,0.043890625,-0.039032638,-0.05040256,0.053119406,0.07816846,-0.0069869137,-0.024831574,0.0105766,-0.04610086,-0.031821184,-0.0064520035,-0.0026144206,0.01712265,0.008091933,-0.016168334,0.041212115,0.013553275
3aHSDH%GENOME084620_3418,-0.030588944,-0.016708856,0.020370057,0.002821816,0.0025938111,-0.04259777,-0.012136858,0.027962878,0.035048634,0.021575429,-0.024417743,-0.019455142,-0.024361346,-0.022249883,-0.0043038093,-0.010573952,0.0025116457,0.0137042375,-0.007722875,0.00658086,-0.020840796,-0.010343218,-0.02238442,0.013171301,0.05331112,-0.003286285,-0.0016071069,0.03304487,-0.025489772,-0.04596472,-0.059899297,-0.044023618,0.028436547,0.029107034,0.00904064,0.044167567,0.02260432,0.005482294,0.025983166,0.016516786,0.013945976,0.0045761866,-0.012427372,-0.0044656848
3aHSDH%GENOME084674_3322,0.01115658,0.03640139,-0.019098938,-0.01172336,-0.016405644,0.028807,0.02224867,0.043358985,-0.027068896,-0.05306792,0.03032968,-0.0133826425,-0.040201176,0.0006624348,-0.012208913,-0.033972893,-0.016693968,-0.01735186,-0.017712932,0.036630336,0.023603039,0.042736806,0.03509579,-0.024809351,0.009111223,-0.016839879,-0.04647427,-0.0056097046,-0.052523814,-0.047389172,0.018789403,0.028284753,-0.022602616,-0.005434494,0.040949572,-0.0058839796,0.030022,0.027936094,-0.017223926,-0.038293842,-0.009010308,0.00471811,0.025336932,-0.013598845
3aHSDH%MBQ9141038_1_SDR_family_oxidoreductase__Lachnospiraceae_bacterium_,-0.033031475,-0.017671706,-0.022873783,0.023489676,-0.050307788,-0.014042925,-0.031867065,0.00644922,0.007573924,0.015874336,0.019891057,0.078798324,0.05867316,0.06036779,0.023647668,0.027946807,-0.02091797,-0.06363535,-0.02099583,0.01123622,-0.03372511,-0.0019046935,-0.00012562102,-0.021495705,-0.018399123,-0.024230959,-0.036322035,-0.019476557,0.04526275,0.055744253,0.057898674,0.036796525,-0.058071148,-0.01824214,0.005879876,0.0026565553,-0.015915217,0.017731462,-0.051436488,-0.08419753,-0.025931396,-0.008057083,-0.019455308,0.005323665
3aHSDH%MCI8931631_1_SDR_family_oxidoreductase__Lachnospiraceae_bacterium_,0.05105387,0.052961875,-0.0073985695,-0.011647901,0.024686314,0.06929991,0.0014861285,-0.014308568,-0.046604577,-0.03070798,0.053575348,-0.017747603,-0.04532933,0.012965243,0.02832938,-0.07595088,0.023941142,-0.03231285,-0.036267206,-0.050900027,-0.00265466,0.05000915,0.004922641,0.02891413,-0.048193097,0.013816541,0.01230102,-0.010282645,0.012582165,-0.011400909,0.035461184,0.044932354,-0.031677525,-0.015681325,-0.00096021296,-0.02295578,-0.051318184,-0.0044678706,-0.011596576,-0.024609733,-0.017336823,-0.02520362,0.03273869,0.047536157
3aHSDH%MCM1266841_1_3-oxoacyl-ACP_reductase_FabG__Bacteroidales_bacterium_,0.04638484,0.005177459,-0.0077027865,-0.01738458,0.010492402,0.02010103,0.064678326,-0.018476605,0.008968081,-0.018963533,-0.0056510465,0.045315366,0.035929814,0.011773165,-0.032664184,-0.012634353,0.01614403,0.020851774,-0.001919785,-0.01063134,-0.004060968,-0.010685256,-0.007678677,0.05517691,-0.02514067,0.046220608,0.013912733,-0.0039647287,0.013886252,0.0057801767,-0.0049333093,-0.021335986,0.0044474574,0.016961759,-0.049524404,-0.02678292,-0.06595287,0.015437561,0.002037957,-0.035736725,-0.015282596,-0.019566283,0.0146310795,0.018979505
3aHSDH%MCR4878926_1_SDR_family_NAD(P)-dependent_oxidoreductase__Bacteroidales_bacterium_,-0.08875401,-0.02100601,-0.004675397,-0.0018128781,-0.020705111,0.020766107,-0.012780819,0.049390245,-0.01649769,-0.022829765,-0.034099583,0.033478674,0.07762303,0.049401645,0.039834026,0.057001818,-0.015966095,0.0048299655,-0.0084816255,0.005074118,-0.027514996,0.0070673884,-0.055692703,0.03730718,0.11819788,-0.036593016,0.041740924,0.046735894,0.05981815,0.10258058,0.03035263,0.06234799,-0.025744166,-0.03581257,-0.0046487027,-0.04333756,-0.023436436,-0.09661046,-0.017990883,0.05535287,0.0013035318,-0.029785179,-0.0018837997,0.0041542593
3aHSDH%MDE7008868_1_3-oxoacyl-ACP_reductase_FabG__Lachnospiraceae_bacterium_,0.010606783,-0.01220589,0.032435115,-0.013832812,-0.009217126,0.04616802,0.023796914,-0.0005897358,0.0008971361,-0.0078750895,-0.056292284,0.047664084,0.06613043,0.045478333,0.037351396,0.045178816,-0.041524842,0.040325534,-0.012553941,0.0055305935,-0.03928724,-0.029549548,-0.024599524,0.007851988,0.048438743,0.0027775287,-0.00082770607,0.014353108,0.08037039,0.086594015,0.026504552,0.03479763,0.0069812923,-0.00931048,-0.015852096,-0.0002862176,0.015362989,-0.06570168,-0.016678743,-0.022344984,-0.030410748,0.026103541,-0.017704368,-0.057959832
3aHSDH%MDE7282987_1_SDR_family_oxidoreductase__Lachnospiraceae_bacterium_,0.025998402,0.03295903,-0.0027247148,-0.04181905,-0.0349132,-0.03884478,-0.02531965,0.0049582385,0.022166258,0.010760355,0.061669353,0.08352641,0.07691485,0.07323297,0.018249424,0.052046116,-0.03200469,-0.0358335,-0.033933505,-0.006788913,-0.050661664,0.053700447,-0.0077906726,-0.0004977188,0.04965389,-0.05458435,-0.017835453,-0.047605067,0.0681569,0.07622162,0.08524115,0.054544043,-0.06030409,-0.034530174,-0.008634295,-0.04192698,-0.042283144,-0.013320429,-0.042136144,-0.031056337,0.018276349,-0.0069614453,0.02846064,0.0063596787
3aHSDH%MDE7415347_1_SDR_family_oxidoreductase__Lachnospiraceae_bacterium_,-0.0038386448,0.09591553,-0.07950435,0.058154482,-0.048116274,-0.01257417,-0.020148644,0.07896632,-0.10801345,-0.11642974,0.06197984,-0.11412008,-0.10858436,0.012468335,0.06269699,-0.08982255,-0.06013024,-0.10861919,-0.0032414584,0.042131983,0.025039326,0.08346508,0.08158391,-0.03277331,-0.01259605,-0.02241954,-0.060378045,0.06812522,-0.07602966,-0.09143015,0.05353688,0.073316544,-0.06689365,-0.048743524,0.052888073,0.016665278,-0.0015699996,0.02377963,-0.053188615,-0.027902592,-0.04446088,-0.05455768,0.06761686,0.053911544
3aHSDH%NBI02399_1_3-oxoacyl-ACP_reductase_FabG__Lachnospiraceae_bacterium_,0.015556345,-0.05045409,0.06904603,-0.016024869,0.040147897,-0.0023726074,-0.0024636416,-0.047880292,0.07437814,0.05548291,-0.024779119,0.040663246,0.04890431,-0.029119903,-0.022005992,0.025562067,0.044524357,0.027103927,0.017035928,-0.07139195,-0.070988104,-0.04729956,-0.061227266,0.04626363,-0.028025227,0.02431072,0.021618102,-0.014927524,0.043732233,0.038365196,-0.03575362,-0.029705318,0.025452442,0.022004068,-0.023235116,0.016622938,-0.056012344,0.02824945,0.055443544,0.036325995,0.047962733,0.03897182,-0.040923215,0.01673498
3aHSDH%WP_044950032_1_SDR_family_NAD(P)-dependent_oxidoreductase__Mediterraneibacter_gnavus_,-0.025489086,-0.13734716,0.11872381,-0.041278858,0.083304994,-0.04054689,0.027514284,-0.08222942,0.12446728,0.12037917,-0.09481389,0.086163074,0.08961752,-0.07788109,-0.07655968,0.088106975,0.06304326,0.082466505,0.025600709,-0.116304815,-0.08409421,-0.13981691,-0.08173472,0.07545763,-0.05909885,0.07275925,0.026487434,-0.076861456,0.11169651,0.09892753,-0.03504499,-0.07596085,0.09333972,0.02394573,-0.069670856,0.06324684,0.07084861,-0.01960355,0.13586012,0.03532216,0.054169957,0.089574,-0.11980073,-0.058351744
3aHSDH%WP_104968339_1_3-oxoacyl-ACP_reductase__Streptococcus_pluranimalium_,-0.066842966,-0.057754204,-0.0066746427,0.010342971,0.02082242,0.06640628,0.037916876,-0.040581036,-0.016596207,-0.0049662367,-0.02819247,0.011641601,0.006255353,-0.018106207,-0.01374883,0.0011820483,0.016207699,0.029121287,0.012105151,-0.03005271,0.00034325133,-0.054594904,-0.032641225,-0.0015054324,-0.055326395,0.039959066,0.020757563,-0.007549722,-0.0010765889,0.007891606,-0.02620575,-0.036605515,0.0180464,0.01672446,-0.004879141,0.046318702,0.052834734,0.023848463,0.023333147,0.019491099,-0.03708262,-0.0155514525,-0.059137367,0.023329489
3aHSDH%WP_109137584_1_SDR_family_oxidoreductase__Bifidobacterium_catulorum_,0.022565234,0.02229545,-0.012626021,0.011252706,-0.011084387,-0.007921861,-0.020980787,-0.01660784,0.0022370631,-0.011696268,0.015901508,0.04156142,0.041301623,0.057614956,0.00967995,0.034466445,0.0004307002,-0.04134001,-0.036485914,-0.007969745,-0.027447522,0.012655199,0.05323161,-0.026699781,0.012338545,-0.042183176,-0.034924448,-0.012652219,0.018859845,0.034510147,0.05985849,0.025301106,-0.023976665,0.0011170083,0.011900344,-0.05527312,-0.032452095,5.2034065e-06,-0.05216108,-0.05455465,-0.00036053403,0.004906677,0.019515997,-0.0038805055
3aHSDH%WP_117562420_1_SDR_family_NAD(P)-dependent_oxidoreductase__Enterocloster_aldenensis_,-0.02255669,-0.03211988,0.040500764,0.0105077615,0.04158316,-0.037188336,0.03639779,-0.037578914,0.010842305,0.014835458,-0.04231972,-0.02528826,-0.009863891,-0.06594732,-0.025841603,0.0037982052,0.0516246,0.029037924,0.031704318,-0.02490134,-0.02428947,-0.028087761,0.003547443,0.03485166,-0.033669382,0.05362752,-0.0051028216,-0.009362294,0.0066327965,-0.0013257206,-0.017176954,-0.011591121,0.034644008,0.009914066,-0.039241772,0.037056606,0.034065064,-0.04035538,0.06345105,0.029653935,-0.008605151,0.042534526,-0.023404095,-0.016532542
3aHSDH%WP_182279434_1_SDR_family_NAD(P)-dependent_oxidoreductase__Collinsella_intestinalis_,-0.005283781,0.010386134,0.0038677752,-0.01492557,0.0059277173,0.028018046,0.023657436,0.0047677294,0.015527473,0.009597466,0.022044139,0.021597527,0.033681933,0.005993611,0.010326071,-0.0055892854,0.0068572816,-0.008739536,0.015768908,-0.0025187882,-0.0019517791,0.019468276,-0.036784746,-0.0049646376,0.04009633,-0.003410519,0.007095232,-0.0140344715,0.022211893,0.027518002,0.008205769,0.03751019,0.026797993,0.008554253,0.0098521,-0.040717963,-0.05186275,-0.029348563,0.0083907535,0.013274982,0.0039377324,-0.02067044,0.017256986,-0.031995554
3aHSDH%WP_377204125_1_MULTISPECIES__SDR_family_oxidoreductase__unclassified_Pseudarthrobacter_,-0.009601255,-0.018518561,0.02391479,-0.026565623,0.04042698,-0.012090619,0.047531202,-0.00845817,0.017310167,0.020779438,-0.039725576,0.07252228,0.06284257,-0.0040577096,-0.01225299,0.06372271,0.03193647,0.025681265,0.041287184,0.003985894,-0.027444573,-0.02010497,-0.028624311,-0.013004783,-0.02467971,0.034028612,0.015026016,-0.007687683,0.044661622,0.041402735,-0.025765326,-0.017767692,-0.0010311608,-0.081985176,-0.02794752,0.05902556,0.05939784,-0.011776434,0.025576927,0.00398667,0.0026944124,0.027376207,-0.0016834936,-0.046238087
3aHSDH%WP_427737837_1_SDR_family_NAD(P)-dependent_oxidoreductase__Bariatricus_sp__SGI_154_,0.05085358,-0.013848467,0.043350033,-0.01670099,0.008629184,0.012399164,0.051115356,-0.022193646,0.01899421,0.009535467,0.0038477227,0.006545601,-0.00267515,0.011144,-0.014135325,0.0089081265,0.011347976,0.04599863,0.027510643,-0.020284304,-0.023994496,0.010402772,-0.041643538,-0.044624675,-0.01578952,0.008914668,-0.024566267,-0.0017374541,0.04302143,0.024977658,0.021031762,-0.021600794,0.0025657,-0.024564482,-0.010198086,-0.010743583,0.020678714,0.004515953,-0.004308003,0.015680067,0.017523052,0.023893876,0.012926761,-0.027315455
3bHSDH%GENOME124823_1686,0.04773961,0.0021964617,0.012089939,-0.009308472,-0.0037268617,-0.011158331,-0.030192664,-0.018832503,0.023217319,0.0532929,-0.012083841,-0.0038146097,0.029968094,-0.020340016,-0.026038427,0.0037542295,0.0023392157,-0.046660133,0.00052969804,-0.035646304,-0.0032685818,-0.011443134,0.009331558,-0.018757999,-0.06208672,-0.027284019,-0.010967822,-0.04930217,-0.030349014,-0.0070798337,-0.044587463,-0.040315546,-0.0007504961,0.029446118,0.023640238,0.01926713,0.05541573,0.011869039,-0.030217187,-0.029547274,0.025838483,0.005285712,-0.0007630078,0.016500024
3bHSDH%MBS6646402_1_glucose_1-dehydrogenase__Clostridiaceae_bacterium_,0.008167841,-0.065267436,0.04865226,0.00891659,0.043825146,-0.057563804,0.013309148,-0.01724133,0.043551594,0.03391976,-0.044596054,0.012133756,0.01811434,-0.036765628,-0.03308524,0.0036076733,0.003863753,0.06470315,0.009706906,-0.051983386,-0.0044582556,-0.0662985,-0.027961126,0.002330966,-0.059875082,0.03654094,0.016362354,-0.020630445,0.036183376,0.031969626,-0.015328849,-0.03506592,0.03125751,-0.0015181447,-0.024881607,0.014104259,0.026208233,0.011063106,0.06676051,0.0045163897,-0.0010726358,0.041639503,-0.028913032,-0.012392921
3bHSDH%WP_100933575_1_SDR_family_NAD(P)-dependent_oxidoreductase___Clostridium__innocuum_,0.042571172,-0.07288399,0.13719276,-0.10128353,0.11960597,-0.0037212044,0.070908785,-0.1055959,0.10045885,0.09585786,-0.08671169,0.049040664,0.049786348,-0.13501802,-0.1010745,0.025615597,0.11804399,0.10024759,0.059312373,-0.12256554,-0.047191273,-0.108974926,-0.083422944,0.08941532,-0.05306845,0.10293284,0.11924024,-0.03553574,0.0861422,0.06348967,-0.082040764,-0.066252545,0.08659336,0.023012117,-0.10024725,0.0494606,0.06119776,-0.06303395,0.11259327,0.05026805,0.058199767,0.12202238,-0.10504327,-0.042641826
5AR%GENOME006039_2690,-0.009385431,-0.0051239454,0.019051537,-0.025319992,0.010338509,-0.004343712,0.029104162,-0.011467135,0.01781183,0.0074819345,-0.008540595,0.022630332,0.01802678,0.0061851214,-0.021090029,-0.009522076,-0.004747806,0.039712023,0.024217922,-0.012053563,-0.018911205,-0.01768362,-0.004473493,0.02586232,-0.020483077,0.0009890997,-0.011704053,-0.036997274,0.01776934,0.028488953,0.0018066269,-0.031255353,0.016487202,0.029698424,-0.00521259,-0.0066919983,0.009855289,-0.025596306,-0.002715974,-0.010283198,-0.02892245,0.026358008,-0.030744193,-0.017130347
5AR%GENOME012336_2253,0.048324414,0.050881524,-0.03329835,0.023294576,-0.028070314,-0.013943622,-0.011349992,0.05003975,-0.063005716,-0.027218502,0.022498691,-0.051807925,-0.04537566,0.01554767,0.049933072,-0.007624114,-0.008855076,-0.0568397,-0.073173165,0.03385191,0.048171744,0.032513566,0.0016277453,-0.046778664,-0.018629033,-0.009433624,-0.01647011,0.037772983,-0.070128135,-0.06971039,-0.033296455,-0.027075447,-0.03940837,-0.017989203,0.037126776,-0.008248515,-0.0095586935,0.034795336,-0.041366145,-0.015092985,0.03404936,-0.02532696,0.049183443,0.07793117
5AR%GENOME013886_753,-0.031898607,0.009296719,-0.01665357,0.03726476,-0.032522064,-0.00092052104,-0.030089356,0.020380078,-0.011235728,-0.008664343,0.00419588,0.012659777,0.009967494,0.038687523,0.03487016,0.01104228,-0.034263358,-0.0365921,-0.016664403,0.012004161,0.027378349,0.002524695,0.03657326,0.014457028,0.012436672,-0.0379296,-0.06393755,-0.030237477,-0.013302061,-0.023428865,-0.0027299724,-0.013447864,-0.028235132,0.040374774,0.042097993,-0.018697739,-0.026819706,0.0040976605,-0.024470769,-0.0752975,-0.02830196,-0.013300292,-0.0013897497,0.01458559
5AR%GENOME021742_2120,0.03153769,0.017412383,0.005241926,-0.031096535,0.024442427,0.026015664,-0.019054722,-0.021536313,0.02871305,0.01762992,0.02345875,0.06288118,0.033860434,0.0039912565,-0.012567737,-0.020130731,0.021881169,0.0026441186,0.00973287,-0.0046912385,-0.021345174,0.009780968,-0.04012344,-0.0076483167,0.039518498,-0.02365141,0.025773507,-0.0100764595,0.045017853,0.044292826,0.017332966,0.014386058,0.009688027,0.009576921,-0.011733119,-0.039866798,-0.008470553,-0.027129412,0.0027388043,-0.002933401,0.022708474,-0.00045913004,0.016729278,-0.016717846
5AR%GENOME078645_81,-0.011436373,-0.003246998,0.0088736955,-0.017059006,-0.0072674644,-0.04018158,-0.05050097,-0.006016597,0.023584582,0.017531788,-0.031389542,0.0015113407,0.001718211,0.011602452,0.014884418,0.009353506,-0.0095657725,0.0015678672,0.05507868,-0.023426253,-0.045073308,-0.015606195,-0.031719875,0.04008044,-0.006005045,0.001990186,0.02561151,-0.018462243,0.0047972626,0.0060058623,-0.012485564,-0.016405575,-0.0012278144,0.021425463,-0.037417576,0.014492016,-0.024225356,-0.034680486,0.012184651,0.035988048,0.027911585,-0.009793402,-0.0026624019,0.038899984
5AR%GENOME084343_2181,-0.03749816,-0.036381382,0.03491257,-0.026321853,0.027493522,-0.019673973,-0.029769763,0.020964155,0.04399178,0.033611845,-0.03961422,0.013075062,0.008847075,-0.04134692,-0.07311819,0.028639564,0.016692573,0.021401322,0.06731129,-0.032716185,-0.032200605,-0.041736364,-0.043365687,0.060143404,0.005718698,-0.010999035,0.02295707,-0.003959722,-0.0064439,0.014755701,-0.066716336,-0.050324492,0.035714816,0.05048731,-0.03180616,0.0009801005,-0.0024877635,-0.052569598,0.036241975,0.043158483,0.028180063,0.022489376,-0.035491932,0.007621983
5AR%GENOME107567_81,0.016608085,0.0022750879,0.00065217173,-0.028090399,0.023392119,0.033404745,0.025692567,-0.043621883,0.012902284,0.0017802822,0.008419046,0.02074084,0.013868557,0.018491227,-0.016645808,0.011043986,0.028546274,0.007769047,0.03454288,-0.0073874537,0.000810882,0.0025660098,-0.028755654,0.018060427,0.0061298697,0.012243871,0.0035744526,0.015070748,0.013585719,0.017596073,0.026319444,0.02584884,0.008601677,0.0016393891,-0.00024626512,-0.037148494,-0.023827331,-0.011433791,-0.0076022656,-0.002145734,0.017908994,-0.00027082182,0.0054792957,-0.023504255
5AR%GENOME140582_2251,-0.0074877585,-0.028726751,0.042365443,-0.07836404,0.0055137803,0.05622871,-0.00047060422,-0.01593354,0.06440902,0.052365616,-0.039043944,-0.0028855074,0.007921931,-0.015310899,-0.05568383,0.026401514,-0.012547085,-0.018684695,0.0884807,-0.053219657,-0.029259667,-0.023857456,-0.09092787,0.058549933,-0.021280264,0.011630433,0.00026486733,0.031315923,-0.00847702,-0.028908703,-0.05981519,-0.038277518,0.025192466,0.044275686,-0.03071382,0.042229038,0.017003015,-0.020798285,0.03342665,0.05633795,0.047391463,0.053756118,-0.028212221,0.010248111
5AR%GENOME142018_414,-0.008983128,0.01674243,-0.031757668,0.019038096,-0.048026517,-0.032639466,-0.034972608,0.021068953,-0.049574245,-0.049636245,0.045607496,-0.029765518,-0.023480142,0.04468061,0.026335318,0.0040932205,-0.051512197,-0.061428618,0.006161003,0.028176608,0.024588712,0.03819061,0.054189116,-0.04260881,0.044130992,-0.04492466,-0.08503032,0.023800112,-0.029524852,-0.028040828,0.068122655,0.05876069,-0.02038294,-0.012959847,0.061292544,-0.04412123,-0.026016166,0.021411894,-0.03238147,-0.008062679,0.009572297,-0.03255014,0.03125031,0.00921692
5AR%GENOME170052_106,0.0074095298,0.07272351,-0.09018543,0.042191606,-0.07821623,0.00043748342,-0.09012952,0.06313812,-0.09632731,-0.0855699,0.06948648,-0.06403453,-0.0669215,0.028908093,0.05294933,-0.013311544,-0.061061163,-0.07323222,-0.02165944,0.03946488,0.022407696,0.06487183,0.089321755,-0.041334968,0.030299604,-0.035611223,-0.031085653,0.032263204,-0.064205244,-0.06714188,0.024629416,0.025337398,-0.06428204,-0.034620956,0.03536431,-0.043657593,-0.027691407,0.023823582,-0.064030126,-0.00856157,-0.016894478,-0.07423231,0.07513468,0.082334734
5AR%GENOME179594_130,-0.006939387,-0.027361225,-0.020892585,-0.006189348,0.038862385,0.01684228,0.055825062,0.026413796,0.012759345,0.010878057,-0.025661139,0.036481723,0.013811864,-0.016395755,-0.053913426,-0.029048732,0.025710924,0.023864552,-0.016657129,-0.014813583,0.0057420046,-0.045162633,-0.0024235358,0.0005599501,-0.047774557,0.032343015,0.0040204492,-0.039708648,0.04529996,0.02897214,0.030859502,0.007530423,-0.0069001503,0.013297847,-0.03656046,0.016050804,0.025720444,0.03485756,0.013266666,-0.06642772,-0.04330118,-0.023855362,-0.040026646,-0.011410669
5AR%GENOME179896_434,-0.10835718,-0.029669551,-0.021361275,0.02386478,0.022256598,0.06124091,0.023032283,0.03684434,-0.04683502,-0.026574817,-0.06327104,-0.00020457387,-0.013224449,-0.02898019,-0.03944141,-0.019158375,0.02105998,0.009469677,0.029835293,-0.00053323916,0.011044773,-0.053618826,0.039570797,-0.0007203314,-0.0050069434,0.028415015,0.017222185,0.03549114,0.012170458,0.0049412227,-0.0049415077,-0.0034033123,0.04823967,0.033692293,0.026884098,0.0057119303,0.019205878,-0.0025225675,0.016765159,-0.03320403,-0.10032177,-0.0015542171,-0.06528633,-0.01991043
5AR%HIU55603_1_DUF1295_domain-containing_protein__Candidatus_Gallibacteroides_avistercoris_,-0.01773006,0.003854829,-0.025700094,0.0022560807,-0.02806644,0.007621829,0.010774893,-0.024845112,-0.022180883,0.019357402,-0.019852918,0.05797727,0.07175425,0.03288789,0.033743814,0.06964627,-0.01843139,-0.04038692,-0.032490663,-0.0042782696,-0.0214427,-0.0020259111,-0.010598254,-0.055890612,-0.0040122783,0.01952097,-0.036678515,-0.0125263445,0.02920362,0.053500734,0.044017643,0.002400497,-0.010076482,0.0027963435,-0.0008688703,0.012809548,-0.005836265,0.018641682,-0.0046083536,-0.031853657,-0.017526036,-0.021544382,0.0017326013,-0.001454127
5AR%MBD5276024_1_DUF1295_domain-containing_protein__Bacteroides_sp__,-0.0009111257,-0.031993035,0.0058268593,-0.0013251571,0.044142537,0.02133067,0.029451752,-0.014462977,0.0074706245,0.017493024,-0.0024332055,0.03954507,0.0043969247,-0.0019692718,-0.029113438,-0.0021107218,0.069818266,-0.0040275864,0.014175211,-0.027762657,-0.008731649,-0.014097145,-0.043501258,0.024666268,-0.022311531,-0.0018880172,0.02408006,-0.034291092,0.02925,0.020453174,-0.0028136014,-0.033331133,0.041028824,0.00027071254,-0.043676242,0.028164666,-0.03005827,0.010083443,0.03217586,0.0062098764,-0.039281562,-0.042699564,-0.014445934,0.008819299
5AR%MBP3601379_1_DUF1295_domain-containing_protein__Alistipes_sp__,0.036895014,0.030661132,-0.00014681873,0.01301028,0.0091998335,0.009666201,-0.044893827,-0.0066364324,0.016429015,0.003916496,0.05626314,0.004233516,-0.006822035,0.016392108,0.017256128,2.3492872e-05,0.008561092,-0.013196861,-0.035397686,0.013510822,0.0053075226,0.025324803,-0.007386917,-0.019385124,-0.012757805,0.014022123,0.022874737,0.027456958,-0.037049755,-0.014686094,-3.786981e-05,0.0008215159,-0.03317882,-0.03680925,0.00050389173,-0.021508794,-0.014064629,0.013277683,0.011101287,0.046299845,0.03600545,-0.0037634987,0.015819186,0.018030286
5AR%MBQ1253485_1_DUF1295_domain-containing_protein__Alistipes_sp__,0.061871003,0.04352663,-0.052231282,-0.016661441,0.027787985,0.05613552,0.013632437,0.018993793,-0.06098332,-0.032672472,0.07194264,-0.0044588563,-0.033153366,0.011093569,0.017427407,-0.040596038,0.045412283,-0.03446237,-0.031328764,0.010689871,0.0018813614,0.07077199,0.010717435,-0.02899926,-0.028023735,-0.0011570156,-0.018762982,-0.0010110232,-0.014297353,-0.026571026,-0.012820897,-0.010674736,-0.041962575,-0.051275287,0.012267586,-0.015511232,-0.039844695,0.044649873,-0.06287806,-0.007664621,0.005999261,-0.044902768,0.051136628,0.072249435
5AR%MBR4740186_1_DUF1295_domain-containing_protein__Bacteroidales_bacterium_,-0.05367715,-0.015696488,0.0023407678,0.0011096817,0.02966473,0.03769051,0.007307479,-0.031720653,-0.0005742794,0.0027812507,-0.014523905,0.010962692,0.0131051205,0.007860764,0.06667492,0.008410951,0.010127089,0.016427234,0.011518299,-0.017204443,-0.021571456,-0.0071869115,-0.0022910459,0.018314242,-0.028802626,-0.018101234,0.03267531,0.00838445,-0.012679043,0.0021704058,-0.05764871,-0.01317125,0.021727543,-0.043413535,0.008700195,0.04880469,0.025746161,-0.057247758,-0.0033911522,0.014114742,-0.015679637,0.009892901,0.006043025,0.0017858972
5AR%MCH5217706_1_DUF1295_domain-containing_protein__Muribaculaceae_bacterium_,-0.0054449546,-0.0050492585,0.007382534,-0.021751726,0.008473452,-0.005195761,-0.024219545,0.0016749878,0.030621164,0.03562035,-0.012080132,0.04106557,0.048232798,0.027779792,0.006329937,0.074910626,0.002367859,-0.019432588,-0.02852412,-0.023392245,-0.066004835,0.01329978,-0.01189263,0.0005930294,0.0056829704,-0.02488108,-0.013875161,-0.027598558,0.033457514,0.059884142,0.006544737,-0.008726238,0.020683674,0.041464724,0.010581269,-0.012620678,-0.055057272,-0.01932891,-0.02230393,-0.011450286,0.045108646,0.0076896,-0.0025775007,0.0027952972
5AR%MCQ2341803_1_DUF1295_domain-containing_protein__Paludibacteraceae_bacterium_,0.042199306,0.018152153,-0.0032257054,0.0007739225,-0.0068813916,0.027486393,-0.12953249,-0.014146417,-0.0028424046,0.022051021,-0.0027234072,0.0026934012,0.0261608,0.0063063395,0.0030140516,0.04024982,-0.0057262336,-0.0035065692,-0.025186397,-0.036450196,-0.094764344,0.0066850437,-0.04081902,-0.0016239573,0.043236166,-0.009784467,0.028288975,0.002977823,0.050675116,0.035141595,0.015551728,0.043459278,0.003621742,-0.012341726,-0.023473013,0.0027328625,-0.0032076642,-0.017063642,0.01790027,0.044176623,0.04553318,-0.038492702,0.020607514,0.051295523
5AR%MCR5660240_1_DUF1295_domain-containing_protein__Bacteroidales_bacterium_,0.014419211,0.03446763,-0.013611177,0.01878607,-0.01860337,-0.040732607,-0.036482718,0.036134932,-0.009373819,2.4678782e-05,0.02324468,-0.015315012,-0.021304464,0.024196072,0.008318957,-0.008608647,-0.030360954,-0.0134553155,-0.02800492,0.026112594,0.030525744,0.019034414,0.034604527,-0.02660712,0.0042833346,-0.054162823,-0.043593038,0.0040685786,-0.01947238,-0.024675319,0.031661972,0.01927648,-0.014905993,-0.013412123,0.020935828,-0.030228948,-0.025887577,0.018696077,-0.0167535,-0.013061218,0.016702918,-0.0066575897,0.023387529,0.026678164
5AR%WP_005657188_1_DUF1295_domain-containing_protein__Bacteroides_stercoris_,-0.0051667206,0.0004920279,-0.024240274,-0.010296417,-0.0053677643,-0.023597462,0.04558802,0.016731095,-0.027255746,-0.037799377,-0.006589856,0.0070479754,0.013947177,0.011734141,0.02238553,-0.019644365,0.002159599,-0.02477885,-0.014587062,0.010749435,0.0033191317,-0.0045008063,0.010560139,-0.025091758,-0.017309366,0.0393009,-0.0079552485,0.00013933565,0.01246135,0.01121882,-0.031475294,-0.04345698,-0.017618202,-0.040598318,-0.038601793,0.055342622,0.024863344,-0.005747588,0.030089296,-0.0051492383,-0.024283284,-0.015648117,0.010997515,0.005343245
5AR%WP_149192684_1_MULTISPECIES__DUF1295_domain-containing_protein__Bacteroidaceae_,-0.031663217,0.007246222,-0.025180688,0.046128303,-0.056634642,-0.0001793047,-0.046368618,0.026743202,-0.04550923,-0.028271496,0.018801237,-0.027597787,-0.039819963,-0.028104715,0.031235356,0.0555325,-0.021398844,-0.011744158,-0.039077874,-0.015826166,-0.015438148,0.010194024,0.009371953,-0.04292689,0.023629215,0.004033421,-0.019175922,-0.01350878,-0.013752278,-0.0057885037,0.02567636,0.044756196,-0.02355892,-0.04793584,0.052522562,0.041885473,0.02862899,0.026419796,-0.024099719,0.0023524296,-0.00526209,-0.0051681236,0.012352887,0.014493171
5AR%WP_300108487_1_DUF1295_domain-containing_protein__uncultured_Alistipes_sp__,-0.032845363,-0.0295,0.01916829,-0.0014706122,0.0017211463,-0.016185826,-0.02976187,-0.014934867,0.019888354,0.013725339,-0.0313381,0.054941505,0.053030152,0.0126450285,-0.015452659,0.041059524,-0.00028966935,0.015840692,0.07062098,-0.03816326,-0.065229736,-0.023719866,-0.02596667,0.027487528,0.013611368,-0.005338229,0.030639928,-0.024359113,0.041082487,0.049126066,-0.021406343,-0.04368365,0.0007876052,0.008153242,-0.04077496,0.020950224,-0.026188733,-0.042837147,0.009412245,-0.009230849,-0.01626467,-0.024002438,-0.010070576,0.036122732
5AR%WP_302729833_1_DUF1295_domain-containing_protein__Bacteroides_sp__ET489_,0.033579603,0.08136085,-0.063791364,-0.00773095,-0.03306655,0.037283354,-0.0254784,0.03250728,-0.07219286,-0.07321628,0.074416615,-0.049439143,-0.05581612,0.047349866,0.02489445,-0.037170414,-0.03087531,-0.062104244,-0.02208844,0.053178042,0.052451678,0.073616914,0.06643398,-0.0046995217,0.03703071,-0.10342643,-0.09039834,-0.016349213,-0.08679356,-0.062056366,0.08701409,0.079278626,-0.042811535,-0.010540004,0.086669415,-0.09245988,-0.045160584,0.023734571,-0.11156485,-0.026358292,-0.005208776,-0.04728897,0.080786854,0.036789842
5AR%WP_346709278_1_DUF1295_domain-containing_protein__Phocaeicola_salanitronis_,-0.007095463,-0.011145408,0.006859928,0.004093313,0.02254339,-0.015557865,0.024678588,-0.012727193,0.013142957,0.011809746,-0.023607893,0.018304428,0.012610669,-0.018112006,-0.02629465,0.012987043,0.0057827067,0.034578368,0.018479187,-0.01406177,-0.015063932,-0.019074813,0.008857999,0.02624953,-0.013411372,0.035061423,0.00093213946,-0.016821673,0.009315098,0.016312476,-0.014681487,-0.034597047,0.033072326,-3.7996528e-05,-0.011820077,0.015917135,0.033220753,-0.026487492,0.0138972225,-0.011680842,-0.029379144,0.015598067,-0.013674151,-0.040431347
5AR%WP_418203978_1_DUF1295_domain-containing_protein__Bacteroides_sp__,-0.010421918,0.015469327,0.006823403,-0.02034242,-0.0077354806,-0.0147181675,-0.0003004673,0.0050222278,0.014301194,-0.0070024813,-0.0110743595,0.008504022,-0.014699371,-0.049968176,-0.022707414,0.025767429,-0.009811607,0.01383856,-0.032062005,0.010080094,0.03604293,0.005733935,0.023550916,0.008024874,0.022944473,0.04733416,0.02002136,0.027260149,0.0033260006,0.0015696682,0.008940783,-0.017076941,0.017352013,0.004421288,-0.027493715,0.0012008988,0.01415187,0.010008437,0.040784106,0.03984804,0.011749485,0.039057232,0.00029766597,-0.054126047
5BR%CAK7070565_1_MAG__NADPH_dehydrogenase__Parabacteroides_sp__,-0.006133765,0.020990849,-0.015814746,-0.012925791,0.012959528,0.036802173,0.041819442,0.016531741,-0.019220347,-0.024001786,0.0028854478,-0.027891979,-0.028797483,-0.00149853,-0.015184871,-0.016361738,-0.007097544,-0.0076995175,-0.007485535,0.005911114,0.019772619,0.012254476,-0.0013919516,-0.008998695,-0.034764376,-0.03905272,-0.032556526,0.008159327,-0.031326793,-0.015527179,-0.0041122953,-0.017168056,-0.003300807,-0.009445019,-0.0017146798,-0.012016264,0.010252506,0.02848122,-0.028895237,0.02270559,0.0368189,-0.0123554375,0.021310817,0.019655863
5BR%GENOME006024_4796,0.022637896,-0.0011439276,0.014743823,0.010319425,-0.03302819,0.0009851614,-0.0034144125,-0.0049119126,0.028158879,0.03117689,-0.023033686,0.04067584,0.025077315,-0.0054221624,-0.017463766,-0.017008273,-0.010771786,0.022998376,0.05527498,0.013462283,-0.013227632,-0.018441033,0.016192468,-0.016352372,-0.025725776,-0.014264286,-0.03211552,-0.041734457,0.059760526,0.037286907,0.03648783,0.020927154,-0.00067728444,-0.006517485,-0.050964955,-0.018135842,0.013327591,0.005809367,-0.011571853,-0.0087783635,0.012930154,0.014565195,-0.020108975,-0.030454235
5BR%GENOME006521_2122,-0.006693799,-0.0004926979,-0.012481863,0.019079529,-0.03667935,-0.028393056,-0.028761726,0.011695138,0.0069798534,0.0075982823,0.0023446472,0.032065704,0.058341824,0.05253445,0.014924299,0.05289689,-0.02999398,-0.0113050155,0.0013758616,-0.0026431764,-0.049750637,0.0119696725,0.029923722,-0.0015008253,0.014796982,-0.007977045,-0.034580585,-0.032673474,0.04044657,0.038209733,0.033644386,0.021266896,0.00036968052,-0.024286991,0.025070174,-0.024495093,-0.031535763,-0.032370403,-0.03193985,-0.012095627,0.003169873,-0.011450124,-0.004818962,-0.008095
5BR%GENOME141824_1849,-0.018681766,-0.05326557,0.026613234,-0.06130384,0.014820278,-0.014751018,0.074989766,-0.046632748,0.03342506,0.024974814,-0.049551465,0.041779023,0.06797579,-0.037308466,-0.019908983,0.0011709953,0.012728355,0.051611412,0.019534215,-0.027886227,0.017879622,-0.05751397,-0.0241346,0.014174103,-0.015241814,0.026324565,0.04980901,-0.04606765,0.038019933,0.04219082,-0.025058763,0.0027490815,0.052115187,0.00947404,-0.073269434,0.030783553,0.02090279,-0.0054008123,0.040765595,-0.02047062,-0.052137308,0.018180724,-0.06211042,-0.011084871
5BR%HIX74022_1_NADH_flavin_oxidoreductase__Candidatus_Parabacteroides_intestinipullorum_,-0.003674797,0.02175921,-0.008437108,0.01981026,-0.04690114,-0.00566013,-0.03257877,0.03876172,0.014296236,-0.01176866,0.030411748,-0.0017603375,-0.000116294024,0.037790135,0.03476282,-0.0028355236,-0.03529183,-0.0070839636,-0.022551233,0.059064694,0.018981421,0.030046249,0.032001607,-0.026103383,0.008025478,-0.011463703,-0.03042971,0.013410793,0.0008752912,-0.013094244,0.018306708,0.00021545864,-0.0330416,-0.010722389,0.022165177,-0.033621553,-0.016554791,-0.019135784,-0.03896521,-0.018828304,-0.0023148977,0.0075054043,0.02714351,-0.022713719
5BR%MBO4402754_1_NADH_flavin_oxidoreductase__Bacteroidales_bacterium_,-0.034806076,-0.015663246,-0.027317524,0.006530935,-0.044329084,-0.0662576,-0.02566479,-0.008842023,-0.0040471694,-0.020049011,0.025424551,0.039359353,0.053854328,0.03817465,0.024301838,0.026368653,-0.055293154,-0.024085103,-0.0082466565,-0.016468046,-0.04365998,0.011100315,0.0346676,-0.030533904,0.036041096,0.022181526,0.018836701,-0.027814768,0.0635288,0.082510404,0.09341728,0.105205685,-0.05168675,-0.06983,-0.005458237,0.009082905,0.021423059,0.01670646,-0.012057565,-0.029190054,-0.06372199,0.014083352,-0.0051643504,-0.0067458046
5BR%MBO7234306_1_NADH_flavin_oxidoreductase__Paludibacteraceae_bacterium_,0.061929427,0.07350476,-0.028195843,0.04832017,-0.053812254,0.012268445,-0.037190724,0.0427806,-0.050255843,-0.016193653,0.07175746,-0.02075869,-0.010811005,0.06574114,0.038405124,-0.021672368,-0.034896072,-0.06949145,-0.096530914,0.055157356,0.03843323,0.058500882,0.045245584,-0.07774612,-0.02273481,-0.025834508,-0.03913875,0.039644185,-0.04690759,-0.033606317,0.026318898,0.007786827,-0.07377207,-0.047165737,0.041328862,-0.021050315,-0.031324055,0.027819036,-0.050208524,-0.030116677,0.016140299,0.006924235,0.064430065,0.02787111
5BR%MBO8446450_1_NADH_flavin_oxidoreductase__Candidatus_Enterocola_intestinipullorum_,-0.008807177,-0.012585836,0.0062481626,-0.03159023,0.018649839,0.0033523003,0.019741397,0.0050222995,0.0044962447,-0.0065186257,-0.021998813,0.049389206,0.016943827,-0.0071744113,-0.026783194,0.0025852555,0.04076859,0.008384135,-0.025261767,0.0048964997,-0.0001782624,-0.021973561,-0.00825386,-0.00378804,-0.02763541,0.015394185,0.0074180835,-0.027805723,0.03058786,0.027493827,-0.02075947,-0.030826943,0.004509788,0.0010615804,-0.005543598,0.007397057,0.019684257,0.023701197,0.029870499,-0.009227798,-0.0009412298,0.003331387,-0.008441646,-0.015328717
5BR%MBQ8101082_1_NADH_flavin_oxidoreductase__Paludibacteraceae_bacterium_,-0.012764251,0.002692936,-0.025544005,0.033442058,0.018276703,0.002964922,0.028489182,0.018509151,-0.035653587,-0.021338224,0.022227908,-0.036344226,-0.04675715,-0.03541887,0.00657561,-0.0680194,0.042692017,0.01781702,-0.013538956,0.015256255,0.036910344,0.011883911,0.020962117,-0.009085609,-0.020580953,0.01705994,0.036383852,0.009843593,-0.04501499,-0.062033903,-0.027256215,-0.009842061,-0.004731564,0.0041631134,-0.00065804477,0.0133254025,0.006329107,0.032184366,0.0066539533,0.03630517,-0.013503147,-0.04857145,-0.0006900699,0.009232077
5BR%MCD8287651_1_NADH_flavin_oxidoreductase__Porphyromonadaceae_bacterium_,-0.021973843,0.0036550823,-0.06269381,0.016472591,0.012437883,-0.00077907776,0.053392377,0.0122893285,-0.05106953,-0.05681489,0.002584432,-0.024396658,-0.046228547,-0.02809027,0.0037978855,-0.047743272,0.024997296,0.011236356,0.033590633,0.026709098,0.05965071,0.015396137,0.034520485,-0.0061014206,-0.010398917,-0.0017713853,-0.024133153,-0.005562533,-0.0005240993,-0.0025544125,-0.019611297,-0.010795363,-0.0017089136,-0.028491236,0.0042283176,0.01603341,0.024364052,0.049896568,0.015683955,-0.001746905,-0.08046402,-0.0487028,0.008482147,-0.017520351
5BR%MCH5231198_1_NADH_flavin_oxidoreductase__Muribaculaceae_bacterium_,-0.07115556,-0.04038336,0.024704885,0.028297737,0.011069214,0.000721833,0.047799096,0.010860124,0.053955875,0.027629089,-0.017991088,0.005263242,-0.01761131,-0.018780611,-0.035855707,-0.06023982,-0.054669045,0.02834281,-0.0029770883,-0.004664857,0.028922124,-0.016769364,0.009277616,0.018303664,-0.02847542,-0.009038171,-0.005750283,-0.018611548,0.029884003,0.009348123,0.019421702,0.018112002,0.025064928,0.022371786,0.0089630345,-0.005716752,-0.014515629,-0.019250276,0.03469781,-0.035958406,-0.05117827,0.023947546,-0.025666064,-0.025187545
5BR%MCQ2066925_1_NADH_flavin_oxidoreductase__Bacteroidaceae_bacterium_,0.0003219876,-0.00235952,0.039498776,-0.033716578,0.0050000227,-0.021249125,-0.003189056,-0.008824398,0.032655388,0.014423517,-0.019022234,-0.01269151,-0.013806692,-0.022254359,-0.03531896,0.046344575,0.007637229,0.0076910816,0.033334684,-0.02388618,-0.021118335,-0.008106218,-0.027031744,0.0031790184,-0.018325407,-0.018243805,-0.013183318,0.000952841,-0.01856761,-0.015948515,-0.025548486,-0.012797309,0.021138541,0.0034452737,-0.043151304,-0.013369548,0.0066418876,0.009531914,0.027109588,0.042073563,0.063309655,0.036918037,0.0010653507,0.01318455
5BR%MCQ2271787_1_NADH_flavin_oxidoreductase__Bacteroidales_bacterium_,0.032493357,0.013738184,0.027282383,-0.04747224,0.02597294,0.015025562,0.018545063,-0.002502249,0.0064046844,0.016392106,-0.008316668,0.007297833,-0.003203594,-0.029327076,-0.046341073,-0.010658115,0.016861536,0.041650873,-0.025447179,-0.007956504,0.017273314,-0.021974538,-0.003141378,-0.0135322865,0.0046255807,0.032108523,0.036469534,-0.0026884368,0.020958714,0.010179696,-0.007688952,-0.0118879555,0.00095355173,-0.02096916,-0.034706876,-0.0027511793,0.014241002,-0.0064782626,0.020019352,0.021431176,0.013931471,0.03741697,-0.006981216,-0.016489066
5BR%MCR4591939_1_NADH_flavin_oxidoreductase__Bacteroidaceae_bacterium_,0.044997692,0.020805301,0.03260418,-0.025833648,-0.013011673,-0.004243566,-0.024377866,0.021043379,0.041317213,0.0073622013,0.049818527,0.008890666,-0.0060993163,-0.005561662,-0.009374169,0.013018873,-0.05814521,-0.021752661,-0.041863374,0.00983015,-0.03433738,0.040884823,0.012583154,0.01053049,0.11650317,-0.0056609367,-0.013497578,0.036104444,-0.0022562847,-0.013486039,0.014095814,0.025915837,0.02153503,0.035523888,0.030626021,-0.042385302,-0.034535836,-0.05957517,-0.016166268,0.025055341,0.04572539,0.067003705,0.021853855,-0.053293906
5BR%MDD5892138_1_NADH_flavin_oxidoreductase__Bacteroidales_bacterium_,0.04275177,0.015269804,-0.049536463,0.021963352,-0.024614079,0.024046594,0.025134385,0.015190624,-0.025722353,-0.058590416,0.047883138,0.0024397331,-0.016934158,0.05117887,0.022275947,-0.045414127,-0.011188957,-0.042622052,-0.02914926,0.03432822,0.03064478,0.049708813,0.046771362,-0.024423797,0.052249365,0.011761734,-0.038436297,0.019651435,0.001044184,-0.019096522,0.046792246,0.03845665,-0.038074642,-0.038233213,0.039352003,-0.028532661,-0.03765547,0.011307449,-0.034617037,-0.042841244,-0.04585838,-0.037028432,0.037861105,0.006582213
5BR%MEI7492181_1_NADH_flavin_oxidoreductase__Bacteroidota_bacterium_,0.06276046,0.082499914,-0.017681567,-0.020019125,-0.0029308756,0.017190786,-0.0112857185,-0.014297906,-0.06319987,-0.05108839,0.06284696,-0.014470565,-0.027406268,0.008069397,0.04935971,-0.035934374,-0.02136211,-0.0427744,-0.015205714,0.03373729,0.051176008,0.07640992,0.013578702,-0.008365458,0.024953647,-0.012961383,-0.006583363,0.052674357,-0.028885193,-0.039646532,-0.03606892,-0.019501505,-0.04214417,-0.03363678,0.009293431,-0.04451527,-0.044555884,-0.044304095,-0.051273603,0.027572246,0.046506356,-0.030190505,0.08495508,0.049290337
5BR%MEZ3591839_1_NADH_flavin_oxidoreductase__Muribaculaceae_bacterium_,-0.04819132,-0.053439006,0.03175287,-0.012615167,0.0009602124,-0.018184902,-0.03199048,-0.014202523,0.04666002,0.052139908,-0.047346,0.04198027,0.059484076,0.015620142,-0.038861245,0.08337718,0.001568504,0.009118756,0.014868157,-0.07781669,-0.08474251,-0.07027919,-0.0130779175,0.053447224,-0.01378761,-0.025725367,-0.028588612,-0.08216195,0.07485118,0.08319399,0.0055457694,-0.020660952,0.046469536,0.07886917,0.002354329,0.016231012,0.0269541,-0.021445587,0.00899689,-0.04448558,0.0030633,0.024641957,-0.06861561,-0.03694596
5BR%WP_149192683_1_MULTISPECIES__NADH_flavin_oxidoreductase__Bacteroidaceae_,-0.019052835,-0.010270123,0.030369733,-0.000895606,0.03870748,0.051681463,-0.061097536,-0.03109329,-0.0007696861,0.010137214,-0.044070024,-0.06492537,-0.0402567,-0.1031489,-0.018400464,0.048430584,-0.0039160117,0.06119039,-0.02228764,-0.04124446,-0.07343206,-0.027976127,-0.012348589,0.010105733,0.05045113,0.032969635,0.03477762,0.019932175,-0.012366726,-0.0036011464,-0.046491418,0.023686586,0.042888783,0.005724073,-0.004981923,0.048856094,0.060033616,-0.061809063,0.037519675,0.05572052,0.047481332,0.038068134,-0.0055478276,-0.0016869887
5BR%WP_259010233_1_NADH_flavin_oxidoreductase__Parabacteroides_distasonis_,-0.011435572,-0.0088844355,0.05685811,-0.08408852,0.044181183,-0.023135299,0.013638139,-0.035670184,0.038531486,0.048139647,-0.0013055167,0.01904387,0.013565497,-0.040606488,-0.0438251,0.012669233,0.032856874,0.009827928,0.0031029948,-0.029006785,-0.017240798,-0.015270676,-0.03279908,0.016454795,-0.009803397,-0.048352633,0.0019253847,-0.03364683,0.042719506,0.026274588,0.0052946364,-0.0071705515,0.03037456,0.022357218,-0.029576508,0.019328289,0.036713406,0.0033265078,0.022363098,-0.0003901685,0.03747004,0.03997035,-0.012158428,-0.043583255
5BR%WP_279088787_1_NADH_flavin_oxidoreductase__Alistipes_putredinis_,0.02712214,0.049539,-0.046300944,-0.004567457,-0.052750073,-0.017779743,-0.05210619,0.025265679,-0.047400694,-0.041550793,0.035305128,-0.028554223,-0.041214395,0.0169439,0.0316004,-0.03540978,-0.037538394,-0.05104154,-0.0070949746,0.011240032,0.013430475,0.032511838,0.0432634,0.0053295,0.015391198,-0.01728291,-0.017637635,0.028582506,-0.02882783,-0.02789461,-0.009751638,0.005821206,-0.043345418,0.0007764721,0.024301479,-0.018319804,-0.016015284,-0.016563196,-0.019816248,0.00179976,-0.00014091092,-0.053850424,0.048761133,0.057111964
5BR%WP_295936477_1_NADH_flavin_oxidoreductase__uncultured_Alistipes_sp__,0.03355603,0.025318343,-0.04144645,0.027472224,-0.06473244,0.013079758,-0.043028258,0.039874047,-0.041220054,-0.018962735,0.037613805,0.0005071553,0.008630727,0.032105073,0.068370044,0.017212836,-0.030104728,-0.06241517,-0.035750087,0.013674699,-0.013487604,0.04307107,0.010546707,-0.059064865,0.018280089,-0.004819989,-0.0029314114,0.011189532,-0.004711245,0.007799482,0.03272954,0.03344532,-0.054586597,-0.05227339,0.00046426128,-0.012039239,-0.014436524,0.013011184,-0.032517027,0.013236647,-0.0009129143,-0.032339208,0.051438212,0.04277588
5BR%WP_300285921_1_NADH_flavin_oxidoreductase__uncultured_Alistipes_sp__,-0.009407032,-0.03084108,0.037060015,-0.0149454,0.0058867917,0.0016123088,0.022430394,-0.011705628,0.043512974,0.035406064,-0.0385102,0.043142296,0.027034251,-0.024714336,-0.045484606,0.013950483,0.014919114,0.04197347,-0.0013191946,-0.02741513,-0.009635557,-0.033629004,-0.023359122,0.03651202,-0.029839722,0.0033985022,-0.014545352,-0.02751021,0.03984685,0.02269692,-0.019041233,-0.033711366,0.030662104,0.047286358,-0.016914073,0.0058262455,0.013489616,-0.020612136,0.028355991,-0.0131625375,-0.0056074704,0.032823347,-0.03895308,-0.038066242
5BR%WP_300748828_1_NADH_flavin_oxidoreductase__uncultured_Alistipes_sp__,0.017133936,0.004789024,-0.021608695,-0.011338716,0.005182718,0.010168528,0.006663422,-0.040549144,-0.022860873,0.009591747,-0.0042926585,0.00041258798,0.0062128687,-0.018175445,0.0017703408,-0.028335411,0.012606473,0.014896773,0.013550349,-0.016142402,0.021984397,0.013589339,-0.014134518,-0.03841307,0.03285067,0.017398756,0.055572387,0.031363484,0.00332892,0.007348527,0.017820591,0.048900116,-0.020225747,-0.029393284,-0.008013547,-0.011121628,0.006791936,0.005606883,0.00904412,0.017869683,-0.02097641,-0.00928034,0.0012467874,-0.00017270134
5BR%WP_302380465_1_NADH_flavin_oxidoreductase__uncultured_Alistipes_sp__,0.041097827,0.044245254,-0.06661438,0.010789467,-0.033320203,0.041719094,0.0020405585,0.038161613,-0.06129448,-0.059798308,0.05520762,-0.045263357,-0.045233086,0.034768235,0.040456276,-0.058955025,-0.023035843,-0.04599037,-0.11216979,0.053958077,0.06414668,0.05031708,0.03747379,-0.06379344,-0.021296673,0.02315339,0.0036797293,0.07100332,-0.046453618,-0.054109577,0.029431915,0.045053408,-0.079322346,-0.07166391,0.036159825,-0.0051533342,-0.0024602443,0.06890186,-0.0257869,-0.023930091,-0.00076067256,-0.030365894,0.043973945,0.03512048
5BR%WP_394671717_1_NADH_flavin_oxidoreductase__Muribaculum_sp__,-0.008150109,-0.0212656,-0.010119784,-0.010395983,0.045566,0.02179241,0.057705287,0.0041515236,-0.0025590772,-0.020390969,-0.027711062,0.01696236,0.014693538,-3.942605e-05,-0.04023787,0.013884728,0.04301618,0.009229389,0.012492933,-0.003157019,0.00975253,-0.028092155,0.010703507,0.0032981806,-0.03162455,0.031765252,0.026818903,-0.016954487,0.024774324,0.02336697,-0.023570217,-0.046419807,0.024118587,-0.022318976,0.007408035,0.0031292692,0.007376321,0.01634354,0.01355968,-0.017097764,-0.02772489,-0.009031853,-0.031374842,-0.02654992
5BR%WP_418992344_1_NADH_flavin_oxidoreductase__Alistipes_sp__,-0.027325733,-3.6362188e-05,-0.009154558,-0.015334712,0.0067151506,-0.015456873,-0.023143757,0.011089734,-0.021851549,-0.023233235,0.011574044,0.0066067902,0.02059342,0.0030817941,0.00056112185,0.0036577848,0.012102896,-0.014639368,0.061568588,-0.011445563,-0.022587169,0.009438831,0.007948545,0.0619486,0.005285599,-0.010270652,0.01683877,-0.0035099853,0.0028712046,0.005662461,-0.010009604,-0.012921606,0.010965952,0.005679842,-0.0020122074,-0.007090799,-0.01856514,-0.003468101,-0.0034570878,-0.005681761,-0.032498285,-0.010216155,0.0033687856,-0.00053466903
7aHSDH%GENOME025100_397,-0.04714309,-0.030818753,0.021625822,-0.010402099,0.03445565,0.02044522,0.03810912,-0.013881321,0.015236968,-0.004084921,-0.024574732,-0.044006888,-0.069696344,-0.0775284,-0.0561956,-0.01331372,0.010332788,0.06965471,0.05712873,0.008877444,0.01499762,-0.02474818,-0.016845893,0.004348167,-0.06193895,0.013916897,-0.0292339,-0.008026743,-0.040794156,-0.055816963,-0.05717123,-0.026855577,0.074296966,0.04419987,0.039804973,0.051667012,0.039363876,0.031220388,0.074400574,0.005231992,-0.014013733,0.07565656,-0.026406977,-0.056036722
7aHSDH%GENOME067790_2714,0.083633944,0.02737215,0.017636128,0.03915667,-0.047276635,-0.017144972,-0.008211776,0.028639518,0.015184053,0.01491656,0.03312543,-0.022260498,-0.023188848,-0.015868617,0.019429732,0.0059344987,-0.07981758,0.015255399,-0.025905704,0.011283329,-0.0023263653,0.013556243,0.013274354,-0.046013895,-0.012058373,0.018247645,-0.021839524,0.004775333,-0.010595734,-0.011985637,-0.009263051,-0.011831674,-0.008303169,0.0033071528,0.019978723,-0.025611445,0.029618323,-0.027098868,-0.009364616,-0.022383587,0.03971784,0.035097826,0.030160058,-0.007879156
7aHSDH%GENOME086444_1757,0.015235155,0.021007603,0.0019592473,-0.0023174875,-0.017220294,-0.00687196,-0.028050404,0.027259268,0.008306656,0.010228519,-0.011399465,0.014834169,0.02722717,0.027748328,-0.015618638,0.039930508,-0.020605147,-0.022812918,-0.078275554,0.0011926808,0.006798985,-0.00030472674,0.007921436,-0.072293356,-0.018205844,-0.026000902,0.0048990976,-0.0006213427,0.030534428,0.044463325,0.051852595,0.016942393,-0.024881227,-0.017713672,-0.014864992,0.043215156,0.047926374,0.016771253,-0.013059726,-0.024942638,-0.002619997,-0.009144287,0.0034356269,-0.028218329
7aHSDH%GENOME150027_3593,-0.03688792,-0.122306,0.08826628,-0.02813906,0.067802735,0.015587351,0.06785693,-0.076178096,0.10169288,0.098588236,-0.123679645,0.095849074,0.076124676,-0.064713314,-0.10194127,0.055991363,0.0754526,0.09680766,0.09163926,-0.11821829,-0.11011419,-0.14157604,-0.056007266,0.08888149,-0.06599504,0.09066507,0.083795756,-0.0937045,0.09911024,0.09726804,-0.064236835,-0.07618688,0.10060303,0.10085443,-0.08496543,0.07701118,0.068433315,-0.07914825,0.08716156,-0.048432507,-0.04843856,0.0746874,-0.15826778,-0.07412466
7aHSDH%MBE5948790_1_SDR_family_oxidoreductase__Lachnospiraceae_bacterium_,0.053496957,0.054365173,-0.036076687,-0.0067155254,-0.034715995,-0.028306916,-0.04364002,0.027691381,-0.03851878,-0.032089006,0.04569161,-0.016384993,-0.012650792,0.05029941,0.042425066,-0.0072163576,-0.01193053,-0.06768863,-0.060073085,0.04434928,0.036197674,0.040877596,0.02470008,-0.055070844,-0.045956086,0.01466715,-0.02303679,0.04947056,-0.053923253,-0.049746227,0.025518179,-0.0017197408,-0.044743657,-0.047452703,-0.0022217548,-0.012523362,-0.03355159,0.05048452,-0.04558509,-0.020973416,0.018727101,-0.0030463852,0.042813655,0.057644654
7aHSDH%MBHC130__Clostridiales_bacterium_1_7_47FAA_,0.008662894,-0.029584585,0.03944864,-0.013920166,0.05689345,-0.1016365,0.003882146,-0.043572478,0.040411558,0.026694007,-0.03756536,0.0072336425,0.0055587776,-0.040958904,-0.031191213,0.069298446,0.021650212,0.037876725,0.0041561807,-0.020327693,0.0019420956,-0.03374281,-0.0065993,0.015074562,0.03159303,0.03243272,0.05123638,0.009119901,0.004265567,-0.013961295,-0.030076273,0.009731446,0.031829827,0.011780973,-0.0493432,-0.014897143,-0.0065102186,-0.01845219,0.022746036,0.04792571,0.064876005,0.065887704,-0.01034745,-0.0036129868
7aHSDH%MCI7810995_1_SDR_family_oxidoreductase__Clostridiales_bacterium_,-0.040367078,-0.021449007,-0.028382415,-0.00016877681,0.0075889365,-0.024889633,-0.0016716138,0.00092929025,-0.032822825,-0.019891506,-0.031152744,-0.009779317,-0.007084917,-0.017179517,-0.024401464,-0.028129086,0.010762047,0.010832738,0.044920493,-0.006654161,0.015721712,-0.017062426,0.018859766,0.032009467,-0.009499873,-0.014321654,0.028970193,0.017052606,-0.024327645,-0.0035452372,-0.038884073,-0.008261446,0.023064403,0.022271585,-0.039361123,0.018612746,0.038313564,-0.021296622,0.0037329746,0.0031012208,-0.049162105,-0.036745105,-0.011568743,0.033951078
7aHSDH%MCI9468093_1_SDR_family_oxidoreductase__Oscillospiraceae_bacterium_,-0.023638584,-0.05633491,0.023651004,-0.033365745,0.022151455,0.047476005,0.01156824,-0.012790045,0.04663333,0.02828952,-0.048294913,0.049497437,0.064194806,0.018845318,-0.006477131,0.035092324,0.045501094,0.05732903,0.050405726,-0.024161642,-0.044381544,-0.036897924,-0.052096356,0.041414663,-0.0076914416,0.008643475,0.06080357,-0.0071618785,0.055914383,0.045327473,-0.0017905998,-0.00033088677,0.0076459153,-0.0054357923,-0.071029514,0.026721787,-0.013753593,-0.028697541,0.054638404,0.033398658,-0.035523012,-0.005125368,-0.03469094,-0.020986209
7aHSDH%MEO8122524_1_7-alpha-hydroxysteroid_dehydrogenase__Burkholderiales_bacterium_,-0.04491336,-0.07137841,0.018196588,-0.027473865,0.0158425,0.026618985,0.04372588,-0.03976492,0.01304423,0.007094851,-0.07205414,0.058551308,0.05972992,-0.015335008,-0.02313532,0.043446034,0.026080709,0.025904963,0.029596882,-0.084329024,-0.02868408,-0.082868725,-0.0219118,0.0786515,-0.021858273,0.008691813,0.048963185,-0.035799693,0.06291883,0.060856204,-0.026689317,-0.049222182,0.029971525,0.027631886,-0.013179017,0.03901461,0.030485,-0.014365508,0.027956884,-0.0010924065,-0.0156277,0.006014897,-0.07770631,-0.030947356
7aHSDH%WP_003507641_1_7alpha-hydroxysteroid_dehydrogenase___Clostridium__symbiosum_,0.010124464,0.0069577033,0.043983754,-0.067848064,0.03148668,-0.026644979,-0.017325306,-0.013571339,0.025500542,0.000901134,0.009066779,-0.030285837,-0.023667062,-0.06688256,-0.011020453,-0.011207695,0.020723658,0.019167425,-0.044516824,0.027436411,0.0139661515,0.031358767,-0.047176357,-0.008407145,0.08036167,0.01793383,0.033723306,0.03560265,-0.010641775,-0.0017358388,0.012417921,0.08604142,0.008832318,-0.019408103,-0.000952287,-0.035830453,-0.0002651861,-0.036419064,0.020799503,0.07773855,0.057004314,0.060656194,0.028061628,-0.021096596
7aHSDH%WP_021989220_1_7alpha-hydroxysteroid_dehydrogenase__uncultured_Culturomica_sp__,-0.0076072253,-0.036311824,0.014089835,0.012606696,0.0062317215,0.04206933,0.029462177,-0.00511447,0.04218538,0.040019102,-0.0010781543,0.074888326,0.07368329,0.050633118,-0.002881174,0.020933902,-0.010597884,-0.0034112812,-0.0021224716,-0.010082381,-0.040101267,-0.017264705,-0.0056736534,-0.015064065,0.01415345,-0.03307984,-0.013286659,-0.05367243,0.061509248,0.05788563,0.02627409,0.006668934,-0.01927333,0.0021778012,-0.0058673145,-0.050867982,-0.016693765,0.0073236716,-0.016754156,-0.030226799,-0.003072626,0.009853896,-0.025039563,-0.023049079
7aHSDH%WP_025075670_1_7alpha-hydroxysteroid_dehydrogenase__Bacteroides_faecichinchillae_,0.02785213,0.0063289623,-0.009078156,0.021063643,0.003528144,0.002628896,-0.0009936069,-0.018300926,0.0006413451,-0.001690995,0.026448749,-0.002910496,0.017981235,0.0099613955,0.021225594,-0.013664025,0.0073003042,-0.016534975,0.0016160666,0.0050096107,-0.0027612734,0.0020984297,0.0076386714,5.185045e-07,0.009900823,0.00959538,0.01068772,0.008810453,-0.02080121,-0.013167683,0.005828485,0.028270261,-0.026544398,-0.01778191,0.014009543,-0.021326477,-0.049582705,0.021982217,-0.0052809133,0.002784549,0.0013900629,-0.007940561,0.006563379,0.031873368
7aHSDH%WP_262434703_1_7alpha-hydroxysteroid_dehydrogenase__Jilunia_laotingensis_,-0.03347996,-0.044546474,0.030672958,-0.022879492,0.014838611,-0.002376305,0.03262688,-0.013061691,0.04953214,0.012521419,-0.01379547,0.07972493,0.08161579,0.010770461,-0.010981432,0.07111208,0.015822984,0.018639676,0.007930332,-0.01867191,-0.023416815,-0.035450183,-0.051612902,0.032858174,0.0044222716,-0.0045723533,-0.0036705076,-0.025227271,0.050158914,0.049242646,0.0018437951,-0.00027964628,0.01662572,-0.0042597884,-0.020271052,0.015407677,0.014851003,-0.0025636172,0.04425306,0.030283354,0.018118102,0.05424294,-0.04114881,-0.07247247
7aHSDH%WP_288686302_1_SDR_family_NAD(P)-dependent_oxidoreductase__partial__uncultured_Bacteroides_sp__,0.0047945688,-0.022147417,0.01931684,0.0021407362,0.010268429,-0.023022272,0.010317138,-0.012323249,0.030219743,0.0038641847,0.0027282713,0.012856455,0.01630164,-0.003959894,0.0017928041,0.0069218744,-0.028779438,0.011312254,0.0023088618,-0.003006251,-0.015664257,-0.011856372,-0.006360878,0.008478069,-0.018543223,0.0431069,0.024626398,-0.01799796,-0.012304625,-0.0044163754,-0.011321549,0.007908264,0.0051150518,-0.024720723,-0.012399788,0.024308799,0.025773821,0.0291145,0.021538477,-0.004803329,-0.0010032177,0.010756237,-0.01786884,-0.019528706
7aHSDH%WP_303013929_1_7alpha-hydroxysteroid_dehydrogenase__uncultured_Bacteroides_sp__,-0.031399544,0.0053139045,-0.05412706,0.024115901,-0.013047587,-0.014712606,0.04170072,-0.0019126328,-0.03247855,-0.04481505,0.025423314,0.00040929182,-0.0014948389,0.017099807,0.027526176,-0.0053854035,0.02431339,-0.025111346,-0.007920175,0.012997756,0.03845176,0.02181777,0.021186434,0.010649384,-0.01564484,-0.004320606,0.0038502323,0.0021237123,-0.02210559,-0.022882733,-0.004173225,0.017363168,-0.016309962,-0.043983202,0.019484108,-0.041877214,-0.0013616387,0.042146236,-0.00810808,-0.017619688,-0.024032846,-0.027989632,0.018030036,0.0112500535
7aHSDH%WP_342232791_1_7alpha-hydroxysteroid_dehydrogenase__Pseudoflavonifractor_phocaeensis_,-0.031232899,-0.020696029,0.018908154,-0.037687946,0.016967209,0.07976645,-0.0076997783,0.060765613,0.014853404,0.03957944,-0.048145533,-0.010161288,0.02148929,-0.0018308705,-0.048418555,0.04507019,-0.0032972728,0.054990586,0.067938365,0.019642849,-0.034065176,-0.06607448,-0.012654912,-0.009949223,-0.070137784,-0.011304569,-0.03037246,-0.071954034,-0.021769753,-0.009014012,-0.04213938,-0.065417364,0.03396852,0.053503916,-0.0073085083,0.04514844,0.047521845,-0.0025812855,0.022811554,0.003541641,0.037291568,0.028645499,-0.045097027,-0.0527205
7bHSDH%GENOME075272_507,0.020653693,-0.0072689806,0.030800335,-0.003630823,-0.023270257,-0.013279465,-0.032782234,-0.019211844,0.04399902,0.07950048,-0.011269178,0.0057342257,0.040098008,0.023987873,-0.015437169,0.082327,-0.03365894,0.00832245,0.04583437,-0.054146156,-0.08260471,-0.024441106,0.0024596066,0.03272544,-0.028302805,-0.018067354,-0.023665559,-0.04943517,0.0038772065,0.012743389,-0.03990751,-0.051891945,0.038972255,0.07037608,-0.020972317,0.025019614,-0.011056399,-0.00929667,0.01790832,-0.0027418244,0.070552014,0.007432325,-0.030887533,-0.032050878
BSH1%UPI0001652BA3,0.031130703,0.045423422,-0.00838756,-0.0127754025,0.010659243,0.019521818,-0.0024396875,0.034560636,-0.046527468,-0.047500905,0.029239004,-0.055491038,-0.064340085,-0.026245639,0.021768501,-0.04080533,-0.008097555,0.006903815,-0.016311776,0.034629364,0.05533514,0.027333897,0.030716958,-0.04807642,0.035694834,0.0032461903,0.010186408,0.06675735,-0.037149284,-0.061016273,0.021903653,0.058275014,-0.015352565,-0.040620204,-0.012786069,-0.026139297,-0.024837023,-0.007747446,-0.010651598,0.05033006,0.005090799,0.006166121,0.040762506,0.005014218
BSH1%UPI0001B1C28E,-0.0033877105,-0.048486184,0.059667487,-0.008613402,0.018057143,-0.012870057,0.019206682,-0.020421524,0.057990126,0.043899905,-0.05369036,0.027140884,0.045796994,-0.00012660018,-0.033140946,0.035967506,0.009348875,0.04855084,0.018607244,-0.027764507,-0.036770225,-0.04334002,-0.014256662,0.020905288,-0.01069066,0.027280975,0.022343533,-0.027736198,0.08150608,0.07418279,0.03300517,-0.0012222847,0.0131540205,0.027335092,-0.058663264,0.0052400064,0.029430848,-0.039116282,0.035113152,0.0030165892,-0.01282469,0.053515363,-0.049386695,-0.050928
BSH1%UPI0001DE6025,0.009835201,0.0074903877,0.061021734,-0.08968386,0.01706809,0.01437327,-0.026420252,-0.07431859,0.046098504,0.044125274,-0.01942814,0.00042958916,0.002518694,-0.06604126,-0.04446487,0.019454315,0.017779842,0.0072533865,0.06962101,-0.059935633,-0.038356695,-0.007815974,-0.053443804,0.008258301,0.049728867,-0.014752296,0.037756532,-0.006923491,-0.004954859,0.017192237,-0.03742209,0.041613862,0.009674326,0.027247712,-0.033260584,0.0588697,0.02844367,-0.03182634,0.03692624,0.064612895,0.030859888,0.043511525,-0.007830116,-0.026842311
BSH1%UPI0002624191,0.023359705,-0.024814053,0.040795792,-0.0045171897,-0.002810841,-0.006119979,0.00037167865,-0.029304733,0.031144192,0.056420393,-0.02066713,0.03586761,0.045057744,0.012535385,-0.0085743675,-0.012914263,0.002301408,0.014726588,-0.007299953,-0.025509683,-0.023007615,-0.027099969,-0.05376831,-0.00399751,-0.025004918,0.043360308,0.001101252,-0.00802272,0.035017747,0.03455545,0.013484138,0.021926511,-0.00068170263,-0.0019351394,-0.02197419,0.02985739,0.02613456,0.008648441,0.04971992,0.00821277,0.002797774,0.01895659,-0.019281331,-0.027394678
BSH1%UPI0002802AC4,-0.033641078,0.00023056354,-0.016673172,0.007333928,-0.01817537,-0.030131023,-0.0138025675,0.010105338,-0.006663953,-0.00929314,0.0066144466,-0.015171976,-0.0049801613,0.02073763,0.0021978552,0.033715732,-0.02188378,-0.030943008,-0.009354609,-0.0020116835,-0.0067464537,-0.0029449016,0.041466933,0.007139048,-0.039769456,-0.04372556,-0.042351946,-0.05042468,-0.0016787644,-0.0010214024,0.002601083,-0.023181126,-0.011813278,0.013725925,0.021960903,-0.004867456,-0.04674206,0.012413641,-0.034909513,-0.038293913,0.000801746,-0.026551008,0.011743755,0.04174243
BSH1%UPI000289C842,0.056744758,0.030528948,-0.020633496,0.0053776233,-0.014568211,0.016785186,0.011866648,0.021441137,-0.030727904,-0.031328987,0.055902872,0.0012021265,-0.030341497,0.023008483,0.016407032,-0.031133918,0.021920562,-0.05790837,-0.04940724,-0.007619251,0.025589066,0.038712747,0.05091127,-0.00086889183,-0.016985985,-0.051039785,-0.04860891,-0.054461855,-0.034635954,-0.047391724,-0.028970964,-0.04257572,-0.023054548,-0.022841634,0.05445034,-0.020187704,-0.0020116896,0.0380746,-0.052526947,-0.08215551,0.0036453083,-0.021200497,0.036851812,0.035051774
BSH1%UPI0002CB0E7D,0.07046125,0.035384763,-0.008149342,0.02253293,-0.0001285553,0.05117199,-0.034791574,-0.00039241658,0.005562422,-0.012732622,0.030942407,-0.028615285,-0.037073046,0.0020488158,0.023056075,-0.023180798,-0.008033581,-5.436845e-05,-0.0405704,0.02922395,0.026401607,0.033129755,0.0055778916,-0.045812402,-0.015114758,0.021786595,0.009934306,0.038598362,-0.042661987,-0.05735564,0.02353478,0.032453377,-0.0046532946,-0.032934576,0.0052942266,-0.059956018,-0.028085528,0.013898069,-0.0013896867,0.050836533,0.05561202,0.021802366,0.057088327,0.028391955
BSH1%UPI0002F95F26,0.015558043,-0.025161155,0.07453029,-0.021305047,0.076370746,0.02321543,0.017822826,-0.025080632,0.037896052,0.041641288,-0.019526131,0.08364133,0.069275476,0.0016387522,-0.039386824,-0.005352734,0.045156892,0.020842364,0.030962257,-0.041400075,-0.07683127,-0.0283271,-0.06235892,0.05879506,0.014918982,-0.027943082,0.021637835,-0.050353788,0.066775605,0.06289851,-3.4580902e-05,-0.04171473,0.056264933,0.04484301,-0.02331909,0.012288184,-0.048236594,-0.055837557,0.02489954,-0.0070320023,-0.0067776414,0.02955315,-0.024895107,-0.027449923
BSH1%UPI00033F0DE9,-0.026777538,-0.036619797,0.045114342,-0.037735507,0.03225918,-0.0075901654,0.008160855,-0.010307503,0.056163467,0.040908292,-0.045827433,0.013573305,0.01056632,-0.018514473,-0.06637861,0.03476487,0.03879541,0.033823874,0.065778606,-0.035635635,-0.027322693,-0.038520172,-0.06417746,0.09629611,-0.002342038,-0.009128733,0.009677522,-0.019590026,0.014016851,0.018525608,-0.058464333,-0.083506696,0.033108994,0.04793414,-0.044945434,0.0066351653,-0.023209736,-0.043593455,0.038806368,0.03023244,0.04246875,0.0046116803,-0.021030188,0.021508062
BSH1%UPI00035D264B,0.0019287264,-0.013743831,0.045173675,-0.029870324,-0.002465201,-0.06858381,-0.041150924,-0.025905838,0.015821597,0.038604807,-0.016158603,0.0010747837,0.01254599,-0.02675788,-0.034704622,0.052959982,-0.019223182,0.01558644,0.005673918,-0.0067810304,-0.04699235,-0.035012245,-0.016546268,-0.005420751,0.039254524,0.03441707,0.014277055,0.0018850822,0.015532425,0.005964666,-0.028309211,-0.042702913,0.047183413,0.021456972,0.026352301,0.052023664,0.050402094,0.0016271692,0.03898404,0.049137965,0.052138377,0.030359251,-0.024642179,-0.046929065
BSH1%UPI0003A10C39,0.032502826,0.040256232,-0.04215828,0.048596326,-0.073192805,-0.01614329,-0.0024764284,0.04162015,-0.025084792,-0.020985972,0.057322945,0.0042714314,0.0050381883,0.07681772,0.0737311,0.01163503,-0.05223228,-0.048365504,-0.067384265,0.052151974,0.040424567,0.049968373,0.028012026,-0.09436413,-0.03399767,-0.025564209,-0.07043274,0.02445035,-0.03735634,-0.019677479,0.023679033,9.552203e-05,-0.06540237,-0.0427161,0.035430826,0.027890565,-0.01635692,0.028564561,-0.07586286,-0.03173253,0.008706239,-0.009951958,0.034809753,0.022894679
BSH1%UPI00041C4F56,0.04492877,0.042185925,-0.08593174,0.07751679,-0.07044483,0.012912268,-0.009017235,-0.004998753,-0.020948384,-0.043730244,0.088235214,0.03895921,0.0020430516,0.12616058,0.055237714,-0.046907496,-0.039442547,-0.05037224,-0.029726746,0.06895227,0.039787833,0.0727144,0.078655146,-0.025778078,-0.0016179748,-0.031070435,-0.08753076,-0.013894696,-0.0013061789,-0.007055778,0.07978467,0.022789214,-0.07156444,-0.018752584,0.015582617,-0.10949563,-0.103121355,0.05646894,-0.09896818,-0.08419804,-0.044090036,-0.078980565,0.071800254,0.049194988
BSH1%UPI00044AC395,-0.085212566,-0.0705148,0.016628372,0.02420343,0.00023246645,-0.022068791,0.046486128,0.0024783397,0.009368255,0.012412524,-0.039943025,0.045697976,0.023922803,-0.026567101,-0.051276684,0.031953894,0.016521225,0.021180965,0.017459294,-0.039931,-0.019464014,-0.056894068,0.019791069,0.030610211,-0.050918527,0.04737127,-0.0020975054,-0.023419585,0.04702878,0.03539711,-0.012781717,-0.050106727,0.046894655,0.030488426,0.012025059,0.066973045,0.049138643,0.0323039,0.05656787,-0.02949529,-0.041821312,0.03711859,-0.08998527,-0.09969346
BSH1%UPI0004BCDDD9,-0.023417097,-0.015103867,-0.000878117,-0.010087767,0.009413022,0.024878416,0.053044967,-0.0031824857,-0.0016495752,0.01720996,-0.029367447,0.034791306,0.019199256,-3.3354783e-05,-0.0259903,0.012368509,0.004965358,-0.00029883152,0.024946382,-0.026987607,-0.005409899,-0.037044138,-0.0071518626,0.0114961425,-0.024239363,0.021186668,-0.012447311,-0.019585902,0.01744505,0.024667427,-0.004225764,-0.03760101,0.036418825,0.069821104,0.025547069,0.043666195,0.019502845,0.009111399,0.0075587058,-0.0838762,-0.05432676,0.0027526626,-0.045932792,-0.059726965
BSH1%UPI0004D69CD5,0.0138654085,0.016694117,-0.014747995,0.020608036,-0.016732886,-0.015629683,-0.04863104,0.03437252,-0.006559586,-0.0055383192,0.015639143,-0.043527853,-0.026030172,0.015370575,0.05360457,-0.02067043,-0.016948964,-0.018504694,-0.051469434,0.044985715,0.01384117,0.015232107,-0.0089195315,-0.025790336,-0.009766461,-0.0013915704,0.011786387,0.017061597,-0.023042094,-0.026470643,0.019814288,0.03219129,-0.039042484,-0.022610426,0.005139244,-0.018547887,-0.010568676,0.013769374,0.002831641,0.047166657,0.04624922,-0.00412542,0.031310152,0.022410179
BSH1%UPI0004D6A0E9,0.0143747665,0.028762884,-0.029470906,-0.012229908,-0.0077514374,0.031996313,-0.03911477,-0.004488422,-0.017570727,-0.027842453,0.02226338,-0.027738983,-0.023576116,0.012421379,-0.0044483338,-0.01074082,-0.020998612,-0.03749027,-0.012270611,0.010903708,0.022203838,0.020286594,0.015751837,0.010547211,0.023955084,-0.044289958,-0.04155482,-0.005959457,-0.026911018,-0.0052028596,0.06991331,0.054732546,-0.019929372,0.002610878,0.054244056,-0.038686026,-0.019039305,-0.012714121,-0.04127603,-0.013046818,-0.0030175722,-0.02264497,0.028768327,0.0277666
BSH1%UPI0004F8D610,0.0762751,0.081251174,-0.05085196,0.001770414,-0.021272892,-0.02566503,-0.03004272,-0.013592181,-0.047164753,-0.048058838,0.07622042,-0.037109558,-0.02700719,0.045456838,0.086902,0.0005262371,0.01335663,-0.07749468,-0.032706495,0.04593122,0.06229861,0.0856221,0.011960325,-0.050859362,0.0008531557,-0.03523112,0.011880612,0.075965114,-0.0625359,-0.054255202,0.0035333666,0.03613278,-0.07870345,-0.062256537,0.011906804,-0.0642356,-0.062130406,0.022111023,-0.07235977,0.046721883,0.060084004,-0.036748547,0.09517533,0.061064675
BSH1%UPI0005DBBD01,0.015675245,0.0035014146,0.031868074,0.032589424,-0.02708774,-0.010457972,-0.017007954,0.034952786,0.019370215,0.009917237,0.007602868,-0.05260117,-0.03303275,-0.003961999,0.009014567,-0.049833447,-0.054430928,0.0125361215,-0.0030816006,0.028285645,0.023178367,0.0059643574,0.03230062,-0.00395896,-0.01789479,-0.042983223,-0.05233436,-0.020723453,-0.03968717,-0.038661607,-0.019599222,-0.0024964523,0.010507571,0.029869318,0.026384752,0.05621028,-0.00073727034,-0.013539017,-0.011156724,-0.014831057,0.005798174,0.012083727,-0.012688414,-0.008820382
BSH1%UPI00070D1B8F,-0.04185453,-0.019714102,-0.024253955,0.071129896,-0.043367043,-0.020237481,0.009414127,0.014635668,-0.020646853,-0.019866878,-0.016807716,0.0014608261,0.0051704585,0.06176034,0.033043534,0.03277286,-0.061055146,-0.04524258,-0.003645843,0.03299088,0.018314984,-0.019486958,0.06592468,-0.010955231,-0.04161596,-0.05308839,-0.08567824,-0.05060338,-0.009052663,0.0055342214,0.04865165,-0.011678172,-0.006230468,0.042529237,0.0378763,0.027889714,-0.0050864234,0.030750835,-0.04375792,-0.078044996,-0.041770533,-0.019085955,-0.017084656,-0.025154615
BSH1%UPI00073AFD00,0.011493422,-0.042732533,0.08870503,-0.022018183,0.03339417,-0.04948226,0.019107165,-0.055406284,0.06746052,0.065737166,-0.040008098,0.0376094,0.037186045,-0.06038001,-0.05363986,0.028544027,0.014145041,0.027323777,-0.006258118,-0.045106273,-0.03648647,-0.060472485,-0.0362434,0.02636054,-0.044953972,0.04364404,0.0517565,-0.029545428,0.046137627,0.038626116,-0.062073406,-0.06359943,0.050739054,0.050466705,-0.049730185,0.05491342,0.06597562,-0.01778926,0.07417671,0.0216172,0.004705169,0.064578585,-0.05455905,-0.042915627
BSH1%UPI00076E9CCB,0.009409672,-0.0060139974,0.031222355,-0.020291567,0.0057613044,-0.02066383,0.010000982,0.0064057396,0.013882477,-0.0038994926,-0.00901064,-0.019147076,-0.014266934,-0.023366993,0.014419512,0.012851491,-0.004894805,0.026208308,0.01347867,0.03302349,0.01579975,-0.022025762,-0.048810385,-0.009359064,-0.026599035,0.028524475,0.024419544,0.03171836,-0.01951776,-0.023147045,-0.01798418,-0.003042425,0.015349442,0.009887104,0.010901139,-0.015222064,0.017255366,-0.012506897,0.028013451,0.056336585,0.017173506,0.019157799,-0.0109593,-0.013469233
BSH1%UPI0007933BD5,0.048959393,0.0400777,0.012101258,-0.0009457886,0.019524854,0.046880383,-0.08197151,-0.0029385698,0.0032577247,0.0008911804,0.018287934,-0.0628933,-0.041562904,-0.027813436,-0.0031268822,-0.0014107206,0.009670658,0.008965704,-0.0030975717,0.009245997,-0.0056421664,0.0069366843,-0.03185771,-0.024639975,0.03473022,0.0388518,0.027583675,0.082434505,-0.026320687,-0.038980003,-0.003327936,0.023735734,0.008084804,-0.007963039,0.026822284,-0.03038395,0.011399426,-0.016588785,0.022054486,0.06069381,0.031523272,-0.009192087,0.020337574,-0.011248183
BSH1%UPI000801FF16,-0.0039301403,0.02727083,-0.053905457,0.048049893,-0.027644224,0.019526856,-0.047795348,-0.030930137,-0.037807155,-0.050669007,0.06619635,0.0027913353,0.01907757,0.06837989,0.025060218,0.024756046,-0.01101886,-0.053186454,-0.010315281,-0.005975668,-0.010272223,0.045745816,0.038297147,-0.019571511,0.012283647,-0.022522714,-0.009996402,0.0012706831,-0.015680695,0.00134308,0.034438793,0.0050884928,-0.03857338,-0.029030507,0.06993019,-0.06804758,-0.01881145,0.022786746,-0.058288373,-0.003887287,-0.0155313015,-0.033601858,0.041085493,0.017549463
BSH1%UPI00093BFB8C,-0.027371103,-0.044332057,0.021007596,-0.024863416,0.021374721,-0.0047321892,0.06652319,-0.02062556,0.010556895,0.048161693,-0.06449643,0.022816317,0.028628252,-0.04996418,-0.01123614,0.015328259,0.03592987,0.03544765,0.001691688,-0.036107562,0.015285387,-0.06276318,-0.0094373105,-0.024822166,-0.07806578,0.052655693,-0.009249594,-0.03521224,0.01800624,0.017449046,-0.023460627,-0.020632686,0.034201805,0.0037794719,-0.016561527,0.087106965,0.049291655,-0.0062912134,0.06057743,0.0006979832,-0.02267393,0.013453986,-0.04253352,-0.010322936
BSH1%UPI00095B1DAC,0.00063465774,0.0107973935,-0.07016892,0.057688445,-0.009215298,0.018959053,0.013318074,0.030872302,-0.07062147,-0.07446185,0.06624242,0.0033116308,-0.009148847,0.05015826,0.0017072746,-0.049592756,0.0067414623,-0.03633467,0.0063267653,0.013562531,0.03736,0.029290128,0.057172593,-0.016305147,-0.022816312,-0.009279144,-0.03652903,-0.011823625,-0.0291613,-0.004326164,0.056885123,0.027760463,-0.041036706,-0.013513821,0.05315151,-0.040585447,-0.057612356,0.040111724,-0.06475489,-0.0695455,-0.03951879,-0.036811486,0.01578086,0.024100032
BSH1%UPI00095C7CBB,-0.018259931,-0.061581403,0.05257443,-0.013430694,0.03771143,-0.002770518,-0.0104976045,-0.015095021,0.05111843,0.062453665,-0.05285011,0.037822656,0.060474515,-0.0060205217,-0.02902295,0.05542936,0.028145151,0.008901016,0.062224597,-0.061596904,-0.08641038,-0.07069549,-0.031526893,0.066330835,-0.035465255,0.025116239,0.006462645,-0.02106487,0.04637541,0.049091924,-0.0138326455,-0.014221492,0.03730823,0.046857163,-0.040106468,0.031681053,0.042286202,-0.043167733,0.020969981,0.007977995,0.0015846932,0.03281702,-0.07094725,-0.053972818
BSH1%UPI000BCCCB22,-0.0077311425,0.03108097,-0.019565368,0.012947625,-0.024978232,-0.008944189,-0.026053045,-0.023651581,-0.006929876,0.008587621,0.019521065,-0.022607796,-0.023853334,-0.015047613,0.002344016,-0.015830053,-0.009567748,-0.03957517,-0.01626379,-0.01698416,0.03215404,0.034581218,0.005362766,0.008529124,0.07980908,-0.03999839,-0.025272906,0.019822687,-0.0026431277,0.021058021,0.027436402,-0.012888113,-0.0027181662,0.024580766,0.055552896,-0.05208309,-0.013831085,-0.05074571,-0.042835638,-0.007901984,0.022447746,-0.020069754,0.023425581,0.020423623
BSH1%UPI000BD3EFD5,0.023296759,0.0005573181,0.07948961,-0.08918561,0.05509947,-0.034631092,-0.003814328,-0.09461442,0.050702024,0.056024976,-0.032240886,-0.017382383,-0.011456716,-0.08832898,-0.055699892,0.04365559,0.02306936,0.022698618,0.08097301,-0.06292054,-0.015340536,-0.020381492,-0.057979178,0.041418705,0.011093124,-0.012833732,0.045074925,-0.007344258,-0.028114215,0.0034904776,-0.036502138,-0.003607496,0.07011101,0.024403537,-0.069487885,0.052842308,0.0085799275,-0.0301131,0.051236488,0.068628594,0.08838215,0.036884397,-0.02489268,0.0040328996
BSH2%UPI0001599717,0.0120053915,0.008084942,0.008810981,-0.054321676,0.054040927,0.02958124,0.035474587,-0.02987371,0.0063325353,0.001701162,-0.021839999,-0.04815029,-0.027749754,-0.07568619,-0.010602235,-0.01850781,0.0709259,0.07570033,0.054488596,-0.010869123,0.021929445,-0.012761246,0.012960605,0.0102081,0.048874535,0.06559791,0.074361265,0.02835402,-0.02793753,-0.040487133,-0.07291801,-0.0069043706,0.027399568,-0.0020256126,-0.06697695,0.045063443,0.041726366,-0.008759891,0.029449997,0.05231531,0.004481762,-0.015942521,-0.0029133104,-0.049832817
BSH2%UPI00017C25E3,0.03435181,0.0041952417,0.045628905,-0.076098144,0.03128744,0.04182161,0.028120559,0.000621098,0.053490557,0.02143175,0.0045177653,0.058148697,0.052256946,0.016378537,-0.041208487,-0.011520308,0.01922874,0.017490461,0.0091125965,-0.041160766,-0.015760314,-0.0018892941,-0.048632074,0.009284859,0.019997044,-0.022403404,0.012864505,-0.029959371,0.04590399,0.02408307,0.00090816035,-0.021181913,0.036393017,0.0035702556,-0.0005185318,-0.029434819,0.0055218553,-0.013460641,-0.0033444627,0.017830877,0.011194194,0.031003265,-0.006127975,-0.030369721
BSH2%UPI0001C1C05D,0.03193785,0.008475763,0.0031553707,0.007813232,-0.012225092,0.034361202,-0.012643566,0.0102077,0.0026074394,-0.0064197546,0.035665806,0.04951092,0.04728334,0.046839736,-0.0086853765,0.022493888,0.0055174744,-0.017471133,-0.016086275,0.0013429563,-0.0368678,0.02390908,-0.047755532,0.0043977,-0.029535132,0.0023599095,-0.0019846896,-0.024539514,0.03664053,0.03858848,0.026003378,-0.02893304,-0.005471678,0.0124591505,0.020858621,-0.002461187,-0.017194843,-0.008037313,-0.0012802187,-0.0048470167,-0.011219988,3.8962567e-05,0.02484125,-0.021429706
BSH2%UPI0001CF4F1D,0.05392694,0.06400142,-0.03248686,0.034498055,-0.047285236,-0.042609517,-0.051625382,0.047849618,-0.026724944,-0.015159271,0.06383941,-0.049920082,-0.045064103,0.01884252,0.075765155,-0.03025049,-0.019318894,-0.050704315,-0.07649401,0.080094926,0.01947993,0.06675871,0.041338496,-0.0057699396,0.027398827,-0.05640759,-0.021098824,0.02089545,-0.060058113,-0.03191537,-0.00507643,0.0011932818,-0.042131905,-0.018722761,0.009810915,-0.083593994,-0.077671394,-0.0054256874,-0.06657482,6.2141036e-05,0.03382115,-0.0118522355,0.0878359,0.07585701
BSH2%UPI000335FD2D,-0.039225675,-0.017338322,-0.029507333,0.07072848,-0.0072269053,-0.0022315038,0.026447136,-0.0067862356,-0.028155666,-0.022114461,0.003646771,-0.066046596,-0.084440686,-0.055088293,0.021670489,-0.03732419,0.0054175532,-0.04296066,-0.07702734,0.0025996994,0.030892583,-0.009752655,0.058218673,-0.007537277,-0.011940748,0.050834246,0.001532882,0.05952443,-0.06307833,-0.07113692,-0.059579734,-0.06167157,-0.005117576,0.028954547,0.059487127,0.05268319,0.033313476,0.06955146,0.039758872,-0.023236638,-0.0054949303,0.024069503,-0.01434693,0.0053628
BSH2%UPI00033AD64E,-0.052515052,-0.011856577,-0.05412173,0.03793463,-0.04612373,-0.049617633,-0.003616686,0.032910377,-0.02675794,-0.017609347,0.010886647,0.015619223,0.0173964,0.029474461,0.027939284,-0.025413174,0.011159421,-0.0646905,-0.008333823,-0.0027061831,0.03438189,0.0078123827,0.014493314,0.0032536632,0.004137101,-0.03837928,0.004635216,0.020789996,-0.01614793,-0.01323978,0.019518647,0.019407174,-0.022160107,0.006774821,0.0103532635,-0.030801866,-0.0056558615,0.04557909,-0.023115624,-0.01472129,-0.048078116,-0.028085494,0.0008827342,0.032150004
BSH2%UPI00033F049A,0.04095975,0.06162628,-0.07029632,0.036080856,0.0238232,0.040202036,-0.029932268,0.022512633,-0.083144896,-0.070552595,0.0286245,-0.08767598,-0.08118395,-0.024488542,0.07031205,-0.061437357,0.044035878,-0.025230398,-0.014350447,0.049048945,0.054341365,0.054342818,-0.008055926,0.00483496,-0.023654817,-0.032460447,0.032115854,0.0641427,-0.08214015,-0.08488746,-0.045248173,0.0332602,-0.049708944,-0.03704549,-0.017957663,-0.03768648,-0.064972006,0.020329287,-0.031777453,0.06160614,0.012279402,-0.059903406,0.08374855,0.1020938
BSH2%UPI00038B932A,-0.0047627683,0.008370678,-0.044902954,0.052634943,-0.022174884,-0.05759934,-0.0041350345,0.0019227699,-0.012817012,-0.034965266,-0.0028780543,-0.009134077,-0.008980768,0.03152828,0.019254519,-0.0027224747,-0.03586262,-0.063581355,0.02568315,0.017805248,0.002908201,-0.008604203,0.036577523,0.025383683,-0.017670028,0.0048747514,-0.064400144,0.037717704,-0.014462542,-0.02059269,0.02991594,-0.011662602,-0.029202573,-0.013283886,0.0072363853,0.009216263,0.004873845,0.07707147,-0.033499386,-0.030065201,-0.023294764,-0.038179036,0.008214181,0.017744994
BSH2%UPI000396CDDF,-0.034761988,-0.021731948,0.005070871,-0.006277698,0.040736534,-0.06683147,0.017547349,-0.02460684,0.022651892,0.012198649,-0.018812545,-0.009651333,-0.036629032,-0.020541308,0.0061625503,-0.030372372,0.042153534,0.009560611,0.040655814,-0.0034445203,-0.014432138,-0.010748879,-0.0108165415,0.04993127,0.033796646,-0.027829807,0.014953789,0.0068119937,0.0022909858,-0.025545562,-0.03761572,0.005102153,0.043932833,0.015685497,-0.009614539,-0.02037123,-0.03713947,0.0068357186,0.0019736402,0.025383752,0.021323921,-0.014784516,-0.009116344,0.043039754
BSH2%UPI00050FFCF5,-0.044654757,0.028712308,-0.05702939,0.019133992,0.0040890723,0.063408606,0.012812956,0.06786053,-0.041865405,-0.059103116,0.016522126,-0.073688805,-0.05759586,0.012300912,0.014769497,-0.11165781,-9.684242e-05,0.022751015,0.05079555,0.045898233,0.06270933,0.03003322,-0.014342742,0.0326181,0.054683093,-0.021500139,-0.01524462,0.04193272,-0.04558437,-0.06435269,-0.014741949,0.001115844,0.00041672538,0.008482787,0.05658203,-0.00018431403,-0.02583989,-0.005179665,-0.013497834,0.034782127,-0.031171285,-0.060088906,0.013622858,-0.0014238514
BSH2%UPI0005D317A6,-0.026953815,0.004949347,0.0022318696,-0.0070315106,-0.03541317,-0.0544603,-0.007268968,0.011048837,-0.0028650886,-0.012689408,0.019021075,0.0035122167,0.005728888,0.029014029,0.011747364,0.012579132,-0.024708379,-0.0022227706,0.028306903,0.022253746,0.030323751,0.004095751,0.013299075,0.0064666937,0.013424312,0.0037681507,-0.010744273,0.018785788,-0.0092383465,-0.02473779,0.030067775,0.0300024,-0.02297111,-0.004072659,0.0231702,-0.034348186,-0.0177042,0.018310865,-0.01982908,-0.02039815,-0.0064291954,0.0087721795,-0.034685284,-0.021117829
BSH2%UPI0005DCCFF2,0.14026335,0.112077124,-0.089813806,0.055170856,-0.020671442,-0.053499054,-0.06661733,-0.008083565,-0.0449997,-0.024207186,0.1219572,-0.10090787,-0.09881318,0.03949622,0.109651156,-0.11310844,0.017880008,-0.057132386,-0.08558695,0.09649443,0.14122958,0.115965515,0.051777445,-0.09082323,0.0070995726,-0.014495453,0.030913252,0.106478825,-0.109763525,-0.107414715,0.03327111,0.1094202,-0.09226471,-0.12920763,0.028325278,-0.068689264,-0.07732437,0.07463335,-0.07321555,0.045803532,0.046835408,-0.08445538,0.123190604,0.08773156
BSH2%UPI0006BFFEB7,-0.026575794,-0.058707405,0.086308114,-0.110504724,0.06920541,0.03470978,0.05404873,-0.072874896,0.10417687,0.07451954,-0.041653685,0.08749202,0.09318922,-0.026595078,-0.059503738,0.035330955,0.05637578,0.07552681,0.03759515,-0.06706762,-0.04688494,-0.037721917,-0.06980929,0.06870843,0.06131571,0.00747888,0.03412304,-0.05115606,0.08072253,0.0794875,-0.022556609,-0.032929707,0.07413605,0.052529234,-0.05344776,-0.02195382,-0.0007487841,-0.102231205,0.07665337,0.0155982105,0.010912315,0.08140364,-0.03663059,-0.07790823
BSH2%UPI0006C0EB58,-0.060135007,-0.05144825,0.012448988,-0.01200152,0.028832106,-0.014035897,0.081284,-0.010770896,0.050607733,0.03283411,-0.03951602,0.018201124,0.0044257594,-0.027046077,-0.047351427,-0.006398651,0.041544776,0.03193335,0.017644966,-0.011290158,0.0076833004,-0.038265347,-0.014255831,0.06878406,-0.0019690418,4.0436535e-05,0.037087847,-0.027854988,0.021396615,0.0165255,-0.006512742,-0.035043344,0.029934864,0.06099965,-0.0087153185,0.002977784,-0.023201127,-0.040635105,0.035367265,-0.014847952,-0.03325009,0.03554526,-0.03588537,-0.03105265
BSH2%UPI0006C1ADDE,-0.010524328,-0.019554608,0.03168185,-0.037280075,0.038275093,-0.05387155,-0.0021527498,0.0093850335,0.017581427,0.02627433,0.012820933,0.037724108,0.009226313,-4.042103e-05,-0.040070366,0.01327178,0.00833722,-0.021233,0.0435844,-0.0332636,-0.053811204,0.0024269545,0.0028493446,0.036551002,-0.0048798304,-0.02394269,0.02034167,-0.024164245,0.04939745,0.03105481,-0.012289334,-0.034954622,0.040551137,0.040513393,-0.0029536579,-0.0074688005,-0.061340973,-0.038680505,0.0028819887,0.0020259165,0.0056016566,0.014018514,-0.010807788,-0.010438089
BSH2%UPI0006C28698,0.0064032967,0.048531752,-0.054551058,0.042798847,-0.02264545,-0.0023261989,-0.03409718,0.03634255,-0.04786823,-0.045595482,0.052324425,-0.059699282,-0.052100755,0.047749996,0.056722846,-0.06314965,-0.012402444,-0.03531472,-0.020334499,0.083503276,0.044159632,0.052919462,0.061132733,-0.04272715,0.03261338,-0.018718516,-0.005450016,0.056725193,-0.033416633,-0.03755156,0.048917588,0.06934332,-0.042471632,-0.08709927,0.03602301,-0.07511579,-0.06122788,0.021439288,-0.050668377,0.010322958,0.00047475693,-0.053087488,0.056646418,0.06068483
BSH2%UPI0006C45BC8,0.03967048,-0.005861457,0.03119641,0.015740821,-0.03312739,-0.032054,-0.04453215,-0.028170152,0.024161499,0.014737168,0.0008259,-0.0023719852,0.009667184,-0.0038847614,-0.0029059208,0.017732374,-0.034796927,-0.010197887,-0.041809455,0.007433692,-0.030957732,-0.011244132,0.024613135,-0.0009784253,-0.0052730828,0.047698785,-0.0043984703,-0.015882839,0.008732754,-0.021789707,-0.03051407,-0.0011534631,-0.010472511,-0.010034279,0.0075694593,0.041052535,0.0004958004,-0.016496524,0.018511632,0.009464726,0.045232825,0.025177464,0.0025127293,0.0018752288
BSH2%UPI0006C4A6B6,-0.012637005,-0.011558273,0.04504353,-0.10701175,0.06802398,0.013377262,0.03465474,-0.016855478,0.03786651,0.037136465,-0.0116533395,0.06672676,0.042488478,0.018208198,-0.031334564,0.049207978,0.049107455,0.01694254,0.011851797,-0.061247278,-0.0808313,-0.00063136214,-0.06699385,0.059994373,0.006737884,-0.052625917,-0.021911573,-0.06387755,0.061872557,0.06420369,0.0026578372,-0.057594422,0.04661029,0.04629048,-0.051879726,-0.03926496,-0.06830695,0.0021792222,-0.023673056,-0.02374531,0.056073293,0.013521868,0.010372413,0.030483866
BSH2%UPI0006C706B0,-0.0022615772,0.010455706,-0.010045817,0.04295237,-0.037662756,0.017778458,-0.030387834,-0.002259989,-0.0094407,-0.008775112,0.027402598,0.016754681,0.022285245,0.023186632,0.04546455,0.013009847,-0.020640414,-0.021191316,-0.07048532,0.016725892,-0.014253771,0.01960191,0.030686108,-0.053375743,0.026568199,0.034844745,0.003305297,0.028717984,0.022896606,0.028965034,0.056189805,0.0451528,-0.023333909,-0.04354613,0.029878855,0.025235176,0.03157817,-0.0028282339,-0.006843135,0.008457607,-0.017321901,-0.006428693,0.021754008,-0.039597824
BSH2%UPI0006CAB5AD,0.014865563,0.035663694,-0.014347392,0.0059681223,-0.05682356,-0.116679,-0.08445324,0.026794452,-0.022016285,0.012851392,0.01243829,0.009311097,0.0015447702,0.0053866734,0.0508005,0.02943524,-0.04223983,-0.03273247,-0.009056118,0.030293481,-0.04136639,0.024787212,0.03912568,-0.054511152,0.076407515,0.008147543,-0.0028645762,0.04275431,0.025366262,0.03134989,0.06833044,0.07094478,-0.020819632,-0.033515364,-0.012243906,-0.062439084,-0.005337202,-0.014181027,-0.0129024135,0.057126865,0.040506206,-0.026422452,0.016804675,-0.021647183
BSH2%UPI0006CABDF6,-0.06590632,-0.004487711,-0.0051586516,0.013917396,0.033847228,0.049173146,0.04679547,-0.009459818,-0.0059650876,-0.015383547,-0.025140567,-0.025220029,-0.023848934,-0.022910168,-0.06355073,-0.046114944,0.056149688,0.018151611,0.037361182,-0.010057929,-0.009369065,-0.012625667,-0.0043365406,0.030104466,0.041826703,-0.058651246,-0.01993217,-0.022276007,0.0006142262,-0.0040068794,-0.0072778724,-0.03325801,0.030189764,0.059658498,0.04172787,0.007396456,-0.012068241,-0.014235756,-0.0021960079,-0.042653725,-0.05629947,-0.044232093,-0.0231231,-0.028457692
BSH2%UPI0006CABE2C,0.020596476,0.0022115028,0.007960453,0.002644022,-0.022876702,-0.0101087745,0.01510656,0.028026434,0.0057709683,-0.01469925,-0.014447722,-0.04743742,-0.04821333,-0.023431148,-0.010129955,-0.010050366,0.014909866,0.022666281,-0.014343377,0.07651619,0.06201996,-0.0062808855,0.052049905,-0.043297652,0.008517151,0.011213962,-0.026467023,-0.015264655,-0.04539224,-0.05044751,-0.037776843,-0.044854153,-0.0012257065,-0.021587003,0.016492045,0.040570725,0.022988908,-0.005329143,0.0078057195,-0.003956284,0.027020909,0.043787822,-0.00834966,-0.02663126
BSH2%UPI00082051E1,-0.06768068,-0.05664587,-0.010069076,-0.03528507,0.015087122,0.019831704,0.056324683,-0.0064604594,0.004217322,0.004996588,-0.03966223,0.017022412,-0.001971831,-0.022819746,-0.010567698,0.007370943,0.005101538,0.03838303,0.020720527,-0.033318248,0.00036118377,-0.03952914,-0.013612983,0.03204365,-0.0032664365,-0.02119268,-0.03598793,0.010636511,0.016441783,0.011277562,0.01304793,0.0012433957,0.016567357,0.04864424,0.0019548177,0.006570724,0.01863048,0.008805935,-0.007955484,-0.01427401,-0.03300927,0.0072673545,-0.046814278,-0.0034197697
BSH2%UPI000820857A,-0.07086576,0.009232371,-0.061323944,0.024782162,-0.017789137,-0.0493624,0.014347089,0.107149705,-0.047061972,-0.09735663,0.007994683,-0.052744195,-0.08386267,0.007914986,0.009332511,-0.08741403,0.0027760458,-0.02880385,-0.02103509,0.03589629,0.05075664,0.028978154,0.064256094,0.014506324,0.023945622,-0.0016253111,-0.026696064,0.064039,-0.043738674,-0.044023633,0.0074230493,-0.007492006,-0.004138609,4.2734817e-05,0.061035935,-0.010554477,0.013465761,0.08772603,-0.0013225302,-0.04395407,-0.11214574,-0.033162676,0.00487769,-0.0041646976
BSH2%UPI000820B778,0.010263908,0.007031594,-0.032359358,-0.016195908,-0.013876672,-0.006539347,-0.02817962,-0.0008120563,-0.024741903,-0.006535954,-0.003145048,-0.012637542,-0.0027178125,0.02174725,0.033145048,0.0076010255,0.018056607,-0.04175392,-0.009476605,-0.0034559432,0.006580109,0.012720423,0.0098245945,0.010405247,-0.04574939,-0.010977233,0.013531891,0.021046015,-0.049357433,-0.037801072,-0.014570291,0.009068281,-0.013232333,0.013206644,0.0029898896,-0.01796857,-0.014384998,0.007858376,-0.039398856,0.010828961,0.011682204,0.0075079417,0.020090267,0.03480746
BSH2%UPI000820F666,0.036283687,0.019126829,0.008451989,0.0108292885,-0.023741757,-0.028699225,-0.019186499,-0.011225483,0.012407056,0.00477206,0.027207684,0.023376465,0.02902993,0.043806076,0.015920613,0.049721673,-0.024000354,-0.019746758,-0.019908397,0.016445212,-0.009948038,0.006189433,0.0170629,-0.035977494,-0.029170575,-0.018997429,-0.027189918,-0.055917427,0.019445008,0.026901789,0.054033104,0.013300449,-0.025560275,-0.03536532,-0.02205516,0.021481806,-0.0025041795,0.0057502673,-0.04140637,-0.016014146,0.033472754,0.012499262,0.011381917,0.007918367
BSH2%UPI000821232B,0.026183868,0.006824423,-0.0044032168,0.0009056151,0.046049304,0.09394155,-0.04913039,-0.011979932,-0.011662165,0.0035946455,-0.020130105,-0.03882414,-0.019128824,-0.038994674,0.03016504,0.010995457,0.057471205,-0.0048646196,0.014366622,-0.0056071905,-9.052716e-05,-0.009989996,-0.04658638,-0.007577417,0.024432585,0.01871784,0.0755016,0.06693373,-0.014946371,-0.0006091742,-0.07497286,-0.038620338,0.0023826745,-0.028657708,-0.04813601,0.022695944,0.0080331145,-0.053306088,0.028753888,0.08117195,0.023607086,0.0044012447,0.0037998888,0.04404442
BSH2%UPI0008219BA0,-0.06552554,-0.05430986,0.11006066,-0.08794341,0.06886221,-0.027181506,-0.026017115,-0.039430335,0.11011049,0.094955415,-0.038515564,0.06392197,0.03965043,-0.059729353,-0.0747173,0.07983469,0.03702228,0.06579732,0.018096996,-0.06571393,-0.067859314,-0.02880023,-0.07919845,0.06476325,0.07724413,0.012637418,0.020804973,-0.006060306,0.08506601,0.071847826,-0.0275084,-0.02546592,0.10742344,0.057910208,-0.0005510238,0.0020730337,0.035312254,-0.103472374,0.087541856,0.07022228,0.06706522,0.1118536,-0.05920913,-0.11135575
BSH2%UPI0008222B5A,-0.03734324,-0.06499624,0.07603467,-0.05967513,0.045013938,-0.029311903,0.05909855,-0.06599202,0.06556009,0.055265408,-0.07564189,0.049471084,0.028643377,-0.036074676,-0.06368338,0.033319846,0.01607219,0.049003534,0.052338853,-0.08079778,-0.05519266,-0.07250919,-0.0695877,0.05721913,-0.030717384,0.006684144,0.048919767,-0.04104161,0.039365284,0.057274114,-0.06857127,-0.0962033,0.06535347,0.084570445,-0.05856439,0.057476293,0.04727696,-0.07434171,0.057435144,0.0115174735,-0.014434848,0.043611117,-0.06582944,-0.0015112348
BSH2%UPI00082257EE,0.006785459,0.053470377,-0.04886716,-0.0060573854,-0.013428177,-0.018596144,0.004656555,0.017542066,-0.02378273,-0.014909011,0.007905253,-0.033147097,-0.042145357,0.0229856,-0.0025153803,-0.0432584,-0.0046833693,-0.022186456,-0.0050115925,0.058941893,0.048836235,0.03018156,0.0008194611,-0.019278796,0.03854756,-0.06772888,-0.026906587,0.0167987,-0.029324444,-0.043168325,0.005620046,0.0068830606,-0.021633226,-0.041028876,0.02049063,-0.036358617,-0.026384527,0.04514551,-0.04341372,-0.018287899,-0.016634533,-0.032034,0.03417195,0.061572623
BSH2%UPI00082332C0,0.04095827,0.025926622,0.03122557,-0.055889703,0.033267483,0.007544148,0.05383854,-0.021284018,0.01259683,-0.018692119,-0.0034057782,-0.05772699,-0.04083911,-0.050502278,-0.033956293,-0.01271665,0.051918715,0.061620623,0.050654467,-0.0036400354,0.03984693,-0.0068349484,-0.04656959,0.058033716,-0.027627705,0.006314144,0.07609543,0.029368095,-0.055877633,-0.05235832,-0.11756311,-0.08045298,0.027351705,-0.0031513094,-0.06282698,-0.010414144,0.0063982443,0.006715994,0.041457165,0.07324902,0.037122242,0.013631929,0.014801177,0.038351975
BSH2%UPI00095B7069,0.0010176525,-0.02213099,0.02042321,0.04440265,0.025200536,0.004930029,0.03315957,-0.03198843,0.034638222,0.023193609,0.00470708,0.028603766,0.008918463,0.009298741,-0.0034536908,0.008860627,0.031600837,0.03319527,0.017440896,-0.014990407,0.031455062,-0.025114689,0.012817502,0.0009987553,-0.07446025,0.025017945,0.009515256,-0.05394371,-0.0006228602,-0.019903459,-0.02504856,-0.041053806,0.015904637,0.004325522,-0.012059469,-0.017066972,-0.005946775,0.04047641,0.013417618,-0.035650104,-0.013300403,0.0121581815,-0.037631758,-0.00069552526
BSH2%UPI000960BD65,0.01970214,0.0068655033,0.021773187,-0.025444908,0.036827866,-0.03429399,0.029184299,-0.037113994,-0.0066857957,-0.0020402109,0.0073155183,0.028620565,0.007417521,-0.010610703,-0.010914307,-0.023138512,0.033968553,-0.013607403,0.009395941,-0.053836673,-0.04455676,0.013384836,-0.013373874,0.030537631,-0.0058508296,-0.034958426,0.020310631,-0.048642766,0.039979555,0.039451294,-0.015848642,0.0038446633,0.0053538154,-0.0014748554,-0.013512634,0.010792732,0.008006025,-0.014513034,-0.009476462,0.005244282,0.0050960016,-0.015394913,0.016534975,0.026144903
BSH2%UPI000965B48B,-0.07600297,-0.14040647,0.1118141,-0.055594712,0.08229071,-0.0042149182,0.063864104,-0.08238704,0.122256726,0.11403144,-0.1317267,0.06932389,0.05852838,-0.09987226,-0.10703558,0.078388,0.04330297,0.13255069,0.094546884,-0.0896533,-0.10541881,-0.14175883,-0.087350376,0.07373211,-0.009858217,0.071749054,0.032428518,-0.07775163,0.07479766,0.07861298,-0.06315056,-0.0721963,0.11418292,0.123119205,-0.06474296,0.11264931,0.10127527,-0.07017734,0.13850749,0.060179885,-0.016176581,0.10337718,-0.14692278,-0.10199536
BSH2%UPI00096829BD,0.025068112,0.033281706,-0.030017722,0.09990001,-0.07096399,-0.046250507,-0.046507746,0.048461355,-0.05339118,-0.018567406,0.04196366,-0.10070715,-0.091652945,-0.018665072,0.059433676,-0.021736931,-0.027209872,-0.031251855,-0.020638358,0.07380009,0.09336788,0.030017314,0.07235617,-0.061849028,0.002400306,-0.019629434,-0.047057662,0.03580423,-0.10415012,-0.11463271,-0.028345434,0.0050385823,-0.026305508,-0.019541953,0.06811894,0.008349262,-0.014087348,0.025537567,-0.036055155,-0.024073454,0.022444468,-0.024017213,0.04695827,0.029878002
BSH2%UPI000D1261F9,-0.011875527,0.0045959367,-0.06015827,0.07894561,-0.0453863,0.002750603,-0.0042876257,0.050589565,-0.050678134,-0.03607947,0.01706265,-0.014790332,-0.020347493,0.05524121,0.029185437,-0.013527735,-0.061173156,-0.035337087,-0.07755977,0.052492443,0.05839063,0.006116925,0.041631546,-0.059697226,-0.03258677,0.030140573,0.0072951186,0.017039089,-0.018724654,-0.0134725915,0.05735724,0.036792956,-0.05171432,-0.043075528,0.032070104,0.038972806,0.025746355,0.08045194,-0.034596927,-0.04197136,-0.049327284,-0.015995223,-0.005739095,0.013993862
BSH2%UPI000E40484B,-0.040887207,-0.007757972,-0.046947986,0.0509322,-0.08082365,-0.07224441,-0.064768486,0.06056809,-0.016771976,-0.008751482,0.026653502,-0.025630193,-0.024904517,0.022927523,0.032579564,0.0070589576,-0.09324665,-0.05397389,-0.019006234,0.02742561,0.04576908,0.018014433,0.048153996,-0.04893051,-0.009627731,-0.048460465,-0.0357284,0.03832793,-0.027983591,0.0036073476,0.0635296,0.07429035,-0.052485924,0.00241004,0.02933221,-0.029117262,-0.03894901,0.058746707,-0.045897257,-0.027151633,0.010651141,-0.00094990386,0.02573238,0.004127685
BSH2%UPI000E4418E2,0.061699614,0.033324774,-0.025435783,-0.02415292,-0.019477047,-0.026063291,-0.044617,0.021305567,-0.01706455,-0.018622354,0.014014151,0.0143975075,0.01665343,0.021383194,0.049591623,0.0051943893,-0.015505479,-0.027284574,-0.027625533,0.028898135,-0.014335678,-0.0044945953,0.022962714,-0.030078068,0.031067839,-0.019848773,-0.018603522,-0.016920788,-0.0024433963,0.0020454766,0.009290209,-0.010061235,-0.034074727,0.0018596515,-0.007282455,-0.04523677,-0.046202727,-0.008607546,-0.040715814,0.0003643968,0.03740644,0.014678009,0.0480838,0.04113908
BSH2%UPI000E4BF981,0.008076473,0.01714003,0.017124707,-0.016993117,-0.021058049,0.0009996427,0.004844128,0.041825246,0.009253595,0.0011828865,-0.024440585,-0.036196113,-0.045262165,0.0015508196,-0.015603703,-0.022341428,-0.040083062,0.027302988,0.031153783,0.054195255,-0.0074675507,-0.0021830017,-0.043255836,0.046367712,0.061672878,0.011695352,-0.028755238,0.03705726,-0.021056522,-0.032254875,-0.032251198,-0.033804175,0.022060428,0.05177408,0.01895734,-0.0149995135,0.018042278,-0.058190893,0.00077347027,0.011833403,0.022216959,0.03434716,-0.014789659,-0.022814486
BSH2%UPI000E4E4D64,-0.037185345,-0.012392418,-0.001963765,-0.024734108,-0.007913454,0.059770204,-0.046052117,-0.022142854,-0.016407777,0.0090122195,-0.035656705,0.024746954,0.026283437,0.003064179,0.0038848051,0.058226053,0.015270202,0.014859987,0.045768544,-0.025522865,-0.05970931,-0.023592474,0.009289432,-0.016243273,0.018375356,0.01359673,0.05063243,0.00057821884,0.01609291,0.036321208,-0.029786052,-0.0016106642,0.009294731,-0.020676756,-0.04101019,0.008267909,0.048601374,-0.026890092,0.022570562,0.05039775,-0.018598102,-0.0019398129,-0.016568648,-0.01782007
BSH2%UPI000E53DAEE,-0.090092115,-0.050981466,-0.030160768,0.07404428,-0.0515391,-0.004703369,0.027841644,0.045845956,-0.017799925,-0.0072474624,-0.061028518,-0.045735244,-0.015788846,0.029124314,0.023977023,-0.028732233,-0.038718663,0.018752968,-0.023912398,0.05179189,0.0127867535,-0.051873855,0.03313203,-0.030025266,-0.013370553,0.026447149,-0.034356743,-0.0013674779,-0.029338289,-0.027355103,-0.0117312465,-0.029579097,0.004129782,0.043297097,0.081213035,0.07716573,0.082262926,0.031780228,0.031083303,-0.102603175,-0.08551786,-0.0014940309,-0.07432785,-0.033789784
BSH2%UPI000E7D8CB5,-0.04582931,0.010696367,-0.04041219,0.039069958,-0.015375664,0.039897338,-0.024199637,0.031888366,-0.05588963,-0.048948213,0.027653418,-0.013654127,-0.0076141907,0.048225705,0.076741785,0.0034558796,0.021413673,-0.033069957,-0.03181164,0.06936565,0.023149233,0.04129797,-0.0077552097,-0.034238413,0.035953768,-0.009948087,0.014747241,0.05308928,-0.032757506,-0.021107974,-0.0026873085,0.036207866,-0.04892792,-0.05470561,0.024019452,-0.003153325,-0.06897035,0.021220272,-0.033809543,0.026733585,-0.01767068,-0.012893671,0.04864601,0.017556272
BSH2%UPI000E80FD85,0.03643601,0.051491246,-0.05774702,0.08105996,-0.07984232,-0.08060939,-0.08272605,0.06102654,-0.06360177,-0.056770973,0.038868904,-0.082673,-0.08286547,0.008203102,0.04677979,-0.033406492,-0.06318592,-0.08129198,-0.06668233,0.075646855,0.059491094,0.039114863,0.071775086,-0.09599603,0.012513309,0.03069273,-0.02968342,0.13327438,-0.07439399,-0.08536901,0.013153949,0.02775892,-0.047418013,-0.03692789,0.07982146,-0.023821173,0.049736757,0.020130917,-0.016056292,0.02605515,0.011328484,0.00927733,0.04081006,0.040885735
BSH2%UPI000E92006C,-0.034371722,-0.02991349,0.0036427062,0.049078956,-0.033404402,-0.048076086,0.055055078,0.030291053,-0.02076688,-0.019372463,-0.04317563,-0.034735333,-0.030848715,-0.013194734,-0.007204943,-0.05917135,-0.022119436,0.01927648,0.009849094,0.049877547,0.045347773,-0.035820622,-0.00028567004,-0.026682947,-0.04962058,0.011466932,-0.025179464,0.0019667912,-0.05362811,-0.04259195,-0.07406332,-0.09645792,0.01021483,0.011021287,0.014195077,0.044112433,0.07225747,0.013058808,0.016591385,-0.03566448,-0.023357142,0.023631051,-0.021162068,0.022636602
BSH2%UPI000EC98B2C,0.031674627,-0.009104368,0.038527563,-0.030879406,0.08006177,-0.0113328835,0.025293615,-0.068088464,0.03326957,0.03148246,-0.009493168,0.009505124,0.008406027,-0.05706377,-0.03513712,0.038731195,0.03503385,0.05603962,0.03613149,-0.04481099,-0.045591887,-0.029175036,-0.047506217,0.025721014,-0.013380442,0.032872085,0.036674038,-0.034193624,-0.009179452,-0.00433053,-0.04408352,-0.06320244,0.050268427,0.01753706,-0.01859124,0.004862427,-0.0031303798,-0.032013427,0.041463852,0.06914473,0.05652259,0.015785776,-0.017872822,-0.026577318
BSH2%UPI000ECC9F84,0.009444438,0.021388559,0.003034129,0.008520677,0.017001279,-0.024041591,-0.027655603,0.009368923,-0.023279157,0.011570039,0.019607086,-0.011370779,-0.00019153573,0.008861947,0.02438458,-0.03185027,0.009681262,0.0018456527,0.0012664231,8.952256e-05,0.0041783154,0.018155953,-0.0032866031,0.00889252,0.012067233,-0.012845549,0.038823448,0.013695231,-0.016458016,-0.012855392,0.017553402,0.03561556,0.015894819,0.014257983,0.0033738923,-0.085079975,-0.02728468,-0.022842722,-0.0152590005,0.04077284,0.05121737,-0.04205946,0.018679468,0.016119929
BSH2%UPI000EE4CDBB,0.0016912571,-0.019918138,0.0012919521,-0.012268698,0.05936893,0.04175854,0.020900546,-0.025164714,0.013074237,0.010701183,-0.0072708596,0.02959172,-0.0055668117,-0.010680832,-0.035404168,-0.03029431,0.07385691,0.04023319,0.039001003,-0.01227788,-0.0012982468,-0.014555347,-0.041397247,0.02405684,-0.027426625,-0.0049681826,0.011937302,-0.023868745,0.019306073,0.00046790767,-0.028702512,-0.038910843,0.05882001,0.02221035,-0.054789033,-0.010681326,-0.040943712,0.038455233,0.005169338,0.020864366,-0.011294717,-0.043019142,-0.0099899545,0.019433785
BSH3%UPI000156F498,0.0004488469,-0.027502257,0.07476411,-0.075516745,0.043997377,0.02327379,0.006632316,-0.11456153,0.0684101,0.080938295,-0.04425817,-0.00011935011,-0.0018640902,-0.09128162,-0.06108236,0.009816963,0.04549929,0.053529784,0.097041935,-0.050830897,-0.024341263,-0.03957445,-0.06806735,0.045547925,0.036099516,-0.0028438112,0.080976546,-0.016557477,-0.013427696,0.0025513798,-0.06955288,-0.022836003,0.07869434,0.056634493,-0.05863242,0.030989068,0.028499402,-0.040021196,0.05375757,0.055209734,0.017226731,0.0435197,-0.02763682,-0.02080806
BSH3%UPI00016547A5,0.00091127737,0.0076435236,-0.013653543,0.042296443,-0.038684934,-0.040022627,-0.03712538,0.010674169,-0.020152366,0.00640186,-0.003899101,0.01762938,0.031244202,0.027063679,-0.002965325,0.018530574,-0.012669073,-0.0012927075,-0.024538228,-0.008722607,-0.012295126,-0.007927248,0.020449307,-0.017754361,-0.004713007,0.004666549,0.010296116,-0.011787415,0.0034774644,0.032045566,0.002851065,-0.022646707,-0.041245867,-0.031584337,-0.012294257,0.04243365,-0.0008850637,-0.004948378,-0.019099431,-0.0075746323,-0.009967659,-0.024129277,-0.007242037,0.04902749
BSH3%UPI00017EF3F1,0.0044861753,0.029950446,-0.0022819901,-0.015940696,-0.016467411,0.0070355874,0.005868275,3.4782963e-05,-0.008047883,-0.016114917,-0.017865421,-0.023353241,-0.011706033,0.0073428885,-0.0035829202,0.02538951,-0.038870994,0.0028781467,-0.032863624,0.03601102,0.022631511,0.022000756,-0.007639285,-0.052754693,0.022827389,-0.01484177,-0.008450316,0.035225198,-0.004216997,-0.0017598254,0.029296344,0.045373917,-0.011976686,-0.012547787,0.0024610336,-0.030825412,-0.0025916267,-0.019339262,-0.03393276,0.045664016,0.03163597,0.04843668,0.038615398,0.0095045185
BSH3%UPI0001A5F983,-0.044480678,-0.049098223,-0.0044172686,-0.0078518875,-0.040914334,0.031913705,0.06401325,0.0072778845,0.03328605,0.019407077,-0.016028099,0.1049698,0.09074733,0.041676816,-0.018061226,0.053795077,-0.034244817,0.013546467,0.031483456,-0.048880596,-0.08388166,-0.027919367,-0.042466573,0.024606217,0.044575892,-0.012592159,0.012266437,-0.08328053,0.10553443,0.095969774,0.05463272,0.005850078,-0.0004677455,0.042189784,-0.021833984,0.035001814,0.021002801,-0.023041751,0.040047817,-0.081570536,-0.08179659,0.028184675,-0.055803094,-0.07593621
BSH3%UPI0002132A6C,-0.06099068,-0.023514414,0.016227815,-0.0024520487,0.00959126,0.042233024,0.036166877,0.007651737,-0.03096029,0.010324871,-0.056164127,-0.016763974,0.020581968,-0.029332185,0.024616089,0.027007543,-0.006229857,0.0348437,0.0077229147,0.019110525,-0.0032383786,-0.01698797,-0.02950086,-0.03327711,-0.0044361125,-0.003589994,0.032196973,0.01733906,0.02924167,0.02256776,0.046518154,0.084181935,0.032325182,-0.009681909,-0.02258338,0.028240433,0.039028008,-0.017745137,-0.027243648,0.024337197,-0.021296507,-0.028098574,-0.025667522,-0.007717884
BSH3%UPI00033CE23D,0.0027863407,0.027159207,-0.014073882,0.020364534,-0.03649247,-0.023727296,-0.04986565,0.031800453,-0.023316825,0.019683922,0.022496155,-0.0023506184,0.0060224705,0.032180816,0.038741216,0.044523954,-0.028524486,-0.041372746,-0.008468885,0.009456373,-0.017726324,0.023332769,0.023887482,0.00012064003,-0.0029635949,-0.045844894,-0.0403563,-0.03537781,-0.016331965,-0.009795381,-0.0065444796,-0.024380235,-0.031866334,-0.005998475,0.017210059,-0.008246348,-0.05253443,0.015015078,-0.043847617,-0.029408991,0.03382838,-0.041102294,0.016666437,0.038249847
BSH3%UPI00035F5DCE,-0.033036515,-0.050744332,0.045454588,-0.030406086,0.029037902,0.008390829,0.054460607,-0.04315166,0.051116243,0.05626849,-0.043570403,0.0842058,0.07058122,0.0011308569,-0.07073088,0.06364389,-0.0119357705,0.031953815,0.048253693,-0.040154934,-0.029442964,-0.061011523,-0.038510643,0.0319242,-0.05319101,0.023122368,-0.002581712,-0.029418116,0.05934593,0.043512333,-0.0041797836,-0.033653714,0.04633762,0.036934774,-0.028951645,0.023720514,0.04743474,-0.00077126356,0.035305873,-0.039899956,-0.019628119,0.031699833,-0.07776338,-0.057193708
BSH3%UPI0004DA32C0,-0.017827766,0.0028295505,0.003589021,-0.0053399075,-0.006053192,-0.006762855,0.0036089998,0.019133182,0.008230472,-0.025597353,-0.0059631974,0.005584466,-0.0155532155,-0.0018815077,0.0087028425,-0.009765005,0.011906227,0.012394789,0.009137132,0.013024781,0.0051807393,-0.0051836385,-0.0008800182,0.029840257,0.009522699,-0.0047938796,-0.0048827073,-0.0072223516,-0.011535197,-0.008754229,-0.026327899,-0.022204103,0.024556108,0.012157547,0.0073759877,0.010341482,-0.002547013,-0.027951606,0.0035400528,-0.01213916,-0.0204911,0.018061087,-0.0028335913,-0.008759917
BSH3%UPI00080CB216,-0.02924943,0.020703424,-0.0689023,0.0554538,-0.031338025,-0.064429834,0.021474982,0.056885462,-0.06764513,-0.056106362,0.04706306,-0.070638284,-0.05261622,0.009101444,0.025106752,-0.08522449,-0.053934522,-0.039309464,-0.06203815,0.07008786,0.09473405,0.04205235,0.08398444,-0.023318285,-0.010591073,-0.004350239,-0.025484469,0.014863552,-0.075155646,-0.06525624,0.009271985,0.015546966,-0.029685505,-0.018444063,0.07679305,-0.015721621,0.0074965404,0.056824423,-0.019137152,-0.050970603,-0.035326898,-0.045361027,0.03364525,0.008992618
BSH3%UPI00092A5378,-0.02460959,0.043122396,-0.07608487,0.07505686,-0.12364138,0.022905804,-0.049103666,0.06956235,-0.092608586,-0.10220524,0.03248274,-0.08235821,-0.06916049,0.040015697,0.10438779,-0.01138344,-0.11467034,-0.050927896,-0.030643618,0.09832749,0.05213276,0.061449308,0.08923492,-0.06088622,0.0037799382,-0.03180511,-0.059139825,0.07662111,-0.067546465,-0.06288888,0.051795907,0.046319924,-0.061687186,-0.02212584,0.06010377,-0.02025656,0.0029478124,0.0620601,-0.09086585,-0.018880699,-0.018926619,-0.08747222,0.060219873,0.004037488
BSH3%UPI0009648BEC,-0.029311268,0.02086991,-0.0035074807,0.049457517,-0.024915608,-0.0100479,0.0023015758,-0.017904727,-0.006846871,-0.022689052,0.010835455,0.008013029,-0.018713249,0.043958448,0.026008893,-0.00410597,-0.05838425,-0.043428425,-0.008340566,0.006974371,0.027999938,0.030218573,0.03488067,-0.004224922,0.020204939,-0.043708373,-0.06553013,0.022169933,-0.035059635,-0.022930551,-0.0058696955,-0.017419927,-0.012466895,0.022127358,0.029288746,-0.021555927,-0.055277955,-0.0056953593,-0.02836046,-0.033697717,-0.018153645,0.020354167,0.018968271,0.015874691
BSH3%UPI000E3F1C35,0.009785756,-0.00044844276,0.043033842,-0.031804234,0.003255414,-0.052740674,-0.04049347,-0.031005679,0.021329932,0.0329469,0.0014824697,0.0015352955,0.031754293,-0.011702589,-0.04059366,0.036007345,-0.0003829234,0.007425772,0.01876636,0.0007681332,-0.044583883,-0.019272186,-0.016634092,-0.008497071,0.032282364,0.02189866,0.028622357,-0.02561655,-0.0013668567,0.017207973,-0.029637719,-0.04820584,0.026603501,-0.0066069625,-0.0025311643,0.032702986,0.010081146,0.003154733,0.028388306,0.041273877,0.051899567,0.009665861,-0.012868719,-0.01690679
BSH3%UPI000E4DFA31,-0.004502747,-0.049635697,0.03968992,-0.047872648,0.08064426,0.016299859,0.042114712,-0.014448851,0.023878193,0.012992858,-0.026915783,0.0004951346,-0.02018341,-0.0488507,-0.04037845,-0.03265532,0.08032842,0.04452562,0.032732125,-0.06645992,-0.004471473,-0.05379277,-0.014141812,0.07157221,-0.032017328,0.023946736,0.086469024,-0.07929165,0.025028277,0.0071723205,-0.023507461,-0.049983192,0.02891233,-0.0023324373,-0.046633717,0.054259986,0.042381417,0.019010784,0.076140255,0.017981926,-0.070226565,0.02787401,-0.07361095,-0.006995568
BSH3%UPI000E5302B4,0.013386632,-0.012475004,-0.0003341267,-0.022694327,0.036018435,0.014473464,0.020122256,-0.048784778,-0.008189497,-0.0005337298,-0.02848771,-0.0148034645,0.006911702,-0.027268209,-0.040478893,0.0034747845,0.029710121,0.0033337446,0.012431332,-0.03471656,-0.008675285,-0.01973367,-0.0220147,0.016299723,-0.007557185,-0.0009659654,0.021310167,0.001678586,-0.024070764,0.017277656,0.0036816942,0.0046542305,0.00607006,0.023929534,-0.022061346,0.014185752,0.005279156,0.00660799,0.008139687,0.024464235,0.00037417232,-0.001250836,-0.010931331,0.0078030806
BSH3%UPI000E555DC1,0.035193637,0.028676553,0.032354824,-0.015425334,-0.045992613,-0.013922002,-0.042655073,-0.022394683,0.04335241,0.02698178,0.024879133,0.054969415,0.062337037,0.008630697,0.0040880833,0.09673789,-0.035333212,-0.06854114,-0.025115885,-0.003705461,-0.019880319,0.018289356,-0.007892118,-0.01490527,-0.0033013416,-0.02185674,0.0006192148,-0.039205633,0.016250132,0.048723813,-0.011352625,-0.012031498,-0.04271521,0.0011125304,-0.012594757,0.028113248,-0.02818328,-0.058014404,-0.032764617,0.005970695,0.04074003,0.027906105,0.033822823,0.009830465
BSH3%UPI000E902C94,-0.040045362,-0.057084154,0.035752714,0.024349496,0.0059211147,0.012430914,0.037352756,0.0011487642,0.050150108,0.05210926,-0.016980745,0.054826517,0.043124426,0.034914903,0.0047275596,0.008497745,-0.017241964,-0.0017793239,-0.015321839,-0.03150059,-0.023598574,-0.027232688,-0.016364403,-0.016874405,-0.01216741,-0.03668414,0.012952971,-0.065246634,0.08329305,0.07341448,0.04886351,0.006658298,-0.006611489,0.059315767,0.022887988,-0.023022207,-0.004963436,-0.015720332,-0.013472361,-0.068665676,-0.0447417,0.019951453,-0.036977895,-0.025232919
BSH3%UPI000ED2B3A0,0.027094366,0.0059503526,0.012354626,0.01972313,0.011921203,0.012827107,0.016756278,-0.02205611,-0.018682288,-0.017736493,-0.0016521123,0.016703425,-0.0016995226,-0.0062743817,0.013650504,-0.014254588,0.027896956,0.021489022,-0.0077408827,-0.023925042,-0.0045276666,-0.0013152639,-0.0382266,-0.033311747,0.021531103,0.04389403,0.039704464,0.016173832,0.006286031,0.013152024,0.008496563,0.023453476,-0.0043813074,-0.031618297,-0.014562458,0.0146694,0.010657192,0.015510654,0.013550916,0.033821996,0.00078907097,0.008683032,0.0055677877,-0.010812069
BSH3%UPI000EF23C17,-0.042525,-0.004947878,-0.057173956,0.016419966,0.030773498,0.06366104,0.03879617,0.030765114,-0.056676097,-0.07365401,0.006769853,-0.033369843,-0.077878125,-0.05072532,-0.053317204,-0.025512617,0.0136476755,-0.0010223835,0.044868235,0.017246483,0.052225593,0.011271958,0.058647774,0.04218143,-0.033108093,0.008248762,0.004787429,-0.01756306,-0.061915994,-0.054877657,0.002509185,0.0013315153,0.024687143,0.01639385,0.015132471,0.011798305,-0.015057394,0.052062966,0.007974319,-0.024348626,-0.07569156,-0.06109199,-0.0064857327,-0.022131315
BSH4%UPI0001FAB233,0.023753487,-0.0027618022,0.065899745,-0.08557952,0.05880267,-0.0147336135,-0.016776059,-0.04426464,0.033612594,0.0161731,-0.031698115,0.017568527,0.04175336,-0.0520089,-0.04550952,0.059782814,0.051348396,0.056842085,-0.025287235,-0.014124263,-0.011020362,-0.014508934,-0.08631784,-0.015384279,0.047589093,0.0075821425,0.047603164,0.01864195,0.034322202,0.04076672,0.011563139,0.05246896,0.025138551,-0.046889305,-0.06093156,-0.0069919224,0.03100312,-0.013361135,0.040670738,0.092936344,0.07626792,0.049994487,0.0038286042,-0.027024405
BSH4%UPI0006BEFACE,0.04093718,0.03919538,-0.01874593,0.09007521,-0.04524891,0.029164102,-0.016761515,0.029668739,-0.039099418,-0.016962815,0.052232318,-0.06985154,-0.04195728,0.019368174,0.030490493,-0.014832445,-0.05602428,0.0028255999,-0.0738295,0.02567705,0.04051569,0.021681366,0.06497353,-0.06542799,-0.031748213,0.013905219,-0.04763408,0.010394033,-0.04481294,-0.056385316,-0.0019110095,0.0039008965,-0.019718863,-0.05019798,0.0830617,0.0064264727,-0.004618268,0.048524994,-0.0048563397,-0.023099368,-0.0066387863,0.008081514,0.027666135,-0.0045256945
BSH4%UPI000822CCAE,0.03374867,0.09049161,-0.078351185,0.015915161,-0.044410437,0.02883073,-0.03298713,0.064614505,-0.064080425,-0.08430879,0.0743142,-0.07930903,-0.10245895,0.02725965,0.028505757,-0.03323058,0.0021021517,-0.032442074,-0.031456534,0.099488795,0.1055102,0.08193059,0.07417174,-0.09766403,-0.0102193225,-0.023761349,-0.041839343,0.069346204,-0.11379654,-0.11220507,-0.0006680369,0.01148998,-0.059937544,-0.064834565,0.073024176,-0.029701294,-0.02263529,0.05290999,-0.0666306,0.02824784,0.0005731773,-0.035553016,0.06631799,0.022282887
BSH4%UPI000D27EFA9,0.026323251,0.047722265,-0.0714963,0.073322915,-0.048882995,-0.009373189,0.007904805,0.08084156,-0.062021133,-0.07240865,0.07091539,-0.03653307,-0.05327926,0.02751393,0.032731544,-0.04069901,-0.075710185,-0.0035337836,-0.06337299,0.103394546,0.087219805,0.055301677,0.07333885,-0.076666825,-0.020270098,0.011956714,-0.07221131,0.018424405,-0.077873856,-0.06465552,0.052980285,0.035824757,-0.075149424,-0.06666925,0.046881534,-0.05419346,-0.038540423,0.08921828,-0.064083174,-0.07298636,-0.005621876,-0.025510846,0.0548749,0.01677832
BSH4%UPI000E54B9B5,0.026119515,0.035096604,-0.047353104,0.018827235,-0.036268562,0.0042752307,-0.03835614,0.009518583,-0.034265175,-0.03841377,0.08261354,0.019309523,-0.013110832,0.03917961,0.06690766,-0.028852455,-0.04165694,-0.07999906,-0.08003959,0.051845104,0.039293412,0.080226906,0.06560066,-0.06509182,0.025215004,0.05510051,0.022188192,0.07566805,-0.018576302,-0.024198396,0.05784957,0.08067299,-0.1168418,-0.10548132,0.028584767,-0.03126862,-0.014230916,0.08526555,-0.037088722,-0.015700623,0.0021412796,0.0049335784,0.06872872,-0.021398032
BaiA%SRR3992974_bin_8_EOPEKEED_01051__3-oxoacyl-_acyl-carrier-protein__reductase_FabG,-0.00470912,-0.018542424,0.062390722,-0.041134372,0.036632743,-0.0046486207,-0.0010080135,-0.011205804,0.046297994,0.027780104,-0.029076193,0.036793213,0.04447765,-0.023561182,-0.03765265,0.02912046,0.007313745,0.011539601,0.039737742,-0.040933773,-0.02470969,-0.030927613,-0.033432398,0.043525733,0.077908486,-0.0027013498,0.045694806,-0.019326719,0.053680517,0.062516615,-0.0039252844,-0.012463937,0.04902353,0.05533865,-0.011862875,-0.05084368,-0.037544288,-0.09771541,0.015622293,0.011110134,0.0048293215,0.032891568,-0.024367116,-0.032058872
BaiB%CosteaPI_2017__SID713A038-11-90-0__bin_26_fa_FGHNBBEK_00429__Bile_acid-coenzyme_A_ligase,0.0313548,-0.025053075,0.023705345,-0.012445932,-0.020499436,-0.05362166,-0.029906996,-0.015758315,0.035005618,0.027918115,-0.028000183,0.027676756,0.039743997,0.021577291,-0.005652528,0.030044375,-0.015811145,0.002398813,-0.008450554,-0.015701048,-0.03851801,-0.042635147,-0.010426369,-0.018730434,-0.014831765,0.011804514,0.016328115,-0.04959176,0.025398483,0.030605126,0.008085838,-0.0108694825,-0.014119192,0.0063951844,-0.028902344,0.020507589,0.03850956,0.006918093,0.015963914,-0.0037102643,0.031255938,0.025561478,-0.02395566,-0.0028603366
BaiB%bai_cluster_2%midas_uncultured_Eubacterium_73696%uncultured_Eubacterium_73696|FMDW01000013_871,0.019317036,0.014355831,0.0036917161,0.035042334,0.03484842,0.036253065,0.017378613,-0.022513056,-0.0053708195,-0.013552109,0.011894197,-0.071948715,-0.051234838,-0.044510618,0.017842757,-0.05692134,0.02304062,0.021969713,0.0056040674,-0.012723728,0.039240014,0.005487493,-0.006534127,0.0037714837,-0.043931507,-0.008260836,0.0063849865,0.0053785336,-0.0370849,-0.046856724,-0.040336147,-0.021091878,0.012446353,-0.02102698,0.0033778695,-0.009506458,0.004498461,-0.00017626438,0.0035058619,0.030326648,0.01754377,-0.0053945887,0.017851282,0.051370695
BaiB%fig|1950888_3_peg_94|__Long-chain-fatty-acid--CoA_ligase_(EC_6_2_1_3)____Clostridiales_bacterium_UBA4701_|_1950888_3_,-0.066777885,-0.10742313,0.024024127,-0.048773363,0.022047266,0.07503236,-0.034031313,-0.04117313,0.07652478,0.09298852,-0.10539296,0.066461325,0.08039485,-0.03517537,-0.026287984,0.06450581,0.04929584,0.08304692,0.030438252,-0.03672967,-0.060441583,-0.095390014,-0.073596455,0.054303184,0.020828458,0.030411873,0.08320982,-0.035760917,0.047552772,0.070325725,-0.049755577,-0.043056272,0.018248608,0.0453083,-0.04183785,0.039931983,0.07224069,-0.014144483,0.07511911,0.029873373,-0.028986532,0.047515277,-0.08148337,-0.025986977
BaiCD%MEI3381486_1_FAD-dependent_oxidoreductase__Dorea_sp__,0.0027292245,0.0032377832,0.00040235385,0.0261836,-0.025122011,0.023198709,-0.0071606273,0.018391961,0.0062903618,0.00587258,0.017736813,-0.058808904,-0.03173151,0.0021118294,0.014950072,-0.06685812,-0.008629957,-0.016762927,-0.012115802,-0.008524482,0.041267,0.023789687,0.02718448,-0.025806926,-0.012668025,-0.054008164,-0.011924508,0.022744406,-0.027432602,-0.015673956,-0.011362076,-0.009765649,0.02757216,0.012941923,0.019427767,-0.036630422,-0.006095549,0.011600736,-0.03019902,-0.012531381,0.0143075725,-0.039212022,0.010550232,0.039609715
BaiCD%RaymondF_2016__P21E7__bin_22_fa_DDJCLBHB_00368__NADH_oxidase,0.02507506,0.024376402,-0.01991585,0.021685755,0.009981865,-0.030966416,0.024541618,-0.021526065,-0.016998801,0.0007444543,0.03596999,-0.0732421,-0.06020033,-0.027576659,0.06959656,-0.0005902099,-0.014766054,0.00058571826,0.0051620407,0.01922158,0.027601244,0.04185235,0.0060139103,-0.04846775,-0.031581722,-0.01788952,-0.029118776,0.01436988,-0.066972315,-0.0658149,0.012010327,0.06782403,-0.01503665,-0.044883996,0.029538011,-0.01766045,-0.032334387,0.05213373,-0.031886946,0.018325875,0.056970917,-0.030628035,0.05092696,0.050939813
BaiCD%XieH_2016__YSZC12003_35390__bin_5_fa_PIKIEFGP_00577__NADH_oxidase,-0.053373814,-0.011508325,-0.017851297,-0.04195959,-0.02136108,0.09753769,-0.04917632,0.054406643,-0.0023234661,0.0073680705,0.009091125,0.0087043485,0.040871162,-0.0073461444,0.038761694,0.034017514,-0.013199491,-0.011353184,0.018915212,-0.016449384,-0.06581124,0.009956887,-0.056177665,-0.037806064,0.020500712,0.021819819,0.020262383,0.023172207,0.004368877,0.029225968,0.037566546,0.059711814,-0.027832158,-0.018310599,0.029459415,-0.009171631,0.020384295,-0.006278619,0.012651,0.031378716,-0.0028163674,0.010609058,0.010713959,-0.0010482513
BaiE%MCI8938768_1_nuclear_transport_factor_2_family_protein__Dorea_sp__,-0.02088295,-0.019172488,0.017274968,-0.008334815,0.022358349,0.00047818705,0.028178137,-0.02589877,0.00475823,0.0128350565,-0.029078456,0.031675745,0.03070764,-0.007203956,-0.008649423,0.025918745,0.03294061,0.014195296,0.00027461676,-0.021996403,0.0018374813,-0.029289467,-0.003676666,-0.013991363,-0.021620734,0.012987413,0.02860529,-0.032585636,0.031103738,0.033352923,0.005898338,-0.017819814,0.019075325,-0.008061664,-0.023500077,0.0227091,0.0065632123,-0.01423369,0.01031996,0.01555176,-0.016172893,0.01575445,-0.03157933,-0.041451707
BaiE%fig|1950888_3_peg_203|__Bile_acid_7-alpha_dehydratase_(EC_4_2_1_106)_(BA7_alpha_dehydratase)_(Bile_acid-inducible_operon_protein_E)____Clostridiales_bacterium_UBA4701_|_1950888_3_,0.044638634,0.006881922,-0.027440835,0.04768172,-0.018990686,-0.017619338,-0.0306935,0.0024099203,-0.028204221,-0.015327185,0.02695031,-0.043455843,-0.023900026,0.006649903,0.038443778,-0.023218073,0.0036853626,-0.01256012,-0.01812811,0.028330445,0.06227318,0.01999589,0.030194929,-0.012245948,-0.018566202,0.03607661,0.010906908,0.032307442,-0.054104075,-0.046413697,-0.019270835,-0.020007825,-0.02440031,0.008701324,0.02207217,-0.061888,-0.029771192,0.03488106,-0.0131982425,0.009680608,0.030025335,-0.015604561,0.03350955,0.030350827
BaiF%KarlssonFH_2013__S54__bin_27_fa_BBGPADBL_00031__Bile_acid-CoA_transferase,0.013863964,-0.008823443,0.016382439,0.04227168,-0.04954493,-0.025984364,0.011977267,0.031652685,0.034156505,-0.0016344957,0.025766153,0.041103758,0.040898215,0.0622062,0.0040167775,0.03419249,-0.059392985,-0.04092762,-0.058609866,-0.0224768,-0.019849103,-0.005935986,0.007939936,-0.008978894,-0.0075931316,-0.034445144,-0.023477037,-0.013532842,0.027650751,0.04527443,0.046276428,-0.01515054,-0.010986264,-0.016488742,-9.729311e-05,0.02242465,0.054254554,0.03590043,-0.010241389,-0.07013366,-0.029321365,0.044237137,-0.005736084,-0.082161635
BaiF%LiJ_2014__MH0358__bin_56_fa_NPCPOAJM_00305__Bile_acid-CoA_transferase,0.007443138,0.007885409,-0.009582994,-0.040186655,0.06045718,0.030061373,0.012600274,-0.031301744,-0.00063035195,0.006182222,0.009804916,-0.008801293,-0.026507337,-0.040577196,-0.02100112,-0.015640661,0.06072501,0.0134269325,0.012053022,0.0029048568,0.043571807,0.019899111,-0.0044442536,0.03538027,0.0037230095,-0.03218179,0.049056526,0.0070729405,-0.029614612,-0.021800188,-0.0049735815,0.012457285,0.024421716,-0.012625336,-0.011634314,-0.070430696,-0.06399943,-0.019601433,-0.004945137,0.06088649,0.01465462,-0.034819115,0.019866012,0.056625053
BaiF%RaymondF_2016__P21E7__bin_22_fa_DDJCLBHB_00373__Bile_acid-CoA_transferase,-0.03392615,0.0068032993,-0.015275151,-0.009767411,-0.028531518,-0.026009059,0.022713587,0.025397992,-0.047876988,-0.03628863,-0.010028987,-0.030340375,-0.036684528,-0.00972584,-0.0041393708,0.0024047152,0.0024938465,-0.0050496743,6.747439e-05,0.013130205,0.019493783,0.005992904,-0.017670348,0.01228462,-0.029958025,-0.06361244,-0.038064074,-0.010361128,-0.03673081,-0.03115312,0.032859527,0.036511052,-0.009793081,0.045685723,0.0070191287,-0.0059418655,-0.006965803,0.020045357,-0.03545282,-0.015452891,-0.01511073,-0.03859932,0.02422064,0.037713524
BaiF%SRR4783510_bin_28_GHBMCCFK_00008__L-carnitine_CoA-transferase,0.024092956,0.064504035,-0.099092476,0.07205654,-0.059510957,-0.012199277,-0.028090997,0.0743159,-0.097660415,-0.06783883,0.06563824,-0.07485447,-0.049028035,0.04173171,0.091052905,-0.0710151,-0.017444456,-0.084686115,-0.02574541,0.053754345,0.052747287,0.07480408,0.056647595,-0.021730796,0.03243903,-0.047876224,-0.056128092,0.031193173,-0.07515452,-0.06712852,0.0046489956,0.017449567,-0.06825976,-0.022153258,0.044293478,-0.07829425,-0.081964284,0.01371769,-0.0822631,-0.035878874,-0.021241706,-0.14450435,0.08064942,0.12602827
BaiF%bai_cluster_2%midas_uncultured_Eubacterium_73696%uncultured_Eubacterium_73696|FMDW01000013_892,0.005300616,0.014570104,-0.056176197,0.04134526,0.0026195676,0.044578243,0.021031382,0.034643546,-0.038347546,-0.01646687,0.029383726,-0.011499503,-0.009119396,0.04672262,0.059261665,-0.030299008,0.00431358,-0.026417885,0.005505064,0.029200263,0.016022014,0.019997058,0.015293271,0.0019940822,-0.014949606,-0.020441543,-0.02507334,0.010775863,-0.04819145,-0.053239666,-0.034521103,-0.0271555,-0.03194313,-0.003029304,0.018836668,-0.044754587,-0.032175742,0.004760606,-0.009861913,-0.045666747,-0.036547475,-0.08432357,0.02247522,0.0719269
BaiF%fig|1950825_3_peg_1464|__L-carnitine_dehydratase_(EC_4_2_1_89)____Clostridiales_bacterium_UBA1701_|_1950825_3_,0.018617058,0.032334197,-0.026224528,-0.00051585585,-0.009387688,-0.01104998,-0.011995056,0.012329292,-0.010992872,-0.01940332,0.0023596433,-0.06607463,-0.06702124,-0.037205413,-0.02317987,-0.051750135,0.0025219314,-0.012229438,0.006760571,0.027353832,0.031571567,-0.0029803673,0.02258172,0.013844941,-0.0414472,-0.017745923,-0.029574107,0.015940214,-0.055330835,-0.06687548,-0.021998487,-0.010800877,0.00030579732,0.0025612554,-0.014718634,-0.0024450563,0.007817751,0.03291227,-0.016976086,0.008843128,0.028063025,-0.042447615,0.009463923,0.055925317
BaiG%LeChatelierE_2013__MH0251__bin_10_fa_BOBEKBFD_00006__Multidrug_resistance_protein_3,-0.02564689,-0.027112287,0.038566366,-0.038852423,0.037164245,0.025925392,-0.0004124191,-0.035229143,0.027123604,0.035407446,-0.03757618,-0.0070795417,0.014415893,-0.03875134,-0.013887673,0.008180835,0.029102292,0.04276381,0.03628121,-0.05048226,-0.07479303,-0.031161916,-0.06462698,0.060529277,0.053256586,0.007462537,0.05895977,-0.041586872,0.039286617,0.043298077,0.013404173,0.016642112,0.055441666,0.030251352,-0.049372055,0.015962623,0.011822386,-0.065411136,0.052427072,0.054167956,-0.0037885038,0.018829666,-0.013667516,-0.024120938
BaiG%MBR4017991_1_MFS_transporter__Clostridia_bacterium_,-0.008998617,-0.06566556,0.06328053,-0.00042594568,0.043944903,0.01940607,0.06282595,-0.051277585,0.07204099,0.07202696,-0.09090586,0.05385417,0.07125349,-0.031759996,-0.049351927,0.036081433,0.04781578,0.072134525,0.0579882,-0.09547202,-0.075783536,-0.13559732,-0.0500789,0.050424922,-0.100665696,0.08992944,0.041722126,-0.059618387,0.061935727,0.054329515,-0.053532586,-0.08988388,0.06481032,0.08238357,-0.046836082,0.088900715,0.07474391,-0.02404325,0.07390251,-0.030443659,-0.023073742,0.043505408,-0.13180417,-0.038919628
BaiG%MDY4488523_1_MFS_transporter__Candidatus_Limivicinus_sp__,0.038397755,0.031438407,-0.024050988,0.03376317,-0.010869618,0.007931215,-0.01232386,0.0014951709,-0.03958293,-0.006235117,0.02921434,-0.065256216,-0.061235618,-0.01733885,0.045428656,-0.05439223,0.006533555,-0.012142087,0.015873333,0.02390044,0.057485837,0.032824837,0.032206133,0.0027989594,-0.015030869,-0.022441424,0.00017879969,0.011958181,-0.0582172,-0.052550178,-0.04909907,-0.041745342,-0.02462681,-0.014388714,0.00024377576,-0.02302964,-0.0217898,-0.0074140085,-0.014062383,0.0058766715,0.012664127,-0.06027353,0.03785716,0.05943271
BaiH%MEE0204071_1_FAD-dependent_oxidoreductase__Oscillospiraceae_bacterium_,-0.008587727,0.029813595,-0.042649675,0.04069551,0.0029355492,0.017480515,-0.028123595,0.0045301877,-0.009818898,-0.048778396,0.0137504,-0.04940702,-0.067370385,-0.014145933,0.016083388,-0.046378087,0.009428088,-0.009853023,0.0110848285,0.0122768795,0.006143189,0.018588172,-0.0026254323,0.007826775,-0.003965388,0.02634605,-0.016008418,0.020212036,-0.06374576,-0.040635943,0.0019462331,0.018409573,-0.0064162808,0.011291943,-0.0027603335,-0.023104576,0.0014988479,0.014495088,-0.018711217,0.006497142,-0.008978176,-0.039868675,0.026479073,0.05568865
BaiH%Obregon-TitoAJ_2015__NO11__bin_28_fa_ODBMCAMJ_01962__NADH_oxidase,0.016680285,0.042711344,-0.038839106,0.035260838,0.003809703,0.013930017,-0.03302263,0.0148580335,-0.04127836,-0.04290853,0.013016355,-0.077340074,-0.07786278,-0.010538825,0.052250586,-0.074201666,0.015368585,-0.034446064,-0.013291371,0.02010489,0.045927163,0.033441972,0.020372706,-0.015079997,-0.01603094,-0.003943938,-0.015518706,0.054236297,-0.06654875,-0.064816065,0.015424794,0.044638928,-0.015353682,-0.033412647,0.045339957,0.012000334,-0.0003665761,0.034583546,-0.018846588,0.013383307,-0.017336091,-0.019720638,0.030136133,0.012942583
BaiH%bai_cluster_2%midas_uncultured_Eubacterium_73696%uncultured_Eubacterium_73696|FMDW01000013_836,-0.01924555,0.010854368,-0.023785004,-0.010085945,-0.05336772,-0.018756574,-0.029867489,0.02675749,-0.005670409,-0.0025872206,0.027349785,0.009012845,0.01294967,0.04086096,0.054935645,-0.011542571,-0.045201916,-0.02346431,-0.016154354,0.018910183,0.009608886,0.020043714,0.016168797,-0.023548057,0.04711809,0.0027393466,-0.011164734,0.058904544,0.034007862,0.026861947,0.034736358,0.030529363,-0.02158428,-0.014041787,0.007872931,-0.0528808,-0.02732817,-0.032167643,-0.022599943,0.016396625,0.003647654,0.015673794,0.026424406,0.0065794517
BaiI%QinJ_2012__CON-070__bin_41_fa_AAAKDJOM_00400__hypothetical_protein,-0.057418622,0.0317206,-0.10774275,0.063539125,-0.085193865,-0.015129787,-0.038110662,0.071982905,-0.07510149,-0.070044905,0.004323674,-0.06267271,-0.017052166,0.03764513,0.09952282,-0.008078482,-0.03863651,-0.028960481,-0.0048301686,0.069511935,0.04459322,0.016203454,0.050665885,-0.00029058979,0.018902952,-0.02242137,-0.009810627,0.04688253,-0.068393745,-0.035641655,0.00726394,0.033112727,-0.06119719,0.002401853,0.038604785,-0.018868314,-0.019792771,0.02091218,-0.045794435,-0.03029235,-0.05296355,-0.12815526,0.03469868,0.07568074
