Family,12oxoCA,12oxoDCA,3oxoCA,3oxoCDCA,3oxoDCA,3oxoLCA,7_12oxoLCA,7oxoDCA,7oxoLCA,CA,CA_S,CDCA,DCA,GCA,GCA_S,GCDCA,GDCA,GLCA,GUDCA,HCA,LCA,TCA,TCA_S,TCDCA,TDCA,TLCA,TUDCA_2,UCA,UDCA
12aHSDH%ERJ00208_1_oxidoreductase__short_chain_dehydrogenase_reductase_family_protein__Clostridium_sp__ATCC_29733_,-0.009826478,-0.0030136579,-0.0051266644,0.00080245343,-0.002519229,-0.0027372562,-0.0008905115,-0.00627397,-0.00651736,-0.005040439,-0.0074373363,-0.0016832763,-0.003498535,0.0016674965,0.00083082303,0.0062924493,-0.0024756053,-0.0040059327,-0.0030166216,-0.004821757,-0.0017275364,-0.0044279257,0.00015363,-0.0011309067,-0.008797372,-0.003383567,-0.00016206647,-0.0019502582,-0.0068563726
12aHSDH%GENOME051950_684,-0.017268695,0.011082943,-0.018227613,-0.0132112065,0.0114621045,0.006277019,-0.013521674,-0.017370583,-0.014703641,-0.018659906,-0.009275469,-0.016223522,0.010758455,-0.0049216338,-0.0102686025,0.0045715715,0.00880365,0.0002853661,-0.0065631648,-0.011374891,0.011605087,-0.012866394,-0.008691092,-0.006985155,-0.0034846219,-0.0006295976,-0.008241952,-0.0067397994,-0.010458347
12aHSDH%GENOME055489_1547,0.0037158993,0.0035744878,-0.0008061154,-0.0033513801,0.0026521983,0.002001998,-0.0026275949,-0.0006255053,-0.00042909585,-0.00024619655,-0.0022977453,-0.0018133594,0.0030732104,0.0011576272,-0.0048249112,-0.003261395,0.00088541734,-0.0010099119,0.0007438649,-0.00013145074,0.0021538083,0.000661099,-0.003207838,0.0013458857,0.0013588794,-0.00245844,-0.0034461962,-0.0026833243,-8.5631895e-05
12aHSDH%GENOME077010_272,0.0060427873,-0.0059465887,0.008154962,0.0060749636,-0.006685909,-0.003128714,0.0043961895,0.004761314,0.0056529795,0.0050624115,0.005517893,0.0077044414,-0.0062612123,0.0008357692,0.0051528513,-0.0011418355,-0.0055139903,-0.0035604981,0.0025336181,0.0035080896,-0.0069093336,0.0076320996,0.0076316004,0.0043980293,0.0015434355,-8.862375e-05,0.006944393,0.0008940298,0.004359961
12aHSDH%GENOME126416_2228,0.0033204649,-0.00023611508,0.0038178442,0.0009322252,-0.00061306974,0.000770695,0.0013396139,0.002621535,0.0022952154,0.0036784126,-0.0009691024,0.0021773109,-0.00020212342,0.0028522955,0.00064948073,-0.0017965776,0.00075964746,0.0012311277,0.0025002938,0.0015175928,-0.0010121264,0.004263232,0.0022998848,0.0025683634,0.0027815287,0.00042737913,0.0030788693,0.00048872334,0.0010842679
12aHSDH%GENOME136792_1072,-0.0030300575,0.020582316,-0.012280505,-0.01574078,0.018744841,0.012152476,-0.0110953525,-0.008586515,-0.010770373,-0.011628479,-0.003153426,-0.015910137,0.01936773,-0.0053914166,-0.013891846,-0.0048039868,0.015921474,0.008320473,-0.0044771032,-0.004821786,0.020032123,-0.008978087,-0.0122035695,-0.0058317413,0.007892015,0.0042448305,-0.008585575,-0.003929982,-0.0045764204
12aHSDH%GENOME211747_1057,0.0043901936,0.00028761046,0.0015461205,-0.0015952023,0.00040949087,0.0011713845,-0.0021244392,0.0026664508,0.0017045639,0.0017502555,0.00018495279,-3.7151935e-05,0.0006180416,0.0012123152,-0.0015747814,-0.0017383576,3.28065e-05,0.0005980503,0.001144676,0.001756215,-0.0006496996,0.0023734213,-3.3137898e-05,0.0024198734,0.0022853678,-0.0007663829,-0.00063796615,-0.00064252486,0.003095333
12aHSDH%GENOME225739_454,0.006536803,-0.016997239,0.014088774,0.015616958,-0.016650833,-0.011012839,0.0123131825,0.009000393,0.006946629,0.012513449,-0.00059358927,0.016906442,-0.017275475,0.0037867618,0.0103732385,0.0010697988,-0.013846796,-0.0075465436,0.0036797842,0.0029410804,-0.017552583,0.0106253,0.012043485,0.008541094,-0.007162185,-0.006720513,0.011484882,0.0017323282,0.000984364
12aHSDH%MBE7001463_1_SDR_family_oxidoreductase__Oscillospiraceae_bacterium_,-0.0065217363,0.012592243,-0.011652951,-0.010637175,0.011259726,0.0057064,-0.008534865,-0.009778073,-0.012330551,-0.010073204,-0.009569141,-0.011772319,0.011328706,-0.0007790207,-0.010770148,-0.0001565317,0.00861819,0.0021398698,-0.00441642,-0.0069385483,0.012999825,-0.008698163,-0.009270162,-0.0023884415,-0.0010292806,-0.00193019,-0.0064842333,-0.0053611468,-0.008035972
12aHSDH%MBP3571641_1_SDR_family_oxidoreductase__Clostridia_bacterium_,0.002878636,-0.009760698,0.005910518,0.0064373757,-0.009694071,-0.0043578027,0.002652649,0.0037240293,0.0018981466,0.0050302832,-0.0018769791,0.0076772417,-0.009602742,0.0029577424,0.004815195,0.0015839031,-0.008288306,-0.0057662516,0.0009615488,0.0015695924,-0.011115807,0.006550561,0.008478167,0.007684859,-0.0037223902,-0.0043506976,0.0073664705,-0.0008598724,0.0017698098
12aHSDH%MBR0327374_1_SDR_family_oxidoreductase__Clostridia_bacterium_,0.0039268793,0.015774537,-0.005713263,-0.013249764,0.013717987,0.012279235,-0.0106063625,-0.0036771623,-0.0043752636,-0.0064645912,0.001227228,-0.0103440825,0.015398456,-0.0042978716,-0.011187664,-0.0070072417,0.011236242,0.005232918,-0.0017528144,-0.0008565523,0.013025109,0.000121062454,-0.006228493,-0.0004266197,0.012126991,0.005239007,-0.0032118685,-0.0025158396,0.0021017147
12aHSDH%MBR2336230_1_SDR_family_oxidoreductase__Clostridia_bacterium_,0.007396931,-0.00028250483,0.0068783555,0.0014794366,-0.000938589,0.0015541064,0.0025666484,0.005911104,0.0046714926,0.005857812,0.0017477651,0.0037371654,-0.00024636183,0.0019147502,0.001515644,-0.0029959225,0.00023008317,0.0018599741,0.0031810433,0.003959994,-0.00164052,0.005898482,0.0028045436,0.0023708658,0.00431427,0.0017802746,0.0035733546,0.0019869339,0.004097006
12aHSDH%MFR3091303_1_SDR_family_NAD(P)-dependent_oxidoreductase__Eggerthella_lenta_,0.0028784177,-0.0035988998,0.0074574733,0.004806204,-0.003626199,-0.0001983873,0.004354511,0.0055419873,0.0082969675,0.0046769087,0.00960567,0.0054665487,-0.002806071,-0.0014427562,0.0076318914,0.0004363667,-0.00045237452,0.0028911901,0.003601635,0.0055153994,-0.0040036384,0.0045983777,0.007989627,-0.00057764957,0.006037395,0.007048378,0.008170714,0.0049364245,0.0064315293
12aHSDH%NCB62655_1_SDR_family_oxidoreductase__Clostridia_bacterium_,-1.342027e-05,-0.010252063,0.0070988387,0.0076816226,-0.0090688635,-0.004451504,0.0046614567,0.005058934,0.007292818,0.00624129,0.0048387656,0.008119472,-0.008977828,0.00013047882,0.009321959,0.0030615982,-0.0060747946,-0.0010694786,0.0034562456,0.0035433345,-0.010728675,0.0049275197,0.010496924,0.002100641,-0.00037315238,0.0024465362,0.00927449,0.0038433904,0.0042007486
12aHSDH%WP_055231566_1_SDR_family_NAD(P)-dependent_oxidoreductase__Anaerostipes_hadrus_,-0.0040106415,-0.003152571,-0.0017720227,0.00087048614,-0.0034055072,-0.0012338675,-0.002638654,-0.004046995,-0.0037814802,-0.0032947564,-0.0030669263,0.00022179061,-0.0037823627,0.0017083075,0.000837019,0.0038779816,-0.003663145,-0.005344314,-0.0013243238,-0.0027519243,-0.0037930785,0.001029071,0.0035561535,0.0036931648,-0.00482586,-0.0033160395,0.0022839587,-0.003695237,-0.002612918
12aHSDH%WP_103229430_1_SDR_family_NAD(P)-dependent_oxidoreductase__Clostridium_sp__chh4-2_,0.0013324484,-0.009016877,0.0075120754,0.009279693,-0.008961734,-0.0061864043,0.0075101857,0.0050615566,0.0060833544,0.0069409097,0.0022726676,0.008858737,-0.008939652,0.0026136783,0.008546436,0.0021648116,-0.007007957,-0.0022009667,0.0023058276,0.0029605203,-0.008703103,0.004116492,0.006644834,0.0012165584,-0.0032790378,-0.0001274472,0.005054514,0.0024909251,0.0014472919
12aHSDH%WP_130435990_1_SDR_family_NAD(P)-dependent_oxidoreductase__Cuneatibacter_caecimuris_,0.0069139223,-0.014177345,0.014446104,0.013944497,-0.013372953,-0.008498264,0.011122758,0.010716238,0.013606326,0.012471416,0.008955545,0.014263196,-0.013488195,0.003994809,0.013087409,0.0014772825,-0.009443882,-0.0021211372,0.0066402727,0.0072708605,-0.013901592,0.008538209,0.011789038,0.0030622939,-0.0012982002,0.00059604144,0.009310349,0.0058764946,0.0069787945
12aHSDH%WP_160708750_1_SDR_family_NAD(P)-dependent_oxidoreductase__Enterorhabdus_sp__P55_,0.0044781305,0.0007356748,0.004156816,0.0016266895,0.00011507053,0.0012710138,0.002654211,0.0035637957,0.005014242,0.003343442,0.004779888,0.0018712595,0.0006324274,0.0022130616,0.0019237734,-0.0015798962,0.0019420246,0.0018808756,0.0031455045,0.003015314,0.00065610424,0.0031738302,0.0011849529,-0.00058554637,0.004216269,0.0027524086,0.0023807576,0.0017897137,0.0033912773
12aHSDH%WP_161844252_1_SDR_family_NAD(P)-dependent_oxidoreductase__Pseudoflavonifractor_sp__524-17_,0.007588686,-0.002148714,0.008045454,0.004944275,-0.002323621,-0.0006272996,0.0055447966,0.007977953,0.010651896,0.0065647475,0.01343069,0.004923312,-0.0018605766,-0.00019936182,0.0062466417,-0.0017487631,0.00026832736,0.003798368,0.004469399,0.0069892723,-0.0015576052,0.0041777357,0.0039369524,-0.0017241728,0.0067625507,0.0065150284,0.004334024,0.0064916234,0.009485605
12aHSDH%WP_256285936_1_SDR_family_NAD(P)-dependent_oxidoreductase__Pseudoflavonifractor_phocaeensis_,0.011525921,-0.021446064,0.020380188,0.019216841,-0.020324308,-0.012940871,0.0150612155,0.0150609175,0.018282564,0.017292913,0.009387033,0.021021917,-0.020223822,0.0054178787,0.015952967,0.00048945687,-0.016568715,-0.007899628,0.008617213,0.009500361,-0.021711918,0.013223504,0.016031113,0.0059354077,-0.0026390585,-0.0030767533,0.012685901,0.006316462,0.0111656785
12aHSDH%WP_278514144_1_SDR_family_NAD(P)-dependent_oxidoreductase__Methanobrevibacter_smithii_,-0.016603148,0.011916564,-0.016393378,-0.010634116,0.010379177,0.0055758343,-0.009674098,-0.01797316,-0.018545667,-0.01732983,-0.019261664,-0.0135032395,0.009658837,0.0012991232,-0.010195072,0.003983075,0.00594729,-0.0044419905,-0.007933768,-0.011773459,0.012287408,-0.013013311,-0.009896357,-0.0057832287,-0.010281881,-0.0057210196,-0.010451512,-0.009868881,-0.018947225
12aHSDH%WP_418471294_1_SDR_family_NAD(P)-dependent_oxidoreductase__Eggerthella_sp__,0.0053778235,0.011751836,-0.0029055744,-0.008496092,0.010313389,0.007561388,-0.004380584,-0.00014831814,-0.0011252057,-0.002222306,0.0018755029,-0.006972449,0.011030978,-0.0028508378,-0.008042425,-0.0058409213,0.008988933,0.0058739083,-0.0005043955,0.0013758376,0.0104586575,-0.0014475521,-0.00676269,-0.0022075365,0.0092070745,0.0040111514,-0.004577285,-0.00036874218,0.003113239
12bHSDH%GENOME225741_180,-0.0035984349,0.004119378,-0.007283383,-0.007033195,0.0048084934,0.004932827,-0.0071751033,-0.003749672,-0.0065889885,-0.005544377,-0.004446229,-0.006925163,0.004412954,-0.0012446487,-0.005471258,0.0012604574,0.0028699464,0.00052660354,-0.0039772717,-0.0023711494,0.0032859005,-0.0029740543,-0.0050297137,8.991284e-05,-0.0007221689,-7.069337e-05,-0.005898454,-0.002376595,-0.0013323271
12bHSDH%MDD6456291_1_SDR_family_NAD(P)-dependent_oxidoreductase__Lachnospiraceae_bacterium_,0.0006207779,-0.015955424,0.008990041,0.0125663495,-0.014127281,-0.008503501,0.00820542,0.006750064,0.0077043683,0.008482975,0.0022711896,0.012325796,-0.014789163,0.0020909961,0.011994741,0.004637056,-0.01205916,-0.005051289,0.0021536206,0.0031279414,-0.015933733,0.0060237586,0.0109353615,0.0034512198,-0.006607485,-0.0017153253,0.0067192363,0.0031952152,0.0024781981
3aHSDH%3aHSDH%HJB56827_1_3-oxoacyl-ACP_reductase_FabG__Candidatus_Flavonifractor_intestinipullorum_,0.00018871868,-0.0032534539,0.0054589594,0.0072018765,-0.0032011555,-0.0036643592,0.008784874,0.0035271451,0.00547259,0.004106219,0.0053795753,0.0047473265,-0.003849644,0.0027450006,0.006398502,0.0025711472,0.00035321858,0.0029392552,0.002894164,0.0017621239,-0.00046197794,0.00083742273,0.0022084743,-0.0036829663,-0.00073356734,0.003526009,0.003965902,0.0048488206,0.0005611166
3aHSDH%3aHSDH%MBO5160353_1_3-oxoacyl-ACP_reductase_FabG__Lachnospiraceae_bacterium_,0.0013004197,-0.0037891201,0.0053001516,0.0074496507,-0.003422499,-0.0048355707,0.010265145,0.004838384,0.0057234983,0.004250559,0.00800806,0.0046088607,-0.004508449,0.0013135709,0.006817251,0.0023559215,0.0005365962,0.0035317233,0.0020829088,0.002585692,-1.7455764e-05,-0.0003923313,0.0013472245,-0.0044775377,-0.000606944,0.003827358,0.0029790855,0.0063219685,0.002305273
3aHSDH%3aHSDH%MBQ7891058_1_3-oxoacyl-ACP_reductase_FabG__Erysipelotrichaceae_bacterium_,0.0016551762,0.020243926,-0.0077262903,-0.013239346,0.018322034,0.012437694,-0.005300609,-0.004495518,-0.0037945122,-0.008051849,0.0074152695,-0.013363614,0.019076547,-0.0070735896,-0.011557005,-0.0063118134,0.017701479,0.012034941,-0.0018254579,-0.0014808987,0.020926867,-0.0054664807,-0.012891206,-0.007545954,0.0142550655,0.010463528,-0.00508718,0.0018520915,0.0017523248
3aHSDH%3aHSDH%MBR6526164_1_3-oxoacyl-ACP_reductase_FabG__Clostridia_bacterium_,0.009146744,-0.010587604,0.015097652,0.014793686,-0.009829607,-0.007992133,0.017053768,0.013937685,0.016297283,0.013834542,0.017242216,0.01328035,-0.010421923,0.001315984,0.01378761,0.0007036487,-0.0037680755,0.004606377,0.006875,0.008151108,-0.006931194,0.006539773,0.0075996136,-0.0023289127,0.0035863689,0.0069314823,0.009717375,0.011327057,0.010532016
3aHSDH%3aHSDH%MCI8514525_1_3-oxoacyl-ACP_reductase_FabG__Lachnospiraceae_bacterium_,0.021081243,-0.0056184535,0.020240229,0.010908273,-0.0065388745,-0.0027913635,0.014274763,0.018760951,0.019150626,0.01742346,0.02090407,0.014271877,-0.0054432712,-0.0011193331,0.008932801,-0.008164079,-0.0019212031,0.005855735,0.008497599,0.012625443,-0.0058647715,0.0136751775,0.007876591,0.0028664384,0.013632425,0.00749395,0.011477102,0.010449098,0.016726738
3aHSDH%3aHSDH%MCM1345206_1_3-oxoacyl-ACP_reductase_FabG__Muribaculaceae_bacterium_,0.011878538,-0.024129117,0.021308996,0.020675777,-0.022193976,-0.013852074,0.017225184,0.01793493,0.019048998,0.020095998,0.011840869,0.022379924,-0.022728488,0.004350544,0.017917255,0.0019980718,-0.016334396,-0.004239177,0.00903789,0.009764853,-0.023731362,0.014071924,0.017547315,0.007417478,-0.002829189,-0.0013650303,0.014606811,0.008758757,0.011768558
3aHSDH%3aHSDH%WP_062304377_1_SDR_family_NAD(P)-dependent_oxidoreductase__Sellimonas_intestinalis_,0.0074187582,-0.0052415477,0.010935903,0.009972349,-0.0051169423,-0.0042704474,0.013405518,0.010223733,0.013818817,0.009582793,0.017621316,0.00823377,-0.005336306,0.00066306524,0.010448222,0.00061839324,0.00047162676,0.0058319215,0.0065606046,0.0063970787,-0.0014885758,0.0043359366,0.004889707,-0.0040390864,0.00580159,0.008576655,0.008434591,0.010649008,0.00959078
3aHSDH%3aHSDH%WP_117582908_1_MULTISPECIES__SDR_family_NAD(P)-dependent_oxidoreductase__unclassified_Collinsella_,0.0055327206,-0.00049239263,0.0021141141,0.0017529066,-0.0007640305,-0.0015201308,0.0031770938,0.0033054105,0.00257492,0.0044538276,0.0005598911,0.0022767608,-0.0011153646,0.0006846674,-0.0014562018,-0.0029513484,-0.0020611403,-0.00023850401,0.0006067479,0.0007267336,-0.0005322513,0.0017439142,-0.0034083524,0.0011928197,-0.00018564447,-0.0017759101,-0.0025018854,0.0005574686,0.0015141176
3aHSDH%3aHSDH%WP_226969791_1_SDR_family_oxidoreductase___Ruminococcus__lactaris_,0.008909704,0.004234378,0.0040050847,-0.0029503151,0.0029859082,0.004295988,-0.002032031,0.0038206137,0.0026033968,0.0024598306,0.0041180523,8.504814e-05,0.0041120965,-0.0012378613,-0.0027856994,-0.0052804975,0.0027324965,0.0021327073,0.002254656,0.0032598963,0.0020401268,0.0050186934,0.0013383117,0.0033225238,0.007454003,0.001963249,0.0027516184,0.00027032677,0.0049944567
3aHSDH%3aHSDH%WP_270387972_1_SDR_family_NAD(P)-dependent_oxidoreductase__Blautia_hansenii_,0.005693557,-0.007786939,0.008587522,0.008782828,-0.007870065,-0.0073636733,0.010262655,0.0067050974,0.005660018,0.007970168,0.002997918,0.008368234,-0.008551314,0.004248958,0.0060920697,0.0004872225,-0.0051367776,-0.0020279498,0.002525753,0.0034613446,-0.0054953503,0.004684361,0.0032654044,0.001924047,-0.0020985645,-0.0016325903,0.004949458,0.003814441,0.0031538666
3aHSDH%CAG5237306_1_short_chain_dehydrogenase__Streptococcus_pneumoniae_,0.021703074,-0.029392123,0.032398656,0.027220916,-0.027409738,-0.016384587,0.024189802,0.027826933,0.028061677,0.030477073,0.015537337,0.031287123,-0.02727058,0.0056350194,0.023734638,-0.0023507036,-0.019834798,-0.003339296,0.013055856,0.01551002,-0.030304724,0.02243474,0.023835674,0.010229374,0.0018705731,-0.00033793613,0.02103781,0.011691715,0.0178625
3aHSDH%GENOME084620_3418,0.006776337,0.0027366448,0.0046960334,3.4218956e-05,0.0020713732,0.0023976834,0.0025581806,0.004723425,0.005302964,0.0040640943,0.007639843,0.0013952894,0.0028144515,-0.0017588721,-0.00062173465,-0.0040056612,0.0029027534,0.0044848286,0.002063101,0.0028631485,0.0020114572,0.0035700912,-0.00082971127,-0.00023551646,0.007309946,0.004502761,0.0023411817,0.0034948587,0.006028769
3aHSDH%GENOME084674_3322,0.009234249,-0.005869947,0.010716814,0.00637325,-0.005761977,-0.002347126,0.005770621,0.008917156,0.008783568,0.009140552,0.0073674037,0.008594207,-0.0053093713,0.00042814377,0.0047671543,-0.0026352108,-0.003582936,0.0010835527,0.004189447,0.00546633,-0.0072614336,0.008069594,0.007097691,0.004337779,0.0043584253,0.0014389876,0.007412,0.003888691,0.007925005
3aHSDH%MBQ9141038_1_SDR_family_oxidoreductase__Lachnospiraceae_bacterium_,-0.0055499817,0.0066687358,-0.007259069,-0.008849941,0.006089779,0.0074576605,-0.010042435,-0.007885807,-0.010084128,-0.007974323,-0.010456965,-0.006926528,0.0066911126,-0.0025925231,-0.0072691594,-0.0010980258,0.0034765445,-0.0015661275,-0.00465531,-0.0051448513,0.0035409033,-0.00027996817,-0.0022232868,0.0025073406,0.00069805107,-0.0010586291,-0.0016246461,-0.006478504,-0.006379
3aHSDH%MCI6899085_1_SDR_family_oxidoreductase__Mycoplasmatota_bacterium_,0.012877396,-0.019579656,0.02242527,0.021477783,-0.01897925,-0.0138949035,0.021183297,0.01712975,0.018385172,0.019527089,0.011725291,0.021460962,-0.019712321,0.0068958,0.017488038,0.0006226267,-0.0125036035,-0.002288732,0.009499248,0.009651776,-0.017735275,0.013424594,0.014455933,0.0047536744,-0.0017285835,-0.00046549647,0.014412212,0.009498772,0.00979827
3aHSDH%MCI7742844_1_SDR_family_oxidoreductase__Clostridiales_bacterium_,-0.013313427,0.0020626904,-0.012909765,-0.0058628293,0.0025494662,0.00017014972,-0.0069507207,-0.011214678,-0.014344367,-0.008740437,-0.015479531,-0.007189796,0.0018810043,-0.00037470096,-0.0058196182,0.0042098835,0.00032142748,-0.0023703733,-0.0074496055,-0.008628861,0.002693797,-0.0062664677,-0.0045018536,0.001329224,-0.007197638,-0.004926217,-0.0036368328,-0.006354237,-0.011263235
3aHSDH%MCI8568452_1_3-oxoacyl-ACP_reductase_FabG__Bacilli_bacterium_,0.0131922485,-0.016080659,0.019315027,0.014675753,-0.015142238,-0.008538235,0.013544861,0.015513764,0.015781105,0.017861694,0.006108891,0.017834553,-0.015079115,0.0050250185,0.012318777,-0.0019358832,-0.011282951,-0.0027256375,0.00853476,0.008615082,-0.016905881,0.013742995,0.013461372,0.0064551146,0.00077164575,-0.0012487081,0.011996611,0.005782432,0.009416846
3aHSDH%MCM1266841_1_3-oxoacyl-ACP_reductase_FabG__Bacteroidales_bacterium_,0.0033728876,-0.011366036,0.010619641,0.013241719,-0.010880857,-0.008940482,0.013018218,0.007921145,0.008419069,0.009199661,0.0055681597,0.011597216,-0.011850127,0.0039190208,0.011247002,0.0026632047,-0.0067621768,-0.0013875125,0.003620097,0.0038925214,-0.008752659,0.004552727,0.008111897,0.00012981711,-0.0038440588,0.00017464506,0.007702444,0.005532183,0.0023502642
3aHSDH%MCR4878926_1_SDR_family_NAD(P)-dependent_oxidoreductase__Bacteroidales_bacterium_,-0.0015989162,0.0046684896,-0.0034104078,-0.0059955115,0.004851423,0.0065348977,-0.0073883873,-0.0026823888,-0.0010724893,-0.003637363,0.00033361677,-0.0048409426,0.005772629,-0.001945984,-0.00299474,-0.00079789595,0.004321155,0.002125148,-0.00018010227,-0.00034675025,0.0028473774,-0.0004450236,-0.0005542429,-0.00064820354,0.0050321016,0.0031817637,-0.0007285152,-0.0011104773,0.0012626591
3aHSDH%MDE7008868_1_3-oxoacyl-ACP_reductase_FabG__Lachnospiraceae_bacterium_,0.0009981393,0.019387083,-0.010253175,-0.014412896,0.017412685,0.0119846575,-0.007801928,-0.0063512768,-0.0061758836,-0.009617916,0.0052269194,-0.013894203,0.018336575,-0.008128891,-0.013450261,-0.005999201,0.014685819,0.008436827,-0.0036515906,-0.0031675422,0.018878104,-0.005703425,-0.013380578,-0.005605838,0.011813722,0.0075745173,-0.0066577904,-0.0010392023,0.0006276708
3aHSDH%MDE7282987_1_SDR_family_oxidoreductase__Lachnospiraceae_bacterium_,-0.0070736106,0.009863111,-0.010811411,-0.011614216,0.008990754,0.009061703,-0.012559918,-0.010073424,-0.013017607,-0.010520093,-0.011715403,-0.010309267,0.009581096,-0.002474716,-0.009702963,-0.0006944385,0.005845724,-0.0006265659,-0.0058485297,-0.00645921,0.006950962,-0.0024887198,-0.004904991,0.0022447205,0.0007693635,-0.0008894279,-0.0033815652,-0.0074407635,-0.007662107
3aHSDH%MDE7415347_1_SDR_family_oxidoreductase__Lachnospiraceae_bacterium_,0.006047085,0.017167151,-0.0017687294,-0.009992246,0.015271089,0.009907589,-0.0023349507,-0.00013784059,0.0004412039,-0.003967769,0.010460716,-0.008664507,0.016350847,-0.007588365,-0.008853549,-0.007876782,0.014605466,0.011028133,-0.0005343858,0.0016109222,0.016840275,-0.00197401,-0.0096042035,-0.0063729687,0.015147176,0.009961157,-0.003439356,0.0035149348,0.004998592
3aHSDH%MFR0796835_1_SDR_family_NAD(P)-dependent_oxidoreductase__Oscillospiraceae_bacterium_,-0.008597469,-0.00721834,-0.0030676965,0.0034156754,-0.0065061445,-0.005451758,0.000816862,-0.004588645,-0.0062488867,-0.0007613245,-0.011442816,0.0026676378,-0.007051974,0.0023637302,0.0021472673,0.004518635,-0.006786974,-0.0057607824,-0.003250236,-0.004764494,-0.006640284,-0.0005841249,0.0029323844,0.0035204038,-0.00925236,-0.0062300847,0.0022456641,-0.0035457588,-0.008347147
3aHSDH%NBI02399_1_3-oxoacyl-ACP_reductase_FabG__Lachnospiraceae_bacterium_,-0.003879534,-0.00064597925,0.00035816728,0.0026273641,-0.0007418296,-0.0017776552,0.0035393746,-0.0018146561,-0.0008251112,-0.0022044864,0.0003117652,0.0003363257,-0.001630481,0.0010919753,0.0027850848,0.0028603985,0.0020523232,0.0007178074,0.0006064155,-0.0010450934,0.0013463506,-0.001457768,0.0021646626,-0.0022777747,-0.0016378228,0.0013037863,0.003703866,0.0014715117,-0.002064292
3aHSDH%WP_008977467_1_SDR_family_NAD(P)-dependent_oxidoreductase__Faecalimonas_umbilicata_,0.009752117,-0.018288895,0.018133622,0.019093983,-0.017718602,-0.013953783,0.019081723,0.013608103,0.014394748,0.016630601,0.007801337,0.01910488,-0.018763326,0.0065734214,0.01479838,0.0007078384,-0.012086179,-0.0037830363,0.007171393,0.0070365374,-0.01586672,0.011542597,0.0112765785,0.004517413,-0.0034229727,-0.0023757985,0.011325073,0.006697685,0.0058199437
3aHSDH%WP_020436139_1_MULTISPECIES__SDR_family_NAD(P)-dependent_oxidoreductase__Mediterraneibacter_,-0.0059664017,0.009608578,-0.009821699,-0.008998027,0.009184379,0.004714721,-0.0071409494,-0.008311501,-0.008937392,-0.00858903,-0.008203809,-0.009973232,0.008831856,-0.0013918924,-0.009319773,-7.9437086e-05,0.0055519636,0.0011289276,-0.004192483,-0.0059204423,0.00946201,-0.006986556,-0.009077042,-0.0027015319,-0.0016506691,-0.0016553705,-0.008507064,-0.0040620537,-0.0062606647
3aHSDH%WP_021919520_1_SDR_family_oxidoreductase__Evtepia_gabavorous_,-0.0069254823,0.010540996,-0.009992958,-0.008628088,0.009587067,0.0041893353,-0.0062190797,-0.008349692,-0.010704782,-0.009326653,-0.008804438,-0.010320263,0.00910941,-0.00022812263,-0.008742733,0.0007484626,0.008017996,0.0027407985,-0.0050410293,-0.0048735286,0.011286919,-0.0075855674,-0.009289002,-0.003232144,-0.0016132774,-0.0016837686,-0.007981152,-0.0041288184,-0.0075662606
3aHSDH%WP_044950032_1_SDR_family_NAD(P)-dependent_oxidoreductase__Mediterraneibacter_gnavus_,0.014594632,-0.02122379,0.02456933,0.023620939,-0.020552557,-0.015276883,0.023828428,0.019427285,0.020362193,0.0216325,0.014996409,0.023495672,-0.021443225,0.005766113,0.019462546,0.00071117654,-0.013371053,-0.0012947628,0.00978224,0.01065181,-0.018827504,0.014254737,0.01564996,0.0047926786,-0.0011194278,0.00080199435,0.01628944,0.011425818,0.012034127
3aHSDH%WP_087213392_1_MULTISPECIES__SDR_family_NAD(P)-dependent_oxidoreductase__Sellimonas_,0.009718026,-0.019386243,0.018553298,0.020552833,-0.018467091,-0.014951535,0.0209917,0.014450295,0.01544628,0.01755526,0.009874371,0.019412298,-0.019886317,0.0073910295,0.015859516,0.0023220333,-0.01229055,-0.0029438138,0.007959698,0.007014935,-0.01585834,0.010588719,0.010825623,0.0037502144,-0.004673691,-0.0016943907,0.011449085,0.008920659,0.0069033923
3aHSDH%WP_109137584_1_SDR_family_oxidoreductase__Bifidobacterium_catulorum_,-0.020036507,0.019484024,-0.022964055,-0.01908467,0.019051315,0.013315236,-0.01863335,-0.019789128,-0.018262876,-0.023372164,-0.00790565,-0.022707174,0.019093875,-0.0066711907,-0.012584908,0.004332064,0.016785238,0.0055120946,-0.008080592,-0.00999056,0.019494979,-0.016461514,-0.011095787,-0.009301576,0.0016615054,0.005117107,-0.009325514,-0.006260244,-0.010980343
3aHSDH%WP_182279434_1_SDR_family_NAD(P)-dependent_oxidoreductase__Collinsella_intestinalis_,-0.004509171,0.001795724,-0.006405077,-0.0017591076,0.0022964326,-0.0004076244,-0.0011156867,-0.004262977,-0.00458287,-0.0035003189,-0.003819316,-0.0040731253,0.00093674177,-0.0006321358,-0.003583978,0.0018573822,0.0005789852,-0.00010180505,-0.0027253095,-0.0042888876,0.0030486002,-0.005382914,-0.006154141,-0.0020594925,-0.0049710386,-0.002188387,-0.0056152474,-0.0015075034,-0.0042162724
3aHSDH%WP_191282235_1_SDR_family_oxidoreductase__Pseudolysinimonas_yzui_,0.00023496302,-0.011106047,0.0074781417,0.0090245465,-0.009919185,-0.006881248,0.007634331,0.003863017,0.0067953593,0.0062052584,0.0023086388,0.00830505,-0.010689718,0.0039850287,0.008037707,0.0033355567,-0.007269136,-0.0037826495,0.0039466443,0.0022518681,-0.009823277,0.0040164776,0.0070883147,0.0007174465,-0.0048169075,-0.0014533374,0.0062493025,0.0038939498,0.002318834
3aHSDH%WP_231385278_1_SDR_family_NAD(P)-dependent_oxidoreductase__Candidatus_Stoquefichus_massiliensis_,0.0150545165,-0.02583842,0.026204966,0.027435638,-0.02467703,-0.018692069,0.026990365,0.021015383,0.022894306,0.024505947,0.015024054,0.027030673,-0.025970085,0.007436005,0.021989679,0.00177175,-0.016904615,-0.0033874356,0.010842914,0.010641783,-0.022446923,0.015320254,0.016447065,0.0052840915,-0.0036096636,-0.0008081652,0.016609933,0.011745537,0.011536144
3aHSDH%WP_270208025_1_SDR_family_oxidoreductase__Eggerthella_lenta_,-0.011780789,0.008553412,-0.011981143,-0.008992465,0.008737596,0.008012281,-0.009092909,-0.008956395,-0.0075195595,-0.0110930465,0.0007470019,-0.011074381,0.009223407,-0.006055932,-0.003500282,0.0040336205,0.009155031,0.006141013,-0.004160726,-0.0049181045,0.008893154,-0.0071734013,-0.0033534495,-0.0046376507,0.0038371957,0.0076327636,-0.0008665374,-0.00043065645,-0.0033655735
3aHSDH%WP_289544896_1_SDR_family_NAD(P)-dependent_oxidoreductase__Enorma_phocaeensis_,0.008653989,-0.003616452,0.008629232,0.005298645,-0.0030206828,-0.0022966024,0.007027514,0.00949536,0.011638598,0.00825729,0.01214949,0.0056350236,-0.0030798104,0.0004074727,0.0056498987,-0.0023076148,-0.00030452787,0.0035070553,0.0053016716,0.0072744275,-0.002498947,0.0037767575,0.0028761267,-0.0019700332,0.0059160306,0.004452918,0.0024872764,0.0065769707,0.009375556
3aHSDH%WP_316269050_1_SDR_family_NAD(P)-dependent_oxidoreductase__Claveliimonas_bilis_,-0.0010597534,0.008912592,-0.0032448417,-0.0064524566,0.008662931,0.006986281,-0.0042775734,-0.0023331204,0.0013291164,-0.0048312615,0.008037242,-0.0070862244,0.009292049,-0.004095562,-0.0027710043,-0.0015436024,0.01001473,0.007480413,0.0015459715,2.170858e-05,0.009032868,-0.0036968496,-0.0022903082,-0.005926482,0.007946444,0.0071249474,-0.00092854025,0.0019527483,0.0023882524
3aHSDH%WP_377204125_1_MULTISPECIES__SDR_family_oxidoreductase__unclassified_Pseudarthrobacter_,-0.0031940842,-0.00709682,0.0002031374,0.0025641597,-0.006293472,-0.003433532,-0.0003740589,-0.00064723217,-0.0018940361,0.00032313992,-0.0062026805,0.0028028311,-0.0066705346,0.0034461662,0.0027278005,0.0042582755,-0.005617346,-0.0054058027,-0.0005430193,-0.0016066723,-0.00729184,0.0011672463,0.0040144613,0.0032769286,-0.0067772563,-0.0050527775,0.002273391,-0.002132114,-0.0026546374
3bHSDH%GENOME124823_1686,0.021165038,-0.028210128,0.03167835,0.028889263,-0.026632233,-0.018778091,0.028044939,0.027344277,0.028566878,0.029905686,0.020180989,0.030338626,-0.02744086,0.00663361,0.02473744,-0.0005550415,-0.017890396,-0.0012750444,0.013573718,0.01539507,-0.026216403,0.019495852,0.021395992,0.0072946716,0.0006415722,0.0015052625,0.019865263,0.014944144,0.018305726
3bHSDH%MEY8522072_1_aldo_keto_reductase__Lachnospiraceae_bacterium_38-10_,-0.008461763,0.005415262,-0.009359549,-0.006632092,0.0058852355,0.0017428984,-0.0062052137,-0.0069062323,-0.007710012,-0.0076172934,-0.007430009,-0.008060766,0.0053320224,-0.0019514565,-0.005668154,0.002070356,0.004096915,0.0014448058,-0.0049983053,-0.004410827,0.0061227027,-0.008050826,-0.0063518547,-0.003853231,-0.003074431,-0.0015871364,-0.0071864803,-0.0027994441,-0.005174803
3bHSDH%WP_100933575_1_SDR_family_NAD(P)-dependent_oxidoreductase___Clostridium__innocuum_,0.01404497,-0.028963855,0.027569795,0.028565766,-0.027160421,-0.018898303,0.02601592,0.02195114,0.024808362,0.025034592,0.017979305,0.028361235,-0.028212275,0.0062438548,0.025169065,0.0032143285,-0.018308066,-0.0036634535,0.011799251,0.012158718,-0.026447656,0.016344365,0.022164805,0.0060491674,-0.0032765216,0.000750405,0.020677585,0.013262092,0.013957709
3bHSDH%WP_186937525_1_glucose_1-dehydrogenase__Eggerthella_hominis_,-0.0033893487,0.0039700624,-0.002665572,-0.0035948209,0.0040874295,0.00509961,-0.0037401193,-0.0011710752,0.0005165634,-0.0029262872,0.005114263,-0.0041296487,0.0047136997,-0.0038887132,0.0009325143,0.0012182449,0.0056120395,0.0058469567,-0.00010770773,0.0011158186,0.00343863,-0.0014717139,0.0015483791,-0.002659659,0.006339437,0.0080171265,0.0028167737,0.0025380463,0.0026894726
5AR%GENOME006039_2690,0.005294855,-0.010233165,0.007949058,0.010637935,-0.009962951,-0.0070034857,0.0077118557,0.006860443,0.007899958,0.0073940097,0.008099386,0.010629267,-0.00985715,-0.0020677578,0.008480275,0.00016082263,-0.00984011,-0.0037259352,0.0011009561,0.0036493612,-0.010331435,0.0041745696,0.006304635,0.002539324,-0.0028691876,-0.0014870069,0.0029138806,0.0021682694,0.0029965413
5AR%GENOME012336_2253,-0.015644955,0.027942147,-0.025479311,-0.025516428,0.027021682,0.017205449,-0.022175811,-0.020070298,-0.019390635,-0.02523238,-0.008059081,-0.028081395,0.027090885,-0.006115596,-0.019568922,0.0002015275,0.021892153,0.007857601,-0.008035701,-0.008999589,0.028313842,-0.019116819,-0.018288884,-0.011690333,0.0050230217,0.005811534,-0.017382633,-0.0067543276,-0.009906432
5AR%GENOME021742_2120,-0.014581524,0.01099796,-0.017933065,-0.012613278,0.0106582,0.005724819,-0.012679751,-0.015918357,-0.016980719,-0.015940294,-0.014187496,-0.015486728,0.009946894,0.00043505259,-0.010945903,0.0040681395,0.0070609087,-0.0021874502,-0.0065198117,-0.009725715,0.011695274,-0.012790053,-0.010765794,-0.0041881036,-0.00702987,-0.0045641474,-0.010476929,-0.0076674656,-0.012283414
5AR%GENOME078645_81,-0.015595682,0.013089459,-0.020304883,-0.015251654,0.012698325,0.0062577194,-0.015679352,-0.01806701,-0.019768529,-0.018632054,-0.016753389,-0.017989302,0.01186494,0.000696934,-0.013719427,0.0035033172,0.008217511,-0.0030408897,-0.008427335,-0.010369706,0.013479102,-0.013912738,-0.01202729,-0.0033630363,-0.007055155,-0.0058976943,-0.013164903,-0.010318082,-0.013680003
5AR%GENOME084343_2181,-0.0018647503,0.0108754225,-0.00829588,-0.010212038,0.010164709,0.0069043846,-0.008310078,-0.0061618374,-0.007489599,-0.007959433,-0.0050461534,-0.009877323,0.010317791,-0.0019166006,-0.009155673,-0.0022760292,0.0068610646,0.00068626436,-0.0032441618,-0.0033674156,0.009855296,-0.0056908336,-0.008674381,-0.0030675938,0.0011101314,-0.0007640108,-0.009137643,-0.0040548565,-0.003557795
5AR%GENOME086572_2986,-0.0013776821,0.00090837775,-0.0031636101,-0.0025348186,0.0024754077,0.0012541626,-0.0020225698,0.00057504064,0.00020488592,-0.00086520426,0.0029175153,-0.0027289942,0.0019408554,-0.0043644584,-0.0013353962,0.0005716182,0.00072476064,0.0030588931,-0.0014377009,-3.1698386e-05,0.0008441662,-0.0032867908,-0.0029009292,-0.0027178486,0.00046189356,0.0024237959,-0.0049011763,0.0021969613,0.0028052374
5AR%GENOME107567_81,0.0049935277,-0.010085711,0.009410656,0.009653082,-0.009744708,-0.0063250954,0.007854831,0.0070380885,0.0073007434,0.0079360325,0.0040710215,0.009193574,-0.009998583,0.006266288,0.008129413,0.002789014,-0.006906993,-0.0029606344,0.0049726414,0.0049323593,-0.008900159,0.0056517064,0.007104967,0.0038185671,-0.0031838862,-0.0013968316,0.006139577,0.003783287,0.004444663
5AR%GENOME140582_2251,0.010623732,-0.020483436,0.019325191,0.019588131,-0.019562675,-0.0124448575,0.015393491,0.013962306,0.015555679,0.017344382,0.007884841,0.021436349,-0.019592358,0.0040427656,0.015157192,-4.2170475e-05,-0.016518563,-0.0065712817,0.0064593577,0.0069577913,-0.021010421,0.013671205,0.015084577,0.0077264793,-0.0038026802,-0.0034269937,0.012823535,0.0046965466,0.006794675
5AR%GENOME142018_414,-0.009475206,0.009772643,-0.01601634,-0.011304399,0.010158445,0.0051739947,-0.011327973,-0.010176901,-0.012989351,-0.012995957,-0.0066760005,-0.01379122,0.009693339,-0.0035886676,-0.009413342,0.0021643157,0.006212648,-5.794764e-05,-0.007426166,-0.0061316546,0.010480931,-0.012057476,-0.011203362,-0.004709008,-0.0032691692,-0.0016649137,-0.011888461,-0.004796931,-0.006032124
5AR%GENOME170052_106,-0.0050384654,0.018601302,-0.014651921,-0.016397763,0.017023753,0.010791499,-0.013636997,-0.01108298,-0.012970133,-0.014125436,-0.007540031,-0.017713841,0.01725095,0.00084758154,-0.014294067,-0.0015589562,0.013453492,0.0034056436,-0.004334071,-0.0044692014,0.018635184,-0.010139243,-0.013344659,-0.004027593,0.0025937178,4.5709716e-05,-0.012950141,-0.0061734617,-0.0062479735
5AR%GENOME179594_130,-0.0032996219,-0.008087098,0.0046983995,0.009077791,-0.008418638,-0.0064898217,0.0058516175,-0.0008424611,0.00056893745,0.0020267286,-0.0051008314,0.007042203,-0.008980313,0.005854794,0.0065713264,0.0041146395,-0.0073131626,-0.0069215996,0.001492249,-0.0005175802,-0.0075090905,0.0010468644,0.00618819,0.0015938776,-0.009798464,-0.005531335,0.003877509,-0.0010988717,-0.0057809497
5AR%GENOME179896_434,-0.00019533947,-0.005631777,0.004521975,0.005482308,-0.0047079194,-0.0034397838,0.005107879,0.0026545674,0.0060544787,0.004128393,0.0053595067,0.0050805467,-0.0050127087,0.00067210937,0.005367023,0.00206897,-0.003430264,-0.0007223683,0.0030550242,0.0009623876,-0.0045069815,0.0016455617,0.0028981958,-0.0014302388,-0.0017383232,0.0015165168,0.0026056075,0.0034471098,0.001189665
5AR%HIU55603_1_DUF1295_domain-containing_protein__Candidatus_Gallibacteroides_avistercoris_,0.003315762,-0.0063470644,0.0040362985,0.00540839,-0.0057018423,-0.004606898,0.004873039,0.0047442964,0.0041215615,0.004263782,0.0021069557,0.0050594597,-0.0060967123,0.0006089341,0.0039782375,0.00052534946,-0.0050325473,-0.002583097,0.00034387506,0.002480034,-0.0056580077,0.0009643454,0.0013355758,-7.5825206e-05,-0.003143198,-0.0022437884,0.00022356014,0.0018394622,0.0028915734
5AR%MBD5276024_1_DUF1295_domain-containing_protein__Bacteroides_sp__,-0.0040009674,-0.0018223299,-0.0013723694,0.0017104669,-0.0015428741,-0.0023095966,0.0003400052,-0.002582552,-0.00188361,-0.0016895385,-0.0031664744,-0.00018869262,-0.00231883,0.0024483276,0.0012641752,0.0029682072,-0.0020655058,-0.00274812,0.0002442652,-0.0015933171,-0.0008244724,-0.0030173308,0.00020195014,-0.0012311762,-0.005964989,-0.0026878228,-0.0011159737,-0.00048863667,-0.0038855472
5AR%MBP3601379_1_DUF1295_domain-containing_protein__Alistipes_sp__,-0.016975066,0.024825064,-0.027473498,-0.024332143,0.024172202,0.014159682,-0.020921905,-0.021532545,-0.02424303,-0.024865298,-0.014680353,-0.027224338,0.023478914,-0.006077792,-0.021413395,0.0011607014,0.01681074,0.0038911542,-0.011845645,-0.012707928,0.024792843,-0.01907538,-0.02136837,-0.008500781,-0.0018925859,-0.0006528093,-0.020894228,-0.009772367,-0.014164852
5AR%MBQ1253485_1_DUF1295_domain-containing_protein__Alistipes_sp__,-0.009784109,-0.0030949626,-0.0035187844,0.0020075222,-0.0030266624,-0.0038526917,6.8271394e-05,-0.006978437,-0.00560451,-0.004580643,-0.009299851,-0.00053327327,-0.0039480994,0.004616309,0.0011665593,0.005545672,-0.0037589828,-0.0060671447,-0.0013056202,-0.0050791986,-0.0018365587,-0.004682824,0.00023302503,-0.0018315777,-0.011280869,-0.0059732306,-0.001978039,-0.0034679514,-0.0098061655
5AR%MBR4740186_1_DUF1295_domain-containing_protein__Bacteroidales_bacterium_,0.005500583,-0.018822646,0.011622075,0.014201678,-0.017971165,-0.0121239945,0.009004082,0.008719278,0.006618913,0.012137623,-0.0014566733,0.015311342,-0.018352173,0.0054835863,0.010370757,0.002645849,-0.016607482,-0.010166402,0.0023658788,0.004147746,-0.019329099,0.00859158,0.011231596,0.009087485,-0.00913625,-0.008194591,0.008355159,0.00088168465,0.00333882
5AR%MCD7962281_1_DUF1295_domain-containing_protein__Rikenellaceae_bacterium_,-0.0032521528,0.0023109817,-0.0011108764,-0.002041693,0.0024513567,0.0039527384,-0.0019644187,-0.0022389586,0.0025508376,-0.002658149,0.0064261323,-0.0024627098,0.0030646306,-0.0020642488,0.0015399733,0.0013277583,0.004190208,0.0033483938,0.002162157,0.00025042723,0.0024807083,-0.00036639482,0.0016804014,-0.0033295664,0.0050072707,0.006333828,0.0035959017,0.0024275132,0.0016459064
5AR%MCQ2341803_1_DUF1295_domain-containing_protein__Paludibacteraceae_bacterium_,0.010301352,-0.0060791653,0.01142813,0.0056841504,-0.0063058054,-0.002129747,0.0050509963,0.009385771,0.008526081,0.0099637965,0.0017726462,0.008864846,-0.005658709,0.0042806417,0.0052049463,-0.003310959,-0.00547768,-0.001941359,0.0053387517,0.006345553,-0.00774734,0.008547507,0.006977089,0.004406275,0.0017126884,-0.0013951345,0.0044610016,0.001742279,0.0052038883
5AR%MCR5660240_1_DUF1295_domain-containing_protein__Bacteroidales_bacterium_,-0.007073566,0.004719651,-0.010744692,-0.0066532358,0.005767148,0.0022827154,-0.0064994902,-0.006195503,-0.008244842,-0.008315558,-0.0037933127,-0.008615359,0.0049485206,-0.0032675671,-0.0054860115,0.002439926,0.002873239,0.000117328724,-0.005165948,-0.004166869,0.0053385254,-0.0087445695,-0.00790326,-0.003854961,-0.003946924,-0.0013432394,-0.009465453,-0.002421741,-0.0038587302
5AR%MDE7159808_1_DUF1295_domain-containing_protein__Muribaculaceae_bacterium_,-0.002886734,-0.008950794,0.003203749,0.007236553,-0.008236211,-0.0047011445,0.0043356707,0.0017447859,0.0026793543,0.0037957511,0.00038274284,0.005952963,-0.008445615,0.0038723033,0.0072581666,0.0048685377,-0.005773173,-0.0019584768,0.0011536051,0.00012124169,-0.007996377,0.0035428512,0.0056719463,0.0029939718,-0.00423854,-0.00063253776,0.0057550096,0.0009119941,-0.0006170002
5AR%WP_005657188_1_DUF1295_domain-containing_protein__Bacteroides_stercoris_,-0.0007871371,-0.0067808195,0.0009840915,0.0045011123,-0.005319257,-0.005248408,0.0037771263,0.0025088638,0.0021638118,0.0018445583,0.002588251,0.003152642,-0.006352565,-0.0021931846,0.003553698,0.00241361,-0.004708181,-0.0020795583,-0.0005320121,-0.000152634,-0.0054242555,-0.0011453398,0.000997482,-0.0013816875,-0.0041936752,-0.0015860567,0.0002594173,0.002642214,0.0018094657
5AR%WP_035471352_1_MULTISPECIES__DUF1295_domain-containing_protein__Rikenellaceae_,-0.010321567,0.0071171666,-0.01211111,-0.007862318,0.0066670883,0.004370577,-0.008690497,-0.01123785,-0.010807522,-0.010871269,-0.009433934,-0.009930532,0.006561252,0.0011604176,-0.007010835,0.0032378852,0.0045394707,-0.0017067414,-0.0033917797,-0.0071951803,0.0075936024,-0.007403218,-0.0069254255,-0.0015924955,-0.0043955175,-0.0020493108,-0.005195747,-0.0052759303,-0.008742861
5AR%WP_282194747_1_DUF1295_domain-containing_protein__Alistipes_ihumii_,-0.005531254,-0.010022105,0.0018267012,0.0069830376,-0.008605926,-0.00749402,0.0035131373,-0.0011055197,0.0009985232,0.00066563586,-0.0022888675,0.0052091656,-0.009576111,0.0022654352,0.0062080305,0.0051404075,-0.007303751,-0.0060841683,0.0004832317,-0.0006775167,-0.0087784,-0.0008399383,0.0062923455,-0.00017903867,-0.007822924,-0.003898445,0.0037097398,0.00074242475,-0.0012832549
5AR%WP_300108487_1_DUF1295_domain-containing_protein__uncultured_Alistipes_sp__,-0.011359201,0.023131499,-0.022032952,-0.022734784,0.021627007,0.013357425,-0.020011615,-0.01849709,-0.02070943,-0.020920899,-0.015551107,-0.023592867,0.021651227,-0.001761702,-0.020202018,-0.00180288,0.015702646,0.0014016316,-0.008512499,-0.009182602,0.022243746,-0.014379886,-0.017242253,-0.0052057137,0.0007944781,-0.0026329344,-0.017152976,-0.011065037,-0.012048092
5AR%WP_302729833_1_DUF1295_domain-containing_protein__Bacteroides_sp__ET489_,-0.0028729094,0.0031422388,-0.0061314767,-0.005154672,0.00383273,0.0024636183,-0.006143777,-0.0027617025,-0.0032942134,-0.005065839,-0.00034004956,-0.005782761,0.0038075754,-0.0011415614,-0.0028271966,0.0009477072,0.0024122796,-9.672048e-05,-0.0015871002,-0.0005312828,0.0030750853,-0.004547665,-0.0027532766,-0.002270303,0.00053438684,0.0004976225,-0.004143044,-0.0007921002,0.0014111901
5AR%WP_346709278_1_DUF1295_domain-containing_protein__Phocaeicola_salanitronis_,0.011528292,-0.012143507,0.013299317,0.012316426,-0.011777512,-0.007277325,0.010006399,0.01250033,0.013214079,0.012862208,0.0121502355,0.014290052,-0.011152175,-0.0022037202,0.010240617,-0.0025673753,-0.010879718,-0.0024706405,0.0035635256,0.007577507,-0.012939853,0.008494453,0.008502829,0.0042174133,0.0013333044,3.780139e-05,0.0051525,0.004269476,0.0084125595
5AR%WP_418203978_1_DUF1295_domain-containing_protein__Bacteroides_sp__,0.011734302,-0.019639213,0.01778798,0.018816235,-0.018408919,-0.011569918,0.01495579,0.015729599,0.018088879,0.017278336,0.015216946,0.02011885,-0.01811436,-0.0004137507,0.016144378,0.00011317867,-0.015657457,-0.003921652,0.0058038575,0.008474375,-0.019501172,0.011109564,0.013267441,0.0051807077,-0.0013449447,0.00027746343,0.009586627,0.007119801,0.010502007
5BR%CAK7070565_1_MAG__NADPH_dehydrogenase__Parabacteroides_sp__,-0.010169332,0.020650094,-0.018355407,-0.018244077,0.019248998,0.011630836,-0.015668195,-0.015388536,-0.016582862,-0.018532263,-0.010273898,-0.02009628,0.01926928,-0.0020990914,-0.015717935,-0.0003506709,0.014907582,0.0031933836,-0.0066313334,-0.0073004854,0.020852687,-0.013645768,-0.014022947,-0.006216495,0.0011359182,0.00016085173,-0.014004809,-0.007472277,-0.009911787
5BR%GENOME006024_4796,0.0068758167,-0.018106323,0.013029095,0.015673116,-0.01655355,-0.012290869,0.011981063,0.011507999,0.01107126,0.012155681,0.007614826,0.015789071,-0.017171867,0.0009020642,0.013425442,0.001607187,-0.013671536,-0.0059064366,0.0038057321,0.0067197476,-0.017092561,0.006288588,0.012382337,0.0040692375,-0.004963156,-0.0035595514,0.0082777925,0.0049074115,0.0070109023
5BR%GENOME006521_2122,-0.0045662494,0.008518539,-0.007421576,-0.0071003987,0.008062359,0.005274251,-0.0073581035,-0.0069239927,-0.0048260842,-0.008474427,-0.0011059415,-0.00852296,0.00823679,-0.00020579089,-0.005224714,-8.813697e-05,0.006406213,0.00010978058,-0.00053414534,-0.002168455,0.0085094245,-0.006496557,-0.0053394507,-0.004412036,0.00076054444,0.00036606286,-0.0058346386,-0.0028680076,-0.0030441724
5BR%GENOME141824_1849,0.005179292,-0.012886755,0.0101079,0.008851543,-0.010967511,-0.0071749403,0.0068946593,0.008905906,0.010123584,0.010266169,0.003670355,0.01051194,-0.011251349,0.0021289675,0.0077281483,0.0011814184,-0.010311777,-0.0034496484,0.00411103,0.0049476116,-0.013475486,0.006285157,0.0069513917,0.0027687442,-0.0031629447,-0.001996277,0.0033524097,0.004296645,0.0063460334
5BR%HIX74022_1_NADH_flavin_oxidoreductase__Candidatus_Parabacteroides_intestinipullorum_,0.0066115307,-0.011740077,0.009181052,0.010916464,-0.011010092,-0.0071173687,0.007714016,0.008739797,0.009290228,0.009257241,0.008893641,0.011534886,-0.010889559,-0.0019172729,0.00931887,0.00017394908,-0.01043538,-0.0030522526,0.0016478656,0.0049077217,-0.012039207,0.005916546,0.00752822,0.0037826882,-0.0016957219,-0.00064245565,0.004088265,0.0030866584,0.0052242465
5BR%MBO4402754_1_NADH_flavin_oxidoreductase__Bacteroidales_bacterium_,0.0015082122,-0.00866271,0.005262584,0.0053062304,-0.007266341,-0.00542189,0.003590821,0.0041683502,0.005134713,0.004986901,0.0004591646,0.0059042573,-0.007694961,0.0030602482,0.0049777897,0.0024711166,-0.006682393,-0.0036385232,0.0030428225,0.0025142466,-0.008646259,0.002874869,0.0049046664,0.0015134002,-0.0040711197,-0.0031247821,0.0014281532,0.0020200491,0.0031444556
5BR%MBO7234306_1_NADH_flavin_oxidoreductase__Paludibacteraceae_bacterium_,-0.006470438,0.016888,-0.014139082,-0.014942832,0.015997563,0.009362962,-0.012380931,-0.01076605,-0.011988036,-0.01386255,-0.0053768777,-0.016609253,0.01592828,-0.0014294968,-0.012741834,-0.0007071339,0.013197311,0.0040117637,-0.0044266954,-0.0043044044,0.017388916,-0.010765511,-0.011914701,-0.0049964986,0.0025767856,0.0011773222,-0.011710039,-0.0046421536,-0.0058055837
5BR%MBO8446450_1_NADH_flavin_oxidoreductase__Candidatus_Enterocola_intestinipullorum_,-0.0057623116,0.0016173964,-0.0076930183,-0.003992719,0.0026148227,0.00035200603,-0.004212943,-0.004642441,-0.00653182,-0.0057085417,-0.0027513204,-0.0055203615,0.0016790867,-0.0034412784,-0.0035978733,0.0024298737,0.00047063892,-0.0010150071,-0.0044006812,-0.003904021,0.0023569409,-0.006177362,-0.004916385,-0.0014491056,-0.004703258,-0.002126778,-0.0058214827,-0.0015643911,-0.0032237468
5BR%MBQ8101082_1_NADH_flavin_oxidoreductase__Paludibacteraceae_bacterium_,0.00085083925,0.01667266,-0.009204825,-0.013965371,0.015055183,0.009947476,-0.01081359,-0.0067180973,-0.006187026,-0.008774379,-0.0023019242,-0.01260534,0.015911574,-0.002875874,-0.013166059,-0.0058041452,0.010652554,0.0036506406,-0.0022687442,-0.0025298768,0.015078595,-0.0052631674,-0.011262759,-0.0034418534,0.0071538715,0.001664649,-0.010213308,-0.0042560967,-0.0016402723
5BR%MCA9548846_1_NADH_flavin_oxidoreductase__Myxococcales_bacterium_,0.0008103004,-0.00056529173,-9.134956e-05,-0.0014037682,-7.220645e-05,0.0007405797,-0.0018407512,0.00088330277,0.0003857514,-0.0001894666,0.0005738008,-0.00068336324,8.870608e-05,-0.002009842,-0.00077250175,-0.00051008625,-0.00019799206,-0.00019739728,-0.0013552336,0.0012721122,-0.0010557043,8.7469874e-05,0.00042005823,0.0004363653,0.0017287169,-0.00033416227,-0.00019228106,0.00042776528,0.0033591262
5BR%MCD8287651_1_NADH_flavin_oxidoreductase__Porphyromonadaceae_bacterium_,-0.0053209513,0.004603271,-0.0075815497,-0.004958874,0.004903421,0.0022233494,-0.0040345774,-0.004984775,-0.0057791253,-0.006679039,-0.0025650186,-0.006624614,0.0042348728,-0.0041845758,-0.0043904292,0.0012672059,0.002917772,0.00041511882,-0.004378972,-0.0038102663,0.005169119,-0.0066143107,-0.005984342,-0.00417353,-0.002156129,0.0001303581,-0.0053756027,-0.00094268774,-0.003199786
5BR%MCH5231198_1_NADH_flavin_oxidoreductase__Muribaculaceae_bacterium_,0.008508308,-0.019932408,0.01716808,0.016537089,-0.018650815,-0.010781087,0.012260399,0.012970657,0.015007296,0.016069297,0.0045049875,0.017876891,-0.018758316,0.0073279073,0.014904866,0.0021191912,-0.015025544,-0.0067584044,0.0077351807,0.0073406696,-0.020271098,0.01161755,0.01447727,0.006165648,-0.0050244643,-0.0033336806,0.011463869,0.0054273033,0.0075807883
5BR%MCQ2271787_1_NADH_flavin_oxidoreductase__Bacteroidales_bacterium_,-0.0068633705,0.006391742,-0.010357503,-0.007893323,0.006803193,0.0037957672,-0.008898957,-0.007471705,-0.0076480256,-0.00976025,-0.0026858253,-0.009100242,0.0065406854,-0.0040785056,-0.0061265244,0.0014621536,0.003380765,-0.0006663559,-0.0044451333,-0.004214813,0.0058988794,-0.0079833,-0.005849293,-0.0031224517,-0.002334239,-0.0010166011,-0.008833611,-0.0040655294,-0.0044701328
5BR%MCR4591939_1_NADH_flavin_oxidoreductase__Bacteroidaceae_bacterium_,0.00348219,-0.027316296,0.016367123,0.021481913,-0.02573292,-0.017099202,0.014045519,0.010612366,0.010287207,0.0155084375,-0.0014798831,0.021675827,-0.026743762,0.0077996682,0.01756983,0.0063663726,-0.021079617,-0.01179452,0.0051553305,0.004192121,-0.027379265,0.012174629,0.019140352,0.010860308,-0.0126697505,-0.008905559,0.015449699,0.0023655782,0.0021839547
5BR%MDD5892138_1_NADH_flavin_oxidoreductase__Bacteroidales_bacterium_,-0.0033971039,-0.008449524,-0.0022673612,0.0039556976,-0.006929921,-0.005654031,0.0010818286,0.00062033633,-0.0027329316,0.0004073169,-0.0035657836,0.0022203461,-0.007998703,0.001143123,0.0034996623,0.004996707,-0.006564015,-0.004826185,-0.0022984762,-0.0011339155,-0.007353708,-0.0020443865,0.001820016,0.002405186,-0.008428026,-0.0049312455,-0.00018139026,-0.00031459014,-0.0009723094
5BR%MDL2227349_1_NADH_flavin_oxidoreductase__Odoribacter_sp__OttesenSCG-928-L07_,-0.0037943763,-0.006075368,0.0003011122,0.0038420437,-0.005832253,-0.0035248687,0.0009062314,-0.001910317,-0.00090917543,0.0007424562,-0.0057696337,0.0031300518,-0.005987705,0.004918674,0.0027855006,0.003716278,-0.005540192,-0.0053016623,0.0009561838,-0.0019592505,-0.005776804,0.0014293733,0.0026108304,0.0030349141,-0.0065900655,-0.0038656665,0.0027895712,-0.0015047005,-0.0036920013
5BR%MEI7492181_1_NADH_flavin_oxidoreductase__Bacteroidota_bacterium_,-0.014184499,0.003279197,-0.013730037,-0.0061686463,0.0037366422,0.0012041689,-0.008353926,-0.012843979,-0.013384379,-0.011527399,-0.012830815,-0.009410748,0.0026548505,0.0017411968,-0.005615997,0.005988854,0.0015588194,-0.003772313,-0.004831557,-0.0083357245,0.004528223,-0.009233873,-0.0053276094,-0.0014380678,-0.009621104,-0.004897171,-0.005124094,-0.0054056835,-0.010661258
5BR%MEZ3591839_1_NADH_flavin_oxidoreductase__Muribaculaceae_bacterium_,-0.002541604,0.0055504865,-0.0051477887,-0.005067027,0.005362721,0.0037916529,-0.0057430607,-0.0040724743,-0.0033163712,-0.0050095995,-0.0010482931,-0.006013509,0.0054614134,0.000694604,-0.003709513,0.0002990754,0.0040891333,0.0003096479,1.2160464e-05,-0.0010821926,0.005557177,-0.0045961924,-0.0032159267,-0.0020070744,0.0001693777,0.00028683155,-0.0037752248,-0.0012595835,-0.0011693756
5BR%WP_071425025_1_NADH_flavin_oxidoreductase__Tidjanibacter_massiliensis_,-0.005631703,0.00091372104,-0.005177607,-0.0024933019,0.0011247305,0.0013175058,-0.0037133736,-0.004936574,-0.00372048,-0.0041512414,-0.0040595587,-0.0036859186,0.0010100756,0.0023490996,-0.0015552283,0.0031986395,0.000801728,-0.0016569566,8.0541206e-05,-0.003196692,0.0015205645,-0.0024607498,-0.0019829245,-0.00017993891,-0.0030500097,-0.0005061075,-0.00066657545,-0.0013450774,-0.0032130172
5BR%WP_259010233_1_NADH_flavin_oxidoreductase__Parabacteroides_distasonis_,0.005210445,0.007822109,-0.0013559178,-0.0050549363,0.007481001,0.0057212682,-0.0020303293,0.002543936,0.003394362,-0.00054751756,0.009540374,-0.004387719,0.008439401,-0.0055326545,-0.0029192623,-0.0045279968,0.00611148,0.0061475416,-0.00012337582,0.002382013,0.0075323135,-0.0024305116,-0.0061301156,-0.0041455245,0.007905827,0.005645748,-0.006158263,0.0022401821,0.0050360523
5BR%WP_279088787_1_NADH_flavin_oxidoreductase__Alistipes_putredinis_,-0.0012674968,0.016576812,-0.010479532,-0.014000875,0.014745306,0.008894562,-0.010690956,-0.0084683,-0.011471068,-0.0102750845,-0.009077535,-0.013712955,0.01497735,0.0002612026,-0.014012097,-0.004514332,0.010907676,0.0015475434,-0.0039339983,-0.003338502,0.015613732,-0.007064119,-0.0119773075,-0.0020479662,0.0026764239,-0.002565736,-0.011870346,-0.006666226,-0.0060707526
5BR%WP_295936477_1_NADH_flavin_oxidoreductase__uncultured_Alistipes_sp__,-0.010351186,0.02628455,-0.023179883,-0.02406995,0.024590647,0.014916123,-0.019837834,-0.017709581,-0.020171905,-0.021850886,-0.011961154,-0.026153298,0.024534566,-0.0024210871,-0.021049468,-0.0017985553,0.019097744,0.005012092,-0.0081929155,-0.008595524,0.026475696,-0.016555853,-0.019635746,-0.007311118,0.002827559,-1.8918157e-05,-0.018541116,-0.008737857,-0.009978332
5BR%WP_300285921_1_NADH_flavin_oxidoreductase__uncultured_Alistipes_sp__,0.011022964,-0.010986496,0.011870635,0.010903333,-0.01079135,-0.0063626007,0.008394904,0.0113588,0.011548672,0.011479305,0.010758925,0.012766067,-0.010105002,-0.0018445489,0.009083153,-0.0026368743,-0.010322623,-0.0029989243,0.0030171901,0.0073374067,-0.011964437,0.007705852,0.00789308,0.004503864,0.0009386118,-0.00047893333,0.004252973,0.003537364,0.007686532
5BR%WP_300748828_1_NADH_flavin_oxidoreductase__uncultured_Alistipes_sp__,-0.0022261858,-0.0046681077,0.0013549157,0.0032050204,-0.0044110348,-0.0026998722,0.0007425028,-0.0007013429,0.000694772,0.0003878006,-0.0015956353,0.0023614713,-0.0046577714,0.0028673268,0.0032502797,0.0031769986,-0.004215491,-0.0041211974,0.0016092674,-0.0005953019,-0.0044990047,-0.0002024138,0.0031869984,0.0005230416,-0.0051936386,-0.0027543495,0.0018750231,-0.00035796515,-0.0012389561
5BR%WP_302380465_1_NADH_flavin_oxidoreductase__uncultured_Alistipes_sp__,-0.0083797155,0.018184612,-0.014459369,-0.015476627,0.017214714,0.011113091,-0.012486504,-0.011374004,-0.010504833,-0.0151590565,-0.0021987492,-0.017638253,0.017592462,-0.0023173345,-0.011206044,0.0006049428,0.015304715,0.0066085877,-0.0036996685,-0.004117165,0.01917728,-0.011550472,-0.011685422,-0.007405207,0.0045959116,0.005012232,-0.010587761,-0.002933618,-0.0052153273
5BR%WP_394671717_1_NADH_flavin_oxidoreductase__Muribaculum_sp__,-0.0041446458,0.004326544,-0.004578757,-0.004230784,0.005066205,0.004404118,-0.0041576815,-0.0039160927,-0.00096824253,-0.0049690083,0.005027198,-0.004931692,0.004919377,-0.004670265,-0.0020926066,0.00056386745,0.004490825,0.003007217,-9.820162e-05,-0.0020403885,0.0043931287,-0.00307954,-0.0023037884,-0.0035835092,0.002690372,0.004788514,-0.0013694871,0.00084876484,0.0001507121
5BR%WP_418992344_1_NADH_flavin_oxidoreductase__Alistipes_sp__,-0.0011102435,0.0063733933,-0.006393514,-0.0066583534,0.006057569,0.003098269,-0.0061083985,-0.004140464,-0.006013872,-0.005594721,-0.004425747,-0.0076250564,0.005678074,0.0028387979,-0.0067492975,1.1090061e-05,0.0044789305,-0.0002557961,-0.0014534296,-0.001293133,0.0068126977,-0.004734745,-0.0059155254,-0.00015370772,-0.000924732,-0.0025078696,-0.006495531,-0.0030430788,-0.0016211908
7aHSDH%GENOME007043_1033,0.00026506578,-0.011557389,0.008088681,0.009977255,-0.011067234,-0.007561896,0.006420804,0.0046311007,0.0056637637,0.006111431,0.0008846341,0.009424217,-0.011432327,0.003888775,0.009685808,0.0038327156,-0.008505091,-0.004800926,0.002821267,0.002708937,-0.011257857,0.0040930347,0.009991094,0.002367098,-0.005597597,-0.0020344937,0.007346583,0.002070399,0.001451032
7aHSDH%GENOME011662_3430,0.003803926,-0.00012817768,0.0063754725,0.0030689584,-7.8497564e-05,0.0010267482,0.0040397444,0.0062855263,0.0074953455,0.0047766156,0.007972518,0.003440307,0.0006622288,-0.0011525874,0.0053059505,-0.0010255813,0.0019866922,0.005339474,0.0026588044,0.005627452,-0.000111232766,0.002360971,0.0035000595,-0.0031100179,0.006290799,0.007197627,0.0031355715,0.004982527,0.0062274258
7aHSDH%GENOME018142_1887,0.0065427045,-0.011514814,0.011519309,0.010379001,-0.011340911,-0.0060901283,0.008192921,0.00767873,0.008116031,0.009097498,0.0015231572,0.011548105,-0.011539892,0.004225295,0.008130931,0.00045889255,-0.008876367,-0.005004127,0.004854162,0.005005028,-0.012095827,0.008403061,0.009908481,0.0050246296,-0.002346618,-0.0027304455,0.008541818,0.0019581341,0.0044343015
7aHSDH%GENOME025100_397,0.0147540225,-0.029668868,0.02716383,0.026073478,-0.027611906,-0.016489781,0.019572882,0.020881012,0.022057991,0.024819126,0.009347346,0.02879851,-0.027763965,0.007005789,0.021394374,0.00111748,-0.021395452,-0.007842855,0.011536113,0.01074142,-0.031266708,0.019563703,0.023364149,0.011725115,-0.004535572,-0.0043425392,0.019794011,0.0076065673,0.011930894
7aHSDH%GENOME067790_2714,0.0028114296,-0.0055294405,0.006529877,0.0067032147,-0.005059399,-0.0031233213,0.007246778,0.005765821,0.007808049,0.0053125173,0.008202005,0.005577134,-0.0053854454,0.0011678184,0.007640412,0.0013488197,-0.0011058243,0.0022678266,0.0041101663,0.0038067005,-0.0035188594,0.0028358726,0.005857902,-0.0014344975,0.001801131,0.00410133,0.006220885,0.0056265043,0.005214449
7aHSDH%GENOME070302_884,0.011947977,-0.018713973,0.020076985,0.020434272,-0.017944012,-0.013443067,0.021217626,0.017127419,0.016864,0.019085368,0.011329763,0.02006067,-0.018929023,0.005542932,0.016829038,0.0011437704,-0.011596002,-0.0005455316,0.0072514154,0.009025248,-0.016057068,0.011689042,0.012074721,0.0035505686,-0.0017752309,0.0009199213,0.012008052,0.009822023,0.009465348
7aHSDH%GENOME086444_1757,-0.0024633142,0.0057787616,-0.0023933344,-0.0028012043,0.005132133,0.0042111147,-0.00079936476,-0.0019503529,0.00057642924,-0.0036608973,0.00675893,-0.0044785496,0.0054707993,-0.0019946108,0.00058318174,0.0011438128,0.0068194508,0.005407286,0.00093043497,0.00031311548,0.0070866537,-0.0031577388,-0.0010339911,-0.005059281,0.004376973,0.0067563266,0.00094218785,0.0031080712,0.0005736676
7aHSDH%GENOME103762_694,-0.0065479116,0.020424385,-0.01444068,-0.01921072,0.019688763,0.015682792,-0.015999146,-0.010909557,-0.009504978,-0.014243395,-0.0016036183,-0.01845704,0.020726819,-0.007121316,-0.014246095,-0.0034723026,0.016479908,0.008675282,-0.004600387,-0.0047397716,0.018566377,-0.0073800646,-0.01136191,-0.0059829648,0.011193679,0.007834493,-0.00844146,-0.0035908574,-0.0021065273
7aHSDH%GENOME122758_282,0.01506134,-0.029535934,0.027121967,0.029687561,-0.02824656,-0.021917114,0.02796237,0.021612812,0.021749225,0.025933363,0.011916957,0.029349875,-0.029743694,0.009309659,0.02288998,0.0024494652,-0.020810284,-0.006472236,0.009837852,0.010391907,-0.026203519,0.0162641,0.017718466,0.007919198,-0.007504398,-0.004468514,0.016725406,0.010766588,0.010255749
7aHSDH%GENOME150027_3593,0.00799608,-0.029306183,0.023241699,0.025099184,-0.026551647,-0.017211465,0.01963766,0.017335134,0.019694842,0.021346644,0.006931706,0.025979688,-0.027576752,0.008247122,0.022604927,0.004508168,-0.019893069,-0.0073564183,0.0102165,0.00952319,-0.029050607,0.014577924,0.021981578,0.007211337,-0.007627378,-0.0033113165,0.017025352,0.0075795446,0.0087488685
7aHSDH%GENOME215422_1346,0.006741098,-0.02192178,0.018311111,0.019653592,-0.021370817,-0.013096754,0.013332989,0.01116284,0.013378715,0.014141337,0.00280611,0.02073908,-0.020909375,0.007406862,0.017065665,0.0031151092,-0.017021284,-0.010153407,0.007001949,0.006605281,-0.022030372,0.012191785,0.018459288,0.00773097,-0.0066841817,-0.00581735,0.014455524,0.0024479232,0.0045773825
7aHSDH%HAY2965420_1_SDR_family_oxidoreductase__Escherichia_coli_,0.009633434,-0.028686041,0.025021087,0.02534586,-0.026280105,-0.016901521,0.020732831,0.017775783,0.021726623,0.021965833,0.00971453,0.026586277,-0.027033582,0.0071161096,0.022300642,0.0032554332,-0.019087367,-0.006975921,0.011758217,0.010171792,-0.028418371,0.015560494,0.02264565,0.00657405,-0.005403959,-0.0024337654,0.019196372,0.009162297,0.010299006
7aHSDH%MBE5948790_1_SDR_family_oxidoreductase__Lachnospiraceae_bacterium_,0.000144166,-0.0068763704,0.0031871772,0.0040023713,-0.006772765,-0.0039007375,0.002249387,0.0011021569,-0.0006752373,0.0040546153,-0.008424963,0.0049075093,-0.0070247934,0.005884794,0.0021104324,0.0013837186,-0.00616876,-0.0049178693,0.00064265524,-0.0012029386,-0.0075482083,0.0042887437,0.0034833592,0.005842963,-0.005958071,-0.006340554,0.0029053467,-0.0023407256,-0.0031960965
7aHSDH%MBHC130__Clostridiales_bacterium_1_7_47FAA_,0.0028660907,-0.016570447,0.012625486,0.013568797,-0.014706176,-0.008717211,0.010101245,0.008350698,0.011321983,0.010562824,0.006147169,0.014312275,-0.01523433,0.0017078847,0.012679252,0.002765531,-0.011532397,-0.00446601,0.0053748013,0.0046698963,-0.016316518,0.00811277,0.013045889,0.0028599796,-0.0033560626,-0.00055741495,0.010138763,0.0047420217,0.0052679335
7aHSDH%MCI7810995_1_SDR_family_oxidoreductase__Clostridiales_bacterium_,-0.016343927,0.010866666,-0.01970475,-0.01344359,0.0109012555,0.005088281,-0.012467788,-0.016456295,-0.019721715,-0.015271254,-0.017524855,-0.014992543,0.010231519,-0.003580679,-0.0125391865,0.0020339044,0.006787723,7.0287635e-05,-0.010179602,-0.01114398,0.011219484,-0.011257901,-0.011011261,-0.0024725562,-0.00450932,-0.0037555872,-0.009045345,-0.008570897,-0.013592693
7aHSDH%MCI9468093_1_SDR_family_oxidoreductase__Oscillospiraceae_bacterium_,-0.010578489,0.0035891084,-0.010905688,-0.0061669433,0.0039959415,0.001054174,-0.006284539,-0.009119755,-0.011637606,-0.0073470245,-0.012317351,-0.006810433,0.0034304028,-0.0021932537,-0.0059756227,0.0016150693,0.0017139195,-0.00045611936,-0.006414786,-0.0070192306,0.0036875836,-0.0056247134,-0.004346718,-0.00023940354,-0.0038735804,-0.0030596238,-0.003498355,-0.005096008,-0.008445059
7aHSDH%MEO8122524_1_7-alpha-hydroxysteroid_dehydrogenase__Burkholderiales_bacterium_,0.013137098,-0.031580675,0.027779603,0.027982356,-0.029192466,-0.019334774,0.023289533,0.021475114,0.023338614,0.025775993,0.009210798,0.029599234,-0.030033018,0.008605277,0.02403975,0.002735579,-0.021757906,-0.0075767715,0.0119127575,0.012230154,-0.031052135,0.017306648,0.023525836,0.008572322,-0.006235762,-0.0040212465,0.019351855,0.00977071,0.012049201
7aHSDH%WP_025075670_1_7alpha-hydroxysteroid_dehydrogenase__Bacteroides_faecichinchillae_,-0.005845523,-0.0006119086,-0.006019659,-0.0014354794,0.00058214687,-0.00090898835,-0.0025219722,-0.0036170252,-0.0048576705,-0.0032849521,-0.0030851138,-0.0027588094,-3.180641e-05,-0.0026072157,-0.0017432129,0.0028814985,-0.0018794388,-0.0005554457,-0.0040461123,-0.0034899358,-0.0002493186,-0.0045346017,-0.0035866806,-0.0005316744,-0.0052425903,-0.0018829228,-0.0052091694,-0.0011176893,-0.0033269788
7aHSDH%WP_071121323_1_7alpha-hydroxysteroid_dehydrogenase__Romboutsia_timonensis_,-0.004496206,0.007899092,-0.006493609,-0.0071690036,0.0067384876,0.005148685,-0.0072879065,-0.00857203,-0.005999865,-0.0094511565,-0.0032580344,-0.0074542337,0.0073605706,-0.0010657689,-0.0058889776,-0.00022865074,0.0049495427,-0.0022474697,-0.0013229694,-0.0037659921,0.0074332803,-0.0039883256,-0.0037976361,-0.0020960749,0.00092965044,-0.00046689383,-0.00222715,-0.0046975277,-0.0045062597
7aHSDH%WP_262434703_1_7alpha-hydroxysteroid_dehydrogenase__Jilunia_laotingensis_,0.0033651239,-0.008212996,0.0076965457,0.008987071,-0.0071014077,-0.004678835,0.0078482535,0.006813476,0.009185946,0.0074697346,0.009775974,0.008670621,-0.0072334786,-0.0015543049,0.008134996,0.0013395901,-0.005772394,0.0005829159,0.0032636973,0.0027269693,-0.0072487863,0.0039950022,0.0050364984,0.00030803517,-0.00046470843,0.0031868871,0.004672767,0.005263188,0.004562211
7aHSDH%WP_288686302_1_SDR_family_NAD(P)-dependent_oxidoreductase__partial__uncultured_Bacteroides_sp__,-0.007015055,-0.0031985366,-0.0064504747,-0.0009354111,-0.0011512873,-0.0022754155,-0.0031376285,-0.0032647154,-0.0046279477,-0.003752432,-0.0025240576,-0.0026100604,-0.0022529403,-0.0037251594,-0.0010506179,0.0047197845,-0.0036753172,-0.0012976249,-0.004493521,-0.0039112293,-0.0028304688,-0.0054821507,-0.0025497226,-0.0007246156,-0.006952775,-0.0025592363,-0.005155915,-0.0007361238,-0.002050227
7aHSDH%WP_303013929_1_7alpha-hydroxysteroid_dehydrogenase__uncultured_Bacteroides_sp__,-0.0073183244,8.5368585e-05,-0.0064249747,-0.002493255,0.0019518737,0.00042295252,-0.0037154949,-0.003979995,-0.0031691073,-0.0046946006,0.00041292154,-0.003744977,0.0012755156,-0.006322111,-0.0011331663,0.00289184,-0.00067094545,0.0008392914,-0.0037339227,-0.0032753465,9.119568e-05,-0.006054955,-0.0021715926,-0.0038243586,-0.0032056158,0.0011895496,-0.004728778,0.000564162,-0.001302881
7aHSDH%WP_342232791_1_7alpha-hydroxysteroid_dehydrogenase__Pseudoflavonifractor_phocaeensis_,-0.0011250501,-0.0056237783,0.0025665748,0.0040100534,-0.0044177193,-0.0025852874,0.0018467493,0.0023251981,0.0029174641,0.0017649111,0.0021836024,0.002903355,-0.00513051,0.0004990673,0.004868165,0.0030787606,-0.0021164916,-0.0005419376,0.0022189918,0.0018486858,-0.005030307,0.00031865374,0.0057938434,0.0003413269,-0.001679477,-5.8758887e-05,0.0044165733,0.002142299,0.0021551766
7bHSDH%GENOME075272_507,-0.008460518,0.009751055,-0.011435435,-0.008822335,0.008965705,0.0047663096,-0.006906134,-0.010786023,-0.012105834,-0.010510743,-0.009611644,-0.010164018,0.008352451,-0.0027946606,-0.009635699,0.000562987,0.005828997,0.0008958558,-0.005870282,-0.007953362,0.009806001,-0.006616644,-0.009202542,-0.001619643,-0.0024553975,-0.0019542305,-0.0065561784,-0.004987986,-0.009510951
7bHSDH%GENOME213756_525,-0.0059654657,0.008120987,-0.0097139245,-0.009249883,0.0077839447,0.0045845555,-0.007442637,-0.0074325227,-0.009219583,-0.008406034,-0.00904581,-0.009665098,0.0076487805,-0.00010339686,-0.0082820095,-2.362416e-08,0.005469658,-0.00039452064,-0.0035153776,-0.004638367,0.008225027,-0.0065980516,-0.0076902495,-0.0031397315,-0.0013764857,-0.002006713,-0.0075825457,-0.0037444502,-0.004590753
BSH1%UPI0001652BA3,0.0024041643,-0.0016693296,-0.0005872103,0.001154225,-0.001207314,-0.0016201794,-2.4100398e-05,0.002704409,0.00084932486,0.0007076976,0.004345102,0.00088723376,-0.0012317905,-0.0038086653,0.0010989527,-0.0008596528,-0.0024930502,-0.0008131869,-0.0019513502,0.0018890331,-0.0018340253,-0.0017900764,-0.0004929008,-0.00033093253,-0.00025796745,-0.00054118084,-0.003092367,0.00055607856,0.0024924472
BSH1%UPI0001B1C28E,0.008144518,-0.0112443995,0.0097347135,0.009804108,-0.010402497,-0.005871575,0.0065744505,0.00975741,0.010375777,0.010348611,0.009018746,0.011127109,-0.010096111,-0.0011441268,0.008455496,-0.0011430362,-0.009910898,-0.002705369,0.0024821968,0.006032697,-0.012195888,0.006881128,0.006982599,0.0043000286,-0.0001568492,-0.00066101184,0.0033360636,0.0028918616,0.006893326
BSH1%UPI0001DE6025,0.01599745,-0.008784166,0.017403265,0.014067745,-0.00990937,-0.006538614,0.015435908,0.015526145,0.016627047,0.016544105,0.013770726,0.015600847,-0.008718662,0.0022044478,0.01132882,-0.0054121674,-0.006972394,0.0015050009,0.0061589153,0.00988067,-0.008529053,0.009697225,0.0062928344,0.0023834289,0.00457174,0.0018537517,0.005495807,0.00656244,0.009280721
BSH1%UPI0002624191,0.009241354,-0.023239521,0.017249124,0.018808676,-0.02090647,-0.013335155,0.0137360515,0.015993206,0.015638486,0.017824609,0.009626481,0.020417808,-0.020950899,0.0025995774,0.016796494,0.002716541,-0.01746037,-0.004548384,0.0057333736,0.007858881,-0.023575017,0.012369153,0.015107752,0.008273155,-0.0043769046,-0.0025821212,0.01079157,0.006061735,0.009426066
BSH1%UPI0002802AC4,-0.009096222,0.011028035,-0.012322341,-0.010248188,0.010337331,0.0064007067,-0.010242097,-0.011582643,-0.010483623,-0.0120679,-0.007586051,-0.011810202,0.010456795,-0.00015918304,-0.008584956,0.0008861507,0.007270828,-0.00058147666,-0.0034044383,-0.0059268256,0.011068396,-0.008865003,-0.007963735,-0.0041640406,-0.0017209523,-0.0012194316,-0.0082700085,-0.005346311,-0.008304519
BSH1%UPI0002CB0E7D,-0.016032493,0.009696086,-0.020473389,-0.01365788,0.010975975,0.005976624,-0.014829009,-0.014730226,-0.017314488,-0.016760485,-0.010177198,-0.016768223,0.009976859,-0.0042585377,-0.01067563,0.005354651,0.006755542,0.00032833288,-0.00887062,-0.009128482,0.010209719,-0.014400252,-0.010877076,-0.0043032067,-0.0060918014,-0.0021060368,-0.012307002,-0.006151957,-0.009413349
BSH1%UPI0002F95F26,-0.012647566,0.005569613,-0.014035603,-0.007983038,0.005747205,0.0022633206,-0.009387181,-0.012516987,-0.01350531,-0.011863048,-0.012404608,-0.010481136,0.004924033,0.0010802692,-0.007225582,0.0047455183,0.0024330749,-0.0035743641,-0.005404616,-0.008004545,0.006287496,-0.009900088,-0.007322056,-0.0021959057,-0.008216559,-0.005012663,-0.0075452495,-0.0061141867,-0.010198783
BSH1%UPI000334E1FF,-0.0057851877,0.0006831442,-0.0048643355,-0.0020460829,0.0005868223,0.000882522,-0.0035883775,-0.0057537234,-0.004778591,-0.0047211065,-0.005899086,-0.0032432151,0.0004726723,0.0026111656,-0.0019128786,0.0030905006,0.000120564226,-0.0026568242,-0.00064068974,-0.003697511,0.0009644817,-0.0018975809,-0.001850433,0.0009499491,-0.0038817716,-0.0020571433,-0.0007343167,-0.002776438,-0.004500795
BSH1%UPI00035D264B,-0.0016233624,-0.0018597852,-0.00033999982,0.0014412553,-0.0017185359,-0.0022974913,0.0013398556,-0.0010641117,-0.0014206112,-0.000763036,-0.0035998868,0.00049335463,-0.0022864444,0.0015501545,0.00045003454,0.0010623332,-0.0016895452,-0.0026385305,-0.000582408,-0.0013011708,-0.001299302,-0.001171,-0.00039619431,-0.00094427174,-0.003972298,-0.0034053784,-0.0011895404,-0.0013518068,-0.00238534
BSH1%UPI0003A10C39,-0.017510578,0.020117333,-0.023128929,-0.018791419,0.019710649,0.010858777,-0.016860373,-0.018904828,-0.018870445,-0.022514945,-0.008813038,-0.023147989,0.019088982,-0.0037419405,-0.014508374,0.004099955,0.016254209,0.0045501324,-0.0083619105,-0.009498076,0.02195028,-0.018462647,-0.014645313,-0.009497965,-0.0011575707,0.0025768762,-0.013935847,-0.0058205104,-0.011492716
BSH1%UPI00041C4F56,0.00083335163,-0.005059692,0.0032538068,0.005112592,-0.0052169343,-0.0041977502,0.0041633337,0.0014547915,0.0010822364,0.0028166326,-0.00188474,0.0039251666,-0.005700702,0.006019445,0.0037700147,0.0025201351,-0.004108621,-0.0034552305,0.0015204294,0.0011774509,-0.004017283,0.0015651103,0.0022692569,0.0019383483,-0.005176967,-0.0034300603,0.0011655539,0.0003749195,-0.0010569837
BSH1%UPI00044AC395,0.003084521,-0.017618628,0.011962403,0.015327747,-0.015590787,-0.011162655,0.012638578,0.009104983,0.011936123,0.011877328,0.008401566,0.014631982,-0.016578494,0.0020412477,0.013333533,0.0038978898,-0.012345234,-0.004455551,0.005035452,0.0039925096,-0.015645294,0.005876708,0.00990935,0.0020469972,-0.0064070225,-0.0010363269,0.008430656,0.0063968976,0.0050588287
BSH1%UPI0004BCDDD9,-0.008788763,-0.00019189176,-0.007029006,-0.0015205161,0.001697484,-0.00077643513,-0.0012263193,-0.0045398246,-0.0022259613,-0.00454977,0.0016370249,-0.0039800536,0.00027718104,-0.0045997584,-0.0002447527,0.004252801,0.0003134253,0.0006491845,-0.0025924207,-0.0038225548,0.002092893,-0.007611354,-0.0039127707,-0.006278772,-0.0045357053,0.0022333763,-0.0045330105,0.0021912218,-0.0024660034
BSH1%UPI0004D69CD5,0.005233434,-0.0035535963,0.003874101,0.0028054225,-0.0027375976,-0.0016396284,0.0025451628,0.00666562,0.0048814984,0.0056927893,0.0053167604,0.0037197554,-0.002369646,-0.0010585418,0.0029741016,-0.0008239849,-0.0027297884,0.0021152184,0.0002952277,0.003974115,-0.003934594,0.002721139,0.0005848095,0.0020807094,0.0018050398,0.0012024147,-0.0015048503,0.0024952455,0.005095739
BSH1%UPI0004D6A0E9,-0.005466748,0.005875121,-0.010202241,-0.007542232,0.0064026755,0.0035734153,-0.0078019057,-0.0056387587,-0.0076370267,-0.007884724,-0.002894531,-0.009088064,0.0061911047,-0.0021599752,-0.0053615426,0.0013030141,0.0046700044,0.00087008096,-0.004007808,-0.0025900684,0.0062917024,-0.007631668,-0.006452657,-0.0028201758,-0.00066599756,-0.00019773752,-0.006636357,-0.002318679,-0.002021666
BSH1%UPI0004F8D610,-0.00221564,0.012454178,-0.0074036,-0.008055935,0.011748749,0.007018492,-0.004256346,-0.0040089577,-0.0028688866,-0.007330609,0.004925089,-0.009810199,0.012022861,-0.0046774214,-0.0056534577,-0.0018028239,0.010450146,0.0070485002,-0.0022540344,-0.00079169194,0.013613386,-0.0078688385,-0.009222737,-0.0073799277,0.0057216925,0.0063454397,-0.008284081,0.0009655098,-0.0005975737
BSH1%UPI0005DBBD01,-0.0045811315,0.010973618,-0.012031471,-0.011591074,0.009587353,0.0054112338,-0.010207538,-0.0107496735,-0.012520846,-0.010779712,-0.011594646,-0.011383963,0.0098461,-0.0012010268,-0.01327343,-0.0020252038,0.004585424,-0.0034046883,-0.005954876,-0.006518718,0.010012979,-0.0069436817,-0.0115942545,-0.00050516793,-0.002010442,-0.005845596,-0.009693517,-0.0081102885,-0.0071569546
BSH1%UPI00064A1F29,0.009600187,-0.01736642,0.017511338,0.015820313,-0.016900666,-0.009722378,0.011310851,0.012854711,0.012056597,0.014764415,0.006417721,0.017945528,-0.016952055,0.0030222628,0.013549678,0.00071417657,-0.013725603,-0.0048981803,0.0059752823,0.0068501234,-0.018597081,0.013267586,0.016166195,0.00874004,-0.0022489782,-0.0016510029,0.014767013,0.0048927246,0.007652815
BSH1%UPI00070D1B8F,0.01154378,-0.018574638,0.021730067,0.0206226,-0.01846122,-0.012209987,0.01833011,0.014576364,0.0167746,0.018123478,0.008593122,0.021990307,-0.018446142,0.0064762277,0.016542118,-0.0006036711,-0.013765782,-0.0052066017,0.008351655,0.0077926023,-0.018188436,0.014295798,0.015059701,0.0058093155,-0.002783737,-0.0012583742,0.013639425,0.006637707,0.0063942946
BSH1%UPI00073AFD00,0.014286877,-0.025670633,0.021663522,0.021817742,-0.02366715,-0.015262063,0.01764751,0.019820498,0.020317383,0.022466028,0.011767443,0.023681158,-0.02364746,0.0054473244,0.018211242,0.001623109,-0.019899976,-0.0058008414,0.008345693,0.010224946,-0.02586637,0.014018405,0.014864323,0.008623527,-0.0052281558,-0.0039822,0.010271115,0.007887222,0.012474325
BSH1%UPI00076E9CCB,0.0049119666,-0.013970997,0.00908879,0.009972652,-0.012078294,-0.00720271,0.0071514314,0.00922556,0.009540499,0.010158066,0.005485963,0.010759961,-0.0122362245,0.003272266,0.009365606,0.0029769093,-0.010104957,-0.002572693,0.003933859,0.0048898095,-0.0139117995,0.007283398,0.007770111,0.0046348255,-0.0029001602,-0.0009853975,0.004505819,0.0042505907,0.0067186863
BSH1%UPI0007933BD5,-0.0007047046,-0.007237396,0.0016501456,0.003527174,-0.0051953406,-0.0037213222,0.0019420544,0.0036196378,0.0024871354,0.0036500625,0.0024572136,0.0037242987,-0.005789387,-0.0022049616,0.0040023015,0.0025080466,-0.0051101325,-1.8752727e-06,-0.00013619453,0.0011588433,-0.00718188,0.00084301544,0.0032631727,0.0012640139,-0.0026153326,-0.00034611046,0.00065088057,0.0023534084,0.0028269778
BSH1%UPI000801FF16,-0.01003839,0.013521668,-0.015803125,-0.012731326,0.0138126565,0.007789703,-0.011374097,-0.011252128,-0.010811615,-0.014672011,-0.001095084,-0.015542426,0.013264591,-0.005563468,-0.009787016,0.0013672224,0.010494246,0.0032528744,-0.00549272,-0.0058613466,0.014745554,-0.01303992,-0.011305098,-0.007986894,0.0006114507,0.0029049807,-0.011248562,-0.0026632864,-0.0049525783
BSH1%UPI000949473C,-0.0021234276,-0.0010097483,-0.0025937248,-0.0016934153,-0.001225765,-0.00024776466,-0.0027561293,-0.0033254013,-0.0033745444,-0.0020883984,-0.0062857913,-0.0011444509,-0.000969018,0.0028072598,-0.0025115525,0.0013827054,-0.0025632242,-0.005120582,-0.00048198923,-0.002639597,-0.0013189719,-0.00015951315,-0.0016210682,0.002072924,-0.004028686,-0.004721446,-0.0015056882,-0.0034310916,-0.0031651803
BSH1%UPI00095B1DAC,-0.001412127,0.001723527,-0.0031450572,-0.0028327564,0.0026745156,0.0024365685,-0.0038154265,-0.00048287967,0.0003587711,-0.001938986,0.004827873,-0.0035368772,0.002593287,-0.0030684527,-0.0004623683,0.0003474566,0.0024107827,0.001765026,0.00011276031,0.00072591094,0.001778958,-0.0031573095,-0.00087682006,-0.0021611108,0.0022969686,0.0029444634,-0.000990239,0.0013615957,0.003178374
BSH1%UPI00095C7CBB,0.015997965,-0.024344277,0.025328724,0.0231313,-0.023290336,-0.014523127,0.018843465,0.019645832,0.020928945,0.023136726,0.010957552,0.026020536,-0.023178976,0.006317656,0.018580882,-0.00095146336,-0.018937355,-0.0063147508,0.00985575,0.010717652,-0.024960298,0.017779749,0.01849162,0.009739567,-0.0026421377,-0.0028950635,0.015155548,0.0073356302,0.011276305
BSH1%UPI000BCCCB22,0.0049892194,0.0069349105,-0.0012532639,-0.006449606,0.0061860536,0.0052633304,-0.0043152035,0.0013447858,-0.00046312966,-0.00028201236,-0.00032935268,-0.004074222,0.007017465,-0.0008196578,-0.0050679315,-0.0044458937,0.00514654,0.0034994879,0.00033992174,0.0013105035,0.0057201744,0.00092166266,-0.0033578067,0.00033713438,0.0065971278,0.002069611,-0.0022588754,-0.0008581364,0.0027359787
BSH1%UPI000BD3EFD5,0.011924151,-0.01547856,0.017227316,0.01707513,-0.015243032,-0.010381779,0.015830763,0.015064854,0.01601757,0.01702196,0.010980423,0.017836194,-0.014660063,0.0040176176,0.014679838,-0.0011042791,-0.011363353,-0.0014639369,0.0060442667,0.008951205,-0.014637473,0.009790502,0.009467076,0.0039920104,-0.0008209923,-0.00069692114,0.0073019355,0.0059176087,0.0077550565
BSH1%UPI000CD30963,-0.0008383673,-0.005812219,0.0041824924,0.004531843,-0.005260849,-0.0021715118,0.0024718528,0.0020216855,0.003103166,0.0029282009,0.0004541242,0.004157175,-0.0053493623,0.0028970614,0.005378168,0.0027571782,-0.003077225,-0.0011266959,0.0023568918,0.0021213605,-0.005843145,0.0025226302,0.005570422,0.0014913316,-0.0019726027,-0.00075135886,0.0042411555,0.0010991677,2.0895736e-06
BSH1%UPI000CF9C992,0.012726791,-0.020429118,0.023199892,0.021159256,-0.02053495,-0.01378524,0.017759686,0.0154593075,0.016462907,0.018561114,0.0064891023,0.02308527,-0.020396346,0.0065755807,0.016260115,-0.0005542854,-0.015945466,-0.007332718,0.0077410424,0.00914749,-0.021047704,0.0152099645,0.016883822,0.007931194,-0.003675425,-0.003847408,0.015058207,0.005267381,0.0077724815
BSH1%UPI000EF45382,0.015968153,-0.01958786,0.022612454,0.018623997,-0.018769411,-0.010813619,0.015800167,0.018285345,0.021468867,0.02114899,0.01138822,0.02223213,-0.017879615,0.006338251,0.016007354,-0.0029101027,-0.014532899,-0.004546421,0.01031662,0.0110907825,-0.020298814,0.016368376,0.014942877,0.006697269,0.0020445706,-0.0007287351,0.011981497,0.0068754633,0.011779665
BSH2%UPI0000382136,0.010525759,-0.03264952,0.024215207,0.024634447,-0.029078595,-0.017876962,0.018003052,0.019570893,0.020570792,0.024252191,0.005700144,0.026941616,-0.030073574,0.00806207,0.02208784,0.004354922,-0.023062289,-0.008916056,0.010509013,0.010355932,-0.032731548,0.016043326,0.02277472,0.010105268,-0.008329329,-0.006493715,0.016506452,0.007758472,0.0108401
BSH2%UPI0001534663,-0.013301044,0.008277225,-0.012837562,-0.007511971,0.0068672113,0.0031230755,-0.0073396903,-0.014951273,-0.015093349,-0.013792776,-0.016310805,-0.009841832,0.0063062664,0.0018569905,-0.008258866,0.003569962,0.0030382592,-0.0054375506,-0.0060923244,-0.010274499,0.008592603,-0.009698579,-0.007915939,-0.0034076485,-0.009758123,-0.0064424598,-0.007881868,-0.008745897,-0.015899576
BSH2%UPI0001599717,-0.0056775548,0.0064107953,-0.010598554,-0.009275788,0.005677636,0.0042323377,-0.010403318,-0.0102247605,-0.009962744,-0.010084683,-0.0073465616,-0.008982125,0.0058324994,-0.0026760274,-0.009603746,-0.00019696915,0.0018527922,-0.0047459123,-0.0040534404,-0.0055905543,0.0050595654,-0.0050273924,-0.0062041073,0.0011264551,-0.0018207573,-0.0040631546,-0.0041487487,-0.0065800766,-0.00474123
BSH2%UPI0001971EB2,0.003942487,-0.0018063895,0.002082048,0.0004750511,-0.0014779972,-0.0018395631,0.0012720976,0.0036494473,0.0011530168,0.003888584,-0.0008186384,0.0014867898,-0.0015911206,0.0016750359,-0.00073383556,-0.001271538,-0.00090613955,0.00058524834,0.00076595927,0.0012945457,-0.001647384,0.0017964471,-0.0009343429,0.002182024,0.00018776792,-0.0019143367,-0.0004248725,0.0008122404,0.0025620547
BSH2%UPI0001C1C05D,-0.0001901156,-0.0073752785,0.003199954,0.0042616283,-0.00581888,-0.0034817092,0.0038683733,0.0031056246,0.0051740445,0.0039939214,0.002725122,0.0041150567,-0.0062654437,0.0007859033,0.0047159647,0.0022295304,-0.0034581171,-0.0008537328,0.002378155,0.0013147559,-0.0065625566,0.0013206057,0.0040821983,-0.0006838699,-0.0012426147,0.0006713286,0.003861953,0.0034769005,0.003373772
BSH2%UPI0001CF4F1D,0.00027370668,0.014605003,-0.0068594352,-0.011627019,0.013123862,0.010090041,-0.008134154,-0.004755638,-0.00601874,-0.0072762226,-0.0014364166,-0.010300869,0.014074472,-0.0040518623,-0.010292326,-0.005047341,0.010958947,0.005742692,-0.0027493981,-0.0022200756,0.012437154,-0.0024857067,-0.007927677,-0.0025970917,0.00832326,0.0040869834,-0.0053584753,-0.0028313228,-0.0015635106
BSH2%UPI0002814877,-0.0039047129,-0.0076399473,0.002066003,0.005623334,-0.0076275216,-0.005525323,0.00265062,-0.0023117973,-0.0023062585,0.0008909383,-0.008600841,0.0051982813,-0.008197294,0.005045548,0.0033742767,0.003659294,-0.008389943,-0.008697542,-0.0006708569,-0.00229704,-0.007862599,0.0016511978,0.0035262064,0.0026204323,-0.0103559755,-0.0073543056,0.0012546018,-0.003428004,-0.0065036975
BSH2%UPI00033AD64E,-0.0010037769,0.0122200195,-0.0094338525,-0.012373238,0.011662335,0.0075480365,-0.010004311,-0.005369148,-0.008458302,-0.007863159,-0.0059428816,-0.011362207,0.011922256,-0.0019601576,-0.011679075,-0.0032588076,0.008838001,0.0030977323,-0.003910699,-0.003140925,0.011128732,-0.0051605804,-0.010202741,-0.0019361909,0.0037371211,-0.00058377767,-0.009167817,-0.0045558275,-0.0019987551
BSH2%UPI00033F049A,0.0021873869,0.0062411623,-0.0033797696,-0.005376236,0.0050871135,0.0033692215,-0.004126925,-0.0022972408,-0.005217695,-0.0028588744,-0.0028918805,-0.00429208,0.0052824495,-0.0010602683,-0.006747212,-0.002497324,0.002600602,0.00056804356,-0.0021154857,-0.0018579164,0.0053637736,-0.00071557635,-0.0047681094,0.0022053116,0.0012290516,-0.0017529179,-0.002799977,-0.0022336368,-0.0014749696
BSH2%UPI00038B932A,-0.0030488062,0.008145625,-0.0068408037,-0.0067111026,0.007219607,0.0039027706,-0.004996695,-0.0060495497,-0.0076254634,-0.0071670217,-0.0038336779,-0.0072362507,0.007086842,-0.002501256,-0.0069075613,-0.0010008755,0.0053825164,0.0011211124,-0.003440416,-0.0034565832,0.008349161,-0.005705541,-0.006324285,-0.0016647134,-0.00014359782,-0.001304825,-0.004552015,-0.0034833434,-0.0052405833
BSH2%UPI000396CDDF,0.016101696,0.0046599116,0.009951707,0.0021881436,0.002294927,0.000685037,0.008615013,0.009908079,0.009305119,0.008305995,0.013642158,0.004407601,0.0033021455,-0.0016570591,-0.0003627162,-0.008373596,0.003924268,0.0061260117,0.0040576397,0.0063140676,0.0045529422,0.0076472703,-0.0030842328,0.0006328917,0.011972593,0.0055450415,0.0024368733,0.0054908227,0.00905995
BSH2%UPI0003AD64AE,-0.00962505,0.012396613,-0.015190662,-0.012840204,0.011772974,0.007059066,-0.011236884,-0.012110127,-0.014450469,-0.012436005,-0.012736631,-0.014741424,0.011329236,0.00029013288,-0.011981172,0.0012746162,0.0086562345,0.0006198811,-0.005686456,-0.008093307,0.0124019245,-0.01001768,-0.011246459,-0.0032215707,-0.0032947417,-0.002912589,-0.009516918,-0.0062066065,-0.0091129225
BSH2%UPI000508CF7A,0.0036327979,-0.01477863,0.0081913415,0.009581515,-0.013625053,-0.0077520595,0.0056482484,0.0060820202,0.0057406984,0.009032293,-0.0015283632,0.010677557,-0.014108803,0.00513858,0.0072808675,0.0023472714,-0.011942484,-0.007518376,0.0035042902,0.0024452775,-0.015474644,0.007688815,0.008331578,0.0074026645,-0.00648447,-0.0062948056,0.007089858,0.0007217146,0.002994916
BSH2%UPI00050FFCF5,-0.0008218401,0.015431814,-0.011232203,-0.014360648,0.014058134,0.008789393,-0.011231449,-0.008154016,-0.009175361,-0.009029142,-0.007565575,-0.012866782,0.014645067,-0.0017409855,-0.014736869,-0.0052214516,0.0087790415,0.0016931401,-0.0040260567,-0.004458096,0.013733421,-0.0059370007,-0.01324982,-0.0024118058,0.003736147,-0.0016046867,-0.012546472,-0.006491766,-0.0044429833
BSH2%UPI0005D317A6,0.020568583,-0.034605548,0.034430042,0.034518316,-0.032779988,-0.022808068,0.031880725,0.028797455,0.030880902,0.03367146,0.018682832,0.035775248,-0.033115715,0.009424368,0.028290085,0.0012458585,-0.024417244,-0.0049072173,0.013326824,0.015322719,-0.032587238,0.02195219,0.021247355,0.00877653,-0.003860435,-0.0010666891,0.01969428,0.014439741,0.016636493
BSH2%UPI0005DCCFF2,-0.012749951,0.009047132,-0.01273494,-0.008909158,0.009633155,0.006683848,-0.008964513,-0.010433298,-0.0077833943,-0.012556948,-0.0020627314,-0.011694803,0.009467131,-0.004011145,-0.004633823,0.0038725391,0.008822624,0.0037373963,-0.0037156276,-0.0053809704,0.010039988,-0.010782424,-0.004630591,-0.007929245,0.00013572951,0.0047469987,-0.0051475912,-0.0014240743,-0.005827793
BSH2%UPI0006649122,0.013509821,-0.023511114,0.023659343,0.023127597,-0.02262552,-0.015358797,0.020236434,0.017251953,0.017327597,0.020417402,0.00902503,0.024935303,-0.023290139,0.0034823553,0.017479857,-0.0008070141,-0.017499609,-0.0066777105,0.008014301,0.008794538,-0.023470964,0.015375661,0.01782236,0.007882811,-0.0042672865,-0.0043924265,0.015635952,0.0071502044,0.007947936
BSH2%UPI0006BFFEB7,-0.003944323,0.0066438927,-0.0051514525,-0.00679327,0.00614526,0.0060375743,-0.0061280304,-0.005492774,-0.0071112025,-0.0057511306,-0.006350873,-0.0056356103,0.006456622,-0.0028514543,-0.005772805,-0.0010909748,0.0036736869,0.00030919714,-0.003808492,-0.0037122713,0.004950311,-0.0008401144,-0.0039664377,-0.00030507828,0.001098624,0.0009782262,-0.0030795753,-0.0032952107,-0.004303774
BSH2%UPI0006C043E9,0.0013652672,-0.018694527,0.012200986,0.015318836,-0.017758658,-0.011179742,0.009626286,0.006439929,0.00802251,0.009803948,-0.0011769135,0.015589294,-0.01786797,0.007731018,0.013730406,0.0052033467,-0.014748695,-0.00930218,0.0049877577,0.0039669974,-0.018025609,0.0077980077,0.014850745,0.006211242,-0.009466464,-0.0061422847,0.010869579,0.0018791578,0.00085178815
BSH2%UPI0006C0EB58,0.0060668094,-0.012771374,0.010361951,0.009768659,-0.011894806,-0.0068703694,0.0057628886,0.008401279,0.0064880196,0.00986175,0.0035232361,0.011553603,-0.012016627,0.0013144905,0.008151534,0.0011365511,-0.01016498,-0.003062132,0.0029127658,0.004104107,-0.013901162,0.00926029,0.011287916,0.008295314,-0.001954834,-0.0022066303,0.010101298,0.0024690882,0.005773876
BSH2%UPI0006C1ADDE,0.010267683,-0.0073307697,0.010543257,0.0075921924,-0.0076856334,-0.004681905,0.0075666606,0.00882376,0.0084481295,0.009680212,0.0067371004,0.009537892,-0.007589133,0.0020497604,0.0050964844,-0.002041915,-0.006486942,-0.0019862577,0.0033887706,0.005163797,-0.007845865,0.008225947,0.005072178,0.0046105,0.0013352048,-0.0009305233,0.0045544356,0.0030417365,0.006785655
BSH2%UPI0006C23C60,0.0030725158,-0.0041167997,0.004516471,0.0045542335,-0.0049318685,-0.0032786252,0.0042535136,0.002724042,1.6778235e-05,0.005113851,-0.006163967,0.005194755,-0.004927846,0.005870911,0.0021812643,0.00015766507,-0.0047540595,-0.0037454516,0.0011900947,0.00065367087,-0.00444381,0.0032590039,0.0022563112,0.0037489552,-0.0050730966,-0.0046860888,0.0016458638,-0.00077558076,-0.0025728599
BSH2%UPI0006C28698,0.0016988335,0.0060715904,-0.0017298689,-0.005507539,0.005117862,0.005666577,-0.0057937275,-0.0017210111,-0.002745095,-0.002904789,0.0010589954,-0.0038385554,0.005924102,-0.0025203442,-0.004400703,-0.0023474724,0.003763184,0.0019831825,-0.00096729235,-0.00050977216,0.004078096,0.0016603097,-0.0004508612,0.002426881,0.0049574343,0.002085224,0.0011118904,-0.001690392,0.0010018345
BSH2%UPI0006C45BC8,0.011180943,-0.01961638,0.020742655,0.018543165,-0.01912749,-0.011670184,0.013966,0.014244696,0.01651634,0.016002275,0.010378079,0.02059733,-0.018683648,0.004867764,0.016342571,0.0009055273,-0.014141022,-0.0061693504,0.009336311,0.009106405,-0.0203317,0.01470399,0.018865608,0.007927186,-0.00057435175,-0.0013124401,0.017078351,0.0058299988,0.009500283
BSH2%UPI0006C4A6B6,-0.01109124,0.0026150504,-0.008416955,-0.0033888815,0.0017937598,-1.03652455e-05,-0.004272935,-0.011341858,-0.011764668,-0.009406009,-0.015401152,-0.005554819,0.00091788376,0.0043810527,-0.004328907,0.00492846,-0.00083718257,-0.0069792597,-0.004050976,-0.0077594602,0.003250093,-0.0069673317,-0.0043828525,-0.001418608,-0.011699029,-0.007556952,-0.0050868327,-0.0068656188,-0.013033402
BSH2%UPI0006C52F45,0.002929008,-0.020508423,0.013768971,0.016809326,-0.019292248,-0.011473688,0.0098834485,0.008648811,0.011321678,0.011192242,0.002543977,0.017063037,-0.019210154,0.0063585807,0.015780676,0.0043498985,-0.015442282,-0.00939691,0.005800194,0.0050571375,-0.020272575,0.009452394,0.01684915,0.0059874402,-0.0068001067,-0.0046208347,0.012844878,0.0025200213,0.0042936723
BSH2%UPI0006C5C844,-0.0007655553,-0.0108010415,0.00621735,0.008804052,-0.010143347,-0.0051810043,0.003454498,0.0025218942,0.0057955664,0.003501575,0.0020802878,0.008396815,-0.0098137865,0.0028325447,0.009047049,0.0032892593,-0.007951441,-0.0058925813,0.0029276414,0.002196166,-0.010733893,0.0046494454,0.0105908895,0.002779487,-0.0031076244,-0.001423691,0.008353088,0.00077521475,0.0022808998
BSH2%UPI0006C706B0,-0.01410079,0.004540942,-0.015624565,-0.009687532,0.005320075,0.003713153,-0.011506186,-0.012623349,-0.014233465,-0.012836622,-0.011685439,-0.011749621,0.0046861735,-1.2375627e-05,-0.007084851,0.0062451595,0.0030875134,-0.0026520938,-0.0070099295,-0.008351004,0.005149957,-0.008823526,-0.0064994185,-0.0012793324,-0.006458154,-0.0032408577,-0.006490505,-0.006189812,-0.00857033
BSH2%UPI0006CAB5AD,0.012954934,-0.008784702,0.014963532,0.009070204,-0.009370492,-0.0027081037,0.007042191,0.011041041,0.01315308,0.012335987,0.008682848,0.012737888,-0.008195682,0.0018973608,0.0075758975,-0.0041848863,-0.00785019,-0.003011183,0.0068057645,0.0068565146,-0.011535546,0.01311567,0.009655106,0.006859735,0.0045412006,0.0007039151,0.009595519,0.0028298127,0.008266193
BSH2%UPI0006CABDF6,0.010863457,0.00658808,0.0034163187,-0.0045477315,0.005316897,0.004981117,-0.0014199011,0.004912266,0.0041460665,0.0028913673,0.006109568,-0.0014783931,0.0064819343,-0.0025839962,-0.004583684,-0.0070918114,0.0047756354,0.004712319,0.0025389344,0.003404351,0.0051415428,0.004091573,-0.0027207427,0.0014282943,0.010124722,0.0031316748,-1.8844048e-05,0.0013375449,0.0067198505
BSH2%UPI0006CABE2C,0.004295507,0.008501589,0.00040628668,-0.007171883,0.007302104,0.0071857865,-0.0056564217,-0.00078289123,0.0004286154,-0.0019183907,0.0019134288,-0.0045081787,0.008507781,-0.0010530088,-0.005019865,-0.005307819,0.0072564953,0.0030765987,0.0022169193,0.0019308694,0.0062736995,0.0025509805,-0.0011104932,0.00012858948,0.009398137,0.003479753,0.0011826556,-0.0012895004,0.0030256726
BSH2%UPI00082051E1,0.011060813,-0.0009054885,0.009943328,0.0031493485,-0.0018484147,0.00026861078,0.004219328,0.008574041,0.0072643,0.008386339,0.0046424335,0.0063442774,-0.0008705087,0.0008290275,0.002064089,-0.005033781,-0.0013952766,0.0020476608,0.0034799692,0.0053038877,-0.0025984477,0.008364152,0.0036718696,0.0034979496,0.0061683552,0.0024513407,0.0047064377,0.003297674,0.0067287325
BSH2%UPI00082062C1,0.0037989747,0.009744825,-0.0020460545,-0.007760895,0.008399706,0.006551191,-0.0046479707,-0.0016022251,-0.0014130351,-0.0030281653,0.00094497413,-0.005393758,0.009371543,-0.002277396,-0.0074438304,-0.0054906537,0.0059723025,0.0023367552,-0.00067796296,-0.00019204215,0.008193311,0.0010641054,-0.0062048663,-0.0013605744,0.007710751,0.0030071696,-0.004119807,-0.0013828353,0.0023094025
BSH2%UPI000820857A,0.011857702,-0.0009838225,0.009721242,0.00296158,-0.0021704242,-0.00012513394,0.0036887818,0.0077866805,0.0067534177,0.008061923,0.0038547195,0.006285506,-0.0012011226,0.0015480559,0.0010541191,-0.00625125,-0.0017638061,0.0002701044,0.0033963555,0.0053329943,-0.0033000486,0.008596613,0.0032278479,0.0049463166,0.005510345,-0.00016001068,0.0031776472,0.00063456333,0.005323635
BSH2%UPI000820B778,-0.003820251,-0.0021476038,-0.0016814519,-0.000650128,-0.0020857493,-0.0009742176,-0.0015164729,-0.0030864063,-0.0051118415,-0.00042679324,-0.011214596,-7.6963624e-05,-0.002373668,0.003780222,-0.0014141137,0.0015102059,-0.0022823366,-0.0033119344,-0.0015595304,-0.003389222,-0.0028357846,0.0010001997,-0.00014657709,0.0036181107,-0.0050888825,-0.0056408895,0.00033408738,-0.0040627117,-0.0058817137
BSH2%UPI000820F666,0.0050013135,0.0022434255,0.0013584485,-0.0027679887,0.0016668141,0.0039951988,-0.0030605025,0.0027780423,0.00077942654,0.0019532216,-0.00038401913,-0.0005319105,0.0026748816,0.001704604,-0.0013975877,-0.002871894,0.0020326963,0.001153656,0.0009956409,0.00189756,0.00037751175,0.003864617,0.0007905531,0.0032197535,0.0042690253,0.0011835867,0.0006060338,-0.0007162046,0.002607266
BSH2%UPI000821232B,-0.0009528867,0.011718032,-0.007989522,-0.01245064,0.0110600805,0.009977592,-0.010851914,-0.005547102,-0.007535459,-0.006831293,-0.00574261,-0.010458031,0.011739693,-0.002477254,-0.010507673,-0.0031386728,0.008218566,0.0039098905,-0.0030850323,-0.00351184,0.009856804,-0.0015956591,-0.0068550515,0.001238229,0.00578201,0.0019526025,-0.004486538,-0.003939143,-0.0016830323
BSH2%UPI0008219BA0,0.016822642,-0.029278085,0.028442211,0.026191786,-0.028016128,-0.016657151,0.020004027,0.021725481,0.023140524,0.02530819,0.011312518,0.029165218,-0.027716128,0.0076723434,0.021613179,0.00076626136,-0.02264568,-0.009071306,0.010631404,0.012693686,-0.030396996,0.019966686,0.021859203,0.011560836,-0.004110495,-0.004177537,0.018232258,0.007827108,0.013219781
BSH2%UPI000821B1D8,0.0050207647,0.0028379722,0.00037937367,-0.003513429,0.002609009,0.0020032316,-0.002709145,0.0026839587,0.00054453756,0.0016472363,-0.0014635562,-0.001304354,0.0032447556,-2.5486255e-05,-0.003313805,-0.0036774608,0.0011045053,0.0012877648,-0.0006455218,0.001676723,0.0015708861,0.0013820746,-0.0022173722,0.0013161193,0.0036623785,-0.00046906836,-0.0028324535,-0.0005628699,0.0032776603
BSH2%UPI000821B9AC,0.00028666476,-0.006619444,0.0039847987,0.0045568985,-0.0060914205,-0.0025397337,0.0023920871,0.002044334,0.0032232604,0.0026522116,0.00025487423,0.0045723966,-0.0061647026,0.0011588542,0.004982984,0.0018853627,-0.004361816,-0.002744714,0.002340723,0.0016362815,-0.006603332,0.0029138967,0.006475359,0.002029378,-0.0017486507,-0.00089185155,0.006162984,0.00067459716,0.0016538239
BSH2%UPI000821FD65,0.010920588,-0.010830402,0.01289984,0.009105973,-0.01035652,-0.005140637,0.006677652,0.01129294,0.012539364,0.0119477855,0.0079601165,0.011123562,-0.009804251,0.0042063417,0.008739617,-0.0017613586,-0.0073213796,-0.00269496,0.0063968156,0.0075600217,-0.01178762,0.009823836,0.009586411,0.0049168374,0.002574975,-0.00044139018,0.007879895,0.0038767236,0.009915195
BSH2%UPI0008221FCC,0.0016971101,-0.018286794,0.011736524,0.015300764,-0.017126992,-0.01256515,0.011483746,0.0068066185,0.008393588,0.010583742,-0.00030671002,0.015296634,-0.017590316,0.004733809,0.012545191,0.0044770497,-0.014774579,-0.00827067,0.0036979257,0.0026159277,-0.017416924,0.0059129484,0.012433061,0.004118389,-0.009837458,-0.0060440814,0.009399924,0.003274756,0.0013064897
BSH2%UPI0008222B5A,0.0006148975,0.0029996743,-0.0022763517,-0.0027338993,0.0025760517,0.0014297469,-0.0011137691,8.7099055e-05,-0.0028364966,0.000222702,-0.0054469933,-0.0028171998,0.0025171626,0.0031884492,-0.0027662623,3.5153524e-05,0.0022269476,0.001989435,-0.0007654122,-0.0010505589,0.0033484548,-0.001143908,-0.003803288,0.0009337743,-0.0011493489,-0.001477507,-0.0033395109,-0.0008854638,-0.0025898763
BSH2%UPI00082257EE,-0.0020164498,0.0173029,-0.010325588,-0.014233131,0.015398604,0.009776919,-0.008789752,-0.008469326,-0.010435718,-0.010470674,-0.0034079207,-0.013711062,0.015620446,-0.004517473,-0.014024589,-0.003954739,0.01299965,0.005836032,-0.0037418902,-0.0053243246,0.0164045,-0.005366209,-0.011999964,-0.0030751356,0.0063727926,0.0025448885,-0.0069238474,-0.003260303,-0.004332757
BSH2%UPI000822F9A5,0.00940656,-0.0137209855,0.013028082,0.012783616,-0.01332082,-0.009185999,0.010141815,0.010327607,0.0103633795,0.011511776,0.00769764,0.01345506,-0.013496545,0.0033764583,0.009485009,0.00061808695,-0.010380057,-0.004142097,0.0054377597,0.005916913,-0.013325313,0.008005183,0.00940555,0.006534743,-0.0028362612,-0.0038508745,0.008412847,0.0037401817,0.0062960726
BSH2%UPI0008230885,0.0075556166,0.00982274,0.0013930461,-0.007845196,0.00876371,0.009382801,-0.004743182,0.002234742,0.0037003555,0.000510986,0.0065883086,-0.004293092,0.010442486,-0.0030167794,-0.0053808037,-0.0068146824,0.008313683,0.0073037567,0.0024588995,0.0030087105,0.007440916,0.0044483794,-0.0033739908,-0.00055990467,0.013628624,0.007887287,-9.972383e-05,0.001584278,0.0064088847
BSH2%UPI00082332C0,-0.00665205,0.014676683,-0.013151909,-0.012799561,0.013556497,0.007315949,-0.010070562,-0.010221133,-0.012172327,-0.011329975,-0.0076196883,-0.014013174,0.013610644,-0.0020793201,-0.012202956,-0.00049640913,0.010831383,0.003958157,-0.004469897,-0.007235333,0.015235708,-0.009547024,-0.010910914,-0.003469896,0.0010147344,-0.00035431414,-0.0076839905,-0.004992046,-0.006893422
BSH2%UPI0008E59C2D,0.005314287,-0.0035768943,0.007027834,0.004006562,-0.0039200913,-0.0019191493,0.0030405978,0.004487618,0.0047411667,0.004957284,0.0012177787,0.0059339893,-0.0034238347,0.00129289,0.002833062,-0.0020135073,-0.0041319095,-0.0020820796,0.0017057125,0.0028157926,-0.004999642,0.0053478093,0.0042598043,0.002523969,0.0005623857,-0.0012921274,0.002691007,0.0006715251,0.0021946433
BSH2%UPI000960BD65,-0.00050894567,-0.011357969,0.006822109,0.009066483,-0.010415184,-0.0064829155,0.0053192275,0.004123385,0.0040255347,0.0056843692,-0.00039930028,0.009378115,-0.010602488,0.0002789508,0.008483075,0.0026785585,-0.008487622,-0.0037594298,0.0013649927,0.0018896437,-0.011544528,0.0047049113,0.009516143,0.003368502,-0.0042735687,-0.0017550804,0.0078716045,0.0015384731,0.0008145738
BSH2%UPI0009611255,-0.012979076,-0.0003793245,-0.0095158145,-0.0013420198,-0.0007612824,-0.002476545,-0.0028860453,-0.011491179,-0.012633338,-0.007898826,-0.01753149,-0.0046505793,-0.0019988767,0.0071485727,-0.003399494,0.007839794,-0.0029291576,-0.006697955,-0.004672782,-0.00962941,0.0012695761,-0.0064722314,-0.004802811,0.00070844375,-0.015204718,-0.008380131,-0.005158428,-0.006383984,-0.014339745
BSH2%UPI000961A2BF,-0.006974651,0.018089063,-0.013933527,-0.016282432,0.016702587,0.011863537,-0.0129024265,-0.012184606,-0.010632276,-0.014194476,-0.005982499,-0.015762491,0.017610306,-0.0036918572,-0.013339754,-0.0041726856,0.013504187,0.0034548736,-0.004110103,-0.0052543012,0.016985437,-0.008011528,-0.012350828,-0.006136002,0.006429061,0.002235151,-0.010635908,-0.0062718587,-0.0067291968
BSH2%UPI000965B48B,0.019173121,-0.026305618,0.028095353,0.023327861,-0.024356728,-0.012949822,0.01817155,0.023477945,0.025185864,0.0253235,0.015226432,0.026996233,-0.024049949,0.004977605,0.019897569,-0.0011676855,-0.018100983,-0.004408003,0.013015177,0.013031279,-0.028314011,0.020612536,0.022072297,0.010968446,0.0013076791,-0.0006658823,0.01897791,0.009549569,0.017074153
BSH2%UPI0009698BA7,-0.010901195,0.012864033,-0.015686821,-0.013149597,0.011538004,0.006638581,-0.011380918,-0.014466749,-0.017010057,-0.014251051,-0.015645115,-0.014288539,0.011156129,-6.022061e-05,-0.012679117,0.0005537562,0.007102454,-0.0020511774,-0.0072590415,-0.009213395,0.012636904,-0.009636782,-0.01149175,-0.0026573234,-0.0047555575,-0.00446545,-0.00997939,-0.008570408,-0.012544015
BSH2%UPI000B38AD3B,-0.0015845703,0.00020872068,0.0014938803,0.00044674275,0.00014502095,0.0020360583,-7.633645e-05,-0.0011699966,0.0033868842,-0.0012945776,0.0059702937,0.00014658344,0.0006012055,0.0006533994,0.0026703952,0.001744966,0.0023241849,0.0015314465,0.0036368154,0.00046057117,0.00041192264,0.0022503615,0.003030599,-0.0009368107,0.0032901836,0.004728593,0.0046906457,0.0014308278,0.0011785551
BSH2%UPI000B431D75,-0.00933386,-0.0023981475,-0.0032012097,0.00063237344,-0.0011391062,0.00012255562,-0.0008033921,-0.0040035187,0.000227947,-0.0034404623,0.0024923505,-0.0010861638,-0.0013660636,-0.0021046714,0.004240255,0.0048639965,0.0003173476,0.0009120243,2.835318e-06,-0.002081033,-0.0012456379,-0.003051573,0.003135873,-0.0042827954,-0.0013963591,0.003666251,0.0024054863,0.0015225793,-0.0023547662
BSH2%UPI000D1261F9,0.0056523406,-0.014116409,0.011843613,0.013578368,-0.013121278,-0.0095928535,0.011828298,0.009654052,0.010650949,0.011683593,0.0047638915,0.013332721,-0.013585887,0.0033929239,0.0108975945,0.0016056752,-0.01013906,-0.0025721842,0.0039164587,0.0040408946,-0.013228153,0.006802182,0.008909375,0.0029428517,-0.0041462644,-0.0019336801,0.0066486406,0.0049295537,0.0044510644
BSH2%UPI000D58F0CE,-0.0050671995,-0.0042444514,-0.001334325,0.0018947362,-0.0039120847,-0.0027311272,1.8213568e-05,-0.0031226757,-0.0018813371,-0.00086163473,-0.0048995586,0.0011557204,-0.004175336,0.0030231324,0.0015595806,0.003673237,-0.003972075,-0.0043365774,-0.00015566316,-0.00243482,-0.0036124222,-0.00049741776,0.0017104362,0.0011745882,-0.005751846,-0.003059795,0.0015674568,-0.001095552,-0.0034907209
BSH2%UPI000D6581CE,0.009772044,-0.0013195374,0.008914597,0.0031014753,-0.0014939192,-0.0001964512,0.00388138,0.007830663,0.007935184,0.0073699057,0.0048981165,0.005968287,-0.0007876557,-0.00013636214,0.0019762116,-0.0057235747,-0.0018406031,0.0016835093,0.0023880631,0.005311482,-0.0031793253,0.0068563716,0.0022820632,0.0016872134,0.0056959903,0.0020610504,0.0010016818,0.002207431,0.0061673503
BSH2%UPI000D7A6AEA,0.0036948314,-0.010378198,0.010374568,0.0107522765,-0.010488008,-0.007463089,0.010184407,0.005455634,0.007307615,0.0085068,-0.000104581966,0.011486016,-0.010737244,0.0056179785,0.007946273,0.00026594184,-0.0087829605,-0.0054260497,0.0045225658,0.0032493058,-0.009857576,0.0063400436,0.006694408,0.0019834044,-0.004579682,-0.003774808,0.005109621,0.0019740618,0.00039824686
BSH2%UPI000D7ABA35,-0.007838711,0.004189307,-0.00850636,-0.0052994974,0.0038565493,0.0017605502,-0.0058125467,-0.008583855,-0.009735017,-0.007251706,-0.011133629,-0.006695733,0.0033529855,0.0032330197,-0.0060001034,0.002979879,0.0018791843,-0.002129101,-0.0033525645,-0.0061872876,0.0044265697,-0.005029649,-0.0048333853,-0.0001486658,-0.0061719483,-0.0044350456,-0.0049319346,-0.005349792,-0.008135007
BSH2%UPI000D7ADB68,-0.016450915,0.00015633092,-0.010869262,-0.0012026204,-0.00031081226,-0.002844627,-0.003496314,-0.014336792,-0.0152840875,-0.011257562,-0.018742858,-0.00522615,-0.0018923214,0.004935065,-0.0029866763,0.008425298,-0.0030345682,-0.008498097,-0.005948457,-0.010473826,0.001611255,-0.009360885,-0.003778874,-0.0011490259,-0.017527245,-0.00972813,-0.005498313,-0.007937669,-0.018186744
BSH2%UPI000D7AF0AB,-0.00036782603,0.0007399622,-0.0005141681,-0.0005452536,0.000119091645,0.0002283305,-0.0005863923,-0.0016625412,-0.002753307,-0.0009051353,-0.0054291417,-0.00041107583,0.00023049861,0.0017774224,-0.0015787487,-0.00078374444,-0.00019075471,-0.0025184136,-0.00090502016,-0.00042658672,7.73499e-05,-0.00014572388,-0.00045533208,0.0012864694,-0.0017756687,-0.0031933936,-0.0009102501,-0.0025087604,-0.0023965405
BSH2%UPI000DF74F5E,-0.0011065229,0.0066615557,-0.0042346506,-0.006759886,0.0062976647,0.0047336617,-0.006483666,-0.003713234,-0.0027348262,-0.0055404394,0.0007659447,-0.005959751,0.006807193,-0.0032332041,-0.0044308454,-0.0017970367,0.005404046,0.0017098808,-0.00038615335,-0.0010660747,0.005787699,-0.0020984407,-0.0018333518,-0.0017028642,0.004900655,0.002029845,-0.0014641031,-0.0019867935,0.0002816896
BSH2%UPI000DF7AEC4,0.012840425,-0.015461259,0.018159702,0.014493885,-0.01524616,-0.008971213,0.012877111,0.013698037,0.014730405,0.016254544,0.0061587114,0.017028142,-0.01495349,0.0055561513,0.01146297,-0.0021031294,-0.011674686,-0.0049129385,0.0077906917,0.008140674,-0.016233206,0.012866608,0.012027341,0.0064956057,-7.02444e-05,-0.0030946406,0.010717099,0.0044773133,0.008353706
BSH2%UPI000DF86417,0.0043302896,-0.001889331,0.004904673,0.0012220952,-0.0024762147,-0.00013659328,0.0011235605,0.0024156377,0.0032606947,0.004052666,-0.0033006463,0.0037679297,-0.0020660982,0.0037549285,0.00019145098,-0.002755575,-0.002662023,-0.0028450103,0.0034175236,0.0018970161,-0.0038324236,0.005158346,0.002894728,0.0025051981,0.0004352938,-0.0028147174,0.0008004287,-0.0017473059,8.814016e-06
BSH2%UPI000E40484B,0.0030592156,0.0027503402,0.0009612301,-0.0008929772,0.0014552718,0.0018928169,-0.0005633703,-6.609913e-05,-0.0012085394,-0.0010948842,0.0017151828,-0.0005181122,0.0015067597,-4.1545132e-05,-0.0013823851,-0.0018253117,0.001616755,-0.000108951426,-0.00032185114,0.00011597873,0.0019740418,0.002134445,0.00058346416,0.0020227372,0.00203666,4.1356943e-05,0.0008586932,-0.0017436584,8.697205e-05
BSH2%UPI000E42566B,-0.003537537,0.00909984,-0.01050681,-0.010334084,0.008298694,0.0060917507,-0.010217406,-0.0076783644,-0.009675134,-0.00840398,-0.008962461,-0.009853981,0.008623963,-0.0013038298,-0.010425934,-0.0020033577,0.004020797,-0.0019600904,-0.0049123894,-0.004829356,0.0075542205,-0.0051271403,-0.008277847,0.00011625481,-0.00046534854,-0.0033337525,-0.008060837,-0.0062514073,-0.004090583
BSH2%UPI000E4418E2,0.0042167963,0.0073241866,0.0008706301,-0.004256847,0.006231928,0.0053409934,-0.0016082971,0.00070028054,0.0004977761,-0.00077576493,0.0025959178,-0.0025560965,0.0071313255,-0.0027732016,-0.0040541743,-0.004892348,0.0060270643,0.004429951,0.00034679766,0.0010949477,0.0056314496,0.0019699167,-0.001996794,-0.00073316967,0.007904117,0.0037868684,0.00021558505,0.00017008737,0.0016853145
BSH2%UPI000E466DA6,0.009438169,-0.014582639,0.0155282775,0.01365291,-0.014466334,-0.008871105,0.011962002,0.010983322,0.011219396,0.013554459,0.0014898936,0.0155326305,-0.014326424,0.00693926,0.010255941,-0.00041763476,-0.011855414,-0.0059266863,0.0058576297,0.006504035,-0.015032312,0.010680579,0.00924863,0.005756919,-0.0036484546,-0.00489333,0.0069889277,0.0025686107,0.0046206396
BSH2%UPI000E4BF981,0.007452162,0.007327712,0.0024506503,-0.0022831028,0.005699812,0.0042341813,0.0013167075,0.0030382774,0.0028295845,0.0014451508,0.008992145,-0.0013591334,0.0064397855,-0.002304675,-0.003064008,-0.004966721,0.0056315362,0.005511586,0.001185896,0.0022038124,0.0068172705,0.0024639368,-0.0044544325,-0.00046237223,0.008272389,0.005137452,-0.0003194741,0.0031525132,0.004830114
BSH2%UPI000E4E4D64,0.009390655,-0.007889455,0.009451749,0.0055720382,-0.0072505684,-0.003057464,0.00333073,0.008894799,0.009138264,0.0094715515,0.0044432115,0.007925382,-0.006945001,0.003355717,0.004743891,-0.0018427611,-0.0058796955,-0.0016600206,0.004947036,0.00564736,-0.00895914,0.007908126,0.006305198,0.0056078387,0.0021338419,-0.0015040898,0.005224277,0.0022071616,0.007937151
BSH2%UPI000E53BC4B,0.010248962,-0.026054882,0.023839839,0.024764182,-0.02507442,-0.016829532,0.020198872,0.015013465,0.016523557,0.019098599,0.0060142963,0.026075372,-0.025856674,0.004341352,0.01900119,0.00088270544,-0.019909225,-0.010066855,0.007896785,0.0076296534,-0.02619332,0.014977341,0.019811397,0.008003853,-0.007845907,-0.006903598,0.016765874,0.0052308487,0.005161396
BSH2%UPI000E53DAEE,0.021803236,-0.029122923,0.034513377,0.031648982,-0.028291387,-0.019787336,0.029188618,0.0272189,0.029587531,0.03125312,0.019028824,0.033974685,-0.028413795,0.007841588,0.025524534,-0.0019671808,-0.02125041,-0.0039825966,0.0136070475,0.015336318,-0.028251952,0.021598194,0.022074666,0.008406509,-0.0010717313,-0.00061709894,0.019143753,0.012677197,0.0153657235
BSH2%UPI000E7D8CB5,-0.006780986,0.012306883,-0.014454139,-0.013352786,0.011394921,0.0072258995,-0.012260407,-0.01105774,-0.014222971,-0.011614634,-0.013385194,-0.013929814,0.011289251,0.0019056208,-0.0128801195,0.0007104642,0.0073803486,-6.0170925e-05,-0.005573797,-0.0075734165,0.01220252,-0.0076746535,-0.010870475,-0.00022485307,-0.0021775193,-0.003650146,-0.009252575,-0.0070498707,-0.00764244
BSH2%UPI000E80FD85,0.002765431,-0.010762937,0.00778126,0.0085509755,-0.010083187,-0.006181708,0.0055342303,0.0046964795,0.004856889,0.0067317397,-0.0019590785,0.009464311,-0.010224032,0.004521575,0.0063071875,0.0009251501,-0.008803573,-0.0051886872,0.0016984806,0.0024166624,-0.011942811,0.0065347995,0.0071610087,0.0049512954,-0.0046828445,-0.0046226415,0.004203251,-9.04063e-05,0.00091362686
BSH2%UPI000E8B2418,0.003600688,0.007310893,-0.0005138641,-0.0043319617,0.006485332,0.0035673296,-0.00094139035,0.00023358906,0.00036930785,-0.0009765634,0.0013818438,-0.0032472406,0.006845464,-0.002464673,-0.004173798,-0.005202288,0.0050238585,0.0030250729,4.7500638e-05,0.0012740226,0.006951894,-0.0014497238,-0.004539718,-0.002970024,0.0054870355,0.0018009066,-0.0037788078,-0.00015687874,0.0011667677
BSH2%UPI000E8E16B0,-0.011807411,0.00901637,-0.011784098,-0.008390619,0.008162246,0.003310112,-0.0072072814,-0.0139094535,-0.012510559,-0.013236853,-0.012885417,-0.01026498,0.007488439,0.0012376823,-0.00836748,0.0022079279,0.0048744963,-0.0036581673,-0.0045448495,-0.008451916,0.009560498,-0.00953362,-0.007955612,-0.0055330787,-0.0064563607,-0.0045661004,-0.008585439,-0.007206823,-0.012735073
BSH2%UPI000E91045C,-0.0034861162,0.0039494843,-0.0036881962,-0.0036587024,0.0030166733,0.002967449,-0.0037288892,-0.005188618,-0.003712339,-0.0046688654,-0.0047689937,-0.0038831278,0.0037148306,0.0026070178,-0.0028506904,0.000800769,0.0027312962,-0.0017540838,4.4098095e-05,-0.0023078835,0.003781943,-0.0016416449,-0.00244764,-0.00019720143,-0.0007207175,-0.001169659,-0.0013825637,-0.0030166986,-0.004591669
BSH2%UPI000EC98B2C,-0.0034284815,0.009658797,-0.009012811,-0.009429173,0.009212009,0.004946179,-0.00734755,-0.006604206,-0.009294432,-0.0073958193,-0.0066186204,-0.0094496,0.008950849,-0.0025065478,-0.010599016,-0.0013765909,0.0068680407,0.002133928,-0.003362374,-0.005681276,0.009088699,-0.0055897813,-0.008812211,-0.0009611977,0.00031443354,-0.0017812209,-0.006232099,-0.0039172457,-0.0044190376
BSH2%UPI000ECC9F84,-0.013339562,0.0038801285,-0.012914337,-0.007066043,0.0042602927,0.0008480784,-0.0077898013,-0.011911635,-0.014155402,-0.009907041,-0.014398788,-0.0079929875,0.0036850031,-0.0021458818,-0.006799724,0.003058954,0.0011994678,-0.002149322,-0.0074144807,-0.008433601,0.004171195,-0.0068440125,-0.0050359573,-0.000115634415,-0.00591416,-0.0042029605,-0.0041171745,-0.0063969786,-0.010959475
BSH2%UPI000EE4CDBB,-0.00849788,-0.0004457352,-0.0057674134,-0.001174615,-0.00015495153,-0.00080802187,-0.0032291887,-0.007031885,-0.0060256463,-0.004995048,-0.0076468545,-0.0031239337,-0.00073333806,0.0029113332,-0.0014552394,0.004465588,-0.0007042813,-0.0027316657,-0.0020032052,-0.00434034,0.0004997264,-0.0032053024,-0.0009569968,0.0005726674,-0.005748357,-0.0024343398,-0.000489396,-0.0025371336,-0.005699841
BSH3%UPI000156F498,0.018765433,-0.012313224,0.019916592,0.015712919,-0.012950266,-0.0077883415,0.016444448,0.018594261,0.01866703,0.01992489,0.013749629,0.018042661,-0.011720562,0.0044799056,0.012772935,-0.0050361305,-0.009264738,0.0008423081,0.0075032907,0.011468644,-0.012227243,0.012855129,0.007979448,0.0052939653,0.0044301446,0.0008801307,0.0067190574,0.0070552956,0.011492705
BSH3%UPI00016547A5,-0.020915655,0.038360897,-0.036191918,-0.036207963,0.036447402,0.022433454,-0.03084106,-0.029463459,-0.03135821,-0.03481005,-0.019176263,-0.038734656,0.036461867,-0.0070037935,-0.030303739,-0.0016111538,0.027785648,0.006632846,-0.014197452,-0.014914852,0.03790269,-0.025237082,-0.02741962,-0.012891539,0.0037546093,0.0016161065,-0.026680352,-0.014188966,-0.017825319
BSH3%UPI00017EF3F1,-0.0053578173,0.0066522495,-0.010177611,-0.0066836653,0.006214307,0.0033498798,-0.006629345,-0.007169513,-0.007920979,-0.008453141,-0.0025235915,-0.007832778,0.0062777298,-0.0048496816,-0.0060798484,-4.7868805e-05,0.002875366,-0.00089196215,-0.0053853025,-0.004511768,0.006631177,-0.0076499917,-0.007870141,-0.0027780174,-0.0019601947,-0.0014084295,-0.00829032,-0.004323014,-0.0055830954
BSH3%UPI0001A5F983,0.006251725,-0.017231135,0.014001882,0.015158712,-0.016387623,-0.010743363,0.011466575,0.009443517,0.0118275955,0.0124927405,0.005358608,0.015810044,-0.016701879,0.005922592,0.012111974,0.0025309569,-0.013481286,-0.0062989905,0.0062084543,0.0050851423,-0.016736858,0.010257561,0.011248087,0.0059924023,-0.00482662,-0.00306823,0.009927169,0.004300761,0.0052484446
BSH3%UPI0002132A6C,0.009684071,-0.019089125,0.019423665,0.01929142,-0.017929655,-0.011310232,0.016633848,0.014214946,0.019105878,0.016966047,0.014573188,0.019888757,-0.018077634,0.00356142,0.016886245,0.0013851901,-0.012916459,-0.0034724495,0.009558315,0.008077376,-0.017869335,0.011768315,0.014370574,0.0038103983,-0.0013444792,0.0011984183,0.013183665,0.008206186,0.008912082
BSH3%UPI000238BE2F,0.007009077,-0.004979451,0.008702574,0.006612445,-0.00546101,-0.0034096206,0.0061377133,0.0057200748,0.006926402,0.0068383156,0.003946187,0.0077339844,-0.0051956587,0.0013347119,0.0039996384,-0.002688795,-0.004587931,-0.0024340982,0.0030404606,0.0033649444,-0.005597529,0.0062167533,0.004425477,0.0025287569,0.0010024046,-0.0011426918,0.0040968964,0.0018929897,0.0037841017
BSH3%UPI00033CE23D,-0.0047859107,0.01211902,-0.010813478,-0.010996383,0.0112953475,0.0071842675,-0.01027837,-0.008808481,-0.009412985,-0.009705356,-0.0066341013,-0.011655638,0.011333909,-0.00020610953,-0.010077709,-0.0012055137,0.0076809847,0.0006548602,-0.0030153694,-0.004060552,0.011850667,-0.007458471,-0.009033434,-0.002300401,0.00032541197,-0.00092353934,-0.008649914,-0.0045816856,-0.005389372
BSH3%UPI00035F5DCE,0.0052469657,-0.013384125,0.0108437715,0.011026744,-0.012141209,-0.008166317,0.00845703,0.008753456,0.009075894,0.00976176,0.005059524,0.010884701,-0.012686074,0.0052172733,0.009805987,0.0030026482,-0.008988059,-0.0037111985,0.0051267403,0.0055983816,-0.012362795,0.0062295627,0.0089117745,0.004081541,-0.0036874793,-0.0020402975,0.0070860833,0.004627569,0.006600105
BSH3%UPI0004DA32C0,0.009104253,-0.0071907425,0.008489038,0.007824979,-0.007111963,-0.004577085,0.0063958857,0.008941577,0.009052075,0.008513611,0.009888116,0.009098746,-0.0066255783,-0.002690247,0.006390366,-0.0024165323,-0.0073545817,-0.0014677468,0.0016030888,0.005742302,-0.0077692033,0.0047543542,0.0044851857,0.00244607,0.0010941245,6.016279e-05,0.001276019,0.0028586162,0.0061613903
BSH3%UPI0005420AB0,-0.007954343,0.0034653144,-0.00755059,-0.004445221,0.0033216015,0.0028144657,-0.0053723566,-0.0077973963,-0.00564537,-0.0072624157,-0.0050090356,-0.0060823453,0.0032701131,0.0017166643,-0.0033173757,0.0033371798,0.0025231063,-0.0015981713,-0.0008763875,-0.0044836756,0.00410204,-0.004144101,-0.0037585057,-0.0014548036,-0.0029997914,-0.00027826818,-0.0021112855,-0.0023906413,-0.0052028173
BSH3%UPI00080CB216,-0.0018475184,-0.0022118883,-0.00350839,-0.001510428,-0.0005776571,-0.0005337738,-0.002682583,3.0907863e-06,-0.0010743206,-0.00064861996,0.0007600962,-0.0018333346,-0.0011238548,-0.0024471777,-0.00090843946,0.0021963532,-0.0021920477,0.0005058833,-0.0018863349,-0.0009373781,-0.0023262266,-0.0019145453,-0.0021869666,0.00075872836,-0.0021662004,-0.0007454953,-0.0038200163,0.00048038864,0.0017986267
BSH3%UPI000CF406F5,-0.011578045,0.0038605195,-0.0104131745,-0.00604997,0.0038831418,0.0016452122,-0.0069126165,-0.011019224,-0.012254262,-0.009500253,-0.0141815655,-0.0072645075,0.0031781355,0.0010336037,-0.005582127,0.0033808702,0.0019211373,-0.0028384274,-0.0048257033,-0.0071627116,0.0040389122,-0.0061088307,-0.0044476376,-0.00020093203,-0.0066483356,-0.0047925073,-0.0037852852,-0.0063781277,-0.011312352
BSH3%UPI000E4DFA31,-0.008487168,0.010029277,-0.010711325,-0.009502485,0.0100327935,0.0054591475,-0.006980312,-0.008588431,-0.008025336,-0.011872872,-0.0027650904,-0.011167532,0.009582023,-0.0054578376,-0.0067451443,0.0008462218,0.008546929,0.0022976343,-0.0043810224,-0.0046473257,0.010941066,-0.009228993,-0.00672353,-0.008022665,0.0013927547,0.0027793855,-0.0063926806,-0.0016691843,-0.0039631133
BSH3%UPI000E555DC1,0.0056502353,-0.004802988,0.0066715493,0.0055783214,-0.005165558,-0.003580992,0.005395113,0.005588542,0.0050186627,0.006853351,-0.00010253955,0.007148828,-0.004671776,0.00255914,0.0033175384,-0.0023352099,-0.004855004,-0.0022426096,0.0020078775,0.0023774991,-0.005252701,0.0045243828,0.0020006828,0.0022319609,-0.0009022325,-0.002438002,0.0007391432,0.0003011009,0.00069437624
BSH3%UPI000ED2B3A0,-0.007502096,0.0076429737,-0.010750988,-0.008362234,0.0071475394,0.0039051387,-0.007764416,-0.010126203,-0.011683314,-0.009934077,-0.0095859505,-0.009875131,0.0063990103,-0.00065038964,-0.0084827915,0.0010068691,0.0043796822,-0.001987122,-0.0039828876,-0.0063954866,0.0076959725,-0.007485656,-0.007039296,-0.0014434579,-0.0046266373,-0.0040966077,-0.0058449763,-0.005461372,-0.008033255
BSH3%UPI000EF23C17,0.017607402,-0.009472564,0.018548531,0.009879499,-0.009505577,-0.0040719863,0.010384148,0.015761752,0.017339205,0.01600934,0.013177965,0.01385374,-0.008505295,0.0016445827,0.008555845,-0.0057280315,-0.005938939,0.0011113037,0.009548907,0.010216901,-0.0108605875,0.013564216,0.0099194525,0.0052621155,0.0078288615,0.0023406642,0.010102076,0.006469557,0.013206596
BSH4%UPI0001653940,-0.0036951161,-0.0077149277,0.0021444003,0.006154946,-0.006873807,-0.0062440457,0.004961113,0.0012948293,0.0012824112,0.0024814683,-0.0019396226,0.004303022,-0.007943934,0.0025430003,0.0059879525,0.0049003414,-0.005117806,-0.0023844293,0.00016276698,8.351871e-06,-0.0060115824,-0.00054939644,0.0045623314,-0.0003595146,-0.0065865363,-0.0013165004,0.0031841947,0.0020698376,-0.0007435414
BSH4%UPI00033C4A83,-0.005133881,0.0006627742,-0.0028717432,-0.0036442876,0.0012101678,0.0034178975,-0.0053544105,-0.004614941,-0.00016067475,-0.004148121,0.0007175587,-0.0029542379,0.0017480511,-0.00074548146,-0.00020588003,0.0018140285,0.0014577355,-0.0012995858,0.00022631849,-0.001204996,-0.00012814767,0.0005521007,0.0017497079,-0.0012355271,0.002515913,0.0029384044,0.0017277072,-0.0011974777,-7.943546e-05
BSH4%UPI000463D8BF,-0.0031300709,0.0045602876,-0.00064935995,-0.0014500559,0.004026824,0.0026137321,0.00013924231,-0.002228946,0.0010096867,-0.0036972018,0.0062713814,-0.0026606622,0.0041361437,-0.0042912755,0.0015164737,0.00052560365,0.0054119355,0.0037340627,0.001152979,0.0002536591,0.0053306627,-0.0028758785,0.0014217539,-0.0058391495,0.0043106778,0.0061493176,0.002910666,0.002759906,0.00021773849
BSH4%UPI0006BEFACE,-0.008493983,0.017068077,-0.014212553,-0.014237579,0.015754532,0.0104591325,-0.011730289,-0.012281635,-0.011841055,-0.014142604,-0.003753407,-0.015279143,0.016211035,-0.0050411583,-0.012023423,-2.8310877e-05,0.012172813,0.005020055,-0.0058825673,-0.0070425044,0.016733013,-0.008931191,-0.0111340955,-0.0052732276,0.003448994,0.004238037,-0.008347239,-0.003929109,-0.0067433827
BSH4%UPI000822CCAE,-0.014836436,0.022494871,-0.022679415,-0.021147488,0.021671403,0.014083083,-0.018911835,-0.01742442,-0.018595975,-0.0218457,-0.008517695,-0.024018932,0.02159815,-0.0073041,-0.015765887,0.00084546977,0.017524464,0.005797375,-0.009012943,-0.008531255,0.022348009,-0.017661864,-0.014252689,-0.009408583,0.0024064523,0.0031712886,-0.013221584,-0.0066216923,-0.009176695
BSH4%UPI000B375707,-0.001770833,-0.010727961,0.0072957175,0.01042201,-0.010335042,-0.0074710934,0.0071015116,0.001858502,0.006763092,0.0043159835,0.003470575,0.009418731,-0.010542891,0.0031762784,0.009330216,0.0035278795,-0.006943655,-0.005099367,0.0051512592,0.0006587325,-0.009870628,0.0036956964,0.009308751,0.00091506494,-0.004322158,-0.0014228671,0.009575603,0.0017900276,-0.00041061186
BSH4%UPI000D27EFA9,-0.007917511,0.0111550065,-0.011115867,-0.011394866,0.01110014,0.00898127,-0.011269169,-0.008823554,-0.0071878163,-0.010650896,-0.0016461312,-0.011698637,0.011618057,-0.004765151,-0.006951917,-0.00027625266,0.009817112,0.005327471,-0.0027874536,-0.0035532252,0.010225572,-0.006201854,-0.005057371,-0.0039190697,0.0056336075,0.004223706,-0.0043194727,-0.0034934569,-0.003629248
BSH4%UPI000E54B9B5,-0.00094078406,-0.01188289,0.005499857,0.008688113,-0.011157069,-0.006700517,0.0050393688,0.0019158517,0.0030796933,0.004507906,-0.0029389514,0.008008686,-0.011627037,0.005691248,0.006976411,0.004308663,-0.00912478,-0.007223832,0.0022902414,7.56484e-05,-0.011531638,0.0044101654,0.0074308743,0.004282971,-0.007706357,-0.005342217,0.0055608274,-0.00017844475,-0.00038757364
BaiA%QinJ_2012__T2D-016__bin_41_fa_BDDCEIPF_01842__3alpha-hydroxy_bile_acid-CoA-ester_3-dehydrogenase_2,0.005787155,0.0023717633,0.0071942005,0.0024005584,0.0018337413,0.003243469,0.0039537307,0.0072132926,0.009171376,0.0051708864,0.01066156,0.0030531827,0.0031803558,-0.0014065811,0.0052932478,-0.0026210283,0.003973651,0.00723261,0.0034949062,0.00692572,0.0018954611,0.0032382635,0.0034275968,-0.0039886297,0.009639484,0.010037443,0.0035754475,0.0057122344,0.0077979346
BaiA%SRR3992974_bin_8_EOPEKEED_01051__3-oxoacyl-_acyl-carrier-protein__reductase_FabG,0.013238166,-0.017169824,0.018027343,0.015059911,-0.016489116,-0.008825995,0.011700755,0.014884886,0.0146444915,0.017476825,0.004936817,0.018253239,-0.016035262,0.0045441855,0.012312203,-0.0022815815,-0.014157142,-0.0058703697,0.006564013,0.008158918,-0.018856982,0.01362948,0.0135219935,0.007956748,-0.0012164126,-0.003378521,0.010359777,0.0040308307,0.009164356
BaiA%SRR5558193_bin_68_NNEAJJHP_00384__3alpha-hydroxy_bile_acid-CoA-ester_3-dehydrogenase_2,-0.0060169566,-0.007896592,6.725337e-05,0.004847219,-0.006904459,-0.005206732,0.0026730876,-0.0012231735,-0.0020659887,0.0018707603,-0.006160749,0.0044908877,-0.007457289,0.0004987607,0.0042394116,0.003306438,-0.0063940464,-0.0030677076,-0.0017546015,-0.0021047315,-0.007549724,0.0012956479,0.0046217665,0.0024869472,-0.0057494217,-0.0031204522,0.0042053442,-0.0007977808,-0.0040781116
BaiA%bai_cluster_2%midas_uncultured_Eubacterium_73696%uncultured_Eubacterium_73696|FMDW01000013_861,0.0005465846,0.011780869,-0.0061854557,-0.009181996,0.0103951255,0.008112945,-0.0064673447,-0.0036777952,-0.0047199526,-0.0062742345,-0.00045455596,-0.009084128,0.011341786,-0.0017591764,-0.00741018,-0.0040603112,0.009999014,0.005291886,-0.0025608176,-0.0012208733,0.010874987,-0.0026511175,-0.0069853584,-0.0022730227,0.0070472355,0.0031451345,-0.005431412,-0.002598348,-0.00083975546
BaiA%bai_cluster_3%midas_Clostridium_hylemonae_61789%Clostridium_hylemonae_61789|NZ_GG657759_1098,0.003886079,-0.0006383258,0.0070225857,0.0040892614,-0.0007515254,0.0007607335,0.004515553,0.0064381,0.008198185,0.0050612134,0.008025589,0.004338553,0.0001402664,0.00018974366,0.006395477,-0.00094361336,0.0015845888,0.004568744,0.0028890744,0.0060940445,-0.0005490669,0.002663393,0.004896916,-0.0033752068,0.0062541985,0.007625356,0.004144399,0.004886275,0.006401024
BaiB%CosteaPI_2017__SID713A038-11-90-0__bin_26_fa_FGHNBBEK_00429__Bile_acid-coenzyme_A_ligase,0.0047281934,-0.019844322,0.013349691,0.018704139,-0.018510371,-0.016115343,0.018132007,0.011110505,0.008849566,0.015342468,0.0018980084,0.017855642,-0.020062027,0.0045561944,0.01350829,0.0030445033,-0.014247774,-0.004084472,0.0028621585,0.0033242377,-0.016752344,0.0082269525,0.009729067,0.0054270066,-0.007953273,-0.004582811,0.0100415,0.005709089,0.0022665712
BaiB%Obregon-TitoAJ_2015__NO11__bin_28_fa_ODBMCAMJ_01958__Bile_acid-coenzyme_A_ligase,-0.0048782057,0.008545175,-0.0063178213,-0.007678373,0.008676882,0.007137875,-0.0062678843,-0.005276818,-0.0010342041,-0.006648345,0.004296301,-0.008656435,0.009012111,-0.0032177782,-0.003716684,0.0009365507,0.008902827,0.0060959607,0.0008669433,-0.0024955287,0.009095189,-0.0054380465,-0.0034882445,-0.0058169733,0.0048365938,0.006122086,-0.0016119528,0.0011638587,-1.2775468e-05
BaiB%SRR2992899_bin_23_LIJELFFN_00493__Bile_acid-coenzyme_A_ligase,-0.008827173,-0.0011000161,-0.0067220116,-0.0019429103,-0.0003537021,-0.0016644035,-0.0031516145,-0.0067312405,-0.0072178305,-0.0042122807,-0.009250571,-0.0024241148,-0.0008086046,0.00010056493,-0.0022622608,0.0027146225,-0.0014981813,-0.001847702,-0.0035195183,-0.004854121,-0.0004691534,-0.0023523602,-0.0013191863,0.001286548,-0.004052363,-0.0030858654,-0.00043909918,-0.0037253255,-0.0064552766
BaiB%WP_286151641_1_bile_acid--CoA_ligase_BaiB__Sporofaciens_musculi_,0.0019763517,0.00028839606,0.0023496305,-0.0004264888,0.0005318116,0.0024638113,-0.0002881165,0.0020556408,0.0046758894,0.0017631369,0.0052594547,0.00032016213,0.0010513839,-0.00040308322,0.0017603477,-0.00089682126,0.0019175194,0.0028283573,0.0029068752,0.0021533193,-0.00012558082,0.0015943369,0.0021434324,-0.0009958927,0.0040286668,0.0032805956,0.0017617382,0.0022706275,0.003632287
BaiB%bai_cluster_10%midas_Lachnoclostridium_nov_76594%Lachnoclostridium_nov_76594|ERS138182_8080_1_84_3_3065,0.002970174,0.003077207,0.004219764,0.0008362157,0.002890311,0.0033713668,0.001698379,0.0051128133,0.006082009,0.0029676163,0.007909159,0.0010884103,0.0038424695,-0.0016859503,0.0038431115,-0.0016391271,0.004315928,0.0068264683,0.0017205253,0.0053016176,0.0027209532,0.0011957036,0.0026040885,-0.0039354023,0.007849486,0.008972556,0.0018541829,0.0045113843,0.005745873
BaiB%bai_cluster_2%midas_uncultured_Eubacterium_73696%uncultured_Eubacterium_73696|FMDW01000013_871,-0.0072345887,0.018301703,-0.014635321,-0.015583737,0.01686313,0.011466796,-0.012391456,-0.011368531,-0.012648004,-0.013511125,-0.0071960585,-0.016099174,0.017695177,-0.00346627,-0.012816079,-0.0030848854,0.014067565,0.0059093065,-0.0063679046,-0.0056880917,0.017457942,-0.008575924,-0.011747619,-0.005157156,0.005836659,0.0030465703,-0.00999814,-0.0060835807,-0.007094795
BaiCD%HIT29267_1_FAD-dependent_oxidoreductase__Candidatus_Scatomorpha_stercoravium_,-0.012204539,0.008699917,-0.013920957,-0.009386034,0.008277751,0.004601829,-0.00947428,-0.013066999,-0.011015212,-0.01311839,-0.00905946,-0.012397759,0.007873458,0.00080253487,-0.008321649,0.004080061,0.0057943542,-0.0019621197,-0.00384164,-0.009494203,0.009739915,-0.010821602,-0.008724963,-0.0052632215,-0.006173981,-0.0028376621,-0.0077706794,-0.005504938,-0.009601859
BaiCD%MCI8583944_1_FAD-dependent_oxidoreductase__Dorea_sp__,0.008549265,-0.014800963,0.017229432,0.015860155,-0.014572185,-0.007833416,0.013617387,0.012634846,0.016320886,0.014650477,0.010673449,0.0163,-0.014109574,0.006599815,0.015478405,0.0016860545,-0.009054751,-0.0013789707,0.008849915,0.007995106,-0.014147814,0.011126847,0.013756421,0.003145141,0.00022568209,0.002115989,0.0127309095,0.007079687,0.007933793
BaiCD%MEI3381486_1_FAD-dependent_oxidoreductase__Dorea_sp__,-0.013164261,0.024618423,-0.023204017,-0.022593534,0.023144584,0.015537359,-0.018732455,-0.018070797,-0.01981895,-0.02130996,-0.01005332,-0.024100335,0.0237563,-0.0073370277,-0.018457843,-0.00220569,0.019123936,0.007446574,-0.009874745,-0.01047025,0.023969533,-0.014815163,-0.016388824,-0.0076244106,0.005304543,0.0031499786,-0.013488736,-0.008372214,-0.011326872
BaiCD%RaymondF_2016__P21E7__bin_22_fa_DDJCLBHB_00368__NADH_oxidase,-0.0131453145,0.0055245133,-0.013216092,-0.007598955,0.0057618604,0.0019389557,-0.007745104,-0.012989164,-0.012797846,-0.011587225,-0.011870184,-0.009605124,0.004906322,-0.0009870509,-0.007863494,0.0035185025,0.0032160322,-0.0025626982,-0.005387057,-0.009851972,0.0065662917,-0.008729784,-0.0069896723,-0.0022964305,-0.0068690036,-0.004760134,-0.005731323,-0.006162496,-0.011723447
BaiCD%SRR5580120_bin_52_JEIALLOE_00740__Metal_reductase,-0.0090793,0.005644476,-0.011134173,-0.007887233,0.005705063,0.0048121237,-0.008883822,-0.009252899,-0.010643274,-0.010103342,-0.008710847,-0.0092157945,0.0054778964,-0.0013283038,-0.0064944453,0.0027862922,0.0033724084,-0.00093490514,-0.0055012894,-0.0070407735,0.005024768,-0.0053737527,-0.005879501,-0.0010193782,-0.0038775848,-0.0018078446,-0.0061262995,-0.005302997,-0.007431952
BaiCD%XieH_2016__YSZC12003_35390__bin_5_fa_PIKIEFGP_00577__NADH_oxidase,-0.0047784755,0.0049096276,-0.0052986844,-0.004798358,0.0056732534,0.002981437,-0.0024347217,-0.0027924518,-0.0021828904,-0.004160322,0.00045475992,-0.0064055114,0.005117329,-0.0024732233,-0.0024766903,0.0015416715,0.00650653,0.005358329,-0.0005671849,-0.001368332,0.0064879037,-0.0058014356,-0.0031708432,-0.0050222254,0.002167861,0.0034248135,-0.0020877153,0.0021827545,0.00029410125
BaiCD%bai_cluster_1%midas_Clostridium_hiranonis_61655%Clostridium_hiranonis_61655|NZ_DS995354_290,0.0038860033,-0.0025745698,0.008394042,0.006040828,-0.0024454321,-0.00095354824,0.0065541947,0.007639958,0.009267717,0.0067765904,0.007988939,0.006234575,-0.0017372742,-0.00046054937,0.007857297,-0.0009805469,5.0543687e-05,0.004687203,0.002947848,0.006163736,-0.0022943742,0.0029597261,0.005533008,-0.003511728,0.0052252114,0.0072600655,0.004626393,0.005673322,0.0063070976
BaiCD%bai_cluster_10%midas_Lachnoclostridium_nov_76594%Lachnoclostridium_nov_76594|ERS138182_8080_1_84_3_3076,0.0022274167,0.0029961523,0.004467367,0.0009016335,0.0027581265,0.003517003,0.0017739512,0.004502893,0.0060654003,0.0022670636,0.008234101,0.0013056578,0.0037600677,-0.0030414863,0.004259923,-0.0016040484,0.0044687716,0.00670131,0.0017575757,0.0048522158,0.0023912601,0.0011364437,0.0036721518,-0.004422974,0.008158816,0.009358422,0.0031720577,0.0042887367,0.0052623665
BaiE%FengQ_2015__SID531416__bin_49_fa_CEDOFBAM_00064__Bile_acid_7-alpha_dehydratase,-0.0025224886,0.010237366,-0.00541347,-0.0077466588,0.009726408,0.0074546724,-0.005638293,-0.0028765134,-0.0014422694,-0.005289414,0.0025853617,-0.008023882,0.0106269475,-0.003235781,-0.0039691664,-0.0010703686,0.009044219,0.0061145364,-0.0011793796,-0.00035004207,0.010376572,-0.0054844986,-0.005103722,-0.006278459,0.0061487197,0.0069575403,-0.0038680325,0.0011088052,0.0004993974
BaiE%LiJ_2017__H3M515915__bin_8_fa_COLEEGFP_01274__Bile_acid_7-alpha_dehydratase,-0.004514069,-0.006750124,-0.0010442134,0.0031685585,-0.0058533316,-0.0054835267,0.0016220292,-0.0012102008,-0.0039113024,0.0022438448,-0.0094774505,0.0036397865,-0.0063705463,0.000444788,0.0014836325,0.0017082143,-0.0063380403,-0.0035672889,-0.00305151,-0.0025960125,-0.0066393544,0.0007018327,0.002703701,0.0036438378,-0.0059555457,-0.005153045,0.0025354794,-0.0019475279,-0.0043137055
BaiE%MCI8938768_1_nuclear_transport_factor_2_family_protein__Dorea_sp__,-0.010223104,0.0023223776,-0.008930686,-0.004394958,0.0028943347,0.00018693952,-0.0045895395,-0.007992405,-0.008799623,-0.0063049938,-0.008724072,-0.0053982623,0.0024631282,-0.0024753576,-0.0035867586,0.0024354588,0.001499781,0.0003478801,-0.0046785087,-0.0056635253,0.0029788997,-0.005913614,-0.0026570917,-0.0017628097,-0.0039229994,-0.002035314,-0.0024482515,-0.0032832539,-0.007676205
BaiE%bai_cluster_2%midas_uncultured_Eubacterium_73696%uncultured_Eubacterium_73696|FMDW01000013_166,0.005571649,0.0034448334,0.0032946018,-0.0005988179,0.00212442,0.0022730983,0.0013586825,0.0028651832,0.002013921,0.0016797787,0.0015418715,0.00053734257,0.0030910817,0.0014246299,-0.00047181576,-0.0040828874,0.0032757109,0.00202092,0.0010421743,0.0026063763,0.002553395,0.0024942434,-0.00066702696,-0.00037659716,0.004782088,0.00083697407,-0.0007898204,-0.00043598894,0.0009701342
BaiE%fig|1950888_3_peg_203|__Bile_acid_7-alpha_dehydratase_(EC_4_2_1_106)_(BA7_alpha_dehydratase)_(Bile_acid-inducible_operon_protein_E)____Clostridiales_bacterium_UBA4701_|_1950888_3_,-0.010268342,0.0030610475,-0.010756696,-0.0058448184,0.003507075,0.00072706596,-0.006255356,-0.008856125,-0.011708395,-0.0074474807,-0.0119593665,-0.0063794125,0.0031288755,-0.0021995788,-0.0056301244,0.0015594069,0.0017087507,-0.0006268029,-0.0067543257,-0.006441084,0.003241104,-0.0052691144,-0.0040400233,0.0003143662,-0.003493505,-0.0033735153,-0.0034667593,-0.005541676,-0.008571375
BaiF%ERR688512_bin_36_KMFCMBJN_00514__Bile_acid-CoA_transferase,0.0036546276,-0.005108105,0.009576129,0.007883007,-0.00482201,-0.0017797219,0.006978488,0.007832828,0.010418188,0.006818595,0.009613901,0.007633073,-0.004128842,0.0012819659,0.009903187,0.00085040944,-0.0012660718,0.0034133124,0.0043903175,0.0070662266,-0.0047719628,0.004376271,0.007809088,-0.0021301373,0.0042789243,0.0073055066,0.0067006843,0.0061455034,0.0067221955
BaiF%KarlssonFH_2013__S54__bin_27_fa_BBGPADBL_00031__Bile_acid-CoA_transferase,-0.009502635,0.0077657024,-0.0113483975,-0.007740723,0.0067788167,0.0030957123,-0.00742065,-0.010382385,-0.0134624755,-0.009776222,-0.014535798,-0.009356688,0.006470703,0.0027754905,-0.007609567,0.0027015116,0.0037592216,-0.002234859,-0.005808558,-0.0069287904,0.008044204,-0.0074883015,-0.0083054975,-0.0012505099,-0.0068267863,-0.0045069708,-0.0081057185,-0.006615376,-0.011508512
BaiF%LiJ_2014__MH0358__bin_56_fa_NPCPOAJM_00305__Bile_acid-CoA_transferase,-0.013684549,0.023329582,-0.023016877,-0.02224965,0.022587357,0.014850774,-0.017807335,-0.017291812,-0.018427998,-0.019686867,-0.008740569,-0.02358675,0.022888208,-0.008417256,-0.017847374,-0.002178221,0.018902684,0.009232833,-0.009235061,-0.0098281875,0.023114435,-0.014272284,-0.016049005,-0.007928918,0.0066692783,0.0047231065,-0.012261106,-0.0065497323,-0.0094059445
BaiF%LiJ_2014__V1_FI37__bin_39_fa_IHFOFLIJ_00762__L-carnitine_CoA-transferase,-0.009984166,0.0024503886,-0.009957717,-0.004941656,0.0027391743,0.00019437615,-0.005139668,-0.008265124,-0.011656083,-0.0062783146,-0.012853341,-0.0057705585,0.0020877088,-0.0020277514,-0.005125651,0.0018579679,0.00045596674,-0.0012697929,-0.0065327003,-0.0067109424,0.0025432527,-0.005501091,-0.0036221086,0.00012275485,-0.005146903,-0.004059545,-0.0030114106,-0.0048876433,-0.008535669
BaiF%Obregon-TitoAJ_2015__NO11__bin_28_fa_ODBMCAMJ_01956__Bile_acid-CoA_transferase,-0.0037871667,0.00869475,-0.0058268295,-0.0072558885,0.008550461,0.007202748,-0.0057134717,-0.0049574464,-0.001233522,-0.006316524,0.0040162094,-0.008082738,0.009079601,-0.0034926692,-0.0039036889,-0.0003423999,0.008459368,0.0058957012,-0.00017642522,-0.0017985593,0.008877538,-0.0049957666,-0.004096609,-0.005301041,0.0051054764,0.0054580807,-0.0027351314,0.0006771827,-0.00021887796
BaiF%RaymondF_2016__P21E7__bin_22_fa_DDJCLBHB_00373__Bile_acid-CoA_transferase,-0.015070724,0.018177645,-0.018911032,-0.016595377,0.016958375,0.010623107,-0.014302831,-0.017869776,-0.01674353,-0.01883527,-0.013404907,-0.01851773,0.01694367,-0.002011128,-0.0143171735,0.00063031877,0.012824872,0.0006833137,-0.0067522596,-0.010567465,0.018213538,-0.013600299,-0.01382767,-0.008213759,-0.0016987941,-0.0011760386,-0.012848065,-0.008645133,-0.014027971
BaiF%SRR4783510_bin_28_GHBMCCFK_00008__L-carnitine_CoA-transferase,-0.015767474,0.012431944,-0.020572565,-0.015032827,0.0122008,0.00617972,-0.013789404,-0.016957762,-0.02074499,-0.015955456,-0.018368216,-0.01620178,0.011777246,-0.00329219,-0.013858639,0.0016682026,0.0076147155,0.00034384133,-0.010469681,-0.011520369,0.012619215,-0.011223021,-0.0119964825,-0.001760471,-0.003967708,-0.0038600178,-0.009771414,-0.009348553,-0.014215871
BaiF%SRR5127813_bin_22_DKEDJIEF_00985__Bile_acid-CoA_transferase,0.005171433,-0.012678982,0.009436895,0.009408396,-0.011474777,-0.00773211,0.008082486,0.008811069,0.007383321,0.011762692,-0.0004895703,0.011184953,-0.011566614,0.0033830844,0.007914182,-0.00043186411,-0.008888119,-0.0019968348,0.0031557104,0.00460553,-0.012720572,0.008085034,0.008012022,0.005176702,-0.001045975,-0.002743293,0.0074677533,0.0026958256,0.0047097984
BaiF%bai_cluster_17%midas_Proteocatella_sphenisci_59007%Proteocatella_sphenisci_59007|AUID01000012_911,-0.00024653965,-0.0013887048,0.00399415,0.0036364216,-0.0012776419,-0.0009607356,0.0033305637,0.002172105,0.004793206,0.0016600743,0.0045612375,0.0026648452,-0.0011590598,0.0006234769,0.0053675263,0.0011031666,0.00063227647,0.0015029284,0.0022504095,0.0030574023,-0.0007453906,-9.139684e-05,0.003867504,-0.0035708703,0.0014368183,0.0038055852,0.0030835685,0.0028430056,0.0024075864
BaiF%bai_cluster_2%midas_uncultured_Eubacterium_73696%uncultured_Eubacterium_73696|FMDW01000013_892,-0.0115439845,0.018961927,-0.01908769,-0.01772731,0.017811086,0.011566118,-0.014379375,-0.015180706,-0.017172536,-0.016385911,-0.010708592,-0.01840581,0.018406602,-0.0055587776,-0.014975974,-0.0019814256,0.014098679,0.0058411155,-0.008918702,-0.008707457,0.018606132,-0.0108494805,-0.013421408,-0.0047583175,0.004192316,0.0018137397,-0.010691299,-0.007462763,-0.010568279
BaiF%bai_cluster_3%midas_Clostridium_hylemonae_61789%Dorea_sp_89094|KQ236743_10986,0.0019762164,0.0016684587,0.0046743695,0.0022448995,0.001463063,0.0022950515,0.0024925466,0.004442139,0.006175741,0.0026755265,0.007748352,0.002152035,0.0024015107,-0.0018762776,0.0049304683,-0.0010157942,0.0032766932,0.0053514703,0.0018225275,0.004801245,0.0014473875,0.00082746963,0.00360715,-0.0043294863,0.00660826,0.00803155,0.003018495,0.0041299984,0.004722649
BaiF%bai_cluster_3%midas_Clostridium_hylemonae_61789%Dorea_sp_89094|KQ236743_13110,-8.9544046e-05,0.0062092836,0.0002356581,-0.0021992316,0.0056016385,0.004791045,-0.00031082158,0.0013753617,0.0017002067,-0.000940929,0.0041609835,-0.0024947273,0.0064819898,-0.0019225621,0.0009806291,-0.0012696923,0.0065074917,0.006367482,-0.00014118545,0.002797017,0.0062113064,-0.0016465641,-0.00038973286,-0.0053525846,0.006791004,0.007960566,-7.498904e-05,0.0024807362,0.002723466
BaiF%fig|1950825_3_peg_1464|__L-carnitine_dehydratase_(EC_4_2_1_89)____Clostridiales_bacterium_UBA1701_|_1950825_3_,-0.01704554,0.016977213,-0.021946566,-0.01719833,0.016429424,0.009047535,-0.014840208,-0.01755994,-0.020512022,-0.018082952,-0.015440345,-0.018971471,0.01641688,-0.0050662435,-0.0144379,0.0012245845,0.012160176,0.0038623416,-0.010806532,-0.010660001,0.017437298,-0.013839435,-0.013902337,-0.005857568,-0.000549284,0.00032682542,-0.011358288,-0.008101235,-0.013293606
BaiG%LeChatelierE_2013__MH0251__bin_10_fa_BOBEKBFD_00006__Multidrug_resistance_protein_3,-0.006685825,0.0010644058,-0.007120762,-0.0036938756,0.0014489506,-0.0005803456,-0.003835654,-0.005894221,-0.00811301,-0.0037715016,-0.010029687,-0.0038292347,0.000928455,-0.00013574082,-0.0043452065,0.0012271134,-0.00028946245,-0.0010522411,-0.0045001446,-0.0050405823,0.0012065027,-0.0026674697,-0.0033351853,0.0014989998,-0.0036777959,-0.0035177278,-0.0025516846,-0.0037669006,-0.0058469623
BaiG%MBE6987074_1_MFS_transporter__Oscillospiraceae_bacterium_,-0.003823951,0.006233539,-0.009554938,-0.008219176,0.005608439,0.0026332852,-0.007922286,-0.008063238,-0.009717923,-0.0076632686,-0.010146495,-0.008008188,0.0055657704,-0.00087576546,-0.0099972775,-0.0009197921,0.0013627498,-0.0041738776,-0.004890546,-0.0051745246,0.005625672,-0.005492858,-0.0085711535,0.00052939175,-0.0033317376,-0.0061753485,-0.007621582,-0.006304622,-0.0050067734
BaiG%MBR4017991_1_MFS_transporter__Clostridia_bacterium_,0.009830776,-0.03224063,0.025890984,0.027408801,-0.029349273,-0.019469326,0.022094632,0.019228024,0.02157822,0.023787456,0.007937031,0.02832198,-0.030498683,0.008844807,0.023885792,0.004921252,-0.021621907,-0.007888147,0.011476303,0.010668861,-0.031237576,0.015766082,0.023772744,0.008309852,-0.008235043,-0.0043847905,0.019592743,0.009535305,0.0105328355
BaiG%MDY4488523_1_MFS_transporter__Candidatus_Limivicinus_sp__,-0.01895781,0.008055741,-0.020094208,-0.011531821,0.008521349,0.0031514543,-0.011717661,-0.017323578,-0.020678451,-0.015563283,-0.019158002,-0.01402602,0.0074422676,-0.0031842315,-0.0108817015,0.0044171847,0.0047218334,-0.001225141,-0.010784396,-0.0125111155,0.008827543,-0.012066857,-0.009435058,-0.0020142319,-0.008025094,-0.0051265303,-0.008331372,-0.00884662,-0.015515292
BaiG%MEE1256339_1_MFS_transporter__Lachnospiraceae_bacterium_,0.0047279815,-0.005828824,0.011039122,0.009097024,-0.0056920825,-0.0026682413,0.008923251,0.008971873,0.01064048,0.009021009,0.008389676,0.009263043,-0.004943792,0.00095712475,0.010262762,-0.00016559183,-0.0022064731,0.0035897081,0.0037004065,0.006738993,-0.005450841,0.0057926355,0.0077800173,-0.0014977443,0.0043678465,0.0068505644,0.007589383,0.0058958023,0.0063972264
BaiG%bai_cluster_10%midas_Lachnoclostridium_nov_76594%Lachnoclostridium_nov_76594|ERS138182_8080_1_84_3_3097,0.0034333677,0.004887695,0.003408224,-0.00059487956,0.0045307605,0.004780295,0.0011333822,0.0049968865,0.00613629,0.0023327302,0.008395499,-0.00037624364,0.005666867,-0.0018238701,0.002899202,-0.0022931898,0.0060883733,0.008019193,0.0018214263,0.00515616,0.004719007,0.00067192345,0.0011357703,-0.0048474376,0.009308655,0.00997231,0.0009909393,0.004538809,0.006382608
BaiH%LiJ_2014__MH0370__bin_37_fa_CDDPILMH_00099__NADH_oxidase,-0.0071487655,0.0081738345,-0.006638557,-0.005853252,0.007557047,0.0055288016,-0.005302323,-0.00701758,-0.0030503578,-0.008286414,0.0007964421,-0.0077393604,0.007970113,-0.002514344,-0.0028157455,0.0014721231,0.006943582,0.002103751,-0.00047478077,-0.0034197355,0.008603274,-0.007456039,-0.0031089664,-0.007148858,0.001152771,0.003814477,-0.002321559,-0.00069356454,-0.003763942
BaiH%MEE0204071_1_FAD-dependent_oxidoreductase__Oscillospiraceae_bacterium_,-0.0070808483,0.0062130624,-0.00862877,-0.006751307,0.006552026,0.0035430538,-0.004412778,-0.0064001437,-0.0069620223,-0.0063338196,-0.0050127073,-0.0076189963,0.0062175435,-0.0034089996,-0.005250329,0.0005034249,0.005790957,0.0031957936,-0.0036708065,-0.0040873094,0.0069254446,-0.006502108,-0.005170608,-0.0041676327,0.00069235615,0.0017504522,-0.0031164282,-0.001060178,-0.0042717825
BaiH%MFR3389927_1_7-beta-dihydroxy-3-oxo-5-beta-cholanoyl-CoA_4-oxidoreductase_BaiH___Clostridium__scindens_,0.003127081,0.0023521842,0.0054158936,0.0016935728,0.0022176176,0.003152325,0.0029527193,0.005378127,0.007713727,0.0034550633,0.009267904,0.0017930026,0.003198165,-0.0013854377,0.004986668,-0.0013599386,0.0042914455,0.0068465634,0.0026946974,0.005804713,0.0023176472,0.0014449464,0.0032564523,-0.004918121,0.008170984,0.009519669,0.0028653122,0.00524718,0.0064357044
BaiH%Obregon-TitoAJ_2015__NO11__bin_28_fa_ODBMCAMJ_01962__NADH_oxidase,-0.017082423,0.027482584,-0.02569651,-0.024266046,0.026390819,0.016795995,-0.019180687,-0.019922873,-0.021262432,-0.022545356,-0.011352156,-0.026563592,0.026693296,-0.008237157,-0.019125897,-0.0011092849,0.022134142,0.011186324,-0.010523971,-0.011315814,0.027660802,-0.017412122,-0.018090228,-0.010766611,0.0062050484,0.0067251916,-0.014121828,-0.007056751,-0.0124628255
BaiH%bai_cluster_1%midas_Clostridium_hiranonis_61655%Clostridium_hiranonis_61655|NZ_DS995354_308,0.005173144,-0.0037894926,0.010722488,0.007287372,-0.0035120773,-0.0007703856,0.0080404375,0.008330795,0.0131858885,0.007827216,0.013746543,0.0076115304,-0.0027703827,-0.0017645824,0.009445466,-0.0010630708,0.00033236804,0.0049947845,0.0061848955,0.006402445,-0.0032348183,0.0045250827,0.007737586,-0.0040343143,0.0070662536,0.008811659,0.008104255,0.0076117273,0.008135774
BaiH%bai_cluster_11%midas_Romboutsia_sp_25236%Romboutsia_sp_25236|FJTZ01000011_310,0.0041266894,-0.00068350957,0.0055869017,0.0018352743,-0.0005530206,0.0009659642,0.0028811737,0.005372612,0.006737967,0.0039457963,0.00830031,0.0022308573,-6.121727e-05,-0.0005861982,0.0039399327,-0.0009429024,0.0017624198,0.0036709735,0.0037391642,0.0042470633,-0.0004066719,0.0022726671,0.003383413,-0.001960697,0.0051728995,0.0053080954,0.00392829,0.00428482,0.006261417
BaiH%bai_cluster_17%midas_Proteocatella_sphenisci_59007%Proteocatella_sphenisci_59007|AUID01000012_928,0.010055611,-0.012089138,0.014206338,0.0118041225,-0.011747949,-0.0076516178,0.011395026,0.011176895,0.0112108085,0.012799063,0.0056018736,0.014047524,-0.011460568,0.0018791253,0.008815422,-0.002457927,-0.009047089,-0.0023129634,0.0045029325,0.006686831,-0.012279699,0.009711858,0.008635229,0.004790928,0.000798679,-0.0019233531,0.008357083,0.00437688,0.0068672793
BaiH%bai_cluster_2%midas_uncultured_Eubacterium_73696%uncultured_Eubacterium_73696|FMDW01000013_836,-0.0019145528,0.016603928,-0.009708917,-0.013297812,0.015222165,0.010502808,-0.009154218,-0.0067197187,-0.0072149695,-0.009263783,-0.001346172,-0.012473209,0.01638064,-0.005832811,-0.010981923,-0.006270832,0.013109689,0.007149941,-0.0044991914,-0.0025911862,0.015312492,-0.005391497,-0.009905589,-0.0051633082,0.009701323,0.004612294,-0.008086921,-0.003425069,-0.0027738584
BaiH%bai_cluster_3%midas_Clostridium_hylemonae_61789%Clostridium_hylemonae_61789|NZ_GG657759_22762,-0.00052331673,0.007585396,-0.0005837713,-0.0027163392,0.0069340654,0.0057859276,-0.00031807602,0.00046575963,0.0025254672,-0.0017107117,0.0068297894,-0.0039799633,0.0077638384,-0.002115688,0.0006679744,-0.0006613881,0.008437299,0.007904086,0.0013170918,0.0014977106,0.008076477,-0.0029048799,-0.0015305222,-0.0065439534,0.006989111,0.00889428,0.0002229946,0.0033528474,0.0025066275
BaiI%LiJ_2014__MH0370__bin_37_fa_CDDPILMH_01838__hypothetical_protein,-0.0099207405,0.0017342507,-0.0075100837,-0.0030221564,0.001653599,0.00043438433,-0.004281837,-0.008433956,-0.0063493312,-0.0070930785,-0.0072621955,-0.0050814967,0.0013721143,0.0023237213,-0.002354727,0.0046642288,0.00073208095,-0.0034122467,-0.0017691429,-0.0066096657,0.0026649416,-0.005937708,-0.0030397323,-0.0027793976,-0.0069525708,-0.0028522986,-0.0025756287,-0.0034162793,-0.008033568
BaiI%LiJ_2014__V1_FI04__bin_94_fa_MJMNNJHI_00331__hypothetical_protein,-0.006518823,-0.0023456493,-0.004568385,-0.00049501006,-0.0018227131,-0.0025636766,-0.0019131791,-0.0050232047,-0.006224155,-0.0027328627,-0.009254524,-0.0009241886,-0.0024237356,0.0017195913,-0.001651205,0.0030369346,-0.0029392007,-0.0029434762,-0.00270266,-0.004219948,-0.0019417494,-0.0014375987,-0.0005120267,0.0023661896,-0.005562352,-0.004031571,0.00017077077,-0.0030532116,-0.0052872486
BaiI%QinJ_2012__CON-070__bin_41_fa_AAAKDJOM_00400__hypothetical_protein,-0.012767158,0.00820526,-0.015539506,-0.010927523,0.008216709,0.0038937842,-0.010376491,-0.012955976,-0.016363824,-0.0117263375,-0.015307129,-0.011404699,0.007832099,-0.0030075875,-0.01011525,0.0013408178,0.0047894586,-0.00025748735,-0.008452063,-0.008863755,0.00815592,-0.008071215,-0.008009586,-0.0006587781,-0.0034049503,-0.0035264837,-0.0064263474,-0.0075286496,-0.011378158
BaiI%WP_279004450_1_nuclear_transport_factor_2_family_protein__partial___Clostridium__scindens_,0.008791479,-0.0024868145,0.012046487,0.006791054,-0.002711838,7.659319e-05,0.0074708504,0.01110945,0.012616205,0.00943386,0.011704892,0.0076769935,-0.0015494397,0.0009024551,0.008551144,-0.0022401756,0.0007409222,0.005823648,0.0054425276,0.009004866,-0.0027749783,0.0060350276,0.0067233443,-0.001891652,0.008227389,0.00874737,0.0063256957,0.007079925,0.009926018
BaiI%bai_cluster_2%midas_uncultured_Eubacterium_73696%uncultured_Eubacterium_73696|FMDW01000003_2059,0.0039654328,0.0021474839,0.0029369977,0.0010383558,0.00088185334,0.0017193493,0.0022814102,0.002197071,0.0022137805,0.00254815,0.0019772667,0.0013251543,0.0017241539,0.002223989,0.00055624155,-0.0025887284,0.002084427,0.0022328505,0.001051533,0.0016905469,0.0017029953,0.0032066766,-0.00035317257,0.000681138,0.003480983,0.0018498817,0.0006321878,0.00034415137,0.00044083354
