Sample,3oxoDCA,3oxoLCA,7oxoDCA,Ala_DCA,Asn_CA,Asn_DCA,Asp_CA,Asp_DCA,CA,CDCA,DCA,GDCA,GLCA,GUDCA,Gln_CA,Glu_CA,Glu_CDCA,Glu_DCA,IleLeu_CA,LCA,Lys_DCA,Phe_CA,Phe_CDCA,Phe_DCA,TCDCA,TDCA,TLCA,TUDCA,Thr_CA,Thr_DCA,Trp_CA,Trp_DCA,Tyr_CA,UDCA,isoCA_aMCA,isoDCA_isoCDCA,isoLCA,isoUDCA
12aHSDH%ERJ00208_1_oxidoreductase__short_chain_dehydrogenase_reductase_family_protein__Clostridium_sp__ATCC_29733_,0.21620916,0.7093287,-1.0,1.0,1.0,-1.0,-0.014800589,-0.69610226,0.14207071,0.34209743,-0.6932881,0.5065418,1.0,-0.46562627,0.81518376,-1.0,-0.016488258,-1.0,0.07621079,-0.10379456,0.5384425,0.8656021,0.9275418,-1.0,0.8679904,0.9475754,1.0,-0.29872504,0.14237584,-0.8763783,-0.34440872,-0.120423265,0.27152303,-1.0,-1.0,-0.36328351,0.52960634,-1.0
12aHSDH%GENOME015584_936,0.3366488,0.6393313,-1.0,1.0,-0.6376077,1.0,-0.39839357,1.0,-0.65305763,-1.0,0.36295566,0.5989836,1.0,-0.71568304,1.0,0.06727583,0.37809265,1.0,-1.0,0.16842398,1.0,-1.0,-0.8942179,0.8962248,0.38672572,1.0,0.45183095,-0.94053334,-1.0,1.0,-1.0,0.5692082,-1.0,-1.0,-0.99193734,0.5847603,0.6606232,-1.0
12aHSDH%GENOME051950_684,0.657646,0.6363574,0.8814789,0.9330258,-0.686182,-1.0,-1.0,-0.11768132,0.60823816,-0.5150417,0.2868133,0.7982308,1.0,-1.0,-0.2647942,-0.65578514,-1.0,-0.48997104,-1.0,0.44314355,-0.14621098,-1.0,-0.5720712,-0.9292417,1.0,1.0,1.0,0.15657221,-0.84633887,0.3399013,-0.10288038,0.3412489,-0.14646643,0.95097667,-0.55793434,0.51781183,0.58724374,-1.0
12aHSDH%GENOME055489_1547,-0.2650418,-0.18041816,-0.31293976,0.040184498,1.0,-1.0,0.8736759,0.7065259,-0.21432343,-0.39834335,-0.21836649,-0.66521096,0.20309332,0.014999557,0.9179941,0.8861281,1.0,0.26077145,0.28514686,-0.34275854,0.17077293,-0.0030306058,-0.19488597,-0.5226801,-0.4690645,-0.25053534,-0.7212959,-0.3362153,1.0,0.5924895,0.493451,-0.2772176,-0.6021062,0.3196101,-0.20963395,-0.36313865,-0.24291408,-0.45698854
12aHSDH%GENOME077010_272,-1.0,-0.64693457,-0.34028754,-0.2843715,0.5161092,-1.0,0.83134633,-0.34513494,-0.06748222,-0.056599215,-0.037074607,-0.4516989,-0.58556324,0.43642303,0.33694035,1.0,0.7025456,0.32952958,0.29581398,-0.42228046,-0.60063344,1.0,0.31310475,-0.09462944,0.40000358,0.9345724,0.57880133,0.0075777834,0.20347618,-1.0,-0.6277665,-0.019218005,0.75964797,0.38835412,-0.19423035,-0.78466636,-0.57179034,-0.4011571
12aHSDH%GENOME126416_2228,-0.10406868,-0.31699738,0.90142614,-1.0,-0.53426886,-1.0,-1.0,-0.52963233,1.0,0.689408,0.16403438,1.0,0.86005396,1.0,-1.0,-0.58824295,-1.0,-0.6978562,-0.50469327,-0.22497442,-0.03336014,-1.0,-0.69889706,-0.8358602,1.0,1.0,0.35920832,1.0,-1.0,-1.0,-1.0,-0.31977814,-0.4152088,1.0,0.9772318,-0.33611408,-0.4048592,-0.12070602
12aHSDH%GENOME136792_1072,0.65799546,0.36548674,-1.0,0.9215241,-1.0,-0.30110586,0.7239955,-0.47907573,-1.0,-1.0,0.5361737,-0.0015111853,0.5013963,-1.0,-0.3629624,-0.8321851,-1.0,0.11395749,1.0,0.8154325,1.0,1.0,1.0,1.0,-1.0,-0.6749209,-1.0,-0.9379498,-0.31368482,1.0,1.0,1.0,0.6949789,-1.0,-0.11381677,0.81814104,0.7176299,-0.99955136
12aHSDH%GENOME187328_883,0.23603821,0.2089021,-1.0,1.0,-1.0,-1.0,-1.0,1.0,0.48794487,-0.18127291,-0.9081566,0.5857953,1.0,1.0,-0.32182026,-1.0,0.43126222,0.30932346,-1.0,-0.21447188,1.0,-0.9661605,-0.5526604,-0.44731554,1.0,1.0,1.0,1.0,-1.0,-0.8300257,-1.0,-0.06769487,-1.0,-1.0,-1.0,-0.34647542,0.35549214,-1.0
12aHSDH%GENOME211747_1057,0.673651,0.845134,-1.0,0.6227266,-1.0,0.73678774,-0.5146786,1.0,-0.8314533,-0.68759835,0.38795975,0.07543324,-1.0,-0.74797624,-0.5927521,-0.74482495,-1.0,1.0,-0.52654076,0.605583,1.0,-0.38448262,-0.074141376,1.0,0.063265994,0.70254064,1.0,-0.83182955,-0.9055955,1.0,0.41529807,1.0,-0.5703134,-0.5250549,-1.0,0.57906884,0.91828376,-1.0
12aHSDH%GENOME225739_454,-0.30564776,-0.2843066,-0.94155073,0.6531405,-1.0,0.056070026,0.82572156,0.6445896,-0.3937287,-0.18313128,-0.54708934,-0.7387691,-0.6312406,-1.0,-0.4729593,0.4843531,-0.041132182,0.9345314,-0.06731856,-0.5531907,1.0,1.0,0.5322898,1.0,0.07265677,0.026053436,-0.1565543,-0.11421172,-0.44497898,1.0,0.7738945,1.0,1.0,-0.75892174,-0.9610506,-0.2301094,0.1494327,-0.775238
12aHSDH%MBE7001463_1_SDR_family_oxidoreductase__Oscillospiraceae_bacterium_,1.0,1.0,-1.0,0.57218766,-1.0,0.69545466,-1.0,1.0,-1.0,-0.8493107,1.0,0.3978688,1.0,-0.029820627,-0.7666303,-1.0,-1.0,1.0,-1.0,1.0,1.0,-1.0,-0.36176753,0.9913919,-1.0,-1.0,0.3112077,-0.51479226,-1.0,1.0,-1.0,1.0,-1.0,0.6763901,-0.81591713,1.0,1.0,-0.3645697
12aHSDH%MBR0327374_1_SDR_family_oxidoreductase__Clostridia_bacterium_,1.0,0.86680067,-1.0,-0.6901758,1.0,1.0,-0.41093612,0.37940347,-1.0,-0.50944376,-0.72237986,-1.0,-1.0,-1.0,1.0,0.53278214,0.38004327,0.6374807,0.764659,-0.21466136,0.63300663,0.8622279,1.0,1.0,-1.0,-1.0,-1.0,-1.0,0.77911025,1.0,1.0,0.9622499,1.0,-0.16595589,-0.24610014,1.0,0.27521428,0.07335888
12aHSDH%MBR2336230_1_SDR_family_oxidoreductase__Clostridia_bacterium_,-0.25165004,-0.1641444,-0.8590793,-0.22156821,0.14404115,1.0,-0.14521325,1.0,-0.23573738,-0.96576947,-0.36645162,-0.07468468,-0.4844993,1.0,-0.18556942,0.20980479,0.08917793,0.95298314,-0.92013055,-0.342902,1.0,-0.07614784,-0.66804093,1.0,0.1232116,0.11303636,-0.2954055,1.0,0.047668967,-0.21613623,-0.25201002,0.7776626,-0.47439823,-1.0,-0.546686,-0.18279606,-0.06938909,-0.4771697
12aHSDH%MBR2608425_1_SDR_family_oxidoreductase__Bacteroidales_bacterium_,0.46586892,0.5425112,-0.6967272,-0.0005588087,-0.7257704,-0.6871408,-0.5616779,-0.26392868,0.5568956,0.11021533,1.0,0.9686717,1.0,-0.34408233,0.63458073,-0.7483618,-1.0,0.11888996,0.36460623,0.8962978,1.0,0.0022347237,-1.0,-0.8955732,-0.29251024,0.1489078,-1.0,0.096875526,-0.9987128,0.9037848,-0.63136137,0.54444855,-1.0,-0.1748777,0.8530261,0.13551588,0.25400835,-0.8066364
12aHSDH%MBR5144004_1_SDR_family_oxidoreductase__Clostridia_bacterium_,-0.061007068,-0.2872687,0.635463,-0.8066705,0.762835,-1.0,0.9279584,-1.0,0.63263524,0.22072989,-1.0,-1.0,-0.7657354,0.09179648,0.46315825,0.6951727,0.75569844,-1.0,0.7430775,-1.0,0.22750643,0.86477095,1.0,-0.22024943,0.5821948,-0.564491,-0.0058932756,0.25603744,0.63196295,-0.01904617,1.0,-0.2742226,1.0,-0.6679954,1.0,-0.91924804,-0.7168048,0.328282
12aHSDH%MBR6823493_1_SDR_family_oxidoreductase__Bacillota_bacterium_,-0.66134393,-1.0,1.0,-1.0,0.007855931,1.0,-1.0,-1.0,1.0,1.0,-1.0,-0.08161043,-1.0,1.0,0.71265596,0.64724475,-0.2733988,-1.0,0.6008907,-1.0,0.1771418,0.88926363,0.53259414,-0.24063432,1.0,-0.20391409,-1.0,1.0,-0.18790764,-1.0,-0.28181276,0.002934361,1.0,0.081438474,1.0,-0.8686469,-1.0,0.86705995
12aHSDH%MBR7146259_1_SDR_family_oxidoreductase__Oscillospiraceae_bacterium_,1.0,0.6384954,0.03362326,0.60920054,-1.0,0.38017136,-1.0,0.643152,-0.5236993,-0.7596672,1.0,0.056595456,-0.25370672,-0.7111901,-0.104372084,-0.7653257,-1.0,0.847527,-0.8113997,0.71067685,1.0,-1.0,-0.57519424,0.7562436,-1.0,0.56318873,0.3664752,-0.35100204,-1.0,0.66932976,-0.8818898,0.9477529,-0.70018417,0.44728738,0.865603,1.0,0.55298847,1.0
12aHSDH%MCI8718619_1_SDR_family_oxidoreductase__Lachnospiraceae_bacterium_,-1.0,-1.0,1.0,-1.0,1.0,0.47548681,0.7868081,-1.0,1.0,1.0,-1.0,-1.0,-1.0,0.98519856,1.0,1.0,0.72492623,-1.0,1.0,-1.0,-1.0,1.0,0.8223013,-1.0,1.0,-0.27984235,-0.5765551,1.0,1.0,-1.0,1.0,-1.0,1.0,-0.0029362142,1.0,-1.0,-1.0,1.0
12aHSDH%MFR3091303_1_SDR_family_NAD(P)-dependent_oxidoreductase__Eggerthella_lenta_,-0.35326952,0.12920032,-0.69198686,0.07295061,0.2547868,1.0,0.7204299,0.72955304,-0.43393072,-0.4372474,-0.3217545,-0.41083768,-0.8069962,0.15479486,0.2279103,0.4137501,1.0,0.14048798,0.4322184,-0.412455,-0.48795867,0.28175062,-0.5040348,0.37005916,-0.073734574,0.81448597,-0.28747717,0.5655442,0.96236247,-0.24165839,0.015485118,1.0,0.71791065,-1.0,-1.0,-0.94139934,-0.05434992,-1.0
12aHSDH%NCB62655_1_SDR_family_oxidoreductase__Clostridia_bacterium_,0.37383547,0.5777779,-0.30738115,0.88063794,0.21735646,1.0,1.0,0.8974511,-1.0,-1.0,0.20291348,-0.17346232,-0.5808532,-0.11039653,0.06798955,0.58872217,0.7595495,1.0,-0.13749579,0.34197912,0.49857375,0.20999241,0.087388836,1.0,-1.0,-1.0,-1.0,-1.0,0.529342,0.9174875,-0.12098234,1.0,0.037966177,0.23903076,-1.0,0.20015213,0.59349436,-0.19187504
12aHSDH%WP_055231566_1_SDR_family_NAD(P)-dependent_oxidoreductase__Anaerostipes_hadrus_,-1.0,-1.0,1.0,-0.0724006,1.0,-0.88765424,0.98322016,0.17165883,1.0,0.22802414,0.024106624,0.08370985,-1.0,-0.5529118,0.7431542,1.0,1.0,0.078885585,0.3217166,-0.9294074,-1.0,-0.14553784,-1.0,-0.14921002,0.89374095,1.0,0.035570417,0.5044983,0.97696406,-0.35386232,0.34978482,-0.7591164,1.0,-1.0,1.0,-1.0,-1.0,-0.64644235
12aHSDH%WP_103229430_1_SDR_family_NAD(P)-dependent_oxidoreductase__Clostridium_sp__chh4-2_,-0.69179034,-1.0,1.0,-0.72623694,1.0,0.50674605,1.0,-0.7624138,0.97987723,0.6245717,-0.27537164,-0.8780348,-0.94565463,0.44682834,0.17540061,1.0,0.15583418,-0.20955515,0.90420824,-0.86923707,-0.50114805,0.57083535,0.20637214,-1.0,0.012847831,-0.68991,-1.0,-0.111383334,0.9122755,-0.67733383,0.49031723,0.058381718,0.5557489,0.33996034,1.0,-0.61226,-0.93908364,0.7958448
12aHSDH%WP_130435990_1_SDR_family_NAD(P)-dependent_oxidoreductase__Cuneatibacter_caecimuris_,-1.0,-1.0,1.0,-0.5364511,1.0,-0.8247966,1.0,-1.0,1.0,0.99609995,-1.0,-1.0,-1.0,-0.3424984,1.0,1.0,1.0,-1.0,1.0,-1.0,-0.763264,1.0,1.0,-0.55471057,-0.835217,-1.0,-1.0,0.45322904,1.0,0.5952809,1.0,-1.0,1.0,-1.0,1.0,-1.0,-1.0,0.39196655
12aHSDH%WP_160708750_1_SDR_family_NAD(P)-dependent_oxidoreductase__Enterorhabdus_sp__P55_,-0.6300492,-0.6370664,0.2263665,-0.079314016,0.63616246,1.0,0.24768417,-1.0,-0.1828088,-0.79198366,-0.79865223,0.13920124,1.0,0.8659957,0.5495891,0.3727255,1.0,-1.0,0.3350458,-0.36051533,-1.0,0.29879692,0.68592554,-1.0,0.9740949,-0.3779902,0.6621462,1.0,1.0,0.26574972,-0.392367,-1.0,-0.717843,-0.5668626,-0.5119533,-0.30621597,-0.63293594,0.34823263
12aHSDH%WP_161844252_1_SDR_family_NAD(P)-dependent_oxidoreductase__Pseudoflavonifractor_sp__524-17_,-0.18866138,-0.5920595,0.23403428,-0.26052567,0.3980058,-1.0,0.2877975,-0.88742447,-0.85303813,-0.5662828,-0.1212304,-0.041186657,-0.2950251,-1.0,0.6970855,0.017919522,0.4558087,-0.9510353,1.0,-0.26870337,-0.55745035,0.85466677,1.0,-0.14469032,-0.6497898,1.0,0.9842306,0.7679808,0.48687583,0.09906285,-0.06202336,-1.0,0.3559874,-0.5024741,0.5560967,-0.117070355,-0.5365918,0.7640515
12aHSDH%WP_165061273_1_SDR_family_NAD(P)-dependent_oxidoreductase__Xiamenia_xianingshaonis_,-0.601745,-0.7671618,1.0,-0.5740122,-0.580578,-1.0,-0.33066872,-0.5071281,0.7824405,-1.0,-0.08756586,0.3778928,-0.53614944,1.0,0.22056694,0.8630668,-0.22036195,-0.60082966,0.100778416,-0.41553307,0.11136159,-0.26280046,-0.10524803,-0.60329187,0.3168354,0.20478816,0.23479581,0.96138823,-0.16056861,-1.0,-0.19099544,0.12053205,0.6652428,0.60091275,0.9074422,-0.22904098,-0.743888,1.0
12aHSDH%WP_249318265_1_SDR_family_NAD(P)-dependent_oxidoreductase__Yeguia_hominis_,0.13592117,0.03450035,0.041159835,0.8129922,-0.59483045,0.29741213,0.10182308,-0.22133774,-0.049145676,0.5614667,-0.62216175,-0.101961635,1.0,-1.0,0.18472175,-0.1692864,0.5009193,-0.67031187,0.92366856,-0.4949984,0.72386676,0.12805335,0.888742,0.14894733,-0.8327685,-0.8189398,-1.0,-0.050481893,0.04708589,0.73450917,-0.022635445,0.13078022,0.74500924,-0.22213453,0.5281169,-0.2415275,-0.02315625,0.0053393366
12aHSDH%WP_251178417_1_SDR_family_NAD(P)-dependent_oxidoreductase__Adlercreutzia_agrestimuris_,0.48404035,0.3840251,-0.92470425,1.0,-1.0,-1.0,-1.0,0.8483589,-0.89506954,-0.17472641,0.33422095,1.0,1.0,0.061662033,-0.8488109,-1.0,-1.0,0.10820792,-0.67730856,0.56118304,0.33491343,-0.008617252,0.33746666,1.0,0.08361543,0.8431033,1.0,0.14421012,-1.0,-0.929115,-0.73915076,0.5432712,0.0054507134,-0.34292445,-0.20404589,0.9605964,0.5084318,-0.006110507
12aHSDH%WP_256285936_1_SDR_family_NAD(P)-dependent_oxidoreductase__Pseudoflavonifractor_phocaeensis_,-1.0,-1.0,0.23386745,-0.57357,0.92837244,0.7425355,0.86688393,-0.3695644,0.46773937,0.21336974,-0.8059914,-0.30068532,-0.6578194,0.9173391,0.5617773,1.0,1.0,-0.78674805,0.107012235,-1.0,-0.39712355,0.38133222,-0.049995985,0.047731124,0.21591105,0.63562083,0.74583614,-0.0102473805,1.0,1.0,0.49746943,-0.7763809,1.0,-1.0,0.37871996,-1.0,-1.0,0.3125216
12aHSDH%WP_278514144_1_SDR_family_NAD(P)-dependent_oxidoreductase__Methanobrevibacter_smithii_,1.0,1.0,0.36359933,-0.41752508,0.5363414,-1.0,-0.5225188,-0.31324723,-0.68323505,-1.0,1.0,0.22438441,0.61714494,-1.0,0.09127859,-1.0,-0.7190809,-0.29346865,-0.37242875,1.0,-1.0,-0.34160691,-0.7316467,-0.47859427,-1.0,-0.94738793,-0.40237463,-0.363337,0.0730972,0.0017935702,-0.6186693,0.8959609,-0.42926955,1.0,0.4991516,1.0,1.0,0.8509082
12bHSDH%GENOME225741_180,0.8762844,0.9990623,-0.169178,0.11291541,-1.0,1.0,-0.45027938,1.0,-1.0,-0.4911203,1.0,0.873451,1.0,-0.8156292,-1.0,-1.0,-1.0,1.0,-1.0,1.0,0.52662975,-1.0,-1.0,1.0,-0.9218871,1.0,1.0,-0.0081340335,-1.0,0.9273218,-1.0,-0.371076,-1.0,-0.006627956,0.028173229,1.0,1.0,1.0
12bHSDH%MDD6456291_1_SDR_family_NAD(P)-dependent_oxidoreductase__Lachnospiraceae_bacterium_,-0.48119786,-0.13579884,0.085737444,-1.0,0.14516146,-1.0,1.0,-0.8051686,-0.05100913,-0.053549428,0.2328825,0.28806368,-0.10672128,1.0,-1.0,0.058565922,0.30542877,0.08351576,-0.4008812,0.1538795,-0.45084572,0.58203137,0.14696896,-0.26977694,-0.31187946,0.82345927,1.0,0.64851195,-0.027338268,-0.41397846,-0.3854503,-1.0,-0.8404198,0.51382124,-0.28336105,-0.17837407,0.066255376,1.0
3aHSDH%3aHSDH%HJB56827_1_3-oxoacyl-ACP_reductase_FabG__Candidatus_Flavonifractor_intestinipullorum_,0.5979528,0.7137133,-0.20713101,1.0,-0.7511228,0.19964558,-1.0,0.27894354,-0.84130293,-0.28911835,0.90788144,1.0,-0.032603953,0.28174964,-1.0,-1.0,-1.0,1.0,-0.337763,1.0,-0.021669095,0.17213294,0.09048273,1.0,-0.75351393,0.7699756,-0.09976387,-0.34118643,-1.0,0.70215714,-0.21654578,1.0,-1.0,0.4106199,-0.64444464,0.76537806,0.794041,-0.05734118
3aHSDH%3aHSDH%MBO5160353_1_3-oxoacyl-ACP_reductase_FabG__Lachnospiraceae_bacterium_,-1.0,-1.0,0.89169353,-1.0,0.5794399,0.16124615,1.0,0.17896542,-0.100105785,0.12620051,-0.79570884,-0.23038374,-1.0,0.7925511,0.052324485,0.7201371,0.54256916,-0.5673574,0.24063794,-1.0,-0.65144885,0.64747614,0.69289446,0.61969274,-0.36248633,0.12897222,-0.14836392,0.3881467,0.8489933,-0.09792875,0.6254574,-1.0,1.0,0.8480644,0.84794956,-0.26920396,-0.97117776,1.0
3aHSDH%3aHSDH%MBQ7891058_1_3-oxoacyl-ACP_reductase_FabG__Erysipelotrichaceae_bacterium_,1.0,1.0,-0.23001358,1.0,-1.0,-1.0,-0.17727202,0.51854986,-1.0,-1.0,1.0,0.8903733,0.44031826,0.49137416,-1.0,-0.6690373,-1.0,1.0,-0.92009014,0.8866589,1.0,-0.5646656,-1.0,1.0,-1.0,-0.54810464,-1.0,-1.0,-0.9275016,0.957511,-1.0,0.8793999,-0.7475049,1.0,0.8762881,0.25771347,1.0,1.0
3aHSDH%3aHSDH%MBR6526164_1_3-oxoacyl-ACP_reductase_FabG__Clostridia_bacterium_,-0.9619467,-1.0,1.0,-0.09629775,1.0,-1.0,1.0,-0.9728618,0.59841895,1.0,-1.0,-0.8624872,-1.0,0.40686896,0.010997353,1.0,0.73144907,-1.0,1.0,-1.0,-0.34215757,1.0,1.0,-1.0,-1.0,-0.7785421,-1.0,-0.9690851,1.0,-1.0,1.0,-1.0,1.0,0.61269206,1.0,-0.6149218,-1.0,1.0
3aHSDH%3aHSDH%MCI8514525_1_3-oxoacyl-ACP_reductase_FabG__Lachnospiraceae_bacterium_,-1.0,-1.0,1.0,-1.0,1.0,0.4888749,1.0,-1.0,1.0,0.3573849,-0.9310455,-0.4213537,-0.46763253,1.0,0.49431643,1.0,1.0,-1.0,0.3446607,-1.0,-1.0,0.9153377,0.16529301,-1.0,-0.27032408,-0.7149064,-1.0,0.68197405,1.0,-1.0,-0.7134444,-1.0,0.748636,1.0,1.0,-1.0,-1.0,1.0
3aHSDH%3aHSDH%MCM1345206_1_3-oxoacyl-ACP_reductase_FabG__Muribaculaceae_bacterium_,-1.0,-0.8896026,-0.54543805,1.0,-0.2440345,0.7124154,0.6906082,0.7222595,1.0,1.0,-1.0,-1.0,0.6188472,1.0,0.65699553,-0.4303361,1.0,-1.0,1.0,-1.0,0.73521584,1.0,1.0,0.2363008,1.0,-1.0,-1.0,0.69361204,-0.40611023,-1.0,1.0,1.0,1.0,-1.0,-1.0,-1.0,-0.39534178,-1.0
3aHSDH%3aHSDH%MED9821234_1_SDR_family_NAD(P)-dependent_oxidoreductase__Christensenellales_bacterium_,-1.0,-0.79073524,1.0,0.35354328,0.35017645,0.46974397,0.8775872,0.06516379,0.52428204,0.62042665,-1.0,-1.0,-0.71915,-0.22791986,0.13106652,0.8993122,1.0,-0.5584091,0.92685765,-1.0,0.3811294,1.0,1.0,0.22542949,-0.094225116,-1.0,-1.0,0.27143353,0.07201132,0.3513808,1.0,0.13043864,1.0,-0.77001196,0.15487435,-1.0,-0.9334096,1.0
3aHSDH%3aHSDH%WP_062304377_1_SDR_family_NAD(P)-dependent_oxidoreductase__Sellimonas_intestinalis_,-0.46194392,-0.7899224,1.0,-0.4752164,0.87678105,-1.0,1.0,-0.4908422,-0.51911366,-0.6223215,-0.85055816,-0.93232036,-0.4104272,0.64060634,1.0,1.0,1.0,-0.43971452,0.36276177,-1.0,-0.5320978,0.3660988,0.024951713,-1.0,-1.0,-0.0885036,-0.24956813,-0.03702513,0.8100744,-0.9777211,0.33604324,-1.0,0.7682838,1.0,1.0,-0.04189693,-0.55952764,1.0
3aHSDH%3aHSDH%WP_117548394_1_SDR_family_NAD(P)-dependent_oxidoreductase__Longicatena_caecimuris_,1.0,1.0,-1.0,0.76116323,-0.89592415,-0.51128936,-0.8713337,0.28210944,-1.0,-0.24027263,0.7091396,1.0,0.3693033,-0.44524223,-1.0,-0.47223973,0.6793712,0.14433992,-1.0,1.0,0.89121085,-1.0,-0.0336135,-0.19944724,0.20669991,1.0,1.0,0.8096623,0.067551,-0.6834622,-1.0,0.27089837,-1.0,-1.0,-1.0,0.68981624,1.0,-0.7876129
3aHSDH%3aHSDH%WP_117582908_1_MULTISPECIES__SDR_family_NAD(P)-dependent_oxidoreductase__unclassified_Collinsella_,-0.7023188,-0.7964518,0.7317439,0.25215206,0.83359665,0.6915051,0.7427682,-0.17487818,-0.12213898,-0.9152461,-0.38817367,-0.20960695,-0.5808039,-1.0,1.0,1.0,1.0,-0.25820515,0.34583867,-0.7949044,-0.249694,-0.49521023,-0.45452234,-0.69106334,0.23966433,0.78913975,0.8154002,0.5785111,0.5816616,0.5526134,0.12314093,-0.2513315,0.2211921,-1.0,0.43843526,-0.7225251,-1.0,-0.10216725
3aHSDH%3aHSDH%WP_226969791_1_SDR_family_oxidoreductase___Ruminococcus__lactaris_,1.0,1.0,-0.3228152,0.30698165,-1.0,-1.0,-1.0,-0.0792018,-0.70634407,-0.2869013,1.0,1.0,0.97690254,0.96817994,-1.0,-1.0,-1.0,0.84779954,-1.0,1.0,-0.7868194,-1.0,-1.0,-0.16785815,0.07041306,1.0,1.0,-0.2799195,-1.0,-0.7880089,-1.0,-0.16998091,-0.98897606,0.9245025,0.7851901,1.0,1.0,1.0
3aHSDH%3aHSDH%WP_270387972_1_SDR_family_NAD(P)-dependent_oxidoreductase__Blautia_hansenii_,-1.0,-1.0,1.0,-1.0,0.36138663,1.0,1.0,-1.0,0.7615494,1.0,-1.0,-1.0,-1.0,0.59192646,0.18674372,1.0,1.0,-1.0,1.0,-1.0,-1.0,1.0,1.0,0.478113,0.46995082,0.53454155,0.87305945,0.18654667,0.6327212,-0.3131816,1.0,-0.20388147,1.0,-0.9902605,-0.3365084,-1.0,-1.0,0.79838043
3aHSDH%CAG5237306_1_short_chain_dehydrogenase__Streptococcus_pneumoniae_,-1.0,-1.0,0.7203619,-0.45970225,-1.0,-0.2688994,-1.0,-1.0,1.0,1.0,-0.43062434,0.7499295,0.13261326,1.0,-1.0,-1.0,-1.0,-1.0,0.47767046,-0.6414247,-1.0,-0.12328262,-0.57377046,-1.0,1.0,1.0,1.0,1.0,-1.0,-1.0,-1.0,-0.6757708,-1.0,1.0,0.22185604,-1.0,-1.0,1.0
3aHSDH%GENOME060426_131,1.0,1.0,-1.0,1.0,-1.0,0.11549359,-1.0,1.0,-1.0,-0.927857,1.0,1.0,1.0,-0.43975413,-1.0,-1.0,-1.0,1.0,-1.0,1.0,0.9232427,-1.0,-1.0,1.0,-0.944335,1.0,1.0,-0.9940271,-1.0,0.13747963,-0.56136644,1.0,-0.8057463,0.75951356,-0.6016399,1.0,1.0,-0.12998916
3aHSDH%GENOME084620_3418,-0.5008878,-0.8140826,1.0,0.9103991,0.6583782,1.0,0.17547944,0.51494336,0.92037743,0.29449633,-0.21344836,0.018031832,-0.30462596,0.12162689,0.5317267,0.69364214,0.2752927,-0.3507908,-0.8501509,-0.7591609,0.5254966,-1.0,-1.0,-0.3612003,0.49681988,1.0,0.08252793,0.3295859,0.5650007,1.0,-0.5221987,-0.45523864,-0.58581406,-0.574709,1.0,-0.7779964,-1.0,0.24231844
3aHSDH%GENOME084674_3322,-1.0,-1.0,0.98212713,0.5259091,0.79641414,0.31120044,1.0,-1.0,0.7461431,1.0,-0.58789325,-1.0,-0.15761681,-1.0,0.6675964,1.0,1.0,0.13737023,0.8702278,-0.8882462,0.36861295,1.0,0.3984481,-0.58594775,-1.0,-0.79819095,-0.8545827,-1.0,1.0,0.5205788,1.0,-0.21989867,1.0,-1.0,1.0,-0.85423064,-1.0,-0.72890234
3aHSDH%MBQ9141038_1_SDR_family_oxidoreductase__Lachnospiraceae_bacterium_,0.15783967,0.20119232,1.0,-0.45133775,-1.0,-1.0,-1.0,-0.78637975,0.10107433,-0.30778167,0.81234413,1.0,1.0,1.0,-1.0,-0.9797009,-0.5033697,0.24750759,-1.0,0.74227434,-0.7007627,-0.6285296,-1.0,-0.47968674,1.0,1.0,1.0,1.0,-1.0,-1.0,-1.0,-0.6144707,-1.0,1.0,-0.89671826,0.23309197,0.42002162,0.41077277
3aHSDH%MBS5502136_1_3-oxoacyl-ACP_reductase_FabG__Eggerthella_sp__,0.083946146,0.023952896,0.7308196,-0.32253766,0.11455965,-1.0,0.5456975,-0.37327227,1.0,0.2644355,0.028204383,0.58274454,0.70443106,1.0,0.64353186,0.08956294,-0.8307764,-0.8167039,-0.45636907,0.012576632,-0.8461677,-0.38072845,0.18060473,-1.0,1.0,-0.16483982,-0.6004855,0.060837507,-0.51325387,-1.0,0.3305913,-0.2942152,0.086879,0.56941795,0.0040705632,-0.095149495,0.019374456,-0.67364997
3aHSDH%MCI6529002_1_SDR_family_oxidoreductase__Clostridiales_bacterium_,0.30129537,0.14960329,0.69760424,-1.0,0.9194013,-0.5777962,0.86712027,-1.0,0.14951228,0.49034333,0.24008791,0.10850959,0.08393994,-1.0,0.8016179,0.07089288,-0.028267918,-0.93768084,0.21764126,0.19501099,-0.3599822,0.64757866,0.5811916,-1.0,-0.7746586,-0.542138,-0.3155566,-0.15870164,0.72786134,0.94283426,0.36711952,0.22377893,0.33734798,1.0,0.8197678,0.26650628,0.044310257,-1.0
3aHSDH%MCI6633699_1_3-oxoacyl-ACP_reductase_FabG__Clostridiales_bacterium_,0.43824458,0.3259481,-0.78611046,-0.76725113,0.24278982,0.47569096,-0.2312443,-0.14667907,-0.12831195,-0.5247479,0.3415053,-0.14121024,0.9087388,0.9854012,0.5871761,0.020251831,-0.89123565,0.2922799,-1.0,0.4417679,-0.57601213,-0.5707275,-0.9786896,-0.3422924,-0.26022524,-0.20687519,0.8922547,0.25044096,-0.09708763,-1.0,-0.41865054,0.86208516,-0.66242,-0.65688455,1.0,0.63503957,0.31870636,0.4355208
3aHSDH%MCI6899085_1_SDR_family_oxidoreductase__Mycoplasmatota_bacterium_,-0.6730278,-1.0,1.0,-1.0,1.0,-1.0,0.4734522,-0.9409887,1.0,0.89002377,-0.81754655,-1.0,-1.0,1.0,0.09993788,1.0,1.0,-0.80789083,0.39801535,-1.0,-1.0,0.2197352,-0.18612441,-1.0,0.7980762,-1.0,-0.5706778,1.0,1.0,-1.0,0.48980165,-1.0,0.56370705,1.0,1.0,-0.8230208,-1.0,1.0
3aHSDH%MCI7742844_1_SDR_family_oxidoreductase__Clostridiales_bacterium_,0.7222983,0.6734772,-0.6197482,0.2081512,-0.1879233,-0.19875443,-0.9564257,-0.22622769,-0.6205469,-0.6120769,0.28131303,-0.09831781,0.016449053,-0.33131933,-0.051042557,-1.0,-0.6635175,-0.109667875,0.29864773,0.44536614,0.4886777,-0.25985655,0.85160327,0.94324076,-0.21620813,0.19516377,0.19648959,-0.4904442,-0.101845175,0.008586938,0.29997128,0.36763546,-0.022755262,1.0,-0.7485759,0.45901978,0.62897253,-0.819397
3aHSDH%MCI8568452_1_3-oxoacyl-ACP_reductase_FabG__Bacilli_bacterium_,-1.0,-1.0,1.0,-1.0,1.0,0.29073045,0.0140439505,-1.0,1.0,1.0,-0.7308207,-1.0,-1.0,1.0,-0.2790278,0.6206493,0.72738546,-1.0,1.0,-0.9490996,-1.0,1.0,0.41147718,-1.0,1.0,-0.7453209,0.46680358,1.0,1.0,-1.0,0.57001066,-1.0,-1.0,1.0,-1.0,-1.0,-1.0,1.0
3aHSDH%MCI8931631_1_SDR_family_oxidoreductase__Lachnospiraceae_bacterium_,-1.0,-1.0,1.0,0.19138634,-0.57742,1.0,0.7948193,-1.0,1.0,1.0,-1.0,-1.0,-0.39867613,0.8306749,0.53559196,1.0,1.0,-0.9037184,-0.8511511,-1.0,0.057257164,-0.9230808,-0.7897461,-1.0,1.0,0.33645213,0.6738969,1.0,0.28307596,-0.18081182,-0.32972485,-1.0,-0.07089461,0.17188708,0.67624116,-0.78168356,-0.67054856,0.61541903
3aHSDH%MCM1266841_1_3-oxoacyl-ACP_reductase_FabG__Bacteroidales_bacterium_,-0.0031721815,-1.0,1.0,-0.93729866,1.0,-1.0,1.0,-1.0,-0.20666271,0.5394278,-0.41355562,-1.0,-1.0,-1.0,1.0,0.65471554,0.14515805,-1.0,1.0,-0.98515016,-1.0,1.0,1.0,-0.44494224,-1.0,0.24367282,-1.0,-1.0,1.0,-0.38877597,1.0,-1.0,1.0,0.8725862,1.0,0.277746,-1.0,1.0
3aHSDH%MCR4878926_1_SDR_family_NAD(P)-dependent_oxidoreductase__Bacteroidales_bacterium_,-1.0,-1.0,-1.0,-0.43487793,1.0,1.0,1.0,0.15977426,1.0,0.8839483,-0.7920613,0.26811075,-0.27202863,1.0,0.63233364,1.0,1.0,-0.9747609,0.66243356,-0.44992033,-0.73720235,-0.4665354,-0.8509742,-1.0,1.0,1.0,1.0,1.0,1.0,-1.0,1.0,-0.03817365,-1.0,-1.0,-1.0,-1.0,-0.9515302,-1.0
3aHSDH%MDE7008868_1_3-oxoacyl-ACP_reductase_FabG__Lachnospiraceae_bacterium_,-0.72335947,-0.7625279,1.0,-0.50252426,-1.0,-1.0,0.4858108,-1.0,0.57467765,0.9928196,-0.22320063,0.87136537,-0.12159672,1.0,-0.7517283,1.0,1.0,-1.0,-0.9263625,-1.0,-0.6807727,-1.0,-0.19241548,-1.0,-1.0,-0.71760124,-1.0,-0.029521096,-0.54296005,-1.0,-0.23163724,-0.96673566,0.09142704,1.0,1.0,0.7603431,-0.39715803,1.0
3aHSDH%MDE7282987_1_SDR_family_oxidoreductase__Lachnospiraceae_bacterium_,0.4652798,0.6271651,0.54737234,-0.2941564,-1.0,-1.0,-1.0,0.059694044,0.20894575,0.018931283,1.0,1.0,1.0,1.0,-1.0,-1.0,-1.0,0.73551905,-1.0,1.0,0.26624304,-1.0,-1.0,-0.5145281,1.0,1.0,1.0,1.0,-1.0,-0.9582304,-1.0,-0.97559804,-1.0,1.0,-0.047243524,0.914942,1.0,1.0
3aHSDH%MDE7415347_1_SDR_family_oxidoreductase__Lachnospiraceae_bacterium_,1.0,1.0,-1.0,1.0,-1.0,-0.41983345,-1.0,1.0,-0.6714654,-0.9324805,1.0,1.0,1.0,1.0,-1.0,-1.0,-1.0,1.0,-1.0,1.0,1.0,-1.0,-1.0,0.58396024,0.68623483,-0.10321215,1.0,1.0,-1.0,1.0,-1.0,0.9012974,-1.0,1.0,-0.34592727,1.0,1.0,0.1178761
3aHSDH%MFR0796835_1_SDR_family_NAD(P)-dependent_oxidoreductase__Oscillospiraceae_bacterium_,-0.023976386,-0.31755552,0.45390713,0.17401862,0.4136485,-0.7933181,-0.7799361,-0.60654765,-0.15847631,-1.0,-0.0779697,-0.37602583,-0.6206113,-0.799912,0.31620494,-0.20628704,-0.1403578,-0.25413963,0.6604753,-0.3373653,0.071679644,0.9350684,0.8081211,1.0,-0.16530788,0.4994958,0.49718606,0.06539868,0.055589393,0.24045455,0.09958057,-0.12643565,0.52023625,1.0,0.2296664,0.024774875,-0.28104067,-0.45333603
3aHSDH%WP_008977467_1_SDR_family_NAD(P)-dependent_oxidoreductase__Faecalimonas_umbilicata_,-1.0,-1.0,1.0,-0.7959589,1.0,-0.40432405,1.0,-1.0,0.92977273,1.0,-1.0,-1.0,-1.0,-0.3549129,1.0,1.0,1.0,-0.8350347,1.0,-1.0,-1.0,1.0,1.0,-1.0,0.075028084,-0.7687604,-0.9179255,0.5119906,1.0,-1.0,1.0,-1.0,1.0,0.23344713,1.0,-0.80263275,-1.0,1.0
3aHSDH%WP_020436139_1_MULTISPECIES__SDR_family_NAD(P)-dependent_oxidoreductase__Mediterraneibacter_,-0.31020778,-1.0,1.0,-0.9588283,0.7485436,-1.0,1.0,-1.0,1.0,1.0,-0.718402,0.037890393,-1.0,0.021986855,1.0,1.0,-0.25219464,-1.0,1.0,-1.0,-1.0,1.0,0.31555322,-1.0,1.0,0.04181383,-1.0,0.648235,1.0,-1.0,0.691179,-1.0,1.0,1.0,1.0,-0.32905492,-1.0,1.0
3aHSDH%WP_021919520_1_SDR_family_oxidoreductase__Evtepia_gabavorous_,1.0,1.0,-0.9051584,1.0,-1.0,1.0,-1.0,1.0,-1.0,-1.0,1.0,1.0,1.0,-0.44879478,-1.0,-1.0,-1.0,1.0,-1.0,1.0,1.0,-1.0,-1.0,1.0,-1.0,-0.12495021,-1.0,-1.0,-1.0,1.0,-1.0,1.0,-1.0,1.0,-0.5748763,1.0,1.0,-1.0
3aHSDH%WP_037602854_1_3-oxoacyl-ACP_reductase__Streptococcus_sp__oral_taxon_056_,-0.73657703,-0.62541544,-0.83252317,-0.6429559,-0.94546103,0.88610923,-1.0,0.19042183,0.9380396,0.9142505,-0.5038557,0.09555088,0.027404495,1.0,-0.9122465,-1.0,-1.0,-0.59230113,0.06666434,-0.3202397,-0.11910133,-0.81197065,-0.15649782,-0.4822013,1.0,-0.49638093,0.9718521,1.0,-0.5140654,0.038633846,-0.72298044,1.0,-0.11424219,-0.06868428,0.34522766,-1.0,-0.8156056,0.88528
3aHSDH%WP_044950032_1_SDR_family_NAD(P)-dependent_oxidoreductase__Mediterraneibacter_gnavus_,-1.0,-1.0,1.0,-1.0,1.0,-0.033168864,1.0,-1.0,1.0,0.70919263,-1.0,-1.0,-1.0,-0.9985126,1.0,1.0,1.0,-0.49180955,1.0,-1.0,-1.0,1.0,1.0,-0.38799444,-1.0,-1.0,-1.0,-0.7802057,1.0,0.0020952134,1.0,-1.0,1.0,0.06011636,1.0,-0.9999579,-1.0,1.0
3aHSDH%WP_087213392_1_MULTISPECIES__SDR_family_NAD(P)-dependent_oxidoreductase__Sellimonas_,-1.0,-1.0,1.0,-1.0,1.0,-1.0,1.0,-1.0,1.0,1.0,-1.0,-1.0,-1.0,1.0,0.42594263,1.0,1.0,-1.0,1.0,-1.0,-1.0,1.0,1.0,-0.4483875,-1.0,-1.0,-1.0,0.71147764,1.0,0.2186858,1.0,-1.0,1.0,0.21582429,1.0,-1.0,-1.0,1.0
3aHSDH%WP_104968339_1_3-oxoacyl-ACP_reductase__Streptococcus_pluranimalium_,-1.0,-1.0,0.14673758,-1.0,1.0,-0.045607463,1.0,-1.0,1.0,1.0,-1.0,-0.90785503,-0.1388502,1.0,0.9083829,1.0,1.0,-1.0,1.0,-1.0,-1.0,0.7571999,-0.29179052,-1.0,1.0,1.0,1.0,1.0,1.0,-1.0,1.0,1.0,0.051333677,-1.0,-1.0,-1.0,-1.0,-1.0
3aHSDH%WP_109137584_1_SDR_family_oxidoreductase__Bifidobacterium_catulorum_,-0.17794693,0.10219885,0.9284131,-1.0,0.30936113,-0.643945,-0.05525287,-0.41492218,0.015463447,0.36492732,-0.18496558,-0.48381755,0.14162056,1.0,0.3106961,0.27259305,1.0,-0.009631521,-1.0,-0.1994025,-0.6411118,-1.0,-1.0,-1.0,0.8556145,-0.14139391,0.037699014,1.0,0.0014483163,-1.0,-0.70689917,0.7479125,-1.0,1.0,-0.9605817,-0.030656042,0.3619557,1.0
3aHSDH%WP_117562420_1_SDR_family_NAD(P)-dependent_oxidoreductase__Enterocloster_aldenensis_,0.63516486,0.37413138,1.0,-0.4017658,1.0,1.0,1.0,0.5965228,-0.5117392,-0.19444732,0.5246297,-1.0,-1.0,-1.0,1.0,0.5111754,0.8164962,0.74571407,0.032731097,0.45062947,1.0,0.17750973,0.23065217,0.5046584,-1.0,-1.0,-1.0,-1.0,0.72899234,1.0,-0.8685239,0.5004184,-0.588525,-0.11629813,0.34874803,0.80098194,0.4801671,0.4789362
3aHSDH%WP_138309742_1_MULTISPECIES__SDR_family_NAD(P)-dependent_oxidoreductase__unclassified_Clostridium_,-0.7546783,-0.5862679,0.09924091,1.0,0.42601648,0.823199,0.24781857,0.90229654,-0.3029292,-0.32023495,-0.23371306,0.326807,-1.0,-0.18275115,0.18867403,0.32565704,0.15202689,0.2433845,0.25378075,-0.2595198,-0.092718184,0.37786704,0.41181597,0.78103286,0.16181736,1.0,0.20755582,0.06578203,0.34596926,0.6214784,-0.72959894,-0.42598128,0.3927359,-1.0,-0.083018534,-0.21429248,-0.6028628,-0.7014976
3aHSDH%WP_182279434_1_SDR_family_NAD(P)-dependent_oxidoreductase__Collinsella_intestinalis_,-1.0,-0.79665285,0.27401188,0.8075515,0.058029152,0.0059856777,0.91870666,0.28443465,0.32156554,0.8459977,-0.43991596,-0.1334827,-1.0,-0.65467775,-0.36036482,1.0,1.0,-0.20813137,0.21805575,-0.6876028,0.25850746,-0.59795094,-0.4609487,0.036699053,0.83219945,1.0,0.48215416,0.5461271,0.28848538,1.0,-0.20850793,-0.24919522,0.014336983,-1.0,0.34328988,-0.9139594,-1.0,-0.17628646
3aHSDH%WP_191282235_1_SDR_family_oxidoreductase__Pseudolysinimonas_yzui_,-1.0,-1.0,-0.4265863,-1.0,0.9256883,1.0,1.0,-0.4834668,1.0,0.75991184,-1.0,-1.0,0.0931195,1.0,1.0,1.0,1.0,-1.0,0.42524785,-1.0,-1.0,-0.13699928,-0.6645462,-1.0,1.0,-0.35490036,0.71411484,1.0,1.0,-1.0,1.0,1.0,1.0,-1.0,-0.3297607,-1.0,-1.0,-0.49386618
3aHSDH%WP_231385278_1_SDR_family_NAD(P)-dependent_oxidoreductase__Candidatus_Stoquefichus_massiliensis_,0.07180189,-0.49402297,0.38898197,-1.0,1.0,-0.43274617,0.7949428,-0.832602,0.9228547,1.0,-0.5162282,0.034815423,-0.456931,0.3905946,1.0,0.5605895,0.85241365,-0.45346475,0.4742298,-0.6206571,-1.0,0.1176057,0.19274954,-0.6381555,0.43367848,-0.93903184,-0.65531015,0.032229416,1.0,-0.67804265,0.6220771,-1.0,0.41866416,-1.0,1.0,-0.23173425,-0.82776725,0.35228786
3aHSDH%WP_270208025_1_SDR_family_oxidoreductase__Eggerthella_lenta_,-0.9490992,-0.6663739,-0.30228537,0.742356,-0.085941836,0.30751744,0.509096,-0.026720341,-0.29242724,-0.74367154,-0.60292506,0.7106931,-0.70939016,1.0,0.05707872,0.48100471,-0.12999251,-1.0,-1.0,-0.6485076,0.12387491,-0.8470723,-1.0,-0.8796139,1.0,1.0,1.0,1.0,0.5817692,-0.6737802,-1.0,1.0,0.16312261,-1.0,-1.0,-0.8170974,-0.45730585,0.63911283
3aHSDH%WP_289544896_1_SDR_family_NAD(P)-dependent_oxidoreductase__Enorma_phocaeensis_,-0.6138156,-0.48089677,1.0,-1.0,-0.9601997,-1.0,-0.08537036,-0.33292344,1.0,1.0,0.005998904,1.0,0.547079,1.0,-1.0,-0.13510498,0.39392966,-0.30309448,-0.39713418,-0.26214793,0.23609658,-0.76746106,0.38513923,0.77748406,0.29152355,0.35795158,-0.96636546,-0.1913806,-0.93830675,0.5938439,-0.66547084,-0.80414104,-0.94548804,0.21377203,-0.09846755,0.06628611,-0.10588073,0.8842587
3aHSDH%WP_316269050_1_SDR_family_NAD(P)-dependent_oxidoreductase__Claveliimonas_bilis_,0.52621394,0.91876155,-0.47843748,1.0,-1.0,-0.08956344,-1.0,1.0,-1.0,-1.0,0.92661244,1.0,1.0,-1.0,-1.0,-0.4585172,-0.22723097,0.61095935,-0.21101476,0.9738424,0.7465636,-0.54210186,-0.78403205,1.0,-0.820829,0.85072476,1.0,-0.6273806,-1.0,0.16566002,-1.0,-0.013653673,-0.6400048,-0.41866067,-0.029960865,0.35532552,0.5347995,-0.4565051
3aHSDH%WP_377204125_1_MULTISPECIES__SDR_family_oxidoreductase__unclassified_Pseudarthrobacter_,0.32881632,-0.51157165,0.6462768,-1.0,1.0,1.0,1.0,0.23354925,-0.50701046,-1.0,0.04297036,-1.0,-1.0,-1.0,1.0,1.0,1.0,1.0,-0.2966267,-0.38676795,-1.0,1.0,0.11193044,0.84803563,-1.0,0.2929176,0.08513777,-0.6684441,0.85075825,0.7499995,0.53862756,0.46022353,0.27463594,0.5405065,1.0,0.40696278,-0.8022217,1.0
3aHSDH%WP_427737837_1_SDR_family_NAD(P)-dependent_oxidoreductase__Bariatricus_sp__SGI_154_,-0.3161222,-1.0,1.0,-1.0,-0.13579533,-0.73802155,1.0,-1.0,1.0,0.44424576,-1.0,-1.0,-1.0,-0.8063916,0.8715237,1.0,1.0,-1.0,1.0,-1.0,-1.0,1.0,1.0,-0.7466344,0.6821584,0.4636243,0.5069647,1.0,1.0,-1.0,0.31914973,-1.0,1.0,0.6531687,1.0,-0.60486233,-1.0,0.42478207
3bHSDH%GENOME124823_1686,-1.0,-1.0,0.7295561,-1.0,1.0,1.0,1.0,-0.6187756,0.94297254,0.7859614,-1.0,-1.0,-1.0,0.62341326,1.0,1.0,0.8508603,-0.3962369,0.51893795,-1.0,-1.0,0.029164406,-1.0,-1.0,1.0,-1.0,-0.95800793,1.0,0.8785817,-0.048303396,1.0,0.10479899,0.5667665,1.0,1.0,-1.0,-1.0,1.0
3bHSDH%MBS6646402_1_glucose_1-dehydrogenase__Clostridiaceae_bacterium_,0.52588505,0.17469776,-0.2632584,-1.0,0.25049943,0.33657324,0.5200233,-1.0,0.20397735,-0.37945518,0.25219536,1.0,0.5417986,1.0,-0.28049257,0.015261083,-0.0018928265,-1.0,-1.0,0.13482957,-0.9612791,-0.69540846,0.45225692,-1.0,1.0,0.9625399,0.5923331,1.0,0.013728459,-1.0,-1.0,-0.8292529,-0.48062548,-0.5705046,0.448513,0.27688605,0.033508033,-0.25939876
3bHSDH%MBS6779006_1_aldo_keto_reductase__Eggerthella_sp__,-0.08362653,-0.16914724,0.74387544,-0.87513566,0.48365095,0.69475543,0.27633724,-0.9309511,1.0,0.3984217,-0.5549529,0.3158146,0.9212088,1.0,1.0,0.18406998,-0.75189775,-1.0,0.57502025,-0.38611057,-1.0,0.13776402,0.17052884,-1.0,1.0,-0.49655393,-0.47587883,0.06369287,0.37174666,-1.0,1.0,-0.7569649,0.2558975,0.33113402,0.7450566,-0.7114497,-0.4017511,-0.3926038
3bHSDH%MEY8522072_1_aldo_keto_reductase__Lachnospiraceae_bacterium_38-10_,1.0,1.0,-0.23372142,0.45011646,-0.011819172,-0.21063642,-0.81730604,1.0,-0.09664954,1.0,1.0,0.19804002,0.829922,-1.0,-0.8453049,-1.0,-0.5124943,1.0,-0.5236453,1.0,0.52821106,-1.0,0.41158608,0.41719386,-1.0,-0.5128201,-0.95934576,-1.0,-0.30090427,-0.41876152,-1.0,1.0,-1.0,0.2111796,-0.47376108,1.0,1.0,-0.71141917
3bHSDH%WP_100933575_1_SDR_family_NAD(P)-dependent_oxidoreductase___Clostridium__innocuum_,-0.14234997,-1.0,1.0,-1.0,1.0,-0.12667343,0.40350252,-1.0,0.21866141,-0.43983334,-0.53799194,-1.0,-1.0,0.19901893,1.0,0.9225842,0.91816944,-1.0,0.5459553,-1.0,-1.0,0.53749335,-0.6719656,-1.0,0.5842995,0.28599927,0.21369877,1.0,0.62635005,-0.86488193,-0.0996091,-1.0,-0.4697208,1.0,1.0,-0.6609006,-1.0,1.0
3bHSDH%WP_186937525_1_glucose_1-dehydrogenase__Eggerthella_hominis_,0.4146111,1.0,-1.0,0.31800213,-0.95063436,0.62599087,-0.469436,1.0,-0.72711134,-0.5255694,0.49059433,0.7525699,-0.13980429,0.56152314,-1.0,-0.78230524,-0.10064526,0.09218159,-1.0,0.8020135,0.14359507,-1.0,-1.0,0.35299549,1.0,1.0,1.0,0.7640942,-0.2478445,-0.096362986,-1.0,1.0,-0.8812978,-1.0,-1.0,-0.03677155,1.0,-0.7012961
5AR%GENOME006039_2690,-0.28372055,-0.8339755,0.4438866,-0.9319407,0.5457627,-0.075234674,0.88654184,-0.79940593,0.32656273,1.0,-0.50775456,-0.43789282,-0.8354865,-0.9289789,0.3353159,1.0,0.80830264,-0.51603794,0.85720706,-0.58570856,-0.49343455,0.23499888,0.27998948,-0.63802147,0.018329348,0.42313993,-0.07885298,-0.4664711,0.82931024,0.22745147,0.8141227,-1.0,0.93507487,-0.5873122,0.9883032,-0.10047275,-1.0,0.6900449
5AR%GENOME012336_2253,1.0,1.0,-0.7919416,0.11258721,-0.0070941364,-1.0,-0.6551169,-0.17217425,-0.80283487,-1.0,0.6184025,0.9997806,0.20093541,0.540086,-0.18076698,-0.59377706,-0.38655946,-0.19748753,-1.0,0.6707795,-0.31928352,-0.41649327,-0.36700705,-0.47073156,0.08667848,1.0,1.0,0.052173216,-0.66685915,-1.0,-0.7921038,0.57028306,-0.33741796,0.10472033,0.067747295,0.5838067,0.8136317,0.2271852
5AR%GENOME021742_2120,0.11439001,0.19735685,0.14186503,-0.59501487,-0.09857467,-0.99844474,0.12938334,-0.9767411,0.2952276,0.005619437,0.18084532,0.13722838,-0.12715659,0.89118654,0.03889479,0.040232383,0.21072541,-0.11690227,-0.49690375,0.08321489,-0.1039025,-0.18081312,-0.5115752,-0.66296005,0.39973855,-0.4913966,-1.0,1.0,-0.16786349,-0.03884766,0.029634582,1.0,-0.004950974,0.7232041,-0.27600637,0.0942252,0.21559264,-0.55745614
5AR%GENOME078645_81,0.16081156,0.4015101,0.04398061,0.7672181,0.78580534,-1.0,0.7289018,1.0,-0.36064377,-0.83128583,0.28772783,0.07497521,-0.89341146,0.21487148,-0.59127915,0.3777455,0.27253458,0.9174901,0.43605402,0.2846492,0.7174573,0.5216877,0.5755904,0.9824542,-0.9032734,-0.9959827,-1.0,-0.5266846,0.7546062,0.06813972,-0.79246134,-0.6513417,-0.033263005,0.19752607,-0.696614,-0.07095778,0.33103886,-0.310225
5AR%GENOME084343_2181,0.708458,0.760876,-0.13603483,0.63415796,-1.0,-1.0,-1.0,-0.9210921,0.018194685,1.0,0.45884395,0.7892013,1.0,1.0,-1.0,-1.0,-0.9440956,-0.4880736,-0.54952574,0.7078945,0.51654214,-1.0,0.8568313,0.0758484,0.24750769,0.063980244,0.3961665,1.0,-1.0,-0.96508825,-1.0,-0.8150194,-1.0,1.0,0.6566417,0.7071059,0.83890957,1.0
5AR%GENOME086572_2986,0.52115554,0.7261773,-1.0,0.82819605,0.29808295,1.0,0.13569754,0.885855,-0.43995476,-0.27330363,0.043883666,-0.7504666,0.6034898,-1.0,1.0,-0.38497978,0.19051144,0.3490136,0.2547331,0.6127778,0.5861791,-0.18443774,0.49710724,0.49803764,-0.519999,-1.0,0.13700299,-1.0,0.6828173,1.0,0.5818922,0.37332702,-0.46999204,-1.0,0.045816302,0.18544559,0.43208784,-0.6778828
5AR%GENOME107567_81,-0.4777419,-0.3835088,-0.013718288,-0.6875147,0.9755394,0.60803914,-0.27708355,0.33326566,0.7259394,0.29394472,-0.6876271,-1.0,-0.43378678,-0.85794294,1.0,0.43017372,0.9683194,-0.5629242,0.625999,-0.6302111,-1.0,-0.42744806,0.49498484,-0.8599981,1.0,0.50265366,1.0,0.4554268,0.7479017,-1.0,0.87424225,-1.0,0.96190727,-0.3905495,0.2639104,-0.920053,-0.7932644,0.017316997
5AR%GENOME140582_2251,-1.0,-0.73030967,1.0,-1.0,1.0,-0.4247078,1.0,-1.0,1.0,1.0,-0.93013924,-1.0,-1.0,-0.54890984,1.0,1.0,1.0,-1.0,1.0,-0.96949345,-1.0,1.0,1.0,-1.0,0.8410402,-1.0,-1.0,-0.6580209,1.0,-0.53605574,1.0,-1.0,1.0,-1.0,1.0,-1.0,-1.0,0.23095164
5AR%GENOME142018_414,-0.42345086,0.14953546,-0.19322276,1.0,-1.0,0.8203213,-0.9814644,0.3403348,-0.47132823,0.16119157,0.83705723,1.0,0.56451803,-0.16603497,0.41655964,-0.9401039,-1.0,0.8270709,-0.77806103,0.54464597,0.57269955,-0.35592696,-1.0,0.9842613,-0.4571165,1.0,-0.014953964,-0.8024554,-1.0,0.17859648,0.51947355,1.0,-0.03212701,-0.03157648,-0.5064673,0.109730504,0.43156475,-1.0
5AR%GENOME170052_106,0.67265654,0.66027987,0.8713635,-0.7893034,-0.026524419,-1.0,-0.32752776,0.10623444,0.705104,-0.06650483,0.36708894,0.24404986,0.89616907,0.8786019,-0.41873053,-0.28637433,-0.36789185,0.17746545,-0.005618056,0.47233412,-0.42518428,-0.6008117,0.024993924,-0.4790189,1.0,-0.7793033,-0.8464,0.5130754,-0.85364133,-1.0,-0.410925,-0.31217244,-0.6680492,0.983722,-0.6660692,0.2597299,0.64061004,-0.06989934
5AR%GENOME179594_130,1.0,1.0,-0.6938566,-0.16200358,-1.0,0.05579165,-1.0,0.27388328,0.6551758,0.33665714,1.0,1.0,0.5704228,0.35472876,-0.50382644,-1.0,-1.0,0.15540026,-1.0,1.0,-0.035181228,-1.0,-1.0,0.37174022,1.0,1.0,1.0,0.77938354,-1.0,-0.46199805,-1.0,-0.41390556,-1.0,-0.9723468,0.22235467,1.0,1.0,-0.61640066
5AR%GENOME179896_434,-0.80064356,-0.95665205,1.0,-1.0,1.0,0.10163152,1.0,-1.0,0.12318563,-0.32423767,-0.61221874,-1.0,-0.9128478,-1.0,1.0,1.0,0.94923776,-1.0,1.0,-0.9657607,-1.0,0.9339452,1.0,-0.889918,-0.1292899,0.46149352,-0.26141828,-0.34096912,1.0,-0.76742375,1.0,-1.0,1.0,0.87692213,0.3516684,-0.92229486,-1.0,1.0
5AR%HIU55603_1_DUF1295_domain-containing_protein__Candidatus_Gallibacteroides_avistercoris_,-0.06128483,0.121399656,-0.99186295,1.0,-0.91805845,1.0,-0.58285904,1.0,-0.5356341,0.4801008,-0.4760952,-0.7927608,0.82533807,-1.0,0.41007698,-0.6156473,0.59760624,1.0,-0.73234975,-0.086847976,1.0,-0.25722903,-1.0,0.32921073,0.32627532,0.032030534,-0.052510865,0.44275784,-1.0,1.0,-0.07536627,0.8048016,-1.0,-0.3194171,-0.3044604,0.2139077,0.42030308,-0.52992326
5AR%MBD5276024_1_DUF1295_domain-containing_protein__Bacteroides_sp__,0.014237702,0.016953317,0.2552051,-0.16015217,0.41508678,-0.22860597,0.7860919,-0.6302415,0.67286855,0.6447978,-0.4429744,-1.0,-0.89219826,-0.16217595,0.17105567,1.0,0.96445584,-0.49477178,0.9667952,-0.3553663,-0.13686882,0.915415,-0.053735446,-0.8069169,0.024370205,-1.0,-0.96881014,0.51512814,0.43741092,0.08344341,0.610197,0.5099322,0.36096054,-0.3201708,0.5407985,-0.31887802,-0.26107833,0.0756252
5AR%MBO5195293_1_DUF1295_domain-containing_protein__Bacteroidales_bacterium_,0.15014663,0.6462187,-1.0,1.0,-0.18346103,0.7443445,0.06921571,1.0,-1.0,-0.8413251,0.35916498,0.23370606,0.5238182,-1.0,-0.4327818,-0.63290423,-0.27002272,1.0,-0.39338407,0.63867605,1.0,-0.17063162,-0.3886388,1.0,-0.76506644,0.33521852,0.36500096,-1.0,-0.19408147,1.0,-0.26144713,0.62125564,-0.707911,-1.0,-1.0,0.33545706,0.715593,-1.0
5AR%MBP3601379_1_DUF1295_domain-containing_protein__Alistipes_sp__,1.0,0.77657527,0.4459923,0.04195848,0.06389434,0.12300078,-0.28268152,-0.010359654,0.5523809,0.13967434,0.38970095,0.700308,-0.096801564,0.097037576,-0.45473993,-0.5691859,-1.0,-0.28680545,-1.0,0.62909997,0.28826395,-1.0,-0.8818143,-1.0,0.6688877,-0.12149201,-0.3246791,0.65371203,-0.20542803,-0.93618476,-0.48436788,-0.48813155,-0.58386874,-0.023078268,0.488892,0.5362514,0.4414317,0.40564615
5AR%MBQ1253485_1_DUF1295_domain-containing_protein__Alistipes_sp__,-0.29207724,-0.4362139,0.3908094,-0.76584107,0.9822208,0.81127447,0.52231586,0.08356245,1.0,1.0,-0.25601,-0.92854214,-1.0,-0.2943414,0.78812736,1.0,1.0,-0.07152863,0.76395255,-0.5317252,-0.761744,0.41394654,-0.38934898,-1.0,0.528208,-0.9235018,-1.0,0.948701,0.6580122,-1.0,-0.037569523,-0.0478882,0.26314262,0.21426263,0.39290595,-0.5864505,-0.72913074,-0.048582207
5AR%MBR4740186_1_DUF1295_domain-containing_protein__Bacteroidales_bacterium_,-0.9308786,-0.7841216,-0.09578625,-0.5123877,1.0,-1.0,1.0,0.35667628,0.825691,0.8442277,-0.65864736,-1.0,-0.5773569,-0.27411705,1.0,1.0,1.0,0.42098722,1.0,-0.9287731,-0.011909624,0.9775489,1.0,-0.040350717,-1.0,-1.0,-1.0,-1.0,1.0,1.0,1.0,0.33040136,1.0,-0.19838428,0.12544866,-0.9910083,-0.7873222,1.0
5AR%MCD7962281_1_DUF1295_domain-containing_protein__Rikenellaceae_bacterium_,0.29557177,0.5840087,-0.50754654,-0.8916011,0.21072228,-1.0,-0.90671724,-0.5075322,-0.3009794,-0.04526222,1.0,1.0,0.6947645,1.0,-0.40364486,-1.0,-0.4497653,-0.60113114,-1.0,1.0,-1.0,-0.9759412,1.0,-0.21877614,0.19855109,-0.7171831,1.0,0.9995068,0.24912776,-0.45091808,-0.37788182,-0.74964684,-1.0,0.6280621,-0.8106629,1.0,1.0,-0.93685865
5AR%MCH5217706_1_DUF1295_domain-containing_protein__Muribaculaceae_bacterium_,-0.5829513,-0.6064175,0.38880384,-0.7259674,0.7812451,1.0,-0.045534138,0.62012315,0.8320884,0.65475553,-0.41145492,-0.9493397,-1.0,-0.121798426,0.7407209,0.6578972,0.6737106,0.7440558,0.5062504,-0.5940078,0.22620906,1.0,0.05411229,1.0,-0.57651293,-1.0,-1.0,-1.0,0.6274224,0.7875563,0.81913626,0.50367403,0.53954977,-0.07148473,0.5222,-0.44067279,-0.44945577,0.018641537
5AR%MCQ2341803_1_DUF1295_domain-containing_protein__Paludibacteraceae_bacterium_,0.7267839,0.88789797,-0.18332994,0.7082254,0.18191378,0.92673343,-0.955714,-0.994318,0.117062755,-0.37598014,0.8258145,1.0,1.0,-0.74331516,0.93113947,-0.860805,-0.50109124,-0.46313813,0.29880422,0.8406675,-1.0,0.5815138,-1.0,-1.0,0.79312676,1.0,1.0,-0.46103087,-0.4927425,-1.0,-0.046033617,-1.0,-0.8044678,1.0,-1.0,0.38476637,0.6032193,-1.0
5AR%MCR5660240_1_DUF1295_domain-containing_protein__Bacteroidales_bacterium_,0.66927916,0.92883563,-0.8920185,1.0,-1.0,0.059521865,-1.0,0.9332949,-1.0,-0.84640807,0.8554996,1.0,1.0,0.4740497,-0.5377062,-1.0,-1.0,0.9611333,-1.0,1.0,1.0,-1.0,-0.74109846,1.0,-0.63699436,1.0,0.99230915,-0.41629568,-1.0,0.79905766,-1.0,1.0,-0.68013734,0.48422694,-1.0,0.91145444,1.0,-1.0
5AR%MDE7159808_1_DUF1295_domain-containing_protein__Muribaculaceae_bacterium_,0.8821962,1.0,-1.0,1.0,-0.47965506,1.0,-0.85723376,1.0,-0.5892582,-1.0,0.67819846,0.8215808,-0.12813407,-0.957658,-0.6930073,-0.9872075,-1.0,-0.08945775,-0.22916429,0.9364633,0.16698787,-0.9098685,0.12807173,1.0,-0.20463768,0.73747545,1.0,-1.0,-0.6291846,1.0,-0.15265648,0.52118677,-0.31545702,-0.8073097,-1.0,0.27802202,0.72351825,-0.056987144
5AR%WP_005657188_1_DUF1295_domain-containing_protein__Bacteroides_stercoris_,-0.30829152,0.15893379,-1.0,1.0,-1.0,1.0,-0.10535042,1.0,-0.7134547,0.5818533,-0.526755,-0.41020587,-0.05642527,-0.23070478,-0.07681298,-0.2006064,0.94988173,1.0,-0.69438064,-0.27794695,1.0,-0.17222618,-1.0,1.0,0.14174944,-0.25015295,-1.0,0.37265083,-1.0,1.0,-0.23575121,1.0,-0.73430365,-0.69059867,-0.723307,-0.49770743,0.28316942,0.40474665
5AR%WP_099292233_1_MULTISPECIES__DUF1295_domain-containing_protein__Butyricimonas_,0.956036,1.0,-0.8713529,0.7318129,-1.0,0.08144345,-1.0,-0.04027114,0.36875057,1.0,0.047629703,0.025623266,0.4908541,1.0,-1.0,-1.0,-1.0,-0.41955864,0.40601596,0.65651894,1.0,-0.35861537,0.8666684,1.0,0.5129479,-1.0,-1.0,1.0,-1.0,0.24032527,-1.0,1.0,0.27257448,1.0,-1.0,-0.7937698,0.9258231,0.7364926
5AR%WP_300108487_1_DUF1295_domain-containing_protein__uncultured_Alistipes_sp__,0.1589953,0.13875842,0.4579774,0.21866402,0.6074386,-1.0,0.71629184,0.6210246,0.0060595176,-0.08524153,0.441493,0.23709705,-0.38854733,0.22371303,-0.495094,0.73554265,0.05138588,0.9290751,0.39119032,0.34931532,0.6558212,0.4067339,0.91845316,0.5456271,-1.0,-1.0,-1.0,-0.63456786,0.52367234,0.21045242,-0.228975,-0.21489713,0.36290857,1.0,-0.48029417,0.0849356,0.20229182,-0.27208838
5AR%WP_302729833_1_DUF1295_domain-containing_protein__Bacteroides_sp__ET489_,-0.3201932,-0.23541392,1.0,-1.0,-1.0,-0.27510718,-0.5893164,-1.0,0.9555423,1.0,0.7335448,1.0,0.3251717,0.5398724,-0.62393117,-0.40908948,-0.65493435,-0.0728074,-0.25808662,0.22127801,-0.9921207,-0.068948,-0.45920777,0.5440353,0.092421934,1.0,-0.5515737,0.29570428,-1.0,-0.1344353,-0.13037911,-0.14221881,0.08747328,0.31510958,0.7148463,-0.03017277,-0.26815724,-0.46215266
5AR%WP_303226315_1_DUF1295_domain-containing_protein__Alistipes_indistinctus_,-1.0,-0.587434,-0.49204698,0.6265984,0.3606892,1.0,1.0,0.7056069,0.15572326,0.8126892,-1.0,-1.0,-1.0,-0.053536184,0.090137474,0.7529941,0.99859226,0.15285353,1.0,-1.0,0.48121923,1.0,1.0,1.0,-0.37417725,-0.8764937,-0.59957206,-1.0,0.54936594,-0.18983634,1.0,1.0,1.0,-0.5937397,-1.0,-1.0,-0.69751245,-0.31975168
5AR%WP_346709278_1_DUF1295_domain-containing_protein__Phocaeicola_salanitronis_,0.22393121,0.15625872,-0.12787202,0.26372597,0.43709782,-1.0,0.056461163,-0.017031679,0.038501233,0.21988419,0.16973735,0.17671618,0.25341183,-0.8977845,0.06086533,0.3246639,-0.18761732,-0.4694115,-0.17857797,0.30008167,0.1867371,-0.36012113,-0.0083940495,-0.87826216,-0.27253953,0.057989128,1.0,-0.27158394,0.16194722,-0.25137648,-0.05809051,-1.0,-0.18476267,-0.5024151,1.0,0.57761806,-0.053948034,0.46021444
5AR%WP_418203978_1_DUF1295_domain-containing_protein__Bacteroides_sp__,-1.0,-1.0,1.0,-1.0,1.0,-0.8543399,1.0,-1.0,1.0,1.0,-1.0,-1.0,-1.0,-0.23260337,1.0,1.0,1.0,-1.0,1.0,-1.0,-1.0,1.0,1.0,-1.0,1.0,-0.16611351,-0.20001589,1.0,1.0,-1.0,1.0,-1.0,1.0,0.7723345,1.0,-1.0,-1.0,0.89912
5BR%CAK7070565_1_MAG__NADPH_dehydrogenase__Parabacteroides_sp__,1.0,0.781515,0.3745602,0.25966963,0.178868,0.41448674,-0.45266038,0.8292948,-0.5180984,-0.80260944,0.5841827,-0.2870168,-0.48187795,-1.0,-0.41799784,-0.656553,-0.65177226,0.3675255,-0.3045711,0.7292166,0.53446037,-0.47322387,-0.06374478,0.90049505,-0.8353892,-0.45389056,-1.0,-0.42834073,-0.12032629,0.044852097,-0.14662626,0.7487056,-0.24410209,1.0,-0.35095236,1.0,0.69485605,0.25226244
5BR%GENOME006024_4796,-0.31498846,-0.28247792,1.0,0.74299294,0.3483823,0.22157842,0.55060554,0.24272141,-0.005806415,0.47480506,-0.2438489,-1.0,-0.7004548,-1.0,0.6236114,-0.021068107,-0.27247027,-0.40177888,1.0,-0.29053622,0.10910192,1.0,1.0,0.99924487,-1.0,-0.9364931,-0.83224905,-1.0,0.11948721,-1.0,1.0,0.052481595,0.9894329,0.84201705,0.17425922,-0.044497218,-0.12435683,0.6841623
5BR%GENOME006521_2122,-1.0,-1.0,0.938536,-1.0,1.0,1.0,1.0,-1.0,0.900158,0.47807372,-0.7088243,-0.8065333,-1.0,-0.42361167,1.0,1.0,1.0,-0.16805214,1.0,-1.0,-0.6117325,1.0,0.9522734,-0.34556144,-0.32905182,-0.19917971,-0.03724601,-0.6351444,1.0,0.7938506,1.0,-0.5570838,1.0,-0.50548875,0.3733494,-0.9971661,-1.0,0.21111976
5BR%GENOME141824_1849,-1.0,-1.0,0.9057301,-1.0,1.0,0.15740588,1.0,-0.6374418,0.83654785,0.95029914,-0.6890302,-0.69421905,-0.42738086,0.7778478,0.65178883,1.0,1.0,-0.42875427,-0.24995978,-1.0,-1.0,0.25160134,-0.022508647,-0.19640398,0.7906432,0.7649764,0.7931789,0.7223386,0.9802801,0.6200006,0.6266617,-1.0,0.53781396,-1.0,0.09944163,-1.0,-1.0,0.5875496
5BR%HIX74022_1_NADH_flavin_oxidoreductase__Candidatus_Parabacteroides_intestinipullorum_,-0.08207133,-0.6532809,-0.06397346,-0.7083917,0.7869347,-0.19361337,0.00865427,-0.6070449,0.4892755,0.7390052,-0.4384277,-0.001748906,-0.98200965,-0.042851962,0.53873026,0.69116366,0.020203087,-0.84818965,0.52525604,-0.44448978,-0.72466886,-0.14305879,0.08358672,-1.0,1.0,1.0,1.0,0.811349,0.6653833,-1.0,0.5642496,-1.0,0.10373751,-0.44209918,0.92656106,0.05527117,-0.9244919,0.03525229
5BR%MBE6202772_1_NADH_flavin_oxidoreductase__Rikenellaceae_bacterium_,-0.97642606,-0.6468068,0.7098521,-1.0,1.0,-0.9318459,0.9633961,-1.0,0.9853319,0.56447476,-0.34611282,-0.5779138,-0.4869978,-0.47143155,1.0,0.6221034,1.0,-1.0,0.9266707,-0.49624437,-1.0,0.5236685,0.7008111,-1.0,1.0,0.81799537,-0.22040989,1.0,1.0,-0.0058138734,0.65369916,-1.0,1.0,0.103666656,-0.4888959,-0.9997183,-0.829234,0.27639496
5BR%MBO4402754_1_NADH_flavin_oxidoreductase__Bacteroidales_bacterium_,-0.47732863,-0.47044638,0.64709604,-0.09807778,0.8460303,-0.9949183,-0.56255263,-0.6417986,0.29136813,-0.26808563,-1.0,-1.0,0.2290207,-0.1056802,0.46338198,-0.31498492,0.3859721,-1.0,0.95940024,-0.7912311,-1.0,0.98534054,0.93797266,0.0057194973,0.43540022,1.0,1.0,0.8792518,0.46670327,-0.8784035,1.0,0.5029008,0.8302192,-0.7910677,0.274579,-0.9839037,-0.94951904,-0.31022966
5BR%MBO7234306_1_NADH_flavin_oxidoreductase__Paludibacteraceae_bacterium_,0.92424405,0.7581706,0.5383281,-1.0,0.6226482,-1.0,-0.58201754,-0.2764504,-0.200388,-1.0,0.6630276,0.2610311,0.04343382,1.0,0.022602055,-0.112518005,-0.101841755,-0.14415258,-0.6286854,0.65587974,-0.64297724,-0.49684906,0.5169514,-0.64070964,-0.13717976,-0.50457907,-0.35977182,0.66876763,-0.24943958,-1.0,-1.0,-0.14741579,-0.76328677,0.9642057,0.48823372,0.70733476,0.6002174,1.0
5BR%MBO8446450_1_NADH_flavin_oxidoreductase__Candidatus_Enterocola_intestinipullorum_,-0.16664279,0.8115201,-0.92007166,0.6673865,-1.0,-0.21135056,-0.5635833,0.06286493,-0.15665764,-0.5625693,0.37762773,0.58442503,1.0,1.0,-1.0,-1.0,-0.72835135,0.6498254,0.43311962,0.42564237,1.0,1.0,0.47213012,1.0,-0.9969228,-1.0,-1.0,-0.50764734,-1.0,1.0,-0.4683184,1.0,0.45671284,-0.2389248,-1.0,-1.0,0.9666492,-1.0
5BR%MBQ8101082_1_NADH_flavin_oxidoreductase__Paludibacteraceae_bacterium_,-0.22122188,0.2143171,-1.0,0.69094074,-0.478948,0.5119475,-0.3653746,1.0,-0.810573,-0.672788,0.5408708,0.8016466,0.2837638,-1.0,-0.029969344,-0.055310916,0.6764105,1.0,0.55681777,0.4737357,1.0,0.98737365,0.5622703,1.0,-1.0,-0.55782884,-1.0,-1.0,-0.24025634,1.0,-0.107612304,1.0,-0.5626727,-0.99974394,-1.0,0.05937256,0.24820974,-1.0
5BR%MCA9548846_1_NADH_flavin_oxidoreductase__Myxococcales_bacterium_,1.0,1.0,-1.0,0.15866928,-1.0,-1.0,-1.0,-0.5874735,0.01280456,1.0,1.0,1.0,1.0,1.0,-1.0,-1.0,-1.0,-0.5037585,-1.0,1.0,0.68932927,-1.0,-0.5554455,-0.25190866,0.5862945,0.22020803,1.0,1.0,-1.0,-1.0,-1.0,-0.04131974,-1.0,0.3964549,1.0,0.8727275,1.0,1.0
5BR%MCD8287651_1_NADH_flavin_oxidoreductase__Porphyromonadaceae_bacterium_,0.6730858,1.0,-0.8090708,0.3533035,-0.2539573,0.3147625,-0.4224682,0.15693964,-0.5732955,-0.41663796,-0.108632915,-0.037987035,1.0,-0.7627301,0.83751345,-0.36228076,1.0,-0.053664323,-0.4382517,0.38384596,0.26835835,0.69532895,-0.08477426,-0.36205256,0.62571776,-0.46051607,0.20981415,0.2799113,-0.76347464,-1.0,-1.0,-0.40784976,-0.668976,0.20686331,-0.9235744,-0.089331925,0.8989356,-0.6328452
5BR%MCF0197806_1_NADH_flavin_oxidoreductase__Bacteroidaceae_bacterium_,-0.86012834,0.28799036,0.23938116,0.15690818,0.18069987,0.39842385,1.0,-0.20211874,0.8318793,1.0,-0.7215522,-0.8258128,-0.24098824,-0.4694641,0.04200558,1.0,1.0,-0.54691786,1.0,-0.9766318,-1.0,0.8209739,1.0,-0.35393545,-0.42682558,-1.0,-1.0,-1.0,0.8670545,0.34911978,0.44521302,0.42511255,1.0,-0.38357982,0.17659469,-1.0,-0.41281444,-0.21864328
5BR%MCH5231198_1_NADH_flavin_oxidoreductase__Muribaculaceae_bacterium_,-0.22027576,-0.33345056,0.9750558,0.047805686,-1.0,-0.31306693,-0.8671029,1.0,0.8958608,1.0,0.17298622,-0.47640032,-0.50344664,-0.22202459,-0.7301009,-1.0,-0.226084,0.8009487,-0.7515775,0.27270097,-0.20471247,-0.6816264,-0.8805425,0.4083098,0.32114977,0.59340763,-1.0,0.85759425,-0.965707,0.29107687,-0.0829679,0.4387964,-0.16197237,-0.36323583,1.0,0.3585993,-0.12420832,1.0
5BR%MCQ2066925_1_NADH_flavin_oxidoreductase__Bacteroidaceae_bacterium_,-0.8051404,-0.056512676,-0.7670037,0.80931973,-0.4867758,-0.62447333,-0.9648199,0.2792862,0.17164977,1.0,0.038168173,-0.16331805,0.59131944,0.036806125,-1.0,-0.7773851,-0.384723,-0.24107866,-0.4559068,0.29499865,0.46069664,-1.0,-0.037913542,0.21676652,1.0,0.5224383,1.0,1.0,-0.75702244,-0.07393906,-0.16576801,-0.5890593,-1.0,-0.29801124,-0.2946181,-0.16862191,0.22983994,0.25594035
5BR%MCQ2271787_1_NADH_flavin_oxidoreductase__Bacteroidales_bacterium_,-0.03842733,-0.5785516,0.9462043,-1.0,1.0,0.56962854,0.41119376,-0.7880178,-0.25388652,-0.47352496,-0.62867826,-1.0,-0.6066939,-0.6373982,1.0,0.78962946,0.42893174,-0.9138647,0.77961797,-0.38791683,-0.9646163,1.0,1.0,-1.0,-0.06356548,-1.0,-0.111045144,0.24273634,1.0,-1.0,0.82371694,-0.4360736,0.55868775,1.0,0.4972495,0.27737284,-0.1965741,0.67253083
5BR%MCR4591939_1_NADH_flavin_oxidoreductase__Bacteroidaceae_bacterium_,-1.0,-1.0,0.9932278,-1.0,1.0,0.39477417,1.0,-1.0,1.0,0.8091319,-1.0,-1.0,-1.0,0.95054257,0.75838697,1.0,1.0,-1.0,1.0,-1.0,-1.0,1.0,1.0,-1.0,1.0,-0.10728265,-0.044665314,1.0,1.0,-0.60448134,1.0,-0.9380558,1.0,-0.6422541,0.6674782,-1.0,-1.0,1.0
5BR%MDD2293891_1_NADH_flavin_oxidoreductase__Bacteroidales_bacterium_,-1.0,-0.38987762,1.0,0.0032325322,0.41016838,1.0,1.0,-0.42067572,1.0,1.0,-1.0,-0.87535554,0.40451148,1.0,0.053769678,1.0,1.0,-0.45488155,-1.0,-1.0,0.23716123,-1.0,-1.0,-1.0,1.0,-0.8275781,-0.8034351,1.0,0.054762464,-0.42062622,1.0,1.0,-1.0,0.27891985,-1.0,-1.0,-0.18638825,0.52916485
5BR%MDD5892138_1_NADH_flavin_oxidoreductase__Bacteroidales_bacterium_,0.4227513,0.8405942,-0.67000175,-0.39975834,-0.72213787,0.5823206,-1.0,-0.19081335,-0.13119218,-0.35968116,0.9121144,0.99227184,0.8266222,-0.16832288,0.031857967,-1.0,-0.7566961,-0.35450053,-0.4018615,0.76356643,-0.80848867,-0.58524024,-1.0,-0.25914377,0.8373364,1.0,1.0,0.8354224,-0.5068673,-0.7696045,-0.9912423,0.3948328,0.0696023,-0.49708363,-0.18605192,-0.072433285,0.25232312,-0.7583208
5BR%MDD5962634_1_NADH_flavin_oxidoreductase__bacterium_,-0.44168577,-0.31936774,0.557634,-0.38967696,-0.36139202,0.73202574,0.3423291,-1.0,0.32746565,0.6604,-0.47385603,0.9409236,0.19200072,1.0,-1.0,0.4140523,0.99281377,-0.97497386,0.22505835,-0.7603995,-0.53345114,0.75776654,-0.7417789,-0.73198164,1.0,1.0,0.93434685,0.70232105,-0.16409235,0.16616438,-1.0,-0.5320213,-0.22455116,-0.30982748,0.3173981,-1.0,-0.7370272,0.46017498
5BR%MDD6582580_1_NADH_flavin_oxidoreductase__Bacteroidales_bacterium_,-1.0,-0.9923744,0.450043,-1.0,-0.4025134,0.5602317,0.61880124,0.1495609,1.0,1.0,-0.6227618,0.014680741,-0.89241785,1.0,-0.29866236,0.676116,1.0,0.316637,-0.8494672,-0.72700614,0.33555704,-1.0,-0.6355504,-0.4454517,1.0,0.99885243,1.0,0.9451221,-0.7154942,-1.0,-0.40202713,-0.81519586,-0.25911787,-1.0,0.22315949,-0.6946619,-0.7397739,0.21176602
5BR%MEI7492181_1_NADH_flavin_oxidoreductase__Bacteroidota_bacterium_,-1.0,-0.65691704,0.6606593,-1.0,1.0,1.0,1.0,-0.07141869,1.0,0.61647004,-0.7261545,-1.0,-1.0,-1.0,1.0,0.35355216,1.0,-1.0,0.8137306,-0.6128287,-1.0,0.8741084,1.0,-0.95191395,1.0,-0.26237425,-0.63538647,1.0,1.0,0.08391673,0.9659053,-0.65308213,0.8562957,0.39906952,-1.0,-1.0,-0.61420995,-0.04620158
5BR%MEZ3591839_1_NADH_flavin_oxidoreductase__Muribaculaceae_bacterium_,-1.0,-1.0,1.0,-0.33215666,1.0,0.07198783,0.6993091,-0.4856697,1.0,0.638772,-0.75284654,-0.68126327,-0.8169696,0.08202512,1.0,1.0,1.0,-0.25842866,0.6281588,-1.0,-0.4134545,0.79871535,0.06269653,-0.6820783,0.21232022,-0.85722095,-0.74478805,0.32768926,0.9790784,-0.5866427,0.65954477,-0.5518118,1.0,-0.24541935,0.3135303,-0.950257,-1.0,0.4026491
5BR%MFO0559492_1_NADH_flavin_oxidoreductase__Polyangiales_bacterium_,0.7177267,0.55208045,-0.31038368,-0.3697717,-0.79830873,-0.20280917,-0.9039366,0.2155191,0.90322036,0.8914801,0.27510494,-0.15457413,-0.21904519,0.012198526,-0.7095173,-0.9652433,-0.8542447,-0.21631369,0.99046195,0.38597295,0.6239924,0.690741,0.39780313,0.6975773,-0.39847252,-1.0,-1.0,-0.3274564,-0.92353594,-0.32872373,1.0,0.26249203,0.220175,-0.05497994,0.080143146,0.44110852,0.087351486,0.62645614
5BR%WP_259010233_1_NADH_flavin_oxidoreductase__Parabacteroides_distasonis_,0.025966097,-0.16342597,0.29708642,-0.44737807,-0.19348845,0.41011086,0.0921918,-0.14149031,-0.17959443,-0.5928381,0.16583438,0.45945716,0.8917554,-1.0,0.5238525,0.2946105,-0.674113,-0.35422888,0.45456627,-0.10310516,-0.54502594,0.3976457,-0.9915614,-0.29921502,0.0023138963,1.0,0.37529823,-0.7462186,-0.10632595,-0.5580763,0.24756934,0.20383158,0.36004427,0.48936197,0.50002384,0.33018622,-0.056461897,-1.0
5BR%WP_279088787_1_NADH_flavin_oxidoreductase__Alistipes_putredinis_,0.014752165,-0.1129844,0.43519732,-0.34266475,0.6697146,-0.43616548,0.15745093,0.791721,0.417756,0.26831764,0.22088255,0.13228105,-0.4924231,0.978153,0.16878672,0.19976847,-0.33727145,0.77814,-0.44158882,0.16215937,0.14991806,-0.51773906,0.37108666,0.12476548,0.03194956,-1.0,-1.0,0.09155554,0.14532158,-0.37463582,-0.35098845,0.087098554,-0.29169586,0.49531174,-0.45604613,0.080979265,0.105348736,-0.18573067
5BR%WP_295936477_1_NADH_flavin_oxidoreductase__uncultured_Alistipes_sp__,1.0,0.94609076,0.15252832,-0.03764922,0.64051086,-0.24162965,-0.29980734,0.39520645,-0.53481734,-1.0,0.69021285,0.43493095,0.037268545,-0.09267226,-0.027738417,-0.088500805,-0.92695856,0.44065574,-0.67614233,0.772608,0.30835828,-0.6609962,-0.6974645,-0.41989756,-0.43937048,-0.119706996,-0.6014126,-0.15807383,-0.0494236,-1.0,-0.72433215,0.23479445,-0.43069977,1.0,-0.43779325,0.8983073,0.85377425,-0.051432997
5BR%WP_297931268_1_NADH_flavin_oxidoreductase__uncultured_Alistipes_sp__,-0.36013827,-0.53026783,0.75700366,-0.7702442,0.4106502,0.23472404,-0.32940397,-0.87564665,0.47741786,0.37869456,-0.2310277,-0.23209584,-0.7898691,1.0,0.7789353,-0.20793413,0.5938279,-0.16691837,0.33674592,-0.4109916,-0.4987433,1.0,0.86647844,0.010368976,0.056775797,-0.2664465,-1.0,0.53409994,0.23007832,-0.6687639,0.1681972,-0.5810362,0.13167915,0.50468135,0.5304871,-0.25299758,-0.45498264,-0.3714306
5BR%WP_300285921_1_NADH_flavin_oxidoreductase__uncultured_Alistipes_sp__,-0.7562323,-1.0,1.0,-1.0,1.0,-1.0,1.0,-1.0,1.0,0.89104265,-1.0,-0.9449674,-1.0,0.7774765,1.0,1.0,1.0,-1.0,1.0,-1.0,-1.0,1.0,0.3054233,-1.0,1.0,-0.8741639,-0.78923655,1.0,1.0,-1.0,1.0,-1.0,1.0,0.1233391,1.0,-0.97226745,-1.0,1.0
5BR%WP_300748828_1_NADH_flavin_oxidoreductase__uncultured_Alistipes_sp__,-0.27451485,-0.30520853,0.2374091,0.05217874,0.10677754,1.0,-0.11161907,-0.40136343,0.257757,0.31283635,-0.6793034,-0.3568408,-1.0,1.0,0.2161519,-0.0975778,0.12176128,-0.25772086,0.2896903,-0.6491989,0.14967576,0.6231139,-0.48670736,0.3311236,0.028122155,-0.63821805,-0.33709973,0.7058863,0.17490119,0.023423493,0.2995941,1.0,0.019392291,-0.12519318,0.1906419,-0.57244915,-0.3559214,0.11322983
5BR%WP_302380465_1_NADH_flavin_oxidoreductase__uncultured_Alistipes_sp__,1.0,1.0,-1.0,0.3513638,-1.0,-0.49504936,-1.0,1.0,-1.0,-1.0,1.0,0.97777444,0.9103598,0.12577488,-1.0,-1.0,-1.0,1.0,-1.0,1.0,0.11738844,-1.0,-0.5464157,1.0,0.0522125,0.46303195,1.0,0.099864475,-1.0,-0.54430884,-1.0,1.0,-1.0,0.5744831,-0.8522939,1.0,1.0,-0.21681848
5BR%WP_394671717_1_NADH_flavin_oxidoreductase__Muribaculum_sp__,0.98599714,1.0,-1.0,1.0,-0.64294785,0.33636346,-0.63153654,0.67010206,-0.69364566,-0.81586725,0.636834,0.4805514,1.0,-1.0,0.3974771,-1.0,-0.35453898,0.6622251,-0.17797433,1.0,0.99945664,-0.3741605,-0.19093476,0.97320974,-0.6911427,-1.0,0.7620687,-1.0,-0.86819565,1.0,-0.20467053,1.0,-0.9411558,-1.0,-0.48863584,0.6079542,1.0,-1.0
5BR%WP_418992344_1_NADH_flavin_oxidoreductase__Alistipes_sp__,-0.24580096,-0.3590769,0.8552314,-0.6421284,0.9361046,-0.0003975399,1.0,0.04530872,0.5056043,-0.33055252,-0.27104032,-0.6628428,-0.45231208,-0.15823059,0.5306909,1.0,0.8694231,0.04242814,0.15696697,-0.46968797,-0.82738,-0.13255276,-0.23279265,-0.6898196,0.068613485,-0.5813962,-1.0,0.23912586,0.8521745,-0.48852,0.58009845,-0.46752262,0.958242,0.63306314,-0.15141195,-0.43948904,-0.47733787,0.41080734
7aHSDH%EOW9602512_1_SDR_family_NAD(P)-dependent_oxidoreductase__Escherichia_coli_,-0.36286807,-0.349574,0.91493845,-0.2846063,-1.0,1.0,-0.33559522,-1.0,0.7698081,0.8136802,-0.3531297,-0.14745307,-0.13805747,-1.0,-0.11406076,0.026199568,1.0,-1.0,1.0,-0.7565496,-0.5376966,1.0,1.0,0.74682295,0.6870045,0.51953226,-0.017108079,-0.2709432,-1.0,-0.8234733,-1.0,-0.41964284,1.0,0.012175079,-0.106560014,-0.6901294,-0.54429513,-1.0
7aHSDH%GENOME007043_1033,0.3172877,0.062451776,0.14616536,0.42042717,1.0,-1.0,1.0,-0.0055223177,-1.0,-1.0,-1.0,-0.11468796,1.0,-0.69099736,1.0,1.0,0.40951067,-0.8410518,0.22144058,-1.0,0.46888134,0.12622567,-0.7773787,-1.0,-1.0,0.8204648,1.0,-1.0,1.0,-1.0,1.0,-0.9968218,0.95771646,0.60669935,0.51075244,0.37994394,0.015219576,0.16484873
7aHSDH%GENOME011662_3430,0.36610582,0.60640615,-1.0,1.0,-1.0,0.77491546,-0.5139516,0.2817604,-0.7689855,-0.5014164,0.44046324,0.9556312,1.0,0.050201662,-0.47357768,-0.5555708,-0.38247916,0.61668026,-1.0,0.7365617,0.9905649,-0.8904482,-0.8952811,0.76094466,-0.12230184,0.38381177,0.63764465,-0.08856566,-0.6317253,1.0,-0.84509254,0.32344037,-1.0,-1.0,-0.24938747,0.42313093,0.6997699,-0.013949551
7aHSDH%GENOME011692_1576,-1.0,-1.0,0.93524474,0.7335804,1.0,-0.44609326,1.0,0.5658467,0.43867943,-0.5097709,-1.0,-1.0,-1.0,-1.0,1.0,1.0,0.4262498,-0.45333275,1.0,-1.0,0.778364,1.0,1.0,-0.61098725,-0.74745387,-0.8185418,-0.74352306,-0.9091377,1.0,0.22999518,0.7891514,-0.7545238,1.0,-1.0,0.5821294,-1.0,-1.0,-0.25275612
7aHSDH%GENOME018142_1887,-0.83645797,-1.0,1.0,-1.0,1.0,0.31025693,1.0,-1.0,1.0,1.0,-1.0,-0.8947249,-1.0,-1.0,1.0,1.0,1.0,-1.0,1.0,-1.0,-1.0,0.5354352,0.2894817,-1.0,1.0,1.0,0.22067471,1.0,1.0,-0.6034229,0.57714874,-1.0,1.0,-1.0,1.0,-0.5296764,-1.0,-1.0
7aHSDH%GENOME025100_397,-0.074490756,0.30948386,0.06916533,1.0,-1.0,0.20060517,-0.95585364,1.0,-0.24772266,0.4935785,0.69940716,-0.30173635,-0.38869008,-1.0,-1.0,-0.7369677,0.066779464,0.6771368,-0.022879891,0.8303356,1.0,-0.03937794,0.4195209,1.0,-0.8206854,-0.43520203,0.16589645,-1.0,-1.0,1.0,-1.0,0.53088605,-0.015651742,-1.0,-0.25999513,0.8578677,0.33347344,-1.0
7aHSDH%GENOME042562_3253,0.5628469,0.3203036,0.2572653,0.8355842,-0.39145857,-0.14672081,-0.7463443,0.39007676,0.09957071,-1.0,0.069959536,0.73718923,0.6589566,0.421031,-0.38536346,0.17697111,-0.22930354,-0.10171231,-1.0,0.12638071,0.3585266,-0.71182364,-0.57217866,-0.6657648,0.12137509,0.038873445,-0.41003883,0.51010555,-0.15949658,0.0072601945,-1.0,0.23177384,-0.97661275,0.32314885,1.0,0.32633588,0.10969908,0.9126937
7aHSDH%GENOME067790_2714,-0.63042706,-1.0,1.0,-1.0,0.31496644,-0.31942853,0.7280671,-1.0,1.0,1.0,-1.0,-1.0,-1.0,1.0,1.0,1.0,1.0,-1.0,1.0,-1.0,-0.1259562,1.0,1.0,-1.0,0.62284344,-1.0,-1.0,1.0,0.94505477,-0.6397514,1.0,-1.0,1.0,-0.2792192,1.0,-0.81857485,-0.9430048,1.0
7aHSDH%GENOME070302_884,-0.24966449,-0.880612,0.66804403,-0.5547266,1.0,1.0,0.57896334,-1.0,0.78531593,0.26655814,-1.0,-1.0,-1.0,0.5047778,1.0,1.0,1.0,-0.5644671,1.0,-1.0,-0.39511776,1.0,1.0,-0.42850363,0.2502115,-1.0,-1.0,0.14785084,1.0,0.4720263,1.0,-0.7129727,1.0,-1.0,0.63580126,-0.50804466,-0.86962473,0.16098608
7aHSDH%GENOME080077_256,0.14313512,0.13394625,1.0,-0.7496548,1.0,-0.7605636,0.80197656,-1.0,1.0,0.22394693,-0.8446825,-1.0,-0.18289258,-0.79105103,1.0,-0.13136424,0.5056025,-1.0,1.0,-0.4672472,-1.0,1.0,1.0,-0.8739856,0.12820813,-1.0,-0.9630317,-0.1707569,0.77076447,-1.0,1.0,-0.94018483,1.0,0.032029815,0.7590159,-0.41986245,-0.24983974,0.13279912
7aHSDH%GENOME086444_1757,0.7788417,0.49448332,-0.8114394,0.90579903,-0.092251286,-1.0,-0.48087773,0.77285296,-1.0,-1.0,-0.13478386,0.23205586,1.0,-0.26925296,1.0,0.53251487,-0.22942589,0.5903722,0.2866124,-0.09097999,1.0,0.35023978,-0.8054076,0.46923903,-1.0,0.46592334,0.9528706,-1.0,-0.0010105722,0.05826014,0.8172232,0.10021508,0.82010823,0.12871261,0.44234744,1.0,0.6683571,-0.27395883
7aHSDH%GENOME103762_694,0.002342134,-0.15783106,0.52825356,-1.0,0.9196129,0.2392097,0.28614083,-1.0,-0.0045426455,-0.657875,0.16526903,0.30262357,0.60567176,1.0,-0.08726078,0.9140952,-0.6659158,-0.67633444,-0.01371669,0.021364821,0.05013676,-0.18113542,0.7872269,-1.0,-0.6427613,-1.0,-0.24544913,0.38340512,0.7454099,-1.0,0.20209949,0.2903109,0.43471166,0.8890727,-0.28029615,0.34460798,-0.0024647696,0.9128507
7aHSDH%GENOME122758_282,-0.17731442,-1.0,1.0,-1.0,1.0,0.27501598,1.0,-0.99102265,0.5113126,0.5302419,-1.0,-1.0,-1.0,-1.0,0.97530514,0.9368348,1.0,-0.56335014,1.0,-1.0,-1.0,1.0,1.0,-1.0,0.082219005,-0.50343615,-1.0,0.54069215,1.0,0.0136924535,1.0,-1.0,1.0,0.16304833,1.0,-0.320312,-1.0,1.0
7aHSDH%GENOME125242_1669,-0.54329026,-0.19713952,0.6707233,-0.6888344,0.15469187,1.0,1.0,0.29388684,0.99379945,1.0,-0.27074096,-1.0,-0.9766867,-0.38977885,-0.20947346,0.47288325,0.17857367,-0.098621435,0.46687254,-0.07769844,-0.88528264,0.12916316,0.67519855,0.79709715,-0.7984734,-1.0,-0.57585514,-1.0,1.0,1.0,0.6531682,0.16391084,0.6077972,-1.0,0.30608398,-0.6962806,-0.1949247,-0.09590652
7aHSDH%GENOME150027_3593,-0.15390506,-0.64016855,0.2523691,0.770909,-1.0,1.0,-0.592168,-0.39411235,0.7726565,1.0,-1.0,-0.3360945,1.0,-1.0,0.90878105,-0.06704358,1.0,-0.78767246,1.0,-1.0,0.24728316,1.0,1.0,1.0,1.0,-0.38653874,-0.08533401,-0.019751497,-0.8953928,-0.5320831,0.9691824,0.41737494,1.0,-1.0,-1.0,-0.7926544,-0.4898022,-1.0
7aHSDH%GENOME215422_1346,0.30773017,0.32636213,0.1458955,0.88587457,-1.0,1.0,-0.3306013,0.7922553,-0.19819619,0.046547417,-0.07085973,0.7997654,-0.12735096,1.0,-0.7122464,-0.21089278,-0.5018047,0.010252001,-0.7783102,-0.20993845,0.0054847095,-0.46785563,-1.0,0.9141386,-0.31218132,-0.31547335,-1.0,-0.35642573,-0.09610703,0.288677,-0.70861423,0.53331816,0.23579578,-0.6432713,0.16233835,0.00015696799,0.12835333,1.0
7aHSDH%HAY2965420_1_SDR_family_oxidoreductase__Escherichia_coli_,-0.66615087,-0.33377853,1.0,0.41859844,-1.0,1.0,-1.0,-0.6254359,0.8429997,0.84748393,0.23859563,1.0,0.56719124,0.7074154,-0.64128095,-0.28119525,0.28763345,-0.7340627,0.40213934,-0.47680458,0.085529044,0.24793373,0.87953264,0.91395223,0.6667387,1.0,0.11461666,0.41053468,-1.0,-0.20074406,-1.0,-0.17219457,0.5667511,0.36400133,-0.6076829,-0.65853107,-0.377073,-1.0
7aHSDH%HEX5818085_1_7-alpha-hydroxysteroid_dehydrogenase__Gemmatimonadales_bacterium_,-0.3671717,-0.49226117,0.33630198,-0.5063454,-0.84478706,0.90950555,0.44956914,-0.529913,0.25844625,-0.49972445,-0.33506483,0.47365117,0.9381978,0.16404375,-1.0,0.21313463,-0.18838497,0.11671924,-0.3737478,-0.40863976,0.6398268,-0.8990441,0.44175982,-0.5090346,0.888819,-0.14432788,-0.22258891,1.0,-0.6220376,1.0,0.2303957,-0.518976,-0.79929197,0.4815902,0.1441291,-0.36095715,-0.22808489,1.0
7aHSDH%MBE5948790_1_SDR_family_oxidoreductase__Lachnospiraceae_bacterium_,0.07200442,0.24227175,0.4411914,-1.0,0.65632164,-1.0,-0.4579936,-1.0,0.4886011,0.5354167,-0.03693391,0.6947423,1.0,1.0,-0.18149623,-1.0,-1.0,-1.0,-0.44693407,0.23675032,-1.0,-0.13659802,0.7197913,-1.0,0.6119823,-0.9310764,0.5319268,1.0,0.28281814,-1.0,0.77003187,0.32174477,-0.1937349,0.66247773,-0.30398417,0.018520746,0.34218273,0.35262817
7aHSDH%MBHC130__Clostridiales_bacterium_1_7_47FAA_,1.0,1.0,-1.0,1.0,-1.0,0.49089253,-1.0,1.0,-1.0,-1.0,1.0,0.9358837,1.0,-1.0,-1.0,-1.0,-1.0,1.0,-1.0,1.0,1.0,-1.0,-1.0,1.0,-1.0,1.0,1.0,-1.0,-1.0,1.0,-1.0,1.0,-1.0,0.63345975,-1.0,1.0,1.0,0.32230327
7aHSDH%MCI7810995_1_SDR_family_oxidoreductase__Clostridiales_bacterium_,0.86273855,1.0,-1.0,0.80345815,-1.0,0.8138527,-0.44628072,0.987023,-0.86680436,-0.8807755,0.6982986,1.0,1.0,-0.09780483,-0.9909112,-0.8139579,-0.8280394,0.88698286,-0.99614674,0.8728584,1.0,-1.0,-0.70994025,0.6889884,0.14372352,0.43575642,0.14303835,-0.7292403,-0.83238214,0.6825163,-0.33505216,1.0,-0.38708094,-0.26112375,-1.0,0.56810623,1.0,-1.0
7aHSDH%MCI9468093_1_SDR_family_oxidoreductase__Oscillospiraceae_bacterium_,0.9019786,0.8846196,-1.0,0.2504324,-0.03570161,0.4152139,-1.0,-0.29309615,-0.5638507,-0.9140264,0.45479566,0.32786977,0.5556866,0.17224199,0.08696033,-0.65913075,-0.7037258,0.18421154,-0.34699678,0.5458996,0.5712018,-0.018830407,-0.19161868,0.40571165,0.01575602,-0.46141398,0.03550707,0.05096597,-0.33317518,0.18641075,-0.42297444,0.8977445,-0.16001153,0.45231026,-0.78358567,0.6199155,0.74514854,-1.0
7aHSDH%MEO8122524_1_7-alpha-hydroxysteroid_dehydrogenase__Burkholderiales_bacterium_,-0.082979,-0.8806437,1.0,0.09387572,0.40876848,-0.83311605,-1.0,-0.85705674,0.67978394,0.26886228,0.39826927,1.0,-0.44061577,0.7998797,-0.07707882,-0.007090335,-0.224876,-0.73219943,0.48054868,-0.39869148,-0.576093,0.79883474,0.09556731,0.8042165,-0.55726945,0.3238876,-0.6422839,-0.19863069,-0.89861953,-0.59977025,-0.4827778,-1.0,0.48736924,0.99725693,1.0,0.66482824,-0.82973385,0.30336788
7aHSDH%WP_003507641_1_7alpha-hydroxysteroid_dehydrogenase___Clostridium__symbiosum_,0.6139124,0.92760533,-1.0,1.0,-0.30274156,1.0,-0.07155548,0.6528648,0.37924466,0.46608508,1.0,1.0,1.0,-1.0,0.9018023,-0.5926814,-0.5256761,-0.096462905,-0.21186984,0.824699,0.6669798,-0.73623556,-1.0,-0.5006679,0.5324603,1.0,-0.12943986,-1.0,-0.8817737,0.42047748,-0.650647,0.8346077,-0.6698702,-1.0,-0.372745,0.11097715,0.3343636,-1.0
7aHSDH%WP_025075670_1_7alpha-hydroxysteroid_dehydrogenase__Bacteroides_faecichinchillae_,0.18215823,0.24204366,0.24993937,-1.0,1.0,0.9388855,1.0,0.52831036,-0.008421924,-0.24383391,0.39771938,-1.0,-0.86985075,-1.0,1.0,0.73772705,0.7031111,0.3199372,0.35720336,0.34615883,-1.0,0.34443876,-0.12932867,-0.27788308,-1.0,-1.0,0.32925507,-1.0,1.0,1.0,0.6046713,0.0074080476,0.49951264,0.0018644456,1.0,-0.052234795,-0.17993663,0.40870002
7aHSDH%WP_071121323_1_7alpha-hydroxysteroid_dehydrogenase__Romboutsia_timonensis_,0.065617464,0.15825683,0.3824945,-1.0,-0.20497894,0.013970471,-0.3963636,-0.5234512,0.4380364,-0.13317145,0.14296809,0.19011407,0.7011546,1.0,-0.7886538,0.12649545,-0.31713796,0.5139169,-1.0,-0.012795569,0.29894623,-0.93429285,-1.0,-0.5813,0.14569713,-0.61168355,0.48089692,0.67729586,-0.6986988,1.0,-0.6248807,0.66756463,-1.0,1.0,0.527983,-0.32733837,0.51135826,0.69062763
7aHSDH%WP_221221011_1_7-alpha-hydroxysteroid_dehydrogenase__Phenylobacterium_haematophilum_,-1.0,-1.0,1.0,-1.0,1.0,-0.03489137,1.0,-1.0,1.0,1.0,-0.7278098,-1.0,-1.0,1.0,0.61756533,1.0,1.0,-0.83028424,0.99738467,-1.0,-1.0,0.8178159,0.54604155,-1.0,0.9968325,-0.51577246,-1.0,1.0,1.0,-1.0,0.5570718,-1.0,1.0,0.3700349,0.8466109,-1.0,-1.0,0.65997565
7aHSDH%WP_262434703_1_7alpha-hydroxysteroid_dehydrogenase__Jilunia_laotingensis_,0.44153675,0.018672297,-0.028013725,-0.42783967,-0.8460169,1.0,-0.96020997,-0.031744577,0.5245075,0.29888558,0.5392096,0.7508245,0.2346157,-0.87480646,-0.0054295943,-0.90793246,-1.0,-0.544566,-0.678857,0.60953283,-0.5031785,-0.8672476,-0.5567654,-0.05294482,0.90031767,0.7922869,0.87340677,-0.023960838,-0.81489885,0.5057431,-0.27925903,-0.2594364,-0.4667567,0.31242815,0.76214665,0.75985163,0.106006876,-0.12945667
7aHSDH%WP_303013929_1_7alpha-hydroxysteroid_dehydrogenase__uncultured_Bacteroides_sp__,1.0,1.0,-1.0,1.0,-1.0,0.9935878,-1.0,1.0,-0.5030937,-0.32142526,1.0,1.0,1.0,-1.0,-1.0,-1.0,-1.0,1.0,-1.0,1.0,0.95663375,-1.0,-1.0,0.5619327,1.0,1.0,1.0,0.00067546585,-1.0,0.5093694,-1.0,0.54840785,-1.0,-0.55837595,-0.85966724,1.0,1.0,-1.0
7aHSDH%WP_342232791_1_7alpha-hydroxysteroid_dehydrogenase__Pseudoflavonifractor_phocaeensis_,-0.9783596,-1.0,1.0,0.22383477,0.5952603,0.890428,1.0,0.46049398,1.0,0.8680855,-1.0,-0.6057638,-1.0,1.0,0.23485872,0.8607934,-0.038551312,-0.28157765,1.0,-1.0,-0.5534018,1.0,0.20838873,0.25794744,-0.13479552,-1.0,-1.0,-0.41693074,1.0,0.3314227,1.0,-0.27816328,0.97956556,-0.5115068,0.12745686,-1.0,-1.0,0.69053006
7bHSDH%GENOME075272_507,0.37495413,-0.366773,1.0,-0.66574574,1.0,-1.0,1.0,-1.0,0.37099996,0.7789229,-0.24401225,-1.0,-0.6796398,-0.6509384,0.8704893,0.33080012,0.9510189,-1.0,1.0,-0.29167855,-1.0,1.0,1.0,-0.9251515,-1.0,-1.0,-1.0,-0.9664536,1.0,0.22810674,1.0,-1.0,1.0,1.0,0.2730536,0.14726903,-0.5338473,0.14225397
7bHSDH%GENOME213756_525,-0.6370068,-0.28558955,0.0510123,-1.0,0.7933409,-0.5206391,0.80796474,-1.0,1.0,1.0,-0.15737855,-1.0,-0.5237585,0.14767861,0.5417357,0.7047876,1.0,-0.20613427,0.61443573,-0.17347446,-0.63755774,1.0,1.0,-1.0,0.16017637,-0.9114198,-0.3016503,0.41506132,0.54070085,-0.1419931,0.8832036,-0.69273853,0.46232545,0.1438253,-0.1506181,-0.4265814,-0.31946263,-0.5143472
7bHSDH%WP_394860677_1_7beta-hydroxysteroid_dehydrogenase__Mediterraneibacter_gnavus_,-1.0,-1.0,0.21390963,0.50601095,0.32819188,0.779848,-1.0,0.35432222,0.4866103,0.19472703,-0.36378816,-0.6018725,-1.0,1.0,1.0,0.12573928,-0.69559425,0.8019333,-1.0,-1.0,-0.05351354,-0.6102809,-1.0,0.5123695,0.9638713,-0.16555771,-0.061082486,1.0,-1.0,0.3465419,0.045954246,0.04201385,-0.5886337,1.0,-0.07308205,-1.0,-0.9735686,1.0
BSH1%UPI0001652BA3,0.59671193,-0.015793953,0.45518166,0.34693342,0.26380172,-0.8068682,-0.7252199,-0.98509836,0.014744088,0.23075731,0.08767049,0.69713926,0.6049951,-0.13561499,0.5889923,-0.35787264,-0.11504987,-1.0,0.6249192,0.07589408,0.15065944,0.8974938,1.0,-0.43340927,-0.27158514,-0.53565174,-1.0,-0.15125881,0.3687265,-1.0,-0.05237804,-0.2592135,1.0,-0.3926667,0.71329236,0.36935797,-0.28898403,-0.58871907
BSH1%UPI0001B1C28E,-0.3028004,-0.1230005,-0.32787994,-0.11020364,0.8496253,-0.030161386,1.0,0.031458925,-0.01268063,0.2696587,-1.0,-1.0,-0.9286018,-0.1058286,0.12575927,1.0,1.0,-0.63089365,0.69589245,-0.70289886,-0.45872197,-0.035642862,0.14335823,-0.89399225,0.44760457,0.04117362,1.0,0.5730718,1.0,-0.11906478,-0.008950363,-1.0,0.45254213,-0.9123447,0.2776177,-0.859563,-0.6140858,1.0
BSH1%UPI0001DE6025,-1.0,-1.0,1.0,-0.4410335,0.51992106,-0.04534125,0.61837995,-0.7291155,1.0,0.94814205,-0.22258049,-0.16918467,0.09007066,0.64867324,0.5789986,0.6609947,0.1379731,-0.7429902,1.0,-0.91109455,-1.0,1.0,-0.312025,-0.15329945,0.40686005,0.7325977,-1.0,-0.3456488,0.36248416,-1.0,0.5276916,-0.21665972,1.0,0.9750092,1.0,-0.683664,-1.0,-0.05748431
BSH1%UPI00022FF9E1,0.36016238,0.11351459,-0.71093017,1.0,0.3590274,-0.8456634,0.34002134,0.7423937,-0.8270566,-1.0,-0.031252556,0.1984563,0.25910175,-1.0,0.6149701,-0.27224326,-0.7353822,0.7015387,0.2350962,-0.08177177,0.67898893,0.12266849,-0.320818,0.61884975,-0.7511595,1.0,0.53036356,-0.7654483,0.24654008,-0.92399734,1.0,0.50878084,0.6816938,0.30589992,-0.30700332,-0.041019846,-0.11635951,-0.75562286
BSH1%UPI0002624191,-0.31340712,0.015321656,0.6480047,-0.8133271,0.63241637,-1.0,0.37231237,0.3466017,-0.02256226,-0.09495817,-0.12469132,-1.0,-1.0,1.0,-1.0,0.16109481,-0.09034223,-0.039630085,-0.01134922,-0.20768747,0.32835177,-0.7115762,0.3152989,-0.03661022,-0.28772205,-0.21705984,0.60644764,0.95060855,0.42117098,0.48882416,-0.021258302,0.3937399,-0.38514987,0.4569564,0.49763492,-0.52391416,0.0033961213,1.0
BSH1%UPI0002802AC4,0.1935661,0.13608742,-0.071557336,0.7271582,0.53215474,0.27191865,-0.95965517,0.44353998,-0.28649917,-0.8926959,0.05700762,-0.011479163,-0.7829667,-0.2055967,0.27667752,-0.38229752,0.61254317,0.41795084,0.09643083,-0.010961228,0.8876171,0.8744195,0.8324909,0.78049576,-0.6413078,-1.0,-0.5791281,-0.41059342,0.13837261,-0.11000374,-0.17335144,0.54384106,0.054549415,0.21392566,-0.41598797,0.12231345,0.15627147,0.003921514
BSH1%UPI000289C842,0.14211886,0.22055899,0.27192822,-0.66622853,0.6787969,0.9799639,-0.50875694,-0.78452957,1.0,0.60164374,0.17185162,0.08634532,-0.030032653,0.91037786,0.70632166,-0.02932073,-0.2565984,-0.5394871,-0.5112428,0.24799699,-0.8422939,-0.7011297,-0.7098749,-1.0,1.0,-0.8619328,0.50480765,1.0,0.09795871,-1.0,-0.37855142,-0.12717439,-0.577551,0.3253793,-0.48749143,-0.10396133,0.16624631,-0.8058326
BSH1%UPI0002CB0E7D,0.63884723,0.8757703,-0.3764927,1.0,-1.0,-1.0,-1.0,-0.7013998,-0.43651995,-0.15632854,0.8672977,1.0,1.0,1.0,-1.0,-1.0,-1.0,-0.6363043,0.30017173,0.798842,0.818613,0.41789258,0.8168761,0.6799475,-0.52100015,0.983468,0.20232333,-0.34576017,-1.0,-1.0,-1.0,0.64675546,0.1012626,0.42874748,-0.17342721,0.48926964,0.84608245,-0.6783338
BSH1%UPI0002F95F26,0.06888207,0.31819353,-0.29663202,-0.6113123,-0.2651757,-1.0,-0.5708966,-1.0,-0.009919152,-0.56222546,0.51889384,1.0,1.0,1.0,-0.047331646,-0.6949303,-0.41268483,0.054976795,-0.84814376,0.5820745,-0.07051563,-0.24804193,0.43651468,-0.38961643,0.6143381,0.013823843,1.0,1.0,-0.53077966,-0.46999148,-0.65639085,0.87452936,-0.8624362,0.5313145,-0.64868915,0.32584777,0.5992826,-1.0
BSH1%UPI00033F0DE9,0.0025074931,0.11708357,-0.43222457,1.0,-1.0,-1.0,-1.0,-0.008050271,0.1089624,1.0,-0.02671818,0.72643363,0.54990673,0.8118803,-1.0,-1.0,-1.0,0.023710364,-0.81608397,0.14276403,1.0,-1.0,-1.0,0.87446386,0.5952167,1.0,1.0,1.0,-1.0,1.0,-0.94943184,-0.10145496,-0.80785865,0.27531686,0.61037534,0.23761736,0.31896123,1.0
BSH1%UPI00035D264B,-0.02204834,-0.23561397,-0.4372478,0.26744062,0.16832794,1.0,0.11699528,1.0,-0.15088129,0.1726881,0.0058600367,-0.23311566,-1.0,0.6116389,-0.34007883,0.11163613,-0.24478942,1.0,-0.027596345,-0.1802457,0.8565826,0.102563016,0.17304632,1.0,-0.48000342,-1.0,-1.0,-1.0,0.3570378,-0.13117842,0.90684605,1.0,0.34446225,-0.11676391,-0.63056743,0.2355645,-0.023747269,-0.108521305
BSH1%UPI0003A10C39,1.0,1.0,-0.9082817,-0.71205604,-0.16613477,-0.58485055,-1.0,0.35250494,-0.646215,-1.0,1.0,0.3150724,0.017607864,-0.102070704,-0.7869749,-1.0,-0.96865267,0.41734913,-1.0,1.0,-0.2059995,-0.88803893,0.08883229,-0.30125207,-0.14698754,-0.2540296,0.5542507,0.1443344,-0.93222517,-1.0,-1.0,1.0,-0.92777514,1.0,0.06851889,1.0,1.0,0.3059791
BSH1%UPI00041C4F56,0.4895955,0.650131,-0.62796015,0.8662174,-0.943203,1.0,-1.0,1.0,-0.37604776,-0.6406988,0.7603904,0.35117477,-0.99194497,-1.0,0.03593563,-1.0,-1.0,1.0,-0.56593734,0.72017306,0.7320455,-0.47297668,-0.34954026,1.0,0.4537791,1.0,-0.20593,-0.9286607,-1.0,0.6276356,-0.35029286,1.0,-1.0,0.42266306,-0.8151125,0.46282122,0.8297028,-1.0
BSH1%UPI00044AC395,-1.0,-1.0,1.0,-1.0,1.0,-0.06149169,1.0,-1.0,1.0,0.99148405,-0.7485765,-0.5112379,-1.0,1.0,0.40417048,0.7410269,0.14412029,-1.0,0.9652464,-1.0,-1.0,0.25209656,0.7690966,-1.0,1.0,1.0,-0.62395334,1.0,1.0,-0.72215664,0.75552267,-1.0,0.82930225,1.0,1.0,-0.9631365,-1.0,1.0
BSH1%UPI0004BCDDD9,-1.0,-1.0,0.9892672,-0.00725446,0.5763126,0.6039471,-0.02557254,-1.0,0.64273924,0.9551308,-0.4907551,0.18008338,-1.0,1.0,0.63133544,0.26444966,0.6004812,-1.0,0.5556132,-1.0,-0.7516353,0.45174643,0.12569097,-0.45191726,0.9385149,1.0,-0.8320205,1.0,0.83168393,-0.014828572,-0.11556387,-0.81980324,1.0,-0.21837492,0.8461014,-1.0,-1.0,0.35325894
BSH1%UPI0004D69CD5,-0.16440013,-0.74188805,1.0,-1.0,0.44991174,-0.8391237,0.041450027,-1.0,1.0,0.28250402,-0.35212937,-0.08527119,-0.57115775,0.97035545,0.48951787,0.5194948,-0.51890117,-1.0,0.067249335,-0.5661597,-0.73803866,0.42213777,0.030367678,-1.0,0.4397106,-0.008257589,0.2552678,0.52057195,-0.15707399,-1.0,0.84173006,-0.32629567,0.24495897,0.070830636,1.0,0.25349253,-0.60457575,0.27390048
BSH1%UPI0004D6A0E9,-0.054458734,0.22899911,0.971621,-0.8115755,-1.0,-0.18133983,-1.0,-1.0,0.81234956,0.791395,0.7292741,1.0,-0.025162848,0.23554562,-0.7348789,-0.8386437,-0.40823805,-0.85775745,0.531697,0.5114389,-1.0,0.6711859,1.0,0.26325998,0.14043145,0.94593096,-0.18700694,0.041645218,-0.7549762,-0.23876105,-0.53073204,-0.21754576,0.7303343,0.28055558,0.14695905,-0.122088216,0.062248345,-1.0
BSH1%UPI0004F8D610,0.6648985,0.487206,0.24808769,-0.38717872,0.12247059,-0.20542905,-0.13993405,0.24294111,0.6514782,-0.3064326,0.5446296,0.30823398,0.46398398,-0.964637,-0.14045969,0.1481759,-0.25167283,0.07540013,0.38912785,0.23752438,-0.18481615,0.16260627,0.1831683,0.87342554,-0.59367067,-0.6847325,-1.0,-1.0,-0.4175692,-0.9638622,0.28964436,0.9096545,0.19157432,-0.18747097,0.7430934,0.43349898,0.14191589,0.050421715
BSH1%UPI0005DBBD01,-0.015767012,-0.7471338,0.8868707,-0.9074746,0.69978124,-1.0,0.58752036,-1.0,0.16729851,0.2258154,-0.28388286,-0.9058605,-0.5869983,0.52875555,0.44226536,1.0,0.32978904,-0.36656773,0.82711905,-0.6222889,-1.0,0.73542565,0.94669926,-0.8912884,0.057581544,-1.0,-1.0,0.287517,1.0,-0.5670553,1.0,-1.0,1.0,1.0,1.0,0.13066979,-0.779807,0.067867376
BSH1%UPI00064A1F29,-1.0,-1.0,1.0,-0.5823834,1.0,-0.5447356,1.0,-1.0,1.0,0.8628572,-1.0,-1.0,-1.0,-1.0,1.0,1.0,1.0,-0.8315272,1.0,-1.0,0.32383433,1.0,1.0,-0.90615267,0.23112774,-1.0,-1.0,0.4099296,0.87161064,0.57472473,1.0,-0.6397063,0.52496475,-0.46687573,0.5860959,-0.88347185,-1.0,0.5434859
BSH1%UPI00070D1B8F,-0.5406212,-0.9084707,1.0,-0.69563806,0.2845964,-1.0,0.13727929,-1.0,0.9772609,0.11830241,-1.0,-0.3563182,-1.0,1.0,-0.016660469,0.43891707,0.85224926,-1.0,1.0,-1.0,-1.0,1.0,1.0,-0.2321733,0.24488267,-0.46759427,-1.0,1.0,0.88707805,-1.0,1.0,-1.0,1.0,1.0,0.96859217,-0.9315268,-1.0,1.0
BSH1%UPI00073AFD00,-0.7346906,-1.0,1.0,-0.87400967,-0.1056569,-0.4983218,-0.3610367,-0.7753582,0.3190429,0.22980316,-0.44738334,-0.023861103,-0.9145469,1.0,-0.949059,-0.1846912,-0.74896944,-0.9741909,0.4896959,-0.92308605,-0.59646267,0.17571166,-0.53112113,0.26224494,0.121425234,1.0,0.8182882,0.89974105,-0.32503128,-0.28278047,0.6571954,-0.2851199,0.5932708,1.0,1.0,-0.33643985,-0.77487415,1.0
BSH1%UPI00076E9CCB,-0.78199875,-0.49267194,0.83362275,-0.26096365,0.08171531,0.71544003,0.48450443,-0.78319603,1.0,1.0,-1.0,-1.0,-1.0,1.0,-1.0,-0.10114202,0.6877625,-1.0,0.37806535,-0.85700727,0.0033361125,0.86709166,1.0,-0.6065305,1.0,-0.12761858,0.14658493,1.0,0.43365866,0.7803059,0.49085897,-0.8208802,0.10732262,-1.0,1.0,-1.0,-0.8663827,0.6141207
BSH1%UPI0007933BD5,0.34193933,0.83433616,-1.0,1.0,-0.66393214,-0.007183167,-1.0,1.0,-0.54032624,-0.17634119,0.5802636,0.7916982,0.51826847,0.37986493,-0.5964106,-1.0,-1.0,1.0,-0.9292467,0.8618104,0.9646459,-1.0,-1.0,1.0,0.5172633,0.18572447,1.0,-0.3788076,-0.87579066,0.8842617,-0.8985908,1.0,-1.0,-1.0,-1.0,0.29128787,0.8615607,-1.0
BSH1%UPI000801FF16,0.43040836,0.64636964,-0.048574816,-0.84618086,-0.6312486,-0.7806305,-1.0,-0.31319684,0.42189407,0.019539498,1.0,1.0,1.0,1.0,0.24199669,-1.0,-0.8120621,-0.0841643,-0.4264948,0.86926717,-0.54468155,-0.3874746,0.08057547,0.016615456,0.3544263,0.19026344,-1.0,0.19346851,-1.0,-1.0,-0.022824943,0.2658269,-1.0,0.50148225,-0.19515258,0.72829056,0.711069,-0.49012977
BSH1%UPI00093BFB8C,0.2898862,0.9708766,-1.0,1.0,-0.29653716,0.6892531,-0.8272475,1.0,-1.0,-1.0,1.0,-0.10501364,0.44945657,-1.0,0.121996395,-1.0,-1.0,1.0,-1.0,1.0,1.0,-1.0,-1.0,0.9062246,0.9012751,0.124117464,1.0,-0.5074328,-0.18957631,1.0,-1.0,1.0,-1.0,-1.0,-1.0,1.0,1.0,0.33020902
BSH1%UPI000949473C,0.83399457,0.77792054,-1.0,0.97700405,-1.0,1.0,-1.0,0.83635175,-0.96561664,-0.070810385,0.5134734,1.0,0.45629194,0.09352508,-1.0,-0.8254661,-1.0,1.0,-0.7916731,0.75269586,0.68153745,-0.65925694,-1.0,1.0,0.42458385,1.0,0.29066518,0.15393792,-1.0,1.0,-0.086098514,1.0,-0.4177241,-1.0,-0.54585195,0.7744749,0.7279171,-1.0
BSH1%UPI00095B1DAC,-0.6261929,-0.88298273,1.0,-1.0,-0.41296142,0.23746951,-1.0,-1.0,1.0,0.8870617,0.4888188,1.0,-0.22572061,1.0,-0.3677446,-0.7313472,-0.91195863,-1.0,0.12787144,-0.059436794,-1.0,-0.12647371,0.69059664,-0.9478319,0.74008423,1.0,-0.5431392,1.0,-0.45493403,-1.0,-0.97654074,-1.0,0.204665,1.0,1.0,-0.0028863007,-0.6580249,1.0
BSH1%UPI00095C7CBB,-1.0,-1.0,0.31775054,-1.0,1.0,-0.06965004,1.0,-0.4651509,1.0,1.0,-1.0,-1.0,-1.0,0.37113485,1.0,1.0,1.0,-1.0,0.7548075,-1.0,-0.10052795,-0.1562209,0.84364796,-1.0,1.0,-1.0,-1.0,0.6005067,1.0,-0.56856173,1.0,-1.0,1.0,-1.0,1.0,-1.0,-1.0,1.0
BSH1%UPI000A00C8F6,-1.0,-1.0,1.0,-1.0,-0.42673817,1.0,0.47529587,1.0,0.80171543,0.9805236,-0.27214435,0.2822145,-0.30339822,0.55781335,-0.11297309,0.22046876,0.22202069,1.0,-0.45690238,-0.7666917,-0.54835767,0.114129186,0.21803036,1.0,-0.17869495,-0.576686,-0.3924318,-0.21017762,-0.72336334,0.4392797,-0.57654005,0.10103614,-0.36821267,-0.8937611,1.0,-0.79707265,-0.9465438,1.0
BSH1%UPI000BCCCB22,-0.057763427,0.81135863,-1.0,0.4999063,0.07104201,0.6766652,1.0,1.0,-0.40225357,0.7345771,-0.29365578,-1.0,-0.3418809,-0.21958034,-0.7403778,-0.5385238,0.15853208,0.8129296,-0.19213402,0.24237548,0.81995827,-0.078039244,-1.0,0.03642034,-0.57007897,-0.6717271,-0.2717508,-0.9670807,0.6791116,1.0,1.0,0.94304794,-0.14964038,-1.0,-0.44018808,-0.556483,0.6879955,0.46415234
BSH1%UPI000BD3EFD5,-0.94152373,-0.99491835,1.0,-0.38980117,0.07335011,1.0,1.0,0.010546638,0.65396744,0.7554578,-0.12320678,0.04365739,-0.21533489,-0.048535086,0.38217968,1.0,1.0,-0.023211168,0.77562743,-0.8434268,-1.0,0.56689477,-0.4491021,-0.034351368,-0.24141902,0.97312176,-1.0,-1.0,0.056230124,-1.0,0.41508538,0.17105104,1.0,0.8831728,0.06268595,-0.5239983,-0.91787106,0.2795625
BSH1%UPI000CD30963,0.026555024,-0.19761471,0.54256546,1.0,-0.95906776,0.928827,-0.7299957,0.56994957,0.6749169,1.0,0.2602383,0.34434226,0.59884965,1.0,-0.1782205,-0.43941626,-1.0,0.4756029,-1.0,0.15105437,0.09683757,-1.0,-0.9830619,-0.18822119,0.6381988,-1.0,-0.8466578,-0.32712787,-1.0,0.42871806,-1.0,0.33057997,-0.26501286,0.7274546,0.2958713,0.5700524,0.23343779,-0.028423619
BSH1%UPI000CF9C992,-0.93176126,-0.36742333,-0.79757595,-0.112518206,1.0,-1.0,0.117964976,0.34452018,0.6360135,1.0,-0.5066985,-0.22071375,-1.0,-0.3136865,0.42852747,-0.2401514,0.719652,-1.0,0.6243815,-0.28973347,-0.59172374,1.0,1.0,0.8523399,0.47107044,0.6281413,0.17467241,-0.25290447,1.0,-0.24502617,0.57128674,-0.38068715,1.0,-1.0,-0.7763772,-0.64179975,-0.67343026,-0.71412575
BSH1%UPI000DCDF6FE,-0.36587015,-1.0,0.8210543,-0.53750074,0.7336438,1.0,0.2627663,-1.0,1.0,1.0,-0.10000274,0.4599567,-1.0,-0.5276645,1.0,0.12640026,0.5122802,-1.0,0.87733865,-0.5146486,-0.20097628,0.40779305,1.0,-0.3742058,-0.75144136,0.07259838,-1.0,-0.61514485,0.8666798,0.16705951,0.5814107,-0.7517851,1.0,-1.0,1.0,-0.08989789,-1.0,1.0
BSH1%UPI000FBCBE5B,-0.70713764,-0.51101977,0.79534954,-1.0,1.0,-0.044921312,0.84430486,-1.0,0.0890686,-1.0,-0.59720093,-0.55431336,0.27127582,0.883077,1.0,0.8810202,1.0,-1.0,1.0,-0.67599106,-1.0,1.0,1.0,-0.8517388,-0.4572587,-1.0,-0.6281161,0.22426954,1.0,0.18173198,1.0,1.0,1.0,0.90662915,-0.49521902,-1.0,-0.7279607,0.91247714
BSH2%UPI0000382136,0.18920836,-0.3916854,-0.6270247,0.040045742,1.0,1.0,1.0,-0.5867016,0.40784904,1.0,-1.0,-1.0,-1.0,-1.0,1.0,1.0,1.0,-0.18983811,1.0,-0.5673247,0.010561541,1.0,1.0,1.0,-1.0,-1.0,-1.0,-1.0,1.0,0.14818944,1.0,0.02439491,0.9063937,0.2980073,-1.0,-1.0,0.022489298,-1.0
BSH2%UPI0001534663,1.0,1.0,-0.67450994,-1.0,0.74210584,-1.0,0.0347493,0.27126503,-0.11079157,-1.0,0.8047676,-0.08007404,0.17890094,-0.956783,0.50168097,-0.22806586,-0.05127222,0.4692119,-0.5818292,0.8864786,-0.6124752,-0.38554394,-0.7281231,-0.79498464,-0.5109451,-1.0,0.30406892,0.57873225,0.300722,0.10518249,-0.84231496,-0.23709626,-0.55271304,1.0,0.6423964,0.783547,0.84337884,0.0114705255
BSH2%UPI0001599717,-1.0,-1.0,1.0,-0.13915524,1.0,-1.0,1.0,-1.0,1.0,0.93200266,-1.0,-1.0,-0.90056515,1.0,1.0,1.0,1.0,-1.0,1.0,-1.0,-0.33716202,1.0,1.0,-1.0,-0.41903895,-1.0,-1.0,0.89290327,1.0,-0.8862933,1.0,-1.0,1.0,0.8435174,1.0,-1.0,-1.0,1.0
BSH2%UPI00017C25E3,1.0,1.0,-0.9924072,-0.5123542,-1.0,0.8971942,-0.81473356,0.92056555,-1.0,-1.0,0.6548646,0.7915536,1.0,0.3811025,-0.3963451,-1.0,-0.7839742,0.59777486,-0.8797567,0.7918177,-0.4586177,-0.7062585,-0.87838125,0.0055466667,-0.094904944,1.0,1.0,-0.6382073,-1.0,-0.41798294,-1.0,0.42247632,-0.4881026,0.69965905,-1.0,0.6536282,1.0,0.20644297
BSH2%UPI0001971EB2,1.0,1.0,0.13597447,-0.8102546,-1.0,-0.37455928,-1.0,-0.031561732,-0.2787209,-1.0,0.93834376,1.0,-0.008726057,1.0,-1.0,-1.0,-1.0,-0.32971132,-0.90365064,0.96296585,-0.061283223,-0.49937683,0.5566563,1.0,-0.5844455,0.5897372,0.7975546,1.0,-1.0,-0.37524635,0.045046393,1.0,-0.4093936,1.0,0.15618087,0.9953766,0.9769373,0.22667491
BSH2%UPI0001C1C05D,-0.5101461,-1.0,1.0,0.26033366,1.0,-0.15102535,1.0,-0.99889696,0.10232094,-0.31983384,-1.0,-1.0,-1.0,-1.0,1.0,1.0,1.0,-0.22768784,1.0,-1.0,0.70013905,1.0,1.0,1.0,-1.0,-1.0,-1.0,-1.0,1.0,0.2534613,1.0,-0.48369277,1.0,-1.0,-0.4966551,-0.49520656,-0.7331594,-1.0
BSH2%UPI0001CF4F1D,1.0,0.6089012,0.41515872,-0.8330044,-0.81597745,-0.9505513,-0.6198539,0.56274855,-1.0,-0.61052895,1.0,0.73733455,-0.05942066,-1.0,-0.9608499,-0.5631151,-1.0,1.0,-1.0,1.0,-0.6935912,-1.0,-1.0,0.31472626,-1.0,0.13151024,-0.122027665,-0.337746,-0.8538363,-0.54478765,-0.89754266,-0.9325519,-1.0,1.0,1.0,1.0,0.6980938,1.0
BSH2%UPI0001E69B03,0.32214147,0.85354424,-0.67110276,0.72997737,0.17175318,-0.5196388,-0.014933836,0.4210782,-0.55816245,-0.63898563,0.117631614,-0.6633427,0.78276277,-1.0,-0.02897031,-0.18433185,0.6197906,-0.13192582,0.31846422,0.3798944,-0.29291987,0.4345477,0.32139727,0.6360632,-0.8262962,0.48035738,1.0,-0.90159535,-0.0916809,0.37036496,-0.6995705,1.0,-0.17597838,-0.60117555,-0.46281484,-0.13322547,0.45065448,-1.0
BSH2%UPI0001FDAFAC,-0.62632763,-0.5522123,0.75946987,-1.0,0.65752596,-0.46907288,-0.13850993,-1.0,1.0,1.0,0.07917892,0.12323133,0.36294124,0.37404835,0.274395,0.1415937,0.6636488,-1.0,0.0013243414,-0.19424985,-1.0,-0.13666585,0.57977974,-1.0,1.0,0.22376394,0.7115177,1.0,0.46573523,-0.59684765,-0.094161004,-1.0,0.14201216,-0.07441,0.4503586,-0.64469594,-0.782628,0.38398585
BSH2%UPI0002814877,-0.72454065,-0.84125775,1.0,-0.78365785,1.0,-0.40682846,0.44259793,-1.0,1.0,0.27126676,-0.5442295,-1.0,-0.7995449,-1.0,0.7150704,0.1794621,0.042570617,-1.0,1.0,-0.696387,-1.0,1.0,1.0,-1.0,1.0,-0.40308747,-0.9507501,0.5015858,1.0,-1.0,1.0,-0.8855258,0.9896175,0.54290897,0.87641454,-0.72001517,-0.9892862,0.9189475
BSH2%UPI000335FD2D,0.12827884,0.34584367,-1.0,1.0,-1.0,-0.96523076,-1.0,0.79530764,-1.0,-1.0,0.30868363,1.0,0.3616086,0.28026572,-1.0,-0.9511567,-1.0,0.92772794,0.37035468,0.36494008,1.0,0.60924405,-0.21737373,1.0,-0.8936512,0.44817576,0.20984127,0.037341315,-1.0,1.0,0.78111035,1.0,-0.27519274,-0.8671713,-0.42168683,0.060093913,0.26209375,0.02749898
BSH2%UPI00033874A8,-0.2533898,-0.38862273,1.0,-0.59049064,0.29494774,0.58590955,1.0,-0.438374,0.41917485,-0.3120533,-0.43660173,-0.16764289,-0.52651435,-0.2161073,0.62936014,0.99012345,0.38643962,-1.0,0.6894253,-0.48122573,-0.20967856,-0.40333927,0.049601436,-0.64118326,-0.5514246,-0.795426,-1.0,-0.1596607,1.0,0.66139364,1.0,0.62170446,1.0,-0.60201573,-0.5929451,-0.37021407,-0.5728718,1.0
BSH2%UPI00033AD64E,1.0,1.0,-1.0,1.0,-1.0,1.0,-0.5457249,1.0,-1.0,-1.0,0.8290277,1.0,0.89422363,-0.42682788,-1.0,-1.0,-1.0,1.0,-1.0,1.0,1.0,-0.77757066,-1.0,0.86525565,-1.0,1.0,0.28026575,-0.82045084,-1.0,1.0,-0.5464107,1.0,-1.0,-0.22360833,-0.9401359,1.0,1.0,-0.5802307
BSH2%UPI00033F049A,0.851391,1.0,-1.0,1.0,-0.01568824,1.0,0.012957746,1.0,-0.9317415,-0.2890661,0.2147105,0.061011296,0.14826675,-1.0,-0.39519188,-0.29177645,-0.12485846,0.9668449,1.0,0.5686103,1.0,0.7571731,0.9535174,1.0,-0.9117463,-0.046273045,-0.2186186,-1.0,0.5070223,0.26949823,1.0,1.0,1.0,-1.0,-1.0,-0.17480393,0.68608594,-1.0
BSH2%UPI00038B932A,-1.0,-0.7422303,0.8746558,-0.8299008,1.0,-0.75400513,1.0,-1.0,0.61799943,0.23037292,-1.0,-0.4884597,0.9780032,-1.0,1.0,1.0,1.0,-1.0,1.0,-0.7493674,-1.0,1.0,1.0,-1.0,1.0,-1.0,0.54630584,-1.0,1.0,-1.0,1.0,-1.0,-1.0,-1.0,-1.0,-1.0,-0.2172186,-1.0
BSH2%UPI000396CDDF,1.0,1.0,-0.6040945,0.2527749,-0.49090782,0.25981674,-0.765276,0.26718318,-1.0,-0.9026142,1.0,-0.51116776,0.40271533,-1.0,-1.0,-1.0,-0.8941896,1.0,-1.0,1.0,0.31006444,-1.0,-1.0,-1.0,-1.0,0.36553577,0.7475308,-1.0,-0.2822442,1.0,-1.0,-0.45485973,-0.0021808085,1.0,1.0,1.0,0.6059679,1.0
BSH2%UPI000463FA77,-0.6282477,-0.8756541,1.0,-0.7560067,-0.39758098,-0.41380703,-1.0,-0.72824013,1.0,1.0,-1.0,-0.45377353,-0.2432563,1.0,0.10336602,0.24163404,0.3966834,-0.9469968,0.3433168,-1.0,-1.0,0.5000747,0.20220189,-0.80861735,1.0,-0.18129157,1.0,1.0,-0.80722195,-0.09133854,0.83245784,-1.0,0.14289589,0.20905516,1.0,-0.11337724,-0.80580276,-0.32790828
BSH2%UPI0004B97954,-0.3039758,0.18202183,-0.28497759,-0.98812395,0.19990203,1.0,-0.18254536,0.717113,0.8046256,0.98021907,-1.0,-1.0,-0.5661172,0.48854735,-0.7886636,-0.121436365,0.6108507,0.097873345,0.39297423,-0.2962633,-0.57699835,0.29305878,1.0,0.22004114,0.66896224,-1.0,1.0,-0.82996583,1.0,0.22893351,0.7156885,1.0,0.4008131,-1.0,-0.39023525,-0.75158626,0.09525305,-0.587547
BSH2%UPI000508CF7A,-1.0,-1.0,1.0,-1.0,1.0,-0.9276729,0.14333123,-1.0,1.0,1.0,-0.353316,-1.0,-0.9963569,-0.6140019,1.0,0.93416065,1.0,-1.0,1.0,-0.8881643,-1.0,1.0,1.0,0.26664394,0.28159592,-0.82429546,-0.47008857,0.24477953,1.0,-1.0,1.0,-1.0,0.60041845,0.66139007,1.0,-1.0,-1.0,0.42608216
BSH2%UPI00050FFCF5,0.44572237,0.3161119,-0.56415987,-0.17741661,1.0,0.01878452,0.96477616,0.50198555,-0.83046526,-0.837763,-0.010029096,-0.6113115,0.40314582,-1.0,0.75752443,1.0,1.0,0.27402008,0.25792918,0.101327665,0.72799736,0.14744568,0.39611524,-0.47231415,-0.47759676,-1.0,-0.88263154,-0.9608356,1.0,0.64367634,0.28536257,-0.14929329,-0.5778996,-0.57928556,-0.5574244,0.49115604,0.21092276,-0.5278501
BSH2%UPI0005738721,-0.30327907,-0.45189002,1.0,0.079690985,0.30452308,-1.0,-0.2597729,-0.22208075,1.0,0.8473572,-0.32127583,-0.9350422,-0.43891943,0.6886476,0.2694914,-0.65037847,-1.0,-0.71718335,0.5624073,-0.37039387,-0.43860862,-0.2273373,0.37444523,-0.570694,1.0,0.09268076,0.79234564,1.0,-0.06548548,-1.0,-0.20092537,-1.0,0.6104404,1.0,0.28737926,-0.40337533,-0.3546193,1.0
BSH2%UPI0005D317A6,-1.0,-1.0,1.0,-0.85562783,1.0,-0.7875406,1.0,-1.0,1.0,0.81925654,-1.0,-0.84402585,-1.0,1.0,0.8539162,1.0,1.0,-1.0,0.7528027,-1.0,-1.0,1.0,1.0,-0.3111897,-0.80705154,-0.97620815,-0.48026955,0.5540998,1.0,-0.38172266,1.0,-1.0,0.83801657,0.5922617,1.0,-1.0,-1.0,1.0
BSH2%UPI0005DCCFF2,1.0,1.0,-1.0,1.0,-1.0,-0.023754962,-1.0,1.0,-1.0,-1.0,1.0,1.0,1.0,-0.2676017,-1.0,-1.0,-1.0,1.0,-1.0,1.0,1.0,-1.0,-1.0,1.0,-1.0,1.0,1.0,-1.0,-1.0,1.0,-1.0,1.0,-1.0,1.0,-1.0,1.0,1.0,-1.0
BSH2%UPI0006649122,-1.0,-0.9380332,0.7126922,-1.0,0.7063278,-0.11803108,1.0,-1.0,1.0,1.0,-1.0,-1.0,-1.0,-0.5473012,1.0,1.0,1.0,-1.0,1.0,-1.0,-0.24600738,1.0,1.0,-1.0,0.9797215,-0.7627875,0.44830963,0.7500806,1.0,-1.0,1.0,-0.840545,1.0,-0.2578558,-0.21846409,-1.0,-0.9902367,-0.119331345
BSH2%UPI0006A496D2,-0.60310364,-0.6740944,0.8352078,0.65069735,-1.0,0.78414875,-1.0,0.7495251,1.0,1.0,-1.0,0.70588666,0.68867373,1.0,-0.48691893,-0.09906659,0.14213975,0.1696948,-0.9052114,-0.8798202,-0.729425,-0.57491064,-1.0,0.23637524,0.9787098,0.06299257,0.23558648,1.0,-1.0,0.40471193,1.0,-1.0,-0.7865502,0.21160726,0.7233312,0.404707,-0.14819957,-1.0
BSH2%UPI0006BFFEB7,-1.0,-0.58439,-1.0,-0.05064962,0.38557014,-1.0,0.110786304,0.37269714,0.31778756,0.40192005,0.27913344,0.56557995,-0.09991344,0.82899684,-0.65645313,-0.59985435,-0.50861084,0.9893617,-1.0,0.25139603,0.49120623,-1.0,-1.0,0.24027632,1.0,1.0,1.0,1.0,-0.25390944,0.9875762,-1.0,-0.3045232,-1.0,-1.0,-1.0,-0.61059594,-0.1980462,-0.124192424
BSH2%UPI0006C043E9,0.62643284,0.023716195,0.51156276,-1.0,-0.5305503,-0.006632036,-0.2946131,-0.35687482,0.81175977,0.5749688,-1.0,-1.0,0.2911571,0.6802894,1.0,-0.065884516,0.5496633,-0.75582254,0.7121296,-0.43639097,-1.0,0.18217759,0.14223745,-1.0,0.3972149,-1.0,-0.45481324,-0.03631851,0.6110506,-1.0,1.0,0.3465581,0.44548705,0.71134245,1.0,0.66366637,0.0065611997,-0.29074767
BSH2%UPI0006C0EB58,-0.47279873,-0.2942054,-0.00046342905,-0.26065204,0.9325283,-0.20136173,0.4045252,0.471244,-0.29780233,0.2942589,-0.02136072,-0.1975283,-0.6064719,-1.0,0.7059247,0.40671474,-0.008676313,0.28362775,-0.37596512,-0.29873052,-0.3289826,-0.5749752,-0.04805113,0.60720205,-0.328928,0.93776506,1.0,-1.0,0.30064005,-0.22333285,0.09212311,0.34527302,0.6101117,-1.0,0.28303462,-0.22499654,-0.45576185,0.36325553
BSH2%UPI0006C1ADDE,0.19995156,0.10172823,-0.95078766,0.26124743,0.9610575,1.0,1.0,1.0,-0.8063917,-0.9536755,0.35816306,-1.0,-1.0,-1.0,1.0,1.0,0.16404016,0.9639677,0.47725984,0.1204956,-0.44790694,-0.0027638439,-1.0,0.16669081,-1.0,-1.0,-1.0,-1.0,1.0,1.0,1.0,0.8134938,1.0,0.17382634,0.34621537,0.07615626,-0.31638995,-0.3779336
BSH2%UPI0006C23C60,1.0,0.96851546,-0.58266115,1.0,-0.8656695,-0.9598313,-1.0,1.0,-1.0,-0.75130475,0.92492574,0.3871964,1.0,-1.0,-0.1920861,-1.0,-1.0,1.0,-0.84838635,1.0,0.62238866,0.47970006,0.3011894,1.0,-1.0,-1.0,0.4841091,-1.0,-0.88765836,0.60867923,0.86773914,0.7536488,0.59301996,0.31678337,0.89041156,1.0,1.0,-1.0
BSH2%UPI0006C28698,-0.48392236,-0.5284443,0.54004824,-0.17521815,0.10199005,0.018989561,-0.40840593,0.5152147,0.14147681,-0.11060038,0.1711574,1.0,0.3187254,1.0,0.05455718,0.70494664,-0.5183249,0.6427439,-1.0,-0.26745033,0.12766686,-1.0,-1.0,-1.0,1.0,1.0,1.0,0.5387264,-1.0,-1.0,-0.86745083,0.33092973,-0.8954129,-0.46208817,0.14937165,0.013915208,-0.3341419,0.04552936
BSH2%UPI0006C3C90B,-0.89158875,-0.67500734,0.5750665,-1.0,1.0,-0.88047475,0.7477895,-1.0,1.0,1.0,-0.059528492,-0.66612196,-1.0,-0.16566469,0.490408,0.8674702,0.86551154,-1.0,0.45511705,-0.4222869,-1.0,0.33989286,0.8972298,-1.0,1.0,-0.27502012,0.31646898,1.0,0.8889439,-0.29633573,0.8062319,-1.0,0.58062506,-0.47317335,0.3800111,-1.0,-1.0,0.7864624
BSH2%UPI0006C45BC8,-1.0,-1.0,-0.117479384,-1.0,0.16064683,0.7079346,-1.0,-0.50017756,0.99487025,0.81448054,-1.0,0.018962104,-0.41149002,1.0,-0.089857236,0.42481735,0.20581535,-1.0,-0.64116555,-1.0,-0.065443866,-1.0,-0.8279427,-1.0,1.0,0.80626315,1.0,1.0,-0.31710762,-0.802863,-0.103027344,-0.75808024,-1.0,-0.11262973,0.7828883,-0.894205,-0.89087737,0.46527445
BSH2%UPI0006C4A6B6,1.0,1.0,0.33846855,0.5830066,-0.19045007,-0.29329026,-1.0,0.5821826,-0.19092266,0.4826583,0.66829985,0.17406102,-0.61267465,0.59442157,-0.574076,-1.0,-1.0,0.26263976,-1.0,0.8698884,0.011543822,-0.66147697,-1.0,-0.6806712,0.040410597,-1.0,0.44695145,0.17708915,-0.7131715,-0.73221344,-0.11530015,-0.26192847,-1.0,1.0,-0.7113994,0.9471962,1.0,1.0
BSH2%UPI0006C52F45,-0.010137356,-0.6258765,1.0,-1.0,-0.2209072,-1.0,0.7277475,-1.0,1.0,1.0,-0.0275356,0.6577399,-0.9690156,1.0,-0.6166288,1.0,-0.68127716,-1.0,-0.24650243,-0.6886947,-1.0,-1.0,0.38521892,-1.0,0.60813797,-0.91361344,-1.0,0.2720082,0.36658782,-1.0,0.25212875,-0.9896825,1.0,1.0,1.0,0.09829575,-0.7166492,1.0
BSH2%UPI0006C5C844,0.11341715,0.3193705,0.8476683,-0.7073863,0.07269864,-0.18894792,0.14742428,0.3107364,1.0,1.0,0.090306364,-0.99621767,-0.06871835,0.12883942,-0.25166515,0.23473348,-0.36204913,-0.60421205,-0.40282416,0.050126858,-1.0,-1.0,-0.39028263,-1.0,0.53781736,-0.7676669,-1.0,0.2166419,0.30925998,-0.49146995,0.560205,0.19773698,0.19890161,0.6306873,0.6426588,-0.19686401,0.12392873,0.7682356
BSH2%UPI0006C706B0,0.92359596,1.0,-0.19124754,0.40067616,-0.9627423,-0.53807664,-0.119000755,-0.4589391,0.071934015,-0.083646454,-0.14017938,0.27071053,1.0,0.28085274,-0.687619,-0.83112895,-0.7505325,-0.7469881,-1.0,0.33428445,-0.005587216,-0.11785152,-0.37008095,-0.8135206,0.87143415,0.7935665,0.7606394,0.22353901,-1.0,-1.0,-1.0,0.54556316,-0.19078538,0.43459514,0.3908551,0.18791176,0.98713666,-0.1446535
BSH2%UPI0006CAB5AD,-0.9505823,-1.0,0.041546077,0.85372597,-1.0,-0.8233808,-1.0,0.5408757,0.25828093,0.58362293,0.16913888,1.0,0.59481275,1.0,-1.0,-0.20301247,-1.0,0.43511358,-1.0,-0.40892994,1.0,-1.0,-1.0,0.15738413,1.0,1.0,1.0,1.0,-1.0,0.42509532,-0.23228721,0.691014,0.09464561,-0.373229,0.25596812,0.28925925,-0.38592234,0.16542976
BSH2%UPI0006CABE2C,-1.0,-1.0,1.0,-1.0,1.0,-0.20133811,1.0,-0.09339146,0.1680481,1.0,-0.068615206,-1.0,-1.0,-1.0,1.0,1.0,1.0,0.90014285,1.0,-0.38410994,-1.0,1.0,1.0,0.74349535,-1.0,-1.0,-1.0,-1.0,1.0,1.0,1.0,-1.0,1.0,0.17146692,1.0,-0.5468886,-1.0,1.0
BSH2%UPI00082051E1,-0.10847661,0.30671605,-1.0,-0.6430776,-1.0,1.0,-1.0,1.0,-1.0,-1.0,0.45947704,1.0,1.0,0.8370481,-0.10368942,-1.0,-1.0,1.0,-1.0,0.4559522,0.29227644,-0.54620427,-1.0,1.0,0.3494668,1.0,1.0,0.36576498,-1.0,1.0,-0.16582383,1.0,-1.0,-0.6165032,-1.0,0.25296277,0.59212786,-1.0
BSH2%UPI00082062C1,-0.8987332,-0.68300694,1.0,-1.0,0.2704123,-0.6542433,-0.20980713,-1.0,1.0,1.0,-0.4057878,-0.2140575,-0.36202323,0.6354643,-1.0,0.13042676,0.82154304,-1.0,0.48799795,-0.507334,-0.9707098,0.71990716,1.0,-1.0,-0.0046643927,-0.6611888,0.46954387,1.0,0.5193213,-0.8948223,-0.3916079,-1.0,0.5624192,0.44288322,1.0,-0.92809737,-0.7167832,1.0
BSH2%UPI000820857A,-1.0,-1.0,1.0,-0.37103602,1.0,-0.6309876,1.0,-0.15286963,0.9101953,0.3220685,-1.0,-1.0,-0.8057502,1.0,1.0,1.0,1.0,-0.5915734,1.0,-1.0,-1.0,0.60437685,-0.053163394,-1.0,0.30892932,0.72087836,-1.0,0.07891189,1.0,-1.0,0.651796,-1.0,0.96910155,-0.64160854,0.01228948,-1.0,-1.0,-0.8456838
BSH2%UPI000820B778,-0.36718556,-0.22031856,0.4569706,-0.20914295,0.06885376,-1.0,-1.0,-0.18694656,0.80931264,0.9373107,-0.11425904,1.0,1.0,1.0,-0.533331,-1.0,-0.76161695,-0.49425015,-0.8183303,-0.17760623,-0.25793016,-0.1588291,-0.81612885,-0.3069945,0.8308415,0.46551582,1.0,0.42642388,-0.7872127,-1.0,0.046600606,0.5862351,-0.65867275,0.45219162,0.08789102,-0.082490504,-0.067710765,-0.75701684
BSH2%UPI000820F666,1.0,1.0,-0.8502072,0.08402867,-0.94930726,-0.92064965,-1.0,1.0,-0.8258737,-1.0,1.0,0.6547366,-1.0,-0.11302504,-1.0,-1.0,-1.0,1.0,-0.5489484,1.0,0.84043306,0.39164758,0.72402865,1.0,-1.0,-0.30925116,-0.33248416,-0.70146793,-1.0,1.0,-1.0,1.0,-0.14077194,0.00809896,-0.4351386,0.9793864,1.0,-1.0
BSH2%UPI000821232B,0.728057,1.0,-0.3289057,1.0,0.47972074,0.82811475,1.0,1.0,0.2538467,0.8578063,0.20736207,-0.41323763,-0.56437206,-0.94553465,-0.14138047,0.66717243,0.5723622,0.74734116,0.57337534,0.504211,0.6372247,-0.6371951,0.21132652,0.20043752,-0.4375845,-1.0,-1.0,-1.0,0.41896325,0.6868842,-1.0,0.29157495,-1.0,-0.8248954,-0.6775216,-0.021251915,0.69303894,-0.17359428
BSH2%UPI0008219BA0,-1.0,-1.0,0.70025045,-1.0,0.7176419,1.0,0.65884703,-1.0,0.7519896,0.8226137,0.07293932,-1.0,-1.0,-1.0,0.8379339,0.739037,1.0,-0.6676972,1.0,-0.2814124,-0.7126771,1.0,1.0,0.48881185,0.16478084,0.842596,-0.09099943,-1.0,1.0,0.62329125,0.9295588,0.09999432,1.0,-1.0,-0.5489672,-1.0,-1.0,-1.0
BSH2%UPI000821B1D8,0.276771,0.6992124,-0.6085488,0.1469602,-0.34802392,1.0,0.6996049,0.7767957,-0.1884021,1.0,0.4269404,-0.06394618,0.5904217,-1.0,-0.25723347,0.1633286,-0.056595683,0.5478984,-0.82752943,0.63323087,0.44588518,-0.77651423,-1.0,-0.6415942,0.20234598,0.081971,1.0,-0.8807318,-0.17304412,1.0,-0.657841,-0.16464096,-0.34404895,-0.19122483,-1.0,0.3484064,0.81198496,-1.0
BSH2%UPI000821B9AC,-1.0,-1.0,0.12839225,-1.0,-0.28026304,1.0,0.23011233,-1.0,0.9361308,1.0,-1.0,-0.8997089,0.1397993,-0.76237136,1.0,1.0,1.0,-0.865314,1.0,-1.0,-0.66769505,1.0,0.84884197,-1.0,1.0,0.51606387,0.67533284,0.7173125,0.9350699,0.27536944,1.0,-0.42565924,1.0,-1.0,0.66055864,-1.0,-1.0,-1.0
BSH2%UPI000821FD65,-0.62142104,-0.08365199,0.09338515,0.6847427,-1.0,0.5427691,-0.425841,1.0,1.0,1.0,-0.3622489,0.99710643,0.36913866,0.124017045,-0.9847469,0.2541228,0.16397865,-0.10192186,-0.6434618,-0.026612204,-0.5615606,-1.0,-1.0,-0.18961269,1.0,1.0,1.0,0.2603656,-1.0,-0.40793398,-0.39410058,0.1642644,-0.18614197,-1.0,-0.7913364,-0.33915725,-0.055489592,-0.7588123
BSH2%UPI0008222B5A,-0.13780092,0.012873621,0.766376,-0.1338963,0.028236773,-1.0,1.0,-0.0043221232,-0.16935433,-0.8796924,0.10767634,0.4669921,0.4895836,0.5868313,-0.7419848,0.2940503,-0.37348768,-0.31928095,0.08981604,-0.10050339,0.59177524,-0.27392596,-0.2009681,0.28058946,-0.41208056,0.87446827,0.8597786,0.13425153,-0.19678038,-1.0,-0.060359713,-0.6075217,0.35115707,0.09031387,0.118727624,0.04229239,-0.0747974,0.581997
BSH2%UPI00082257EE,-1.0,-0.78966343,0.9772639,-1.0,1.0,1.0,1.0,-1.0,0.60283166,0.7004559,-1.0,-1.0,-1.0,-1.0,1.0,1.0,1.0,-0.6611278,1.0,-1.0,-1.0,1.0,1.0,-1.0,-0.7578328,-1.0,-1.0,-1.0,1.0,-1.0,1.0,-1.0,0.47851655,-1.0,-0.96671015,-1.0,-1.0,-0.6045284
BSH2%UPI000822F9A5,0.58015347,0.6648869,-0.48194113,1.0,-1.0,-1.0,-0.9497861,0.5865078,-0.7079374,-0.34397995,0.8242966,1.0,1.0,-0.009956568,-1.0,-0.9905366,-0.65590227,-0.45952293,-0.5905331,0.77904177,0.071749575,-0.4854096,0.015722662,0.043609865,0.87271667,1.0,0.8387871,-0.39422968,-1.0,-1.0,-1.0,1.0,-0.6396315,-0.14953674,-1.0,0.5076233,0.43584636,-0.7319915
BSH2%UPI0008230885,0.875347,0.53119755,0.0845645,0.6339323,-0.9052573,0.03232132,0.08503553,0.48131695,0.15795596,0.28025553,0.3811127,-0.29543808,-0.59215397,-1.0,0.070212744,-0.14351521,-0.82342935,0.74125904,-0.0649227,0.34356326,1.0,0.13149905,-0.58726096,-0.47911528,0.12166804,1.0,0.37310863,-1.0,-0.8976939,0.41473773,-0.52496177,-0.07933251,0.022371763,0.04887806,0.31071287,0.4920788,0.41383132,-1.0
BSH2%UPI00082332C0,1.0,1.0,-1.0,0.5736087,-1.0,0.43656045,-1.0,1.0,-1.0,-0.5792405,1.0,0.648634,1.0,0.28848737,-1.0,-1.0,-1.0,1.0,-1.0,1.0,1.0,-1.0,-1.0,0.7548917,-0.57580346,-0.64134747,1.0,-0.16109365,-1.0,1.0,-1.0,1.0,-1.0,0.10868855,-0.9751883,1.0,1.0,-0.34432814
BSH2%UPI0008E59C2D,-0.18672404,-0.34658906,1.0,-1.0,1.0,0.6392402,1.0,-0.6114558,1.0,1.0,-0.31738433,-0.19423728,0.21674515,-0.37872612,1.0,0.8547767,0.20814529,-0.9869737,-0.15512587,-0.45836106,-0.6789737,-0.81920105,-1.0,-1.0,0.71628994,0.027496886,-0.36012977,-0.020147972,0.78588885,-1.0,0.80536,-1.0,0.38489226,0.1931154,0.052458227,-0.24618334,-0.47141197,0.7168107
BSH2%UPI00095B7069,-0.38827914,-0.26319018,0.47931224,0.02322199,-0.6030422,0.40784502,1.0,-0.50263435,-0.32256538,-0.51694256,-0.60218906,0.055677433,0.4192077,-0.6885058,0.20409511,1.0,0.02189057,-0.3373432,0.85861015,-0.6490095,0.029404242,1.0,0.544717,0.31589356,-0.08151336,0.3538683,-0.95963526,0.26953426,-0.34616882,0.43153512,0.5231467,0.11058495,1.0,-0.21471955,-1.0,-0.75552773,-0.29148057,-1.0
BSH2%UPI000960BD65,-0.47569096,-0.35405755,0.2919776,1.0,1.0,0.67749196,0.43612978,-0.3068176,0.7107553,1.0,-1.0,-0.87174344,-0.31466427,-1.0,1.0,0.85563266,1.0,-1.0,0.72587764,-0.9952716,-0.7787533,0.5495821,-0.42428026,-0.9455285,0.91458327,0.029525759,1.0,-0.84569883,1.0,0.17136252,-0.35412553,-1.0,0.92279685,-1.0,0.67152214,-1.0,-0.8646913,-1.0
BSH2%UPI0009611255,-1.0,-1.0,1.0,-0.98040414,1.0,-0.9005553,1.0,-0.8841837,1.0,1.0,-1.0,-1.0,-0.61005914,-0.09390836,1.0,1.0,0.9119061,-1.0,1.0,-1.0,-1.0,1.0,1.0,-1.0,0.42510977,-1.0,-0.6805946,0.36321798,1.0,-1.0,1.0,-0.75563097,1.0,0.1691702,1.0,-1.0,-1.0,0.46463162
BSH2%UPI000961A2BF,-0.03484749,-0.41445553,0.28988743,0.94432485,0.4062518,0.72945464,-0.25181338,0.49442372,0.48901892,0.2698405,-0.45699155,-0.529024,-0.52728236,0.24695142,0.3252563,-0.5194085,-0.20306447,-0.71818656,-0.35526314,-0.4410332,0.16805042,-0.7242267,-0.04236503,-1.0,1.0,0.79471666,0.7992586,1.0,0.6481174,-0.5962256,-0.013753628,-1.0,0.5121544,-0.42542112,0.36483943,-0.35256535,-0.5478532,-0.27327803
BSH2%UPI000965B48B,-0.22220467,-0.035792653,-0.19897276,1.0,-1.0,1.0,-1.0,1.0,-0.59355193,-0.16227844,0.7105047,1.0,0.8745641,-1.0,-0.57235485,-0.059486218,-0.111910895,1.0,-0.91426915,0.7277734,1.0,-1.0,-0.94556147,1.0,-0.62115234,0.89400554,1.0,-0.7304889,-1.0,1.0,-1.0,-0.08889278,-1.0,-1.0,-0.5071901,0.6846325,0.067512296,-1.0
BSH2%UPI000966A84B,-0.061834905,-0.28186336,0.37168422,0.45540178,-0.599533,-1.0,-0.8663524,-0.63117707,0.6743446,-0.083585605,0.27670044,0.63544387,1.0,-0.056110594,-0.52526534,-0.37545604,-1.0,-0.1589167,-0.5405042,0.2578551,-1.0,0.12581046,-0.84328485,-1.0,1.0,0.73644155,1.0,0.9099125,-0.63839215,0.081891,-0.2740807,-1.0,-0.7218013,1.0,0.6373255,0.37707442,0.053654652,-1.0
BSH2%UPI00096829BD,0.46342957,0.9636999,-1.0,1.0,-1.0,1.0,-0.5683414,1.0,-1.0,-1.0,0.61841434,1.0,1.0,-0.28441128,-0.90288335,-1.0,-1.0,1.0,-1.0,0.80331904,1.0,-0.8778518,-1.0,1.0,-1.0,-0.3292096,1.0,-1.0,-1.0,1.0,-0.5594908,1.0,-1.0,-0.89640075,-0.90783226,0.5641865,1.0,-0.63856775
BSH2%UPI0009698BA7,1.0,1.0,-1.0,-0.0010628357,-0.95592755,-0.5592389,-0.10968885,0.5102564,-1.0,-0.6642326,1.0,0.95578206,1.0,-0.58115876,-0.3280722,-1.0,-0.8181079,1.0,-1.0,1.0,0.9404678,-1.0,0.18000913,0.20726284,-0.95488995,-0.19507481,1.0,-0.35431665,-1.0,-0.6162568,-1.0,0.59815437,-1.0,1.0,-1.0,1.0,1.0,-0.9499761
BSH2%UPI0009C3B121,-1.0,-0.69764644,0.9098953,-1.0,1.0,-0.11680531,1.0,-0.019784277,1.0,1.0,-0.88429314,-1.0,-0.9072222,1.0,0.77502894,0.7344063,1.0,-0.61782986,-0.10939901,-1.0,0.43374094,-0.26950303,-0.97487795,-1.0,0.48211655,-1.0,-1.0,0.863462,1.0,0.72515196,0.019372959,-0.40059218,0.56847537,0.7890417,0.012230815,-1.0,-0.64086723,0.5670878
BSH2%UPI000B3674FC,1.0,1.0,-1.0,1.0,-1.0,1.0,-1.0,1.0,-1.0,-1.0,1.0,1.0,1.0,-0.8810181,1.0,-1.0,-1.0,1.0,-1.0,1.0,1.0,-1.0,-1.0,0.76099247,-0.48058662,1.0,1.0,-1.0,-1.0,1.0,-1.0,0.19542237,-1.0,-0.2951702,-1.0,1.0,1.0,-1.0
BSH2%UPI000B38AD3B,0.13066427,0.04343686,-0.27067026,1.0,-0.16250677,-0.5073227,0.10094012,0.817295,-0.19416746,-0.22394224,0.08195114,-0.011962452,0.2543201,-0.23495314,0.16238686,-0.4898122,-0.7954589,0.35058367,0.08125032,0.12319729,0.37665907,0.5562266,0.5471949,1.0,-0.6875539,-0.84734374,-1.0,-1.0,0.042672306,1.0,0.31289738,0.95752555,0.7895615,-0.63034254,0.416861,-0.031291667,-0.01560269,-0.5756224
BSH2%UPI000B431D75,1.0,0.5641833,0.28399137,-0.12805717,1.0,-1.0,0.69831294,-0.74265414,-0.008756824,-0.62109244,0.6654833,0.44789627,0.6233176,-0.07887253,0.20734239,-0.16051437,-1.0,-0.6654402,0.13879779,0.35983375,-0.05683722,-0.7595603,-1.0,-1.0,-0.5053987,0.5609461,-0.2939165,1.0,0.71395755,-1.0,-0.23789321,-1.0,-0.64250195,0.014870198,1.0,0.2449212,-0.124381214,1.0
BSH2%UPI000C84F661,-0.17451867,-0.14013617,0.3085443,-1.0,1.0,0.9522871,0.32911327,0.15623951,0.7814376,1.0,-0.3156012,-0.4639036,-1.0,-0.060323864,0.503698,0.48120168,0.3028238,-0.1335976,1.0,-0.24529499,-0.9003828,-0.2316204,-0.4537703,-0.48546833,0.96058017,-0.79191494,-0.6389186,0.0952403,1.0,-0.19428548,0.6333824,-0.02429615,-0.70011866,-0.41031018,-0.80409586,-0.5173567,-0.39555052,0.4786495
BSH2%UPI000D1261F9,-1.0,-1.0,1.0,-1.0,0.6849274,0.89776963,-0.75422037,-0.020629045,0.5611064,-0.75110924,-0.091499545,0.33094892,-0.9459392,0.29213765,1.0,1.0,0.83863413,-0.13353403,0.931282,-0.69384736,0.8322574,1.0,1.0,1.0,-0.72907364,-1.0,-1.0,-0.052737605,0.50182843,0.3389998,0.39279553,0.3354127,0.25099733,-0.6255824,1.0,-0.4311627,-1.0,1.0
BSH2%UPI000D58F0CE,0.84026694,0.71714365,-0.20365675,-0.05552589,0.15615734,-1.0,-0.27244127,0.56236994,0.10703862,-0.09105494,0.34643117,0.4333911,0.20784628,1.0,-0.6052889,-1.0,-0.3961727,-0.21948814,0.24555194,0.56065303,-0.08653957,-0.09469,1.0,0.27757952,-0.23186462,-1.0,-1.0,0.7467373,0.033403203,-1.0,-1.0,0.84959334,-0.6615632,1.0,0.026442772,0.2744336,0.52170324,0.98538214
BSH2%UPI000D6581CE,-0.7698168,-0.89890975,0.21909264,0.41557086,0.34042937,1.0,0.6932654,1.0,-0.2631368,-0.50163907,-0.4876764,-0.53631103,-0.75713086,0.5718356,0.5662493,1.0,1.0,0.8765734,0.03388773,-0.7092175,-0.21206938,0.628601,-0.4938493,1.0,-0.6161945,-1.0,-1.0,0.20647451,0.65717185,0.8665926,-0.5495756,0.049328532,-0.4402252,-1.0,0.7568592,-0.43868238,-0.69199866,0.9247441
BSH2%UPI000D7ABA35,0.100306,0.17774226,0.86662716,-0.48782843,-0.39061984,-0.07808526,0.853209,-0.19792907,1.0,1.0,0.094693646,0.4786208,0.7459418,1.0,0.150134,-0.007852092,-1.0,-0.5344824,-0.59157735,0.2535673,-0.2783082,-0.56169945,-0.43959486,-1.0,0.7732918,-1.0,-1.0,-0.35672852,-0.49666443,0.03682719,0.7084456,-0.1492879,-0.18993175,0.6369592,-0.2970046,0.005693434,0.33409917,-0.13143383
BSH2%UPI000D7ADB68,1.0,1.0,-0.18838756,-1.0,0.74146414,-1.0,-0.51372105,-1.0,-0.40594262,-1.0,0.66351503,-0.12067138,1.0,-0.9759289,0.6901392,-0.613666,-0.20429377,-0.5666675,0.00827958,0.912926,-1.0,0.003925284,0.17414865,-1.0,-0.14881715,-0.49530888,1.0,0.5004263,0.10410573,-1.0,-0.8467863,0.49593574,-0.3869172,1.0,0.6659645,0.7782975,1.0,0.53287673
BSH2%UPI000D7AF0AB,-0.28908825,-0.5626971,0.7317721,0.965105,0.98832107,-1.0,0.77730733,0.14991935,1.0,0.3516817,-0.38719285,-0.4627548,-0.5365756,1.0,0.9431831,-0.15665112,-1.0,-1.0,-0.22403951,-0.57686913,0.8411472,0.20623103,-0.11141007,-1.0,0.35027376,-0.9735624,-1.0,0.77625346,0.6110811,-1.0,-0.15539825,-0.42549592,0.6090028,1.0,1.0,-0.48974672,-0.43656316,1.0
BSH2%UPI000DF74F5E,1.0,1.0,-0.47008064,1.0,-1.0,0.27476537,-0.87148446,1.0,-1.0,-1.0,0.98869926,1.0,1.0,0.6919485,-1.0,-1.0,-1.0,1.0,-1.0,1.0,1.0,-1.0,-1.0,1.0,-1.0,0.61809695,-0.5901008,-1.0,-1.0,0.84628016,-1.0,1.0,-1.0,0.9570048,-1.0,1.0,1.0,0.20247504
BSH2%UPI000DF7AEC4,-0.44847143,-0.7377361,0.93157005,-0.58034813,1.0,-0.8310368,0.07243482,-1.0,0.9959251,0.2595448,-0.67136645,-0.6978371,0.013006633,1.0,0.8410818,0.7985747,0.8269104,-1.0,1.0,-1.0,-1.0,1.0,1.0,-1.0,1.0,1.0,0.5203662,1.0,1.0,-1.0,-0.4281098,-1.0,1.0,0.8775649,1.0,-1.0,-1.0,-0.037782837
BSH2%UPI000DF86417,0.6692981,0.10183199,0.3994811,1.0,0.7760022,-0.9890231,0.7639815,0.8498458,0.52697057,0.9711364,0.008925355,-1.0,0.6390628,-0.7235121,0.6766982,-0.34691125,-0.24420957,0.1256577,0.062591955,0.068275325,-0.25842887,-0.05620023,-0.11126232,-1.0,0.76136005,-0.5332332,0.6690214,0.58174807,0.3129246,-1.0,-0.8875717,-1.0,-0.43291074,0.5963725,0.92030495,0.43082002,0.02207147,0.12615876
BSH2%UPI000E40484B,-0.4781243,-1.0,1.0,-0.9119346,1.0,-1.0,1.0,-0.22955556,0.6654323,-0.1379861,0.73365927,-0.5958104,-1.0,-1.0,0.71943694,1.0,0.38732925,0.096125394,0.25609544,-0.23677741,-1.0,0.33345872,-0.52860177,-0.44738686,-0.59624773,0.7972274,-1.0,-0.533684,0.9230098,-0.4197018,0.8578674,-0.9222768,1.0,0.116886415,1.0,0.14270614,-1.0,1.0
BSH2%UPI000E42566B,0.012944086,0.22708872,0.7245148,-1.0,0.88753206,-1.0,-0.19164605,-0.21405193,0.46421665,-0.19084837,0.40378743,0.09931555,0.14281642,-0.17120142,-0.111017995,-0.5914438,0.026060287,-0.6111395,0.3379049,0.3146038,-0.22249831,1.0,1.0,0.16299108,-1.0,-1.0,-1.0,-1.0,1.0,1.0,0.48020393,-0.90665036,1.0,0.89530593,-0.26967552,-0.25167364,0.033292063,0.4030424
BSH2%UPI000E4418E2,1.0,0.27388516,-0.33277267,-0.020518493,-0.92329913,0.12987247,0.1958736,1.0,-0.80164665,-0.37525013,0.10421188,0.11810235,1.0,-0.005582406,-0.17784539,-0.59115255,-0.35249716,1.0,-1.0,0.2269466,-0.3453183,-0.9247883,-1.0,0.36120802,0.4047682,0.23959386,0.36158937,0.066166565,-1.0,-1.0,-0.86406124,0.17721224,-1.0,0.5929308,0.64874715,1.0,0.5202372,1.0
BSH2%UPI000E4BF981,-0.39169547,0.076813996,0.3509577,0.22804993,-1.0,-1.0,-1.0,0.16167141,-0.5855937,-0.50150436,1.0,1.0,0.7743925,-0.2788341,-1.0,-0.67555577,-0.38418183,1.0,-0.7022182,1.0,0.82202864,-0.46602076,0.59611744,0.84593695,-1.0,0.49182126,0.060924783,-1.0,-0.08464907,1.0,-1.0,0.3690945,0.33015293,-0.94597375,0.17523515,0.37168685,0.12080635,0.10161213
BSH2%UPI000E4E4D64,-0.23313992,-0.105414614,-0.5356478,-0.42737043,-0.44554535,1.0,-0.113684505,0.046944745,-0.08462151,-0.3438931,-0.07220784,-0.0683771,-0.34332487,-0.15782623,0.25778082,0.09240682,-0.27185607,0.49111593,0.50335115,-0.050488763,0.7590321,0.7108564,0.54829866,0.9826721,-0.22191843,-0.2611312,0.64213943,-1.0,-0.048281807,1.0,0.62591887,0.93425083,0.27846694,-1.0,-0.26460582,-0.19134924,-0.13118318,-1.0
BSH2%UPI000E53BC4B,-1.0,-1.0,-0.00418454,-1.0,0.020063987,-0.98007685,-1.0,-1.0,1.0,0.94993734,-0.10252584,0.48561412,0.781437,1.0,0.1621009,0.27039975,0.6264083,-0.7336151,-0.017448105,-0.37878183,0.63923866,0.12142398,1.0,-1.0,1.0,1.0,1.0,1.0,-0.49978256,-1.0,-1.0,-1.0,-0.837068,-0.82655823,-0.5049197,-0.6240439,-0.82829696,-1.0
BSH2%UPI000E53DAEE,-1.0,-1.0,-0.49270648,-0.0031911512,-0.9106476,1.0,0.82017577,1.0,-0.6604635,0.038747277,-0.75867015,-0.1942039,-0.29032043,-0.6811859,0.31799084,1.0,1.0,1.0,0.6657145,-1.0,0.5135055,0.6053247,0.39465883,1.0,-0.44564068,-0.2266009,0.40245906,-1.0,-0.08658188,1.0,0.009794351,0.2812131,0.3265831,-1.0,-0.4437991,-0.16434956,-0.75631106,-0.51977104
BSH2%UPI000E54458D,1.0,1.0,-1.0,1.0,-0.9241273,-1.0,-0.8056684,0.81921893,-0.1985923,0.20832264,0.999448,1.0,1.0,0.33802655,-1.0,-1.0,-1.0,0.18850592,-1.0,1.0,0.5917886,0.5201587,0.37739283,-0.8181457,0.5700162,0.20569281,-0.4155093,-0.69316924,-1.0,-1.0,-1.0,-1.0,-1.0,0.24619448,0.29017824,1.0,1.0,-0.96509045
BSH2%UPI000E7D8CB5,0.37047523,0.8241805,-0.9064915,0.54476756,-1.0,-0.5521502,-0.086082034,0.21308303,0.36742783,1.0,-0.09627443,0.85439646,1.0,1.0,-1.0,-0.7481891,-0.77874285,0.48844388,-0.5788441,0.34902906,0.22659543,-0.7338798,-0.17302038,0.4497677,-0.07068504,0.14307028,-0.29680756,-0.9171539,-1.0,-0.9113545,0.25032666,0.48310113,0.18725716,-0.25946423,-0.7073722,-0.044901963,0.8987948,-0.3161198
BSH2%UPI000E80FD85,-0.610042,-0.44753557,-0.09895246,-1.0,1.0,0.61919135,-0.42894486,-0.084294334,1.0,0.47870523,-0.55561525,-1.0,-0.36458606,0.23326118,0.89240086,-0.31628206,0.036576882,-0.991589,0.5187844,-0.4936666,-1.0,0.26843685,0.7198461,0.59179974,0.7004221,0.26248756,0.71439016,-0.29670015,1.0,0.8302119,0.18348849,-0.15249752,0.62876964,-1.0,1.0,-0.7999433,-0.6762787,-0.31082013
BSH2%UPI000E8B2418,1.0,1.0,-0.060927738,0.1565874,-0.12150571,-1.0,-0.0005144512,1.0,-0.47459015,-1.0,0.8295786,0.12003743,0.7056682,-0.27549165,-0.5294251,-0.7736445,-0.5649095,0.7587493,-0.8332763,1.0,0.73564106,-1.0,0.55760664,-0.15504904,-0.35089844,-1.0,0.26247725,-0.11534972,0.0021697332,-0.037629932,-0.6449903,-0.24259023,-0.40546,0.33511704,-0.35736814,1.0,1.0,-0.5943964
BSH2%UPI000E8E16B0,0.6735368,0.12640285,0.08367264,-0.35320973,0.9256998,0.0218933,-0.31413034,-0.15545925,-0.20309208,-0.5487658,0.10908673,-0.39021987,-0.68142545,-0.07032008,1.0,0.39819568,0.2472953,-0.35951716,0.24286216,-0.06625094,-0.67231596,0.22283725,0.23717742,-0.37887338,-0.8294699,-1.0,-1.0,-0.024310717,0.7241252,-0.14045976,0.8990085,-0.8331893,0.5697306,0.8648274,1.0,0.48337576,-0.08221352,0.41410726
BSH2%UPI000E91045C,-1.0,-0.65596557,-1.0,0.35281712,-0.9503355,0.3449259,1.0,1.0,-0.029039927,1.0,-0.4264904,-1.0,-1.0,-1.0,-0.55236113,0.44841173,0.11240792,0.28351185,0.9384364,-0.39211765,-0.4745892,0.42454904,0.4035401,0.7778804,0.15775295,1.0,1.0,-0.0025445726,0.18946344,1.0,0.38084242,-0.1676542,0.6816318,-1.0,-0.4772564,-0.64726764,-0.39236647,-0.38406223
BSH2%UPI000E92006C,-1.0,-0.8753401,0.7122277,1.0,-0.656983,0.8573619,1.0,0.24196117,0.87789124,0.5510415,-0.8073273,-1.0,-1.0,-0.9438814,-0.8529348,1.0,1.0,0.80241543,1.0,-1.0,-0.47694898,1.0,1.0,1.0,-0.7001406,-1.0,-1.0,-1.0,0.73270464,1.0,1.0,0.8809711,1.0,-0.52028394,-0.47521257,-1.0,-1.0,0.3511258
BSH2%UPI000E9C22D0,1.0,1.0,-1.0,1.0,-1.0,0.37169772,-1.0,1.0,-1.0,-0.90114886,1.0,1.0,1.0,-0.96199906,-1.0,-1.0,-0.7829752,1.0,-0.7246385,1.0,1.0,-0.3893454,-0.73678803,1.0,-1.0,-0.3893429,0.21364778,-1.0,-1.0,1.0,-1.0,1.0,-1.0,-1.0,-1.0,1.0,1.0,-1.0
BSH2%UPI000EC98B2C,0.77520806,1.0,-1.0,1.0,-1.0,1.0,-0.7550315,1.0,-1.0,-1.0,1.0,1.0,1.0,-0.37739787,-0.33812913,-1.0,-1.0,1.0,-1.0,1.0,1.0,-1.0,-1.0,0.7997326,-0.12513062,1.0,1.0,-1.0,-0.9597374,1.0,-1.0,0.9884149,-1.0,-1.0,-1.0,1.0,1.0,-1.0
BSH2%UPI000ECC9F84,0.5668676,0.66770196,-1.0,0.35630625,-0.31394005,0.80317855,-0.7518217,-0.024662131,-0.47771102,-0.67060244,0.41525018,0.44217053,0.65581024,0.32200146,-0.10720625,-0.6387423,-0.5015605,0.34899732,-0.6959254,0.49408486,0.48609436,-0.83870584,-0.40983608,0.098673835,0.6939429,0.6492425,0.7379951,0.38520917,-0.604171,-0.20757467,-0.14450586,0.6689494,-0.25347766,0.34732503,-1.0,0.45514065,0.6591067,-1.0
BSH2%UPI000EE4CDBB,-0.43572927,-0.5982571,-0.06506254,-1.0,-0.79316074,-1.0,0.10931575,-0.7358081,0.36585298,0.20210512,0.5026722,0.5398141,-0.84339863,1.0,-0.44202372,0.4457839,0.5536318,0.71971583,-1.0,0.3281436,-0.75838387,-0.75966465,0.83346754,0.57083386,-0.80477214,-1.0,0.88636,0.74434626,-0.041714445,-0.9396966,0.47184587,-0.824233,-0.19144072,1.0,0.13563894,0.30194062,0.21180998,1.0
BSH2%UPI000EE93911,0.4654376,0.7858475,-0.70532066,-0.6383453,0.26789007,-1.0,-0.48170304,-0.20833324,-0.48713407,-0.24592619,0.29533318,-0.7262346,1.0,-0.14742841,0.17225207,-0.5765765,0.2262997,-0.4248883,-0.030912407,0.56979585,-0.4025641,0.22399038,0.5235528,-0.37973565,0.35935527,-0.4529593,0.5504717,0.26663065,0.085632645,0.36476588,-0.30957633,-0.121507235,-0.043859966,1.0,-1.0,0.2600081,0.7640544,-0.43087557
BSH3%UPI000156F498,-0.7724338,-0.92929524,1.0,-0.19119853,0.9085298,0.32758576,0.7845335,-0.59376353,0.42422566,-0.392846,-0.255167,-0.2955194,-0.1629662,0.021226846,0.32225737,0.6429913,0.6010378,-0.92571443,1.0,-0.7829165,-0.87632203,1.0,1.0,0.5692509,-0.95974886,-0.20531869,-1.0,-1.0,0.9458404,-1.0,0.11691112,-0.028726013,1.0,0.86672413,0.08528822,-0.6058025,-0.9209682,0.17297475
BSH3%UPI00016547A5,1.0,0.9198599,-0.2232938,-0.236924,0.46646348,-0.4540106,-0.35058567,0.65419364,-0.84511864,-1.0,1.0,1.0,0.08073386,0.77814436,0.099902764,-0.3892924,-1.0,1.0,-0.7939303,1.0,0.43391562,-0.4518378,0.22175047,0.48714054,-1.0,-1.0,-1.0,-0.5230206,-0.03919782,-0.13848649,-0.8527661,0.90276957,-0.9127783,1.0,-0.9539139,1.0,1.0,-0.12758462
BSH3%UPI00017EF3F1,1.0,0.43790913,-0.21956289,-1.0,0.4184393,-0.85060626,-1.0,-1.0,0.05624135,0.35811672,0.535854,0.6230999,0.2139397,1.0,0.23181781,-1.0,-1.0,-1.0,-1.0,0.59141976,-0.15594524,-1.0,0.35419,-1.0,0.879161,-0.57350445,0.7874658,1.0,-0.28415245,-1.0,-0.23475991,-0.68069303,-0.39227313,1.0,0.75958145,1.0,0.67628634,0.58107644
BSH3%UPI0001A5F983,-0.51794404,-0.7804406,0.27061215,-1.0,-0.08217898,0.8236426,-1.0,-1.0,1.0,0.8668655,-0.48363423,-0.07552343,0.44999102,1.0,-0.07847778,-0.26200044,-0.8503823,-0.7549073,-0.3963565,-0.5980935,-1.0,-0.90309596,-0.644695,-1.0,1.0,1.0,1.0,1.0,0.044564933,-0.47513893,-0.2751209,-0.7038058,-0.18053459,0.2133554,1.0,-0.6381452,-0.8019973,0.16369861
BSH3%UPI0002132A6C,-1.0,-1.0,0.5165452,-1.0,1.0,0.743085,1.0,-0.9864641,0.060647994,0.9335555,-0.695568,-1.0,-1.0,-1.0,0.40280437,0.8460512,0.77593654,-0.27253416,1.0,-1.0,-0.78845257,0.83194005,1.0,0.42887038,-0.612267,1.0,0.25762948,-0.07140388,1.0,1.0,1.0,-0.81758875,0.90090555,-0.16594973,0.31106615,-1.0,-1.0,1.0
BSH3%UPI000238BE2F,-0.50882745,-0.37109283,0.20297764,-0.5154656,-0.5409075,0.5712576,-0.8558617,-0.24629553,0.77355623,1.0,-0.7642181,-0.894293,-0.7800233,-0.20362167,-0.1828046,-0.7726099,-0.30090314,-1.0,1.0,-0.49541196,-0.63984513,1.0,1.0,0.5872562,0.86396164,0.21704757,0.5930093,0.35101366,-0.301954,-1.0,1.0,-0.4753031,1.0,0.39642912,0.0733777,-0.6424622,-0.5630078,0.056299847
BSH3%UPI00033CE23D,0.4824243,-0.065341555,0.7396329,-0.09070714,1.0,0.8074369,0.083172895,-0.24837951,0.06188073,-1.0,-0.10688429,-1.0,-1.0,-1.0,1.0,0.70878416,0.44135976,0.22482942,0.563304,-0.111601375,0.2932277,1.0,0.6824463,0.21608269,-1.0,-1.0,-1.0,-1.0,0.9707817,0.85329014,0.8334193,0.49445722,0.6717773,0.7746175,0.82992846,0.50009465,-0.021252472,-0.02486007
BSH3%UPI00035F5DCE,-0.44336763,-0.5334259,-0.035366233,-1.0,0.5439182,0.8068923,0.34517783,-0.03279728,0.71760476,-0.042077057,-0.81067497,-1.0,-0.6600267,0.16290615,0.43229595,0.9899467,1.0,0.10553697,0.23795089,-0.95101976,-0.7380463,-0.18654247,-0.3301806,-0.72985905,1.0,0.39046714,1.0,0.7587525,0.08030104,-1.0,0.5547006,-0.101966105,0.62407553,-0.22542384,0.31909737,-0.7067483,-0.79091436,0.3096675
BSH3%UPI0004DA32C0,0.22400083,-0.46338198,-0.03172253,-0.3938912,0.45565385,-0.5368712,0.28110275,-0.5989826,0.14353378,0.34445614,-0.21806747,0.2193244,-0.10583633,-0.523599,0.7675065,0.901028,0.17357482,-0.5315472,0.43307012,-0.18361743,-0.48144007,0.19023827,-0.107149705,-0.75790817,-0.39597535,-0.21123926,0.21294221,-0.50138116,0.56869054,-0.32268968,0.8363982,-1.0,0.7616384,-0.24405937,1.0,0.55716205,-0.6564697,0.15555015
BSH3%UPI00080CB216,-0.4239564,-0.5956007,0.5117587,-0.58831406,0.1544827,0.47547197,-0.042614672,-0.4947652,0.26988482,0.53656566,-1.0,-1.0,-0.37057543,0.7362259,0.88533133,-0.10705819,0.56797206,-0.69012874,0.52385473,-0.74629205,-0.4038956,0.8683599,0.918914,0.2527736,-0.3593588,-0.56875557,-0.10990985,-0.033683088,0.50226516,0.4036532,0.7132357,0.35793945,0.91997004,-0.5965172,0.7570858,-0.62816375,-0.5386916,0.45360503
BSH3%UPI00092A5378,0.7248686,0.8195541,-1.0,-0.79099625,0.46047717,-0.22508778,-0.6203435,0.14500627,-1.0,-1.0,1.0,-0.6399052,0.38669324,-0.29756024,0.07918923,-0.75854504,-1.0,1.0,-0.13828932,1.0,1.0,-0.5371711,-0.78880095,1.0,-1.0,-0.7747265,-0.012435433,-0.33103174,0.05248158,1.0,0.51178956,1.0,-0.49981442,1.0,-1.0,0.71761644,0.89664704,-0.13119867
BSH3%UPI0009648BEC,-0.052229837,0.40962303,-0.76627445,-1.0,-0.8018921,0.7192185,0.33909488,-0.47061893,-0.0863299,-0.008723385,0.13563752,0.19816068,1.0,-0.40341678,-0.31840476,-0.18834846,0.59937716,0.22082455,-0.9873791,0.31472382,0.06146488,-1.0,-0.33773348,-1.0,1.0,1.0,1.0,0.55021995,-1.0,-0.08672718,-1.0,0.18148422,-0.6499538,-0.099900015,-0.9058432,0.15378535,0.53290194,-0.7412701
BSH3%UPI000CF406F5,1.0,1.0,-0.71722174,0.9296942,-1.0,-1.0,-1.0,-0.89453644,-0.94813883,-0.2917406,0.588701,0.4761954,1.0,-1.0,-0.90839636,-1.0,-0.9910346,-0.09833922,-0.7491205,1.0,0.13667873,0.19468853,-1.0,-0.064654216,0.86514693,0.08345208,1.0,-0.24496204,-1.0,-1.0,-0.92408085,0.5526315,-0.74700755,0.7559714,0.10313641,1.0,1.0,0.18007907
BSH3%UPI000E3F1C35,-0.020761725,-0.262244,-0.32890937,-0.15389816,0.12006231,1.0,0.41309616,1.0,0.45494744,0.6330463,-0.26400748,-0.6610018,-1.0,0.15930884,-0.49429193,0.00827578,-0.14207813,0.9082827,0.36255538,-0.3153293,0.6736348,0.48588946,0.7835984,0.7995464,-0.035678387,-1.0,-1.0,-0.3243144,0.24748152,0.1965053,1.0,1.0,0.4102462,0.19061884,-0.39572302,0.061494075,-0.12889984,-0.14044118
BSH3%UPI000E5302B4,0.3244345,0.16629933,-1.0,1.0,0.2361337,0.630097,-0.1985216,0.8123374,-1.0,-1.0,0.09477385,-0.077952065,0.8294753,-1.0,0.74349326,-0.66372806,-1.0,0.6270905,0.20053238,0.13319343,0.5548241,0.28211945,-0.14899243,0.88738483,-0.73439085,0.53681517,0.36290926,-0.404497,0.1451709,-0.19555624,1.0,1.0,0.5722742,0.5999884,-1.0,0.19736224,0.121630356,-1.0
BSH3%UPI000E902C94,0.6218783,0.7403054,-0.63511944,-1.0,-0.5505717,-1.0,-1.0,-0.21795292,0.06298679,-0.14723876,1.0,1.0,-0.04152806,1.0,-1.0,-1.0,-1.0,-0.13705303,-1.0,1.0,-0.9792211,-0.8432917,-0.9162818,-0.12722087,1.0,1.0,1.0,1.0,-0.89094645,-1.0,-1.0,-0.13959907,-1.0,-0.027421653,1.0,0.75142336,0.66776574,0.7037879
BSH3%UPI000EF23C17,-0.032407187,0.37489265,-1.0,1.0,0.055824477,1.0,1.0,1.0,-1.0,-0.61596924,0.023537409,-1.0,-1.0,-1.0,-0.2041134,1.0,1.0,1.0,0.34626573,-0.099228136,1.0,0.784819,-1.0,1.0,-1.0,-1.0,-1.0,-1.0,0.9388751,1.0,-0.32579875,1.0,0.554517,-1.0,0.43092796,0.14041327,0.48674336,1.0
BSH3%UPI000F9DAF5F,-0.52352285,-0.7606073,1.0,-0.056330398,-0.59409845,-1.0,-1.0,0.10350435,1.0,1.0,0.63835216,1.0,0.75687224,1.0,-1.0,-0.45214447,-1.0,-0.57129437,-1.0,0.05049001,-0.552564,-1.0,-1.0,-0.968729,1.0,1.0,0.69304115,1.0,-1.0,-1.0,-1.0,-0.733316,-0.8847136,0.08901838,1.0,0.1412656,-0.6399753,-0.07066577
BSH4%UPI0001653940,-1.0,-1.0,1.0,-0.85627824,1.0,1.0,1.0,-1.0,0.95389163,0.93217313,-1.0,-1.0,-1.0,-0.7070351,1.0,1.0,1.0,-1.0,1.0,-1.0,-1.0,1.0,1.0,-1.0,1.0,-1.0,-0.90063363,0.7767482,1.0,-1.0,1.0,-1.0,0.2471108,-1.0,0.429438,-1.0,-1.0,-0.5059292
BSH4%UPI0001E65842,0.3407244,0.43234104,-1.0,1.0,-1.0,0.5431794,-0.3696448,1.0,-1.0,-0.29395112,0.090322584,1.0,1.0,0.9404016,-1.0,-0.26594794,-0.25165105,1.0,-1.0,0.23420095,1.0,-0.9543117,-1.0,1.0,0.50511837,1.0,0.93722886,0.48801225,-1.0,0.15991706,-1.0,0.5268126,-1.0,-0.37818655,-0.45479164,0.2958166,0.62864625,0.7549594
BSH4%UPI0001FAB233,0.6465454,0.6809534,-0.9946039,0.6306935,-0.33920848,1.0,-1.0,0.8159912,-0.12466619,0.2663858,1.0,1.0,0.7288945,-0.9054292,0.9846761,-1.0,-1.0,-0.040875934,-0.8054839,1.0,0.7014705,-1.0,-1.0,0.17225756,0.8621227,1.0,0.88932866,-0.39715597,-1.0,1.0,-1.0,0.31735265,-1.0,-1.0,-0.9519756,0.85460156,0.6146064,-1.0
BSH4%UPI00033C4A83,-0.36098108,-0.40001705,-0.9675651,0.4500523,-0.7962829,-0.097006746,-0.39982492,0.5225991,-0.28441787,0.3480653,0.08577998,0.47278267,-0.2554576,-0.5477271,0.4339951,0.06522538,-0.23403351,0.7740343,-0.09855883,-0.016015619,0.9204884,-0.18967314,-0.66554976,0.5826334,0.06439185,1.0,1.0,-0.16804703,-0.2213249,-0.07327846,0.06539086,-0.09041061,0.09903354,-1.0,0.46213427,0.050256766,-0.40197903,-0.3976932
BSH4%UPI00033DD6E6,-0.2346461,-0.4460185,0.21563052,1.0,-0.265515,-1.0,-0.5670436,0.57276857,-0.37775478,-1.0,0.35386157,1.0,1.0,0.63379085,-0.252182,-0.16387463,-0.31916767,0.74945575,-0.9337253,0.017989378,1.0,-0.9930423,0.83766574,0.70874625,-0.06800982,0.47571963,0.52724975,0.35335392,-0.4823311,0.24902073,-1.0,0.036372427,-0.45487142,-0.19934684,-0.0785254,0.20223351,-0.29629308,-1.0
BSH4%UPI000463D8BF,-0.088224016,-0.037834957,0.12274759,-0.2451281,0.20497006,-0.18206598,1.0,0.36262634,-0.20482308,0.3895446,-0.50222844,-0.6017924,0.11999853,0.26391235,1.0,1.0,0.5158961,0.11709005,-0.74065834,-0.67966634,0.90451944,-1.0,-1.0,-0.64790004,-0.58858436,0.4570195,0.75107324,-1.0,0.3621129,0.054992568,0.28099978,-0.34539613,0.56302357,-0.088973455,0.38704506,0.29875624,0.06926988,0.5249384
BSH4%UPI0006BEFACE,0.5013705,0.2865913,-1.0,1.0,-1.0,0.168327,-1.0,1.0,-1.0,-0.6810495,1.0,1.0,0.5793717,-0.76474124,-0.4438846,-0.8630365,-1.0,0.9459004,-1.0,1.0,1.0,-1.0,-1.0,1.0,-0.114547096,1.0,0.8062818,-0.8545949,-1.0,1.0,-1.0,0.23167026,-0.56703454,-0.49821928,0.11139798,1.0,0.2865733,-0.8831225
BSH4%UPI0006C4E127,1.0,1.0,-1.0,1.0,-1.0,0.057332687,-1.0,0.7872705,-1.0,-1.0,1.0,1.0,1.0,-1.0,-1.0,-1.0,-1.0,0.6729549,-1.0,1.0,1.0,-1.0,0.15265155,1.0,-1.0,0.28995353,1.0,-1.0,-1.0,0.5677685,-1.0,1.0,-1.0,-0.15838018,-1.0,1.0,1.0,0.4540708
BSH4%UPI000822CCAE,1.0,1.0,-1.0,1.0,-1.0,-0.40638822,-0.8452169,1.0,-1.0,0.25883657,0.6771304,0.7288404,-0.16835122,1.0,-1.0,-1.0,-1.0,1.0,-1.0,1.0,1.0,-1.0,-1.0,1.0,0.59355116,0.49738503,1.0,1.0,-1.0,-0.18005255,-1.0,1.0,-1.0,0.38175547,-1.0,1.0,1.0,0.62772644
BSH4%UPI0008CBCA16,-1.0,-1.0,1.0,-0.4735114,0.6873583,1.0,0.99189544,-0.19551145,1.0,0.79617625,-0.69323653,-0.7752861,-0.6053041,0.18614495,0.91598517,1.0,1.0,-0.74191475,0.03595944,-1.0,-1.0,0.92169994,1.0,-1.0,1.0,-0.038095552,-1.0,1.0,0.8426189,-0.646754,-1.0,-1.0,0.87296665,-0.26612088,1.0,-0.9698957,-1.0,1.0
BSH4%UPI000B374259,-0.12407745,0.1249292,-1.0,0.36182234,-0.08163912,-1.0,0.44121274,-0.2970554,-0.65912443,-1.0,0.19541141,0.6041207,1.0,-0.14831443,0.33153912,0.024753481,-0.62621623,0.113798074,-0.30111027,0.29183096,-0.10074788,-0.2070081,0.19919106,-0.9521011,0.7182516,1.0,1.0,0.09951775,-0.20149569,-1.0,0.6656122,-0.1958184,0.130183,-1.0,-0.5770571,0.047217917,0.073735066,-0.48492402
BSH4%UPI000D27EFA9,1.0,1.0,-1.0,1.0,-1.0,-0.089906625,-1.0,1.0,-1.0,-0.387963,0.8436943,0.40957755,-0.47601208,-0.87141293,-0.8430971,-1.0,-0.9318497,1.0,-1.0,1.0,1.0,-1.0,-1.0,1.0,-0.32859486,1.0,0.976394,-0.98914164,-1.0,1.0,-1.0,1.0,-1.0,-1.0,-0.73308516,0.71049345,1.0,-1.0
BSH4%UPI000D7B199F,-0.75069356,-0.6682457,0.8568225,-0.6232837,1.0,0.8447689,1.0,-0.9538673,0.7209513,0.4879421,-1.0,-1.0,-1.0,0.1678391,0.6705048,0.411553,0.7640931,-1.0,1.0,-1.0,-0.7018022,1.0,1.0,-0.37172005,0.33882105,-0.98339,-0.36237767,0.27827862,1.0,-0.46430174,1.0,-1.0,1.0,0.280456,-0.75430506,-1.0,-0.7728256,0.8711409
BSH4%UPI000E447F2E,1.0,0.9310742,-0.010064691,-0.6017404,-1.0,-0.39646134,-1.0,0.258918,-0.6370033,-0.28980276,1.0,1.0,-0.49864686,-0.8717915,-1.0,-0.2918541,-0.52671903,0.6899206,-0.81278825,1.0,0.65017855,-1.0,-1.0,-0.22825877,0.86224896,1.0,1.0,0.2250045,-1.0,-0.8879131,-1.0,-0.46203485,-1.0,-0.19387132,-0.08068183,1.0,0.7607455,-0.024758806
BSH4%UPI000E54B9B5,-0.4671692,-0.37499425,0.58232933,-0.07047569,-1.0,-1.0,-1.0,1.0,0.83011913,1.0,1.0,1.0,0.4847025,1.0,-1.0,-0.4969009,-0.9557009,1.0,-1.0,0.74345464,0.2726278,-1.0,-1.0,0.67166185,0.84062517,1.0,1.0,1.0,-1.0,0.5331113,-1.0,-0.7900752,-1.0,0.10098333,0.70355195,0.7928015,0.3667959,1.0
BaiA%QinJ_2012__T2D-016__bin_41_fa_BDDCEIPF_01842__3alpha-hydroxy_bile_acid-CoA-ester_3-dehydrogenase_2,0.49262515,0.6922816,-1.0,0.89674646,-0.8676529,1.0,0.069878735,1.0,-1.0,-1.0,0.77210647,-0.77704656,-0.5110901,-1.0,-0.66276634,-0.23236355,-0.26472792,1.0,-0.84523284,0.9329994,1.0,-1.0,-1.0,1.0,-1.0,0.2403802,1.0,-1.0,-0.14014515,1.0,-0.13076907,1.0,-1.0,-0.23133266,-0.6788213,0.7907741,0.8214575,0.54852504
BaiA%SRR3992974_bin_8_EOPEKEED_01051__3-oxoacyl-_acyl-carrier-protein__reductase_FabG,-0.37332287,-0.24897146,0.91458315,-0.61002237,0.28755748,0.4055721,0.24376857,-1.0,0.7904529,1.0,-0.32388535,0.26230684,0.21658053,1.0,0.4214118,-0.4610896,-0.14136942,-1.0,0.23728065,-0.3511461,-1.0,-0.6333809,-0.4748311,-1.0,1.0,0.6604087,1.0,0.46147725,0.6239741,-1.0,0.8890187,-1.0,0.8687979,0.40235558,-0.573618,-0.5735157,-0.3610931,0.35806835
BaiA%SRR5558193_bin_68_NNEAJJHP_00384__3alpha-hydroxy_bile_acid-CoA-ester_3-dehydrogenase_2,0.34807947,0.24817507,-1.0,1.0,0.3616369,-0.5173153,0.30562678,0.021591745,-0.48046753,-0.7460003,0.48563275,0.42520437,0.4600631,-0.6394339,0.6241123,-0.49502385,-0.2270454,-0.47298902,-0.33375344,0.41152054,0.59086126,-0.18534726,0.564054,0.1842579,0.016211346,0.19764294,-0.44925448,0.1631912,-0.059918668,0.78044176,-0.3634304,0.27881494,-0.1282624,-0.39889282,-0.39526713,0.33985803,0.062206253,-0.65291095
BaiA%bai_cluster_2%midas_uncultured_Eubacterium_73696%uncultured_Eubacterium_73696|FMDW01000013_861,0.45450544,0.87635136,-0.5913052,1.0,-1.0,1.0,-1.0,1.0,-0.6724345,0.054529477,0.92110264,1.0,1.0,0.17101361,-1.0,-1.0,-1.0,1.0,-1.0,1.0,1.0,-1.0,-1.0,1.0,0.29483008,1.0,1.0,-1.0,-1.0,1.0,-1.0,0.4561609,-1.0,-0.6639947,-1.0,0.904197,1.0,-0.6906876
BaiA%bai_cluster_3%midas_Clostridium_hylemonae_61789%Clostridium_hylemonae_61789|NZ_GG657759_1098,0.15201038,0.5258588,-0.98528117,0.88366634,-0.16961807,0.17280632,-1.0,0.26009998,-0.7314702,-0.54530036,0.83850425,0.80601245,0.32941318,-0.44495454,-0.82850593,-0.44980812,-0.43664575,0.28966117,-0.37995502,0.89992684,0.60881734,-0.7265718,-0.3932693,-0.18089329,0.0033674303,1.0,1.0,0.13005193,-0.029304199,0.40983298,-1.0,-0.58454007,-1.0,-0.4164876,-0.16898929,0.07466832,0.3707152,0.15902664
BaiB%CosteaPI_2017__SID713A038-11-90-0__bin_26_fa_FGHNBBEK_00429__Bile_acid-coenzyme_A_ligase,0.46103582,-0.3695105,0.6925372,-0.73065114,0.9649137,0.05792159,0.8092976,-0.784444,-0.30148578,-0.27742133,-0.91123885,-1.0,-1.0,0.3176173,0.43241575,0.58743644,0.62504995,-0.02506005,1.0,-0.7303613,-0.24437846,1.0,0.7996011,-0.5898119,-0.59941065,-1.0,-1.0,0.4974117,1.0,0.56390244,1.0,-0.8338221,0.73966277,1.0,0.14942089,0.15754934,-0.16635068,0.44547835
BaiB%MDY5565236_1_bile_acid--CoA_ligase_BaiB__Candidatus_Limivicinus_sp__,-0.32118526,-0.31441328,0.5202108,-0.1512167,0.09375561,0.6957664,0.5489504,-1.0,0.5478781,1.0,-0.19531327,-0.80260926,-1.0,0.05279692,-0.4421283,-0.059097044,0.12328282,-0.24774736,0.9582741,-0.23660582,0.8032461,1.0,1.0,0.61590195,-0.57194966,-0.773276,-0.79140276,-0.50186193,-0.0816453,0.1788477,-0.6065517,-0.26463446,0.07227546,0.33922315,-0.42199063,-0.38599932,-0.22873619,0.63933504
BaiB%bai_cluster_10%midas_Lachnoclostridium_nov_76594%Lachnoclostridium_nov_76594|ERS138182_8080_1_84_3_3065,-0.23212458,0.077555686,-1.0,0.51141244,-0.6085076,1.0,-0.14444125,0.48639762,-0.945982,-0.8368954,0.7712212,0.69819313,-0.6889911,-0.8213622,-0.7117011,0.21656726,-0.6033429,1.0,-0.67963886,0.7498999,0.45881832,-0.78832704,-0.9229265,0.70312965,-0.4330406,1.0,1.0,0.2869762,-0.15710036,1.0,-0.09772759,0.265702,-0.6750661,-1.0,-0.6441077,0.25804278,0.24370734,-0.34722602
BaiB%bai_cluster_2%midas_uncultured_Eubacterium_73696%uncultured_Eubacterium_73696|FMDW01000013_871,0.27749965,0.6439329,-0.89565575,1.0,-0.82977253,1.0,0.14834364,0.39923015,-0.52233267,-0.91784614,0.51412106,0.33456442,0.28343105,-1.0,-0.8427631,0.19458225,0.021110527,0.6111755,0.24254556,0.59170604,0.15063304,-0.06675012,-0.9319892,0.53441215,-0.803777,0.9474651,-0.20834625,-0.62553316,-0.34929705,1.0,0.058769666,-0.046618074,-0.5912697,-0.74327964,-0.155604,-0.09477444,0.26534778,0.19100994
BaiCD%CosteaPI_2017__SID713A014-11-0-0__bin_55_fa_OLFEPFFO_00187__NADH_oxidase,-1.0,-1.0,0.15983386,-0.5463177,1.0,0.41089985,1.0,-1.0,0.105377294,0.60619974,-0.79447985,-1.0,-0.9541724,-0.23715806,0.9248942,0.8951837,1.0,-0.9176921,1.0,-0.9897458,-0.46391374,1.0,1.0,-0.12585633,0.16432215,-0.08506435,0.079132475,0.40951315,1.0,0.4280894,0.7137356,-1.0,1.0,-0.56382185,-0.06552372,-1.0,-1.0,0.43693933
BaiCD%MCI8583944_1_FAD-dependent_oxidoreductase__Dorea_sp__,-1.0,-1.0,1.0,-0.928856,0.46886256,-0.805373,1.0,-1.0,1.0,0.6126757,-0.6983785,0.24580416,-0.8191677,1.0,0.1464623,1.0,1.0,-0.92388594,0.36426872,-1.0,-1.0,1.0,0.34052473,-1.0,0.17710719,-0.7146445,-1.0,1.0,1.0,-0.56063384,-0.2544876,-1.0,0.99996084,0.22197571,1.0,-0.96823335,-1.0,0.9379841
BaiCD%MEI3381486_1_FAD-dependent_oxidoreductase__Dorea_sp__,1.0,1.0,-1.0,1.0,-1.0,-0.6101395,-1.0,1.0,-1.0,-1.0,1.0,1.0,1.0,-0.33423397,-1.0,-1.0,-1.0,1.0,-1.0,1.0,1.0,-0.9204317,-0.016826719,1.0,-1.0,-0.042866506,0.9870862,-1.0,-1.0,1.0,-1.0,1.0,-1.0,-0.8022062,-0.95721585,1.0,1.0,-0.37115943
BaiCD%RaymondF_2016__P21E7__bin_22_fa_DDJCLBHB_00368__NADH_oxidase,1.0,0.67191,-0.7913252,0.6842945,-0.045502644,0.9208205,-0.32153612,1.0,-1.0,-1.0,1.0,0.055745758,-0.6165261,-1.0,0.47899678,-0.3875799,-0.9457853,1.0,-1.0,0.80313367,0.5585761,-0.52186155,-1.0,0.99012786,-1.0,0.91349757,-0.61355674,-0.74445087,-0.56662154,1.0,0.81788355,1.0,-0.388211,1.0,-1.0,1.0,0.90054953,-1.0
BaiCD%SRR5580120_bin_52_JEIALLOE_00740__Metal_reductase,-0.08450654,0.14538607,0.6449849,-1.0,0.69499636,0.29243714,0.45183983,-0.79677886,-0.119957246,-0.45927414,-0.18241549,-0.5664133,-0.1741061,-0.11083183,0.2993995,0.65004957,0.76598996,-0.661898,0.67920035,-0.046405774,-1.0,0.023409504,-0.034367565,-1.0,0.30723345,-0.10294824,0.12548922,0.63179135,0.7127116,0.047081005,-0.8491142,-1.0,-0.1856703,0.39929226,0.41483897,-0.24304827,-0.07480047,1.0
BaiCD%XieH_2016__YSZC12003_35390__bin_5_fa_PIKIEFGP_00577__NADH_oxidase,-1.0,-1.0,1.0,-0.44310585,1.0,0.9002293,1.0,0.12081712,1.0,0.80057687,-1.0,-1.0,-1.0,1.0,1.0,1.0,1.0,-0.693771,0.8331571,-1.0,-0.5233421,1.0,0.006411518,-0.8563469,-1.0,-1.0,-1.0,1.0,1.0,0.5522274,1.0,0.76741004,0.595797,0.7180975,1.0,-1.0,-1.0,1.0
BaiCD%bai_cluster_1%midas_Clostridium_hiranonis_61655%Clostridium_hiranonis_61655|NZ_DS995354_290,0.13152768,0.3194396,-0.76753706,0.8381538,-0.4723201,0.393358,-1.0,0.8094131,-1.0,-0.81542224,0.73266536,1.0,0.5167599,-0.54731995,-0.13304347,-1.0,-0.53502476,0.82265043,-0.5062229,0.88077116,0.9530117,-0.46519744,0.10053398,1.0,-0.9468093,0.44946268,0.14831534,-1.0,-0.46781617,1.0,-0.7298781,0.42968506,-0.91092545,-0.5217203,-1.0,0.69320065,0.6819036,-0.34276524
BaiCD%bai_cluster_10%midas_Lachnoclostridium_nov_76594%Lachnoclostridium_nov_76594|ERS138182_8080_1_84_3_3076,0.2489951,0.5234169,-1.0,0.44603908,-0.5584147,1.0,-0.7433303,0.76755714,-0.9241579,-0.79930335,0.89332753,0.9289513,0.48031077,-0.104390614,-0.4520071,-0.68390656,-0.80614823,1.0,-1.0,1.0,0.2143216,-1.0,-1.0,0.031209787,0.016946053,1.0,1.0,0.49336842,-0.5347317,1.0,-0.6443858,0.24938759,-1.0,-0.96596014,-0.7227079,0.5137383,0.55863506,-0.48928425
BaiCD%bai_cluster_11%midas_Romboutsia_sp_25236%Romboutsia_sp_25236|FJTZ01000011_2937,-1.0,-1.0,1.0,-0.15522666,-1.0,1.0,-0.74704075,-1.0,1.0,1.0,-1.0,-0.79523164,-1.0,0.24892871,1.0,1.0,-0.15290082,-1.0,1.0,-1.0,-0.21828513,1.0,0.3880837,-0.9451121,1.0,0.6438512,1.0,0.7166437,-0.023285048,0.8416965,1.0,0.5204229,1.0,-0.6098321,0.446178,-1.0,-1.0,-1.0
BaiE%FengQ_2015__SID531416__bin_49_fa_CEDOFBAM_00064__Bile_acid_7-alpha_dehydratase,0.28448924,0.29215562,-1.0,1.0,-0.5348057,0.072597094,0.26836306,-0.08365166,-0.3676031,-0.5705941,-0.015827483,0.94413584,0.017782725,-0.48522466,-1.0,-0.20314196,-0.87220836,0.22608252,0.3424307,0.18647388,-0.6881839,0.5601052,0.4634811,0.5793494,-0.07940063,0.6164175,-0.20156768,0.3948007,0.15024923,0.31375197,0.8764758,0.44494376,0.0035199453,-1.0,0.29996568,-0.3162511,0.012775929,-0.85864913
BaiE%LiJ_2017__H3M515915__bin_8_fa_COLEEGFP_01274__Bile_acid_7-alpha_dehydratase,0.10863306,0.13788006,0.089621164,-0.38659823,-0.22293724,0.16821478,-0.14762515,-0.83441144,0.005648675,0.26863167,0.103119954,-0.45911548,0.09501374,0.47398078,-0.23369092,-0.1875226,-0.16486266,0.012774868,-0.0111473445,0.09278119,0.91804487,-0.15893286,0.3236919,-0.33367714,-0.008669406,-0.5922348,-0.346727,0.24927339,-0.25028333,0.015266057,0.11884917,0.13162935,0.27419546,1.0,-0.5798779,0.27821952,0.32196936,-0.3098011
BaiE%MCI8938768_1_nuclear_transport_factor_2_family_protein__Dorea_sp__,0.38340262,0.08598054,-0.78502786,0.40427646,0.33796117,-0.46440622,0.6589841,-0.5447176,-0.08749317,-0.4761808,-0.01004481,-0.20521227,0.117970265,-0.1279088,0.3798457,-0.0040284656,-0.33373728,-0.32926205,0.26690897,-0.11128775,0.2740231,0.78477037,0.07031562,-0.54600483,-0.37137443,-0.0070874626,-1.0,0.45932752,0.26597834,0.09479512,0.70486224,0.091782376,0.707402,0.27696598,0.3714939,0.0050896634,-0.14133425,-0.5796279
BaiE%bai_cluster_10%midas_Lachnoclostridium_nov_76594%Lachnoclostridium_nov_76594|ERS138182_8080_1_84_3_3079,-0.06863257,0.23417416,-1.0,0.70485425,0.026953187,0.9019065,-0.31952074,0.29402488,-1.0,-1.0,0.11201763,0.07838711,0.20636547,-1.0,0.07936131,0.0825753,-0.08913023,0.7048423,0.18862171,0.400721,0.575159,0.30970773,0.33729595,1.0,-1.0,-0.35917833,0.67316955,-0.612669,0.22345427,1.0,0.61694306,0.6954086,-0.6425466,-0.81858957,-0.34407464,0.16018966,0.31860834,-0.28040642
BaiE%bai_cluster_2%midas_uncultured_Eubacterium_73696%uncultured_Eubacterium_73696|FMDW01000013_166,-0.16866721,0.30122757,-1.0,1.0,-0.5863182,1.0,-0.67885184,1.0,-0.99117005,-0.90881914,0.100427024,0.77143544,0.2885396,-0.47480625,-0.52603513,-0.79167426,-0.727441,0.86722374,-0.5768163,0.13432121,0.21648242,-0.062257994,-1.0,1.0,0.2577109,1.0,1.0,0.16636954,-0.8882391,1.0,-1.0,0.36563256,-0.78098047,-1.0,-1.0,-0.46378806,0.15729997,-1.0
BaiE%fig|1950888_3_peg_203|__Bile_acid_7-alpha_dehydratase_(EC_4_2_1_106)_(BA7_alpha_dehydratase)_(Bile_acid-inducible_operon_protein_E)____Clostridiales_bacterium_UBA4701_|_1950888_3_,0.8543648,1.0,-1.0,1.0,-0.7904923,1.0,-1.0,0.73357695,-1.0,-1.0,0.2892878,0.62439835,0.81186855,-0.46729207,-0.4749725,-1.0,-0.8581389,0.44590747,-0.58552104,0.6909408,1.0,-0.48978776,-1.0,1.0,0.023022264,0.7759501,1.0,-0.31757966,-0.5922389,1.0,0.0015743435,1.0,-0.39770582,-0.105757155,-1.0,0.6361049,1.0,-1.0
BaiF%ERR688512_bin_36_KMFCMBJN_00514__Bile_acid-CoA_transferase,-0.06012384,0.1586507,-1.0,1.0,-1.0,0.54254776,-0.8260148,0.7577378,-1.0,-1.0,0.63715893,1.0,1.0,0.09793575,-0.02966658,-0.6445189,-0.9958159,1.0,-0.8775385,0.68965125,1.0,-0.5894576,-0.5601903,1.0,-0.59585273,0.38340777,1.0,-0.7111345,-0.38717186,1.0,-0.4422502,0.9804298,-0.23879494,-1.0,-0.9947588,0.019928696,0.3851664,-1.0
BaiF%KarlssonFH_2013__S54__bin_27_fa_BBGPADBL_00031__Bile_acid-CoA_transferase,0.5766158,0.4431337,0.369494,0.27699286,0.4407149,1.0,-0.67081255,0.31010395,0.34950683,0.6361138,0.00773506,-0.5331893,0.14059137,0.7006755,0.3979664,-0.36259422,-0.12405644,-0.84888536,-0.3646162,0.08158479,-0.51424754,-0.20927075,-1.0,-1.0,0.5085992,-0.59474844,-0.06786576,0.9618888,-0.128277,-1.0,0.040521685,0.06533785,-0.28166348,0.8141979,-1.0,0.61807454,0.43827203,0.5736043
BaiF%LiJ_2014__MH0358__bin_56_fa_NPCPOAJM_00305__Bile_acid-CoA_transferase,1.0,1.0,-1.0,1.0,-0.9039808,0.30406255,-0.884883,1.0,-1.0,-1.0,1.0,0.7091695,1.0,-1.0,-0.91165936,-1.0,-0.8354543,1.0,-0.88918096,1.0,1.0,-1.0,-0.8543302,1.0,-1.0,0.24410275,0.66697514,-1.0,-0.7996784,1.0,-1.0,0.6808535,-0.7422976,-0.50922805,-1.0,1.0,1.0,-1.0
BaiF%LiJ_2014__V1_FI37__bin_39_fa_IHFOFLIJ_00762__L-carnitine_CoA-transferase,0.36368307,0.3920537,-0.53487176,-0.2749124,0.8709686,-0.4971569,0.3933112,-0.61969167,-0.15665798,-0.17896742,0.015453828,-0.5405966,0.25075862,-0.25988263,0.5533704,-0.37235677,-0.21487258,-0.47943425,-0.072621,0.11451267,-0.11495245,-0.009075751,-0.38250628,-0.8652492,0.13045262,0.20231362,-0.16264223,-0.014066529,0.42756173,-0.06629119,1.0,0.446385,0.2653425,0.99006087,-0.41439903,0.107793905,0.3056954,-0.72811234
BaiF%Obregon-TitoAJ_2015__NO11__bin_28_fa_ODBMCAMJ_01956__Bile_acid-CoA_transferase,-0.058607195,0.014629455,1.0,-0.95766073,-0.6652196,1.0,-1.0,-0.93947107,0.43857023,0.6832721,0.8514452,0.23805341,0.26328087,-0.20992652,-0.95892334,-0.32879966,0.6055841,-0.8290374,0.5329438,0.38015306,-1.0,0.09639957,0.38880616,0.26937044,-0.6154894,0.5196481,-0.20555595,0.2829385,-0.8634034,-0.08718644,-0.42731798,0.057187065,0.5670252,0.5879087,0.72548574,0.15158343,-0.36193356,0.5687491
BaiF%RaymondF_2016__P21E7__bin_22_fa_DDJCLBHB_00373__Bile_acid-CoA_transferase,0.4329063,0.18065178,0.40218204,0.34675154,-0.6129723,1.0,0.083721645,0.14893544,0.2081315,0.2781576,0.43024406,-0.35332477,-0.18013558,-0.24128245,0.55755633,-0.39075327,0.10262611,-0.046957385,-0.7686111,0.3427185,-0.76645565,-0.015125935,-0.09823174,-0.7750186,-0.48048797,-0.43761748,-0.95817363,0.064640805,-0.44853255,1.0,0.044944495,-0.39719534,-0.039603204,0.61557454,0.12933603,0.29779208,0.19431917,-0.1666687
BaiF%SRR4783510_bin_28_GHBMCCFK_00008__L-carnitine_CoA-transferase,1.0,1.0,-1.0,0.67936164,-1.0,0.25725132,-1.0,0.6295526,-1.0,-1.0,1.0,1.0,1.0,0.2210313,-0.9027858,-1.0,-1.0,0.83945143,-1.0,1.0,0.6031896,-1.0,-1.0,0.355491,0.45933524,0.4916232,1.0,-0.17458592,-1.0,0.64204353,-1.0,1.0,-1.0,0.95752764,-1.0,1.0,1.0,-1.0
BaiF%SRR5127813_bin_22_DKEDJIEF_00985__Bile_acid-CoA_transferase,-1.0,-1.0,0.6347258,-1.0,0.962697,0.42605585,0.66600597,-1.0,0.79692346,1.0,-0.72949916,-1.0,-1.0,0.36597085,0.62506765,0.83004886,1.0,-0.5089069,0.8007223,-0.979988,-0.5886358,0.6382473,1.0,-0.2603365,0.54406446,-1.0,-0.63312846,0.86667055,0.8593725,0.040033862,0.49070877,-0.75298786,0.70717347,0.10533894,0.8922814,-0.89232177,-1.0,1.0
BaiF%VogtmannE_2016__MMRS44587603ST-27-0-0__bin_19_fa_ANDGAOCL_00015__Bile_acid-CoA_transferase,0.26903173,-0.026112596,0.40979466,-0.5093761,0.43043828,-0.6486095,-0.46584418,-0.3733902,-0.014580123,-0.6820357,-0.026078053,-0.39589292,-0.14206664,-1.0,0.4850569,-0.30042094,-0.13626434,-0.46489468,0.13306421,-0.099694155,0.20142768,-0.25641355,0.20364513,0.46124786,0.0008471784,0.5084348,-0.10579677,0.00860442,0.36856663,1.0,0.46278486,-0.61773795,0.013616612,1.0,0.82709163,0.2155708,-0.025005955,-0.1820733
BaiF%bai_cluster_17%midas_Proteocatella_sphenisci_59007%Proteocatella_sphenisci_59007|AUID01000012_911,-0.98125505,-0.9779155,1.0,-0.97291493,0.22111212,-1.0,0.31439024,-0.81998456,0.79482585,0.2642568,-0.5632182,-1.0,-0.5017511,0.49926004,-0.5359941,0.02235024,0.4829381,-0.56494284,1.0,-0.46266174,-0.85819143,1.0,1.0,0.09095635,-1.0,-1.0,-1.0,1.0,0.96187997,0.47007442,1.0,-0.09848591,0.64770705,1.0,1.0,-0.6310391,-0.8002299,1.0
BaiF%bai_cluster_2%midas_uncultured_Eubacterium_73696%uncultured_Eubacterium_73696|FMDW01000013_892,1.0,1.0,-1.0,1.0,-1.0,0.29823938,-1.0,0.832264,-1.0,-1.0,1.0,1.0,1.0,-1.0,-1.0,-1.0,-1.0,0.77818584,-0.6965466,1.0,1.0,-0.76524186,-0.38035953,1.0,-0.14780577,1.0,1.0,-1.0,-1.0,0.4851921,-1.0,1.0,-0.9780858,-0.37858066,-1.0,0.9903247,1.0,-1.0
BaiF%bai_cluster_3%midas_Clostridium_hylemonae_61789%Dorea_sp_89094|KQ236743_10986,1.0,0.7995781,-1.0,0.8729488,-0.8960416,1.0,-0.76658213,1.0,-1.0,-1.0,1.0,0.61457604,-0.43150362,-1.0,-0.5824394,-1.0,-0.7810484,1.0,-0.5441062,1.0,1.0,-0.5785466,-0.07852581,1.0,-1.0,0.1644073,-0.8276534,-1.0,-0.6229695,1.0,-0.30872303,1.0,-0.6396061,-1.0,-1.0,1.0,0.8252976,-0.0049020494
BaiF%bai_cluster_3%midas_Clostridium_hylemonae_61789%Dorea_sp_89094|KQ236743_13110,0.45656163,0.8876949,-1.0,0.3683685,-0.9202385,-0.023592785,-1.0,1.0,-0.43475136,-0.44666824,0.6751447,1.0,1.0,0.518072,-0.9405515,-0.68111694,-0.8322221,0.89667356,-1.0,0.80624545,0.11613987,-1.0,-1.0,0.88590693,0.73353094,1.0,1.0,0.953492,-0.79677695,0.46131974,-1.0,0.3789194,-1.0,-1.0,0.05068771,0.22026853,0.49992555,-0.10323822
BaiF%fig|1950825_3_peg_1464|__L-carnitine_dehydratase_(EC_4_2_1_89)____Clostridiales_bacterium_UBA1701_|_1950825_3_,0.96079415,1.0,-1.0,0.85776037,-0.5749476,0.31027374,-1.0,0.24490431,-1.0,-1.0,0.9492692,1.0,0.83627725,-1.0,-0.5568333,-1.0,-1.0,0.9799929,-0.3139205,1.0,0.5432053,-0.21872415,-0.27449715,1.0,-0.32496417,1.0,1.0,-0.840167,-0.51216,0.8247146,0.27317038,0.9714174,-1.0,1.0,-1.0,0.9055874,1.0,-1.0
BaiG%LeChatelierE_2013__MH0251__bin_10_fa_BOBEKBFD_00006__Multidrug_resistance_protein_3,-0.21830621,-0.00013302805,-0.2736086,-0.08311455,0.4285,0.08696616,-0.08910452,-0.4909345,0.33299977,0.41196468,-0.11904384,-0.30828452,-0.12349531,-0.55806845,0.19798075,-0.21833538,0.016973639,-0.5678079,0.090336375,-0.07630692,-0.46631292,0.1758845,-0.34467325,-0.37089297,1.0,1.0,0.85688394,0.56923515,-0.006450424,0.07351074,0.079515845,-0.12211865,-0.016433822,0.62770355,-1.0,-0.24846753,0.028887149,-0.89169586
BaiG%MBE6987074_1_MFS_transporter__Oscillospiraceae_bacterium_,-0.29281676,-1.0,0.949416,-1.0,1.0,-1.0,1.0,-1.0,0.30385977,0.29924214,-0.5825255,-0.9499535,-0.57690847,0.42308712,1.0,1.0,0.6809317,-0.99235296,1.0,-0.9028037,-1.0,0.68807054,1.0,-1.0,0.13716762,-1.0,-1.0,0.6323056,1.0,-0.9645745,1.0,-1.0,1.0,0.6302369,1.0,0.09786338,-1.0,0.37498498
BaiG%MBR4017991_1_MFS_transporter__Clostridia_bacterium_,-1.0,-0.7004684,0.46062237,1.0,-0.6151636,-0.12720408,0.45134634,1.0,1.0,1.0,-0.1349308,-0.37246087,-1.0,0.9919184,-0.23629212,0.42188397,1.0,0.3200494,0.40051505,-0.7037568,0.60857254,0.39124483,0.12407877,1.0,0.52008694,-1.0,-1.0,-0.2857429,-0.57073385,1.0,-0.44123524,0.53598225,0.6344815,-1.0,-0.939115,-0.8327062,-0.42731646,-0.593952
BaiG%MDY4488523_1_MFS_transporter__Candidatus_Limivicinus_sp__,1.0,1.0,-1.0,1.0,-1.0,0.81029403,-1.0,1.0,-1.0,-1.0,1.0,1.0,1.0,0.7346733,-1.0,-1.0,-1.0,0.98345083,-1.0,1.0,1.0,-1.0,-1.0,0.7306785,0.19038215,0.9302626,-0.32035053,0.52252185,-1.0,1.0,-1.0,1.0,-0.84305644,1.0,-1.0,0.90549886,1.0,-1.0
BaiG%MEE1256339_1_MFS_transporter__Lachnospiraceae_bacterium_,-0.32502025,-0.16727424,-0.4954082,0.17399836,-0.1914408,-1.0,-0.19048785,-0.920433,-0.3042166,-0.046474032,-0.005782094,0.93661284,0.9641086,-0.36671108,-0.8856804,0.40857264,0.33567026,-0.4118154,0.47121224,0.2247332,0.2655648,-0.14900579,0.77290297,-0.4895713,-0.14422472,0.47116467,0.64965063,0.34439963,0.60877836,-0.34644565,0.059376135,-0.49305972,-0.056665905,-0.708681,0.11694205,-0.2778062,-0.067099,0.4123807
BaiG%bai_cluster_10%midas_Lachnoclostridium_nov_76594%Lachnoclostridium_nov_76594|ERS138182_8080_1_84_3_3097,0.44194734,0.7307484,-1.0,1.0,-1.0,0.36701202,-1.0,0.6214464,-1.0,-0.9703,0.83347726,1.0,1.0,-0.034614336,-0.788853,-0.9666532,-0.9426961,0.82572955,-1.0,1.0,0.84502155,-1.0,-1.0,0.9832985,0.16616331,1.0,1.0,0.1885971,-1.0,1.0,-1.0,0.14053708,-1.0,-1.0,-0.66405463,0.67615455,0.744096,-0.50150037
BaiH%ERR1018252_bin_5_JFGOJLKC_00141__NADH_oxidase,-1.0,-1.0,1.0,-0.15512307,0.056106362,0.11306818,0.7610225,-1.0,0.95146376,0.69579786,-0.99877876,-0.010864638,-0.2120703,1.0,-0.1483014,-0.020885436,0.8027293,-1.0,0.43147752,-1.0,0.078993395,1.0,1.0,-1.0,0.7647855,0.26607278,-0.06897471,1.0,0.13698238,-0.33914828,0.5046885,-1.0,0.6345717,-0.8965556,0.77783287,-1.0,-1.0,1.0
BaiH%LiJ_2014__MH0370__bin_37_fa_CDDPILMH_00099__NADH_oxidase,0.055776387,0.01944594,-0.03221297,-0.9979497,1.0,-0.63397455,0.5861462,-1.0,0.29932255,0.18069643,0.090073526,-0.6457132,-0.18208079,-0.5823398,1.0,0.22253293,0.47160736,-1.0,0.5910726,0.121461496,-1.0,0.90832114,1.0,-1.0,0.1919457,-0.38875353,-1.0,0.42265236,0.81536025,-0.7787793,0.4055732,-1.0,0.9559082,0.28330988,0.20685229,0.023678953,-0.15298223,-0.10415677
BaiH%MEE0204071_1_FAD-dependent_oxidoreductase__Oscillospiraceae_bacterium_,-0.78019416,0.26860672,-1.0,1.0,-0.7777195,1.0,1.0,0.87929535,0.383239,-0.14390872,-1.0,-0.42036495,0.6978213,1.0,0.7207971,0.411401,-0.0138791185,0.42732605,1.0,-1.0,0.92924875,0.7930233,0.42455593,1.0,-0.022255674,-1.0,-1.0,-1.0,-0.96167433,-0.18610765,1.0,1.0,0.71008563,0.38839784,-1.0,-1.0,0.59377044,-1.0
BaiH%MFR3389927_1_7-beta-dihydroxy-3-oxo-5-beta-cholanoyl-CoA_4-oxidoreductase_BaiH___Clostridium__scindens_,-0.064781,0.015969414,-1.0,0.137599,-0.658554,1.0,-0.67461,0.2516169,-1.0,-1.0,0.6796308,1.0,0.06833196,-0.5912531,0.0030665367,-0.4864588,-1.0,0.78413486,-1.0,0.63657355,0.45604542,-1.0,-0.7424026,0.9540207,-0.16775808,1.0,1.0,0.17009433,-0.23225148,1.0,-0.31596828,0.35093385,-0.66124046,-0.5414386,-0.49760002,0.21375063,0.24019621,0.20574228
BaiH%Obregon-TitoAJ_2015__NO11__bin_28_fa_ODBMCAMJ_01962__NADH_oxidase,1.0,1.0,-1.0,1.0,-1.0,-0.3443337,-1.0,1.0,-1.0,-1.0,1.0,1.0,1.0,-0.24590872,-1.0,-1.0,-1.0,1.0,-1.0,1.0,1.0,-1.0,-1.0,1.0,-1.0,0.8605055,0.23686051,-1.0,-1.0,1.0,-1.0,1.0,-1.0,-0.6006266,-1.0,1.0,1.0,-1.0
BaiH%SRR5558156_bin_44_CPDFCOML_01071__NADH_oxidase,0.8227762,1.0,-1.0,1.0,-0.7174035,-0.02423,-1.0,0.8540038,-1.0,-0.5873184,0.80526316,1.0,1.0,-0.07020157,-0.449045,-1.0,-1.0,-0.14468591,-1.0,1.0,0.99989134,-1.0,-1.0,0.35267395,0.081519686,1.0,1.0,-0.5967231,-0.65189666,0.7172015,-0.8464428,0.65120924,-1.0,-0.16451539,-1.0,1.0,1.0,-0.25116205
BaiH%bai_cluster_1%midas_Clostridium_hiranonis_61655%Clostridium_hiranonis_61655|NZ_DS995354_308,0.28780514,0.33964694,-0.5641913,0.7443334,-1.0,-0.8901324,-1.0,-0.38419434,-0.9002606,-0.3910371,0.88300765,1.0,1.0,0.15817146,-1.0,-0.96626735,-0.5706061,0.5641929,-0.7430556,0.8173245,0.6935222,-0.6100319,0.6311106,1.0,-0.9864471,0.55068505,0.1453494,-0.17476529,-1.0,0.8164973,-1.0,0.41572073,-0.26924995,-0.06664186,0.8158268,0.90555394,0.61001825,1.0
BaiH%bai_cluster_11%midas_Romboutsia_sp_25236%Romboutsia_sp_25236|FJTZ01000011_310,-1.0,-0.9775197,0.27735445,0.53698236,-0.42409402,1.0,-1.0,0.7116958,1.0,1.0,-1.0,-1.0,0.6172726,-0.9732606,0.3329143,0.94512755,0.49651748,0.39758742,0.9665648,-1.0,1.0,-0.076442584,-0.527558,0.6690943,1.0,-0.41998467,1.0,0.2646192,-0.8503529,0.7675787,0.71397346,0.9105034,-0.9247704,-0.87123924,-0.8423978,-1.0,-0.578699,-0.81451494
BaiH%bai_cluster_17%midas_Proteocatella_sphenisci_59007%Proteocatella_sphenisci_59007|AUID01000012_928,1.0,1.0,-1.0,1.0,-0.9655618,-1.0,-0.4489388,-0.2749091,-1.0,0.017153244,0.06055517,0.0864001,1.0,-1.0,0.15380526,-1.0,0.36363244,-0.16737944,-0.46388933,0.6854331,1.0,-0.30927262,-0.2874132,0.58256686,0.36546725,0.55464184,1.0,-1.0,-0.9000075,-1.0,0.42050958,-0.73777217,0.45210436,-1.0,-0.27035156,1.0,1.0,-1.0
BaiH%bai_cluster_2%midas_uncultured_Eubacterium_73696%uncultured_Eubacterium_73696|FMDW01000013_836,1.0,1.0,-0.9862605,1.0,-1.0,1.0,-0.77872425,1.0,-1.0,-0.7573614,1.0,1.0,1.0,-1.0,-1.0,-1.0,-1.0,1.0,-1.0,1.0,1.0,-1.0,-1.0,1.0,-0.7098622,1.0,0.6789641,-1.0,-1.0,1.0,-1.0,0.6302231,-1.0,-0.022351699,-1.0,1.0,1.0,-0.22064482
BaiH%bai_cluster_3%midas_Clostridium_hylemonae_61789%Clostridium_hylemonae_61789|NZ_GG657759_22762,0.19155441,0.31957123,-1.0,1.0,-1.0,1.0,-1.0,0.8756631,-1.0,-0.7666405,0.7031946,0.79137695,-0.15248662,-0.77322114,-1.0,-1.0,-1.0,1.0,-1.0,0.83519727,1.0,-1.0,-1.0,1.0,-0.17005938,1.0,1.0,0.34169096,-0.9727414,1.0,-1.0,0.8722804,-0.24629267,-0.71818674,-0.8863157,0.65358084,0.5918129,-0.17066441
BaiI%LiJ_2014__V1_FI04__bin_94_fa_MJMNNJHI_00331__hypothetical_protein,-0.7461454,-0.5560925,0.5790651,-0.80040044,0.40233436,-0.32410863,0.04835204,-1.0,0.72440624,0.96369135,-0.4227015,-0.3919849,0.15133582,0.93661225,-0.08814925,-0.27561447,0.23180652,-1.0,0.6632771,-0.43776372,-0.6276493,0.90217716,0.9854282,-0.34744698,0.8951092,-0.019179516,-0.1213163,0.79399955,0.21142145,-1.0,0.4389822,0.2329052,0.58188,0.826436,-0.75576967,-0.5910024,-0.43962237,0.060517464
BaiI%QinJ_2012__CON-070__bin_41_fa_AAAKDJOM_00400__hypothetical_protein,1.0,1.0,-1.0,0.38083434,-0.44830355,-0.43455803,-1.0,0.23201767,-0.7791535,-0.9098026,1.0,1.0,1.0,-0.05197547,-0.3284312,-1.0,-1.0,0.51642555,-1.0,1.0,0.4186988,-1.0,-1.0,0.103462785,0.33269683,0.2652404,1.0,-0.33801934,-0.7020697,-0.13552749,-0.339904,0.95708203,-0.94056636,0.703777,-1.0,1.0,1.0,-1.0
BaiI%WP_279004450_1_nuclear_transport_factor_2_family_protein__partial___Clostridium__scindens_,-1.0,-1.0,0.25144663,-0.5713116,0.67606425,0.95721084,0.92899793,-0.48451623,-0.18525702,-0.3818774,-0.122213356,-0.48082668,-1.0,-1.0,0.16205677,1.0,0.32517108,0.50820684,0.62381846,-0.43902054,-0.17783022,0.44225988,0.35356215,0.20465596,-0.40707758,0.14346538,-0.096123695,0.43998453,1.0,1.0,1.0,-0.14280489,0.5963268,-0.49740356,0.43883598,-0.6742204,-0.9249804,0.35472375
BaiI%bai_cluster_2%midas_uncultured_Eubacterium_73696%uncultured_Eubacterium_73696|FMDW01000003_2059,0.12879829,0.25426084,-0.37442827,1.0,-0.18540944,-0.6997054,-0.67787045,0.8570765,-0.85180974,-0.9564039,0.6852202,1.0,0.7364676,-0.5837162,0.117856905,-0.82074594,-1.0,0.7843345,-0.41261783,0.66281915,1.0,-0.8403136,-1.0,1.0,-1.0,-0.013489596,1.0,-1.0,-0.4142941,0.7941288,0.15384665,0.6591135,-0.44291893,-1.0,-0.10068989,0.72779375,0.41823724,0.773397
