Sample,3oxoDCA,3oxoLCA,7oxoDCA,Ala_DCA,Asn_CA,Asn_DCA,Asp_CA,Asp_DCA,CA,CDCA,DCA,GDCA,GLCA,GUDCA,Gln_CA,Glu_CA,Glu_CDCA,Glu_DCA,IleLeu_CA,LCA,Lys_DCA,Phe_CA,Phe_CDCA,Phe_DCA,TCDCA,TDCA,TLCA,TUDCA,Thr_CA,Thr_DCA,Trp_CA,Trp_DCA,Tyr_CA,UDCA,isoCA_aMCA,isoDCA_isoCDCA,isoLCA,isoUDCA
12aHSDH%ERJ00208_1_oxidoreductase__short_chain_dehydrogenase_reductase_family_protein__Clostridium_sp__ATCC_29733_,-0.48639283,-0.16461936,-0.51993275,-0.43478674,-0.3134632,-0.35842252,-0.57340777,-0.6920225,-0.23504987,-0.14494914,-0.6629475,-0.55962396,-0.13960107,-0.30946302,-0.19154054,-0.4701492,-0.36173576,-0.89487743,-0.23230897,-0.49447265,-0.4534276,-0.2390701,-0.17656411,-0.7108817,0.20965564,-0.40729696,-0.022256231,-0.05352604,-0.4128389,-0.84868807,-0.38018832,-0.48029244,-0.38496473,-0.6446727,-0.58088344,-0.73278767,-0.23174742,-0.626709
12aHSDH%GENOME015584_936,-0.15069509,0.028534165,-0.3301648,0.08455477,-0.49101087,0.22744371,-0.45443475,0.19370063,-0.020295152,-0.08361435,0.06291571,0.23855369,0.2832208,0.093157895,-0.27646646,-0.28606287,-0.28546157,0.16397361,-0.46298277,0.074368514,0.044636156,-0.46918204,-0.47162056,-0.09090615,0.4286761,0.2152896,0.3360224,0.084813856,-0.54544413,-0.06555041,-0.3498193,0.14919262,-0.41829872,-0.516543,-0.3328129,-0.122413516,0.10327894,-0.45442855
12aHSDH%GENOME051950_684,0.2085499,0.44674018,-0.56051964,0.32137537,-0.71971846,-0.17822838,-0.6790187,0.29759163,-0.5020469,-0.542022,0.102495864,0.23190008,0.54762006,-0.22686607,-0.534915,-0.62224007,-0.6683746,0.090969056,-0.68636817,0.26971847,0.40906036,-0.64935726,-0.63165575,0.008562133,-0.053471155,-0.09405633,-0.082708456,-0.43947983,-0.8333057,-0.237034,-0.6499757,0.44295442,-0.66631246,-0.310104,-0.6690515,0.064639024,0.452707,-0.6033324
12aHSDH%GENOME055489_1547,0.44763613,0.15977648,0.14492418,0.24393965,0.22638804,-0.023530617,0.20231326,0.12549648,-0.07067097,-0.03690246,-0.05016943,-0.17324746,0.11745218,-0.22036237,0.19207793,0.16086115,0.15169953,0.18760082,0.19061482,0.0056624245,0.27010295,0.18613891,0.24835381,0.11026742,-0.34553534,-0.26662537,-0.33122915,-0.26459217,0.20784457,0.18011253,0.3057947,0.02522185,0.21074241,0.5355049,0.14685673,0.42742085,0.17067301,0.14314747
12aHSDH%GENOME077010_272,-0.04958993,-0.09275611,0.11841855,0.13796723,0.3283578,0.23141563,0.4419844,-0.02000924,0.07845295,0.1179573,-0.027077459,-0.18730552,-0.16360489,-0.18374023,0.32032415,0.44957018,0.32045656,0.19611788,0.35634527,-0.14205071,0.028113285,0.40054902,0.21018507,0.06923349,-0.09298636,0.24864441,-0.021948207,-0.109334365,0.43834865,0.24183553,0.47016075,0.04760959,0.5188702,-0.12372,0.20919722,-0.10402674,-0.17998375,0.14390908
12aHSDH%GENOME136792_1072,0.43165788,0.41904646,-0.52635026,0.25156024,-0.2941082,-0.3075868,-0.057528358,0.064272285,-0.8619572,-0.7553211,0.11676435,-0.39414808,-0.15578371,-0.8563475,-0.27969337,-0.3108036,-0.4075637,0.24532735,-0.21413253,0.24065946,0.29189417,-0.13749857,-0.10615125,0.082836844,-1.0,-0.2832527,-0.49856517,-0.64317656,-0.14126639,0.033442147,-0.068185434,0.0851936,-0.308603,0.29384983,-0.4525719,0.41319177,0.6522952,-0.18322942
12aHSDH%GENOME225739_454,-0.16188592,-0.0304497,-0.26219654,-0.10826062,-0.079753675,0.071554296,0.05617894,0.038099077,-0.27194488,-0.23412979,-0.21696869,-0.43462443,-0.40934592,-0.23856257,-0.052944645,-0.061213925,-0.14193085,0.14487024,0.010562759,-0.23836128,-0.19237584,0.069593154,-0.045748238,-0.17509201,-0.16665837,-0.05955114,-0.1567826,-0.20734134,-0.03737626,-0.33331573,0.14202078,-0.05680121,0.006947041,-0.07371838,-0.26166826,-0.1929123,0.07028721,-0.15874751
12aHSDH%MBE7001463_1_SDR_family_oxidoreductase__Oscillospiraceae_bacterium_,0.61010116,0.84969044,-0.851955,0.06933489,-0.7566407,-0.6619232,-0.69490373,0.026849004,-1.0,-0.954184,0.30582613,0.17155705,0.51863736,-0.6366624,-0.6941512,-0.8701649,-0.96038187,0.15260643,-0.8722793,0.5873241,0.19463904,-0.7241877,-0.6628946,-0.15088177,-0.72405714,-0.4977445,-0.4871738,-0.7200463,-0.817034,-0.35564935,-0.69832885,0.2970404,-0.8414838,0.16492102,-0.91736305,0.3818679,0.93486553,-0.7644823
12aHSDH%MBP3571641_1_SDR_family_oxidoreductase__Clostridia_bacterium_,-0.3580573,-0.51431423,0.17261414,-0.4204788,0.121285126,-0.05658695,-0.021123506,-0.3864143,0.4984299,0.49325642,0.24477263,0.12984315,-0.4664334,-0.105486095,0.25157356,0.16431646,0.17222576,-0.2542348,-0.019926392,-0.00075825606,-0.43910542,0.021314617,-0.030016584,-0.31087187,0.29721582,0.25503334,0.16373803,0.29718748,0.24195032,0.015795268,-0.078310736,-0.66544706,0.12996915,-0.5603834,0.36586732,-0.3128528,-0.6563319,-0.0029060533
12aHSDH%MBR0327374_1_SDR_family_oxidoreductase__Clostridia_bacterium_,0.036372695,-0.06568637,-0.17209974,0.031444468,-0.03082936,0.29308632,-0.033883974,0.094797306,0.103203535,0.27088302,0.10449223,-0.37888932,-0.5255,-0.6172658,0.11259023,0.07858019,0.09087019,0.20362845,0.19540864,0.066578545,0.15156548,0.06803402,0.09937674,0.1963085,-0.19387087,-0.037700035,-0.067958355,-0.25160238,0.15410966,0.3563734,0.27948987,-0.05806169,0.19161373,-0.35551748,0.047479387,0.027019897,-0.12817523,-0.08301179
12aHSDH%MBR2608425_1_SDR_family_oxidoreductase__Bacteroidales_bacterium_,-0.23582287,-0.04479175,-0.4432473,-0.41950637,-0.32955226,-0.44510362,-0.45799822,-0.51728183,-0.1723278,-0.25156736,-0.052947074,-0.13171637,-0.049170356,-0.4035787,-0.17124362,-0.3939685,-0.33849597,-0.65261286,-0.2698187,-0.025101768,-0.30187607,-0.40805992,-0.302543,-0.56395304,-0.05865199,-0.15408209,-0.06944586,-0.14062746,-0.30119285,-0.33436504,-0.62708795,-0.2684266,-0.39436212,-0.95760125,-0.2514452,-0.5086618,-0.25406334,-0.53282636
12aHSDH%MBR5144004_1_SDR_family_oxidoreductase__Clostridia_bacterium_,0.030793022,-0.07160225,0.15869075,0.12712042,0.26674536,-0.0127017,0.28573787,-0.12418412,0.14863925,0.13998571,-0.34993738,-0.1345788,0.10535448,0.079136655,0.26044285,0.33223906,0.23785916,-0.24844553,0.33238265,-0.37611967,0.20780987,0.33799714,0.2766377,-0.022429204,0.017220194,0.006129125,0.016074033,-0.102057606,0.2931175,0.074931934,0.25876945,0.04965334,0.42986998,-0.1863819,0.3092001,-0.19716585,-0.277528,0.21102248
12aHSDH%MBR6823493_1_SDR_family_oxidoreductase__Bacillota_bacterium_,-0.46823063,-0.557171,0.15339261,-0.3412695,0.3544634,-0.03905851,0.30287683,-0.32895884,0.17793095,0.29637226,-0.6923629,-0.6317087,-0.6265103,0.07841122,0.27976885,0.4062258,0.28144822,-0.3336453,0.33443674,-0.77985936,-0.13998578,0.3837147,0.24811335,-0.22364059,0.17817351,-0.21104717,-0.108671956,0.09787591,0.31083524,-0.43217602,0.27438042,-0.37852216,0.31647554,-0.2834753,0.24654089,-0.5089131,-0.59071964,0.114830405
12aHSDH%MBR7146259_1_SDR_family_oxidoreductase__Oscillospiraceae_bacterium_,-0.05631291,0.102317974,-0.60777295,0.18057759,-0.24480495,0.0709923,-0.2810659,-0.18268235,-0.48447755,-0.29968792,-0.3155916,-0.4316427,-0.1587981,-0.6536498,-0.055276457,-0.19472964,-0.22872745,-0.23791386,0.007966736,-0.15072705,0.2588619,-0.1531166,-0.075764865,-0.028794652,-0.52085406,-0.114200704,-0.14037378,-0.6461009,-0.13407972,-0.06822719,-0.085983016,-0.040028807,-0.100736305,-0.8308736,-0.3884978,-0.33150455,-0.06540642,-0.433594
12aHSDH%MCI8718619_1_SDR_family_oxidoreductase__Lachnospiraceae_bacterium_,-0.7520389,-0.8189334,0.5575657,-0.2033837,0.40180784,0.120641366,0.46145502,-0.28198746,0.7351377,0.74430525,-0.4438891,-0.2326165,-0.35172606,0.5403142,0.4323071,0.5073355,0.43369067,-0.40182358,0.41399112,-0.65784013,-0.26211175,0.51210415,0.387504,-0.1716179,0.5919071,0.12635054,0.12511866,0.5212384,0.46617705,-0.0051826094,0.4735264,-0.49803782,0.5399842,-0.061189134,0.53642285,-0.51685965,-0.7806625,0.31050864
12aHSDH%WP_055231566_1_SDR_family_NAD(P)-dependent_oxidoreductase__Anaerostipes_hadrus_,-0.26944685,-0.5941835,0.8265415,0.31495813,0.79812133,0.74369943,0.9069167,0.3521704,0.84241575,0.8782717,0.06485184,0.022211758,-0.34634873,0.24175923,0.7913497,1.0,0.9337372,0.3808816,0.80842674,-0.23122531,0.29069793,0.7746412,0.5040118,0.4027472,0.5126504,0.76500326,0.42518732,0.4661722,0.93813765,0.7284725,0.7910794,0.042000137,1.0,-0.07125992,0.9128048,-0.0035227688,-0.69282955,0.7307557
12aHSDH%WP_130435990_1_SDR_family_NAD(P)-dependent_oxidoreductase__Cuneatibacter_caecimuris_,-0.5104392,-0.80781406,0.6406384,-0.3294986,0.64321417,0.070945956,0.6370839,-0.5026412,0.55367786,0.43838358,-0.6094816,-0.7699042,-0.83907115,0.02573895,0.58633,0.60075617,0.7202271,-0.62112504,0.8679461,-0.77096325,-0.4040328,0.8163574,0.85068667,-0.20670483,0.00418877,-0.25504744,-0.15405041,0.4637391,0.777032,0.064873815,0.5907557,-0.575379,0.5465834,0.057286978,0.6535136,-0.3815119,-0.6848571,0.61716795
12aHSDH%WP_161844252_1_SDR_family_NAD(P)-dependent_oxidoreductase__Pseudoflavonifractor_sp__524-17_,-0.13379493,-0.4520393,0.5864701,0.08885533,0.75523067,0.35023794,0.8725016,-0.16233474,0.25319344,0.22974,-0.16740212,-0.48761654,-0.67062056,-0.1171792,0.6497733,0.7886683,0.84618664,-0.13367496,0.8882093,-0.3423203,-0.012741103,0.7554585,0.77002764,0.07453839,-0.29557654,0.36478913,0.2361042,0.4083298,1.0,0.62180334,0.62505686,-0.3497476,0.66399324,0.21141902,0.70854306,0.04909822,-0.34406912,0.90616006
12aHSDH%WP_165061273_1_SDR_family_NAD(P)-dependent_oxidoreductase__Xiamenia_xianingshaonis_,-0.3794163,-0.34981835,0.1931882,-0.15136859,0.11961358,-0.040090397,0.15401158,-0.045415606,0.2824048,0.10119531,-0.10090931,0.113230385,-0.08041387,0.42469275,0.17589997,0.15071735,0.085072674,-0.2304652,0.057589643,-0.22355303,-0.17859735,0.07630384,0.15836778,-0.1710542,0.31555146,0.1586452,0.15326102,0.28010303,0.13232002,-0.067703605,0.110204324,-0.023482272,0.22443512,-0.17181832,0.061690047,-0.26532757,-0.35945794,0.08696794
12aHSDH%WP_249318265_1_SDR_family_NAD(P)-dependent_oxidoreductase__Yeguia_hominis_,0.40520257,0.14829804,0.24138397,0.7274548,0.37956718,0.36575305,0.5146781,0.38754112,0.09902181,0.28930265,-0.10747775,-0.01822629,0.24961421,-0.1675366,0.4401802,0.4266151,0.52426445,0.3379581,0.5715465,0.030726315,0.6294619,0.51156044,0.57676196,0.5387513,-0.1989814,0.05878212,0.04752778,0.13122974,0.5479088,0.67303044,0.5097257,0.32922956,0.4269772,0.36496308,0.25257772,0.4277867,0.25696802,0.37700516
12aHSDH%WP_256285936_1_SDR_family_NAD(P)-dependent_oxidoreductase__Pseudoflavonifractor_phocaeensis_,-0.3371262,-0.4749237,0.7600964,0.10628828,0.6617736,0.46388537,0.6739651,0.12746556,0.86839926,0.7665591,-0.13093588,0.05724163,0.05939139,0.5624977,0.6128887,0.7291543,0.76892334,-0.06751819,0.66681325,-0.27633026,0.05761465,0.67338514,0.6265334,0.065738924,0.5579293,0.28048444,0.3904559,0.4855993,0.7068224,0.4702644,0.52807516,-0.19440937,0.6990534,0.048752513,0.6823769,-0.20935242,-0.56199247,0.55986124
12aHSDH%WP_278514144_1_SDR_family_NAD(P)-dependent_oxidoreductase__Methanobrevibacter_smithii_,0.5170121,0.67644745,-0.2407275,-0.5725233,-0.16505194,-0.7560544,-0.42712498,-0.68398476,-0.34625944,-0.5592921,-0.049967535,-0.039947018,0.3094588,-0.37356436,-0.2641672,-0.5073246,-0.30712652,-0.5475695,-0.28838125,0.1541536,-0.8106843,-0.334648,-0.27900666,-0.72289336,-0.31380388,-0.65037787,-0.3159381,-0.18294036,-0.2894534,-0.60859454,-0.46228588,-0.25459898,-0.45152122,0.38902298,-0.35791835,-0.09675054,0.39379972,-0.26753408
12aHSDH%WP_418471294_1_SDR_family_NAD(P)-dependent_oxidoreductase__Eggerthella_sp__,0.81856745,0.7906054,-0.4730875,0.31591347,-0.34526104,-0.28254312,-0.26027358,0.29698062,-0.92396396,-0.73894554,0.42384526,0.10180739,0.21214981,-0.49991715,-0.444373,-0.36375844,-0.42553428,0.5107876,-0.48298442,0.53777164,0.3954032,-0.51251006,-0.44492105,0.14064637,-0.93183154,-0.06393866,-0.35838318,-0.71065056,-0.32386777,-0.000108913,-0.34440538,0.26153234,-0.37895653,0.26537874,-0.37152836,0.6769889,0.7777122,-0.092969105
12bHSDH%GENOME225741_180,0.23384635,0.17016989,0.08490443,-0.14607446,-0.30759248,-0.009379677,-0.20097992,0.4692806,-0.11766203,-0.11744376,0.70282555,0.40748194,-0.17325945,0.25347948,-0.59076446,-0.29573387,-0.086878665,0.7263145,-0.31387118,0.590179,0.16858307,-0.24668664,-0.32388514,0.4425761,-0.119924374,0.3728984,0.5347416,0.30615124,-0.2690747,0.18761839,-0.5358832,0.0072947517,-0.50155985,0.5268047,0.18370531,0.6191218,0.37195456,0.53791404
12bHSDH%MDD6456291_1_SDR_family_NAD(P)-dependent_oxidoreductase__Lachnospiraceae_bacterium_,-0.34914538,-0.34748518,0.28600982,-0.36781314,0.19915752,-0.21122772,0.2676485,-0.14584109,0.19826545,0.111622,0.12488006,-0.033845924,-0.36884916,0.33859897,-0.07337926,0.17121595,0.20344362,-0.028136333,0.046100464,-0.020139987,-0.15985954,0.10924101,0.002775956,-0.0039374423,-0.0018293628,0.2010566,0.2933637,0.2883888,0.2952634,0.14841491,-0.07709931,-0.35558537,-0.011115042,0.1516136,0.28610468,-0.1454021,-0.2756854,0.40736485
3aHSDH%3aHSDH%HJB56827_1_3-oxoacyl-ACP_reductase_FabG__Candidatus_Flavonifractor_intestinipullorum_,0.838655,0.59832233,-0.0014096589,0.86747134,0.1258662,0.50448126,0.20835838,0.7325325,-0.3539075,-0.2910442,0.47885948,0.29044303,0.34455448,-0.06458024,-0.045850296,0.02292433,-0.01760802,0.9300178,0.15446636,0.50950354,0.7407878,0.14823739,0.14439203,0.83387476,-0.59188515,0.13453247,-0.23432305,-0.28996652,0.04108596,0.6429479,0.23220655,0.8024483,0.10863962,0.77089864,0.07441048,0.77076966,0.6395073,0.51085865
3aHSDH%3aHSDH%MBO5160353_1_3-oxoacyl-ACP_reductase_FabG__Lachnospiraceae_bacterium_,-0.01663326,-0.39800346,0.82488906,0.3016834,0.672366,0.29124907,0.75438833,0.093261905,0.4288172,0.45306027,-0.044360388,0.15465438,-0.07680651,0.6167967,0.523722,0.6134963,0.6110467,0.14078836,0.55564255,-0.2926234,-0.0063281963,0.69134307,0.68913496,0.26335698,0.07565779,0.24591266,-0.032542106,0.5955108,0.7021497,0.29124302,0.6818736,-0.08792862,0.7240507,0.93071795,0.691799,0.27524632,-0.22046301,0.9361212
3aHSDH%3aHSDH%MBQ7891058_1_3-oxoacyl-ACP_reductase_FabG__Erysipelotrichaceae_bacterium_,0.911912,0.70714813,-0.1737229,0.3952113,-0.13652977,-0.26878425,0.061263755,0.27785382,-0.5885279,-0.5627514,0.521056,0.15766731,0.24590297,-0.66718197,-0.2574421,-0.13189667,-0.169921,0.5243606,-0.1404298,0.61207604,0.4152824,-0.110278435,-0.12924813,0.3612121,-1.0,-0.03241162,-0.18716365,-0.60590935,0.03395144,0.37884876,-0.16221157,0.16029736,-0.23244569,0.5947494,0.07539604,0.7613635,0.72693527,0.28649712
3aHSDH%3aHSDH%MBR6526164_1_3-oxoacyl-ACP_reductase_FabG__Clostridia_bacterium_,0.111735106,-0.38754472,1.0,0.4495367,1.0,0.33790717,1.0,0.15727036,0.47922528,0.5785564,-0.23615061,-0.07855404,-0.118755594,0.5885165,0.6850551,0.9973586,0.9029242,0.17333962,0.9412337,-0.39516738,0.32024002,0.99015224,0.94391185,0.4703119,-0.1422578,0.20612882,-0.074346624,0.46929726,1.0,0.54964286,1.0,0.0015058377,1.0,1.0,0.9773075,0.37953204,-0.2810752,1.0
3aHSDH%3aHSDH%MCM1345206_1_3-oxoacyl-ACP_reductase_FabG__Muribaculaceae_bacterium_,-1.0,-0.95337,-0.15585732,-0.43936324,-0.12829323,0.5367255,-0.11593595,-0.42079973,0.45168725,0.42566168,-1.0,-1.0,-0.48172328,0.8554144,-0.004123247,-0.07543894,0.06459059,-0.90484107,0.29325786,-1.0,-0.8717921,0.2368826,0.046782102,-0.68513054,1.0,-0.49778727,-0.1915464,0.54543847,-0.41613817,-1.0,0.3901745,-0.009269206,0.0024584634,-0.7442999,-0.75380415,-1.0,-0.7279279,-0.6202764
3aHSDH%3aHSDH%MED9821234_1_SDR_family_NAD(P)-dependent_oxidoreductase__Christensenellales_bacterium_,0.036238384,-0.30928123,0.7881314,0.6019642,0.67119294,0.72417873,0.67678416,0.56297505,0.78359437,0.8500566,-0.082936116,0.006548096,0.051995814,0.3296692,0.6810068,0.74119645,0.77008,0.2651321,0.8344254,-0.19727223,0.48968083,0.76489615,0.69611394,0.48268318,0.4188702,0.17609188,0.0010857392,0.4166125,0.6638246,0.6073047,0.73091686,0.3908404,0.837188,0.28955343,0.702722,0.14838624,-0.37405962,0.7742301
3aHSDH%3aHSDH%WP_062304377_1_SDR_family_NAD(P)-dependent_oxidoreductase__Sellimonas_intestinalis_,0.30019966,-0.19114698,0.92267907,0.48670945,0.81387085,0.14228293,1.0,0.26665905,0.1978445,0.25239098,-0.03232262,0.016171206,0.006567071,0.46317536,0.5383548,0.8393986,0.75249845,0.2737027,0.682504,-0.18999073,0.37458232,0.7450798,0.7217085,0.41991213,-0.32597202,0.2747649,-0.043822806,0.40734887,0.9127762,0.5414311,0.7113219,0.0674393,0.7775101,1.0,0.84857804,0.59192216,-0.012993744,1.0
3aHSDH%3aHSDH%WP_117548394_1_SDR_family_NAD(P)-dependent_oxidoreductase__Longicatena_caecimuris_,-0.08684676,0.18111724,-0.6806692,-0.23962437,-0.70060426,-0.5926163,-0.68207014,-0.18928736,-0.612738,-0.45379078,0.21127598,0.13025309,-0.049678896,-0.2486722,-0.6754909,-0.6506217,-0.47356355,-0.19442779,-0.7330651,0.35492083,-0.1568805,-0.78305274,-0.62922263,-0.13488424,-0.3209621,0.1805741,0.55092895,0.06758788,-0.5165606,-0.2681964,-0.95935893,-0.31975645,-0.92150843,-0.7339801,-0.4422786,-0.054547533,0.28853512,-0.33259085
3aHSDH%3aHSDH%WP_226969791_1_SDR_family_oxidoreductase___Ruminococcus__lactaris_,0.51019406,0.63607115,-0.6434659,-0.14543737,-0.6921745,-0.3540749,-0.5804732,0.136962,-0.66608876,-0.7322902,0.6641871,0.38459083,0.15949434,-0.32680362,-0.71428895,-0.58533025,-0.70994765,0.3549218,-0.8201628,0.6146638,0.054439172,-0.7253151,-0.79252976,-0.11265909,-0.483742,0.17204441,0.122112975,-0.71380705,-0.71062243,-0.20178567,-0.8876384,-0.047677867,-0.70509493,-0.43862408,-0.1884938,0.24473907,0.45395765,-0.33955538
3aHSDH%3aHSDH%WP_270387972_1_SDR_family_NAD(P)-dependent_oxidoreductase__Blautia_hansenii_,-0.48383716,-0.7414395,1.0,0.26549587,0.98591167,0.43348235,1.0,-0.004381818,0.7539604,0.73935264,-0.37141123,-0.30588564,-0.4971336,0.47307444,0.9135177,1.0,1.0,-0.03740504,1.0,-0.6702371,0.020632701,1.0,1.0,0.26491427,0.09511157,0.3779059,0.10152678,0.57285935,1.0,0.64655703,1.0,-0.29153392,1.0,0.59742886,0.8966778,-0.08089826,-0.56784123,0.97013444
3aHSDH%CAG5237306_1_short_chain_dehydrogenase__Streptococcus_pneumoniae_,-1.0,-0.9816483,0.68587524,-0.3331841,0.6517761,0.5189247,0.49805945,-0.24624859,1.0,0.83901024,-0.6903504,-0.5845333,-0.4686441,0.8912684,0.42314744,0.5858099,0.6986164,-0.53254163,0.67874366,-0.76875675,-0.4110994,0.49851996,0.46641764,-0.19010703,0.9731418,-0.11852393,0.23444794,0.97668934,0.52149856,0.1447391,0.5173664,-0.05604606,0.31692,0.081375726,0.15042563,-1.0,-0.90582776,0.4704596
3aHSDH%GENOME060426_131,1.0,0.974444,-0.20736535,0.7253947,-0.27729154,0.21294583,-0.060385864,0.9203286,-0.5069962,-0.17213118,0.75909144,0.73016185,0.55399454,-0.21135902,-0.3412583,-0.096658766,-0.14361414,1.0,-0.37968063,0.91095734,0.81127053,-0.39867023,-0.3863022,0.70113885,-0.47122294,0.43618557,0.29354116,-0.35385522,-0.22668457,0.5302753,-0.21189776,0.64145046,-0.289573,0.4072862,-0.06237339,1.0,1.0,0.22594932
3aHSDH%GENOME084620_3418,-0.35252434,-0.31127706,0.23773861,0.3050144,0.15847588,0.41484293,0.22033104,0.15307105,0.47143513,0.47456378,-0.06804262,0.08064648,0.11934654,0.277412,0.18413402,0.3741179,0.3891945,0.042464215,0.2027865,-0.14512472,0.2686598,0.033249363,-0.090319194,0.15220083,0.42671195,0.42218727,0.3705217,0.3839266,0.28647026,0.52901936,0.15693438,0.16535993,0.20973296,-0.3582816,0.24167885,-0.30839014,-0.38183737,0.18585175
3aHSDH%GENOME084674_3322,-0.4620082,-0.42703322,0.09469597,0.13181765,0.19274051,-0.0043630875,0.35265142,-0.14441472,0.22397844,0.23161368,-0.3301573,-0.12787095,0.076286435,0.10227984,0.25841895,0.35809287,0.19650955,-0.10673248,0.109228574,-0.35544723,0.10456739,0.24553776,0.07008723,-0.073748484,0.19042939,0.05605744,0.0033947236,0.037540067,0.28175265,0.046678632,0.26822233,-0.13877977,0.241538,-0.2626786,0.07857047,-0.4109064,-0.3684957,-0.15994948
3aHSDH%MBQ9141038_1_SDR_family_oxidoreductase__Lachnospiraceae_bacterium_,0.05748191,0.094933555,-0.03872715,-0.69903535,-0.35207868,-0.59429944,-0.49680904,-0.29657823,-0.08160032,-0.22711039,0.4025347,0.3951117,0.178653,0.14648078,-0.5641035,-0.3998539,-0.3319545,-0.031342365,-0.7375362,0.3122141,-0.41911218,-0.5961846,-0.75928617,-0.51582146,0.34724072,0.18925813,0.582157,0.37054503,-0.45439792,-0.47265074,-0.87152743,-0.52120197,-0.7324625,0.31438205,-0.058101576,0.13282394,0.118058406,-0.050303265
3aHSDH%MBS5502136_1_3-oxoacyl-ACP_reductase_FabG__Eggerthella_sp__,-0.16132462,-0.016769452,-0.08437826,-0.070140004,-0.09515626,-0.26146948,-0.05905793,-0.103664875,0.09900104,0.059977792,-0.17090291,0.02681609,0.07446275,0.013909193,0.024164693,-0.11037819,-0.2730917,-0.29613075,-0.15776354,-0.12142336,-0.24888775,-0.092139006,-0.056940276,-0.27493554,0.14303295,-0.27011806,-0.33460784,-0.21914484,-0.12634142,-0.30957726,0.0047256807,-0.06947704,-0.015538279,-0.20126224,-0.19449304,-0.4010478,-0.118906945,-0.34534213
3aHSDH%MCI6529002_1_SDR_family_oxidoreductase__Clostridiales_bacterium_,0.052438598,0.16516382,-0.10946725,-0.3686788,-0.11568088,-0.6252191,-0.26675284,-0.59552264,-0.12047667,-0.29211152,-0.17096345,0.10407364,0.28357953,-0.17642951,-0.07575241,-0.29031926,-0.25275752,-0.5134832,-0.24484816,-0.06030955,-0.48327902,-0.17666548,-0.14033273,-0.51001126,0.061095178,-0.40289402,-0.17293353,0.10756534,-0.1860804,-0.4524763,-0.21026526,-0.11832122,-0.21813145,0.26766932,-0.3710826,-0.17604788,0.10465528,-0.41845173
3aHSDH%MCI6633699_1_3-oxoacyl-ACP_reductase_FabG__Clostridiales_bacterium_,-0.053078093,0.14987211,-0.13630825,0.07960778,-0.28649998,-0.18928944,-0.19812588,0.043833546,-0.1118822,-0.18927522,0.0039564436,0.23298655,0.46064118,0.32670647,-0.25907558,-0.2524804,-0.28012982,-0.04842714,-0.33775,-0.01996492,-0.08898357,-0.13344449,-0.25502607,-0.17665312,0.13775447,-0.025835067,0.005595319,-0.019611597,-0.3598376,-0.34325525,-0.36603364,0.035474025,-0.21812764,-0.19314487,-0.10059739,-0.14288871,0.14041324,-0.15186751
3aHSDH%MCI6899085_1_SDR_family_oxidoreductase__Mycoplasmatota_bacterium_,-0.14839451,-0.56700003,0.8873053,-0.006349465,0.7344446,0.39938816,0.5678764,0.10389142,0.8301128,0.6896156,-0.20636982,-0.16535783,-0.26961678,0.86737025,0.510728,0.676184,0.6818078,0.08131349,0.47539213,-0.59418005,-0.108199164,0.5381549,0.33066666,-0.099805735,0.73247033,0.004590363,-0.030431364,0.7598326,0.4869308,0.10160654,0.3647684,-0.20910694,0.5074952,0.7087876,0.9141639,-0.1293031,-0.61144286,0.9292901
3aHSDH%MCI7742844_1_SDR_family_oxidoreductase__Clostridiales_bacterium_,0.134669,0.337746,-0.6472525,-0.012675983,-0.32246488,-0.2576176,-0.39830154,-0.2514884,-0.5130254,-0.4918885,-0.018586922,-0.13484947,0.14855659,-0.40627074,-0.24185981,-0.49384478,-0.48575896,-0.16138037,-0.35001442,0.11594795,0.032017723,-0.33200437,-0.2907715,-0.11527329,-0.23295125,-0.2430492,-0.25185585,-0.39730182,-0.35883734,-0.13592574,-0.24390776,0.037630226,-0.33311343,-0.023269897,-0.6860036,-0.057926137,0.31850547,-0.72913647
3aHSDH%MCI8568452_1_3-oxoacyl-ACP_reductase_FabG__Bacilli_bacterium_,-0.6537981,-0.6452294,0.6648106,-0.19067983,0.9595662,0.33667776,0.81277186,-0.3245995,0.6867695,0.7257512,-0.7829616,-0.6284208,-0.37297472,0.5752759,0.63124657,0.8219234,0.814211,-0.36743456,0.7714396,-0.71744204,-0.09326701,0.619082,0.54467446,-0.18606034,0.58910364,-0.3064679,-0.077999055,0.78711206,0.83617353,0.19284436,0.7112665,-0.023221355,0.4843399,0.48541576,0.13388014,-0.713236,-0.6044319,0.50246984
3aHSDH%MCM1266841_1_3-oxoacyl-ACP_reductase_FabG__Bacteroidales_bacterium_,-0.15543401,-0.66093624,0.7589677,-0.31264445,0.92649347,-0.100796655,0.8274669,-0.57066834,0.324301,0.32096884,-0.4137387,-0.5068196,-0.78497446,0.16367604,0.66480094,0.6560653,0.548473,-0.4245855,0.73361075,-0.64360154,-0.45536646,0.8180925,0.8666146,-0.20879269,-0.2553203,-0.25906634,-0.5547185,0.26775435,0.90286756,-0.17974408,0.7551012,-0.56912404,0.7868722,0.80694085,0.7470324,-0.113336384,-0.63092387,0.8398898
3aHSDH%MCR4878926_1_SDR_family_NAD(P)-dependent_oxidoreductase__Bacteroidales_bacterium_,-1.0,-0.8109659,0.06958742,-0.0781861,0.22136821,0.77030873,0.41144326,0.21099582,0.52221596,0.46099895,-0.690703,-0.55588454,-0.413168,0.8016781,0.25147417,0.38808656,0.53542453,-0.08023697,0.36349353,-0.69638973,-0.2814137,0.13165264,0.013387729,-0.07479272,1.0,0.2224303,0.45956308,1.0,0.10672007,0.05125812,0.3674259,0.431237,-0.045657713,-0.51457214,-0.6199455,-1.0,-0.4217451,-0.24922666
3aHSDH%MDE7008868_1_3-oxoacyl-ACP_reductase_FabG__Lachnospiraceae_bacterium_,0.087345615,-0.39584225,0.7043913,-0.32626435,0.57871217,-0.21153584,0.6153975,-0.30810633,0.10017497,0.12939376,-0.0073640323,-0.5029825,-0.7497517,-0.26063153,0.35119122,0.5192785,0.4918369,-0.18179087,0.5353353,-0.23554154,-0.26872528,0.5770293,0.5928514,-0.1033651,-0.6838273,-0.120418005,-0.30317405,-0.12644945,0.70132625,0.01683685,0.47668153,-0.7734379,0.471342,0.8998588,0.813123,0.41919824,-0.28437522,0.8801059
3aHSDH%MDE7282987_1_SDR_family_oxidoreductase__Lachnospiraceae_bacterium_,0.011856983,0.13985698,-0.12725021,-0.74163353,-0.54244065,-0.6559844,-0.630473,-0.3045735,-0.15586247,-0.21374954,0.3786466,0.4384235,0.19495851,0.19059557,-0.7463574,-0.5078348,-0.42130977,-0.044667196,-0.8756759,0.30346265,-0.5129224,-0.7311961,-0.9330132,-0.58085716,0.3508072,0.2895067,0.69962454,0.35873443,-0.5953511,-0.61962867,-1.0,-0.6651968,-0.8549256,0.1367205,-0.06983513,0.11834487,0.17598732,-0.08885205
3aHSDH%MDE7415347_1_SDR_family_oxidoreductase__Lachnospiraceae_bacterium_,0.099233426,0.54319865,-0.9039051,-0.22215925,-1.0,-0.5027479,-1.0,-0.08308375,-0.69860065,-0.7219608,0.33779955,0.16312101,0.28813392,-0.16504727,-1.0,-1.0,-0.877365,-0.0013114888,-1.0,0.38783383,-0.23715934,-1.0,-1.0,-0.45237675,-0.15502317,-0.027049694,0.24155319,-0.2387513,-1.0,-0.4201101,-1.0,-0.09677707,-1.0,-0.5919782,-0.6523492,-0.18129233,0.5224195,-0.5950998
3aHSDH%NBI02399_1_3-oxoacyl-ACP_reductase_FabG__Lachnospiraceae_bacterium_,-0.17335588,0.008013742,-0.10796277,-0.11491841,-0.3839149,-0.2529733,-0.36173686,-0.106740564,-0.09647263,-0.17748052,-0.22361091,0.09645911,0.21783234,0.7504885,-0.46916768,-0.31223097,-0.30233026,-0.13171263,-0.7049963,-0.31776774,-0.30002078,-0.5445478,-0.7038258,-0.5420267,0.49064973,-0.11512482,0.025227165,0.32037392,-0.59026945,-0.56142247,-0.61403817,-0.17377846,-0.6153601,-0.0061550327,-0.20271362,-0.33553907,0.07846854,-0.121288076
3aHSDH%WP_008977467_1_SDR_family_NAD(P)-dependent_oxidoreductase__Faecalimonas_umbilicata_,0.121642694,-0.7567572,1.0,0.09323842,1.0,0.7217359,1.0,-0.06337285,0.9019379,0.85951275,-0.69071096,-0.543825,-0.46507344,0.4409444,1.0,1.0,1.0,0.04110553,1.0,-0.78721887,-0.104105614,1.0,1.0,-0.05186742,0.40644893,-0.16948855,-0.17375998,0.6930456,1.0,0.30748028,1.0,-0.40557483,1.0,0.8626724,1.0,0.3643366,-0.62009597,0.9826587
3aHSDH%WP_020436139_1_MULTISPECIES__SDR_family_NAD(P)-dependent_oxidoreductase__Mediterraneibacter_,-0.111425646,-0.57426894,0.6202259,0.057436027,0.6638801,0.031319007,0.5388489,-0.23607732,0.72971606,0.60272306,-0.34014043,-0.36827382,-0.24105102,-0.11861854,0.7702077,0.51790875,0.46266925,-0.35797825,0.6767061,-0.506349,-0.07572859,0.81090677,0.724724,-0.0025398266,0.2714227,-0.27701682,-0.43882132,0.11979776,0.67370456,0.15995224,0.7045067,-0.25263548,0.858578,0.36313716,0.67421585,-0.12959777,-0.6811335,0.20779476
3aHSDH%WP_021919520_1_SDR_family_oxidoreductase__Evtepia_gabavorous_,0.88581157,1.0,-1.0,0.45804173,-1.0,-0.50457835,-0.94002914,0.35450408,-1.0,-1.0,0.45496354,0.5212867,0.8419323,-0.6175236,-0.9363898,-1.0,-0.9592436,0.46966317,-1.0,0.83173305,0.4383077,-0.9952427,-0.8707262,0.20897804,-0.8322862,-0.13360938,-0.054799285,-0.72759,-1.0,-0.21509174,-1.0,0.39650458,-1.0,-0.20933089,-0.83470947,0.67401236,1.0,-0.72819567
3aHSDH%WP_037602854_1_3-oxoacyl-ACP_reductase__Streptococcus_sp__oral_taxon_056_,-1.0,-0.6268539,0.16172516,-0.29213402,0.052149884,0.28412354,-0.1054911,-0.22664224,0.69007444,0.71648234,-0.5366863,-0.17801689,-0.13213435,0.68777806,0.07880784,0.14108515,0.23486125,-0.6203532,0.17639297,-0.60900277,-0.42163944,-0.018802302,-9.379747e-05,-0.29154935,1.0,0.053394575,0.36539665,0.6790345,-0.031403273,-0.22451077,0.11738527,-0.046854652,0.12194129,-0.6890389,-0.09658113,-1.0,-0.73024696,-0.061923318
3aHSDH%WP_044950032_1_SDR_family_NAD(P)-dependent_oxidoreductase__Mediterraneibacter_gnavus_,0.044546902,-0.810798,1.0,0.21141432,1.0,0.73788565,1.0,0.38390046,1.0,1.0,0.0268887,0.055385984,-0.38829613,1.0,0.99141026,1.0,1.0,0.4222954,0.989087,-0.488657,0.07614686,1.0,0.86884224,0.35289213,0.7289938,0.27633533,0.07885512,1.0,1.0,0.65599936,0.8265852,-0.19394809,1.0,1.0,1.0,0.32835916,-0.7964269,1.0
3aHSDH%WP_087213392_1_MULTISPECIES__SDR_family_NAD(P)-dependent_oxidoreductase__Sellimonas_,-0.316485,-0.8492939,0.9568569,-0.12935646,1.0,0.36735374,0.94371706,-0.4747942,0.8600509,0.8489065,-0.9696666,-0.897501,-0.6546052,0.23967493,1.0,0.9492468,0.99231255,-0.47476342,1.0,-1.0,-0.349461,1.0,1.0,-0.21564762,0.33312973,-0.43162182,-0.38769418,0.53482366,1.0,0.124236465,1.0,-0.45683837,1.0,0.48452774,0.8597283,-0.27695176,-0.837107,0.6498623
3aHSDH%WP_104968339_1_3-oxoacyl-ACP_reductase__Streptococcus_pluranimalium_,-1.0,-0.7339531,0.10573133,-0.63995963,0.23719387,-0.011549537,0.34129205,-0.51480526,0.4927269,0.32030597,-0.98685914,-0.7606362,-0.55997807,0.46438602,0.3376092,0.29026356,0.23985371,-0.7502954,0.23492405,-0.9622539,-1.0,0.14720881,0.141392,-0.934051,0.8983554,-0.3760506,-0.17659721,0.511479,0.19314711,-0.7033485,0.53809,-0.1649691,0.19662097,-0.5584025,-0.60849315,-1.0,-0.6181077,-0.4760547
3aHSDH%WP_117562420_1_SDR_family_NAD(P)-dependent_oxidoreductase__Enterocloster_aldenensis_,0.3779499,0.21855633,-0.09068171,0.12646571,0.09804549,0.14419356,0.07089863,0.0027227616,-0.1838498,-0.1127207,0.046808425,-0.007951859,-0.018528197,-0.3698901,0.13448596,0.13123399,0.17463969,0.07322982,0.13919336,0.15583515,0.33282155,0.054911893,0.11452032,0.15609401,-0.35291442,-0.0101084355,0.043491486,-0.19068448,0.13833246,0.2701315,-0.109358974,0.081536785,-0.04851404,-0.30250058,0.09784864,0.26318744,0.14436683,0.051529456
3aHSDH%WP_191282235_1_SDR_family_oxidoreductase__Pseudolysinimonas_yzui_,-1.0,-0.6219055,0.06617703,0.027271949,0.049453437,0.60709697,0.13281865,-0.08544186,0.6126675,0.5761971,-0.9579033,-0.32543102,0.07483825,0.7708195,0.284582,0.2110048,0.28568706,-0.60150003,0.38864025,-0.91859776,-0.43041316,0.2928074,0.101234056,-0.2655599,1.0,0.026827438,0.12181775,0.5731097,-0.09537326,-0.42933616,0.4631736,0.37150723,0.32749817,-0.7302864,-0.47547168,-1.0,-0.5925677,-0.44573036
3aHSDH%WP_231385278_1_SDR_family_NAD(P)-dependent_oxidoreductase__Candidatus_Stoquefichus_massiliensis_,-0.06988485,-0.47015747,0.56427205,-0.1870426,0.4364482,0.21245871,0.3331878,-0.18940736,0.5678018,0.40206265,-0.11581115,0.08216674,-0.11193046,0.31212094,0.5446618,0.4222899,0.50085735,-0.16944331,0.38500768,-0.22168794,-0.26827803,0.34748667,0.44535327,-0.15534152,0.4127532,0.1249108,0.1948843,0.47802025,0.4227798,0.17314343,0.24371643,-0.3094012,0.39570552,-0.088886224,0.6504011,0.07090141,-0.46471423,0.27210018
3aHSDH%WP_270208025_1_SDR_family_oxidoreductase__Eggerthella_lenta_,-0.11944547,0.13264993,-0.22742322,-0.05000581,-0.42302346,-0.20546001,-0.39379162,-0.010470465,-0.2625292,-0.135637,0.17537677,0.42877012,0.21081835,0.24584265,-0.40773553,-0.22330435,-0.26409826,-0.1819847,-0.66671056,0.13399243,-0.08132842,-0.7468818,-0.7837726,-0.3318973,0.28232387,0.5904909,0.47806925,0.2823058,-0.3885399,-0.28850016,-0.71893126,-0.031268317,-0.4766042,-0.6194129,-0.21780837,-0.12576716,0.06755305,-0.083505675
3aHSDH%WP_289544896_1_SDR_family_NAD(P)-dependent_oxidoreductase__Enorma_phocaeensis_,-0.085762754,-0.26680824,0.61198145,0.3102594,0.25237733,0.23216176,0.337225,0.317601,0.5815737,0.6365236,0.25722766,0.40591326,0.110533714,0.6044817,0.18444182,0.4087614,0.5081995,0.2511567,0.20573376,0.065859735,0.36345404,0.167674,0.23401871,0.5217086,0.27572078,0.3377789,0.20298132,0.45060092,0.3265822,0.6617723,0.18857569,0.090314455,0.3178836,0.22536923,0.5336975,0.21797366,-0.21657805,0.5353177
3aHSDH%WP_427737837_1_SDR_family_NAD(P)-dependent_oxidoreductase__Bariatricus_sp__SGI_154_,-0.19554807,-0.53593993,0.7263035,0.19650042,0.72032356,0.2930782,0.8261086,-0.017906837,0.74480087,0.69247514,-0.32108718,-0.42211428,-0.57552737,0.05742037,0.7945546,0.6229085,0.78250307,-0.12736244,0.9595169,-0.44900724,-0.11942437,0.9968798,0.92831326,0.089449264,0.15429057,-0.122437194,-0.24031878,0.5621395,0.97301584,0.49036258,0.827126,-0.23996605,0.84761155,0.50488,0.6257117,-0.106480636,-0.45099804,0.5386729
3bHSDH%GENOME124823_1686,-0.04996183,-0.6782009,1.0,0.5208636,1.0,1.0,1.0,0.6010287,1.0,0.90288246,-0.22888474,-0.111062236,-0.21773256,0.93418556,0.97898984,1.0,1.0,0.53397024,1.0,-0.52041525,0.50954515,1.0,0.8314204,0.5777605,0.81808746,0.40628055,0.28350332,0.8966954,0.9398079,0.8140063,0.9646645,0.23774628,0.98463035,0.9407775,1.0,0.36899853,-0.54650646,1.0
3bHSDH%MBS6646402_1_glucose_1-dehydrogenase__Clostridiaceae_bacterium_,-0.278356,-0.062518075,-0.32673615,-0.6153076,-0.335305,-0.5687789,-0.38249594,-0.570535,-0.39612412,-0.48124975,-0.045046058,-0.042317636,-0.025941039,-0.015205647,-0.34161133,-0.3691338,-0.39273912,-0.64617866,-0.5463629,-0.101387456,-0.5589389,-0.5611149,-0.3664286,-0.72238433,-0.13525622,-0.0222762,0.056018323,-0.105218105,-0.38215593,-0.6620766,-0.6602657,-0.43045902,-0.5055437,-0.6329413,-0.28477916,-0.37669578,-0.09238026,-0.3291825
3bHSDH%MBS6779006_1_aldo_keto_reductase__Eggerthella_sp__,-0.47357646,-0.1665917,-0.11598445,-0.3092056,-0.12515822,-0.31412348,-0.1302497,-0.49639106,0.15908527,0.21906741,-0.3773352,-0.14023368,-0.017874436,0.044598855,0.023971133,-0.0915172,-0.24479927,-0.6583204,-0.1601294,-0.33345884,-0.51699847,-0.11769744,-0.1248916,-0.6068321,0.2855551,-0.23267423,-0.20993818,-0.14183052,-0.075548574,-0.43766817,0.050476067,-0.4252173,0.026956141,-0.4904505,-0.23008822,-0.76383865,-0.33821008,-0.44892362
3bHSDH%WP_100933575_1_SDR_family_NAD(P)-dependent_oxidoreductase___Clostridium__innocuum_,0.23186402,-0.67881435,1.0,0.17863837,1.0,0.537744,1.0,0.05635967,0.8607966,0.6743242,-0.3153744,-0.31548315,-0.28647432,0.6425939,1.0,1.0,1.0,0.12845625,0.9810183,-0.59707856,0.035552125,0.948818,0.8746264,0.009912945,0.40272433,0.094665915,-0.01713218,0.9517118,1.0,0.50427437,0.8687331,-0.2841208,0.9026762,1.0,1.0,0.50368637,-0.5063376,1.0
3bHSDH%WP_186937525_1_glucose_1-dehydrogenase__Eggerthella_hominis_,-0.11049781,0.41043457,-0.7211631,0.136201,-0.7306017,-0.21314497,-0.60959274,0.01320256,-0.7541928,-0.583936,0.15370892,0.1836251,0.16359675,-0.062067926,-0.69670665,-0.5032132,-0.55309546,-0.1293717,-0.8120616,0.2007294,0.03224059,-1.0,-0.9756564,-0.21007988,-0.23960055,0.52357817,0.29327017,-0.27519238,-0.62031996,-0.22435343,-0.8389188,0.18522488,-0.68694013,-1.0,-0.5975365,-0.3237228,0.30724892,-0.35277927
5AR%GENOME012336_2253,0.196598,0.34321335,-0.41918713,-0.41331112,-0.3082887,-0.5235088,-0.37282985,-0.25948003,-0.58819175,-0.8889035,0.048561107,0.08849859,-0.017004594,-0.18328768,-0.32947108,-0.4066204,-0.4787787,-0.22336015,-0.5420297,0.15976402,-0.4104655,-0.47426188,-0.37115678,-0.4585618,-0.3387661,-0.21469124,-0.2098316,-0.38041592,-0.44827875,-0.6638471,-0.5565521,0.049312517,-0.52143896,-0.31063697,-0.4599117,-0.042765863,0.31633064,-0.37957713
5AR%GENOME021742_2120,-0.13037997,0.010624452,-0.25569996,-0.42694023,-0.1590743,-0.35310626,-0.30638525,-0.39222082,-0.15320972,-0.17791614,-0.20212433,-0.22537804,-0.195722,-0.12539214,-0.13922772,-0.30763727,-0.25153688,-0.29606086,-0.23783177,-0.11640032,-0.2987011,-0.16439328,-0.15943633,-0.41430166,0.0036368272,-0.48518044,-0.32042125,-0.053290445,-0.2539796,-0.48659927,-0.23398787,-0.2052355,-0.2894766,-0.06433851,-0.37006864,-0.2861154,-0.015268197,-0.4097248
5AR%GENOME078645_81,0.13256149,0.11431211,-0.01257411,-0.08769161,0.03003053,-0.19278033,0.02308346,0.07835721,-0.06083178,-0.09647722,0.08535693,-0.12313557,-0.25918287,-0.16813971,-0.04250838,-0.06306778,-0.07449591,0.14326514,0.040249445,0.14380948,0.005282973,0.062498678,0.06616264,0.060046006,-0.28847823,-0.33691585,-0.42377192,-0.1636972,0.041243885,-0.03888012,-0.04281167,0.002341237,-0.077067964,0.11788241,-0.022544602,0.04561167,0.122704506,-0.011945507
5AR%GENOME084343_2181,0.31322742,0.26122612,0.18262282,0.37821278,-0.17398009,0.11512084,-0.12823468,0.28594968,0.11841005,0.2461599,0.238828,0.3963984,0.5355863,0.16137812,-0.16840652,-0.0932787,-0.00803726,0.23659502,-0.017853266,0.23947625,0.27376276,-0.010472235,-0.014739252,0.25691712,0.08803737,0.14534208,0.12439672,0.19045797,-0.163745,0.2023294,-0.03739852,0.2025756,-0.011981487,0.46988845,0.18071502,0.36938602,0.30164823,0.29990953
5AR%GENOME086572_2986,-0.14759235,-0.06724123,-0.25157958,-0.11402744,-0.29042566,-0.0603099,-0.41342774,-0.09626556,-0.015250337,-0.008495381,0.018330334,-0.0040659895,-0.03330421,-0.1776677,-0.14076363,-0.31873852,-0.21696518,-0.23842113,-0.1330985,0.08016958,-0.09054662,-0.22155179,-0.09049725,0.0027193553,0.05929739,-0.056244656,0.1153208,-0.103518374,-0.2777741,-0.103208974,-0.26728868,-0.06868101,-0.23745577,-0.57368594,-0.085290074,-0.18283787,-0.13696401,-0.29485977
5AR%GENOME140582_2251,-1.0,-0.7074065,0.007798444,-1.0,0.046742126,-0.40697578,-0.20686802,-0.8503378,0.44341874,0.310481,-0.58755213,-0.8428409,-0.8874936,0.019941857,0.031146212,-0.07537382,-0.15253705,-1.0,0.045457054,-0.7581496,-1.0,-0.06785986,-0.1514455,-0.9639806,0.4218908,-0.5189509,-0.47369847,-0.10040273,-0.04141476,-0.82831025,-0.066255644,-0.7570304,0.061119568,-0.95680356,0.06865248,-1.0,-1.0,-0.28106856
5AR%GENOME142018_414,-0.034632508,0.2513275,-0.27976125,0.12707204,-0.36197108,-0.07638912,-0.13827142,0.20817564,-0.314568,-0.16223782,0.2720994,0.37353224,0.14969371,0.03289565,-0.28236294,-0.22302973,-0.3539648,0.25627008,-0.34681973,0.24819359,0.015161922,-0.3037186,-0.378093,0.13936897,-0.092201136,0.29121727,-0.07559699,-0.23402222,-0.29959887,-0.118713945,-0.119863816,0.31509322,-0.116386674,-0.21001682,-0.31269965,0.019870795,0.28232467,-0.27396166
5AR%GENOME170052_106,0.12048741,0.21453683,-0.29051888,-0.46043193,-0.2768725,-0.52377576,-0.44035962,-0.26726392,-0.29748282,-0.37135676,-0.1443227,-0.19885956,-0.1767,-0.273744,-0.2599421,-0.4361288,-0.46209568,-0.28389943,-0.37712523,-0.008753346,-0.45377412,-0.38270283,-0.34609452,-0.52552736,-0.10112526,-0.59422964,-0.6116043,-0.26239258,-0.43188503,-0.79392254,-0.36211216,-0.09431309,-0.40084764,-0.121214546,-0.4351321,-0.15522614,0.14139669,-0.44749507
5AR%GENOME179594_130,-0.16435553,0.20060164,-0.8439861,-0.9627765,-0.655289,-0.56168556,-0.94900495,-0.7710286,-0.41493127,-0.5308471,-0.02056176,-0.3225541,-0.54828376,-0.6891683,-0.5490629,-0.8683453,-0.7332512,-0.5484986,-0.60695696,0.043042265,-0.93701917,-0.69529676,-0.6956182,-0.7501462,-0.11715417,-0.557902,-0.3722791,-0.25746107,-0.7928058,-0.96058244,-0.8865975,-0.40191746,-0.88875663,-0.78586596,-0.67035615,-0.61967045,-0.009600878,-0.86876845
5AR%GENOME179896_434,-0.09183262,-0.18210925,0.19082925,-0.16124675,0.43922693,-0.06362239,0.32363656,-0.31947556,0.052166972,-0.07284158,-0.39161593,-0.74666995,-0.28916296,-0.30208895,0.3520845,0.24717273,0.22076564,-0.3845818,0.45850027,-0.36327243,-0.17166334,0.3904489,0.45037678,-0.16323839,-0.30945912,-0.4796399,-0.48792258,-0.26533735,0.39188403,0.021440288,0.495412,-0.07471334,0.37606072,0.35219938,0.08443885,-0.21540381,-0.21682417,0.19405119
5AR%HIU55603_1_DUF1295_domain-containing_protein__Candidatus_Gallibacteroides_avistercoris_,0.18867406,0.080629885,0.07601521,0.62065524,0.0764135,0.34555987,0.17728217,0.59403425,0.094463296,0.31561756,-0.08146981,0.06515457,0.36478326,-0.048485663,0.19526508,0.21494791,0.23594499,0.43030092,0.2078219,0.050025634,0.78807205,0.21579427,0.0679276,0.5186934,0.12377475,-0.014044895,-0.07114749,0.043964446,0.061016407,0.3197759,0.16641118,0.5365898,0.13655451,0.11762961,0.016735746,0.2868184,0.15293643,0.075541414
5AR%MBD5276024_1_DUF1295_domain-containing_protein__Bacteroides_sp__,-0.1612331,-0.11097236,0.048832938,-0.31345147,-0.04182045,-0.23730767,-0.14638333,-0.28016663,0.22402073,0.17435107,-0.21545595,-0.15914777,0.06465943,0.029851131,-0.009705629,-0.051017586,-0.01680421,-0.36595795,-0.061576366,-0.20704983,-0.34137282,-0.09089838,-0.16798024,-0.3368293,0.2930119,-0.27461532,-0.16591403,0.07706071,-0.15927455,-0.36142123,-0.20408966,-0.14690268,-0.1330467,-0.24026933,0.11532634,-0.34033072,-0.2269036,-0.14752343
5AR%MBP3601379_1_DUF1295_domain-containing_protein__Alistipes_sp__,0.095914185,0.16458166,-0.17678705,-0.27598065,-0.29829782,-0.27474722,-0.45128632,-0.17624956,-0.11404169,-0.20202881,0.006635406,0.08177104,0.034316957,-0.059247542,-0.24829635,-0.41143844,-0.3677883,-0.2770507,-0.3041636,0.08965824,-0.30619207,-0.33507428,-0.25054502,-0.32251474,0.055237908,-0.26180324,-0.18473458,-0.1352842,-0.40099278,-0.4435186,-0.35828424,-0.082452364,-0.31388274,-0.22319102,-0.18158728,-0.104461275,0.048866946,-0.26646256
5AR%MBQ1253485_1_DUF1295_domain-containing_protein__Alistipes_sp__,-0.3245579,-0.3750581,0.3065153,-0.5983184,0.13449086,-0.09026787,-0.117912784,-0.4560481,0.5143203,0.5106314,-0.33195373,-0.16847049,-0.27136785,0.083026946,0.16228487,0.08007235,0.20778279,-0.422474,0.16371648,-0.41837627,-0.62037885,0.11953027,-0.036418855,-0.43037245,0.629097,-0.25811294,-0.15753038,0.5155714,-0.014505644,-0.59051716,-0.0047842087,-0.2591355,0.0515526,-0.029483939,0.17083317,-0.41209224,-0.48472732,-0.020264408
5AR%MBR4740186_1_DUF1295_domain-containing_protein__Bacteroidales_bacterium_,0.009562433,-0.20639761,0.44111434,0.35766965,0.6031306,0.2545539,0.63069403,0.120993145,0.3950311,0.39470172,-0.1078974,-0.18477061,0.059613466,0.081931345,0.49016804,0.5698927,0.4718384,0.016335782,0.57869494,-0.22466104,0.29848942,0.4900955,0.5563602,0.33064157,-0.12264332,-0.087888196,-0.31108582,-0.060932472,0.63026005,0.5604832,0.6295957,0.2617343,0.68385637,0.2883085,0.45092267,-0.054641854,-0.30837557,0.46006525
5AR%MCD7962281_1_DUF1295_domain-containing_protein__Rikenellaceae_bacterium_,-0.6529837,-0.18551485,-0.5017046,-0.92376864,-0.707812,-1.0,-0.781542,-0.71587706,-0.4654489,-0.41016462,0.078497246,0.04303945,-0.21252888,0.15588893,-0.7462774,-0.78233397,-0.6216987,-0.72239506,-1.0,0.1428715,-0.91659826,-1.0,-0.6148599,-0.7408771,-0.07560619,-0.27338883,0.22959012,0.22351226,-0.65560985,-0.79390204,-0.901185,-0.74454314,-1.0,-0.48492303,-0.7742097,-0.42232051,0.090608574,-0.629249
5AR%MCH5217706_1_DUF1295_domain-containing_protein__Muribaculaceae_bacterium_,-0.06125321,-0.18421783,0.27969673,0.033211723,0.16080724,0.1893547,0.15500915,0.1715056,0.35964566,0.2540378,0.14720742,-0.08537487,-0.35153136,0.031176183,0.1615024,0.16665673,0.14247896,0.22448525,0.20053847,-0.013836063,0.052855365,0.31048107,0.18707839,0.20638447,0.016556397,-0.15336138,-0.38686642,-0.061763786,0.15818033,0.18704554,0.24532743,0.026564363,0.24517159,0.17867136,0.31930083,0.004066249,-0.17463101,0.2070812
5AR%MCQ2341803_1_DUF1295_domain-containing_protein__Paludibacteraceae_bacterium_,-0.38992262,-0.0090873055,-0.5569095,-0.77217686,-0.38710427,-0.5074992,-0.7667452,-0.94234824,-0.14908104,-0.16470517,-0.45006397,-0.4614245,-0.4092949,-0.42905894,-0.21469109,-0.6567979,-0.50943184,-0.9067628,-0.35839677,-0.36776486,-1.0,-0.38157156,-0.3696367,-0.9307052,0.25853774,-0.65580344,-0.4362455,-0.10848209,-0.4854247,-1.0,-0.28590837,-0.5469455,-0.36951065,-0.39570957,-0.7533855,-0.83627087,-0.22865564,-0.86933696
5AR%MCR5660240_1_DUF1295_domain-containing_protein__Bacteroidales_bacterium_,0.30946562,0.62122864,-0.54880536,0.4356073,-0.6306459,-0.012772757,-0.4757993,0.4242674,-0.66042966,-0.38409847,0.35922655,0.48122516,0.5236509,-0.1442255,-0.5493936,-0.52474636,-0.51161057,0.38342062,-0.4842522,0.532757,0.4546789,-0.51447576,-0.45498836,0.45013943,-0.2859358,0.2693635,0.15923537,-0.32302144,-0.59561193,0.027127746,-0.3545456,0.59527653,-0.43900225,-0.048462603,-0.6172712,0.40080547,0.73362374,-0.35502827
5AR%WP_005657188_1_DUF1295_domain-containing_protein__Bacteroides_stercoris_,0.11518494,0.14633557,0.0150417695,0.426823,0.054677203,0.18588322,0.18233263,0.5440005,0.021313457,0.22882298,0.06166709,0.10163708,0.15888275,0.016154611,0.075275965,0.1654622,0.13874134,0.39300516,0.091906905,0.09794294,0.54061234,0.084193535,-0.07909372,0.39052203,0.009037414,0.04152494,-0.16112109,-0.060935583,0.04820571,0.19114755,0.009512891,0.46659654,0.07675265,-0.06967004,0.014901104,0.068772316,0.09537627,0.13695402
5AR%WP_099292233_1_MULTISPECIES__DUF1295_domain-containing_protein__Butyricimonas_,-0.002332418,0.23752497,-0.253692,0.12917443,-0.18064016,-0.041589115,-0.18868804,0.10118904,-0.16325279,-0.04342035,-0.23809952,-0.20665237,0.13964821,-0.02685143,-0.2192415,-0.22618634,-0.108699486,-0.087770835,0.008256788,0.01961529,0.2621437,-0.21182624,-0.019174652,0.16519631,-0.13579156,-0.38803905,-0.14565676,-0.080470785,-0.19277805,0.061765768,-0.10453999,0.38584518,-0.22890599,-0.10832468,-0.46002528,-0.18158637,0.224936,-0.15303835
5AR%WP_302729833_1_DUF1295_domain-containing_protein__Bacteroides_sp__ET489_,-0.016552089,0.08160666,0.22404225,-0.14493248,-0.13279636,-0.020315453,-0.07406049,0.10491552,0.26599368,0.36133876,0.45892087,0.7195867,0.26214102,0.4754232,-0.15160224,-0.0673262,-0.08599569,0.13885017,-0.22155795,0.28783152,-0.26607737,-0.20722213,-0.24635254,0.011433171,0.42464095,0.40621156,0.17429881,0.31871915,-0.16116743,-0.07627872,-0.16594613,0.039084893,-0.0042911866,0.08284142,0.16573447,0.083344914,0.01746071,0.10466145
5AR%WP_303226315_1_DUF1295_domain-containing_protein__Alistipes_indistinctus_,-0.7544016,-0.54758215,0.054157134,0.0069928514,0.24697627,0.3460179,0.29697332,-0.118762404,0.32217774,0.30140987,-0.43736315,-0.27916026,-0.45429233,0.098720565,0.39056066,0.25147685,0.16332632,-0.2463371,0.41695845,-0.56254363,-0.22819193,0.4908126,0.47022778,0.062818594,0.28488764,-0.034534644,-0.13347349,0.10035592,0.26168546,-0.15765738,0.5782579,0.017508736,0.47432017,-0.19787794,-0.12572889,-0.6658649,-0.50083643,-0.13000168
5AR%WP_418203978_1_DUF1295_domain-containing_protein__Bacteroides_sp__,-0.7405123,-1.0,0.8944369,-0.6732285,0.80421007,0.11615202,0.59708834,-0.72162724,0.9233759,0.81342286,-0.7646293,-0.8100759,-0.7980459,0.20562547,0.7936538,0.7302342,0.68590677,-0.85964566,0.9418236,-0.95227164,-0.7211782,0.9129934,0.8810465,-0.5568772,0.5640754,-0.20944941,-0.11553946,0.47093603,0.8459439,-0.18286017,0.9905555,-0.76677537,1.0,0.19727065,0.79470646,-0.5803848,-1.0,0.47038573
5BR%CAK7070565_1_MAG__NADPH_dehydrogenase__Parabacteroides_sp__,0.61932164,0.5507362,-0.16553488,0.22819507,-0.24159184,-0.12612553,-0.29697654,0.2597505,-0.407458,-0.41441125,0.18246618,0.14023224,0.2672642,-0.36919227,-0.20402321,-0.3421401,-0.32304153,0.21439704,-0.23266615,0.38801524,0.23349008,-0.27486208,-0.19120033,0.12413345,-0.35552576,-0.31451172,-0.45284536,-0.3301432,-0.3587489,-0.14090964,-0.20312424,0.42885056,-0.3084315,0.4342126,-0.366678,0.50984716,0.5939495,-0.16247746
5BR%GENOME006024_4796,-0.31342706,-0.25333953,-0.029617237,-0.43374583,0.034719113,-0.07568627,-0.035190195,-0.4289704,-0.09460341,-0.07410928,-0.47173122,-0.5595965,-0.5767156,-0.20309488,0.036570307,-0.030202491,-0.13374531,-0.4331862,0.15702954,-0.46238914,-0.5405164,0.14002289,0.13092405,-0.33469555,-0.120221786,-0.36934695,-0.4968186,-0.26632515,-0.035216104,-0.6299284,0.28147262,-0.22483855,0.12829006,-0.073053,-0.09489134,-0.3704474,-0.23426057,-0.10370533
5BR%HIX74022_1_NADH_flavin_oxidoreductase__Candidatus_Parabacteroides_intestinipullorum_,-0.2996547,-0.4581328,0.26792425,-0.40712714,0.24275215,0.03444118,0.06402835,-0.34670818,0.28505903,0.3552754,-0.35294944,-0.39525023,-0.48453325,-0.08622401,0.30534577,0.24366923,0.24087444,-0.5089346,0.35169262,-0.37789157,-0.245375,0.25303495,0.28163794,-0.28249,0.25911033,0.0059804996,0.09876289,0.12045628,0.2674494,-0.19477598,0.28804055,-0.42622805,0.35352752,-0.20560758,0.31963328,-0.1514425,-0.5308077,0.08496514
5BR%MBE6202772_1_NADH_flavin_oxidoreductase__Rikenellaceae_bacterium_,-0.46674767,-0.42394376,0.36325368,-0.62514836,0.42359388,-0.13148627,0.16964419,-0.57335234,0.48093027,0.19634509,-0.31737855,-0.32102513,-0.36544126,0.14103726,0.37197933,0.19476183,0.31625715,-0.6525196,0.33608335,-0.39155433,-0.6939467,0.30122292,0.37326476,-0.5593195,0.36977732,-0.333497,-0.16867599,0.39135218,0.32826418,-0.28218153,0.23970127,-0.32625994,0.28933018,0.13080175,0.060715765,-0.5331238,-0.51650244,0.07658403
5BR%MBO7234306_1_NADH_flavin_oxidoreductase__Paludibacteraceae_bacterium_,0.1714737,0.25041008,-0.27613074,-0.5205087,-0.26563856,-0.5408373,-0.40425295,-0.28330335,-0.46248564,-0.5598647,0.03606872,-0.002679855,-0.14743295,-0.16753204,-0.3475222,-0.4053132,-0.44093686,-0.23674822,-0.501771,0.14757198,-0.4114146,-0.4827764,-0.384324,-0.45605117,-0.26896852,-0.35409337,-0.36388844,-0.26152846,-0.4210266,-0.73803097,-0.55230606,-0.15941091,-0.543872,-0.13339077,-0.35541305,0.006208874,0.23656926,-0.2945012
5BR%MBO8446450_1_NADH_flavin_oxidoreductase__Candidatus_Enterocola_intestinipullorum_,-0.09003337,0.2782704,-0.40719593,-0.12041694,-0.29933918,-0.23382229,-0.32697773,-0.044897664,-0.335618,-0.41981015,0.049644258,-0.01411356,0.093140975,-0.18543333,-0.35011038,-0.40921405,-0.41446596,-0.11879354,-0.22646688,0.1753272,-0.1189032,-0.23322226,-0.23125806,0.037789512,-0.29198694,-0.297954,-0.34196475,-0.42399436,-0.39034927,-0.28787217,-0.3115063,0.3303296,-0.35198286,-0.2871775,-0.46171832,-0.2956697,0.20783031,-0.38920328
5BR%MBQ8101082_1_NADH_flavin_oxidoreductase__Paludibacteraceae_bacterium_,0.5559036,0.3227326,0.08667945,0.46843725,0.021752544,0.19906224,0.018212026,0.5462649,0.09406315,0.13058122,0.44275117,0.41661316,0.37475026,-0.14277902,0.08304148,0.014557925,0.1127146,0.5793901,0.036907952,0.46377084,0.54686,0.013053009,0.10863184,0.46716723,-0.115171455,-0.07383209,-0.15595903,-0.046043824,0.0076942444,0.49744144,0.07186776,0.4396821,0.04697275,0.42516154,0.007536332,0.62226653,0.3288963,0.04865888
5BR%MCA9548846_1_NADH_flavin_oxidoreductase__Myxococcales_bacterium_,0.4303864,0.38172987,-0.24622695,0.03995384,-0.36973774,-0.46460295,-0.40237832,0.11255953,-0.26936534,-0.0624067,0.2842348,0.34558016,0.3922015,-0.14406686,-0.33687776,-0.34670344,-0.4001282,0.068405226,-0.55829805,0.37530944,0.14023939,-0.5108091,-0.4801927,-0.1358724,-0.15108447,-0.09094618,-0.113806576,-0.26272473,-0.4271851,-0.30771592,-0.5941503,-0.1660394,-0.45699638,-0.14724103,-0.048250828,0.27087712,0.25761205,-0.17465451
5BR%MCD8287651_1_NADH_flavin_oxidoreductase__Porphyromonadaceae_bacterium_,-0.058105323,0.23379858,-0.25217175,-0.10639678,-0.14667465,-0.35853598,-0.22964133,-0.30174512,-0.16735223,-0.0110103125,-0.1900435,-0.009916613,0.23226564,-0.25088704,-0.064620405,-0.17341156,-0.13060376,-0.3944195,-0.18074125,-0.030955113,-0.14418544,-0.1736943,-0.31223792,-0.36213994,0.05296842,-0.22823617,-0.19265965,-0.08887199,-0.15649894,-0.40938056,-0.30067182,-0.08132216,-0.20836873,-0.3244406,-0.3677382,-0.37987506,0.03346445,-0.37129688
5BR%MCF0197806_1_NADH_flavin_oxidoreductase__Bacteroidaceae_bacterium_,-0.65379,-0.35272795,0.022520643,-0.4060801,0.18214004,-0.06893212,0.20359671,-0.46381038,0.34980875,0.26124167,-0.39792508,-0.43969926,-0.5186423,-0.024945766,0.25739896,0.109057836,0.045165576,-0.59985936,0.35948667,-0.55394244,-0.74104285,0.38165322,0.35171974,-0.42646348,0.13179001,-0.30392218,-0.38735768,-0.17448385,0.21583208,-0.3669117,0.39068013,-0.36584944,0.40407994,-0.38259864,0.036688007,-0.88785267,-0.5641367,-0.17903675
5BR%MCH5231198_1_NADH_flavin_oxidoreductase__Muribaculaceae_bacterium_,-0.19911562,-0.28842005,0.438602,0.35271198,0.076788366,0.31310585,0.28156668,0.5485215,0.5021283,0.5213055,0.20258844,0.1693828,0.012938686,0.30354965,0.16636223,0.26151213,0.30574813,0.35707313,0.19849508,0.08306593,0.2708209,0.18558058,0.10157726,0.37489507,0.35262328,0.32494122,0.13455814,0.35930803,0.19190627,0.45255935,0.19238858,0.19898993,0.2517477,0.007705829,0.38978204,0.19086945,-0.13211499,0.3277318
5BR%MCQ2066925_1_NADH_flavin_oxidoreductase__Bacteroidaceae_bacterium_,0.10129555,0.09686562,0.20324652,0.51076293,-0.0029975534,0.2436868,0.12585092,0.4033165,0.12114892,0.2978729,0.042013634,0.31610584,0.4848348,0.27112442,0.003900525,0.15410335,0.19713764,0.28838935,0.092532486,0.08270035,0.38673842,0.040344585,0.030829126,0.34488413,0.18513858,0.30864555,0.2763079,0.34224,0.023688603,0.2641007,0.06921429,0.3349349,0.041767944,0.2514859,0.12662013,0.23748069,0.22720928,0.29665682
5BR%MCQ2271787_1_NADH_flavin_oxidoreductase__Bacteroidales_bacterium_,0.2876359,-0.0051063267,0.23975305,-0.16736895,0.26845762,-0.11850719,0.22371913,-0.11295967,-0.19000323,-0.16926911,-0.3005361,-0.41350538,-0.2253886,-0.23175678,0.23122905,0.14807919,0.06902144,-0.1134811,0.24356598,-0.19901402,-0.17520012,0.2705815,0.31073293,-0.23293482,-0.2941205,-0.3404075,-0.43429536,-0.20705695,0.20006232,-0.36907318,0.33119193,-0.13013764,0.233955,0.4995777,0.17149553,0.32454994,0.09456143,0.1826017
5BR%MCR4591939_1_NADH_flavin_oxidoreductase__Bacteroidaceae_bacterium_,-1.0,-1.0,0.4916352,-0.7405989,0.42632934,0.17859124,0.23711249,-0.61503357,0.84983337,0.7540722,-0.4300813,-0.57965755,-0.9769828,0.4707059,0.37968373,0.43569967,0.4949692,-0.6208876,0.35636586,-0.84318316,-0.7695846,0.3253664,0.28944692,-0.52701825,0.81548303,0.0053608348,0.07211591,0.85687107,0.43635973,-0.23080413,0.3628663,-0.6608238,0.39999178,-0.25268012,0.44544345,-0.86341,-1.0,0.3135049
5BR%MDD2293891_1_NADH_flavin_oxidoreductase__Bacteroidales_bacterium_,-0.8732176,-0.21582367,-0.1922089,-0.65865386,0.11376956,-0.51965725,0.06835271,-0.965131,-0.05393831,0.041483454,-1.0,-0.65077066,-0.20891422,0.27666488,-0.044920232,0.114652246,0.07375418,-1.0,-0.056230433,-0.9432133,-0.85194486,-0.11386152,-0.27122623,-0.9407685,0.37130073,-0.40359572,-0.12642328,0.28582934,0.06498054,-0.93787456,0.019607523,-0.35764903,-0.136128,-0.5227646,-0.61143875,-1.0,-0.3656471,-0.3878505
5BR%MDD5892138_1_NADH_flavin_oxidoreductase__Bacteroidales_bacterium_,-0.437646,0.011679325,-0.15783514,-0.559338,-0.42999503,-0.35007894,-0.43003863,-0.3154701,0.015882611,-0.006138485,0.34508348,0.41679356,0.053260524,0.19131325,-0.371797,-0.38751495,-0.35531813,-0.37473288,-0.4677472,0.18090099,-0.7149832,-0.5377109,-0.53582835,-0.40645513,0.35293683,0.372926,0.22759365,0.11559265,-0.4060399,-0.4300505,-0.47706336,-0.18655618,-0.2631456,-0.5005448,-0.20673312,-0.41662794,-0.13029762,-0.31555972
5BR%MDD5962634_1_NADH_flavin_oxidoreductase__bacterium_,0.26761776,-0.1430289,0.62438613,0.29862952,0.2550688,0.35872594,0.29643753,0.29685685,0.5790187,0.39417744,0.14225277,0.5903595,0.47256595,0.47067997,0.27997857,0.47820383,0.47573695,0.278525,0.2932369,-0.019814957,0.43446285,0.34395304,0.20587242,0.31137702,0.4529351,0.39161593,0.44432768,0.43722513,0.23075351,0.46493557,0.05791537,0.16816722,0.3250011,0.19614725,0.7384999,0.33626252,-0.22891004,0.56709033
5BR%MDD6582580_1_NADH_flavin_oxidoreductase__Bacteroidales_bacterium_,-0.65626925,-0.6624374,0.36279172,-0.4966274,0.15138295,0.07297084,0.03872483,-0.15571803,0.5892294,0.5495149,-0.19760774,0.011836758,-0.42556146,0.53667706,0.12585315,0.22505681,0.30024067,-0.25272807,0.10376484,-0.3581922,-0.3867862,0.040691394,0.095734626,-0.15406518,0.5910936,0.04219543,0.18588068,0.5655515,0.05443937,-0.32851696,-0.076929845,-0.3359211,0.033352695,-0.44623643,0.31381187,-0.46096706,-0.65661985,0.19135593
5BR%MEI7492181_1_NADH_flavin_oxidoreductase__Bacteroidota_bacterium_,-0.51310456,-0.36564842,0.21009882,-0.63166034,0.21252713,-0.016376678,0.062783785,-0.46156308,0.36704528,0.20807661,-0.33218715,-0.5066203,-0.68859476,0.041359138,0.19368632,0.0107780155,0.15455554,-0.46401432,0.2391327,-0.36779,-0.72379214,0.2059698,0.24937774,-0.48361146,0.3082215,-0.38142687,-0.23683143,0.32099605,0.20072103,-0.27031794,0.3357019,-0.34824663,0.1755429,0.30949706,-0.1699321,-0.4711736,-0.3234911,-0.03750192
5BR%MEZ3591839_1_NADH_flavin_oxidoreductase__Muribaculaceae_bacterium_,-0.4123986,-0.5443973,0.5760208,-0.29681358,0.41218957,0.19798723,0.30071858,-0.12881926,0.674304,0.4676593,-0.05979863,-0.09032202,-0.4349752,0.37302455,0.36917156,0.3836749,0.4385936,-0.08568954,0.365437,-0.27731353,-0.28625834,0.39303526,0.29318583,-0.1356842,0.49988037,-0.012196243,-0.091956414,0.5613744,0.36444625,0.039441124,0.28575143,-0.1480198,0.36117482,0.1607792,0.42699105,-0.26628822,-0.5195766,0.36420447
5BR%MFO0559492_1_NADH_flavin_oxidoreductase__Polyangiales_bacterium_,0.01448521,-0.035757948,-0.009140361,0.017759405,0.037101842,0.14468831,0.00063374167,0.090304,0.15556052,0.093339,-0.13780636,-0.08568086,-0.26672167,-0.29768115,0.14238533,-0.034457996,-0.033914536,-0.054453164,0.31862321,-0.12068871,-0.022950264,0.33547562,0.33173537,0.15896122,-0.11011096,-0.2645162,-0.2694787,-0.22116995,0.02969886,-0.15885729,0.20555538,0.086767405,0.18933843,-0.031724144,-0.011632355,-0.11508373,-0.14285725,-0.03342019
5BR%WP_279088787_1_NADH_flavin_oxidoreductase__Alistipes_putredinis_,0.058380786,0.034807038,-0.021893302,-0.17833906,-0.029846484,-0.21534449,-0.11036997,-0.015029854,-0.05173126,-0.1088063,-0.03429787,-0.09821202,-0.17416905,-0.06728043,-0.04110471,-0.16890746,-0.20525713,-0.016297288,-0.124546625,0.012185495,-0.1917321,-0.06817067,-0.042324424,-0.16663584,-0.05428597,-0.44147894,-0.5507679,-0.09477735,-0.15391777,-0.38200834,-0.0655034,0.019838436,-0.14412777,0.17657267,-0.1801882,-0.023422964,0.07746223,-0.17912732
5BR%WP_295936477_1_NADH_flavin_oxidoreductase__uncultured_Alistipes_sp__,0.37609294,0.43230003,-0.42936695,-0.3349641,-0.34113201,-0.56054395,-0.47714746,-0.2008235,-0.57775146,-0.6360173,0.011774012,-0.100337714,-0.073565185,-0.43956655,-0.35646826,-0.5430566,-0.58373326,-0.15489642,-0.5030475,0.21244115,-0.288526,-0.48011807,-0.40550816,-0.42234132,-0.41345933,-0.567698,-0.6086416,-0.42139232,-0.49206725,-0.7115736,-0.5187847,-0.036464855,-0.5934658,0.01612529,-0.52658784,0.08171438,0.41646388,-0.4666602
5BR%WP_297931268_1_NADH_flavin_oxidoreductase__uncultured_Alistipes_sp__,-0.27028367,-0.29800862,0.07379447,-0.13411069,0.17656933,-0.025934549,0.13148129,-0.2520697,0.21801889,0.21217921,-0.2670497,-0.32274684,-0.28016755,0.018037954,0.20808385,0.09025673,0.1083232,-0.20359308,0.22295237,-0.3193885,-0.090663224,0.3736829,0.3189572,-0.08355067,0.064540595,-0.29309794,-0.20085318,0.057789315,0.20687397,-0.016784392,0.32113507,-0.23942858,0.2787439,0.101980224,0.052085556,-0.24329533,-0.27834433,-0.07396533
5BR%WP_300285921_1_NADH_flavin_oxidoreductase__uncultured_Alistipes_sp__,-0.39259464,-0.77505225,0.8232462,-0.51428187,0.72479725,0.011343041,0.59818244,-0.41585916,0.7280779,0.6991684,-0.44338346,-0.48573396,-0.6549898,0.19270262,0.6572017,0.7360363,0.65661186,-0.4760087,0.73355806,-0.6195993,-0.41934496,0.70849794,0.58561534,-0.29434577,0.41717896,-0.008546508,-0.060116757,0.41857564,0.7660857,-0.088690214,0.72556835,-0.58513105,0.8237345,0.21589221,0.8611794,-0.14811775,-0.8319053,0.5255498
5BR%WP_302380465_1_NADH_flavin_oxidoreductase__uncultured_Alistipes_sp__,0.45685184,0.82674706,-1.0,-0.4844885,-0.9522683,-0.7406558,-1.0,-0.2779702,-1.0,-1.0,0.22068824,0.18245251,0.1577482,-0.5877902,-0.8927711,-1.0,-1.0,-0.20005889,-1.0,0.4974065,-0.40228727,-1.0,-0.94690764,-0.51731384,-0.50579834,-0.3074029,-0.1313001,-0.5999643,-1.0,-0.94361156,-1.0,0.10508272,-1.0,-0.52486324,-1.0,0.11951538,0.7807879,-0.889022
5BR%WP_394671717_1_NADH_flavin_oxidoreductase__Muribaculum_sp__,-0.24005233,0.20119773,-0.93436575,-0.22065243,-0.77850986,-0.4134292,-0.89930534,-0.35342398,-0.5038157,-0.4595569,-0.022149185,-0.14998807,-0.033672586,-0.53848636,-0.54572904,-0.8592897,-0.7990934,-0.45635095,-0.5808062,0.11969491,-0.288303,-0.5980265,-0.5171011,-0.29176453,-0.19149372,-0.31264114,-0.15865257,-0.5955598,-0.7529703,-0.5039224,-0.6034054,-0.13065378,-0.61538446,-1.0,-0.70320874,-0.551231,0.04754747,-0.94564545
5BR%WP_418992344_1_NADH_flavin_oxidoreductase__Alistipes_sp__,0.22706012,0.046418317,0.25760177,-0.0810827,0.2293309,-0.061206773,0.1533303,0.060701296,0.080038466,-0.043319885,-0.07003019,-0.10383362,-0.108787596,-0.037936095,0.1772581,0.120933175,0.05604776,0.036985707,0.09169724,-0.023198025,-0.06684493,0.094911724,0.10153874,-0.118445575,-0.0062301513,-0.3486106,-0.48805714,-0.03577149,0.086178474,-0.19702011,0.1314785,0.11316704,0.08430801,0.4211653,0.04094634,0.14175537,0.050294146,0.104562715
7aHSDH%EOW9602512_1_SDR_family_NAD(P)-dependent_oxidoreductase__Escherichia_coli_,-0.37320873,-0.4473721,0.32437855,-0.15536718,0.12690061,0.35091582,0.05879371,-0.130044,0.50845367,0.33281794,-0.17325103,0.15252756,0.06593129,0.52077436,0.23511848,0.1954801,0.28016457,-0.19605656,0.21418564,-0.3353177,-0.102383226,0.2582889,0.23027937,-0.095816255,0.6971611,0.16755947,0.31176743,0.45854047,-0.006061886,-0.015372047,0.016702978,-0.10802583,0.20142452,-0.17281288,0.28929237,-0.20204486,-0.4289902,-0.012728584
7aHSDH%GENOME007043_1033,0.14224769,-0.055184603,0.1872552,-0.05637855,0.22634116,-0.31153873,0.17944759,-0.27982277,-0.12590234,-0.14374615,-0.21252711,-0.23417732,-0.030381136,-0.14953974,0.09995855,0.14667669,0.11471192,-0.3531016,0.19039986,-0.20685197,-0.02262722,0.2591126,0.25006583,-0.13699028,-0.4133458,-0.097236566,-0.0076122023,-0.12993534,0.27640545,-0.12100578,0.0070591834,-0.4199107,0.08906635,0.28109175,0.3619879,0.06183394,-0.08386241,0.3998257
7aHSDH%GENOME011662_3430,0.22450225,0.21506844,-0.18449616,0.506713,-0.09518231,0.35178307,0.02648621,0.3506189,-0.10334946,-0.09128859,0.41051134,0.5502537,0.33591825,-0.03001109,-0.03172583,0.054070164,0.012898249,0.48472804,-0.046043903,0.47330344,0.45430124,-0.053138096,-0.021701505,0.60679746,-0.14597881,0.49643186,0.44533852,0.015571274,0.01508691,0.59674513,-0.058183327,0.41310543,-0.09516037,-0.26600435,0.053207137,0.30575305,0.27465883,0.077144265
7aHSDH%GENOME042562_3253,0.18070696,0.15614592,-0.00015488332,-0.06899362,0.036851667,-0.2621275,-0.06283341,-0.0318498,-0.0887476,-0.32028767,-0.07110286,0.08475728,0.30412894,0.056476995,-0.07435384,-0.048301827,-0.10124553,-0.13040452,-0.13645698,-0.0022006843,0.00589968,-0.09582157,-0.11654388,-0.14001063,-0.07506088,-0.14528076,-0.0049396157,-0.06841327,-0.08897379,-0.20120724,-0.33588356,0.07976811,-0.2135095,0.10415668,0.035517663,-0.049078662,0.049784683,0.07083692
7aHSDH%GENOME070302_884,0.14390212,-0.3996644,0.6062434,0.37556887,0.6307489,0.72054726,0.5473147,0.06203356,0.58770925,0.5536492,-0.64016503,-0.30592257,0.030278698,0.28809106,0.77141774,0.6594465,0.76691836,0.061756734,0.8564363,-0.5321047,0.22199987,0.77919906,0.8261032,0.14618616,0.45218283,-0.09938034,0.11294216,0.5621997,0.6112042,0.4254502,0.8307656,0.03779665,0.6987124,0.32996118,0.61905086,0.2589952,-0.2626901,0.44166708
7aHSDH%GENOME080077_256,-0.42858794,-0.37635037,0.19657604,-0.42957944,0.22136286,-0.45011654,0.1470009,-0.62188727,0.2146958,0.038429935,-0.5388011,-0.48383698,-0.17286661,0.04103476,0.19093013,0.108306445,0.11733764,-0.7651971,0.24664944,-0.55210257,-0.565268,0.2721223,0.34052765,-0.5172382,0.041310515,-0.46988785,-0.30844012,0.08694335,0.21717976,-0.40910694,0.17469284,-0.40212753,0.23268089,-0.17999664,0.10316455,-0.5719334,-0.43720734,-0.04278699
7aHSDH%GENOME086444_1757,0.12091949,0.089678064,0.014105303,0.047938265,0.18250936,-0.38774243,0.39112476,-0.073282614,-0.5371375,-0.6476183,-0.048236065,-0.35978124,-0.053355444,-0.08569869,0.002040129,0.22247954,0.036887888,0.03715005,-0.041122425,-0.105247915,0.009368789,0.019118197,-0.026505059,-0.16088697,-0.7180382,0.025671465,-0.133624,-0.24433734,0.27186874,0.054086864,0.061951116,-0.101957574,0.02166456,0.35198182,0.05940555,0.1446393,0.23812523,0.34688154
7aHSDH%GENOME103762_694,-0.22227141,0.08594248,-0.42914647,-0.5064578,-0.3569238,-0.69670016,-0.21873277,-0.44404122,-0.54532737,-0.53723174,-0.10055408,-0.19641276,-0.07705604,-0.123590626,-0.4058607,-0.3441861,-0.4474789,-0.42088273,-0.4715051,-0.055161327,-0.44938368,-0.42478612,-0.3354557,-0.62733924,-0.44517425,-0.15992622,-0.092461765,-0.31925595,-0.22100316,-0.49665788,-0.42997512,-0.43417192,-0.35070994,-0.44699425,-0.37658522,-0.3081213,0.08475599,-0.3636138
7aHSDH%GENOME122758_282,0.29582125,-0.5707649,1.0,0.22473852,1.0,0.6887741,1.0,0.041322593,0.7922801,0.75639194,-0.47437924,-0.39512813,-0.30328995,0.28460073,1.0,1.0,1.0,0.18324073,1.0,-0.5611025,0.16431962,1.0,1.0,0.12262541,0.36212564,0.03491026,-0.012785676,0.6501872,1.0,0.59684145,1.0,-0.17743243,1.0,0.72869295,1.0,0.49492636,-0.48653755,0.8805192
7aHSDH%GENOME150027_3593,-0.19303969,-0.3537648,0.33782378,0.41194,0.3417639,0.8675192,0.28301403,0.22929998,0.59854406,0.6811074,-0.5721957,0.061544262,0.29981953,0.5622209,0.59500134,0.4613514,0.5599137,0.05536608,0.6098056,-0.5007315,0.20953374,0.46983242,0.50837237,0.2608299,0.90742743,0.17103954,0.21390873,0.62271005,0.24804424,0.2307606,0.7093885,0.5281055,0.6602876,-0.21265502,0.099795274,-0.071760274,-0.28888535,-0.08857964
7aHSDH%GENOME215422_1346,0.08873642,-0.008271734,0.34442356,0.39750293,0.1957161,0.40418002,0.29825088,0.4112559,0.4585814,0.36214504,0.08887097,0.22592212,0.3394267,0.39365357,0.18683998,0.36341208,0.33174968,0.26988053,0.19144396,-0.03951229,0.28850454,0.18728824,0.097702116,0.20636302,0.33242542,0.21743165,0.2116194,0.16957878,0.2122009,0.476096,0.2530847,0.24101187,0.31069908,0.13099308,0.34515652,0.06781591,-0.070881516,0.36376676
7aHSDH%HAY2965420_1_SDR_family_oxidoreductase__Escherichia_coli_,-0.12007649,-0.28479192,0.4505607,0.18759383,0.32450742,0.57445806,0.32412678,0.18268746,0.5378768,0.38229772,-0.03964419,0.24035475,0.23150878,0.4647912,0.4013042,0.38839874,0.47550598,0.12757866,0.45673746,-0.16458118,0.21748008,0.46154058,0.4272084,0.23364608,0.5646376,0.27428988,0.32874176,0.42174053,0.22403906,0.37035027,0.25940168,0.1847311,0.41304857,0.1197327,0.39019537,0.09023494,-0.25230077,0.18212749
7aHSDH%HEX5818085_1_7-alpha-hydroxysteroid_dehydrogenase__Gemmatimonadales_bacterium_,0.053545706,-0.004497443,0.0646148,0.03783099,0.09375298,-0.042065002,0.13613404,-0.2805501,-0.03125081,-0.20512113,-0.2570257,0.050678685,0.26484162,-0.03609491,0.114023656,0.117808655,0.018427799,-0.22757594,0.19107078,-0.22412457,0.029151862,0.23288758,0.33358866,-0.094667345,-0.22029191,-0.1561412,-0.086065836,-0.09620622,0.14312185,0.025462111,0.26342988,-0.015210725,0.22181818,0.1917683,-0.012895249,-0.055140924,-0.021332223,-0.00301253
7aHSDH%MBE5948790_1_SDR_family_oxidoreductase__Lachnospiraceae_bacterium_,-0.23587868,-0.07803297,-0.102036156,-0.45417958,-0.0345736,-0.52880585,-0.06571333,-0.45353514,-0.08673467,-0.039664667,-0.228788,-0.14110762,0.0047314465,0.16365655,-0.07076726,-0.20410049,-0.18248098,-0.49620378,-0.14967535,-0.19448803,-0.51009566,-0.08699889,0.060121436,-0.52665776,-0.013347066,-0.23725577,0.0046787453,0.08663274,-0.0051715523,-0.4345455,-0.051508572,-0.47666085,-0.05658078,0.04850088,-0.1673481,-0.27991083,-0.06436576,-0.17408934
7aHSDH%MBHC130__Clostridiales_bacterium_1_7_47FAA_,0.94525844,0.9562653,-0.52783275,0.6060893,-0.30977067,0.0109491125,-0.26495713,0.5517899,-0.87107646,-0.82811475,0.6705363,0.2162864,0.59241724,-0.6333852,-0.4532593,-0.35068357,-0.3035205,0.643766,-0.43826887,0.8858311,0.85250205,-0.561295,-0.49065736,0.48309895,-0.9049168,0.16011441,0.13618118,-0.6348575,-0.3188174,0.5759196,-0.6947369,0.6053268,-0.7043079,0.15463834,-0.33734232,0.728059,0.9488255,0.08268857
7aHSDH%MCI7810995_1_SDR_family_oxidoreductase__Clostridiales_bacterium_,0.28200033,0.5538619,-0.8010822,-0.014419247,-0.6263659,-0.30185544,-0.6547269,-0.044489987,-0.6070205,-0.67609805,0.3203231,0.356073,0.4574926,-0.40947673,-0.47993138,-0.70608604,-0.6605013,0.030853577,-0.6168099,0.47821015,0.12699181,-0.59123343,-0.53128344,0.003243588,-0.22099078,-0.036522258,0.0050576716,-0.41212755,-0.6637141,-0.16694605,-0.62209946,0.24938613,-0.6103844,-0.29229867,-0.804727,0.16550481,0.5194992,-0.8903353
7aHSDH%MCI9468093_1_SDR_family_oxidoreductase__Oscillospiraceae_bacterium_,0.14557174,0.37242174,-0.7394065,-0.15332246,-0.44207135,-0.31951335,-0.56453407,-0.31340948,-0.5472905,-0.6218921,0.091151476,-0.05246325,0.15636086,-0.4946229,-0.36066598,-0.61729777,-0.55460703,-0.16216108,-0.41442508,0.22688496,-0.0009006401,-0.38450345,-0.39647704,-0.10647321,-0.2590776,-0.23358029,-0.17586449,-0.37148756,-0.48970592,-0.18324383,-0.46072254,0.056689844,-0.48529792,-0.17171305,-0.70431376,-0.02528856,0.32403022,-0.8196952
7aHSDH%MEO8122524_1_7-alpha-hydroxysteroid_dehydrogenase__Burkholderiales_bacterium_,0.026034174,-0.3960212,0.86219317,0.15162815,0.53063583,0.4700386,0.49718136,0.20805074,0.68767345,0.4921403,0.14197002,0.4053681,0.18246906,0.882346,0.38834497,0.53217566,0.5880654,0.2659731,0.44452548,-0.12895395,0.064908184,0.5503121,0.49800217,0.2790827,0.52594405,0.35395062,0.33879912,0.6811769,0.37514788,0.39521152,0.35683343,-0.076413415,0.48958382,0.7825214,0.8698423,0.41395754,-0.2580751,0.7834819
7aHSDH%WP_003507641_1_7alpha-hydroxysteroid_dehydrogenase___Clostridium__symbiosum_,-0.2089992,0.013003068,-0.6326312,-0.29206997,-0.49070397,-0.15953054,-0.67196,-0.39172104,-0.22905165,-0.29029626,-0.02116599,-0.114957325,-0.079227336,-0.62179506,-0.16054429,-0.5289341,-0.44766086,-0.6341463,-0.31736743,0.00965694,-0.27822265,-0.4737867,-0.35684898,-0.5028583,-0.019718582,-0.09807167,-0.09407548,-0.4244969,-0.5243503,-0.45012885,-0.6747598,-0.20191386,-0.42758745,-1.0,-0.3755988,-0.5081829,-0.25512594,-0.7744923
7aHSDH%WP_025075670_1_7alpha-hydroxysteroid_dehydrogenase__Bacteroides_faecichinchillae_,-0.0567712,-0.0845588,0.041085497,-0.2501822,-0.049472973,-0.11178633,-0.16428159,-0.106857575,0.09156112,0.09174057,0.2765206,0.0539559,-0.3197333,-0.15289246,-0.082769044,-0.10919993,-0.021003073,-0.13707092,-0.002289238,0.17860615,-0.16928355,-0.054597892,-0.011194663,0.08735678,-0.12349097,0.12742469,0.14607269,-0.06660397,0.030600555,0.04280898,-0.18303825,-0.23359254,-0.025219364,-0.2655993,0.266394,-0.029382683,-0.22272727,0.14486197
7aHSDH%WP_221221011_1_7-alpha-hydroxysteroid_dehydrogenase__Phenylobacterium_haematophilum_,-0.92650145,-0.7118752,0.034577467,-0.82693857,0.22161487,-0.38716024,0.10251228,-0.8672453,0.18559703,0.22858284,-0.78966165,-0.75945294,-0.83180207,0.07667873,0.21083575,0.123054236,0.037780497,-0.8985989,0.20782208,-0.87344766,-0.8802964,0.14862555,0.08884747,-0.8983879,0.28415895,-0.406321,-0.45195255,0.20367226,0.20334283,-0.87243074,0.13012442,-0.5910628,0.2193522,-0.69703424,-0.05040911,-1.0,-0.85914004,-0.19849053
7aHSDH%WP_262434703_1_7alpha-hydroxysteroid_dehydrogenase__Jilunia_laotingensis_,-0.1749149,-0.1438485,0.019527538,-0.22074887,-0.14006358,0.047705,-0.2932674,-0.065935954,0.2206957,0.1610383,0.1312819,0.01057688,-0.12444268,0.11788304,-0.11097269,-0.24162656,-0.15684095,-0.13689546,-0.10448022,0.049338836,-0.30669188,-0.1282682,-0.096065775,-0.093437135,0.3140081,0.0027581379,0.066358656,0.114022,-0.21523415,-0.083140634,-0.14041187,-0.14505485,-0.10384052,-0.14443696,0.104698114,-0.15150738,-0.18932019,-0.05043684
7aHSDH%WP_303013929_1_7alpha-hydroxysteroid_dehydrogenase__uncultured_Bacteroides_sp__,0.048147123,0.23549901,-0.60690844,-0.09717878,-0.66630435,-0.17508468,-0.90121925,-0.054590438,-0.25367337,-0.21733199,0.17387147,0.31069955,0.24644306,-0.22585073,-0.4455095,-0.75731266,-0.5916384,-0.19735444,-0.6067704,0.31651175,-0.107096136,-0.6449188,-0.5229424,-0.10541918,0.19746429,-0.08380115,0.12297676,-0.15783112,-0.7810346,-0.4174781,-0.75706184,0.0082146665,-0.68494296,-0.73473305,-0.48101076,-0.11003697,0.13765548,-0.7286038
7bHSDH%GENOME213756_525,-0.27161017,-0.251713,-0.023835663,-0.47578916,0.14478363,-0.21673802,-0.0061738137,-0.44446963,0.10966749,0.064911455,-0.20200807,-0.33967823,-0.40763935,-0.02497058,0.08998594,-0.02108531,0.120906256,-0.30910003,0.16669683,-0.23215215,-0.35845745,0.12106597,0.24919328,-0.24283314,-0.019694364,-0.33128688,-0.13557181,0.17663436,0.1372944,-0.16199726,0.066284806,-0.34140792,0.046454076,-0.060573954,-0.06610883,-0.276779,-0.26998356,-0.08902278
7bHSDH%WP_394860677_1_7beta-hydroxysteroid_dehydrogenase__Mediterraneibacter_gnavus_,-0.2433804,-0.5337816,0.89950854,0.3417248,0.82841414,0.77975553,0.7177544,0.3276058,0.99738115,0.8896712,-0.1527453,0.021075444,-0.057771116,0.9861216,0.64929146,0.8473269,0.80981,0.28314465,0.6248524,-0.47822025,0.15975042,0.62685835,0.428677,0.283724,0.85110676,0.17363577,0.09760868,0.8528197,0.63791907,0.5444149,0.7026841,0.25174144,0.69792414,0.6964276,0.7653977,-0.22723489,-0.56602585,0.9551944
BSH1%UPI0001B1C28E,-0.30270565,-0.4011085,0.26769042,-0.31126386,0.37178957,-0.058886554,0.31005675,-0.36966515,0.13725546,0.23146169,-0.48247296,-0.6385813,-0.5457353,-0.22407766,0.34113318,0.40602377,0.3645487,-0.5295578,0.51483524,-0.44083074,-0.15893592,0.3679914,0.37260246,-0.21096477,-0.07765556,-0.04234283,0.019054182,-0.03656729,0.47831517,-0.060744967,0.4176289,-0.40175658,0.42368492,-0.16185178,0.33977652,-0.21158805,-0.46671987,0.2466647
BSH1%UPI0001DE6025,-0.66611886,-0.5338605,0.24632968,-0.50954,0.29577583,-0.2713965,0.20953323,-0.37874475,0.2042663,0.0939162,-0.39856,-0.63611525,-0.58740366,0.16883147,0.086481094,0.14897886,0.07070208,-0.47254792,0.19461831,-0.5436588,-0.585686,0.16014355,0.030823441,-0.32259175,0.047547992,-0.31315598,-0.52222204,0.00461833,0.1873733,-0.47809595,0.117229514,-0.26672873,0.14550404,0.04435665,0.17970157,-0.70549846,-0.5694474,0.15823011
BSH1%UPI00022FF9E1,0.21453646,0.13553911,-0.011821323,0.334178,0.16923375,0.16233264,0.1694932,0.102115296,0.06394389,0.0062255138,-0.13968268,0.11917289,0.23606709,-0.13885337,0.2790473,0.103777915,0.050449625,0.12355874,0.28956217,-0.08161982,0.12273329,0.3728991,0.32549846,0.22290237,-0.03195022,-0.10557925,-0.123011135,-0.098897025,0.16240574,0.0449445,0.3770597,0.293732,0.30946815,0.1842225,0.00432321,0.018101804,0.061146624,-0.07735794
BSH1%UPI0002624191,0.01843909,0.02914732,-0.01380256,-0.099891804,0.13550642,-0.14638864,0.15709013,0.0666771,-0.27459913,-0.19431955,-0.051467136,-0.51688135,-0.49795324,-0.16145892,-0.10133117,0.041776147,-0.08683329,0.023310225,0.07985222,-0.062049974,0.0048327767,-0.014063171,0.0045758896,0.061270155,-0.49694753,-0.20909329,-0.42021376,-0.38810074,0.10202948,-0.06590421,0.06296574,0.03690797,-0.013427504,0.07455378,0.08253691,-0.0788635,0.007582684,0.26230082
BSH1%UPI000289C842,-0.4641909,-0.15133987,-0.35864756,-0.6659464,-0.42098853,-0.5447663,-0.56874806,-0.5786276,-0.05345496,-0.13926572,-0.15828288,-0.09343574,-0.10234475,-0.08902028,-0.32474118,-0.4617798,-0.53984326,-0.59020305,-0.56683314,-0.16810238,-0.65637064,-0.5432683,-0.55959237,-0.63113236,0.29436073,-0.33400694,-0.28946888,-0.119261555,-0.56669194,-0.78640157,-0.508667,-0.30216458,-0.506206,-0.51768315,-0.41288814,-0.68879694,-0.2473511,-0.7067628
BSH1%UPI0002CB0E7D,0.14634936,0.32151586,-0.4004322,-0.0020173788,-0.5306086,-0.26051697,-0.5189494,0.00014835522,-0.33504212,-0.28692573,0.36100635,0.37344205,0.2393315,-0.20952837,-0.41533962,-0.53326374,-0.49899805,-0.04751996,-0.3983414,0.3773399,-0.04952734,-0.3840523,-0.31099454,0.07901485,-0.22573282,0.15944877,0.073499456,-0.31033772,-0.464413,-0.1502873,-0.46484047,0.06702535,-0.32791737,-0.3780758,-0.18115506,0.07809997,0.24821116,-0.31207162
BSH1%UPI00035D264B,0.06341881,-0.06756467,0.11277125,0.15095152,0.12310257,0.31918418,0.23250614,0.5676987,0.1698655,0.17487112,0.2585685,0.19490178,-0.20026922,0.24976093,0.08997805,0.08566031,-0.011914079,0.49370757,0.1738112,0.07071465,0.325047,0.3108958,0.31926996,0.47126245,-0.054807633,-0.006018744,-0.20822363,-0.16029415,0.08791173,0.14224082,0.29749802,0.33810192,0.30753586,0.24014376,0.17497824,0.2566738,-0.024977775,0.15552051
BSH1%UPI0003A10C39,0.36800012,0.6214805,-0.78965056,-0.5630158,-0.7755191,-0.7303064,-0.91133046,-0.33047763,-0.8525951,-1.0,0.29298422,0.22826236,-0.0139965685,-0.50373286,-0.7151229,-0.894481,-0.9231421,-0.2636455,-0.9691857,0.44030952,-0.46731564,-0.9686986,-0.8042809,-0.5065041,-0.46514443,-0.2576413,-0.2603944,-0.62238383,-0.8978745,-0.8399797,-0.99305165,-0.015835004,-0.9377497,-0.48981136,-0.73404086,0.037213262,0.51028675,-0.7402404
BSH1%UPI00041C4F56,0.16859502,0.37940738,-0.57099867,-0.31093422,-0.5043028,-0.2938015,-0.5474407,-0.041886423,-0.5327819,-0.64397925,-0.033784684,-0.23052989,-0.37425435,-0.5450485,-0.44764638,-0.5885908,-0.60249996,0.0066847904,-0.38181534,0.14367008,-0.31226572,-0.45143744,-0.38060734,-0.17452733,-0.3920799,-0.45257938,-0.41276798,-0.46512538,-0.5673076,-0.55083895,-0.39571452,0.20484349,-0.5603614,-0.26540565,-0.59629583,-0.088978134,0.3595238,-0.48681608
BSH1%UPI00044AC395,-0.45852414,-0.6265858,0.6232255,-0.40777677,0.5415594,0.06912214,0.49192965,-0.32622227,0.5890021,0.36067605,-0.15177865,-0.39526033,-0.5872148,0.32820737,0.40605816,0.43104887,0.3976511,-0.35395575,0.55370766,-0.44531864,-0.48136118,0.5238942,0.5547132,-0.17217444,0.2041081,0.035652872,-0.022943564,0.28749388,0.5872511,0.20768932,0.6236971,-0.3345522,0.6558562,0.3228087,0.5970897,-0.31847006,-0.65858823,0.5653206
BSH1%UPI0004BCDDD9,-0.52623945,-0.64932716,0.6508077,-0.11326755,0.5939663,0.35460472,0.6221154,-0.026607316,0.63914233,0.5400351,-0.010731677,-0.15297005,-0.55723846,0.49990258,0.49212146,0.60235476,0.5822949,-0.049508724,0.60510933,-0.35070035,-0.22336228,0.56290597,0.518864,0.14956161,0.29216012,0.36913997,0.086617924,0.41982594,0.66217464,0.386481,0.5578021,-0.15000348,0.70148593,0.050135866,0.71339613,-0.30842084,-0.6729381,0.6476038
BSH1%UPI0004D69CD5,-0.18569611,-0.25688344,0.23960127,-0.55598086,0.12178462,-0.31877813,-0.009863558,-0.26824427,0.08528149,-0.13142583,-0.08707755,-0.20522752,-0.34032026,0.14132635,-0.0071896915,-0.03253096,-0.081875995,-0.39237323,-0.018927295,-0.15220639,-0.48971966,-0.046959925,0.028180974,-0.35010913,-0.043740764,-0.22104537,-0.27235693,-0.07960829,-0.011236195,-0.41442218,-0.12222682,-0.24065267,-0.020067297,-0.033951815,0.23452084,-0.18508762,-0.3147987,0.112871855
BSH1%UPI0004D6A0E9,-0.17349795,0.10468866,-0.10598945,-0.3419081,-0.33929786,-0.26046795,-0.25099108,-0.16678612,-0.050093386,-0.0048303325,0.41938782,0.49448374,0.06262217,0.15823293,-0.29986522,-0.28183404,-0.33995283,-0.11134211,-0.37381098,0.2821688,-0.45416933,-0.36752808,-0.29600403,-0.14824644,0.086220145,0.32777324,0.10381619,-0.054330662,-0.27405164,-0.19421695,-0.24576755,-0.1172564,-0.12103402,-0.24898037,-0.11506342,-0.103488795,0.04559315,-0.23400071
BSH1%UPI0005DBBD01,0.17186527,-0.046386927,0.25778824,0.16324046,0.39491743,0.037582528,0.37064105,-0.120514795,0.023088258,0.18558979,-0.09203457,-0.30565557,-0.13412884,-0.13891497,0.34150776,0.316179,0.2608287,0.10380039,0.3314795,-0.09344132,0.12334649,0.36018598,0.34703574,0.022655949,-0.1619,-0.1257127,-0.24828814,-0.03218385,0.48212376,0.27672,0.659014,-0.19010295,0.5400733,0.6559144,0.12807012,0.30753615,-0.0046226415,0.15342192
BSH1%UPI00064A1F29,0.07051172,-0.3417612,0.8782046,0.40319595,0.6884894,0.4553072,0.6521536,0.38695428,0.8545168,0.93320054,-0.012658478,0.22824691,0.100911155,0.46987706,0.63878965,0.68557477,0.66334265,0.2874759,0.56122756,-0.111471415,0.3148505,0.7152303,0.61371046,0.3163055,0.56078094,0.015398128,-0.07825555,0.59969336,0.6284509,0.41127637,0.72743386,0.009224852,0.6810962,0.8367291,0.5914097,0.32942155,-0.24705087,0.61891466
BSH1%UPI00073AFD00,-0.33581778,-0.30939764,0.23079199,-0.12197027,0.2697614,-0.05258498,0.19011852,-0.23024774,0.06842719,0.1268292,-0.35774958,-0.54977953,-0.3859767,-0.027095294,0.08061787,0.16088946,0.15378691,-0.32968602,0.37313455,-0.35858727,-0.15218237,0.30579838,0.27912837,0.056051195,-0.17807399,-0.19373922,-0.24178521,-0.021596419,0.24146181,-0.115054525,0.30241847,-0.114321694,0.1990966,0.25504762,0.16679505,-0.30826154,-0.28109938,0.326751
BSH1%UPI00076E9CCB,-0.76249933,-0.594396,0.12649812,-0.48707426,0.06769605,-0.057719078,-0.10495485,-0.3826533,0.44198233,0.361635,-0.38103008,-0.45932156,-0.5060868,0.28481174,0.038959302,-0.031141669,-0.02545251,-0.6320139,0.08934371,-0.4806142,-0.5276099,0.047595546,0.047032222,-0.41274703,0.48319378,-0.21017034,-0.08468699,0.2188998,-0.020688903,-0.3347755,-0.019631011,-0.40353778,0.017224789,-0.5287193,0.1496984,-0.8399232,-0.7099136,-0.037445292
BSH1%UPI0007933BD5,0.06730517,0.2578698,-0.4719152,0.07017333,-0.5770456,-0.2791549,-0.56729865,0.15085866,-0.36131942,-0.28627896,0.28320354,0.3242832,0.20339942,-0.15773818,-0.4620454,-0.5740205,-0.47778386,-0.009201065,-0.48233572,0.389725,0.14878403,-0.48451963,-0.36981192,0.1684169,-0.15880488,0.10487166,0.24437952,-0.23359425,-0.5255978,-0.11382559,-0.6237929,0.0643176,-0.54264224,-0.5392557,-0.31226462,0.073900364,0.25398722,-0.38612124
BSH1%UPI000801FF16,0.09266542,0.24938203,-0.25399196,-0.31720525,-0.40920904,-0.29581806,-0.43208134,-0.13607605,-0.28548783,-0.3827145,0.36434457,0.3108404,0.026128685,-0.091339074,-0.36710718,-0.47741976,-0.5041776,-0.056175154,-0.45008582,0.28800184,-0.4103843,-0.3974557,-0.3361225,-0.16142258,-0.1317205,0.019530663,-0.15976068,-0.26149997,-0.4621014,-0.3834778,-0.31531823,-0.008439312,-0.30089757,-0.041552622,-0.24081959,0.10757617,0.24586289,-0.30700576
BSH1%UPI00093BFB8C,-0.32913667,0.18868557,-0.54316694,0.57693964,-0.5424182,0.49691805,-0.4065693,0.73311794,-0.09115777,0.07847649,0.11964225,0.2795975,0.3955583,0.31128335,-0.35367817,-0.36256284,-0.2429008,0.39334452,-0.3038244,0.19013228,0.56355304,-0.3958454,-0.5535258,0.42449993,0.51860106,0.28304678,0.31873095,0.13772528,-0.6099425,0.21605913,-0.43104643,0.7846901,-0.43020782,-0.7602854,-0.56716025,-0.27357584,0.20964439,-0.39403543
BSH1%UPI00095B1DAC,-0.34680343,-0.29543206,0.34095922,-0.4288886,0.0011734881,-0.06750711,-0.012268066,-0.07800453,0.31701586,0.2296603,0.4245662,0.2440731,-0.30607542,0.44167596,-0.14299953,-0.0341552,-0.058823768,-0.023833029,-0.11071241,0.10317561,-0.5139557,-0.11302512,-0.07379447,-0.011181025,0.21076,0.2955999,0.07222984,0.21310756,-0.02958256,-0.025586294,-0.052538197,-0.23909149,0.047345188,0.19786704,0.3732581,-0.10578488,-0.27837017,0.31983855
BSH1%UPI00095C7CBB,-0.63328546,-0.6393868,0.45499137,-0.4287575,0.40405765,-0.06910638,0.43815082,-0.2985667,0.5144721,0.4041191,-0.16990927,-0.43286926,-0.5822052,0.2087853,0.30563352,0.44574794,0.2789459,-0.44001144,0.38235638,-0.4510228,-0.34597978,0.3439908,0.2959116,-0.23553127,0.11454271,0.05266731,-0.09882217,-0.03651892,0.48856965,0.05761085,0.3143104,-0.4827966,0.51761425,-0.33986276,0.6591889,-0.6092622,-0.8280543,0.4013151
BSH1%UPI000A00C8F6,0.40724573,-0.08479625,0.75655395,0.4539774,0.20820703,0.6108606,0.3277249,0.9820181,0.60730934,0.63563764,0.5063099,0.56822515,0.30926213,0.57804394,0.15091951,0.3340928,0.31039965,0.95499647,0.15206492,0.2932533,0.48447043,0.3486542,0.25795907,0.63104373,0.46241054,0.2956541,0.19686149,0.33939272,0.05377429,0.3817664,0.26467624,0.24577616,0.29015028,0.88427436,0.76446646,0.84151953,0.10681182,0.76339525
BSH1%UPI000BCCCB22,-0.09549833,0.09975393,-0.056251656,0.44306767,0.0075148027,0.12173922,0.49956164,0.583659,-0.13816914,0.16379252,0.13897857,-0.15287706,-0.17785527,0.13370311,-0.08757801,0.2840275,0.12363809,0.54267293,0.09052221,0.13392976,0.4396641,0.06186983,-0.041113522,0.35942185,-0.32476068,0.3559977,0.16706231,-0.21713686,0.32998598,0.6002337,0.31298155,0.19894028,0.23944451,-0.2500967,0.13093401,0.050264053,0.17387585,0.29476628
BSH1%UPI000BD3EFD5,-0.77610195,-0.5612123,0.21498083,-0.6440064,0.18035144,-0.25123268,0.07440276,-0.39617637,0.23486653,0.164877,-0.44259885,-0.55687225,-0.6278046,0.28003985,-0.0047963834,0.050867878,0.032786667,-0.49720645,0.046246726,-0.5597345,-0.73772824,0.044245973,-0.09923228,-0.47674754,0.2676599,-0.32795158,-0.413737,0.1783247,0.035122953,-0.7061416,0.004134267,-0.37070057,-0.02542124,0.018260648,-0.009226002,-0.7546752,-0.53404707,0.05533738
BSH1%UPI000CD30963,-0.016449476,-0.04444344,0.11022277,0.24242534,-0.106931776,0.15612186,-0.021425962,0.38743776,0.2336734,0.5313847,-0.05044367,0.22258085,0.040797867,0.4161557,0.031939097,-0.091449894,-0.020731451,0.18256596,-0.069492176,-0.04941414,0.07152863,-0.010636135,-0.01055597,0.0050161616,0.47971243,0.06256884,0.07020211,0.38542157,-0.0812105,-0.103037685,0.06895641,-0.018510344,0.06355131,0.17588858,-0.049414933,0.15257052,0.058203842,0.022327399
BSH1%UPI000DCDF6FE,-0.38501874,-0.5806693,0.476393,-0.12505725,0.52671814,0.4326868,0.45385045,-0.23631708,0.7019239,0.61192614,-0.16010058,-0.060453452,-0.41614246,0.05378928,0.6872212,0.52865285,0.494985,-0.36034685,0.61533517,-0.37118918,-0.25971535,0.5599695,0.5747649,-0.119479336,0.36353135,0.15658636,-0.059984755,0.2436009,0.57318914,0.18752927,0.52402157,-0.24501781,0.6718227,-0.35340008,0.52902335,-0.3471049,-0.7255929,0.20440167
BSH2%UPI0000382136,-0.464626,-0.3931806,-0.061117116,-0.058383547,0.5422577,0.11451893,0.46225747,-0.4060726,0.24210693,0.19453862,-1.0,-0.7031535,-0.3690304,-0.3970683,0.57841325,0.411555,0.38091293,-0.49194664,0.7682454,-0.5507487,0.121298894,0.8210412,0.9018758,0.239727,-0.12320922,-0.8806348,-0.31847313,-0.20927076,0.5167547,-0.07043519,0.64137864,0.036395486,0.22764061,-0.31088573,-0.3834691,-0.734292,-0.33943316,-0.4075422
BSH2%UPI0001534663,0.33101478,0.40523043,-0.21415874,-0.62289596,-0.06453329,-0.688588,-0.2981978,-0.55087906,-0.25523344,-0.50768214,0.013745845,-0.13145202,0.08587291,-0.3351152,-0.19343077,-0.40234324,-0.26711887,-0.39677176,-0.2424529,0.14078778,-0.6338823,-0.20817262,-0.14756128,-0.50930965,-0.2882984,-0.6323158,-0.32810086,-0.16982925,-0.21934856,-0.5213769,-0.4223582,-0.2718103,-0.40951544,0.37114793,-0.2427578,-0.043469902,0.25137553,-0.27192962
BSH2%UPI0001599717,-0.3557225,-0.73405415,0.6432594,-0.5818409,0.88081706,-0.47449976,0.6780773,-0.94241446,0.3545852,0.20538548,-0.59203655,-1.0,-0.7088745,-0.17341694,0.6495423,0.59987557,0.5006754,-0.8579248,0.66114175,-0.74069613,-0.5670409,0.77492815,0.8637523,-0.58096886,-0.43189117,-0.7308169,-0.7279951,-0.17616795,0.9228011,-0.09870576,0.7655406,-0.9894998,0.73801494,0.55263054,0.6568827,-0.42356017,-0.7732153,0.42404342
BSH2%UPI0001971EB2,0.5077591,0.5164197,-0.40704933,0.17881086,-0.20097065,0.094956376,-0.28409892,0.06669212,-0.3985291,-0.3365021,0.2987488,0.089197375,0.11094089,-0.53444636,-0.2011092,-0.192716,-0.3147932,0.1559553,-0.21046992,0.32944736,0.28049883,-0.30480018,-0.27341625,0.10830988,-0.5140461,0.035344638,-0.15452446,-0.6870907,-0.18334706,0.20017838,-0.076912776,0.2579219,-0.06846048,-0.24992307,-0.21168013,0.18065414,0.24390541,-0.2526808
BSH2%UPI0001C1C05D,0.086228915,-0.44758198,0.815664,0.3243019,1.0,0.29186597,1.0,0.088492274,0.6237082,0.2908645,-0.6375677,-0.20160575,0.029873157,0.14094688,0.9950958,1.0,1.0,0.16510405,1.0,-0.41796583,0.5893521,1.0,1.0,0.6656327,-0.064430244,-0.3655703,-0.036541395,0.264704,1.0,0.5802026,0.89448786,0.29651472,0.7270703,0.5277396,0.6089866,0.11176629,-0.2838747,0.54563475
BSH2%UPI0001E69B03,-0.27044183,-0.047375403,-0.112612545,-0.055211477,-0.08835416,-0.12808804,-0.08311419,-0.16956316,-0.024114396,0.13770436,-0.19338182,-0.30767286,-0.06271364,-0.103497505,-0.07113158,-0.046950944,0.05406951,-0.32817638,0.065954015,-0.14626469,-0.15647429,-0.07670522,-0.05318951,-0.17777303,-0.049940486,0.0018816686,0.11296628,0.0032491456,0.03816364,-0.03886752,-0.05591071,-0.19608527,-0.020281306,-0.43953285,-0.052027304,-0.35275975,-0.13635932,-0.024038564
BSH2%UPI0001FDAFAC,-0.7837183,-0.6785492,0.37242013,-0.513243,0.21778569,-0.014868824,0.12762031,-0.5310066,0.59979814,0.60257477,-0.29997241,-0.09123043,-0.2742699,0.5250869,0.23615116,0.24356861,0.29082027,-0.4996295,0.12605539,-0.47729594,-0.6271648,0.07762191,0.09808215,-0.48107493,0.77778673,0.16604996,0.3225214,0.7628574,0.26169425,-0.10033855,0.26048574,-0.45837858,0.27075496,-0.07022239,0.101823725,-0.6144836,-0.652288,0.038426742
BSH2%UPI000335FD2D,0.106685236,0.18368936,-0.3344782,0.37737808,-0.20144953,0.1433299,-0.18441701,0.2971105,-0.23362827,-0.19594109,0.21584801,0.1365611,0.09539331,-0.24058416,-0.17562722,-0.12038479,-0.24722862,0.23038954,-0.068449795,0.20054583,0.4046102,-0.13654715,-0.110693164,0.50606376,-0.28381518,0.16396062,-0.04963669,-0.4206494,-0.205654,0.2108273,-0.06212839,0.5337334,-0.061758887,-0.4848308,-0.10743293,-0.08726052,0.05832212,-0.06975416
BSH2%UPI00033874A8,-0.06331887,0.007336075,0.030479185,-0.19971971,-0.003642607,-0.15711276,-0.04518614,-0.20252037,-0.029923221,-0.19246405,-0.18522508,-0.018418482,0.068334095,0.03395763,0.021226348,-0.006024336,-0.010631723,-0.35495308,0.0055695716,-0.11898933,-0.2633471,-0.16344345,-0.018472474,-0.33325407,0.012290706,-0.088399515,-0.013009073,0.0929411,-0.033979893,-0.22495136,-0.10080235,0.05508743,-0.06611881,-0.13667323,-0.17123227,-0.23078103,-0.07806903,0.05499055
BSH2%UPI00033AD64E,0.5714182,0.6950869,-0.6548122,0.18248944,-0.44086644,-0.05905474,-0.28312555,0.16011342,-0.78674155,-0.79374045,0.3966519,0.3736093,0.3454481,-0.35292768,-0.45249528,-0.3277469,-0.5068126,0.5108337,-0.51641935,0.4774744,0.35497567,-0.42238313,-0.45888925,0.09160255,-0.6019172,0.18490009,0.08932052,-0.63585544,-0.40041485,0.06009746,-0.34067085,0.2810818,-0.38237196,-0.16936912,-0.4514343,0.3944533,0.65505886,-0.43616098
BSH2%UPI00033F049A,0.39730003,0.6391199,-0.64255595,0.055349614,-0.42039487,-0.1292377,-0.39310595,0.15351442,-0.60158455,-0.48446465,0.3261811,0.06377858,0.040917795,-0.66130865,-0.38941622,-0.43437448,-0.50549173,0.2802864,-0.38926515,0.46015483,0.14444119,-0.39897162,-0.39782313,0.014189136,-0.5245369,-0.081842676,-0.19387735,-0.7455709,-0.39040306,-0.15994693,-0.29092252,0.23491603,-0.3394591,-0.27534854,-0.5849605,0.09916892,0.48113784,-0.4962847
BSH2%UPI00038B932A,-0.70552576,-0.1773558,-0.18109894,-0.3143244,0.07748397,-0.36668697,0.19790122,-0.41278136,-0.26173753,-0.38541165,-0.8360331,-0.6103815,0.033231363,0.24451612,-0.07127114,0.011193136,-0.045099758,-0.5058811,-0.09782708,-0.60057837,-0.45889068,0.01510622,0.037903704,-0.48843965,0.08961415,-0.60065603,-0.18341863,0.02674109,-0.08916357,-0.72891754,0.08594839,-0.04332409,-0.35139608,0.12194992,-0.7672699,-0.8152433,0.08351123,-0.3453867
BSH2%UPI000396CDDF,1.0,0.50883216,0.48784974,0.57700825,0.24485601,0.34735796,0.27168733,0.69099647,0.03181562,-0.024059495,1.0,0.7164152,0.47915807,-0.16052191,0.1215521,0.2805991,0.310539,1.0,0.01966831,0.9250655,0.75558037,0.0035467113,0.009555466,0.5154737,-0.48405293,0.57277924,0.3647742,-0.070436314,0.33543244,1.0,-0.13708703,0.10834177,0.14839482,0.86742103,0.99502486,1.0,0.4385455,0.910801
BSH2%UPI000463FA77,-0.512209,-0.50041157,0.26950258,-0.3770136,0.03206893,0.056885887,-0.09570916,-0.47648442,0.5647174,0.52110445,-0.4389977,-0.18901786,-0.019482065,0.23618813,0.17726262,0.1690368,0.27157506,-0.6517615,0.17857154,-0.4514928,-0.46952623,0.054886296,0.13645624,-0.41557842,0.5926734,0.059410006,0.43621358,0.38744086,0.11618475,-0.04704278,0.17670578,-0.53252393,0.18255232,-0.4645272,0.2830997,-0.45496935,-0.55481017,-0.066202894
BSH2%UPI0004B97954,-0.3570513,-0.22491361,0.19658028,-0.17219478,0.09804085,0.041535974,0.07678387,0.0203357,0.43757287,0.308614,-0.1058959,-0.014913554,0.004585876,0.38174748,-0.015201913,0.09447332,0.1201026,-0.17512713,0.038196623,-0.033342294,-0.14962293,-0.11014753,-0.055271048,-0.1414236,0.3189579,-0.025582647,0.17465633,0.20732604,0.12255738,0.19832604,-0.056099158,0.019477524,-0.055027135,-0.30021316,0.089911096,-0.45825908,-0.31635654,0.08465309
BSH2%UPI00050FFCF5,0.69043565,0.3869535,0.096061096,0.3189423,0.11691226,-0.049943868,0.11737772,0.25144842,-0.16990617,-0.1599059,0.14205576,0.13525744,0.45114917,-0.20691952,0.106762454,0.06284321,0.089153506,0.34901497,0.03946504,0.26296982,0.3980429,0.0636233,0.14670947,0.1819808,-0.3438452,-0.21039763,-0.21403702,-0.2506755,0.0732389,0.22658165,0.12148927,0.15571812,0.053449776,0.6217357,0.0562481,0.6968819,0.43100408,0.049561717
BSH2%UPI0005738721,-0.4915344,-0.38003317,0.01645706,-0.41151205,-0.14811176,-0.4956822,-0.10181797,-0.3478281,0.056228485,-0.011143688,-0.3092249,-0.42356145,-0.39217427,0.03370528,-0.11819786,-0.17141964,-0.18783142,-0.43854877,-0.11642162,-0.36386326,-0.49828613,-0.19355197,-0.062748335,-0.36420873,0.07739664,-0.30251548,-0.2891905,0.13609725,-0.11740067,-0.40477872,-0.042366073,-0.2533383,-0.085822575,-0.11717128,-0.13868755,-0.39152697,-0.25072178,-0.14063661
BSH2%UPI0005D317A6,-0.3483571,-0.61893946,0.5830101,0.11549269,0.75581926,0.45800987,0.6656211,-0.17348878,0.61828244,0.5354439,-0.6490085,-0.3157958,-0.20721477,0.42035374,0.7248041,0.6936604,0.6921745,-0.33466062,0.7825618,-0.6378245,-0.09222956,0.7901701,0.88139015,0.13410485,0.27184835,-0.18380636,-0.043624304,0.36394414,0.66881835,0.15984511,0.78340966,-0.118954465,0.6461758,0.18258584,0.5037459,-0.291358,-0.5421828,0.48345345
BSH2%UPI0005DCCFF2,1.0,1.0,-1.0,1.0,-1.0,-0.34653908,-1.0,0.6495391,-1.0,-1.0,0.7235216,1.0,1.0,-0.96188134,-1.0,-1.0,-1.0,0.6932312,-1.0,1.0,1.0,-1.0,-1.0,0.6927887,-1.0,0.2422048,0.4378863,-0.8496399,-1.0,0.48279014,-1.0,1.0,-1.0,-0.16427562,-1.0,1.0,1.0,-0.8585449
BSH2%UPI0006649122,-0.768183,-0.67858,0.21085915,-0.43566972,0.35743138,-0.07567499,0.3480628,-0.53803927,0.3604712,0.3280783,-0.6443996,-0.6628412,-0.55138737,-0.11321104,0.47246715,0.42746943,0.40884483,-0.71648335,0.43605605,-0.76901597,-0.43690115,0.38591,0.32723737,-0.5479431,0.29297984,-0.034608174,0.015580744,0.1663256,0.49359936,-0.2985061,0.37918684,-0.47254595,0.5002775,-0.5514267,0.100747965,-0.79834884,-0.7531714,-0.08234908
BSH2%UPI0006A496D2,-0.25658664,-0.29961568,0.28804934,0.0748799,0.11141884,0.3796092,0.14746137,0.012651278,0.4594368,0.45255345,-0.31295872,0.06037295,0.112273075,0.3723614,0.21626613,0.34506872,0.36906266,-0.06686271,0.20707864,-0.30250728,0.0045822896,0.17341001,0.13791679,0.0499918,0.57035494,0.23769802,0.47018406,0.38430983,0.18040285,0.22371022,0.364129,-0.046071436,0.26880056,-0.17067024,0.17673343,-0.11039896,-0.23938757,0.034408562
BSH2%UPI0006BFFEB7,-0.8953688,-0.43367344,-0.25475812,-1.0,-0.44955066,-0.5687295,-0.5870649,-0.49385396,0.02363745,-0.014434156,-0.18768637,-0.2829361,-0.37450084,0.3792071,-0.6414824,-0.5203126,-0.4139873,-0.43412074,-0.71651214,-0.24747749,-0.79300785,-0.71067506,-0.81061906,-0.7975537,0.7146997,-0.12740605,0.375931,0.6009331,-0.58965325,-0.8254929,-0.6948249,-0.53584296,-0.79149354,-0.12346671,-0.55706286,-0.6898962,-0.25701585,-0.38723004
BSH2%UPI0006C043E9,-0.12725669,-0.4458396,0.370533,-0.32571426,0.29256877,-0.012512526,0.15173511,-0.27725366,0.4932756,0.3845641,-0.3898223,-0.45474902,-0.23232254,0.047049493,0.43516943,0.16156156,0.30117252,-0.34591177,0.31057042,-0.37177664,-0.3393693,0.20164953,0.2522896,-0.51150817,0.41530254,-0.39519417,-0.2562625,0.3432213,0.26455614,-0.076181404,0.14376152,-0.35471612,0.19404739,-0.0455023,0.32836035,-0.18100779,-0.44942796,-0.04480579
BSH2%UPI0006C0EB58,0.58731693,0.24533731,0.41635475,0.4493451,0.4709551,0.45443884,0.5494892,0.68923,0.19759804,0.3514389,0.40140662,0.37477627,0.10903482,0.06809951,0.3121814,0.5650942,0.39767155,0.80584276,0.24714075,0.38101694,0.60839,0.2809336,0.17597848,0.59248173,-0.048152298,0.35311556,0.110191785,-0.045672152,0.40488067,0.5265135,0.29448646,0.40046686,0.33398426,0.48001733,0.47882932,0.5919506,0.17973633,0.58298993
BSH2%UPI0006C1ADDE,0.04592749,0.107876316,-0.14643694,0.16113544,0.015604363,0.017603071,0.19005637,0.062552996,-0.16520627,-0.076938055,0.20558678,0.01166989,-0.038806047,-0.2822586,0.04207502,0.121344864,0.006885176,0.28410736,-0.009503117,0.17763086,0.07257669,0.041859515,-0.0331404,0.18878971,-0.23629202,0.23002544,0.04229136,-0.21940954,0.18065664,0.30118674,0.26062042,0.15482056,0.19542766,-0.047713432,-0.0844295,0.06510848,0.114494376,-0.12028749
BSH2%UPI0006C23C60,0.64463943,0.6857168,-0.5884443,0.34356394,-0.69982755,-0.41923913,-0.5654139,0.13681841,-0.7179514,-0.5361491,0.31480736,0.36319822,0.72148186,-0.53573376,-0.51929504,-0.6402109,-0.71576935,0.29212135,-0.632945,0.479809,0.3146038,-0.39335778,-0.4781744,0.09820541,-0.52196616,-0.16764352,-0.23599117,-0.61564595,-0.6568037,-0.19980425,-0.36358348,0.1766136,-0.45713407,0.15453462,-0.47811994,0.59481657,0.7880064,-0.600004
BSH2%UPI0006C28698,0.18318817,0.09100348,0.21370922,0.15555823,0.11978906,0.32334748,0.24989304,0.47504744,0.10460921,0.11797833,0.2825227,0.5547492,0.22532073,0.4314407,0.020459928,0.33740264,0.12391042,0.6082264,-0.12938875,0.18354227,0.2796896,-0.020020435,-0.16780448,0.19813675,0.28970405,0.520874,0.38986734,0.076285414,0.0141656995,0.058332007,-0.019176451,0.2408392,0.077022485,-0.019630507,0.2687707,0.25596,0.058659524,0.2604596
BSH2%UPI0006C45BC8,-0.7278473,-0.5474268,-0.115659066,-0.7831969,-0.30047408,-0.1695684,-0.5333758,-0.42876422,0.30243775,0.33422545,-0.44837832,-0.33684948,-0.3957011,0.42408663,-0.29538977,-0.24833883,-0.09644952,-0.58533996,-0.3770796,-0.47531864,-0.6089043,-0.4551297,-0.29420274,-0.5613049,0.77457404,-0.2769108,0.3648749,0.5793931,-0.42336857,-0.6290037,-0.37750798,-0.46271375,-0.46395376,-0.5858715,-0.17829432,-0.6684402,-0.45954084,-0.2224024
BSH2%UPI0006C4A6B6,0.055695266,0.28288037,-0.19491675,-0.4284126,-0.25063017,-0.40750185,-0.38170582,-0.38506114,-0.12785487,-0.14996135,-0.16076878,-0.116864115,-0.04549529,-0.13395153,-0.21384309,-0.46480247,-0.33401132,-0.44459942,-0.2804944,-0.049598057,-0.8057117,-0.30564103,-0.27125207,-0.6395222,0.061021816,-0.41964832,-0.23532696,-0.03127616,-0.3172969,-0.6291694,-0.21930039,-0.29789633,-0.32763693,0.16759631,-0.4052564,-0.26650885,0.17009945,-0.29735783
BSH2%UPI0006C52F45,0.0034455874,-0.05508672,0.3337744,-0.051710438,0.13634059,0.0595445,0.058585413,-0.04846814,0.42539355,0.2158835,-0.12086227,-0.023882998,0.16728182,0.34162635,0.09678704,0.099400215,0.07093676,-0.20977941,0.09425006,-0.21066749,-0.16571042,0.025856992,0.13523245,-0.19519603,0.28598484,-0.29093358,-0.2514746,0.10575944,0.04473792,0.09048532,0.2718548,0.13965744,0.23952177,0.41079536,0.11125457,-0.1595946,-0.16060217,0.19703446
BSH2%UPI0006C5C844,-0.37301928,-0.12427107,0.06442914,-0.23903324,-0.12958692,-0.037844263,-0.13031004,-0.13668458,0.31224537,0.25317565,-0.013369193,-0.2361256,-0.17613621,0.08577518,-0.12059089,-0.08730683,-0.0977213,-0.32807112,-0.102855176,-0.108205274,-0.38660088,-0.22630888,-0.15985495,-0.39761394,0.23265508,-0.13700923,-0.15515345,0.03129933,-0.036987655,0.06373745,0.13889264,-0.115620114,0.046387624,-0.0918267,-0.13887183,-0.43945548,-0.19368985,-0.090244465
BSH2%UPI0006CAB5AD,0.057620365,-0.21498367,0.54210764,0.68711805,0.059734736,0.8144965,0.23651056,0.828164,0.65484697,0.8274622,0.3468387,0.67567796,0.46463785,0.45391455,0.20077404,0.46472585,0.43566784,0.6265926,0.25716993,0.15704422,0.90052015,0.23233645,0.13651547,0.704341,0.68744767,0.8584038,0.73650444,0.486075,0.1553201,0.737818,0.31845304,0.393125,0.46795806,0.17521611,0.56341976,0.56374866,-0.1193801,0.47096953
BSH2%UPI0006CABE2C,-0.29742905,-0.5587678,0.7157106,-0.2518447,0.7970141,0.14922166,0.9085324,0.035662085,0.50931954,0.6357049,0.1510456,-0.24141294,-0.7630205,0.23549286,0.5244041,0.83548295,0.62955767,0.18143511,0.56088907,-0.083226115,-0.035757482,0.65647566,0.6531721,0.18737252,-0.20433679,0.052034125,-0.10355531,0.021590993,0.8914108,0.41298398,0.6710373,-0.48592454,0.69105154,0.29000473,0.7640086,-0.02643107,-0.55405664,0.7710186
BSH2%UPI00082062C1,-0.096506454,-0.3636354,0.74775726,-0.11907828,0.46449628,0.20646085,0.43448177,-0.1171714,0.73188317,0.59130305,0.019935628,0.0641335,0.03235363,0.3284716,0.39345652,0.48175758,0.4706158,-0.13820963,0.43798688,-0.20381473,-0.2273044,0.57924515,0.49968526,-0.1991087,0.30899966,0.120782435,0.14071928,0.24640241,0.5102591,0.1804963,0.45544925,-0.58235925,0.61136794,0.41090044,0.78222513,-0.0044443556,-0.45598075,0.5799702
BSH2%UPI000820857A,-0.8157177,-0.7674422,0.50705874,-0.39173606,0.39960957,-0.040463742,0.43719235,-0.28210315,0.5391268,0.57238775,-0.42227238,-0.36312225,-0.37372765,0.5626224,0.3425205,0.47264764,0.44992918,-0.44749588,0.26608562,-0.6497664,-0.47413334,0.22429389,0.12640613,-0.5196108,0.57906294,0.21294613,0.12500775,0.56607985,0.45155445,-0.25228652,0.2687363,-0.4935409,0.42001396,-0.24936077,0.37467325,-0.60323244,-0.7479588,0.2611723
BSH2%UPI000820B778,-0.06864838,-0.109709494,0.20706168,0.12081116,-0.006426696,0.028158996,0.044328053,0.047438238,0.29010913,0.2774682,0.013901573,0.32311216,0.46397653,0.396319,0.051059518,0.09354894,0.1569358,-0.040542867,0.04692996,-0.05672353,0.06764495,0.123810075,0.07973001,0.08050816,0.3476986,0.3106178,0.47276622,0.294933,0.03939226,0.13657783,0.06137259,-0.10546634,0.16198948,0.045143884,0.25931022,0.12209741,-0.095061556,0.07549459
BSH2%UPI000820F666,0.40687528,0.5443515,-0.7113148,-0.16743982,-0.5608717,-0.34826574,-0.5806357,0.18238378,-0.68657595,-0.5323109,0.51005936,0.26142648,-0.16600446,-0.4542175,-0.5955782,-0.5980539,-0.6681493,0.3100986,-0.6744759,0.6137243,0.09557731,-0.6913502,-0.52028394,0.1595433,-0.6500536,-0.020667013,-0.034630112,-0.645045,-0.56944305,-0.20520638,-0.7123407,0.04800377,-0.7106855,-0.48683015,-0.40287563,0.242135,0.451905,-0.38676646
BSH2%UPI000821232B,0.31027988,0.48547524,-0.41267523,0.12867603,-0.3665441,-0.1681358,-0.37964866,0.28751805,-0.30464423,0.0059683733,0.07843311,0.057522934,0.2040483,-0.1512363,-0.36686304,-0.33891898,-0.334201,0.15303108,-0.4358358,0.28528535,0.15680957,-0.5525137,-0.5288644,-0.084574245,-0.058804408,-0.31059608,-0.26507646,-0.32447553,-0.46200204,-0.22719838,-0.4466651,0.19737417,-0.5205722,-0.39150682,-0.43719172,-0.0059597017,0.34525624,-0.34502554
BSH2%UPI0008219BA0,-0.7511522,-0.76358986,0.31944194,-0.2657956,0.3213706,0.45617816,0.200968,-0.12284869,0.7984464,0.8055715,-0.10628202,-0.38722774,-0.6500082,-0.011080355,0.42403147,0.36736777,0.46104163,-0.25647122,0.5628628,-0.34985626,-0.11013526,0.49388897,0.41948077,0.067022644,0.58848584,0.11496465,0.16238211,0.31839982,0.40629283,0.2768699,0.40766189,-0.2532945,0.52823794,-0.516374,0.3900646,-0.5635276,-0.86686635,0.0848713
BSH2%UPI000821B1D8,0.22220348,0.3596995,-0.069301054,0.36935273,-0.041133035,0.20404305,0.034695685,0.4832039,0.0047045806,0.2750117,0.27748582,0.37748402,0.5389777,0.12105996,-0.11148788,0.07071372,0.049743224,0.40516847,-0.12900545,0.36267722,0.5738069,-0.14868055,-0.23295419,0.27794334,0.22550727,0.2276232,0.32640976,0.032461606,-0.061524227,0.32088616,-0.110576555,0.31328052,-0.08545186,0.06309263,-0.20554815,0.2196277,0.3040547,-0.06422779
BSH2%UPI000821B9AC,0.1777228,-0.30049667,0.715964,0.5885619,0.6287128,0.8639682,0.6331849,0.3674764,0.7864827,0.78300303,-0.13727807,0.26382726,0.42107612,0.45283952,0.8856855,0.8031752,0.91660464,0.26767504,0.659416,-0.16934083,0.42468777,0.49728563,0.5030472,0.10232382,0.83631337,0.60668844,0.5704056,0.8116731,0.7274109,0.8400607,0.64282006,0.24301615,0.80749655,0.00035764754,0.6358495,0.31465226,-0.30258143,0.4019717
BSH2%UPI000821FD65,-0.13822316,0.08095416,0.0061027133,0.12883976,-0.38706836,0.035532765,-0.36683184,0.24313697,0.26870543,0.34131378,0.151418,0.625244,0.6159306,0.29295036,-0.18886295,-0.12743688,0.021280643,-0.054978766,-0.35266113,0.2404749,0.020617353,-0.4423281,-0.3854139,-0.07572969,0.5882122,0.39352235,0.6857902,0.29959825,-0.34068784,-0.039300244,-0.4539683,-0.053348705,-0.31102106,-0.70417863,-0.11840103,-0.07182508,0.017728157,-0.21669786
BSH2%UPI0008222B5A,0.31655908,0.21634045,-0.022053242,0.11089391,-0.10191728,-0.36127776,-0.048734296,-0.002098503,-0.13401963,-0.12131147,0.2072035,0.5110427,0.5281845,0.090289585,-0.1433541,-0.09372669,-0.079672165,-0.012486205,-0.20161434,0.27315181,0.25720862,-0.1173604,-0.08038749,0.15468584,-0.16650543,0.23916362,0.37874785,0.074564785,-0.042419095,0.08947301,-0.30377164,-0.002503603,-0.14114223,0.07506059,0.083016485,0.4256507,0.20617153,0.0331753
BSH2%UPI000822F9A5,0.09427128,0.4252218,-0.58882993,0.16787234,-0.3850868,-0.2249297,-0.3660688,0.23591357,-0.5747097,-0.4032385,0.09563207,0.0841853,0.2597577,-0.25624898,-0.35585222,-0.3925556,-0.44568667,-0.026669303,-0.44863617,0.2677702,0.25026125,-0.5522722,-0.40477374,0.041603055,-0.31961423,-0.07320025,-0.108025454,-0.49047425,-0.45568603,-0.2677124,-0.46512654,0.46984583,-0.44270226,-0.4832752,-0.6438154,-0.15286782,0.29678854,-0.3755791
BSH2%UPI0008230885,0.04189751,0.14085825,-0.14169608,0.26170537,-0.19288015,0.05813286,-0.063575186,0.23450023,-0.07473681,0.099504724,-0.008598759,0.055568065,0.21642967,0.0399135,-0.1442305,-0.04709843,-0.14218697,0.23091462,-0.16255951,0.0538748,0.45211002,-0.10565665,-0.28039312,0.05472882,0.16983266,0.086552665,0.11486312,-0.10106143,-0.17419188,0.100500785,-0.11592,0.11054201,-0.10825543,-0.13181591,-0.12874769,-0.0013551484,0.106411636,-0.14597996
BSH2%UPI00082332C0,0.4257041,0.7071123,-0.8220668,-0.036027595,-0.6839265,-0.58819854,-0.64083457,0.0013710182,-0.8809443,-0.7994498,0.25553474,0.060718898,0.2837188,-0.5624474,-0.65039504,-0.81312007,-0.89526016,0.08825415,-0.7819242,0.5087881,0.12026092,-0.6885809,-0.6099889,-0.17991613,-0.6436556,-0.48665938,-0.4673934,-0.64341646,-0.7338828,-0.34511286,-0.659304,0.22264996,-0.7957565,0.021200798,-0.8701275,0.19306579,0.757714,-0.699931
BSH2%UPI000960BD65,-0.4707918,-0.44521132,0.16874078,-0.31333277,0.19034922,0.09803993,0.015589719,-0.4346818,0.4903564,0.5611448,-0.5880746,-0.21950792,-0.13156411,0.14912076,0.30803433,0.25124592,0.21858855,-0.56109524,0.16054034,-0.6224537,-0.31311503,0.29138884,0.07457436,-0.45961875,0.79707956,-0.04253753,0.22691354,0.2352106,0.06475855,-0.50313693,0.078614645,-0.56023675,0.1718853,-0.41753295,0.1879964,-0.6192272,-0.60114086,-0.22243997
BSH2%UPI000961A2BF,-0.21095097,-0.27981892,0.2803758,0.13580877,0.24219859,0.18711087,0.2697649,0.016822727,0.30242744,0.2457418,-0.28785372,-0.13943547,0.012345721,0.35189924,0.2776575,0.17850289,0.17982854,-0.10896421,0.2349168,-0.39328995,-0.10716139,0.40268198,0.34022596,-0.16599792,0.30513367,-0.063000716,-0.089697644,0.13548405,0.19843419,-0.13815676,0.34377912,-0.24809751,0.3780045,0.27177325,0.1982982,-0.158709,-0.23444171,0.12129853
BSH2%UPI000966A84B,-0.3273555,-0.14043932,-0.22619705,-0.46196792,-0.28610128,-0.47901455,-0.28973693,-0.6418744,-0.039141998,-0.27525592,-0.17449963,-0.017694468,0.23264916,0.08870738,-0.23726295,-0.2991167,-0.4096937,-0.42807388,-0.40782735,-0.23545992,-0.56305754,-0.1287044,-0.29953858,-0.6011961,0.28961945,-0.08033282,0.09159872,0.02333406,-0.31206125,-0.49177167,-0.17552629,-0.52072245,-0.19661328,-0.017872252,-0.19450167,-0.34571284,-0.08231451,-0.5265559
BSH2%UPI00096829BD,0.84413624,0.68562245,-0.11086327,0.82391894,-0.40480828,0.26553398,-0.1061227,1.0,-0.30261058,-0.29313055,0.77017456,0.9185266,0.9950044,0.16190702,-0.3862617,-0.18201382,-0.3531958,1.0,-0.5295545,0.7877574,0.9209989,-0.2893113,-0.37419647,0.75820625,-0.11130413,0.41696483,0.29526407,-0.40315288,-0.5116479,0.41753125,-0.3111186,0.69262606,-0.30457902,0.45626557,0.05276637,0.9870862,0.82925916,0.047741648
BSH2%UPI0009698BA7,0.1761455,0.5123902,-1.0,-0.45769072,-0.93405384,-0.8621184,-0.975631,-0.2764101,-0.9652624,-0.86929876,0.28726447,0.05599365,0.21869074,-0.49965397,-0.8765691,-1.0,-1.0,-0.16373287,-1.0,0.5383897,-0.33634263,-1.0,-0.6196436,-0.36850926,-0.6810294,-0.6372548,-0.2544726,-0.67242414,-1.0,-0.6861487,-0.89614695,-0.20164658,-1.0,-0.2536921,-1.0,0.045181487,0.69413334,-1.0
BSH2%UPI0009C3B121,-0.058819182,-0.16067012,0.47463518,0.34974486,0.47289407,0.31917188,0.46743822,0.23187082,0.4604688,0.6557284,-0.25992012,-0.11566744,0.13558668,0.40806732,0.3276284,0.49610865,0.5053441,0.06440964,0.47132152,-0.23381798,0.45326847,0.36993083,0.26429313,0.20501888,0.2706829,-0.041838188,-0.06138781,0.3504506,0.45616177,0.43887037,0.3911372,0.260188,0.4086457,0.25595143,0.31227604,-0.118322834,-0.24411754,0.5185255
BSH2%UPI000B3674FC,0.09939203,0.61468315,-1.0,-0.10668301,-0.94912606,-0.09827646,-1.0,-0.099868,-1.0,-0.74024713,0.48278782,-0.053738527,0.081164055,-0.81447935,-0.7648237,-1.0,-0.79065984,-0.06407694,-0.8964016,0.6609769,-0.03820444,-1.0,-1.0,-0.1885481,-0.48036352,0.29308686,0.3786472,-0.59272206,-0.9406729,-0.15412597,-1.0,-0.039575666,-1.0,-1.0,-0.866145,-0.06420892,0.5265727,-0.81459945
BSH2%UPI000B431D75,0.14311193,0.12538303,0.14453633,-0.20310183,0.030280404,-0.49610156,0.059081458,-0.11171002,-0.13988905,-0.27226794,0.14782311,0.22266649,0.24279968,0.16851652,-0.13717291,-0.011834668,-0.04640885,-0.13244452,-0.24299648,0.15462506,-0.12965144,-0.2701012,-0.24386355,-0.2672408,-0.12753738,0.09413685,0.17542121,0.26506668,0.037788082,-0.075555414,-0.38610947,-0.064799875,-0.26069418,0.25009447,0.08415872,0.100652285,0.119339384,0.2516031
BSH2%UPI000C84F661,-0.19186382,0.029840318,-0.20289002,-0.4440535,-0.17530142,-0.29796657,-0.18300639,-0.18342982,-0.17244898,-0.030806717,-0.23379157,-0.021792384,-0.31102696,0.050231628,-0.20174518,-0.14685787,-0.18018845,-0.27511922,-0.23054418,-0.12457839,-0.31612512,-0.3432921,-0.33881667,-0.39750585,0.10999017,-0.102480315,0.027023228,0.09596665,-0.18458202,-0.5271751,-0.36327285,-0.15706798,-0.35007995,-0.42425135,-0.30921105,-0.33834448,-0.052621193,-0.13912918
BSH2%UPI000D1261F9,-0.1941532,-0.57707816,0.78274584,-0.15687594,0.6862649,0.48168507,0.5082651,0.24443693,0.79188496,0.75223744,0.06265949,-0.031792626,-0.4677286,0.3833062,0.44572234,0.7218966,0.67689675,0.2917651,0.65254915,-0.18007082,0.27604613,0.72256935,0.63631254,0.48628348,0.3178035,-0.07429728,0.006417198,0.36837023,0.5027863,0.22931524,0.34297055,-0.10887343,0.45198795,0.236116,0.88146245,0.01892927,-0.6462403,0.82275516
BSH2%UPI000D58F0CE,0.43976766,0.27925074,0.23042819,0.009887006,0.07869906,-0.33605057,0.012165039,0.23715006,0.10331911,-0.115976475,0.1748287,0.17849669,0.166602,0.07053192,-0.028604312,-0.10044048,-0.10747597,0.06788187,-0.11427869,0.19826402,-0.1341675,-0.1344708,-0.047622308,-0.01539797,-0.109029606,-0.47026965,-0.551679,-0.027012521,-0.102637835,-0.13429506,-0.20439957,0.31691363,-0.16789693,0.57143134,0.08289951,0.19338357,0.19689849,0.19067049
BSH2%UPI000D7ABA35,-0.010675601,0.15088275,-0.113299966,-0.11506768,-0.19083521,-0.4254838,-0.13523646,-0.09862851,-0.0032151605,-0.002813815,-0.019506989,0.051112596,0.16602029,-0.044342026,-0.11539435,-0.24870378,-0.35946685,-0.2554597,-0.3262203,0.079844385,-0.29514217,-0.26546353,-0.21154039,-0.33860797,0.0241719,-0.3297299,-0.37004793,-0.24196884,-0.19997841,-0.28111127,-0.13965023,-0.16811205,-0.19373003,0.0030505026,-0.25863177,-0.21044858,0.09750353,-0.35813627
BSH2%UPI000D7ADB68,0.31251657,0.51139563,-0.31216866,-0.86525273,-0.20215291,-0.82852733,-0.5440972,-0.97648674,-0.30667642,-0.616481,-0.20461868,-0.13012977,0.31169063,-0.41619444,-0.25646254,-0.5487416,-0.37634116,-0.7546045,-0.3110913,-0.03453966,-1.0,-0.26569694,-0.30252036,-0.99960315,-0.09068156,-0.6801333,-0.25398594,-0.11536801,-0.38227537,-0.94465095,-0.5063185,-0.40317482,-0.45509213,0.20875132,-0.3861144,-0.32001987,0.22366524,-0.4676616
BSH2%UPI000DF74F5E,0.7364724,0.906392,-0.6900036,0.78540766,-0.8962402,-0.0038996674,-0.6747152,0.85869217,-0.8287827,-0.73970526,0.5995134,0.8247446,0.97146195,-0.088076584,-0.7245896,-0.6883685,-0.66956186,0.686818,-0.8669339,0.82938313,0.95039487,-0.9090558,-0.77847826,0.5176932,-0.3359967,0.36727488,0.33201322,-0.45754236,-0.93409556,0.21392022,-0.897697,0.8876338,-0.8334737,-0.26804653,-0.68896765,0.71808493,0.96115136,-0.357494
BSH2%UPI000E40484B,-0.09519687,-0.36260203,0.4383082,0.037122834,0.35617608,0.2919367,0.47959617,0.121063195,0.45721665,0.461893,0.21437146,0.054369785,-0.35272822,0.056056615,0.35956654,0.51058257,0.41885385,0.30369598,0.42015636,-0.06808119,-0.042003073,0.43345273,0.27283388,0.20155261,0.111347035,0.45299613,0.14212835,0.16885826,0.5001741,0.36950257,0.50351703,-0.105218284,0.6552661,-0.028133309,0.63518655,0.09651204,-0.44884804,0.45702228
BSH2%UPI000E42566B,0.5383245,0.3408632,0.23611176,0.33580178,0.04246377,-0.049978726,0.13738002,0.40029275,0.2475086,0.071393885,0.52195185,0.4635801,0.46862113,-0.057718266,0.08204028,-0.00942231,-0.0389705,0.39882872,0.026843587,0.46657515,0.23699115,0.18336457,0.14001471,0.26705334,-0.15414068,-0.026014034,-0.19000529,-0.25102752,0.09942881,0.45634794,0.11415127,0.13321093,0.21110746,0.52783036,0.28909713,0.47654724,0.23750603,0.097424895
BSH2%UPI000E4418E2,0.5421617,0.29352286,-0.0441645,0.00503884,-0.1802026,-0.012787595,-0.2629547,0.26271966,-0.09905409,-4.215903e-05,0.22522795,0.17035216,0.23533379,0.09922836,-0.3113028,-0.25807253,-0.20337322,0.5101722,-0.3162363,0.23728117,0.120599,-0.19244635,-0.2809541,0.053765114,0.09490056,-0.24953759,-0.08994741,0.07266933,-0.39987555,-0.24773668,-0.23907669,0.05523571,-0.34924737,0.65277296,0.03255423,0.5271953,0.37133762,0.15176316
BSH2%UPI000E4BF981,0.34735313,0.29324606,0.0063164,0.38405958,-0.15392007,0.2614932,-0.035029203,0.538598,0.09520905,0.08010192,0.92765343,0.73799944,0.2738495,-0.1454293,-0.07471612,-0.03162589,-0.022693919,0.59488666,-0.15836932,0.7603333,0.35962477,-0.12571776,-0.11393354,0.47684494,-0.16700485,0.56165,0.31119615,-0.14540729,0.01567815,0.6774876,-0.17320666,0.2602662,0.024944112,-0.15718134,0.2586259,0.43562776,0.18100989,0.12910463
BSH2%UPI000E53BC4B,-0.7592297,-0.7616365,0.378711,-0.16812333,0.20664145,0.1942641,0.21216778,-0.15751192,0.6007911,0.5277721,-0.13944404,-0.007833615,-0.12759459,0.3614484,0.3727057,0.4145933,0.45536584,-0.24723977,0.20109841,-0.42346233,-0.1707322,0.21647659,0.11707567,-0.22988635,0.7920157,0.58390146,0.64932936,0.67675066,0.3281762,0.06543822,0.18040422,-0.37765634,0.400303,-0.38528877,0.33904108,-0.38117564,-0.6961349,0.097839214
BSH2%UPI000E53DAEE,0.23491031,-0.3251112,0.8103223,0.69424534,0.56304747,0.82978606,0.76524436,0.9464051,0.8117206,0.829999,0.30737466,0.5474787,0.2526734,0.555117,0.57951397,0.84491533,0.8120617,0.87312275,0.72238433,0.08441996,0.90772545,0.8801998,0.7629016,1.0,0.40540516,0.5952468,0.56140316,0.38148972,0.6026763,0.87431055,0.6747389,0.33194795,0.81459355,0.41239595,0.9972787,0.7508507,-0.20566662,0.8299419
BSH2%UPI000E54458D,0.35724068,0.3701603,-0.3487506,0.08873537,-0.2682816,-0.45633405,-0.22672565,-0.17828126,-0.308846,-0.58368677,0.057575263,0.22706002,0.6678669,-0.22762994,-0.22457267,-0.37853405,-0.46816906,-0.066301964,-0.28031933,0.16716932,0.014938412,-0.006105893,-0.057860017,-0.08860706,-0.32274696,-0.35701907,-0.23998912,-0.37697616,-0.338758,-0.18732102,-0.27221268,0.07337421,-0.25750124,0.13856491,-0.22984502,0.1397378,0.37621343,-0.43782783
BSH2%UPI000E8E16B0,-0.11032899,0.040566057,-0.31408197,-0.50581366,-0.14424773,-0.2873248,-0.34135386,-0.55202246,-0.23276229,-0.25730553,-0.114486486,-0.3526522,-0.39408743,-0.21831563,-0.17373666,-0.36179096,-0.17951828,-0.3600731,-0.11199236,-0.10717435,-0.5073635,-0.14411089,-0.062459227,-0.34948903,-0.22967684,-0.32764015,-0.12143261,-0.08300816,-0.13847096,-0.3208212,-0.15775384,-0.48926353,-0.22772752,0.0026786737,-0.29429424,-0.22448294,-0.024895728,-0.28375956
BSH2%UPI000E92006C,-0.8964484,-0.6268002,0.1861633,-0.49030468,0.21559292,0.014723508,0.25471243,-0.37123242,0.4982886,0.2988828,-0.24267267,-0.6185279,-0.7906452,0.07820922,0.19061746,0.21129009,0.15439694,-0.3737687,0.3870527,-0.5192132,-0.6311543,0.42775682,0.3642607,-0.24037644,0.16218042,-0.34057936,-0.43830448,0.026288556,0.25311282,-0.10522046,0.44178334,-0.27252275,0.3730203,-0.23982118,0.12029484,-0.8924918,-0.66099787,0.016214455
BSH2%UPI000E9C22D0,0.9819179,0.9377536,-0.604768,1.0,-0.43938377,0.123999976,-0.28577742,0.65691125,-0.6467509,-0.4959223,0.46194738,0.4373175,1.0,-0.56278926,-0.35386753,-0.3487471,-0.19494645,0.65777475,-0.18932168,0.76532257,1.0,-0.3110882,-0.21661304,0.8276774,-0.7227163,0.22344021,0.343304,-0.49399,-0.2928289,0.8326377,-0.41078803,0.77050036,-0.4171225,-0.11357291,-0.19144036,0.7955735,0.92258656,-0.101135276
BSH2%UPI000ECC9F84,0.12443828,0.33516628,-0.7009642,-0.052011754,-0.42674297,-0.18658248,-0.49298793,-0.13026956,-0.50848675,-0.51585674,0.09100995,0.02233855,0.19501922,-0.36988437,-0.32376766,-0.5248918,-0.5214985,-0.017637687,-0.45958456,0.22608617,0.11392363,-0.4345026,-0.4447856,-0.070922695,-0.106225334,-0.11241218,-0.114902556,-0.33132473,-0.49416873,-0.18373683,-0.41617006,0.16255356,-0.45244917,-0.23403628,-0.70991397,0.009335524,0.3263178,-0.81022906
BSH2%UPI000EE4CDBB,-0.29041034,-0.07973997,-0.36940843,-0.72666246,-0.51204807,-0.8751904,-0.4123328,-0.42327997,-0.28861943,-0.47055244,0.14298065,0.16267918,-0.2025019,0.11956461,-0.5531908,-0.52331614,-0.5720541,-0.2488067,-0.7991456,0.1541917,-0.8049312,-0.6326737,-0.35276404,-0.3361738,-0.25814095,-0.35514724,-0.017381746,-0.09244402,-0.5076993,-0.57886684,-0.5066019,-0.42077824,-0.7299316,-0.097334735,-0.39815322,-0.22525923,0.16336335,-0.39286283
BSH2%UPI000EE93911,0.09153834,0.22722478,-0.288861,-0.3226587,-0.18011777,-0.59512335,-0.21139114,-0.466994,-0.2863779,-0.54350626,-0.09750729,-0.041887995,0.37512472,-0.16563483,-0.21434967,-0.3193006,-0.32990327,-0.33441985,-0.24329153,-0.015830254,-0.32169685,-0.11265074,-0.09748532,-0.3580444,-0.19782212,-0.35946697,-0.120866485,-0.2109426,-0.24615704,-0.33586675,-0.24844602,-0.099903464,-0.23042576,0.13099514,-0.28466675,-0.13956875,0.20064831,-0.38100687
BSH3%UPI000156F498,-0.43028885,-0.38820654,0.34191847,-0.39001822,0.30028212,-0.34246704,0.2347451,-0.31748492,0.21365649,0.109142445,-0.31548864,-0.34995702,-0.2595878,0.24833098,0.07774817,0.17926414,0.12226969,-0.4098518,0.13922405,-0.38832644,-0.41358247,0.15205352,0.05210621,-0.27957588,0.045863546,-0.2882714,-0.3883599,0.109564476,0.20887373,-0.3669786,0.039574496,-0.26974222,0.085553035,0.2000038,0.19895428,-0.44231936,-0.39536276,0.18405584
BSH3%UPI00016547A5,0.42609215,0.55769813,-0.50691015,-0.07531532,-0.47003287,-0.61489385,-0.44278544,0.06643476,-0.69392073,-0.7586647,0.22138949,0.1592168,0.16811113,-0.30632636,-0.5210313,-0.60807467,-0.69279516,0.14029208,-0.6025147,0.41675484,-0.018910125,-0.4891111,-0.39332402,-0.11476052,-0.5706934,-0.5022505,-0.5917215,-0.46774918,-0.56613874,-0.5024454,-0.529311,0.21800886,-0.62953407,0.14989862,-0.6338458,0.24806729,0.6554255,-0.46377063
BSH3%UPI00017EF3F1,0.03922491,0.00435021,-0.13566005,-0.47996733,-0.38266033,-0.26125205,-0.5592262,-0.2721736,-0.16813523,-0.09708663,-0.07761331,-0.07217791,-0.03737304,0.014109689,-0.32103562,-0.4611046,-0.34975025,-0.2830853,-0.34182894,-0.015428987,-0.39579833,-0.35435647,-0.18391296,-0.34307048,0.13270113,-0.23766792,0.007478168,0.08406083,-0.46894535,-0.544345,-0.23394543,-0.26557705,-0.32413787,0.14861669,-0.16351986,0.20184638,0.1369252,-0.23172967
BSH3%UPI0001A5F983,-0.9421936,-0.7197871,0.07170284,-0.70836556,-0.08103677,-0.27251294,-0.17809819,-0.62549746,0.3864121,0.3175797,-0.48341152,-0.29237497,-0.26173264,0.41465646,-0.062772304,-0.02058025,0.02903938,-0.79494464,-0.106747515,-0.64710754,-0.602812,-0.1900684,-0.15221137,-0.6750378,0.6876905,0.085632674,0.3680441,0.5262853,-0.085436955,-0.520492,-0.23133771,-0.59301955,-0.085683286,-0.5893852,0.043921504,-0.8207986,-0.7104902,-0.20104942
BSH3%UPI0002132A6C,-0.062482525,-0.31406406,0.4854086,0.18453069,0.59896874,0.2766665,0.76005733,0.06995348,0.29022074,0.18561691,-0.09524126,-0.36194703,-0.24467467,0.076365285,0.4803597,0.5877317,0.50451946,0.24061017,0.6991131,-0.22258697,0.102285616,0.6683821,0.7331893,0.3905534,-0.2528064,0.07763512,-0.009887729,0.06972458,0.7282804,0.7190273,0.88759494,0.11165226,0.7229703,0.62666917,0.50205404,0.13536815,-0.18070053,0.6008804
BSH3%UPI000238BE2F,-0.42071515,-0.34157327,-0.19626933,-0.19231404,0.047520403,0.17458022,-0.008475542,-0.18042228,0.056664016,0.25074363,-0.46494704,-0.700361,-0.84560657,-0.36652645,0.10859064,-0.04859467,-0.11623813,-0.26925197,0.36410117,-0.48254317,-0.2548195,0.3824706,0.3561266,-0.032897424,-0.14599285,-0.4418136,-0.53938925,-0.32596448,0.054320198,-0.44026712,0.38658604,-0.20212708,0.26453304,-0.3381124,-0.09002299,-0.5673733,-0.4102364,-0.08528293
BSH3%UPI00080CB216,-0.448271,-0.24843405,-0.07096815,-0.07788926,-0.12889765,-0.040146068,-0.030754795,-0.033003844,-0.060105626,0.0016641415,-0.16580585,-0.19937384,-0.22482787,0.08798846,-0.110313065,-0.042827733,-0.12386213,-0.2238043,-0.0051325634,-0.18912132,-0.10289488,-0.01829137,0.06433677,0.113895044,-0.09455814,0.073035225,0.016352631,-0.23222794,-0.0744121,-0.15532249,0.08199882,-0.033637345,0.035362106,-0.42427516,0.0059758094,-0.3552331,-0.20518298,-0.041741222
BSH3%UPI00092A5378,0.20606914,0.24584824,-0.37232295,-0.18158832,-0.19466966,-0.33595753,-0.1323646,-0.09083281,-0.54563755,-0.7652565,0.28563392,-0.15980005,-0.108254015,-0.44744557,-0.25418067,-0.27959332,-0.27133843,0.26740292,-0.17660487,0.3182211,-0.05492615,-0.21864358,-0.05309916,0.2088494,-0.72645026,-0.14923386,-0.0938154,-0.42843914,-0.15195958,0.09210044,-0.20910548,0.12758727,-0.31980404,0.0345259,-0.17975132,0.223579,0.35829362,-0.17351152
BSH3%UPI000CF406F5,0.4383907,0.74563676,-0.8597953,-0.051234324,-0.7673927,-0.61622083,-0.815298,-0.32906145,-0.8464462,-0.7578272,0.006838798,0.02604506,0.62825763,-0.6028416,-0.61690253,-0.8052452,-0.73720163,-0.19720478,-0.7815282,0.2497206,-0.106588125,-0.6860193,-0.8400997,-0.49780414,-0.24032335,-0.22872442,-0.031382184,-0.50326073,-0.8028475,-0.6057303,-0.7585906,-0.027286291,-0.72597784,-0.28495607,-0.74821734,0.058078717,0.642515,-0.788324
BSH3%UPI000E5302B4,0.28153476,0.18073303,-0.11754134,0.42034614,0.07621492,0.20963517,0.069892496,0.21236971,-0.06182686,-0.122964226,-0.06572949,0.15462372,0.2866339,-0.21463408,0.21647392,-0.009437012,-0.05151178,0.23773445,0.18235691,0.010184269,0.26607957,0.28685868,0.2616051,0.32268783,-0.075134225,-0.092988,-0.10859551,-0.13497369,0.041814502,0.053440895,0.29715148,0.38900116,0.20005575,0.3016485,-0.12595119,0.1792458,0.18348102,-0.15852523
BSH3%UPI000E902C94,-0.19955993,0.029800469,-0.1559168,-0.53361106,-0.4846097,-0.40283,-0.46933216,-0.10713454,0.006624391,-0.0080411825,0.38032228,0.52367103,-0.106671795,0.29061934,-0.45048717,-0.43694404,-0.36564893,-0.080888614,-0.5374668,0.25583872,-0.5411672,-0.4734658,-0.51378393,-0.33151487,0.29263407,0.29801938,0.27807918,0.17986085,-0.44477683,-0.5326436,-0.65459937,-0.37084016,-0.43610686,-0.5759646,-0.02140689,-0.11335017,-0.024005719,-0.2243914
BSH3%UPI000EF23C17,1.0,0.6441533,0.22444694,1.0,0.111933656,0.60907125,0.55693716,1.0,-0.22148032,-0.036566548,0.8634026,0.57984453,0.30866218,-0.00587474,-0.019276718,0.37296352,0.27777046,1.0,0.19459273,0.8123195,1.0,0.23313227,0.05692819,1.0,-0.5902401,0.67148477,0.25800127,-0.26379514,0.29709655,1.0,0.21821545,0.9769058,0.28114703,0.6885495,0.47425535,1.0,0.75791323,0.75886977
BSH3%UPI000F9DAF5F,-0.47687656,-0.4643127,0.25444394,-0.47514763,-0.06963003,-0.00619859,-0.30654705,-0.16653621,0.63622755,0.5399352,0.06874242,0.45870483,0.027090212,0.6599146,-0.042032816,-0.017926835,-0.017537003,-0.297043,-0.22796917,-0.17427982,-0.43869308,-0.23581515,-0.24486762,-0.30989036,0.9230868,0.2189108,0.35591257,0.5254522,-0.2587043,-0.38215727,-0.34476736,-0.22517572,-0.056315187,-0.60793006,0.34723797,-0.5225846,-0.6812302,0.012163178
BSH4%UPI0001653940,-0.21046408,-0.73740613,1.0,0.27866873,1.0,0.6001515,1.0,0.032917794,0.69989604,0.5551877,-0.8164486,-0.68092054,-0.19999781,0.41884452,1.0,1.0,1.0,-0.09888278,1.0,-0.8036629,0.014628996,1.0,1.0,-0.050435368,0.29641128,-0.056626026,-0.19807307,0.5627373,1.0,0.30840766,1.0,-0.06460791,0.93459773,0.6260586,0.8920448,-0.020065945,-0.51786053,0.91021997
BSH4%UPI0001E65842,0.6588183,0.53133696,-0.2607767,1.0,-0.28963554,0.16098297,-0.02841983,0.7354889,-0.5068292,-0.24691842,0.11566112,0.4932774,0.7398849,-0.08055411,-0.13628128,-0.10201149,-0.17188436,0.6255431,-0.20255914,0.33686218,0.9466561,-0.18425585,-0.2618119,0.62531173,-0.31056577,0.27777842,0.0660554,-0.16501702,-0.2526184,0.24560222,-0.304696,0.6399627,-0.25659665,0.040105376,-0.1075618,0.59343266,0.61287,0.119769804
BSH4%UPI0001FAB233,-0.11584612,0.054860037,-0.61227804,-0.3380258,-0.52200353,-0.103812136,-0.6945855,-0.3773064,-0.28506458,-0.24061185,0.2254103,0.060353592,-0.176931,-0.55680066,-0.26879135,-0.52189946,-0.42808533,-0.46172428,-0.42758754,0.19578566,-0.24974957,-0.61322075,-0.43606246,-0.37126622,-0.08705957,0.1322338,0.12058029,-0.3204641,-0.50206923,-0.25203565,-0.70458484,-0.2763271,-0.49351522,-1.0,-0.31669652,-0.2698368,-0.1372524,-0.63136923
BSH4%UPI00033C4A83,-0.5662817,-0.21955326,-0.33211464,-0.15120897,-0.34437433,-0.22701709,-0.2018864,-0.16128175,-0.20417748,0.01415386,-0.22269592,-0.1577072,-0.26154807,-0.05206005,-0.20558274,-0.21277384,-0.18649885,-0.2495289,-0.17612848,-0.14282097,-0.17194559,-0.27234477,-0.26668763,-0.27167615,0.10135269,0.23822951,0.3833242,0.21324141,-0.106554374,-0.19270335,-0.18827079,-0.28969374,-0.20635574,-0.6734734,-0.40851521,-0.42414814,-0.13257737,-0.29018524
BSH4%UPI00033DD6E6,0.02570496,-0.10918023,0.2639689,0.21544702,0.16583642,-0.034463685,0.16247012,0.400011,0.2534822,0.08791628,0.27882317,0.34350368,0.19204114,0.38097844,0.06435035,0.098825514,0.09699804,0.285117,0.012480459,0.1852778,0.29416826,0.048346996,0.17490488,0.35205245,0.14141884,0.03121837,0.03429422,0.33656657,0.09681704,0.29644802,-0.018190933,0.34170836,0.047515407,0.36083037,0.15691797,0.18762381,-0.0032671033,0.22020502
BSH4%UPI0006BEFACE,0.9318038,0.7786171,0.11888862,0.9819982,-0.18541273,0.31594715,0.17412712,1.0,-0.2584737,-0.24471417,0.99515444,1.0,0.96173096,0.12700185,-0.20498586,0.08829228,0.034771007,1.0,-0.2626512,1.0,0.99952245,-0.12936158,-0.2715555,0.89609283,-0.2721202,0.9290062,0.69305605,-0.07704181,-0.0525299,0.8217882,-0.28074607,0.6956478,-0.068274945,0.45142302,0.2960337,1.0,0.84800386,0.45204976
BSH4%UPI0006C4E127,1.0,1.0,-0.77264917,1.0,-0.7686669,0.06321543,-0.7515814,0.58926994,-0.8547719,-0.6025681,0.53887534,0.8521351,1.0,-0.61636823,-0.55498284,-0.70540816,-0.60364467,0.5187,-0.59054774,0.8893931,1.0,-0.58337504,-0.4657615,0.6688994,-0.5296183,0.2475404,0.3590568,-0.48546118,-0.741104,0.34308505,-0.67775184,0.7844621,-0.6385931,0.020166457,-0.5812332,0.96245044,1.0,-0.32789803
BSH4%UPI000822CCAE,0.16331042,0.5229096,-0.86081475,0.08203124,-0.91608876,-0.56513005,-0.60962945,0.23631749,-1.0,-0.66022766,0.1605324,0.13252303,-0.08833638,-0.06640241,-0.97315925,-0.7634532,-0.82134575,0.3130013,-0.9824274,0.25881585,0.23151763,-0.89869237,-0.9510266,-0.017793132,-0.4917227,0.082032755,-0.020667478,-0.30858254,-0.8104051,-0.51464313,-0.87472993,0.12643975,-0.89928013,-0.3595617,-0.7712362,0.1831276,0.72778785,-0.3885475
BSH4%UPI000B374259,-0.32072678,0.019887429,-0.44243923,-0.36143795,-0.35905117,-0.31411538,-0.31925374,-0.3685347,-0.29457733,-0.29525945,-0.31021973,0.0005542513,0.14104447,0.0141788935,-0.29064366,-0.26125014,-0.34283528,-0.34980786,-0.33913898,-0.2365177,-0.36912405,-0.35526416,-0.4091186,-0.4712934,0.16183749,0.05066182,0.23780218,-0.016223038,-0.37631708,-0.6160335,-0.33396903,-0.08449714,-0.30778852,-0.6849321,-0.4404574,-0.4946251,-0.0638983,-0.43192822
BSH4%UPI000D27EFA9,0.18200278,0.6389711,-0.8157034,0.29791766,-0.6314319,-0.09389723,-0.48628432,0.43148476,-0.7887982,-0.47851503,0.100141644,0.0075051975,-0.019349432,-0.35000828,-0.5149645,-0.5741363,-0.60986465,0.22628035,-0.5725316,0.36653578,0.25613317,-0.6809365,-0.6468476,-0.0076978933,-0.42074126,-0.017507916,-0.13818155,-0.6362726,-0.58367527,-0.2912266,-0.5671214,0.3834476,-0.6346251,-0.6632965,-0.79673195,-0.1480825,0.5444624,-0.5263945
BSH4%UPI000D7B199F,-0.50697213,-0.50047696,0.33728355,-0.14846373,0.2820843,-0.08133049,0.3992817,-0.28734565,0.31009835,0.21466203,-0.48689508,-0.3967364,-0.42516047,0.36410215,0.19941434,0.3524939,0.32972258,-0.43631324,0.39354265,-0.65304375,-0.22423914,0.40542206,0.29554236,-0.21041085,0.16053198,-0.033158448,-0.1646076,0.3174696,0.38352555,-0.07325387,0.33730617,-0.18349226,0.44123632,-0.1478117,0.24989444,-0.46306384,-0.49066445,0.29807228
BSH4%UPI000E447F2E,0.38863876,0.34428716,-0.17507297,0.25143138,-0.22426087,0.05090467,-0.15519826,0.4500827,-0.41883498,-0.12956029,0.23877329,-0.04197934,-0.038988024,-0.22542518,-0.25182664,-0.14698012,-0.051722817,0.48202854,-0.2854809,0.28153488,0.32314277,-0.36993432,-0.42843723,0.10258199,-0.09926424,0.26803046,0.28489986,0.100843914,-0.20159398,0.025354035,-0.3772971,0.08153356,-0.42701593,0.13668588,-0.16264902,0.47554457,0.49209,0.14935663
BSH4%UPI000E54B9B5,-0.5417251,-0.2902771,-0.022842681,-0.14828712,-0.37292138,0.026360271,-0.23270664,0.14128552,0.0980483,0.17106843,0.34618056,0.1488643,-0.32360262,0.32499364,-0.42230484,-0.084734045,-0.020872341,0.1315832,-0.3336816,0.1899763,-0.12049326,-0.4515113,-0.37568933,0.11216414,0.15747295,0.52803934,0.62009484,0.39334178,-0.16595605,0.25200364,-0.25915024,-0.17404,-0.2936641,-0.45314172,-0.007067039,-0.14542681,-0.110792145,0.2380463
BaiA%QinJ_2012__T2D-016__bin_41_fa_BDDCEIPF_01842__3alpha-hydroxy_bile_acid-CoA-ester_3-dehydrogenase_2,0.6999193,0.49156123,0.012922533,0.9993958,0.08796465,0.7896714,0.2814755,0.90461856,-0.1168493,0.0059175277,0.6993535,0.52769375,0.2826376,-0.26018444,0.086278655,0.24084783,0.26582873,1.0,0.3009411,0.79382044,0.97350615,0.1863546,0.26207447,1.0,-0.50084406,0.5868323,0.4266787,-0.14361785,0.26698714,1.0,0.2783049,0.7733812,0.12860876,0.299174,0.24202049,0.87032855,0.59911835,0.54266423
BaiA%SRR3992974_bin_8_EOPEKEED_01051__3-oxoacyl-_acyl-carrier-protein__reductase_FabG,-0.47995803,-0.38776448,0.13284779,-0.23097302,0.09665154,0.059676472,0.07058989,-0.3495799,0.30075946,0.433982,-0.4050659,-0.32356474,-0.14364398,0.15711123,0.18159793,0.07029707,0.1397503,-0.3919552,0.16291444,-0.4671187,-0.3608109,0.07804647,-0.014978196,-0.4158273,0.5004711,0.037532594,0.07168563,0.3067293,0.14294735,-0.17058381,0.2738682,-0.3651153,0.25180936,0.0014668417,-0.057945687,-0.4415793,-0.39854625,-0.09660188
BaiA%SRR5558193_bin_68_NNEAJJHP_00384__3alpha-hydroxy_bile_acid-CoA-ester_3-dehydrogenase_2,-0.12144357,0.034973595,-0.3752215,-0.2246027,-0.1756283,-0.33762747,-0.26007822,-0.31022424,-0.19653544,-0.28372636,0.04916726,0.113219894,0.11698431,-0.12433395,-0.110228695,-0.30419025,-0.25988325,-0.33790615,-0.2356352,0.11395656,-0.08337861,-0.23254916,-0.13356742,-0.15540905,-0.019694109,-0.04709862,0.063091315,-0.018936975,-0.18076885,-0.09319509,-0.3681903,-0.12148772,-0.27444062,-0.32299724,-0.39531162,-0.13685068,-0.017070392,-0.5261123
BaiA%bai_cluster_3%midas_Clostridium_hylemonae_61789%Clostridium_hylemonae_61789|NZ_GG657759_1098,0.1158076,0.06827038,-0.111661024,0.29541203,-0.02133086,0.28148484,0.027140921,0.20931831,-0.0056326776,0.0009166392,0.46264628,0.3752319,0.026903622,-0.27070507,0.04321052,0.0669446,0.064258695,0.3155397,0.09890351,0.46149582,0.30663925,0.053633515,0.12625708,0.54189134,-0.24869846,0.45436907,0.4117595,-0.0413339,0.15707919,0.6079767,0.0065924814,0.19150846,0.01751229,-0.295457,0.17439207,0.23827676,0.074448094,0.11907546
BaiB%CosteaPI_2017__SID713A038-11-90-0__bin_26_fa_FGHNBBEK_00429__Bile_acid-coenzyme_A_ligase,0.37057775,-0.09827639,0.19630602,0.083126605,0.46355134,0.3278669,0.39448687,-0.15228951,-0.012536633,0.014962727,-0.42480123,-0.47110465,-0.2005479,-0.089274436,0.47398847,0.3450698,0.41906893,0.11880761,0.53005207,-0.33303586,0.14068772,0.48439813,0.46256316,-0.017975954,-0.052543458,-0.20320214,-0.19987574,0.16758405,0.42617127,0.21408585,0.51931196,-0.10889313,0.385741,0.5168164,0.222343,0.44780838,0.048756797,0.084304936
BaiB%LiJ_2014__V1_FI04__bin_94_fa_MJMNNJHI_01032__Bile_acid-coenzyme_A_ligase,-0.23569413,-0.09533008,-0.075467125,-0.18915719,0.019530617,-0.07015114,-0.05280008,0.01604865,0.023864487,0.06348818,-0.23865288,-0.18628885,0.013688181,0.11428346,0.00082701,-0.02743783,-0.08191961,-0.21935028,-0.052381124,-0.1783709,-0.23232248,-0.17070343,-0.08861703,-0.22564046,0.17872263,-0.25777155,-0.23255335,-0.0064243334,-0.1459255,-0.40700743,-0.09748652,0.14532852,-0.10312676,-0.2918004,-0.17455323,-0.38159233,-0.17339166,-0.12133049
BaiB%MDY5565236_1_bile_acid--CoA_ligase_BaiB__Candidatus_Limivicinus_sp__,-0.05942538,-0.0069513456,-0.2157561,0.114596106,0.16919114,0.26432362,0.122130185,-0.21114609,-0.086246215,0.011044564,-0.19933632,-0.3872391,-0.22738138,-0.3404757,0.16705836,0.095463865,0.04032862,-0.03827586,0.30891824,-0.17429404,0.1744356,0.3720162,0.23810616,0.16067277,-0.23565596,-0.17249931,-0.3099891,-0.3630468,0.16809791,0.14660507,0.31312212,-0.061406855,0.22333372,-0.049372718,-0.1366513,-0.20781457,-0.10327698,-0.18355405
BaiB%SRR2992899_bin_23_LIJELFFN_00493__Bile_acid-coenzyme_A_ligase,-0.30226007,-0.14306958,-0.34439126,-0.30572397,-0.05239564,-0.030441305,-0.2228937,-0.57720405,-0.17434846,-0.1415759,-0.29300088,-0.38825828,-0.20667438,-0.24071142,0.0036184653,-0.18647817,-0.15593185,-0.4450637,0.003125503,-0.27264047,-0.27233952,-0.0051177084,-0.03302366,-0.32100844,0.03469083,-0.18184918,-0.17594926,-0.09499305,-0.095481046,-0.28916523,0.014376728,-0.27501947,-0.034602854,-0.22015297,-0.38721547,-0.38450426,-0.19750208,-0.46286905
BaiB%WP_286151641_1_bile_acid--CoA_ligase_BaiB__Sporofaciens_musculi_,-0.03870455,-0.08902286,0.21237807,0.15118876,0.23011811,0.08126541,0.30124146,0.0021543026,0.2110277,0.15995552,-0.0689304,0.25312012,0.16681539,0.19797346,0.23448473,0.31083402,0.28052637,-0.02888619,0.27205914,-0.095904954,0.03659422,0.31926557,0.280221,0.09413279,0.015325863,0.23536883,0.27071264,0.17832807,0.3368629,0.15279059,0.17717218,-0.07413963,0.2874877,-0.12745649,0.2585256,-0.055069897,-0.15604547,0.22309545
BaiB%bai_cluster_10%midas_Lachnoclostridium_nov_76594%Lachnoclostridium_nov_76594|ERS138182_8080_1_84_3_3065,0.2406701,0.15630974,0.02002248,0.6118892,0.19151624,0.73056173,0.2981175,0.5842815,0.019810043,0.1302798,0.5145663,0.46382892,0.040464424,0.040351655,0.12828757,0.31914577,0.2792167,0.79808843,0.21845557,0.5006277,0.6175552,0.1513974,0.16023389,0.88170975,-0.122717686,0.62874275,0.4866294,0.13693245,0.27796444,0.879009,0.2450399,0.5629359,0.13445874,0.049167037,0.177066,0.44482166,0.24020065,0.40715352
BaiB%bai_cluster_2%midas_uncultured_Eubacterium_73696%uncultured_Eubacterium_73696|FMDW01000013_871,0.04124529,0.32781208,-0.4591639,0.2729552,-0.35703143,0.24364302,-0.2501307,0.13435398,-0.356936,-0.35861078,0.33636332,0.29154205,0.14591026,-0.29343778,-0.2895133,-0.25791207,-0.19428341,0.25871277,-0.12847866,0.41662216,0.18781084,-0.17405206,-0.1852081,0.35003784,-0.3118555,0.41691384,0.4182401,-0.23911515,-0.20397893,0.29230732,-0.16022043,0.115325585,-0.2435672,-0.29966298,-0.35753983,0.112219244,0.330889,-0.21495666
BaiCD%CosteaPI_2017__SID713A014-11-0-0__bin_55_fa_OLFEPFFO_00187__NADH_oxidase,-0.52392703,-0.51139843,0.124944605,-0.13808265,0.40608874,0.2841257,0.38678962,-0.25019714,0.2618156,0.25924888,-0.27430567,-0.46212563,-0.48096243,0.101777315,0.35061464,0.37165698,0.3281834,-0.21565968,0.47275233,-0.41587862,0.0040592575,0.41618225,0.41559884,0.103007466,0.095181614,0.0750913,0.028037429,0.045738056,0.4317268,0.2601793,0.4279491,-0.23455183,0.44004214,-0.11278082,0.19315988,-0.40960374,-0.54306567,0.11076186
BaiCD%MCI8583944_1_FAD-dependent_oxidoreductase__Dorea_sp__,-0.64849716,-0.7585219,0.64650613,-0.31438965,0.54503256,0.009444367,0.64826596,-0.20941643,0.60236996,0.4612308,-0.31247067,-0.21920909,-0.4493121,0.6062695,0.42909813,0.63544357,0.6027932,-0.22220877,0.39641967,-0.5760772,-0.4403289,0.54211426,0.43710104,-0.20569648,0.39440528,0.08716841,0.114044,0.5775797,0.5915921,-0.06930823,0.37750095,-0.45712677,0.44616628,-0.011206626,0.59819657,-0.42654932,-0.6407378,0.48871082
BaiCD%MEI3381486_1_FAD-dependent_oxidoreductase__Dorea_sp__,0.6576516,0.9009129,-0.8061039,0.66657674,-0.77877015,0.05807205,-0.6068576,0.5803866,-0.79855764,-0.7554038,0.73439896,0.5944328,0.72410697,-0.6006199,-0.5988641,-0.6848957,-0.61872727,0.63979656,-0.558131,0.919625,0.6443406,-0.55971014,-0.4990726,0.55892533,-0.70571566,0.2991287,0.19545668,-0.74567324,-0.65926164,0.36295366,-0.57253575,0.4932977,-0.57275075,-0.28544793,-0.6206977,0.6396978,0.9023671,-0.52949005
BaiCD%RaymondF_2016__P21E7__bin_22_fa_DDJCLBHB_00368__NADH_oxidase,0.26799837,0.3401401,-0.43977162,0.0028362772,-0.17255545,-0.044583697,-0.19515562,-0.079783484,-0.49150565,-0.40536857,0.010790477,-0.1256656,-0.17259099,-0.40558967,-0.16933423,-0.2697617,-0.2699318,0.17604539,-0.17328954,0.12900178,-0.029237587,-0.14601955,-0.15710217,0.117326714,-0.3407921,-0.14215498,-0.20805937,-0.2613553,-0.19521424,-0.14268425,0.06719758,0.11778256,-0.21187414,0.37080023,-0.5644281,0.2524446,0.44652918,-0.36387706
BaiCD%XieH_2016__YSZC12003_35390__bin_5_fa_PIKIEFGP_00577__NADH_oxidase,-0.64110047,-1.0,1.0,-0.1558003,0.84675735,0.24374619,0.8636151,-0.14044896,0.94771045,0.7269678,-0.7677827,-0.8323084,-0.61511594,0.5731665,0.7644901,0.791349,0.8242187,-0.441069,0.91782945,-0.9751927,-0.24064185,0.8821053,0.80978435,-0.39251035,0.46139047,-0.36165512,-0.3450597,0.65939707,0.88387376,0.12944211,0.78383875,-0.43063995,0.8093336,0.5252592,0.79735696,-0.42685136,-0.875394,0.72599053
BaiCD%bai_cluster_1%midas_Clostridium_hiranonis_61655%Clostridium_hiranonis_61655|NZ_DS995354_290,0.58763766,0.42310828,-0.1292939,0.872646,-0.051267143,0.5719936,0.04669362,0.62887967,-0.13329749,-0.024084557,0.68889266,0.78577936,0.5687923,-0.1325021,0.012925945,0.07841704,0.11332919,0.8200115,0.042184476,0.75532895,0.85433996,0.012454373,0.11538393,1.0,-0.2924871,0.6119897,0.51853144,-0.032246716,0.07892835,1.0,0.07002403,0.67136735,0.011984856,0.078912035,0.1178374,0.7597904,0.5199607,0.22676499
BaiCD%bai_cluster_10%midas_Lachnoclostridium_nov_76594%Lachnoclostridium_nov_76594|ERS138182_8080_1_84_3_3076,0.02050204,0.121599495,-0.24334241,0.24920344,-0.14021833,0.4072119,-0.15479049,0.24478965,-0.1022504,-0.029711438,0.48593867,0.45117745,0.04742198,-0.007978962,-0.1560225,-0.056517497,-0.05237524,0.39183858,-0.14190617,0.48327753,0.25920042,-0.22602372,-0.16537781,0.4755571,-0.029381627,0.53626394,0.538707,0.109850414,-0.08633228,0.4708196,-0.16608569,0.29141095,-0.21709758,-0.34346494,-0.055372447,0.13782927,0.14245996,0.085132584
BaiCD%bai_cluster_11%midas_Romboutsia_sp_25236%Romboutsia_sp_25236|FJTZ01000011_2937,-0.7960732,-0.73568887,0.34113014,-0.20492196,0.24218358,0.4154816,0.057436574,-0.28395373,0.98639023,0.90032566,-0.6307391,-0.38579312,-0.27502054,0.3075568,0.487987,0.2805926,0.4215775,-0.63021463,0.525001,-0.6732943,-0.33064884,0.3874076,0.3300771,-0.31460595,1.0,-0.036345955,0.2312685,0.5593178,0.27507743,0.036093824,0.3850052,-0.27059305,0.50338006,-0.61127776,0.2808018,-0.85493153,-0.93197185,-0.07205561
BaiE%FengQ_2015__SID531416__bin_49_fa_CEDOFBAM_00064__Bile_acid_7-alpha_dehydratase,0.096232206,0.13177899,-0.13048957,0.17219615,-0.059318915,0.11124806,-0.05810357,0.063079916,-0.028834695,0.001632544,0.14723152,0.31444806,0.06838785,0.045025874,-0.08166307,-0.048065525,-0.05026576,0.18742833,-0.039735217,0.1922069,-0.023395753,-0.04483603,0.018274484,0.28780147,-0.06678326,0.14569302,0.2038518,0.13700388,-0.0031361314,0.17283054,0.04054313,0.20411597,-0.080828846,-0.031841632,-0.031555384,0.017603174,0.14005503,0.09066343
BaiE%LiJ_2017__H3M515915__bin_8_fa_COLEEGFP_01274__Bile_acid_7-alpha_dehydratase,-0.020813784,0.09113603,-0.41318023,-0.06823573,-0.15600988,-0.08161838,-0.26783603,-0.29319277,-0.2631054,-0.22075959,-0.06311786,-0.12659083,0.06594647,-0.23054478,-0.07916277,-0.26845846,-0.20209986,-0.15605207,-0.16336589,0.012304519,0.045485776,-0.16487561,-0.1689571,-0.092348665,0.014698299,-0.080392055,-0.04327287,-0.07107649,-0.17883275,-0.043037478,-0.14109363,-0.06310855,-0.17001523,-0.059436824,-0.46322986,-0.046647534,0.09589752,-0.5420944
BaiE%MCI8938768_1_nuclear_transport_factor_2_family_protein__Dorea_sp__,-0.047437456,0.09892505,-0.4747505,-0.17977627,-0.24024798,-0.22112112,-0.35577902,-0.3551205,-0.24085495,-0.25558227,-0.14237495,-0.18091255,0.066650115,-0.24853182,-0.1298559,-0.43134558,-0.37803563,-0.2724153,-0.20474046,-0.07259393,-0.22851168,-0.14169477,-0.18579945,-0.3387584,-0.002019134,-0.3293823,-0.30890134,-0.15933129,-0.32501802,-0.36768633,-0.23253419,-0.16318354,-0.2535338,-0.17550203,-0.45488822,-0.239426,0.03063958,-0.6224186
BaiE%bai_cluster_10%midas_Lachnoclostridium_nov_76594%Lachnoclostridium_nov_76594|ERS138182_8080_1_84_3_3079,0.36382887,0.26383063,-0.109831356,0.6412404,0.045288805,0.42236283,0.17995895,0.425389,-0.17148958,-0.04494622,0.2253704,0.3969804,0.31871232,-0.10883692,0.05526707,0.1616164,0.15062375,0.5552319,0.18767181,0.37360492,0.6146907,0.2124746,0.26598224,0.77720815,-0.31026897,0.3881868,0.45664307,-0.0054798145,0.17136723,0.6094146,0.19756928,0.40557832,0.05004398,0.09562621,0.06303982,0.5007899,0.40284243,0.23131144
BaiE%bai_cluster_2%midas_uncultured_Eubacterium_73696%uncultured_Eubacterium_73696|FMDW01000013_166,0.13102122,0.26995033,0.033137243,0.5288711,-0.040123757,0.389103,0.022021746,0.36920026,0.09486606,0.013655036,0.14687943,0.42868486,0.583846,0.09935595,0.0563875,0.09783429,0.14664033,0.20416173,0.055092506,0.21888724,0.329594,0.06000779,-0.028770952,0.16377527,0.19135638,0.41121164,0.53925365,0.055086993,0.013937335,0.35719234,-0.026995756,0.22054201,0.03833845,-0.14088607,-0.035949297,0.04234795,0.1642237,0.04738237
BaiF%ERR688512_bin_36_KMFCMBJN_00514__Bile_acid-CoA_transferase,-0.021903634,0.17075096,-0.4855421,0.2469278,-0.3854486,0.15483451,-0.3474225,0.10286479,-0.23952284,-0.19525288,0.31021577,0.45546174,0.22517407,-0.19687483,-0.22357987,-0.28784636,-0.29814604,0.18184085,-0.25474343,0.39757103,0.16143109,-0.27842164,-0.17792617,0.37420493,-0.10600847,0.33210233,0.36785927,-0.09565207,-0.28514042,0.21480182,-0.23575872,0.29352129,-0.2881054,-0.58329195,-0.29058746,0.004324323,0.19773346,-0.3247383
BaiF%KarlssonFH_2013__S54__bin_27_fa_BBGPADBL_00031__Bile_acid-CoA_transferase,-0.36131638,-0.180116,-0.23088366,-0.41665545,-0.20538694,-0.098397925,-0.34844324,-0.43098983,-0.027528904,-0.04719132,-0.29240358,-0.2880123,-0.05527237,0.07947879,-0.13225098,-0.27936682,-0.14878008,-0.46381965,-0.17753059,-0.28905022,-0.38694033,-0.25354818,-0.24649538,-0.5959739,0.35014278,-0.11917012,0.07867835,0.26840252,-0.25552034,-0.4146626,-0.20585732,-0.29775092,-0.21535774,-0.21561304,-0.3612373,-0.37303242,-0.15581001,-0.32045692
BaiF%LiJ_2014__MH0358__bin_56_fa_NPCPOAJM_00305__Bile_acid-CoA_transferase,0.5861638,0.95061266,-1.0,0.34508127,-0.9175632,-0.32599586,-0.79507583,0.22061095,-1.0,-0.9200836,0.59040153,0.46691182,0.61177164,-0.5831834,-0.7874225,-0.9010713,-0.83993024,0.36089197,-0.8703756,0.82793486,0.4003472,-0.901962,-0.8240008,0.23089972,-0.67187583,0.1379595,0.0878652,-0.69285005,-0.8341276,0.08198905,-0.79757553,0.3740048,-0.8522995,-0.27759194,-0.95655984,0.47824904,0.96086836,-0.83925235
BaiF%SRR4783510_bin_28_GHBMCCFK_00008__L-carnitine_CoA-transferase,0.44539067,0.758686,-0.94030774,-0.005651268,-0.7640783,-0.4737278,-0.80309,-0.11956063,-0.78177065,-0.87761134,0.3191848,0.38613525,0.68043375,-0.44581032,-0.62524927,-0.8891077,-0.8659145,0.025512803,-0.8376079,0.53441787,0.05596333,-0.7453621,-0.6986199,-0.16391422,-0.27770206,-0.18753012,-0.09907722,-0.5214495,-0.83940226,-0.29965553,-0.7209418,0.23714164,-0.7684516,-0.11436051,-0.98944545,0.2094788,0.7362911,-1.0
BaiF%SRR5127813_bin_22_DKEDJIEF_00985__Bile_acid-CoA_transferase,-0.44790843,-0.44165224,0.108486004,-0.20268312,0.28026876,0.20117955,0.14418937,-0.26032078,0.24776538,0.30195543,-0.19891596,-0.3876102,-0.47220367,0.09210591,0.25564292,0.16839044,0.23559134,-0.27850825,0.32127494,-0.31448394,-0.12338205,0.27300414,0.3055854,-0.018324124,0.18693921,0.007465995,0.020169862,0.20211057,0.28792158,0.10261525,0.26717955,-0.31397554,0.28641865,-0.0027843737,0.10023984,-0.29756257,-0.45176488,0.07407058
BaiF%VogtmannE_2016__MMRS44587603ST-27-0-0__bin_19_fa_ANDGAOCL_00015__Bile_acid-CoA_transferase,0.113399096,0.10676693,-0.088250585,-0.06869959,0.009142267,-0.21524543,-0.06279609,-0.1331585,-0.037763175,-0.17311989,-0.038647696,-0.14353922,0.11364774,-0.05526472,-0.037737705,-0.19227965,-0.08309752,-0.09394983,-0.032245465,-0.0020825842,-0.05774399,0.061492957,0.06675312,-0.05949456,-0.08410288,-0.27746055,-0.10288456,-0.006189711,-0.029231096,0.016352372,-0.046727024,-0.14061,-0.09121049,0.44171646,-0.10596667,0.06535211,0.15893254,-0.14157163
BaiF%bai_cluster_2%midas_uncultured_Eubacterium_73696%uncultured_Eubacterium_73696|FMDW01000013_892,0.4834113,0.9051028,-1.0,0.22240481,-0.7771014,-0.26746005,-0.7447018,0.045272373,-0.93334424,-0.8866942,0.32123107,0.22665375,0.5049424,-0.75150764,-0.6154075,-0.8540327,-0.80716014,0.1378812,-0.64221346,0.60609215,0.24993789,-0.6480494,-0.6433051,0.052356355,-0.5778229,-0.08262049,-0.09752299,-0.7975306,-0.74643815,-0.124481976,-0.6628858,0.3302103,-0.7126119,-0.41037965,-1.0,0.15123557,0.7908696,-1.0
BaiF%bai_cluster_3%midas_Clostridium_hylemonae_61789%Dorea_sp_89094|KQ236743_10986,0.5982218,0.5655217,-0.36829224,0.68005246,-0.32442328,0.478993,-0.2666378,0.58261436,-0.32957748,-0.19930561,0.79959327,0.7751894,0.35486913,-0.26846528,-0.2632368,-0.19786349,-0.17915758,0.7907449,-0.20870721,0.8508014,0.6352585,-0.29643872,-0.15261972,0.92092717,-0.451884,0.5278383,0.37961164,-0.23087314,-0.21521877,0.7485742,-0.18325043,0.64290667,-0.26345187,-0.15117659,-0.07510805,0.62942916,0.57658947,0.114362374
BaiF%bai_cluster_3%midas_Clostridium_hylemonae_61789%Dorea_sp_89094|KQ236743_13110,0.1746591,0.3036984,-0.20654003,0.3158165,-0.26071894,0.11251993,-0.14371705,0.38133976,-0.13731945,-0.10353535,0.57345796,0.5996172,0.23974444,0.030223683,-0.2628088,-0.15383962,-0.10919892,0.43994698,-0.21589135,0.6128356,0.31886637,-0.30880708,-0.24046233,0.52925086,-0.14287192,0.50587183,0.4657409,0.12079785,-0.10891776,0.5291523,-0.27148837,0.41966859,-0.25189227,-0.20762014,-0.06755247,0.28642237,0.32244655,0.10534942
BaiF%fig|1950825_3_peg_1464|__L-carnitine_dehydratase_(EC_4_2_1_89)____Clostridiales_bacterium_UBA1701_|_1950825_3_,0.5191074,0.7076534,-0.9038024,0.31979284,-0.521044,-0.024280816,-0.5181521,-0.021247583,-0.787092,-0.7723799,0.255189,0.2495878,0.446854,-0.6136128,-0.38003996,-0.613086,-0.5866591,0.26495045,-0.4187878,0.4871705,0.32017937,-0.32839385,-0.3144281,0.28996944,-0.48262942,-0.007139582,-0.000493353,-0.55535597,-0.49527588,0.09660181,-0.28522658,0.32748336,-0.47097698,-0.012683782,-0.8026917,0.37120435,0.76424104,-0.81668174
BaiG%LeChatelierE_2013__MH0251__bin_10_fa_BOBEKBFD_00006__Multidrug_resistance_protein_3,-0.046078138,0.1197549,-0.37961417,-0.15455988,-0.13987108,-0.11110139,-0.2519968,-0.30195114,-0.2412537,-0.24506593,-0.071560614,-0.15443562,-0.0007398864,-0.26124027,-0.11915893,-0.25971705,-0.18912701,-0.210147,-0.13742033,0.017243572,-0.04126635,-0.18100393,-0.19990239,-0.093867235,0.0004068795,-0.08640204,-0.05711895,-0.06982932,-0.17735149,-0.058384966,-0.15909766,-0.007368783,-0.20921257,-0.026800932,-0.4877473,-0.092342876,0.1103988,-0.49114466
BaiG%MBE6987074_1_MFS_transporter__Oscillospiraceae_bacterium_,0.059547033,-0.23850548,0.48036188,0.09926986,0.62685347,0.04948188,0.5537101,-0.111969866,0.2332132,0.36905232,-0.14274776,-0.27953783,-0.14318357,0.14236876,0.48844114,0.5086778,0.4167864,0.05512026,0.42753732,-0.18426195,0.11417883,0.46550775,0.4913752,0.04240566,0.01219833,-0.16912672,-0.2726134,0.18768731,0.6306386,0.30164126,0.75388294,-0.15095235,0.64610016,0.7751047,0.28059638,0.23679802,-0.17867377,0.3356628
BaiG%MBR4017991_1_MFS_transporter__Clostridia_bacterium_,-0.86704874,-0.5842732,0.17052439,-0.12566169,0.090026535,0.48252138,0.06586147,-0.0071798763,0.5508452,0.48017535,-0.43389705,-0.15297206,-0.21294646,0.75108266,0.13790303,0.10129444,0.24285199,-0.23811404,0.29241258,-0.53920203,-0.23315986,0.286528,0.21850675,0.0338965,0.8302069,-0.036653455,0.111820996,0.5511561,-0.07050123,-0.10749462,0.25533593,0.13369817,0.18163647,-0.23857455,-0.10764419,-0.5992286,-0.4613827,-0.13141553
BaiG%MDY4488523_1_MFS_transporter__Candidatus_Limivicinus_sp__,0.23902552,0.6164749,-0.9622559,0.04177878,-0.7138645,-0.32292342,-0.76650333,-0.06573817,-0.7000403,-0.717369,0.17141995,0.20245093,0.4932306,-0.37533918,-0.5818924,-0.86907434,-0.7965396,0.0092547,-0.69251317,0.39612713,0.115675226,-0.6375433,-0.6406579,-0.07879184,-0.1675089,-0.24162993,-0.15476088,-0.39593217,-0.8084613,-0.27832192,-0.6615233,0.28516614,-0.7450621,-0.20271352,-1.0,0.04025511,0.61645335,-1.0
BaiG%MEE1256339_1_MFS_transporter__Lachnospiraceae_bacterium_,0.010911403,0.04937957,-0.31282973,0.27695483,-0.14333247,0.10442968,-0.10928648,-0.00501483,-0.21673818,-0.12911905,0.04939269,0.0985738,0.071925454,-0.3299768,-0.04296783,-0.06559768,-0.02806354,0.06191843,0.035598416,0.17302746,0.1993581,-0.021469638,0.08038163,0.32761964,-0.28969806,0.18367274,0.29991794,-0.028616928,0.034712173,0.28070304,-0.0012706371,0.11603638,-0.10274729,-0.37324467,-0.11045395,0.044522457,0.12635212,-0.06270696
BaiG%bai_cluster_10%midas_Lachnoclostridium_nov_76594%Lachnoclostridium_nov_76594|ERS138182_8080_1_84_3_3097,-0.02529477,0.092287384,-0.28193438,0.29063395,-0.18440303,0.36359647,-0.10585343,0.23118624,-0.1084625,-0.09686859,0.392508,0.44268337,0.08635908,-0.08411589,-0.13561009,-0.0462335,-0.07679177,0.32362106,-0.032385115,0.41498652,0.2145862,-0.104561046,-0.026638858,0.5497675,-0.17267899,0.5249541,0.5183419,-0.051440217,-0.06688918,0.4300444,-0.09440744,0.2836551,-0.14657699,-0.52962345,0.008095036,0.055000503,0.10170544,0.059783403
BaiH%ERR1018252_bin_5_JFGOJLKC_00141__NADH_oxidase,-0.63361967,-0.6944009,0.57305485,-0.2884383,0.478764,0.09512655,0.5029237,-0.35290128,0.6934912,0.47644585,-0.44912514,-0.29278308,-0.16077584,0.46973455,0.4575984,0.4995315,0.46211314,-0.45393598,0.51286215,-0.60993904,-0.44281697,0.54819953,0.53779066,-0.33298403,0.43475682,0.007092362,0.13205825,0.43303302,0.5060881,0.019946286,0.5110134,-0.47782013,0.53630376,0.030700635,0.5219446,-0.548345,-0.69253,0.36127257
BaiH%LiJ_2014__MH0370__bin_37_fa_CDDPILMH_00099__NADH_oxidase,-0.27281922,-0.08416533,-0.16241607,-0.68972874,-0.114150055,-0.571471,-0.2508983,-0.6966738,-0.20961599,-0.15796474,-0.19485365,-0.2732679,-0.42203468,-0.081357345,-0.17999576,-0.2552383,-0.23352383,-0.551148,-0.23803516,-0.2025609,-0.72261685,-0.29469898,-0.10398217,-0.57757604,-0.1740211,-0.39204016,-0.3224145,0.010799704,-0.11897258,-0.5904073,-0.13433029,-0.4383319,-0.1712528,-0.113047,-0.3164133,-0.38300192,-0.13866946,-0.22033826
BaiH%MEE0204071_1_FAD-dependent_oxidoreductase__Oscillospiraceae_bacterium_,-1.0,-0.21079463,-0.7668503,-0.18763039,-0.272874,0.052932043,-0.14507619,-0.34762648,-0.19286723,-0.32603315,-0.8185466,-0.64516383,-0.3776072,-0.13372593,-0.08543787,-0.3818728,-0.3539393,-0.49880198,0.08431918,-0.5666138,-0.45931822,0.12142685,0.09518317,-0.13669148,0.17679475,-0.639896,-0.47095022,-0.15602939,-0.31726715,-0.540225,0.2535097,0.34820426,-0.24300057,-0.5607132,-1.0,-1.0,-0.032590795,-1.0
BaiH%MFR3389927_1_7-beta-dihydroxy-3-oxo-5-beta-cholanoyl-CoA_4-oxidoreductase_BaiH___Clostridium__scindens_,0.1680538,0.1840043,-0.096581794,0.36061406,0.046195097,0.37977102,0.15350191,0.35665956,-0.13497138,-0.11234107,0.49845928,0.44246072,0.05489029,0.012524859,-0.02345523,0.13797355,0.08068463,0.5642942,0.009544943,0.47953823,0.33346513,-0.039460108,0.039941475,0.62881947,-0.25941542,0.5173117,0.38793522,0.038015246,0.14601073,0.61270285,0.060149614,0.43752894,-0.020448461,-0.032535367,0.0535358,0.30091688,0.26697367,0.2646223
BaiH%Obregon-TitoAJ_2015__NO11__bin_28_fa_ODBMCAMJ_01962__NADH_oxidase,1.0,1.0,-1.0,0.8366444,-0.854664,0.16178222,-0.7680602,0.59351736,-0.8920978,-0.7927586,0.97417337,1.0,1.0,-0.525054,-0.68965703,-0.769031,-0.6812768,0.8850138,-0.7636033,1.0,0.91472894,-0.7538744,-0.6628533,0.8692031,-0.58401483,0.48436776,0.4426482,-0.5226562,-0.77308995,0.647683,-0.74423355,0.7751617,-0.81032276,-0.173868,-0.74043775,0.9432093,1.0,-0.6510844
BaiH%SRR5558156_bin_44_CPDFCOML_01071__NADH_oxidase,0.08146922,0.46203178,-0.7652104,-0.090328164,-0.72445494,-0.48295137,-0.7193242,-0.24347168,-0.73320746,-0.61102927,0.06406721,0.19508149,0.40297034,-0.2967972,-0.5959622,-0.6867076,-0.6541108,-0.37249172,-0.7034509,0.27355933,-0.0058389124,-0.8113606,-0.5064228,-0.2608258,-0.363857,0.062556654,0.31290784,-0.42548987,-0.64331406,-0.24175753,-0.61815757,0.020139927,-0.6372883,-0.6002062,-0.79646164,-0.057070542,0.43057972,-0.6365368
BaiH%bai_cluster_1%midas_Clostridium_hiranonis_61655%Clostridium_hiranonis_61655|NZ_DS995354_308,0.82741886,0.53220516,-0.008878625,1.0,0.14825538,0.67392206,0.257466,0.7763132,-0.14481144,0.019987429,0.63391423,0.5860478,0.4250455,-0.21797098,0.16104381,0.22632807,0.2132713,0.9907067,0.24599077,0.70372146,0.9587686,0.19534789,0.28508,1.0,-0.4801648,0.43694368,0.18654491,-0.18388085,0.25351855,1.0,0.30761957,0.78243095,0.23452474,0.3755013,0.25302237,0.8925918,0.5705566,0.4543296
BaiH%bai_cluster_11%midas_Romboutsia_sp_25236%Romboutsia_sp_25236|FJTZ01000011_310,-0.2079293,-0.13921499,0.13491067,0.53441346,-0.035885677,0.60733515,-0.029226055,0.40075892,0.44190556,0.6275878,-0.46185553,-0.0918246,0.3047489,0.38772342,0.10535237,0.14848654,0.28011507,0.05138156,0.27016762,-0.3329083,0.51188564,0.081261426,0.004965749,0.23197572,0.69831884,0.054443456,0.29061595,0.5067605,-0.038656935,0.30789238,0.17613065,0.4307093,0.112536356,-0.1555689,-0.012673635,-0.23968329,-0.1585734,0.14009622
BaiH%bai_cluster_17%midas_Proteocatella_sphenisci_59007%Proteocatella_sphenisci_59007|AUID01000012_928,0.44365764,0.57431066,-0.91612893,0.6180376,-0.6427792,-0.2894631,-0.53853804,0.0734413,-0.853849,-0.5293219,-0.02821065,0.0069230376,0.5360798,-0.84230614,-0.33421353,-0.557038,-0.59533274,0.04104165,-0.47390106,0.2692634,0.5828301,-0.4246707,-0.3966856,0.19856842,-0.6905559,-0.09655694,-0.14661711,-0.92519355,-0.51218927,-0.12102067,-0.39454597,0.10166978,-0.38970792,-0.6376278,-0.5783167,0.1565185,0.5036023,-0.7072408
BaiH%bai_cluster_3%midas_Clostridium_hylemonae_61789%Clostridium_hylemonae_61789|NZ_GG657759_22762,0.68975526,0.567092,-0.08409995,1.0,-0.026425784,0.83508974,0.09702123,0.832695,-0.15187532,0.04512759,0.720711,0.84152156,0.5653392,-0.025649328,0.00056420726,0.14301461,0.16939622,0.99361694,0.09501513,0.81203157,1.0,0.0070282198,0.06990253,1.0,-0.21210665,0.8109091,0.6883485,0.048371866,0.11519475,1.0,0.10891542,0.8157728,0.07075029,0.19285731,0.10741928,0.8403503,0.614765,0.41119012
BaiI%QinJ_2012__CON-070__bin_41_fa_AAAKDJOM_00400__hypothetical_protein,0.31517026,0.6294589,-0.89923,-0.10800132,-0.6644039,-0.42090747,-0.75978816,-0.23101076,-0.68716794,-0.71530336,0.24686621,0.19350667,0.41165805,-0.5256847,-0.52628803,-0.83307534,-0.7639109,-0.10171032,-0.66973215,0.4375574,-0.009758939,-0.622387,-0.60489404,-0.18344451,-0.2544089,-0.1938057,-0.117755696,-0.5002816,-0.7042403,-0.27624273,-0.6231329,0.09576661,-0.6489431,-0.20709778,-0.9044427,0.08439451,0.5521908,-1.0
BaiI%WP_279004450_1_nuclear_transport_factor_2_family_protein__partial___Clostridium__scindens_,0.026511116,-0.15468933,0.29686964,0.3767748,0.42948464,0.601522,0.52812374,0.31326392,0.20340522,0.23110628,0.23263565,0.27937722,-0.13491447,0.22902916,0.32469863,0.54304653,0.4414626,0.53782463,0.40520898,0.14691907,0.34033495,0.38472915,0.39885712,0.6063611,-0.020027101,0.51389277,0.3762003,0.33035263,0.52906096,0.6953194,0.5192074,0.31956735,0.40756124,0.21463339,0.36664018,0.27040645,-0.030898035,0.56262803
