Sample,3oxoDCA,3oxoLCA,7oxoDCA,Ala_DCA,Asn_CA,Asn_DCA,Asp_CA,Asp_DCA,CA,CDCA,DCA,GDCA,GLCA,GUDCA,Gln_CA,Glu_CA,Glu_CDCA,Glu_DCA,IleLeu_CA,LCA,Lys_DCA,Phe_CA,Phe_CDCA,Phe_DCA,TCDCA,TDCA,TLCA,TUDCA,Thr_CA,Thr_DCA,Trp_CA,Trp_DCA,Tyr_CA,UDCA,isoCA_aMCA,isoDCA_isoCDCA,isoLCA,isoUDCA
12aHSDH%ERJ00208_1_oxidoreductase__short_chain_dehydrogenase_reductase_family_protein__Clostridium_sp__ATCC_29733_,-0.025021534,-0.008468524,-0.02674693,-0.02236676,-0.016125506,-0.01843835,-0.02949785,-0.035599753,-0.012091684,-0.0074566267,-0.034104045,-0.028788768,-0.007181506,-0.015919724,-0.009853431,-0.024185913,-0.018608794,-0.046035234,-0.011950684,-0.025437186,-0.023325704,-0.012298497,-0.009082998,-0.03656993,0.010785327,-0.020952601,-0.0011449286,-0.0027535432,-0.021237696,-0.04365911,-0.01955805,-0.024707712,-0.019803764,-0.033163935,-0.02988242,-0.03769684,-0.011921796,-0.03223983
12aHSDH%GENOME015584_936,-0.0077522164,0.0014678848,-0.016984686,0.004349756,-0.025259102,0.0117004,-0.023377514,0.009964553,-0.0010440447,-0.004301378,0.0032365767,0.012271931,0.014569744,0.004792327,-0.01422228,-0.014715949,-0.014685016,0.008435304,-0.02381725,0.0038257437,0.0022962205,-0.02413616,-0.024261605,-0.0046764906,0.02205241,0.011075155,0.017286021,0.004363084,-0.028059315,-0.0033721137,-0.017995775,0.0076749246,-0.021518566,-0.02657255,-0.017120915,-0.0062973257,0.005312985,-0.023377195
12aHSDH%GENOME051950_684,0.010728445,0.02298168,-0.028834846,0.016532533,-0.03702452,-0.009168613,-0.0349308,0.015309024,-0.025826827,-0.027883269,0.005272701,0.01192965,0.028171252,-0.011670684,-0.027517661,-0.032009933,-0.034383234,0.0046797264,-0.03530888,0.013875143,0.021043316,-0.033404924,-0.032494303,0.00044046232,-0.00275072,-0.0048385453,-0.004254776,-0.022608187,-0.042867795,-0.012193753,-0.033436738,0.02278693,-0.034277152,-0.015952699,-0.034418058,0.0033252293,0.023288632,-0.031037265
12aHSDH%GENOME055489_1547,0.023027772,0.008219391,0.007455343,0.012549002,0.011646093,-0.001210487,0.010407613,0.0064559225,-0.0036355308,-0.0018983756,-0.002580869,-0.008912379,0.0060420996,-0.011336114,0.009881076,0.008275189,0.0078038876,0.00965076,0.00980581,0.00029129244,0.013894921,0.009575555,0.01277608,0.0056724935,-0.017775394,-0.013716024,-0.01703944,-0.013611431,0.010692161,0.009265539,0.015731014,0.0012974892,0.010841235,0.02754801,0.0075547593,0.021987837,0.008779942,0.0073639434
12aHSDH%GENOME077010_272,-0.0025510576,-0.0047716578,0.0060918126,0.0070974566,0.01689173,0.011904728,0.022737028,-0.0010293365,0.00403586,0.0060680844,-0.0013929473,-0.0096355695,-0.008416336,-0.0094521595,0.016478455,0.023127265,0.016485266,0.010088904,0.01833149,-0.007307523,0.0014462334,0.020605467,0.010812563,0.0035615826,-0.004783503,0.012791029,-0.0011290829,-0.005624494,0.022549996,0.01244076,0.024186507,0.002449183,0.02669227,-0.006364535,0.010761745,-0.005351454,-0.009258915,0.007403123
12aHSDH%GENOME136792_1072,0.022205802,0.021557031,-0.027077068,0.012941029,-0.015129826,-0.015823206,-0.0029594346,0.003306363,-0.044341713,-0.038856026,0.0060067154,-0.020276183,-0.008013991,-0.044053134,-0.014388282,-0.015988687,-0.020966323,0.012620389,-0.011015632,0.012380259,0.015015929,-0.007073347,-0.005460745,0.0042613805,-0.052527376,-0.0145713845,-0.025647717,-0.03308697,-0.0072671752,0.0017203663,-0.0035076672,0.004382619,-0.015875481,0.015116533,-0.023281682,0.021255849,0.03355606,-0.009425881
12aHSDH%GENOME225739_454,-0.008327907,-0.0015664257,-0.013488192,-0.0055692573,-0.004102773,0.003680972,0.0028900164,0.001959933,-0.013989676,-0.0120443525,-0.011161533,-0.02235841,-0.021058006,-0.012272389,-0.0027236345,-0.0031490317,-0.0073013566,0.007452568,0.0005433806,-0.012262033,-0.009896401,0.0035800845,-0.0023534293,-0.009007269,-0.008573417,-0.0030634927,-0.008065376,-0.010666273,-0.0019227491,-0.017146781,0.0073059835,-0.002922028,0.00035737705,-0.0037922987,-0.013461016,-0.009923998,0.0036157893,-0.0081664575
12aHSDH%MBE7001463_1_SDR_family_oxidoreductase__Oscillospiraceae_bacterium_,0.03138547,0.043710675,-0.043827172,0.0035667988,-0.03892391,-0.034051355,-0.035747975,0.0013811949,-0.051583875,-0.049086142,0.015732631,0.0088254195,0.026680293,-0.032751862,-0.035709262,-0.04476394,-0.049404982,0.007850542,-0.044872716,0.030213747,0.010012828,-0.03725443,-0.034101326,-0.0077618198,-0.037247714,-0.0256055,-0.02506171,-0.037041385,-0.04203073,-0.01829569,-0.035924174,0.015280667,-0.0432885,0.008484041,-0.047191963,0.019644452,0.048092343,-0.03932731
12aHSDH%MBP3571641_1_SDR_family_oxidoreductase__Clostridia_bacterium_,-0.018419562,-0.026457896,0.008879799,-0.021630716,0.006239278,-0.0029110059,-0.0010866578,-0.019878333,0.025640758,0.02537462,0.012591853,0.0066795284,-0.02399476,-0.0054265275,0.012941713,0.008452942,0.00885982,-0.013078616,-0.0010250745,-3.9007013e-05,-0.022588925,0.0010964891,-0.0015441449,-0.0159922,0.01528969,0.013119695,0.008423185,0.015288233,0.012446664,0.0008125569,-0.004028544,-0.03423263,0.006686011,-0.028827835,0.018821334,-0.016094105,-0.03376372,-0.00014949628
12aHSDH%MBR0327374_1_SDR_family_oxidoreductase__Clostridia_bacterium_,0.0018711227,-0.0033791077,-0.008853337,0.0016175996,-0.0015859567,0.0150772575,-0.0017430952,0.0048766634,0.0053091054,0.013935051,0.0053754,-0.019491225,-0.027033327,-0.031754043,0.005791986,0.0040424056,0.0046746405,0.01047527,0.010052418,0.003425004,0.007796992,0.003499878,0.0051122434,0.01009871,-0.009973311,-0.0019394051,-0.0034959856,-0.012943196,0.007927872,0.018332938,0.014377814,-0.002986871,0.009857196,-0.018288907,0.002442485,0.0013899861,-0.006593726,-0.0042703804
12aHSDH%MBR2608425_1_SDR_family_oxidoreductase__Bacteroidales_bacterium_,-0.01213145,-0.0023042248,-0.022801997,-0.02158069,-0.016953176,-0.022897491,-0.02356083,-0.02661056,-0.00886507,-0.012941394,-0.0027237595,-0.006775893,-0.0025294735,-0.020761322,-0.0088092955,-0.020266945,-0.017413268,-0.0335724,-0.0138802985,-0.0012913117,-0.015529429,-0.02099185,-0.0155637385,-0.02901147,-0.0030172379,-0.007926454,-0.0035725075,-0.0072343065,-0.015494281,-0.01720076,-0.032259323,-0.013808685,-0.020287193,-0.04926194,-0.01293511,-0.02616712,-0.013069795,-0.027410218
12aHSDH%MBR5144004_1_SDR_family_oxidoreductase__Clostridia_bacterium_,0.0015840873,-0.0036834385,0.008163538,0.0065394635,0.013722197,-0.00065341435,0.01469923,-0.006388411,0.0076464578,0.0072012935,-0.018001849,-0.006923145,0.0054197568,0.0040710317,0.013397978,0.017091393,0.012236203,-0.012780798,0.01709878,-0.019348746,0.010690375,0.017387606,0.01423109,-0.0011538268,0.0008858594,0.00031530095,0.00082689745,-0.0052501555,0.015078861,0.0038547278,0.013311893,0.0025543198,0.022113826,-0.009588055,0.0159062,-0.010142814,-0.014276889,0.010855642
12aHSDH%MBR6823493_1_SDR_family_oxidoreductase__Bacillota_bacterium_,-0.024087217,-0.028662581,0.007890985,-0.017555946,0.018234681,-0.0020092893,0.01558091,-0.016922649,0.009153312,0.015246296,-0.035617266,-0.032497026,-0.032229606,0.004033713,0.014392166,0.020897498,0.014478557,-0.017163735,0.017204449,-0.04011835,-0.0072012967,0.019739458,0.01276371,-0.011504756,0.009165791,-0.0108569125,-0.005590418,0.0050350362,0.015990315,-0.022232456,0.0141149685,-0.019472338,0.01628047,-0.014582837,0.012682818,-0.026180046,-0.030388426,0.0059072273
12aHSDH%MBR7146259_1_SDR_family_oxidoreductase__Oscillospiraceae_bacterium_,-0.0028969084,0.0052635497,-0.0312657,0.009289464,-0.012593515,0.0036520609,-0.01445889,-0.009397739,-0.024923008,-0.015416863,-0.016234998,-0.022205021,-0.00816906,-0.033625744,-0.00284359,-0.010017488,-0.011766439,-0.012239017,0.0004098333,-0.00775386,0.013316648,-0.007876786,-0.0038975764,-0.001481285,-0.026794326,-0.0058748336,-0.0072212564,-0.033237405,-0.006897471,-0.003509815,-0.0044232295,-0.0020592043,-0.005182184,-0.04274268,-0.019985516,-0.017053608,-0.0033647064,-0.022305401
12aHSDH%MCI8718619_1_SDR_family_oxidoreductase__Lachnospiraceae_bacterium_,-0.03868718,-0.04212844,0.028682886,-0.01046268,0.020670224,0.006206161,0.023738658,-0.014506298,0.03781773,0.03828934,-0.022835014,-0.011966504,-0.018093864,0.027795415,0.022239199,0.026098888,0.022310374,-0.020671034,0.02129697,-0.03384131,-0.013483831,0.026344204,0.019934392,-0.00882855,0.030449511,0.006499858,0.0064364867,0.026814096,0.023981573,-0.00026660928,0.024359645,-0.025620589,0.02777844,-0.0031477562,0.027595231,-0.02658884,-0.040159665,0.015973514
12aHSDH%WP_055231566_1_SDR_family_NAD(P)-dependent_oxidoreductase__Anaerostipes_hadrus_,-0.01386117,-0.030566618,0.042519823,0.016202409,0.041057803,0.038258173,0.046654567,0.018116724,0.043336444,0.045180984,0.0033361772,0.0011426408,-0.017817238,0.012436834,0.04070945,0.054215044,0.0480343,0.019593716,0.041587945,-0.011894938,0.014954391,0.039849915,0.02592791,0.020718548,0.026372302,0.03935411,0.021872936,0.023981323,0.04826067,0.037474852,0.040695544,0.0021606155,0.051689453,-0.0036658286,0.04695747,-0.000181222,-0.03564127,0.037592307
12aHSDH%WP_130435990_1_SDR_family_NAD(P)-dependent_oxidoreductase__Cuneatibacter_caecimuris_,-0.026258556,-0.041556425,0.0329564,-0.016950415,0.033088904,0.0036496771,0.032773543,-0.0258574,0.028482882,0.022551792,-0.031353597,-0.03960623,-0.043164387,0.0013240904,0.030162608,0.030904736,0.037050687,-0.03195257,0.044649802,-0.039660707,-0.020784684,0.04199592,0.043761924,-0.010633528,0.00021548315,-0.013120421,-0.007924824,0.023856157,0.039972905,0.0033373074,0.030390281,-0.029599257,0.028117923,0.0029470173,0.03361874,-0.019626139,-0.035231143,0.031749006
12aHSDH%WP_161844252_1_SDR_family_NAD(P)-dependent_oxidoreductase__Pseudoflavonifractor_sp__524-17_,-0.0068828203,-0.023254285,0.030169819,0.0045709903,0.038851377,0.01801731,0.044884153,-0.008350995,0.013025044,0.011818528,-0.008611677,-0.025084486,-0.034498774,-0.0060280566,0.033426326,0.040571507,0.04353043,-0.006876649,0.0456922,-0.017610002,-0.0006554413,0.038863096,0.039612576,0.0038344827,-0.015205362,0.018765869,0.0121459225,0.021005735,0.053000472,0.031987466,0.032154836,-0.017992087,0.034157842,0.010876041,0.036449622,0.0025257627,-0.017699968,0.046615645
12aHSDH%WP_165061273_1_SDR_family_NAD(P)-dependent_oxidoreductase__Xiamenia_xianingshaonis_,-0.019518334,-0.017995726,0.009938193,-0.007786863,0.0061532883,-0.0020623726,0.007922826,-0.0023363177,0.014527767,0.0052057966,-0.0051910835,0.0058249175,-0.0041367356,0.021847494,0.009048833,0.0077533615,0.0043763984,-0.011855835,0.0029625874,-0.0115002515,-0.009187594,0.003925303,0.008146923,-0.008799551,0.016232932,0.008161195,0.007884216,0.014409356,0.0068069464,-0.0034828805,0.0056692474,-0.0012079999,0.011545629,-0.008838859,0.0031735247,-0.0136492625,-0.018491616,0.0044738967
12aHSDH%WP_249318265_1_SDR_family_NAD(P)-dependent_oxidoreductase__Yeguia_hominis_,0.02084486,0.0076289047,0.01241753,0.0374225,0.019526096,0.018815456,0.026476616,0.0199363,0.005093985,0.014882613,-0.005528984,-0.0009376161,0.012840918,-0.008618595,0.022644216,0.021946386,0.026969768,0.017385598,0.029402101,0.0015806557,0.032381445,0.026316235,0.029670399,0.027715016,-0.010236212,0.003023932,0.0024449744,0.00675086,0.028186105,0.034622744,0.026221849,0.016936576,0.021965012,0.018774817,0.012993371,0.022006657,0.0132192215,0.019394299
12aHSDH%WP_256285936_1_SDR_family_NAD(P)-dependent_oxidoreductase__Pseudoflavonifractor_phocaeensis_,-0.017342802,-0.024431529,0.039101683,0.005467794,0.03404366,0.023863683,0.034670826,0.0065572183,0.044673115,0.039434146,-0.006735742,0.0029446846,0.0030552747,0.028936602,0.031528868,0.037509926,0.03955577,-0.0034733422,0.034302913,-0.014215274,0.0029638738,0.03464099,0.032230794,0.0033818113,0.028701589,0.014428977,0.020086246,0.024980715,0.036361106,0.02419184,0.027165802,-0.010001013,0.035961445,0.0025079784,0.035103556,-0.010769729,-0.028910613,0.028800976
12aHSDH%WP_278514144_1_SDR_family_NAD(P)-dependent_oxidoreductase__Methanobrevibacter_smithii_,0.026596684,0.034798525,-0.012383759,-0.02945235,-0.008490777,-0.03889375,-0.021972615,-0.03518627,-0.017812645,-0.028771697,-0.002570483,-0.0020549968,0.015919507,-0.019217294,-0.013589568,-0.02609833,-0.015799528,-0.02816865,-0.014835214,0.007930133,-0.04170408,-0.017215317,-0.014352957,-0.037187845,-0.016143031,-0.03345743,-0.016252821,-0.009411012,-0.014890368,-0.031307966,-0.0237814,-0.01309735,-0.023227632,0.020012531,-0.018412415,-0.004977144,0.020258263,-0.013762771
12aHSDH%WP_418471294_1_SDR_family_NAD(P)-dependent_oxidoreductase__Eggerthella_sp__,0.042109612,0.040671162,-0.024337068,0.016251555,-0.017761284,-0.014534883,-0.013389269,0.0152775915,-0.047531534,-0.03801362,0.021803897,0.0052372837,0.010913636,-0.025717268,-0.022859907,-0.018712847,-0.021890786,0.026276477,-0.024846196,0.027664619,0.02034075,-0.026365085,-0.0228881,0.0072352793,-0.047936264,-0.0032892004,-0.018436328,-0.03655804,-0.016660748,-5.602818e-06,-0.017717266,0.013454023,-0.019494683,0.013651894,-0.019112555,0.03482638,0.040007897,-0.004782615
12bHSDH%GENOME225741_180,0.012029772,0.00875406,0.0043677436,-0.007514517,-0.015823498,-0.00048251924,-0.010339022,0.02414123,-0.0060528945,-0.0060416665,0.036155496,0.020962117,-0.008912996,0.01303976,-0.030390732,-0.015213455,-0.0044693043,0.03736384,-0.016146494,0.030360615,0.008672428,-0.012690315,-0.016661642,0.02276747,-0.006169277,0.019183034,0.027508741,0.015749356,-0.013842026,0.009651664,-0.02756747,0.00037526435,-0.025801772,0.027100446,0.009450363,0.03184952,0.01913448,0.027671942
12bHSDH%MDD6456291_1_SDR_family_NAD(P)-dependent_oxidoreductase__Lachnospiraceae_bacterium_,-0.017961107,-0.017875701,0.014713219,-0.018921433,0.010245272,-0.0108662,0.013768657,-0.0075025116,0.010199381,0.005742177,0.0064242124,-0.0017411379,-0.018974729,0.017418567,-0.003774854,0.008807872,0.010465762,-0.001447419,0.002371549,-0.0010360625,-0.008223664,0.0056196917,0.00014280366,-0.00020255409,-9.410802e-05,0.010342967,0.015091525,0.014835601,0.015189253,0.007634917,-0.0039662244,-0.0182924,-0.0005717917,0.007799467,0.0147180995,-0.0074799294,-0.0141821,0.020956093
3aHSDH%3aHSDH%HJB56827_1_3-oxoacyl-ACP_reductase_FabG__Candidatus_Flavonifractor_intestinipullorum_,0.043142978,0.030779531,-7.251717e-05,0.04462538,0.0064749424,0.025952058,0.010718592,0.037683714,-0.018206084,-0.014972204,0.024633996,0.014941279,0.017724937,-0.003322205,-0.0023586794,0.0011792977,-0.0009058104,0.04784296,0.007946222,0.02621042,0.03810839,0.0076257847,0.0074279676,0.042897068,-0.030448383,0.0069207614,-0.012054294,-0.014916765,0.0021135875,0.033075206,0.011945415,0.041280393,0.0055887545,0.039657384,0.0038279027,0.03965075,0.03289821,0.026280131
3aHSDH%3aHSDH%MBO5160353_1_3-oxoacyl-ACP_reductase_FabG__Lachnospiraceae_bacterium_,-0.0008556657,-0.020474516,0.042434815,0.015519517,0.034588564,0.014982742,0.038808044,0.0047976775,0.02205967,0.023306806,-0.0022820341,0.007955895,-0.0039511616,0.031729907,0.026941862,0.031560127,0.03143411,0.0072425837,0.028583953,-0.015053444,-0.00032554177,0.035564803,0.03545121,0.013547889,0.0038920683,0.012650499,-0.0016740655,0.030634897,0.036120728,0.014982431,0.035077665,-0.0045233173,0.037247382,0.047878977,0.035588257,0.014159513,-0.0113412915,0.04815694
3aHSDH%3aHSDH%MBQ7891058_1_3-oxoacyl-ACP_reductase_FabG__Erysipelotrichaceae_bacterium_,0.046911545,0.036377862,-0.008936837,0.020330878,-0.007023509,-0.013827085,0.003151595,0.01429365,-0.030275676,-0.028949654,0.026804714,0.008110888,0.012650001,-0.03432188,-0.013243608,-0.006785169,-0.008741256,0.026974713,-0.007224138,0.031487063,0.021363396,-0.00567306,-0.006648919,0.018581856,-0.0536467,-0.0016673529,-0.009628271,-0.03116983,0.0017465658,0.01948914,-0.00834466,0.008246187,-0.011957717,0.030595727,0.003878603,0.039166868,0.037395775,0.014738289
3aHSDH%3aHSDH%MBR6526164_1_3-oxoacyl-ACP_reductase_FabG__Clostridia_bacterium_,0.005747996,-0.019936485,0.055442873,0.023125544,0.052015577,0.017382978,0.05831779,0.008090468,0.024652814,0.029762713,-0.0121483095,-0.0040410603,-0.006109151,0.030275088,0.03524133,0.05130718,0.04644918,0.00891712,0.04841994,-0.020328619,0.016474126,0.05093646,0.048557714,0.024194283,-0.007318176,0.010603897,-0.003824618,0.024142087,0.055382587,0.028275311,0.051870603,7.7464894e-05,0.05284921,0.055235486,0.050275687,0.01952429,-0.014459369,0.06782395
3aHSDH%3aHSDH%MCM1345206_1_3-oxoacyl-ACP_reductase_FabG__Muribaculaceae_bacterium_,-0.0937807,-0.049044266,-0.008017777,-0.02260219,-0.0065997965,0.027610803,-0.0059641,-0.021647226,0.023236174,0.021897338,-0.07434406,-0.055461634,-0.024781318,0.044005133,-0.00021211244,-0.0038808098,0.0033227373,-0.046547793,0.015086081,-0.07506145,-0.044847652,0.012185966,0.0024066144,-0.03524521,0.06476621,-0.0256077,-0.009853733,0.028059024,-0.02140742,-0.05369212,0.020071771,-0.0004768363,0.00012647088,-0.038289063,-0.038777992,-0.08763257,-0.037446838,-0.031908914
3aHSDH%3aHSDH%MED9821234_1_SDR_family_NAD(P)-dependent_oxidoreductase__Christensenellales_bacterium_,0.0018642134,-0.015910372,0.04054389,0.030966878,0.03452822,0.03725397,0.034815848,0.028961157,0.04031049,0.04372951,-0.0042664874,0.00033685408,0.0026748236,0.016959192,0.035033073,0.03812941,0.03961527,0.013639206,0.042925395,-0.010148287,0.02519068,0.0393486,0.035810232,0.024830699,0.021547966,0.009058705,5.5853747e-05,0.021431822,0.03414917,0.03124161,0.0376006,0.020106027,0.04306751,0.014895515,0.03615017,0.007633442,-0.019242771,0.039828766
3aHSDH%3aHSDH%WP_062304377_1_SDR_family_NAD(P)-dependent_oxidoreductase__Sellimonas_intestinalis_,0.015443189,-0.009833186,0.047465432,0.025037823,0.041868005,0.0073194695,0.05303357,0.013717757,0.010177727,0.012983764,-0.0016627744,0.00083189626,0.00033783022,0.023827158,0.027694618,0.043181233,0.03871082,0.014080104,0.035110094,-0.009773704,0.01926966,0.038329184,0.03712689,0.021601565,-0.016768998,0.014134747,-0.0022543792,0.020955272,0.046956,0.027852874,0.036592573,0.003469284,0.0399975,0.05661317,0.04365345,0.030450286,-0.0006684379,0.063667715
3aHSDH%3aHSDH%WP_117548394_1_SDR_family_NAD(P)-dependent_oxidoreductase__Longicatena_caecimuris_,-0.004467663,0.009317225,-0.035015706,-0.012327011,-0.036041226,-0.030485995,-0.035087775,-0.009737521,-0.03152112,-0.023344386,0.0108686825,0.0067006173,-0.0025556344,-0.012792459,-0.034749318,-0.03346997,-0.024361558,-0.01000196,-0.037711114,0.018258214,-0.008070413,-0.04028263,-0.032369137,-0.006938858,-0.016511273,0.009289284,0.02834147,0.0034769273,-0.026573457,-0.013796844,-0.04935236,-0.01644925,-0.047405213,-0.037758183,-0.022752164,-0.002806092,0.014843129,-0.01710949
3aHSDH%3aHSDH%WP_226969791_1_SDR_family_oxidoreductase___Ruminococcus__lactaris_,0.026245944,0.032721445,-0.033101853,-0.0074817436,-0.035607573,-0.018214695,-0.029861316,0.007045744,-0.034265645,-0.03767125,0.034167815,0.019784529,0.008204876,-0.016811779,-0.03674521,-0.030111179,-0.036521878,0.018258262,-0.04219168,0.031620186,0.0028005175,-0.037312426,-0.040770154,-0.005795528,-0.024885168,0.008850491,0.006281865,-0.036720417,-0.03655659,-0.010380472,-0.045662835,-0.0024526953,-0.03627224,-0.022564165,-0.009696698,0.012590126,0.02335297,-0.017467767
3aHSDH%3aHSDH%WP_270387972_1_SDR_family_NAD(P)-dependent_oxidoreductase__Blautia_hansenii_,-0.024890063,-0.038141917,0.054028187,0.01365792,0.05071831,0.022299659,0.0684155,-0.00022541413,0.038786028,0.038034562,-0.01910653,-0.015735693,-0.025574073,0.024336396,0.046994146,0.05690269,0.055230927,-0.0019242297,0.060989037,-0.034479048,0.0010614092,0.06640951,0.062028393,0.013628001,0.0048928303,0.019440636,0.005222848,0.029469637,0.06634371,0.03326087,0.06367607,-0.014997397,0.0669777,0.030733567,0.04612785,-0.004161654,-0.02921149,0.049906682
3aHSDH%CAG5237306_1_short_chain_dehydrogenase__Streptococcus_pneumoniae_,-0.06606138,-0.050498992,0.03528352,-0.017140009,0.033529356,0.026695075,0.025621701,-0.012667781,0.051715992,0.043161254,-0.035513736,-0.030070178,-0.024108486,0.045849573,0.021767998,0.030135853,0.035938963,-0.02739557,0.03491665,-0.039547198,-0.02114821,0.025645392,0.02399395,-0.009779687,0.05006139,-0.006097234,0.01206072,0.050243888,0.02682748,0.0074458225,0.026614912,-0.0028831807,0.016303334,0.0041862163,0.007738354,-0.06011488,-0.04659855,0.024201881
3aHSDH%GENOME060426_131,0.058959395,0.050128378,-0.010667508,0.037316523,-0.014264725,0.010954585,-0.0031064337,0.04734452,-0.026081437,-0.0088549545,0.039049987,0.03756176,0.028499175,-0.0108729545,-0.01755537,-0.0049724225,-0.007387951,0.05632032,-0.019531934,0.04686243,0.041734237,-0.020508816,-0.019872567,0.036068726,-0.02424115,0.02243872,0.015100655,-0.018203394,-0.011661348,0.027278982,-0.010900669,0.032998174,-0.014896521,0.020952048,-0.003208678,0.05718425,0.051578503,0.011623524
3aHSDH%GENOME084620_3418,-0.018134931,-0.016013045,0.012230001,0.015690874,0.008152484,0.02134079,0.011334503,0.007874443,0.024252065,0.024413012,-0.0035003207,0.0041487017,0.006139551,0.014270922,0.009472418,0.01924577,0.020021355,0.002184489,0.010431958,-0.007465659,0.013820683,0.001710449,-0.0046462957,0.007829676,0.021951368,0.021718604,0.01906077,0.019750359,0.014736907,0.027214374,0.008073185,0.00850662,0.010789305,-0.018431103,0.012432699,-0.015864532,-0.019642882,0.009560782
3aHSDH%GENOME084674_3322,-0.023767116,-0.021967895,0.0048714504,0.006781103,0.009915162,-0.00022445056,0.018141467,-0.007429135,0.011522137,0.011914916,-0.016984303,-0.0065780724,0.0039244075,0.005261588,0.013293861,0.018421393,0.010109053,-0.0054906453,0.005619052,-0.018285293,0.0053792666,0.012631213,0.0036055017,-0.0037938477,0.00979627,0.002883766,0.00017463497,0.0019311759,0.014494218,0.0024012916,0.013798177,-0.007139256,0.012425453,-0.01351299,0.0040419055,-0.021138282,-0.018956546,-0.008228291
3aHSDH%MBQ9141038_1_SDR_family_oxidoreductase__Lachnospiraceae_bacterium_,0.0029570453,0.0048836726,-0.001992243,-0.035960518,-0.018112004,-0.030572582,-0.025557376,-0.015256891,-0.0041977703,-0.011683253,0.020707617,0.020325756,0.009190457,0.00753542,-0.029019209,-0.020569706,-0.017076755,-0.0016123471,-0.037941117,0.016061248,-0.021560412,-0.03066956,-0.039060004,-0.026535435,0.017863125,0.009736017,0.029947938,0.01906197,-0.02337562,-0.0243146,-0.044834036,-0.026812224,-0.03768011,0.016172774,-0.0029889229,0.0068328697,0.0060732854,-0.0025877538
3aHSDH%MBS5502136_1_3-oxoacyl-ACP_reductase_FabG__Eggerthella_sp__,-0.008299032,-0.00086267194,-0.0043406757,-0.0036082163,-0.0048951292,-0.01345079,-0.0030381205,-0.0053328383,0.0050929165,0.0030854412,-0.008791768,0.0013795018,0.0038305914,0.0007155314,0.0012431057,-0.005678192,-0.014048673,-0.0152338715,-0.008115839,-0.0062463894,-0.012803547,-0.004739912,-0.002929182,-0.014143526,0.0073580523,-0.013895699,-0.017213251,-0.011273481,-0.0064993887,-0.015925601,0.00024310348,-0.0035741113,-0.0007993366,-0.010353545,-0.010005317,-0.020631125,-0.006116937,-0.017765455
3aHSDH%MCI6529002_1_SDR_family_oxidoreductase__Clostridiales_bacterium_,0.002697602,0.008496532,-0.0056313304,-0.018965965,-0.0059509785,-0.032163184,-0.013722583,-0.030635508,-0.0061976886,-0.01502711,-0.008794883,0.0053538666,0.014588199,-0.009076074,-0.0038969356,-0.014934911,-0.01300262,-0.026415147,-0.012595738,-0.003102508,-0.02486135,-0.009088213,-0.007219145,-0.02623654,0.003142923,-0.020726101,-0.00889623,0.0055334903,-0.009572545,-0.023276765,-0.010816689,-0.0060868054,-0.011221349,0.013769728,-0.019089624,-0.0090564415,0.0053837877,-0.021526437
3aHSDH%MCI6633699_1_3-oxoacyl-ACP_reductase_FabG__Clostridiales_bacterium_,-0.0027304995,0.00770988,-0.0070121135,0.0040952675,-0.014738436,-0.009737628,-0.0101922015,0.0022549317,-0.005755563,-0.0097368965,0.00020353157,0.011985541,0.023696791,0.01680678,-0.0133276405,-0.012988363,-0.014410735,-0.0024912402,-0.017374892,-0.0010270566,-0.0045775874,-0.0068647927,-0.013119321,-0.0090875765,0.0070865117,-0.0013290349,0.00028784032,-0.0010088806,-0.018511146,-0.0176581,-0.01882989,0.0018248924,-0.011221153,-0.009935963,-0.0051750373,-0.0073506325,0.0072232867,-0.007812529
3aHSDH%MCI6899085_1_SDR_family_oxidoreductase__Mycoplasmatota_bacterium_,-0.0076338677,-0.029168217,0.0456457,-0.0003266359,0.037782077,0.020545749,0.0292133,0.0053444924,0.042703543,0.035475936,-0.010616295,-0.008506512,-0.013869912,0.04462018,0.02627341,0.034784973,0.03507428,0.004183015,0.024455626,-0.030566439,-0.005566096,0.027684333,0.017010504,-0.0051343124,0.037680514,0.00023614231,-0.0015654825,0.039088115,0.02504921,0.005226951,0.018764801,-0.010757101,0.026107106,0.036462203,0.047027387,-0.0066517466,-0.031454492,0.047805525
3aHSDH%MCI7742844_1_SDR_family_oxidoreductase__Clostridiales_bacterium_,0.006927786,0.017374687,-0.03329665,-0.00065209134,-0.01658858,-0.013252637,-0.02048985,-0.012937332,-0.026391597,-0.025304249,-0.00095616817,-0.0069370694,0.0076422053,-0.02089981,-0.012442009,-0.025404885,-0.024988927,-0.0083019,-0.018005813,0.005964717,0.0016470896,-0.01707932,-0.014958177,-0.0059300107,-0.011983725,-0.012503195,-0.012956235,-0.020438422,-0.01845969,-0.006992436,-0.012547362,0.001935814,-0.017136374,-0.0011970747,-0.035290126,-0.0029798977,0.016384896,-0.03750901
3aHSDH%MCI8568452_1_3-oxoacyl-ACP_reductase_FabG__Bacilli_bacterium_,-0.033633374,-0.033192575,0.03419989,-0.009809154,0.04936302,0.017319733,0.04181147,-0.016698392,0.035329524,0.037334863,-0.04027794,-0.03232789,-0.01918696,0.029593952,0.032473255,0.042282254,0.041885506,-0.018901957,0.039685212,-0.036907412,-0.00479794,0.03184747,0.02801972,-0.009571513,0.030305294,-0.015765646,-0.00401251,0.04049145,0.043015324,0.009920504,0.036589727,-0.0011945775,0.024915926,0.024971271,0.006887204,-0.03669104,-0.031093827,0.025848584
3aHSDH%MCM1266841_1_3-oxoacyl-ACP_reductase_FabG__Bacteroidales_bacterium_,-0.007996001,-0.034000583,0.03904362,-0.016083388,0.04766166,-0.0051852884,0.04256743,-0.029356925,0.016683036,0.01651162,-0.021283984,-0.02607235,-0.040381487,0.008419996,0.034199394,0.033750005,0.028215129,-0.021841977,0.03773918,-0.03310883,-0.023425443,0.042085182,0.044581305,-0.010740935,-0.013134457,-0.0133271655,-0.028536417,0.013774103,0.046446268,-0.009246585,0.038844716,-0.029277481,0.040479112,0.041511506,0.038429633,-0.0058303704,-0.032456655,0.0432065
3aHSDH%MCR4878926_1_SDR_family_NAD(P)-dependent_oxidoreductase__Bacteroidales_bacterium_,-0.07762572,-0.041718565,0.0035797898,-0.004022132,0.011387858,0.039627038,0.0211659,0.01085427,0.026864385,0.023715196,-0.035531875,-0.028596401,-0.021254627,0.041240774,0.012936601,0.01996436,0.027543876,-0.004127635,0.01869922,-0.035824418,-0.014476782,0.0067726145,0.00068870577,-0.0038475664,0.060691666,0.0114424955,0.023641331,0.052713886,0.005490007,0.0026368746,0.018901512,0.02218415,-0.0023487725,-0.026471166,-0.031891894,-0.05499181,-0.021695858,-0.012820981
3aHSDH%MDE7008868_1_3-oxoacyl-ACP_reductase_FabG__Lachnospiraceae_bacterium_,0.0044933255,-0.020363336,0.036236044,-0.016784037,0.029770723,-0.010882051,0.03165793,-0.015849933,0.0051533068,0.0066564106,-0.00037882835,-0.025874957,-0.03856952,-0.013407683,0.01806635,0.026713276,0.025301594,-0.009351878,0.027539287,-0.012116977,-0.01382405,0.029684152,0.03049809,-0.005317417,-0.035178166,-0.0061946707,-0.0155962,-0.006504947,0.036078367,0.0008661391,0.024521956,-0.03978801,0.024247274,0.04629149,0.041829534,0.02156484,-0.014629131,0.04527534
3aHSDH%MDE7282987_1_SDR_family_oxidoreductase__Lachnospiraceae_bacterium_,0.0006099595,0.007194671,-0.00654614,-0.038151897,-0.027904807,-0.033745844,-0.03243346,-0.015668193,-0.008018042,-0.01099593,0.01947874,0.022553846,0.010029262,0.009804819,-0.038394906,-0.026124574,-0.021673463,-0.0022978173,-0.045047447,0.015611048,-0.026386296,-0.037614964,-0.047997054,-0.029881068,0.018046595,0.014893111,0.035990827,0.018454397,-0.03062668,-0.031875595,-0.05170606,-0.034219757,-0.043979988,0.0070333206,-0.0035925326,0.006088022,0.009053326,-0.0045708213
3aHSDH%MDE7415347_1_SDR_family_oxidoreductase__Lachnospiraceae_bacterium_,0.005104871,0.0279438,-0.046499643,-0.011428552,-0.05648701,-0.02586289,-0.055671625,-0.0042740824,-0.035938155,-0.03713987,0.017377442,0.008391444,0.0148224905,-0.008490536,-0.055595472,-0.05337348,-0.04513434,-6.7466994e-05,-0.059575364,0.019951358,-0.012200202,-0.062711835,-0.063242406,-0.023271644,-0.007974866,-0.001391519,0.012426235,-0.012282098,-0.05599086,-0.021611748,-0.06462764,-0.004978508,-0.06379389,-0.03045317,-0.033558838,-0.009326232,0.026874857,-0.030613756
3aHSDH%NBI02399_1_3-oxoacyl-ACP_reductase_FabG__Lachnospiraceae_bacterium_,-0.008917957,0.00041225142,-0.005553935,-0.0059117544,-0.019749757,-0.01301372,-0.018608851,-0.005491061,-0.004962847,-0.009130141,-0.011503229,0.004962152,0.011205962,0.038607426,-0.02413542,-0.016062116,-0.015552793,-0.006775701,-0.036267165,-0.016346944,-0.015433988,-0.028013205,-0.03620695,-0.027883511,0.025240524,-0.005922373,0.0012977625,0.016481014,-0.030365266,-0.028881289,-0.031588003,-0.008939696,-0.031656004,-0.0003166337,-0.010428209,-0.017261157,0.0040366617,-0.0062394296
3aHSDH%WP_008977467_1_SDR_family_NAD(P)-dependent_oxidoreductase__Faecalimonas_umbilicata_,0.0062576723,-0.038929906,0.06404155,0.0047964696,0.06539841,0.037128303,0.059124082,-0.0032600933,0.046398446,0.044215966,-0.035532285,-0.027976021,-0.0239248,0.02268353,0.06329052,0.059563387,0.06329405,0.0021145942,0.0678364,-0.040496945,-0.0053555113,0.06719263,0.06807927,-0.002668219,0.020908976,-0.008719009,-0.008938745,0.035652388,0.061231274,0.015817726,0.06556657,-0.02086401,0.062334403,0.044378508,0.061195973,0.01874259,-0.031899635,0.050550967
3aHSDH%WP_020436139_1_MULTISPECIES__SDR_family_NAD(P)-dependent_oxidoreductase__Mediterraneibacter_,-0.0057320762,-0.02954215,0.031906318,0.002954685,0.034152023,0.0016111456,0.027720036,-0.0121445395,0.037538826,0.031005917,-0.017497864,-0.018945131,-0.012400402,-0.0061021005,0.03962184,0.02664281,0.023801122,-0.018415496,0.034811832,-0.026048142,-0.0038957102,0.041715525,0.03728202,-0.00013065645,0.013962815,-0.014250592,-0.022574311,0.006162763,0.034657422,0.008228432,0.03624198,-0.012996341,0.04416788,0.018680885,0.034683727,-0.0066669057,-0.035039593,0.010689598
3aHSDH%WP_021919520_1_SDR_family_oxidoreductase__Evtepia_gabavorous_,0.045568857,0.056319512,-0.052414063,0.023563068,-0.05549593,-0.025957055,-0.048357975,0.018236775,-0.058823932,-0.052435145,0.023404716,0.026816584,0.043311574,-0.031767305,-0.048170757,-0.05202816,-0.049346425,0.02416091,-0.05364444,0.042786893,0.02254789,-0.05119833,-0.04479282,0.01075047,-0.042815346,-0.006873275,-0.002819043,-0.037429456,-0.05439064,-0.011064976,-0.053308792,0.020397408,-0.060457993,-0.010768621,-0.04294001,0.03467326,0.06225455,-0.037460614
3aHSDH%WP_037602854_1_3-oxoacyl-ACP_reductase__Streptococcus_sp__oral_taxon_056_,-0.053895764,-0.032247283,0.008319637,-0.015028267,0.0026827496,0.014616184,-0.005426785,-0.01165917,0.03549954,0.036858045,-0.027608786,-0.009157733,-0.0067973947,0.035381407,0.004054116,0.0072578513,0.012081982,-0.031912867,0.009074194,-0.031328965,-0.021690423,-0.00096724794,-4.8252286e-06,-0.01499819,0.05350208,0.0027467802,0.018797122,0.03493161,-0.0016154805,-0.011549521,0.0060386574,-0.0024103466,0.006273033,-0.035446268,-0.004968429,-0.054056503,-0.037566137,-0.0031855248
3aHSDH%WP_044950032_1_SDR_family_NAD(P)-dependent_oxidoreductase__Mediterraneibacter_gnavus_,0.0022916289,-0.04170993,0.08040057,0.0108758,0.063923694,0.037959095,0.05911411,0.019749014,0.067135125,0.057488833,0.001383237,0.0028492245,-0.01997514,0.053174376,0.051001176,0.06431247,0.065545514,0.021724166,0.05088166,-0.025138011,0.0039172275,0.054995745,0.044695903,0.01815385,0.03750167,0.014215535,0.0040565487,0.05357369,0.055980615,0.033746615,0.04252207,-0.009977283,0.053490676,0.05585356,0.08607443,0.0168918,-0.040970635,0.08217869
3aHSDH%WP_087213392_1_MULTISPECIES__SDR_family_NAD(P)-dependent_oxidoreductase__Sellimonas_,-0.016280957,-0.043690275,0.049223647,-0.0066544916,0.055824608,0.0188978,0.048547693,-0.024424866,0.04424365,0.04367035,-0.049882617,-0.046170197,-0.033674896,0.012329611,0.05396054,0.04883216,0.051047593,-0.024423283,0.06640469,-0.05323925,-0.017977342,0.06390572,0.06172578,-0.011093574,0.017137213,-0.022203946,-0.019944174,0.027512966,0.0564981,0.006391104,0.06621944,-0.023501163,0.06094866,0.02492559,0.044227052,-0.014247246,-0.043063346,0.033430904
3aHSDH%WP_104968339_1_3-oxoacyl-ACP_reductase__Streptococcus_pluranimalium_,-0.06805639,-0.037756793,0.005439143,-0.032921482,0.012201978,-0.0005941435,0.017557107,-0.026483156,0.025347378,0.01647752,-0.050767053,-0.039129455,-0.028806984,0.023889437,0.01736765,0.014932046,0.012338809,-0.03859749,0.012085211,-0.049501285,-0.052058153,0.0075728716,0.0072736363,-0.04805044,0.046214152,-0.019345192,-0.009084701,0.026312046,0.009936078,-0.0361824,0.027680995,-0.008486515,0.010114784,-0.028725931,-0.03130275,-0.07148558,-0.03179735,-0.02448971
3aHSDH%WP_117562420_1_SDR_family_NAD(P)-dependent_oxidoreductase__Enterocloster_aldenensis_,0.0194429,0.011243206,-0.0046649445,0.006505783,0.00504376,0.007417758,0.0036472424,0.00014006719,-0.009457796,-0.0057986975,0.0024079685,-0.000409068,-0.00095314713,-0.019028278,0.0069183693,0.006751078,0.0089839995,0.0037671658,0.0071605323,0.008016637,0.017121358,0.0028248357,0.0058912756,0.008029954,-0.018154997,-0.00052000885,0.002237335,-0.009809393,0.0071162446,0.01389639,-0.00562576,0.004194502,-0.0024957105,-0.0155615555,0.005033633,0.013539166,0.007426671,0.0026508328
3aHSDH%WP_191282235_1_SDR_family_oxidoreductase__Pseudolysinimonas_yzui_,-0.06804408,-0.031992722,0.0034043489,0.0014029525,0.0025440361,0.031230925,0.0068325982,-0.0043953904,0.03151749,0.02964134,-0.049277477,-0.016741168,0.0038499085,0.039653312,0.014639769,0.010854732,0.014696616,-0.030943,0.019992843,-0.04725548,-0.02214177,0.015062908,0.0052077896,-0.013661214,0.06374691,0.0013800855,0.0062666778,0.029482516,-0.004906292,-0.022086365,0.023827067,0.019111468,0.016847508,-0.037568167,-0.024459718,-0.06331181,-0.030483495,-0.022929734
3aHSDH%WP_231385278_1_SDR_family_NAD(P)-dependent_oxidoreductase__Candidatus_Stoquefichus_massiliensis_,-0.0035950907,-0.02418634,0.029027881,-0.009622043,0.02245223,0.010929526,0.017140198,-0.009743694,0.029209461,0.020683333,-0.00595768,0.0042269086,-0.0057580452,0.016056456,0.028019069,0.021723885,0.025765633,-0.008716682,0.019805973,-0.011404306,-0.013801043,0.017875778,0.022910334,-0.007991243,0.021233287,0.0064257937,0.010025444,0.024590824,0.021749087,0.008907028,0.0125375185,-0.015916545,0.020356303,-0.004572579,0.033458624,0.0036473852,-0.023906322,0.013997666
3aHSDH%WP_270208025_1_SDR_family_oxidoreductase__Eggerthella_lenta_,-0.0061446405,0.0068239183,-0.011699346,-0.0025724517,-0.02176162,-0.010569491,-0.020257846,-0.00053863274,-0.013505305,-0.006977582,0.009021917,0.022057246,0.010845141,0.012646898,-0.020975163,-0.011487459,-0.013586022,-0.009361849,-0.03429763,0.006892981,-0.0041837827,-0.038421884,-0.04031966,-0.017073812,0.014523603,0.030376656,0.024593344,0.0145226745,-0.019987682,-0.01484133,-0.036984023,-0.0016085379,-0.024517978,-0.031864494,-0.011204729,-0.006469847,0.0034751357,-0.0042957873
3aHSDH%WP_289544896_1_SDR_family_NAD(P)-dependent_oxidoreductase__Enorma_phocaeensis_,-0.0044118986,-0.013725433,0.031482197,0.015960693,0.012983062,0.011943111,0.017347885,0.016338367,0.029917931,0.03274472,0.013232578,0.02088142,0.0056861923,0.031096388,0.009488251,0.021027938,0.026143339,0.012920268,0.010583574,0.0033880263,0.018697187,0.008625664,0.012038639,0.026838286,0.014183921,0.01737638,0.01044198,0.02318029,0.016800387,0.03404359,0.00970091,0.0046460517,0.016352905,0.011593683,0.027455032,0.011213232,-0.011141437,0.027538382
3aHSDH%WP_427737837_1_SDR_family_NAD(P)-dependent_oxidoreductase__Bariatricus_sp__SGI_154_,-0.010059591,-0.02757039,0.037363276,0.010108583,0.03705565,0.01507684,0.042497553,-0.0009211825,0.038314834,0.03562304,-0.016517706,-0.02171485,-0.02960689,0.0029538795,0.040874317,0.032044318,0.04025435,-0.0065519135,0.049360484,-0.023098307,-0.006143555,0.051282547,0.047755275,0.004601544,0.007937179,-0.006298544,-0.012362733,0.028918175,0.05005491,0.025225751,0.042549893,-0.012344588,0.04360373,0.025972573,0.032188524,-0.0054776897,-0.023200719,0.027710984
3bHSDH%GENOME124823_1686,-0.0025701895,-0.03488873,0.06558809,0.026794815,0.057415687,0.06124518,0.056230344,0.030918753,0.05532697,0.046447035,-0.011774532,-0.0057133813,-0.011200829,0.048057362,0.050362233,0.06080595,0.06343356,0.027469063,0.057219263,-0.026771752,0.026212562,0.054109573,0.04277081,0.029721769,0.04208492,0.020900315,0.014584278,0.046128754,0.048346594,0.041874975,0.049625292,0.012230396,0.050652396,0.048396472,0.0611182,0.018982412,-0.028113963,0.06451479
3bHSDH%MBS6646402_1_glucose_1-dehydrogenase__Clostridiaceae_bacterium_,-0.014319484,-0.003216121,-0.016808307,-0.031653307,-0.017249115,-0.029259726,-0.019676762,-0.029350067,-0.020377837,-0.024756959,-0.002317307,-0.0021769486,-0.0013344864,-0.000782225,-0.017573532,-0.018989371,-0.020203702,-0.033241406,-0.028106578,-0.0052156807,-0.028753527,-0.028865466,-0.01885021,-0.03716166,-0.0069579934,-0.0011459559,0.002881754,-0.005412741,-0.01965927,-0.034059245,-0.033966087,-0.02214413,-0.026006715,-0.032560438,-0.014649912,-0.019378383,-0.0047523235,-0.016934155
3bHSDH%MBS6779006_1_aldo_keto_reductase__Eggerthella_sp__,-0.024362221,-0.008569987,-0.005966595,-0.015906481,-0.0064385217,-0.016159473,-0.0067004426,-0.025535874,0.008183833,0.011269498,-0.019411277,-0.00721405,-0.00091951573,0.0022943015,0.0012331484,-0.004707925,-0.012593224,-0.033866018,-0.008237546,-0.017154142,-0.026595982,-0.006054716,-0.006424806,-0.0312173,0.014689828,-0.011969474,-0.010799862,-0.0072961957,-0.0038864496,-0.02251499,0.0025966433,-0.021874478,0.0013867064,-0.025230274,-0.011836442,-0.0392942,-0.01739856,-0.023094004
3bHSDH%WP_100933575_1_SDR_family_NAD(P)-dependent_oxidoreductase___Clostridium__innocuum_,0.011927795,-0.034920286,0.072091185,0.009189704,0.06310785,0.027663196,0.056537546,0.0028993138,0.044282008,0.0346893,-0.016223824,-0.016229419,-0.014737115,0.033056997,0.05328161,0.060258795,0.062500246,0.006608182,0.050466582,-0.030715548,0.0018289101,0.048810102,0.044993456,0.00050995225,0.020717371,0.0048699044,-0.00088133174,0.048958965,0.05678196,0.025941417,0.04469029,-0.014616042,0.046436425,0.06583179,0.06915378,0.025911167,-0.026047554,0.073028326
3bHSDH%WP_186937525_1_glucose_1-dehydrogenase__Eggerthella_hominis_,-0.0056843455,0.02111401,-0.037098836,0.007006596,-0.037584387,-0.0109648295,-0.031359315,0.0006791801,-0.038797986,-0.030039454,0.007907257,0.009446237,0.008415917,-0.003192964,-0.03584072,-0.025886826,-0.028452922,-0.006655276,-0.041774932,0.010326134,0.0016585545,-0.05183153,-0.05019075,-0.010807152,-0.012325785,0.026934464,0.015086715,-0.014156738,-0.031911157,-0.011541427,-0.04315655,0.0095285345,-0.0353383,-0.053266574,-0.030739104,-0.016653292,0.015805824,-0.018148044
5AR%GENOME012336_2253,0.0101136025,0.017655944,-0.021564268,-0.021261988,-0.015859313,-0.026930895,-0.019179508,-0.013348446,-0.030258384,-0.045727916,0.002498132,0.004552638,-0.00087476836,-0.009428879,-0.016949,-0.020917797,-0.02462984,-0.011490329,-0.027883664,0.00821875,-0.021115601,-0.024397481,-0.01909344,-0.023589822,-0.017427165,-0.011044374,-0.010794379,-0.019569758,-0.02306083,-0.034150325,-0.028630745,0.0025367867,-0.026824415,-0.015980115,-0.023659265,-0.0022000067,0.016273016,-0.019526608
5AR%GENOME021742_2120,-0.0067071444,0.0005465543,-0.013153989,-0.021963112,-0.008183269,-0.018164866,-0.015761394,-0.020177038,-0.007881576,-0.00915255,-0.010397893,-0.011594135,-0.010068539,-0.006450555,-0.0071623,-0.015825802,-0.012939827,-0.015230277,-0.012234794,-0.0059879883,-0.015366099,-0.008456893,-0.0082018925,-0.021312945,0.00018708952,-0.024959166,-0.016483448,-0.0027414234,-0.013065487,-0.025032155,-0.012037052,-0.010557942,-0.014891562,-0.00330977,-0.019037463,-0.014718652,-0.00078544277,-0.021077497
5AR%GENOME078645_81,0.006819369,0.005880565,-0.0006468507,-0.004511125,0.0015448623,-0.00991721,0.0011874838,0.0040309345,-0.0031293728,-0.004963083,0.0043910216,-0.00633447,-0.01333316,-0.008649621,-0.002186761,-0.0032443993,-0.0038322974,0.0073699974,0.0020705545,0.007398,0.0002717723,0.0032151232,0.0034036085,0.0030889502,-0.014840202,-0.017331982,-0.021800123,-0.008421085,0.0021217116,-0.0020001123,-0.0022023632,0.00012044039,-0.003964612,0.0060642315,-0.0011597633,0.0023464037,0.0063122953,-0.0006145134
5AR%GENOME084343_2181,0.016113376,0.01343827,0.009394676,0.019456422,-0.008950068,0.0059221685,-0.0065967846,0.0147101255,0.0060913754,0.012663218,0.012286043,0.020391947,0.027552199,0.008301784,-0.008663346,-0.004798542,-0.0004134612,0.012171172,-0.0009184266,0.012319391,0.014083194,-0.00053872383,-0.0007582322,0.013216603,0.004528912,0.007476841,0.006399348,0.009797741,-0.008423544,0.010408443,-0.0019238944,0.010421108,-0.00061636436,0.0241725,0.009296534,0.019002346,0.015517708,0.015428264
5AR%GENOME086572_2986,-0.0075926017,-0.0034590946,-0.012942024,-0.0058659203,-0.014940385,-0.0031025258,-0.021267988,-0.004952195,-0.000784524,-0.00043702842,0.0009429684,-0.00020916693,-0.0017132706,-0.009139771,-0.0072413115,-0.016396884,-0.0111613525,-0.012265112,-0.0068469937,0.0041241683,-0.0046579954,-0.011397302,-0.0046554552,0.00013989196,0.003050439,-0.0028933971,0.005932455,-0.005325302,-0.014289549,-0.0053093852,-0.013750147,-0.003533161,-0.012215451,-0.029512161,-0.004387582,-0.00940574,-0.007045848,-0.015168489
5AR%GENOME140582_2251,-0.053914357,-0.036391154,0.0004011758,-0.052776337,0.002404558,-0.02093608,-0.010641924,-0.04374398,0.022810817,0.015972093,-0.030225478,-0.043358315,-0.045655385,0.0010258701,0.0016022564,-0.0038774598,-0.007846972,-0.055818025,0.00233845,-0.039001536,-0.05569602,-0.0034909188,-0.0077908193,-0.04959011,0.021703353,-0.02669642,-0.024368498,-0.0051650233,-0.002130502,-0.042610813,-0.003408393,-0.03894396,0.0031441776,-0.0492209,0.0035316937,-0.071524255,-0.0550788,-0.014459026
5AR%GENOME142018_414,-0.0017816022,0.012929056,-0.014391774,0.006536974,-0.018620899,-0.00392969,-0.007113105,0.010709192,-0.01618234,-0.00834601,0.0139976265,0.019215642,0.0077007026,0.0016922529,-0.014525613,-0.011473332,-0.018209033,0.013183317,-0.017841468,0.012767837,0.0007799757,-0.015624214,-0.01945026,0.007169566,-0.0047431085,0.014981108,-0.0038889404,-0.012038819,-0.015412283,-0.0061070086,-0.0061661615,0.016209358,-0.0059872866,-0.010803907,-0.016086226,0.0010222145,0.014523644,-0.014093426
5AR%GENOME170052_106,0.006198241,0.0110364305,-0.014945179,-0.023686027,-0.014243167,-0.026944628,-0.022653446,-0.013748873,-0.0153034255,-0.019103728,-0.007424401,-0.010229944,-0.009089989,-0.014082229,-0.013372218,-0.0224358,-0.023771616,-0.014604655,-0.019400476,-0.0004502989,-0.02334353,-0.019687405,-0.01780416,-0.027034735,-0.005202193,-0.03056899,-0.031462796,-0.0134982765,-0.022217488,-0.040841803,-0.018628158,-0.004851754,-0.020620828,-0.006235647,-0.022384526,-0.007985308,0.007273878,-0.023020515
5AR%GENOME179594_130,-0.008454951,0.010319562,-0.043417227,-0.049528167,-0.03371007,-0.028894823,-0.048819717,-0.039664067,-0.021345334,-0.027308397,-0.0010577599,-0.01659317,-0.028205393,-0.035452925,-0.028245475,-0.04467034,-0.037720684,-0.028216446,-0.031223722,0.0022142257,-0.048203133,-0.035768192,-0.03578473,-0.038589817,-0.006026769,-0.028700184,-0.019151175,-0.013244585,-0.040784355,-0.049415298,-0.045609288,-0.020675864,-0.04572036,-0.04042735,-0.034485172,-0.031877745,-0.0004938985,-0.044692107
5AR%GENOME179896_434,-0.004724151,-0.009368257,0.00981684,-0.008295026,0.022595176,-0.0032729306,0.016648855,-0.0164348,0.0026836286,-0.0037471936,-0.020145921,-0.038410988,-0.014875428,-0.01554038,0.018112304,0.012715321,0.0113568595,-0.019784065,0.023586657,-0.018687844,-0.008830887,0.020085886,0.02316876,-0.008397482,-0.015919523,-0.024674144,-0.02510023,-0.013649765,0.020159714,0.001102954,0.025485508,-0.0038434828,0.019345714,0.018118214,0.004343793,-0.011081031,-0.011154098,0.009982587
5AR%HIU55603_1_DUF1295_domain-containing_protein__Candidatus_Gallibacteroides_avistercoris_,0.009705971,0.004147848,0.003910455,0.031928405,0.003930944,0.017776657,0.009119937,0.030558938,0.004859481,0.016236333,-0.0041910564,0.0033517503,0.018765567,-0.002494251,0.010045033,0.011057578,0.012137732,0.022135995,0.010690995,0.0025734717,0.040540837,0.011101117,0.0034944036,0.026683176,0.006367352,-0.00072251237,-0.0036600442,0.0022616656,0.0031388707,0.01645025,0.0085607,0.02760382,0.007024782,0.006051227,0.000860938,0.014754815,0.007867518,0.0038860813
5AR%MBD5276024_1_DUF1295_domain-containing_protein__Bacteroides_sp__,-0.008294323,-0.005708758,0.0025121158,-0.016124902,-0.002151372,-0.012207832,-0.007530406,-0.0144126285,0.011524312,0.008969152,-0.011083713,-0.008187048,0.003326279,0.0015356335,-0.0004992873,-0.0026245008,-0.00086446,-0.018825997,-0.0031676767,-0.010651276,-0.017561262,-0.0046760906,-0.008641417,-0.01732753,0.015073428,-0.014127051,-0.008535125,0.0039642383,-0.00819357,-0.018592613,-0.010498996,-0.0075571234,-0.006844329,-0.012360189,0.0059327395,-0.017507654,-0.011672615,-0.0075890566
5AR%MBP3601379_1_DUF1295_domain-containing_protein__Alistipes_sp__,0.004934119,0.008466584,-0.009094466,-0.014197289,-0.015345353,-0.014133837,-0.023215549,-0.009066816,-0.0058666538,-0.01039298,0.00034134559,0.004206552,0.0017653693,-0.003047875,-0.012773124,-0.021165652,-0.018920155,-0.014252336,-0.015647106,0.004612294,-0.015751457,-0.017237246,-0.012888802,-0.016591145,0.002841607,-0.01346796,-0.009503312,-0.0069594327,-0.020628296,-0.022815954,-0.018431237,-0.004241602,-0.016147088,-0.011481629,-0.009341405,-0.0053738076,0.0025138652,-0.013707649
5AR%MBQ1253485_1_DUF1295_domain-containing_protein__Alistipes_sp__,-0.016696252,-0.019294137,0.015768085,-0.03077933,0.0069186212,-0.0046436554,-0.0060657943,-0.02346051,0.02645821,0.02626844,-0.017076716,-0.008666637,-0.013959993,0.00427116,0.00834843,0.0041191666,0.010688982,-0.021733355,0.008422077,-0.021522556,-0.031914186,0.006149003,-0.0018734974,-0.022139676,0.032362673,-0.013278119,-0.008103845,0.02652257,-0.0007462147,-0.030378008,-0.00024611433,-0.013330724,0.0026520235,-0.001516744,0.008788181,-0.021199286,-0.024935856,-0.0010424631
5AR%MBR4740186_1_DUF1295_domain-containing_protein__Bacteroidales_bacterium_,0.0004919208,-0.010617725,0.02269227,0.01839962,0.031026883,0.013095032,0.03244483,0.0062242574,0.020321608,0.020304663,-0.005550572,-0.009505166,0.003066699,0.004214799,0.025215743,0.029317023,0.02427281,0.0008403626,0.029769838,-0.011557251,0.015355209,0.025212012,0.02862087,0.017009214,-0.0063091475,-0.0045212377,-0.016003206,-0.0031345529,0.032422505,0.02883297,0.03238833,0.013464413,0.035179663,0.014831471,0.02319684,-0.002810944,-0.015863782,0.023667164
5AR%MCD7962281_1_DUF1295_domain-containing_protein__Rikenellaceae_bacterium_,-0.03359148,-0.0095434515,-0.025809217,-0.047521483,-0.036412016,-0.055200182,-0.040204912,-0.036826905,-0.023944115,-0.021100122,0.0040381383,0.002214081,-0.010933136,0.008019404,-0.038390793,-0.040245652,-0.031982083,-0.03716221,-0.054813966,0.0073497472,-0.04715262,-0.05219892,-0.031630274,-0.038112983,-0.0038894136,-0.014063958,0.011810818,0.011498154,-0.033726577,-0.04084075,-0.04635971,-0.038301576,-0.05147665,-0.024945924,-0.039827716,-0.021725459,0.0046611824,-0.032370493
5AR%MCH5217706_1_DUF1295_domain-containing_protein__Muribaculaceae_bacterium_,-0.0031510524,-0.009476729,0.014388455,0.0017085127,0.008272416,0.009740985,0.007974145,0.008822773,0.018501272,0.013068481,0.0075728,-0.0043919445,-0.018083848,0.0016037982,0.008308178,0.008573332,0.0073295534,0.011548208,0.010316312,-0.00071176945,0.0027190417,0.015972096,0.009623884,0.0106170485,0.0008517117,-0.007889379,-0.019901592,-0.003177318,0.00813728,0.009622195,0.012620393,0.0013665521,0.012612376,0.009191401,0.01642581,0.00020918029,-0.008983553,0.01065289
5AR%MCQ2341803_1_DUF1295_domain-containing_protein__Paludibacteraceae_bacterium_,-0.020058813,-0.0004674788,-0.028649127,-0.03972314,-0.019913828,-0.026107313,-0.03944372,-0.048477277,-0.0076691844,-0.008472938,-0.023152668,-0.023737088,-0.021055382,-0.022072105,-0.011044366,-0.033787694,-0.026206734,-0.04664665,-0.018437026,-0.01891895,-0.05233706,-0.019629208,-0.019015243,-0.04787832,0.013299972,-0.033736534,-0.022441803,-0.0055806506,-0.024971731,-0.052036643,-0.014708001,-0.02813655,-0.019008758,-0.020356512,-0.038756453,-0.04302033,-0.011762746,-0.044721354
5AR%MCR5660240_1_DUF1295_domain-containing_protein__Bacteroidales_bacterium_,0.015919859,0.031957902,-0.028232226,0.022408973,-0.032442354,-0.0006570697,-0.024476571,0.021825613,-0.03397452,-0.0197592,0.018479712,0.024755694,0.026938202,-0.007419401,-0.028262489,-0.026994558,-0.026318813,0.01972433,-0.024911415,0.027406648,0.023390073,-0.026466208,-0.023405993,0.02315655,-0.014709412,0.013856882,0.008191555,-0.01661721,-0.030640101,0.0013955343,-0.01823891,0.030622847,-0.022583619,-0.0024930646,-0.03175432,0.02061866,0.03773985,-0.01826374
5AR%WP_005657188_1_DUF1295_domain-containing_protein__Bacteroides_stercoris_,0.005925466,0.0075279493,0.00077379466,0.02195708,0.0028127625,0.009562402,0.009379748,0.027985051,0.0010964294,0.011771354,0.0031723436,0.0052285222,0.0081734145,0.0008310426,0.0038724258,0.008511881,0.007137279,0.020217387,0.004727972,0.0050384845,0.027810752,0.004331173,-0.0040688226,0.020089649,0.0004649122,0.00213617,-0.008288561,-0.0031347128,0.0024798492,0.009833215,0.00048937224,0.024003154,0.003948391,-0.0035840399,0.0007665584,0.0035378581,0.004906447,0.007045334
5AR%WP_099292233_1_MULTISPECIES__DUF1295_domain-containing_protein__Butyricimonas_,-0.00011998672,0.012219011,-0.013050693,0.0066451277,-0.009292683,-0.0021394712,-0.00970669,0.005205474,-0.008398223,-0.0022336754,-0.012248567,-0.01063083,0.0071839313,-0.0013813197,-0.011278453,-0.011635717,-0.005591834,-0.0045152004,0.00042475443,0.0010090705,0.013485474,-0.010896989,-0.0009864027,0.008498204,-0.006985533,-0.019961916,-0.0074930293,-0.004139663,-0.0099170925,0.00317742,-0.005377857,0.019849056,-0.011775624,-0.005572553,-0.023665108,-0.009341358,0.011571395,-0.007872761
5AR%WP_302729833_1_DUF1295_domain-containing_protein__Bacteroides_sp__ET489_,-0.00085149007,0.004198096,0.011525419,-0.00745577,-0.006831451,-0.0010450891,-0.0038098984,0.0053971754,0.013683529,0.018588372,0.023608293,0.03701774,0.013485337,0.024457224,-0.0077988827,-0.003463466,-0.0044238814,0.007142877,-0.011397619,0.014806934,-0.013687833,-0.010660141,-0.012673128,0.0005881573,0.02184483,0.020896764,0.008966464,0.016395887,-0.008290946,-0.0039240103,-0.0085367765,0.0020106465,-0.00022075177,0.004261616,0.008525888,0.004287517,0.00089823233,0.0053841053
5AR%WP_303226315_1_DUF1295_domain-containing_protein__Alistipes_indistinctus_,-0.038808726,-0.0281693,0.0027860086,0.00035973368,0.012705215,0.01780022,0.015277215,-0.0061095012,0.01657381,0.015505445,-0.022499299,-0.014360858,-0.023370188,0.005078488,0.020091634,0.012936738,0.008402006,-0.012672334,0.021449618,-0.028938964,-0.011738891,0.025248902,0.024189955,0.0032315808,0.014655491,-0.0017765677,-0.0068662846,0.005162616,0.013461901,-0.008110378,0.029747358,0.0009007029,0.02440048,-0.010179447,-0.0064678784,-0.034254126,-0.025764558,-0.006687684
5AR%WP_418203978_1_DUF1295_domain-containing_protein__Bacteroides_sp__,-0.03809422,-0.05310384,0.04601257,-0.034632932,0.041371025,0.005975215,0.03071605,-0.03712271,0.04750128,0.04184496,-0.03933487,-0.04167278,-0.04105392,0.010578004,0.04082798,0.03756548,0.03528514,-0.044222802,0.048450287,-0.048987765,-0.03709961,0.04696717,0.045323726,-0.028647467,0.029017763,-0.010774719,-0.0059437035,0.02422639,0.043517943,-0.009406886,0.050957207,-0.03944527,0.051528577,0.010148206,0.040882133,-0.02985677,-0.05652031,0.024198081
5BR%CAK7070565_1_MAG__NADPH_dehydrogenase__Parabacteroides_sp__,0.0318598,0.028331555,-0.008515621,0.011739053,-0.012428223,-0.006488283,-0.015277381,0.013362359,-0.020960886,-0.021318583,0.009386619,0.0072139753,0.013748887,-0.01899238,-0.010495578,-0.017600734,-0.016618244,0.01102924,-0.011969059,0.01996069,0.012011444,-0.014139746,-0.00983593,0.0063858046,-0.018289333,-0.016179444,-0.02329575,-0.016983576,-0.018455142,-0.007248823,-0.010449332,0.022061385,-0.01586666,0.022337224,-0.018863037,0.026228096,0.030554578,-0.008358338
5BR%GENOME006024_4796,-0.016123647,-0.01303256,-0.0015236012,-0.022313213,0.0017860574,-0.0038935333,-0.0018102913,-0.022067549,-0.004866689,-0.003812408,-0.024267297,-0.028787356,-0.029668014,-0.0104478225,0.0018812885,-0.0015537086,-0.006880268,-0.022284424,0.00807808,-0.023786712,-0.027805816,0.007203206,0.0067351335,-0.017217763,-0.0061845765,-0.019000337,-0.025557868,-0.01370058,-0.0018116242,-0.032405443,0.014479813,-0.011566383,0.006599633,-0.0037580698,-0.0048815007,-0.019056948,-0.01205108,-0.0053349193
5BR%HIX74022_1_NADH_flavin_oxidoreductase__Candidatus_Parabacteroides_intestinipullorum_,-0.015415154,-0.023567753,0.013782843,-0.020943865,0.0124879135,0.0017717596,0.0032938144,-0.017835729,0.014664308,0.018276453,-0.018156799,-0.02033288,-0.024925873,-0.004435627,0.015707921,0.012535091,0.012391318,-0.026181152,0.018092144,-0.019439898,-0.012622841,0.013016892,0.014488317,-0.014532149,0.013329428,0.0003076552,0.0050806655,0.0061966395,0.013758416,-0.010019872,0.014817688,-0.021926474,0.018186538,-0.010577083,0.016442914,-0.0077906656,-0.02730637,0.004370867
5BR%MBE6202772_1_NADH_flavin_oxidoreductase__Rikenellaceae_bacterium_,-0.024010928,-0.021808963,0.018686881,-0.032159545,0.021790965,-0.0067640557,0.008727016,-0.029494999,0.024740525,0.010100592,-0.016326923,-0.016514516,-0.018799417,0.007255388,0.019135755,0.010019144,0.016269235,-0.033567604,0.017289156,-0.020142753,-0.03569874,0.015495828,0.01920188,-0.028773105,0.019022476,-0.017156105,-0.008677209,0.020132354,0.016886914,-0.014516282,0.012330967,-0.01678381,0.01488403,0.0067288424,0.0031234047,-0.027425518,-0.026570465,0.003939717
5BR%MBO7234306_1_NADH_flavin_oxidoreductase__Paludibacteraceae_bacterium_,0.008821132,0.012881861,-0.01420501,-0.02677656,-0.01366526,-0.027822325,-0.020796008,-0.014573991,-0.023791676,-0.028801152,0.0018554853,-0.00013785994,-0.0075844023,-0.00861836,-0.017877605,-0.02085055,-0.022683142,-0.012179052,-0.025812633,0.0075915544,-0.021164425,-0.024835495,-0.019770803,-0.023460668,-0.013836564,-0.018215647,-0.018719535,-0.0134538235,-0.021658896,-0.03796657,-0.028412314,-0.008200585,-0.027978439,-0.0068620294,-0.018283535,0.00031940345,0.012169846,-0.015150041
5BR%MBO8446450_1_NADH_flavin_oxidoreductase__Candidatus_Enterocola_intestinipullorum_,-0.004631592,0.014315081,-0.020947404,-0.0061946157,-0.015398922,-0.012028534,-0.016820734,-0.0023096732,-0.017265216,-0.021596318,0.0025538525,-0.0007260447,0.0047914567,-0.009539258,-0.018010749,-0.021051222,-0.021321397,-0.006111103,-0.011650149,0.009019367,-0.006116744,-0.011997666,-0.011896622,0.0019440082,-0.015020701,-0.015327665,-0.017591713,-0.021811567,-0.02008076,-0.014809025,-0.016024837,0.016993165,-0.018107075,-0.014773289,-0.023752203,-0.0152101545,0.010691427,-0.020021807
5BR%MBQ8101082_1_NADH_flavin_oxidoreductase__Paludibacteraceae_bacterium_,0.028597381,0.016602352,0.004459056,0.024097845,0.0011190174,0.01024037,0.00093688234,0.028101536,0.004838896,0.0067174975,0.022776475,0.021431856,0.019278299,-0.0073449896,0.0042719077,0.0007489042,0.005798384,0.0298056,0.001898658,0.023857791,0.02813215,0.0006714867,0.005588354,0.02403251,-0.005924772,-0.0037981486,-0.00802301,-0.0023686353,0.00039581547,0.02558991,0.003697097,0.022618592,0.0024164221,0.02187161,0.00038769198,0.032011293,0.016919432,0.0025031618
5BR%MCA9548846_1_NADH_flavin_oxidoreductase__Myxococcales_bacterium_,0.022140393,0.019637352,-0.012666668,0.0020553477,-0.01902044,-0.023900596,-0.020699572,0.0057904064,-0.013856977,-0.0032103916,0.014621908,0.0177777,0.020176046,-0.0074112397,-0.017330023,-0.017835485,-0.020583818,0.0035189742,-0.02872056,0.019307066,0.007214343,-0.026277585,-0.02470258,-0.006989692,-0.0077722473,-0.0046785497,-0.005854558,-0.013515364,-0.021975707,-0.015829848,-0.03056491,-0.008541575,-0.023509292,-0.0075745285,-0.0024821702,0.013934747,0.013252351,-0.008984762
5BR%MCD8287651_1_NADH_flavin_oxidoreductase__Porphyromonadaceae_bacterium_,-0.0029891157,0.012027314,-0.012972487,-0.005473376,-0.0075453925,-0.018444188,-0.0118134525,-0.015522691,-0.0086091105,-0.00056640414,-0.009776419,-0.0005101409,0.011948455,-0.012906397,-0.0033242714,-0.008920821,-0.006718657,-0.020290146,-0.009297883,-0.0015924257,-0.00741734,-0.008935366,-0.016062474,-0.018629586,0.0027248575,-0.011741167,-0.009911002,-0.004571847,-0.0080507845,-0.021059789,-0.015467478,-0.004183461,-0.010719125,-0.016690217,-0.018917577,-0.019541936,0.0017215137,-0.019100647
5BR%MCF0197806_1_NADH_flavin_oxidoreductase__Bacteroidaceae_bacterium_,-0.033632956,-0.018145405,0.0011585307,-0.020890003,0.009369841,-0.0035460794,0.010473638,-0.023859825,0.017995233,0.013439071,-0.020470483,-0.022619475,-0.026680546,-0.0012832865,0.01324139,0.0056102686,0.0023234554,-0.0308586,0.018493094,-0.028496493,-0.03812151,0.019633409,0.01809354,-0.021938587,0.0067796814,-0.015634686,-0.019926865,-0.008975983,0.011103063,-0.01887506,0.020097781,-0.018820414,0.020787109,-0.019682044,0.0018873432,-0.04567386,-0.029020917,-0.009210198
5BR%MCH5231198_1_NADH_flavin_oxidoreductase__Muribaculaceae_bacterium_,-0.010243117,-0.01483721,0.02256303,0.018144583,0.0039502284,0.016107123,0.014484651,0.028217625,0.025831016,0.026817549,0.010421769,0.0087135695,0.0006656056,0.015615523,0.008558182,0.013452984,0.015728619,0.018368933,0.010211194,0.0042731655,0.013931855,0.009546833,0.005225445,0.01928575,0.01814002,0.01671597,0.0069220825,0.018483905,0.009872246,0.023281038,0.009897057,0.010236651,0.012950671,0.00039641143,0.02005158,0.009818909,-0.006796399,0.016859526
5BR%MCQ2066925_1_NADH_flavin_oxidoreductase__Bacteroidaceae_bacterium_,0.0052109533,0.004983064,0.010455622,0.026275206,-0.00015420331,0.012535994,0.006474156,0.020747835,0.006232271,0.015323494,0.0021613098,0.016261451,0.024941385,0.013947469,0.00020065493,0.007927548,0.010141363,0.014835631,0.004760154,0.004254359,0.019895008,0.0020754489,0.0015859446,0.017741894,0.009524095,0.015877672,0.0142141245,0.017605873,0.0012186142,0.013586148,0.003560595,0.017230075,0.0021486708,0.012937205,0.006513727,0.012216733,0.01168834,0.015260934
5BR%MCQ2271787_1_NADH_flavin_oxidoreductase__Bacteroidales_bacterium_,0.01479687,-0.00026268506,0.012333631,-0.008609971,0.013810281,-0.0060963724,0.011508796,-0.005810991,-0.009774348,-0.008707721,-0.015460497,-0.021271981,-0.011594679,-0.0119222775,0.011895129,0.0076176464,0.003550674,-0.005837815,0.012529779,-0.01023789,-0.00901283,0.013919541,0.015985053,-0.01198288,-0.0151304575,-0.017511602,-0.022341482,-0.010651643,0.010291818,-0.018986253,0.017037526,-0.006694678,0.012035361,0.025699805,0.008822255,0.016695842,0.0048645292,0.0093935905
5BR%MCR4591939_1_NADH_flavin_oxidoreductase__Bacteroidaceae_bacterium_,-0.055790897,-0.057939287,0.02529122,-0.038098674,0.021931686,0.009187279,0.012197792,-0.031639207,0.04371803,0.03879178,-0.022124698,-0.029819358,-0.050258983,0.02421455,0.019532092,0.022413723,0.02546273,-0.031940356,0.01833255,-0.04337592,-0.039589785,0.016737843,0.014890036,-0.02711143,0.04195094,0.00027577774,0.0037098632,0.044080067,0.02244768,-0.01187327,0.018666953,-0.033994798,0.020576801,-0.012998638,0.022914974,-0.04441645,-0.054530088,0.016127652
5BR%MDD2293891_1_NADH_flavin_oxidoreductase__Bacteroidales_bacterium_,-0.044920985,-0.01110263,-0.009887814,-0.03388317,0.005852654,-0.02673276,0.0035162724,-0.04964929,-0.0027747517,0.0021340358,-0.056756184,-0.033477634,-0.010747187,0.014232487,-0.0023108341,0.005898062,0.0037941404,-0.052353114,-0.0028926656,-0.048521776,-0.04382665,-0.005857385,-0.013952707,-0.04839601,0.019100845,-0.020762198,-0.0065036006,0.014703935,0.0033427975,-0.048247136,0.001008671,-0.01839856,-0.0070028407,-0.026892612,-0.03145428,-0.06877353,-0.018810006,-0.019952215
5BR%MDD5892138_1_NADH_flavin_oxidoreductase__Bacteroidales_bacterium_,-0.02251385,0.00060082023,-0.008119523,-0.028774057,-0.02212026,-0.018009132,-0.022122502,-0.016228747,0.0008170501,-0.00031578244,0.01775215,0.021441136,0.0027398842,0.009841739,-0.019126374,-0.019934954,-0.018278651,-0.019277405,-0.024062347,0.0093061,-0.036780924,-0.027661495,-0.02756465,-0.020909294,0.01815615,0.019184453,0.011708113,0.0059464397,-0.020887934,-0.022123113,-0.024541598,-0.00959702,-0.013537014,-0.025749555,-0.010634984,-0.021432616,-0.006702908,-0.016233357
5BR%MDD5962634_1_NADH_flavin_oxidoreductase__bacterium_,0.013767076,-0.007357844,0.032120332,0.015362416,0.013121519,0.01845396,0.015249653,0.015271225,0.029786494,0.020277694,0.007317918,0.0303699,0.024310239,0.024213217,0.014402955,0.024600267,0.024473364,0.014328178,0.015085003,-0.001019342,0.022350097,0.017693996,0.010590707,0.016018186,0.023300366,0.020145921,0.022857575,0.022492198,0.011870666,0.023917709,0.0029793438,0.008651036,0.01671905,0.010090414,0.037990693,0.017298372,-0.011775833,0.029172862
5BR%MDD6582580_1_NADH_flavin_oxidoreductase__Bacteroidales_bacterium_,-0.0337605,-0.034077805,0.018663116,-0.025548032,0.0077876025,0.0037538433,0.0019921237,-0.008010612,0.030311763,0.028268727,-0.010165547,0.000608919,-0.021892183,0.02760831,0.0064742714,0.011577611,0.015445298,-0.013001105,0.0053379806,-0.018426502,-0.019897465,0.0020932897,0.004924882,-0.007925584,0.030407662,0.002170662,0.009562271,0.029093701,0.0028005277,-0.016899917,-0.0039575067,-0.01728081,0.0017157648,-0.022955768,0.016143443,-0.023713555,-0.033778533,0.009843934
5BR%MEI7492181_1_NADH_flavin_oxidoreductase__Bacteroidota_bacterium_,-0.026395667,-0.018810073,0.010808126,-0.03249454,0.010933045,-0.00084246637,0.0032297901,-0.023744216,0.018881932,0.010704097,-0.017088722,-0.026062097,-0.03542342,0.0021276406,0.009963817,0.0005544541,0.00795081,-0.023870315,0.012301718,-0.018920243,-0.037234083,0.010595717,0.012828754,-0.024878453,0.015855856,-0.019621765,-0.012183333,0.016513018,0.010325704,-0.013905982,0.017269533,-0.017914873,0.009030464,0.015921475,-0.008741827,-0.024238613,-0.016641371,-0.0019292134
5BR%MEZ3591839_1_NADH_flavin_oxidoreductase__Muribaculaceae_bacterium_,-0.021215046,-0.028005462,0.02963227,-0.015268998,0.021204293,0.0101850685,0.015469884,-0.006626857,0.03468826,0.024057824,-0.0030762246,-0.004646441,-0.022376455,0.019189524,0.018991314,0.01973741,0.022562597,-0.004408132,0.018799197,-0.014265856,-0.014726005,0.020218937,0.015082376,-0.0069800103,0.025715375,-0.00062741205,-0.0047305194,0.02887882,0.01874823,0.0020289721,0.014699928,-0.0076145916,0.018579938,0.008270973,0.021965725,-0.01369868,-0.026728611,0.018735792
5BR%MFO0559492_1_NADH_flavin_oxidoreductase__Polyangiales_bacterium_,0.00074516353,-0.0018394982,-0.00047020812,0.00091359817,0.0019086322,0.007443209,3.260161e-05,0.0046455143,0.008002509,0.004801644,-0.007089181,-0.0044076853,-0.013720978,-0.015313629,0.0073247375,-0.0017726247,-0.0017446675,-0.0028012374,0.016390953,-0.0062085963,-0.0011806318,0.017257892,0.017065482,0.008177452,-0.0056644445,-0.013607523,-0.013862809,-0.011377659,0.0015278002,-0.008172105,0.010574398,0.004463581,0.009740148,-0.0016319869,-0.0005984039,-0.0059202593,-0.007349014,-0.0017192368
5BR%WP_279088787_1_NADH_flavin_oxidoreductase__Alistipes_putredinis_,0.0030032862,0.0017905806,-0.0011262584,-0.009174307,-0.0015353945,-0.01107798,-0.005677769,-0.0007731817,-0.0026612142,-0.005597329,-0.0017643872,-0.0050523267,-0.008959789,-0.0034611109,-0.002114552,-0.008689117,-0.010559055,-0.00083838234,-0.0064070593,0.00062685914,-0.009863285,-0.0035069077,-0.0021772978,-0.008572257,-0.0027926364,-0.022711027,-0.028333185,-0.004875637,-0.007918001,-0.019651677,-0.0033696953,0.0010205498,-0.007414373,0.009083438,-0.009269432,-0.0012049489,0.003984894,-0.009214858
5BR%WP_295936477_1_NADH_flavin_oxidoreductase__uncultured_Alistipes_sp__,0.019347372,0.022238836,-0.022087948,-0.017231578,-0.017548874,-0.028836096,-0.024545925,-0.010330975,-0.029721303,-0.032718677,0.00060569117,-0.005161679,-0.0037844183,-0.022612648,-0.018337818,-0.027936492,-0.030029025,-0.007968346,-0.025878305,0.010928622,-0.014842659,-0.024698742,-0.02086058,-0.02172653,-0.021269612,-0.029204123,-0.031310387,-0.02167771,-0.025313444,-0.036605522,-0.026687872,-0.0018758636,-0.030529696,0.00082953426,-0.02708929,0.0042036376,0.021424176,-0.024006428
5BR%WP_297931268_1_NADH_flavin_oxidoreductase__uncultured_Alistipes_sp__,-0.0139042195,-0.015330475,0.0037962133,-0.0068990644,0.009083266,-0.0013341525,0.0067637996,-0.012967237,0.011215558,0.010915148,-0.013737854,-0.016603084,-0.014412675,0.00092792755,0.01070447,0.004643082,0.005572477,-0.010473451,0.011469352,-0.016430322,-0.0046639936,0.01922339,0.016408134,-0.004298102,0.0033201657,-0.015077855,-0.010332502,0.0029728592,0.01064223,-0.0008634405,0.01652017,-0.0123169385,0.014339439,0.0052461745,0.0026794404,-0.012515856,-0.014318884,-0.003805003
5BR%WP_300285921_1_NADH_flavin_oxidoreductase__uncultured_Alistipes_sp__,-0.020196268,-0.03987106,0.042350303,-0.026456231,0.037285786,0.00058352074,0.030772336,-0.021393068,0.037454553,0.03596736,-0.022809,-0.02498764,-0.033694677,0.009913213,0.033808466,0.03786396,0.033778124,-0.024487345,0.03773647,-0.031874083,-0.021572387,0.0364473,0.030125845,-0.015142046,0.021460962,-0.0004396585,-0.0030925898,0.021532811,0.03940979,-0.0045624957,0.037325457,-0.03010093,0.042375423,0.011106156,0.044301704,-0.00761963,-0.042795755,0.027035892
5BR%WP_302380465_1_NADH_flavin_oxidoreductase__uncultured_Alistipes_sp__,0.023501856,0.0425304,-0.054165263,-0.02492357,-0.048987594,-0.0381016,-0.056356683,-0.014299637,-0.05813195,-0.06602225,0.011352878,0.0093859155,0.00811505,-0.030237727,-0.045926876,-0.056090605,-0.053180113,-0.010291642,-0.05569622,0.025588112,-0.020694887,-0.056501254,-0.048711825,-0.026612205,-0.026019813,-0.015813746,-0.006754479,-0.030863998,-0.05662761,-0.048542265,-0.06037686,0.0054057767,-0.06079947,-0.02700057,-0.053450633,0.006148237,0.040166117,-0.04573401
5BR%WP_394671717_1_NADH_flavin_oxidoreductase__Muribaculum_sp__,-0.012349026,0.010350226,-0.04806663,-0.011351036,-0.040048927,-0.021268062,-0.046263017,-0.01818121,-0.025917822,-0.023641013,-0.0011394218,-0.0077158455,-0.0017322208,-0.027701385,-0.028073972,-0.044204492,-0.04110781,-0.023476088,-0.029878449,0.0061574723,-0.014831188,-0.030764313,-0.026601264,-0.01500926,-0.009851023,-0.016083216,-0.008161574,-0.030637417,-0.038735095,-0.02592331,-0.03104102,-0.00672123,-0.03165726,-0.054866295,-0.03617521,-0.02835701,0.0024459874,-0.048646893
5BR%WP_418992344_1_NADH_flavin_oxidoreductase__Alistipes_sp__,0.011680667,0.0023879001,0.013251822,-0.0041711424,0.011797483,-0.0031486636,0.00788778,0.0031226603,0.0041174237,-0.0022285073,-0.0036025674,-0.005341519,-0.0055963667,-0.0019515489,0.0091186995,0.0062211724,0.0028832683,0.0019026579,0.0047171866,-0.0011933774,-0.003438708,0.0048825494,0.0052234633,-0.0060932026,-0.00032049805,-0.017933596,-0.025107153,-0.0018401948,0.0044332845,-0.010135317,0.0067636566,0.0058216588,0.004337062,0.021666031,0.0021064049,0.0072923303,0.0025872847,0.005379026
7aHSDH%EOW9602512_1_SDR_family_NAD(P)-dependent_oxidoreductase__Escherichia_coli_,-0.019198999,-0.02301419,0.016687024,-0.007992563,0.0065281554,0.018052183,0.0030245283,-0.006689861,0.02615641,0.017121173,-0.008912563,0.007846484,0.0033917073,0.026790228,0.012095214,0.010056094,0.014412522,-0.010085749,0.011018365,-0.017249769,-0.005266906,0.013287171,0.011846275,-0.004929081,0.0358641,0.008619772,0.01603827,0.023588724,-0.00031184196,-0.0007907851,0.00085925224,-0.005557179,0.010361894,-0.008890023,0.014882084,-0.010393806,-0.022068568,-0.0006547973
7aHSDH%GENOME007043_1033,0.0073176567,-0.0028388647,0.00963298,-0.0029002852,0.011643682,-0.016026504,0.009231333,-0.014394939,-0.006476802,-0.0073947418,-0.010933044,-0.012046798,-0.0015628985,-0.0076927813,0.0051421733,0.0075454973,0.005901132,-0.018164627,0.009794751,-0.010641098,-0.0011640134,0.013329545,0.012864151,-0.007047199,-0.021263773,-0.0050021466,-0.00039159498,-0.0066842716,0.0142191425,-0.0062249075,0.00036314598,-0.02160149,0.0045818454,0.01446022,0.018621765,0.0031809271,-0.004314139,0.020568257
7aHSDH%GENOME011662_3430,0.011549083,0.011063779,-0.009491047,0.026066866,-0.004896469,0.018096797,0.0013625317,0.01803691,-0.0053166123,-0.0046961643,0.02111796,0.028306734,0.017280662,-0.0015438623,-0.0016320738,0.0027815346,0.00066352537,0.024935894,-0.0023686392,0.024348177,0.023370646,-0.0027335861,-0.0011163919,0.031215517,-0.007509596,0.025537973,0.022909576,0.000801034,0.0007761168,0.030698394,-0.0029931283,0.021251407,-0.0048953407,-0.013684077,0.002737138,0.015728872,0.01412929,0.003968537
7aHSDH%GENOME042562_3253,0.009296119,0.008032624,-7.967672e-06,-0.0035492429,0.0018957624,-0.013484639,-0.0032323431,-0.0016384511,-0.004565448,-0.016476577,-0.0036577485,0.004360174,0.015645323,0.0029053495,-0.0038249886,-0.0024847938,-0.0052083796,-0.0067084073,-0.0070197643,-0.000113209935,0.00030349757,-0.0049293544,-0.0059953737,-0.007202575,-0.0038613612,-0.0074736867,-0.00025410895,-0.003519388,-0.004577084,-0.010350715,-0.017278878,0.0041035153,-0.010983582,0.005358138,0.0018271373,-0.0025247566,0.0025610763,0.0036440676
7aHSDH%GENOME070302_884,0.0074027656,-0.02055996,0.031187013,0.019320412,0.032447655,0.037067156,0.028155541,0.0031911961,0.03023356,0.028481409,-0.032932047,-0.015737593,0.0015576289,0.014820285,0.039684087,0.033923943,0.039452627,0.0031769553,0.044057705,-0.027373092,0.011420352,0.040084384,0.042497277,0.007520263,0.023261668,-0.0051124287,0.0058100903,0.028921274,0.031442214,0.02188646,0.042737123,0.0019443752,0.035943903,0.016974213,0.03184587,0.013323506,-0.013513582,0.022720706
7aHSDH%GENOME080077_256,-0.022047875,-0.019360615,0.010112473,-0.02209888,0.011387583,-0.023155373,0.0075621754,-0.031991784,0.011044608,0.0019769534,-0.027717575,-0.024890054,-0.008892788,0.0021109537,0.00982203,0.005571615,0.006036207,-0.03936408,0.012688402,-0.028401844,-0.029079115,0.013998804,0.017517785,-0.026608316,0.0021251393,-0.024172468,-0.015867103,0.004472632,0.0111723915,-0.021045713,0.008986734,-0.020686671,0.011969817,-0.009259578,0.0053071002,-0.029422004,-0.022491284,-0.0022010936
7aHSDH%GENOME086444_1757,0.0062204683,0.004613314,0.00072561996,0.002466091,0.00938884,-0.019946657,0.020120654,-0.0037698818,-0.027631998,-0.033315465,-0.0024814107,-0.018508248,-0.0027447673,-0.0044086026,0.00010495047,0.011445028,0.0018976257,0.0019111122,-0.0021154634,-0.0054142745,0.0004819592,0.0009834985,-0.0013635013,-0.008276518,-0.036938082,0.0013206187,-0.006874027,-0.01256946,0.013985759,0.0027823937,0.003186955,-0.0052450094,0.0011144913,0.018107021,0.0030560032,0.007440688,0.012249891,0.017844647
7aHSDH%GENOME103762_694,-0.011434321,0.004421144,-0.022076607,-0.026053738,-0.018361252,-0.03584039,-0.011252283,-0.02284284,-0.028053308,-0.027636843,-0.0051728096,-0.010104073,-0.0039639985,-0.00635788,-0.020878715,-0.017705986,-0.023019683,-0.021651495,-0.024255665,-0.0028376675,-0.02311767,-0.021852298,-0.017256867,-0.03227225,-0.022901125,-0.008227094,-0.004756516,-0.016423503,-0.011369078,-0.0255496,-0.022119235,-0.02233513,-0.018041592,-0.022994751,-0.019372696,-0.015850702,0.0043601072,-0.018705407
7aHSDH%GENOME122758_282,0.015217951,-0.029361892,0.055844378,0.011561237,0.05787339,0.035432648,0.053069573,0.0021257605,0.04075731,0.038911115,-0.02440352,-0.0203266,-0.015602163,0.014640733,0.057856735,0.05550322,0.058121935,0.009426463,0.060393736,-0.028864829,0.008453104,0.0563083,0.054927617,0.0063082264,0.01862885,0.0017958906,-0.0006577343,0.03344762,0.056880094,0.030703349,0.05535034,-0.009127667,0.056553494,0.037486196,0.059502136,0.025460526,-0.02502898,0.045296602
7aHSDH%GENOME150027_3593,-0.009930552,-0.018198743,0.017378688,0.021191454,0.01758138,0.04462784,0.014559107,0.011795892,0.030790936,0.035038248,-0.029435499,0.003166025,0.015423633,0.02892236,0.03060869,0.023733327,0.028803675,0.0028482005,0.031370264,-0.02575916,0.010779057,0.024169616,0.02615223,0.013417888,0.04668084,0.008798797,0.011004119,0.03203411,0.012760154,0.0118710315,0.036493115,0.027167361,0.033967216,-0.010939625,0.005133774,-0.003691568,-0.014861146,-0.0045568077
7aHSDH%GENOME215422_1346,0.004564873,-0.0004255233,0.017718202,0.020448767,0.010068235,0.020792257,0.015342938,0.02115626,0.02359083,0.018629849,0.0045717945,0.011622125,0.017461147,0.020250743,0.009611621,0.018695028,0.017066218,0.013883481,0.009848463,-0.0020326332,0.014841557,0.00963468,0.0050260955,0.010615945,0.01710098,0.011185349,0.01088635,0.008723651,0.010916263,0.024491835,0.01301945,0.012398388,0.015983311,0.0067386846,0.017755907,0.0034886578,-0.003646362,0.018713275
7aHSDH%HAY2965420_1_SDR_family_oxidoreductase__Escherichia_coli_,-0.006177102,-0.014650567,0.02317822,0.009650401,0.016693654,0.02955188,0.016674073,0.009398002,0.027670028,0.019666564,-0.0020394183,0.012364583,0.011909519,0.023910282,0.020644315,0.01998042,0.024461482,0.0065630362,0.023495972,-0.008466559,0.01118784,0.02374306,0.021976907,0.012019469,0.029046686,0.01411031,0.016911482,0.021695623,0.011525255,0.01905195,0.013344416,0.009503133,0.021248482,0.0061594164,0.020072844,0.0046419613,-0.012979124,0.009369195
7aHSDH%HEX5818085_1_7-alpha-hydroxysteroid_dehydrogenase__Gemmatimonadales_bacterium_,0.0027545549,-0.00023136222,0.0033239832,0.0019461418,0.00482294,-0.0021639524,0.007003152,-0.014432355,-0.0016076372,-0.010552058,-0.013222188,0.0026070666,0.013624263,-0.0018568326,0.0058657257,0.0060604378,0.00094798236,-0.0117072025,0.009829265,-0.011529653,0.001499661,0.01198045,0.017160822,-0.004869978,-0.01133249,-0.008032382,-0.00442749,-0.004949142,0.007362626,0.0013098489,0.013551639,-0.0007824862,0.011411006,0.009865148,-0.00066337106,-0.0028366179,-0.0010973949,-0.00015497376
7aHSDH%MBE5948790_1_SDR_family_oxidoreductase__Lachnospiraceae_bacterium_,-0.012134321,-0.0040142545,-0.005249052,-0.023364387,-0.0017785718,-0.02720339,-0.0033804947,-0.023331234,-0.0044618966,-0.0020404719,-0.011769555,-0.0072590075,0.00024340009,0.008418993,-0.0036404845,-0.010499554,-0.0093873795,-0.02552624,-0.0076997583,-0.01000506,-0.02624088,-0.004475489,0.0030928305,-0.027092885,-0.0006866139,-0.012205162,0.00024068897,0.0044566533,-0.00026604047,-0.02235435,-0.0026497585,-0.024520893,-0.0029106883,0.0024950337,-0.008608898,-0.01439947,-0.0033111714,-0.008955688
7aHSDH%MBHC130__Clostridiales_bacterium_1_7_47FAA_,0.048626985,0.04919321,-0.02715333,0.031179087,-0.015935551,0.00056325586,-0.013630206,0.02838576,-0.04481084,-0.042600755,0.034494437,0.011126434,0.030475754,-0.03258327,-0.023317045,-0.018040236,-0.015614023,0.03311729,-0.02254589,0.045569863,0.043855313,-0.02887473,-0.025240915,0.024852088,-0.04655169,0.008236775,0.0070055765,-0.03265901,-0.016400943,0.029627066,-0.035739392,0.03113986,-0.036231752,0.007955069,-0.01735392,0.03745358,0.048810486,0.004253753
7aHSDH%MCI7810995_1_SDR_family_oxidoreductase__Clostridiales_bacterium_,0.01450696,0.02849235,-0.04121012,-0.0007417702,-0.032222178,-0.015528367,-0.033681154,-0.002288701,-0.031226993,-0.03478055,0.0164784,0.018317483,0.023534818,-0.021064736,-0.024689138,-0.036323227,-0.03397821,0.0015872024,-0.03173059,0.024600593,0.0065328474,-0.030414855,-0.027330844,0.00016686009,-0.011368441,-0.0018788166,0.0002601821,-0.021201102,-0.034143485,-0.008588215,-0.0320027,0.012829185,-0.03140004,-0.015036738,-0.04139762,0.008514074,0.026724627,-0.045801573
7aHSDH%MCI9468093_1_SDR_family_oxidoreductase__Oscillospiraceae_bacterium_,0.0074886554,0.019158514,-0.038037334,-0.0078873765,-0.022741502,-0.016436744,-0.02904136,-0.016122742,-0.028154299,-0.031992033,0.004689111,-0.00269887,0.008043681,-0.025444914,-0.018553762,-0.031755686,-0.028530682,-0.008342062,-0.021319294,0.011671657,-4.6331683e-05,-0.019780034,-0.020395992,-0.0054773074,-0.013327745,-0.012016085,-0.009047007,-0.019110456,-0.02519197,-0.009426623,-0.023700977,0.002916299,-0.02496521,-0.008833445,-0.036232054,-0.0013009208,0.016669106,-0.042167626
7aHSDH%MEO8122524_1_7-alpha-hydroxysteroid_dehydrogenase__Burkholderiales_bacterium_,0.0013392776,-0.020372542,0.044353854,0.007800216,0.02729753,0.024180222,0.02557653,0.0107027665,0.035376027,0.025317201,0.0073033725,0.020853374,0.009386767,0.045390576,0.019977653,0.027376743,0.030251883,0.013682469,0.02286775,-0.0066337856,0.0033390755,0.028309736,0.025618754,0.014356867,0.027056172,0.018208303,0.017428864,0.035041824,0.019298755,0.02033089,0.018356603,-0.00393094,0.02518569,0.040255297,0.04474735,0.021295242,-0.013276172,0.040304706
7aHSDH%WP_003507641_1_7alpha-hydroxysteroid_dehydrogenase___Clostridium__symbiosum_,-0.0107515585,0.0006689176,-0.032544482,-0.015024972,-0.025243314,-0.008206739,-0.034567676,-0.020151328,-0.011783117,-0.014933727,-0.0010888432,-0.0059137563,-0.0040756967,-0.03198704,-0.008258889,-0.027209988,-0.023029044,-0.032622423,-0.016326351,0.00049678254,-0.014312625,-0.024373038,-0.018357404,-0.025868569,-0.0010143842,-0.0050451066,-0.00483953,-0.021837419,-0.026974183,-0.023156006,-0.034711707,-0.010387067,-0.021996407,-0.069044,-0.01932195,-0.026142484,-0.0131244585,-0.039842255
7aHSDH%WP_025075670_1_7alpha-hydroxysteroid_dehydrogenase__Bacteroides_faecichinchillae_,-0.0029204842,-0.0043499633,0.0021135637,-0.0128701385,-0.002545041,-0.0057506305,-0.008451148,-0.0054970807,0.004710184,0.0047194157,0.014225066,0.0027756565,-0.016448058,-0.007865256,-0.0042578927,-0.0056175785,-0.0010804624,-0.0070513473,-0.000117765405,0.009188047,-0.008708464,-0.0028086826,-0.00057588774,0.0044939,-0.006352753,0.006555116,0.0075144256,-0.0034263122,0.0015741861,0.002202225,-0.0094160475,-0.012016715,-0.0012973612,-0.013663241,0.013704122,-0.0015115351,-0.011457772,0.007452143
7aHSDH%WP_221221011_1_7-alpha-hydroxysteroid_dehydrogenase__Phenylobacterium_haematophilum_,-0.04766207,-0.036621038,0.0017787707,-0.04254025,0.011400547,-0.019916708,0.005273545,-0.044613753,0.009547679,0.011759001,-0.04062261,-0.039068583,-0.042790443,0.0039445884,0.0108460365,0.006330286,0.0019435443,-0.046226677,0.010691004,-0.04493282,-0.04528514,0.007645753,0.0045705857,-0.04621582,0.014618006,-0.020902395,-0.023249822,0.010477524,0.010460577,-0.044880506,0.0066939984,-0.030406076,0.011284148,-0.035857573,-0.0025931988,-0.0580124,-0.044196792,-0.01021096
7aHSDH%WP_262434703_1_7alpha-hydroxysteroid_dehydrogenase__Jilunia_laotingensis_,-0.008998157,-0.0074000065,0.0010045563,-0.011355997,-0.0072052996,0.002454091,-0.015086573,-0.0033919471,0.011353262,0.008284302,0.0067535425,0.00054410705,-0.006401712,0.006064264,-0.0057087746,-0.012430009,-0.008068378,-0.0070423214,-0.0053747823,0.0025381406,-0.015777169,-0.0065985085,-0.0049419175,-0.0048066922,0.016153537,0.00014188705,0.0034136923,0.0058656405,-0.011072303,-0.0042770086,-0.0072232164,-0.0074620647,-0.005341874,-0.007430279,0.005385991,-0.007794003,-0.00973921,-0.0025946253
7aHSDH%WP_303013929_1_7alpha-hydroxysteroid_dehydrogenase__uncultured_Bacteroides_sp__,0.0024768354,0.012114789,-0.031221228,-0.004999174,-0.034276735,-0.009006891,-0.046361476,-0.0028082991,-0.013049735,-0.011180222,0.008944481,0.015983336,0.012677785,-0.011618452,-0.022918371,-0.03895848,-0.030435687,-0.010152516,-0.031214125,0.016282333,-0.005509353,-0.033176597,-0.026901757,-0.0054230853,0.010158167,-0.0043109874,0.0063263006,-0.008119316,-0.04017881,-0.02147635,-0.038945578,0.0004225876,-0.03523556,-0.037796915,-0.024744665,-0.005660638,0.007081419,-0.037481606
7bHSDH%GENOME213756_525,-0.0139724575,-0.0129488865,-0.0012261794,-0.02447605,0.0074481126,-0.011149666,-0.00031759986,-0.022864878,0.005641631,0.0033392438,-0.010391913,-0.017474087,-0.020970216,-0.001284563,0.004629152,-0.0010846929,0.0062197875,-0.015901051,0.008575395,-0.011942617,-0.018440148,0.0062280037,0.012819265,-0.012492079,-0.0010131383,-0.01704241,-0.0069742287,0.009086612,0.007062844,-0.008333635,0.003409893,-0.017563067,0.0023897397,-0.0031161094,-0.0034008406,-0.014238358,-0.013888781,-0.004579604
7bHSDH%WP_394860677_1_7beta-hydroxysteroid_dehydrogenase__Mediterraneibacter_gnavus_,-0.012520232,-0.027459359,0.04627347,0.01757937,0.04261616,0.04011301,0.036923483,0.016853046,0.051308338,0.045767408,-0.007857686,0.0010841853,-0.002971923,0.05072911,0.033401538,0.043589085,0.0416591,0.014565826,0.03214432,-0.024601113,0.00821805,0.03224751,0.022052456,0.0145956315,0.043783534,0.008932355,0.005021289,0.043871652,0.032816507,0.028006367,0.03614822,0.01295035,0.035903353,0.035826366,0.0393744,-0.011689657,-0.029118102,0.04913812
BSH1%UPI0001B1C28E,-0.015572105,-0.020634249,0.013770814,-0.016012365,0.019125992,-0.0030293046,0.015950268,-0.019016705,0.0070608407,0.011907097,-0.024819884,-0.032850575,-0.028074292,-0.01152724,0.017548934,0.020887105,0.0187535,-0.027242074,0.0264847,-0.022677682,-0.00817615,0.018930603,0.01916781,-0.010852673,-0.0039948397,-0.0021782448,0.0009802054,-0.0018811332,0.024605995,-0.003124907,0.021484109,-0.020667588,0.02179565,-0.0083261505,0.017479144,-0.010884737,-0.024009498,0.012689187
BSH1%UPI0001DE6025,-0.03426719,-0.027463418,0.012671952,-0.026212297,0.015215614,-0.013961465,0.010779031,-0.019483788,0.010508083,0.0048313364,-0.020503145,-0.032723714,-0.030217841,0.008685207,0.004448852,0.0076639284,0.0036371315,-0.024309311,0.010011761,-0.027967472,-0.030129481,0.008238275,0.0015856521,-0.016595107,0.0024460142,-0.016109701,-0.0268647,0.00023758103,0.0096390555,-0.024594719,0.0060306448,-0.013721341,0.007485173,0.0022818418,0.009244398,-0.036293,-0.029294116,0.008139841
BSH1%UPI00022FF9E1,0.011036412,0.0069725467,-0.000608125,0.017191138,0.008705902,0.008350887,0.008719249,0.005253123,0.0032894695,0.00032025948,-0.007185704,0.006130618,0.012144013,-0.007143042,0.014355048,0.0053386535,0.002595283,0.0063562393,0.0148959635,-0.0041987733,0.0063137757,0.01918307,0.016744636,0.01146678,-0.0016436172,-0.0054313196,-0.006328069,-0.0050875656,0.008354648,0.0023120826,0.019397104,0.015110471,0.015919989,0.009476969,0.00022239916,0.00093121215,0.0031455695,-0.0039795293
BSH1%UPI0002624191,0.00094856316,0.0014994272,-0.0007100459,-0.00513874,0.0069708647,-0.007530679,0.008081197,0.003430074,-0.01412622,-0.009996392,-0.002647627,-0.026589958,-0.025616238,-0.008305941,-0.005212785,0.0021490927,-0.00446697,0.0011991493,0.0041078427,-0.0031920404,0.0002486128,-0.00072345254,0.00023539775,0.0031519241,-0.025564501,-0.010756399,-0.021617081,-0.01996509,0.0052487087,-0.003390314,0.0032391506,0.0018986589,-0.0006907519,0.0038352744,0.0042459513,-0.00405698,0.00039007646,0.0134935565
BSH1%UPI000289C842,-0.0238794,-0.007785386,-0.018449927,-0.03425832,-0.021656938,-0.028024444,-0.02925814,-0.029766373,-0.0027498868,-0.0071642543,-0.008142555,-0.0048066205,-0.005264927,-0.0045794756,-0.01670568,-0.023755366,-0.02777119,-0.03036185,-0.02915963,-0.008647701,-0.033765715,-0.027947385,-0.028787142,-0.03246738,0.015142816,-0.017182339,-0.014891165,-0.006135179,-0.029152365,-0.0404549,-0.026167385,-0.01554427,-0.026040785,-0.026631204,-0.021240229,-0.03543382,-0.012724497,-0.03635804
BSH1%UPI0002CB0E7D,0.0075286585,0.01653976,-0.020599457,-0.00010378014,-0.027296128,-0.01340179,-0.026696343,7.6318465e-06,-0.017235592,-0.014760338,0.01857127,0.019211002,0.012311945,-0.01077878,-0.021366341,-0.027432717,-0.025669986,-0.002444572,-0.0204919,0.01941152,-0.0025478378,-0.019756826,-0.01599851,0.0040647658,-0.011612386,0.008202532,0.0037810367,-0.015964722,-0.023890825,-0.0077312384,-0.023912815,0.003447989,-0.016869072,-0.019449376,-0.00931917,0.0040177014,0.012768742,-0.016053919
BSH1%UPI00035D264B,0.003262458,-0.0034757333,0.005801298,0.007765408,0.006332773,0.016419811,0.011960827,0.029204158,0.008738401,0.0089959055,0.013301554,0.010026344,-0.010302462,0.012848466,0.004628746,0.004406628,-0.0006128967,0.025397828,0.008941379,0.0036377779,0.01672141,0.015993431,0.016424224,0.024243182,-0.0028194722,-0.00030962258,-0.010711661,-0.008246021,0.0045224484,0.007317303,0.015304208,0.017392997,0.015820585,0.012353729,0.009001416,0.013204086,-0.0012849332,0.008000451
BSH1%UPI0003A10C39,0.018931052,0.03197086,-0.04062204,-0.028963257,-0.039895073,-0.037569195,-0.046881627,-0.01700078,-0.0438601,-0.05358829,0.015072005,0.011742515,-0.0007200263,-0.02591356,-0.03678811,-0.046014838,-0.047489252,-0.0135627305,-0.049857877,0.02265087,-0.024040146,-0.04983282,-0.04137467,-0.026056122,-0.023928452,-0.013253856,-0.013395485,-0.032017328,-0.04618941,-0.043211125,-0.051085614,-0.0008146011,-0.048240714,-0.025197394,-0.03776131,0.001914364,0.02625071,-0.03808023
BSH1%UPI00041C4F56,0.008673043,0.019517876,-0.02937392,-0.015995407,-0.025942879,-0.015114047,-0.028162025,-0.0021547657,-0.02740793,-0.03312826,-0.0017379875,-0.011859163,-0.019252788,-0.02803896,-0.0230283,-0.030278912,-0.030994441,0.00034388606,-0.01964175,0.007390829,-0.016063904,-0.023223324,-0.019579606,-0.00897822,-0.020169789,-0.023282068,-0.021234047,-0.023927473,-0.029184038,-0.028336842,-0.020356765,0.010537776,-0.028826702,-0.013653279,-0.03067528,-0.0045773075,0.018495005,-0.025043309
BSH1%UPI00044AC395,-0.023587884,-0.032233488,0.032060627,-0.020977285,0.027859472,0.0035558545,0.025306366,-0.016781872,0.03030007,0.01855428,-0.007807958,-0.0203334,-0.030208126,0.016883992,0.020888874,0.022174472,0.020456389,-0.018208567,0.028484415,-0.022908553,-0.024762692,0.026950719,0.028536143,-0.008857179,0.010499945,0.0018340928,-0.0011802871,0.0147895655,0.030209994,0.010684174,0.032084886,-0.017210389,0.03373925,0.016606268,0.030716121,-0.016383074,-0.033879794,0.029081821
BSH1%UPI0004BCDDD9,-0.027071366,-0.033403374,0.033479538,-0.005826829,0.030555444,0.018241951,0.03200352,-0.0013687618,0.03287944,0.02778106,-0.00055207027,-0.007869247,-0.028666051,0.025716517,0.025316233,0.030986972,0.02995503,-0.0025468802,0.031128677,-0.018041098,-0.011490439,0.028957605,0.026691949,0.0076939072,0.01502961,0.01898969,0.004455891,0.02159713,0.03406429,0.019881764,0.028695045,-0.007716638,0.03608658,0.0025791423,0.03669928,-0.015866112,-0.034617994,0.03331472
BSH1%UPI0004D69CD5,-0.009552776,-0.013214869,0.012325822,-0.028601356,0.0062649734,-0.016398922,-0.0005074116,-0.013799306,0.0043871407,-0.006760947,-0.0044795354,-0.010557531,-0.017507115,0.00727026,-0.0003698597,-0.0016734921,-0.0042119515,-0.02018488,-0.00097367796,-0.007829962,-0.025192678,-0.0024157623,0.0014497155,-0.018010685,-0.0022501587,-0.01137125,-0.014010874,-0.004095294,-0.00057802425,-0.021319145,-0.0062877215,-0.012379909,-0.0010323231,-0.0017465852,0.012064469,-0.009521473,-0.01619421,0.0058064735
BSH1%UPI0004D6A0E9,-0.008925265,0.005385505,-0.0054524215,-0.017588798,-0.01745452,-0.013399268,-0.012911749,-0.008579988,-0.002576957,-0.00024848708,0.021574592,0.025437756,0.003221476,0.008139986,-0.015425985,-0.014498404,-0.017488213,-0.0057277787,-0.01922998,0.014515627,-0.02336386,-0.018906768,-0.015227352,-0.0076262504,0.004435428,0.016861659,0.0053406223,-0.0027949354,-0.014098054,-0.009991114,-0.012643035,-0.0060320282,-0.0062263603,-0.012808312,-0.0059192143,-0.0053237802,0.0023454512,-0.012037712
BSH1%UPI0005DBBD01,0.008841275,-0.0023862855,0.013261416,0.0083975885,0.02031576,0.0019333602,0.01906691,-0.0061996495,0.0011877306,0.009547306,-0.00473454,-0.015723858,-0.0068999976,-0.007146211,0.017568205,0.016265215,0.013417826,0.0053398097,0.017052319,-0.0048069074,0.006345321,0.018529069,0.01785258,0.0011654913,-0.0083286315,-0.0064670458,-0.012772702,-0.0016556357,0.024801921,0.014235322,0.033901695,-0.0097794775,0.027783021,0.033742245,0.0065883184,0.0158206,-0.00023780283,0.007892493
BSH1%UPI00064A1F29,0.0036273384,-0.017581241,0.04517753,0.020741632,0.035418,0.023422394,0.033548776,0.019906111,0.04395896,0.04800669,-0.0006511908,0.011741719,0.0051911785,0.024171913,0.032861292,0.035268065,0.034124374,0.01478864,0.028871262,-0.0057344306,0.016196873,0.036793634,0.031571142,0.016271722,0.028848289,0.0007921268,-0.0040257047,0.03085006,0.032329436,0.021157315,0.037421424,0.0004745546,0.03503767,0.043043904,0.030423922,0.016946452,-0.012709052,0.031838864
BSH1%UPI00073AFD00,-0.017275494,-0.01591636,0.0118726455,-0.006274524,0.013877353,-0.0027051321,0.009780278,-0.011844648,0.003520104,0.0065244823,-0.018403733,-0.028282342,-0.019855822,-0.0013938647,0.0041472297,0.008276646,0.00791127,-0.016960056,0.019195182,-0.018446825,-0.007828726,0.015731204,0.014359218,0.002883445,-0.00916067,-0.009966538,-0.012438171,-0.0011109859,0.012421534,-0.0059187566,0.015557332,-0.0058810576,0.010242138,0.01312043,0.008580447,-0.015857916,-0.014460612,0.01680907
BSH1%UPI00076E9CCB,-0.0392253,-0.030577548,0.0065074502,-0.02505659,0.0034824917,-0.002969246,-0.0053991987,-0.019684857,0.022736924,0.01860361,-0.019601353,-0.023628905,-0.026034655,0.014651587,0.0020041857,-0.0016020227,-0.0013093549,-0.032512728,0.0045961137,-0.024724264,-0.027141867,0.0024484606,0.0024194813,-0.02123297,0.024856966,-0.010811806,-0.0043565575,0.0112608755,-0.0010643004,-0.017221875,-0.0010098793,-0.020759217,0.00088609586,-0.027198939,0.0077009443,-0.04320822,-0.036520127,-0.0019263003
BSH1%UPI0007933BD5,0.003462384,0.013265613,-0.024276761,0.0036099309,-0.029684993,-0.0143605815,-0.029183578,0.007760631,-0.018587377,-0.014727065,0.014568857,0.01668212,0.010463488,-0.008114534,-0.023769028,-0.02952937,-0.024578663,-0.0004733309,-0.024812825,0.020048646,0.0076539055,-0.024925172,-0.019024257,0.008663881,-0.008169409,0.005394919,0.01257163,-0.012016803,-0.02703836,-0.0058555366,-0.032089815,0.003308694,-0.027915178,-0.027740961,-0.016063847,0.0038016608,0.01306588,-0.019863257
BSH1%UPI000801FF16,0.0047669928,0.012828975,-0.013066124,-0.016318008,-0.021050965,-0.015217786,-0.022227585,-0.007000168,-0.0146863675,-0.019688005,0.018742999,0.015990581,0.0013441395,-0.0046987613,-0.018885117,-0.024559934,-0.025936436,-0.0028898218,-0.023153791,0.014815696,-0.021111423,-0.020446336,-0.01729117,-0.008304072,-0.0067761056,0.0010047171,-0.008218578,-0.013452359,-0.02377191,-0.019727271,-0.016220935,-0.00043414402,-0.015479091,-0.002137594,-0.012388497,0.0055340473,0.012647939,-0.015793316
BSH1%UPI00093BFB8C,-0.016931796,0.009706562,-0.02794217,0.029679539,-0.027903652,0.025562985,-0.02091517,0.03771383,-0.0046894345,0.0040370706,0.0061547635,0.01438335,0.02034873,0.016013367,-0.018194286,-0.018651342,-0.012495561,0.020234846,-0.015629657,0.009780986,0.028990893,-0.020363498,-0.028475061,0.021837575,0.026678424,0.014560793,0.016396495,0.00708501,-0.031377308,0.011114743,-0.022174347,0.04036686,-0.022131206,-0.039111406,-0.029176457,-0.014073578,0.010784749,-0.020270389
BSH1%UPI00095B1DAC,-0.01784063,-0.015197929,0.017539985,-0.022063341,6.0367816e-05,-0.0034727722,-0.00063110684,-0.004012792,0.016308265,0.0118144285,0.021840984,0.0125558665,-0.015745455,0.022721162,-0.0073563335,-0.001757048,-0.0030260745,-0.0012260439,-0.005695385,0.005307669,-0.026439453,-0.005814358,-0.0037962133,-0.0005751861,0.010842139,0.015206563,0.0037157238,0.010962904,-0.0015218174,-0.0013162373,-0.0027027256,-0.012299597,0.0024355813,0.010178885,0.01920154,-0.0054418975,-0.014320212,0.016453473
BSH1%UPI00095C7CBB,-0.03257814,-0.03289201,0.023406148,-0.022056596,0.020785961,-0.0035550436,0.022539819,-0.015359184,0.026466021,0.020789122,-0.008740652,-0.022268118,-0.029950414,0.010740554,0.015722724,0.022930637,0.01434983,-0.022635534,0.019669581,-0.023201993,-0.017798258,0.01769594,0.015222598,-0.012116449,0.005892427,0.0027093675,-0.0050837146,-0.0018786449,0.025133517,0.0029636784,0.016169088,-0.024836535,0.026627662,-0.01748358,0.033910695,-0.031342313,-0.042597648,0.020644875
BSH1%UPI000A00C8F6,0.020949965,-0.0043621785,0.03891945,0.023353986,0.010710807,0.031424537,0.016859172,0.050518017,0.03124185,0.032699145,0.026046133,0.02923124,0.01590939,0.02973635,0.007763761,0.017186755,0.015967907,0.04912794,0.007822685,0.015085847,0.024922641,0.017935839,0.013270203,0.03246282,0.023787813,0.015209351,0.010127157,0.0174594,0.002766314,0.019639231,0.013615756,0.012643478,0.0149262175,0.045489777,0.039326493,0.04329034,0.005494727,0.03927139
BSH1%UPI000BCCCB22,-0.004912726,0.0051316475,-0.0028937573,0.022792757,0.00038658443,0.006262638,0.025698978,0.030025203,-0.007107843,0.008425988,0.007149483,-0.007864464,-0.009149419,0.006878097,-0.004505281,0.014611243,0.006360322,0.027916756,0.004656739,0.0068897563,0.022617666,0.0031827732,-0.0021150054,0.01848976,-0.016706683,0.01831361,0.008594196,-0.011170184,0.016975489,0.030877857,0.016100729,0.010234096,0.012317758,-0.01286574,0.006735646,0.0025857366,0.008944706,0.015163679
BSH1%UPI000BD3EFD5,-0.039925057,-0.028870478,0.011059271,-0.03312966,0.00927783,-0.012924178,0.0038275055,-0.020380525,0.012082253,0.008481777,-0.022768639,-0.028647212,-0.03229619,0.014406106,-0.00024674064,0.0026167992,0.0016866465,-0.02557782,0.002379073,-0.028794456,-0.037950996,0.0022761482,-0.005104812,-0.024525352,0.013769245,-0.016870832,-0.021283897,0.009173568,0.0018068322,-0.036326084,0.00021267934,-0.019069972,-0.0013077463,0.00093938364,-0.00047461374,-0.0388228,-0.027473014,0.0028467241
BSH1%UPI000CD30963,-0.0008462114,-0.0022863066,0.0056701964,0.012471101,-0.0055008978,0.008031386,-0.001102217,0.019930983,0.012020874,0.027336055,-0.0025949767,0.011450239,0.002098767,0.021408321,0.0016430448,-0.0047044624,-0.0010664893,0.009391751,-0.00357489,-0.0025420145,0.0036796513,-0.00054715533,-0.0005430314,0.0002580467,0.024677875,0.0032187328,0.0036114114,0.019827265,-0.0041777166,-0.0053005735,0.0035473288,-0.00095222873,0.0032692736,0.009048247,-0.0025420552,0.007848694,0.0029941837,0.0011485897
BSH1%UPI000DCDF6FE,-0.019806542,-0.029871404,0.024507115,-0.006433327,0.027095992,0.022258732,0.023347456,-0.012156874,0.036109112,0.03147935,-0.008236064,-0.0031099105,-0.021407641,0.002767085,0.035352763,0.02719552,0.025463544,-0.018537344,0.031654723,-0.019095106,-0.0133605525,0.028806543,0.029567666,-0.0061463825,0.018701164,0.008055282,-0.0030857993,0.012531576,0.029486602,0.009647079,0.026957273,-0.012604466,0.034560617,-0.018179981,0.02721458,-0.017856138,-0.03732672,0.010515047
BSH2%UPI0000382136,-0.023901783,-0.020226413,-0.0031440514,-0.0030034282,0.027895397,0.0058912043,0.023779938,-0.020889616,0.012454721,0.010007662,-0.05264013,-0.036172368,-0.018984051,-0.020426407,0.029755348,0.021171648,0.019595327,-0.02530724,0.039520893,-0.028332198,0.006239986,0.042236872,0.04639525,0.01233229,-0.006338259,-0.045302548,-0.016383233,-0.010765528,0.026583442,-0.0036234017,0.03299448,0.0018722952,0.011710529,-0.015992913,-0.019726824,-0.037774224,-0.01746148,-0.020965217
BSH2%UPI0001534663,0.017028414,0.020846292,-0.011016981,-0.032043673,-0.0033197901,-0.035423074,-0.015340208,-0.028338904,-0.013129989,-0.026116721,0.0007071283,-0.0067622946,0.004417565,-0.01723935,-0.00995067,-0.020697767,-0.013741412,-0.020411152,-0.012472519,0.0072425543,-0.032608844,-0.010709036,-0.0075910036,-0.026200445,-0.014830952,-0.03252826,-0.016878512,-0.008736536,-0.011283961,-0.026821224,-0.021727398,-0.013982752,-0.021066727,0.019092984,-0.012488204,-0.0022362247,0.012931527,-0.013988892
BSH2%UPI0001599717,-0.018299453,-0.03776199,0.033091232,-0.029931674,0.045311924,-0.024409719,0.03488237,-0.048480682,0.018240947,0.010565657,-0.03045617,-0.054564163,-0.036466673,-0.008921098,0.033414442,0.030859433,0.025756273,-0.044134278,0.034011155,-0.038103674,-0.02917032,0.039864674,0.04443406,-0.029886814,-0.022217803,-0.03759546,-0.037450295,-0.009062618,0.04747171,-0.005077726,0.03938175,-0.050902896,0.037965745,0.028429007,0.033792056,-0.02178923,-0.03977656,0.021814091
BSH2%UPI0001971EB2,0.026120681,0.02656621,-0.020939862,0.009198578,-0.010338545,0.0048848465,-0.014614918,0.0034308466,-0.020501556,-0.017310698,0.015368551,0.004588586,0.0057071387,-0.027493555,-0.010345672,-0.009913901,-0.016193924,0.008022818,-0.010827216,0.01694778,0.014429718,-0.015679853,-0.014065368,0.0055717914,-0.026444104,0.0018182363,-0.007949211,-0.035346046,-0.009431934,0.010297788,-0.0039566285,0.013268292,-0.0035218163,-0.012856807,-0.010889473,0.009293402,0.012547241,-0.012998674
BSH2%UPI0001C1C05D,0.004435879,-0.023024986,0.04196025,0.016683081,0.06035405,0.015014479,0.06501522,0.004552313,0.032085456,0.01496296,-0.03279843,-0.010371217,0.0015367665,0.007250739,0.05119077,0.06082395,0.054142013,0.008493457,0.056974806,-0.02150144,0.030318072,0.0650377,0.06308137,0.034242183,-0.003314489,-0.018806055,-0.0018798012,0.013617183,0.057671227,0.029847395,0.04601519,0.015253624,0.03740272,0.027148537,0.031328134,0.0057496,-0.014603382,0.028069122
BSH2%UPI0001E69B03,-0.013912355,-0.0024371357,-0.0057931338,-0.0028402472,-0.0045452085,-0.006589241,-0.0042756484,-0.008722847,-0.0012405183,0.0070839333,-0.009948152,-0.015827633,-0.0032261813,-0.005324228,-0.003659226,-0.0024153,0.002781501,-0.016882397,0.0033928761,-0.007524303,-0.008049516,-0.003945951,-0.002736231,-0.009145188,-0.0025690913,9.679879e-05,0.005811331,0.00016714599,0.0019632543,-0.0019994641,-0.002876218,-0.0100872265,-0.0010433324,-0.022610914,-0.0026764437,-0.01814704,-0.0070147403,-0.0012366173
BSH2%UPI0001FDAFAC,-0.040316865,-0.034906644,0.01915843,-0.02640279,0.011203562,-0.0007648978,0.006565179,-0.027316602,0.030855453,0.030998288,-0.015431498,-0.0046931724,-0.014109283,0.027012074,0.012148338,0.012529914,0.014960684,-0.025702469,0.006484675,-0.024553563,-0.032263275,0.0039931084,0.005045646,-0.024747966,0.04001173,0.008542118,0.016591487,0.039243717,0.0134623535,-0.0051617217,0.013400183,-0.023580397,0.013928464,-0.0036124545,0.0052381237,-0.031610917,-0.03355569,0.0019767892
BSH2%UPI000335FD2D,0.005488215,0.0094495425,-0.017206581,0.019413482,-0.01036318,0.007373329,-0.009486975,0.015284273,-0.012018553,-0.010079809,0.011103882,0.007025121,0.0049073235,-0.012376386,-0.009034801,-0.0061929617,-0.012718197,0.011851942,-0.0035212669,0.010316691,0.020814385,-0.0070244027,-0.005694395,0.026033467,-0.014600321,0.008434636,-0.0025534632,-0.021639492,-0.010579471,0.010845602,-0.0031960744,0.02745688,-0.003177066,-0.02494118,-0.0055266786,-0.0044889483,0.0030002682,-0.0035883675
BSH2%UPI00033874A8,-0.0032573165,0.00037739013,0.0015679426,-0.010274193,-0.00018738685,-0.008082361,-0.0023245132,-0.010418267,-0.001539342,-0.00990094,-0.009528545,-0.000947503,0.003515315,0.0017468843,0.0010919482,-0.00030991028,-0.0005469284,-0.018259872,0.0002865158,-0.0061211754,-0.0135473795,-0.0084080305,-0.0009502806,-0.017143609,0.0006322715,-0.0045475415,-0.0006692265,0.0047811745,-0.0017480296,-0.011572186,-0.0051855813,0.0028338658,-0.0034013537,-0.007030889,-0.008808712,-0.011872082,-0.0040161097,0.002828882
BSH2%UPI00033AD64E,0.029395502,0.035757396,-0.033685543,0.009387815,-0.022679519,-0.0030379565,-0.014564845,0.008236724,-0.040472392,-0.040832438,0.020404987,0.019219605,0.017770907,-0.01815568,-0.02327774,-0.016860303,-0.02607199,0.026278846,-0.02656619,0.024562743,0.018261034,-0.02172868,-0.023606667,0.0047123153,-0.030964462,0.009511827,0.0045949207,-0.032710347,-0.020598564,0.0030915972,-0.017525151,0.014459707,-0.019670384,-0.008712865,-0.023223162,0.020291883,0.03369823,-0.022437455
BSH2%UPI00033F049A,0.020438328,0.032878283,-0.033055045,0.0028473535,-0.021626398,-0.006648382,-0.020222573,0.007897251,-0.03094735,-0.024922343,0.016779754,0.0032809651,0.0021049366,-0.03401974,-0.020032762,-0.022345552,-0.026004042,0.01441879,-0.02002499,0.023671772,0.007430496,-0.020524321,-0.020465238,0.00072993257,-0.026983783,-0.0042102374,-0.009973644,-0.03835445,-0.020083528,-0.0082281595,-0.014965944,0.012084799,-0.017462814,-0.014164771,-0.030092157,0.0051015527,0.024751203,-0.025530403
BSH2%UPI00038B932A,-0.036294404,-0.009123725,-0.009316283,-0.016169809,0.003986012,-0.0188635,0.010180644,-0.021234736,-0.013464579,-0.019826755,-0.0430081,-0.03139989,0.0017095229,0.012578657,-0.0036664053,0.00057580916,-0.0023200696,-0.02602407,-0.005032524,-0.030895589,-0.02360674,0.00077711017,0.0019498825,-0.02512683,0.0046100263,-0.030899584,-0.0094356155,0.0013756434,-0.004586847,-0.037497748,0.0044214483,-0.0022287238,-0.01807689,0.006273477,-0.03947071,-0.04193861,0.004296073,-0.01776775
BSH2%UPI000396CDDF,0.0671859,0.026175883,0.025096484,0.02968307,0.0125961425,0.017869156,0.013976428,0.035546973,0.0016366928,-0.001237694,0.055874053,0.03685459,0.024649357,-0.008257738,0.006253012,0.014434875,0.015975077,0.05325289,0.001011798,0.0475882,0.038869366,0.00018245367,0.00049156236,0.026517546,-0.024901163,0.029465515,0.018765101,-0.0036234593,0.017255671,0.05457344,-0.0070521766,0.005573432,0.007633884,0.04462279,0.051187124,0.07301117,0.022560121,0.046854388
BSH2%UPI000463FA77,-0.026349599,-0.025742702,0.013864037,-0.019394733,0.0016497239,0.002926384,-0.004923572,-0.024511816,0.02905079,0.026807206,-0.022583384,-0.009723657,-0.0010022171,0.01215024,0.009118931,0.00869577,0.013970653,-0.033528604,0.009186266,-0.02322617,-0.024153866,0.002823519,0.0070197266,-0.021378625,0.030488934,0.0030562324,0.022440162,0.019931143,0.005976899,-0.0024200245,0.009090286,-0.02739466,0.00939105,-0.0238967,0.014563515,-0.023405015,-0.028541133,-0.0034056793
BSH2%UPI0004B97954,-0.018367812,-0.011570244,0.010112691,-0.008858226,0.005043521,0.0021367376,0.0039499975,0.0010461307,0.022510087,0.015876047,-0.005447609,-0.00076719886,0.0002359115,0.019638259,-0.0007820329,0.0048599965,0.006178445,-0.009009075,0.0019649512,-0.0017152297,-0.007697061,-0.005666326,-0.0028433118,-0.007275263,0.01640817,-0.0013160496,0.008984856,0.010665486,0.0063047265,0.010202498,-0.0028859123,0.0010019834,-0.002830764,-0.015443884,0.004625302,-0.023574248,-0.016274348,0.0043548136
BSH2%UPI00050FFCF5,0.03551812,0.019906072,0.0049416767,0.016407369,0.0060143243,-0.0025692654,0.006038269,0.012935276,-0.008740493,-0.008226048,0.007307783,0.0069580562,0.023208493,-0.010644573,0.005492187,0.0032328472,0.004586329,0.017954398,0.0020302024,0.013527973,0.020476544,0.0032729772,0.0075471844,0.009361649,-0.017688448,-0.010823498,-0.0110107185,-0.012895515,0.003767633,0.011656053,0.00624978,0.0080106165,0.00274962,0.031983986,0.0028935743,0.035849735,0.022172168,0.0025496064
BSH2%UPI0005738721,-0.025286034,-0.019550068,0.0008466015,-0.021169439,-0.007619322,-0.025499409,-0.005237828,-0.01789334,0.0028925652,-0.0005732654,-0.015907476,-0.021789297,-0.020174645,0.0017339027,-0.0060804593,-0.008818351,-0.009662623,-0.022560291,-0.005989084,-0.018718239,-0.025633363,-0.009956906,-0.0032279664,-0.01873601,0.00398152,-0.015562322,-0.014876843,0.007001259,-0.0060394495,-0.020823056,-0.0021794403,-0.013032497,-0.0044149756,-0.006027649,-0.007134512,-0.020141345,-0.012897896,-0.0072347773
BSH2%UPI0005D317A6,-0.017920556,-0.031840138,0.02999182,0.005941297,0.038881656,0.02356143,0.034241587,-0.008924793,0.03180634,0.027544871,-0.033386983,-0.016245503,-0.010659762,0.021624282,0.03728614,0.035684012,0.035607573,-0.017215965,0.040257372,-0.03281164,-0.0047445707,0.040648766,0.045341406,0.0068987636,0.013984711,-0.009455562,-0.0022441677,0.0187224,0.034406062,0.008222922,0.040300988,-0.0061193816,0.03324126,0.009392774,0.02591423,-0.014988347,-0.02789154,0.024870325
BSH2%UPI0005DCCFF2,0.085051365,0.09354775,-0.07211035,0.06681148,-0.07219961,-0.01782703,-0.0634812,0.03341428,-0.0823476,-0.06417718,0.037220165,0.052965466,0.094602376,-0.04948212,-0.056337547,-0.06497706,-0.054364447,0.035661936,-0.060332507,0.06978621,0.0671608,-0.067513555,-0.05233238,0.03563917,-0.0542336,0.012459756,0.02252621,-0.043708075,-0.063364975,0.024836201,-0.060002018,0.05388336,-0.06580725,-0.008450841,-0.05834241,0.06837724,0.09695585,-0.044166174
BSH2%UPI0006649122,-0.039517682,-0.03490823,0.01084724,-0.022412183,0.018387364,-0.003892953,0.017905416,-0.027678387,0.01854374,0.016877351,-0.033149887,-0.03409858,-0.028365053,-0.0058239223,0.024305156,0.021990335,0.021032229,-0.036858097,0.022432057,-0.039560534,-0.022475531,0.01985239,0.016834091,-0.02818787,0.0150717795,-0.0017803503,0.0008015211,0.008556298,0.02539226,-0.015356068,0.01950653,-0.024309209,0.025735805,-0.028367078,0.0051827836,-0.041069508,-0.03874544,-0.0042362884
BSH2%UPI0006A496D2,-0.013199601,-0.015413147,0.014818139,0.0038520512,0.005731726,0.019528259,0.007585864,0.00065082044,0.023634834,0.023280734,-0.016099554,0.0031057692,0.0057756705,0.01915541,0.011125391,0.01775139,0.018985713,-0.0034396225,0.010652758,-0.0155619,0.000235727,0.008920741,0.0070948615,0.002571731,0.029340802,0.012227913,0.024187706,0.019770073,0.009280474,0.011508338,0.01873191,-0.0023700555,0.013827923,-0.0087798,0.009091709,-0.0056792605,-0.012314829,0.0017700817
BSH2%UPI0006BFFEB7,-0.04606051,-0.022309488,-0.013105537,-0.05271632,-0.023126261,-0.029257186,-0.030200416,-0.025405359,0.0012159827,-0.00074253714,-0.009655161,-0.014555098,-0.01926547,0.019507574,-0.032999817,-0.026766472,-0.021296773,-0.022332499,-0.036859576,-0.012730999,-0.04079475,-0.0365593,-0.041700725,-0.041028604,0.03676634,-0.006554157,0.01933904,0.030913835,-0.030333567,-0.04246588,-0.03574392,-0.027565401,-0.04071685,-0.006351505,-0.02865702,-0.03549037,-0.013221681,-0.019920297
BSH2%UPI0006C043E9,-0.006546473,-0.022935353,0.019061351,-0.016755737,0.015050633,-0.0006436826,0.0078057186,-0.014262777,0.025375606,0.019783154,-0.020053651,-0.023393681,-0.011951382,0.0024203698,0.022386447,0.008311221,0.015493236,-0.01779476,0.015976692,-0.019125327,-0.017458195,0.0103734685,0.012978549,-0.026313545,0.021364434,-0.020329997,-0.013182927,0.017656354,0.013609577,-0.0039190045,0.007395532,-0.018247683,0.009982391,-0.0023407775,0.016891861,-0.009311594,-0.023119949,-0.002304947
BSH2%UPI0006C0EB58,0.030213378,0.012620902,0.021418562,0.023115687,0.024227371,0.023377724,0.028267406,0.035456102,0.010165048,0.018079093,0.020649584,0.019279638,0.005609085,0.0035032472,0.016059566,0.029070174,0.020457441,0.041455016,0.012713676,0.019600676,0.03129744,0.014452083,0.009052872,0.030479072,-0.0024771015,0.018165344,0.0056686024,-0.0023495152,0.020828301,0.027085466,0.015149284,0.02060124,0.017181171,0.02469356,0.024632445,0.03045175,0.009246186,0.029990787
BSH2%UPI0006C1ADDE,0.0023626506,0.0055494877,-0.007533164,0.0082893,0.00080273615,0.00090555585,0.009777081,0.0032179176,-0.008498716,-0.003957929,0.010576013,0.00060033484,-0.0019963018,-0.014520246,0.0021644677,0.006242351,0.00035419452,0.014615352,-0.0004888694,0.0091378745,0.0037335667,0.0021533815,-0.0017048435,0.00971192,-0.012155584,0.011833212,0.002175597,-0.011287098,0.00929353,0.015493968,0.013407112,0.007964443,0.010053396,-0.0024545249,-0.004343312,0.0033493794,0.005889941,-0.006187957
BSH2%UPI0006C23C60,0.033162225,0.03527537,-0.030271374,0.01767398,-0.03600127,-0.021566944,-0.029086621,0.0070383577,-0.036933616,-0.02758115,0.016194653,0.018684028,0.037115235,-0.027559783,-0.026714124,-0.03293441,-0.036821365,0.015027616,-0.032560628,0.024682842,0.016184183,-0.020235527,-0.024598753,0.005051987,-0.026851537,-0.0086240955,-0.012140107,-0.031670712,-0.03378799,-0.010278542,-0.018703846,0.009085543,-0.023516376,0.007949734,-0.024595952,0.030599182,0.04053746,-0.030866042
BSH2%UPI0006C28698,0.00942376,0.0046814973,0.010993856,0.008002391,0.0061623156,0.016633984,0.0128552625,0.024437893,0.0053814175,0.006069166,0.014533832,0.028537996,0.011591188,0.02219463,0.0010525213,0.017357023,0.006374331,0.031289026,-0.006656153,0.0094419755,0.014388089,-0.0010299124,-0.008632376,0.01019276,0.014903263,0.026795352,0.020055968,0.003924355,0.0007287269,0.003000777,-0.0009864953,0.012389505,0.0039622723,-0.0010098533,0.013826386,0.013167365,0.0030176253,0.013398838
BSH2%UPI0006C45BC8,-0.03744269,-0.028161312,-0.0059498562,-0.040290046,-0.015457305,-0.008723117,-0.027438484,-0.022056943,0.015558323,0.01719358,-0.023065953,-0.017328568,-0.020356076,0.021816313,-0.015195753,-0.012775309,-0.0049616583,-0.030111678,-0.019398129,-0.024451844,-0.0313239,-0.023413265,-0.0151346885,-0.028875241,0.039846458,-0.0142451385,0.018770281,0.029805752,-0.021779375,-0.032357875,-0.019420166,-0.023803411,-0.023867201,-0.030139023,-0.009172005,-0.03438661,-0.023640187,-0.011441059
BSH2%UPI0006C4A6B6,0.0028651347,0.014552231,-0.010027114,-0.022038855,-0.012893183,-0.020963142,-0.019636115,-0.019808723,-0.0065772454,-0.007714471,-0.008270438,-0.0060118474,-0.002340417,-0.006890876,-0.011000743,-0.023910861,-0.017182564,-0.022871554,-0.014429489,-0.0025514758,-0.041448273,-0.01572311,-0.013954036,-0.032898977,0.003139149,-0.021587994,-0.012105939,-0.0016089412,-0.016322723,-0.0323664,-0.011281483,-0.015324698,-0.016854646,0.008621667,-0.020847628,-0.01371003,0.008750436,-0.015296997
BSH2%UPI0006C52F45,0.00017725155,-0.0028338295,0.017170375,-0.0026601432,0.0070137773,0.0030631511,0.003013813,-0.0024933494,0.021883545,0.011105707,-0.006217525,-0.0012286145,0.008605489,0.017574305,0.0049790214,0.0051134513,0.003649204,-0.010791695,0.0048485114,-0.01083738,-0.008524651,0.0013301627,0.006956771,-0.010041481,0.014711935,-0.014966514,-0.012936623,0.005440589,0.0023014555,0.0046548415,0.0139850415,0.007184406,0.012321733,0.02113257,0.0057232757,-0.008210034,-0.008261867,0.010136056
BSH2%UPI0006C5C844,-0.019189253,-0.006392884,0.003314432,-0.012296601,-0.006666348,-0.0019468246,-0.006703547,-0.007031473,0.016062858,0.01302413,-0.0006877522,-0.012147023,-0.009060985,0.004412538,-0.0062035643,-0.00449133,-0.0050270827,-0.016876983,-0.005291185,-0.0055664103,-0.019887932,-0.011642021,-0.008223427,-0.020454478,0.011968489,-0.0070481743,-0.007981569,0.0016101333,-0.001902758,0.0032788496,0.007145062,-0.0059478525,0.0023863213,-0.0047238464,-0.007143992,-0.022606933,-0.009963999,-0.004642451
BSH2%UPI0006CAB5AD,0.0029641679,-0.011059417,0.027887674,0.035347454,0.0030729375,0.04190019,0.012166827,0.042603288,0.03368733,0.042567186,0.017842444,0.03475894,0.023902392,0.023350753,0.010328431,0.02390692,0.022412086,0.032233838,0.013229608,0.008078835,0.046325512,0.0119520975,0.007022773,0.036233455,0.03536441,0.044158917,0.037888043,0.025005186,0.0079901405,0.037955616,0.016382199,0.020223552,0.024073195,0.009013653,0.028984036,0.029000955,-0.0061412775,0.024228113
BSH2%UPI0006CABE2C,-0.01530066,-0.028744724,0.03681834,-0.012955662,0.041000843,0.007676419,0.046737686,0.0018345667,0.026200956,0.032702602,0.007770248,-0.01241902,-0.03925211,0.012114473,0.02697695,0.0429798,0.032386374,0.009333577,0.02885385,-0.004281406,-0.0018394742,0.033771116,0.03360117,0.009639015,-0.010511709,0.0026767945,-0.005327202,0.0011107067,0.0458569,0.02124516,0.034520213,-0.024997445,0.035549805,0.014918731,0.039302938,-0.0013596951,-0.028502367,0.039663557
BSH2%UPI00082062C1,-0.0049645873,-0.018706517,0.03846692,-0.006125751,0.02389511,0.010620978,0.022351071,-0.006027655,0.03765031,0.030418437,0.0010255497,0.0032992237,0.0016643696,0.016897583,0.020240607,0.024783084,0.024209917,-0.0071099256,0.022531385,-0.010484853,-0.011693234,0.029798143,0.025705338,-0.010242761,0.015895888,0.0062134177,0.00723903,0.012675694,0.026249288,0.009285282,0.023429703,-0.029958341,0.031450637,0.021137975,0.040240053,-0.00022863124,-0.023457045,0.02983544
BSH2%UPI000820857A,-0.041963015,-0.039479576,0.026084652,-0.020152101,0.02055714,-0.0020815786,0.022490513,-0.014512248,0.027734334,0.029445378,-0.021722984,-0.01868012,-0.019225694,0.028943019,0.017620303,0.02431444,0.023145733,-0.023020556,0.013688258,-0.033425972,-0.024390869,0.011538364,0.006502718,-0.02673037,0.029788768,0.010954601,0.006430781,0.02912088,0.023229342,-0.012978391,0.0138246175,-0.025389254,0.021606803,-0.012827881,0.019274337,-0.031032123,-0.038477287,0.013435502
BSH2%UPI000820B778,-0.0035314828,-0.005643792,0.010651886,0.0062148953,-0.00033060892,0.001448585,0.0022803706,0.002440368,0.0149241015,0.014273814,0.00071513944,0.016621878,0.023868373,0.020387862,0.0026266577,0.0048124436,0.008073257,-0.0020856492,0.0024142207,-0.002918032,0.003479863,0.006369169,0.004101556,0.004141586,0.01788668,0.01597913,0.024320541,0.015172255,0.0020264583,0.0070259813,0.0031571938,-0.0054255114,0.008333234,0.0023223395,0.01333971,0.0062810644,-0.004890257,0.0038836724
BSH2%UPI000820F666,0.020930909,0.028003106,-0.036592208,-0.008613616,-0.028852958,-0.017915854,-0.029869677,0.009382379,-0.035319567,-0.027383702,0.026239013,0.013448577,-0.008539777,-0.023366338,-0.030638365,-0.03076572,-0.034371644,0.01595242,-0.034697104,0.031571854,0.004916789,-0.03556517,-0.026764996,0.008207396,-0.033440746,-0.0010631743,-0.001781479,-0.033183087,-0.029293893,-0.010556444,-0.036644984,0.0024694607,-0.036559835,-0.025044031,-0.020725155,0.012456166,0.023247376,-0.01989645
BSH2%UPI000821232B,0.015961746,0.024974331,-0.021229276,0.006619489,-0.01885615,-0.00864942,-0.019530289,0.014790808,-0.01567183,0.00030703138,0.004034839,0.0029591557,0.010496869,-0.0077800574,-0.018872557,-0.01743503,-0.017192323,0.007872387,-0.022420727,0.014675951,0.008066764,-0.028422996,-0.027206402,-0.0043507577,-0.0030250787,-0.015978012,-0.013636343,-0.016692014,-0.023766799,-0.01168778,-0.02297782,0.010153531,-0.026779825,-0.020140309,-0.022490479,-0.00030658528,0.017761037,-0.01774917
BSH2%UPI0008219BA0,-0.03864157,-0.039281398,0.016433071,-0.013673338,0.016532287,0.0234672,0.010338409,-0.0063197124,0.041074526,0.04144106,-0.005467472,-0.01992018,-0.03343841,-0.00057000737,0.021813476,0.018898522,0.023717392,-0.013193664,0.028955385,-0.017997677,-0.0056656944,0.02540716,0.021579374,0.00344785,0.030273512,0.005914133,0.008353433,0.01637946,0.020900946,0.014243034,0.020971375,-0.013030243,0.027174177,-0.026563857,0.020066116,-0.028989581,-0.044594258,0.0043660393
BSH2%UPI000821B1D8,0.011430827,0.018504042,-0.0035650583,0.019000635,-0.0021160091,0.010496599,0.0017848521,0.024857486,0.00024201802,0.014147443,0.014274719,0.019418932,0.027726661,0.006227695,-0.0057352777,0.0036377301,0.0025589436,0.020843105,-0.006636435,0.018657226,0.029518383,-0.0076485826,-0.011983876,0.014298256,0.011600784,0.011709633,0.016791517,0.0016699244,-0.0031649945,0.016507367,-0.0056883963,0.016116109,-0.0043959054,0.0032456776,-0.010574026,0.01129832,0.015641505,-0.003304074
BSH2%UPI000821B9AC,0.009142605,-0.015458468,0.03683138,0.030277424,0.032342907,0.04444517,0.03257297,0.01890411,0.040459074,0.04028007,-0.0070620035,0.013572081,0.021661444,0.023295451,0.04556237,0.04131779,0.047152948,0.013770022,0.033922378,-0.008711411,0.021847239,0.025581894,0.025878288,0.0052638506,0.043022517,0.031209908,0.029343408,0.041754946,0.037420243,0.043215293,0.03306863,0.012501494,0.041540094,1.8398483e-05,0.03271004,0.016186675,-0.015565715,0.020678654
BSH2%UPI000821FD65,-0.007110622,0.0041645295,0.00031394223,0.0066279117,-0.01991198,0.0018279142,-0.018870952,0.01250771,0.013823029,0.017558224,0.007789405,0.032164466,0.031685356,0.015070262,-0.0097156875,-0.006555743,0.0010947414,-0.0028282758,-0.018141968,0.012370764,0.0010606197,-0.02275471,-0.019826869,-0.0038957668,0.030259436,0.020243993,0.035279144,0.0154122505,-0.017526025,-0.0020217248,-0.023353517,-0.0027444207,-0.015999874,-0.036225103,-0.006090911,-0.0036949017,0.00091199065,-0.011147601
BSH2%UPI0008222B5A,0.016284768,0.011129214,-0.0011344862,0.005704722,-0.005242937,-0.018585233,-0.0025070412,-0.00010795341,-0.00689438,-0.0062406333,0.010659182,0.026289599,0.027171424,0.0046447725,-0.0073745735,-0.0048215874,-0.0040985798,-0.0006423286,-0.010371658,0.014051765,0.013231598,-0.0060373778,-0.004135378,0.0079575125,-0.008565549,0.012303309,0.019483948,0.0038358406,-0.002182168,0.004602765,-0.015626943,-0.00012879299,-0.007260788,0.0038613465,0.004270622,0.021896774,0.010606094,0.001706639
BSH2%UPI000822F9A5,0.004849603,0.02187471,-0.030291215,0.008635866,-0.019810043,-0.011571072,-0.0188317,0.012136116,-0.029564826,-0.020743823,0.0049196063,0.0043307496,0.013362731,-0.013182232,-0.018306127,-0.02019426,-0.022927485,-0.0013719505,-0.023079216,0.013774918,0.012874204,-0.02841057,-0.020822799,0.0021401884,-0.016441934,-0.0037656447,-0.00555716,-0.025231495,-0.023441883,-0.013771946,-0.023927532,0.024170307,-0.022773959,-0.024861155,-0.033119835,-0.007863988,0.015267711,-0.019320937
BSH2%UPI0008230885,0.002155336,0.007246179,-0.00728928,0.013462925,-0.009922345,0.0029905322,-0.0032705022,0.012063409,-0.0038446903,0.0051188273,-0.00044234644,0.0028585913,0.011133804,0.0020532727,-0.0074196584,-0.0024228874,-0.007314533,0.011878954,-0.008362559,0.0027714847,0.023257922,-0.0054353015,-0.01442428,0.002815418,0.008736712,0.004452534,0.00590891,-0.0051989094,-0.008960963,0.005170068,-0.0059632794,0.005686619,-0.0055689905,-0.0067810137,-0.0066231745,-6.971298e-05,0.00547414,-0.0075096553
BSH2%UPI00082332C0,0.021899521,0.03637602,-0.04228963,-0.0018533696,-0.035183273,-0.030258732,-0.03296649,7.052937e-05,-0.04531847,-0.041126143,0.013145489,0.0031235658,0.014595362,-0.028934017,-0.03345831,-0.041829385,-0.046054922,0.0045400634,-0.04022457,0.026173618,0.0061865896,-0.035422705,-0.031379696,-0.009255436,-0.033111613,-0.025035247,-0.024044147,-0.033099312,-0.037753176,-0.01775366,-0.033916615,0.011453795,-0.04093615,0.0010906339,-0.04476202,0.009931895,0.038979124,-0.036006592
BSH2%UPI000960BD65,-0.024218969,-0.022903033,0.008680542,-0.016118797,0.009792146,0.005043474,0.0008019828,-0.022361362,0.025225433,0.028867006,-0.030252356,-0.011292159,-0.00676806,0.007671228,0.015846228,0.012924858,0.011244863,-0.028864454,0.008258686,-0.032020923,-0.016107595,0.014989933,0.003836333,-0.023644194,0.04100421,-0.0021882607,0.011673126,0.012099952,0.0033313779,-0.025882902,0.004044178,-0.028820293,0.008842305,-0.021479173,0.00967111,-0.03185494,-0.030924525,-0.011442993
BSH2%UPI000961A2BF,-0.010851963,-0.0143947415,0.014423389,0.0069864187,0.012459436,0.009625556,0.0138775315,0.0008654125,0.015557792,0.01264171,-0.014808076,-0.0071729873,0.00063510163,0.018102773,0.014283552,0.009182734,0.0092509305,-0.005605452,0.012084839,-0.020232039,-0.0055127097,0.020715192,0.017502265,-0.008539441,0.01569701,-0.0032409495,-0.004614321,0.006969714,0.010208062,-0.007107206,0.01768505,-0.012762895,0.019445708,0.013980847,0.010201066,-0.008164477,-0.012060399,0.0062399674
BSH2%UPI000966A84B,-0.01684017,-0.0072246282,-0.011636268,-0.023765042,-0.014717924,-0.024641974,-0.014904954,-0.033019982,-0.0020135841,-0.014160006,-0.008976795,-0.0009102576,0.011968184,0.004563379,-0.012205532,-0.015387478,-0.021075897,-0.02202143,-0.020979887,-0.012112779,-0.028965402,-0.0066209477,-0.015409181,-0.030927366,0.01489891,-0.004132566,0.0047121183,0.0012003754,-0.016053386,-0.02529824,-0.009029609,-0.026787555,-0.010114389,-0.00091940333,-0.010005761,-0.017784527,-0.0042345105,-0.027087646
BSH2%UPI00096829BD,0.04342495,0.035270516,-0.0057031456,0.04238491,-0.020824576,0.0136598805,-0.0054592765,0.05653778,-0.015567213,-0.015079532,0.039620135,0.047251817,0.05118607,0.008328992,-0.019870484,-0.009363348,-0.018169472,0.059614897,-0.027241902,0.04052465,0.047379,-0.014883058,-0.019249812,0.03900445,-0.0057258247,0.021449946,0.015189287,-0.020739418,-0.026320731,0.021479085,-0.016004892,0.035630804,-0.015668476,0.023471696,0.0027144635,0.05077873,0.04265963,0.0024559763
BSH2%UPI0009698BA7,0.009061463,0.02635892,-0.055760387,-0.02354501,-0.048050586,-0.04435001,-0.050189443,-0.014219381,-0.049656052,-0.044719387,0.014777763,0.0028804846,0.011250121,-0.025703728,-0.045093395,-0.059164792,-0.05644706,-0.00842292,-0.058286116,0.027696412,-0.017302494,-0.052199278,-0.031876363,-0.018957244,-0.035034236,-0.032782335,-0.013090849,-0.034591556,-0.051491197,-0.035297588,-0.046100542,-0.010373317,-0.05919219,-0.013050697,-0.05579489,0.0023242738,0.03570834,-0.05258863
BSH2%UPI0009C3B121,-0.0030258386,-0.008265362,0.024416685,0.017991945,0.024327118,0.016419178,0.024046453,0.011928144,0.023687923,0.033732675,-0.013371086,-0.005950287,0.0069749933,0.02099223,0.016854208,0.025521347,0.025996447,0.003313429,0.024246221,-0.012028312,0.023317516,0.019030374,0.013596047,0.010546798,0.013924757,-0.0021522844,-0.0031579768,0.018028252,0.023466356,0.022576835,0.020121295,0.013384867,0.021021985,0.013166925,0.016064435,-0.0060868887,-0.012558153,0.026674537
BSH2%UPI000B3674FC,0.00511303,0.03162118,-0.062565416,-0.0054881005,-0.04882595,-0.0050556418,-0.055601463,-0.0051375153,-0.052055392,-0.038080577,0.024836082,-0.0027644741,0.0041753273,-0.04189931,-0.03934487,-0.05272137,-0.04067396,-0.0032963138,-0.04611364,0.034002673,-0.0019653533,-0.06415835,-0.052404474,-0.009699491,-0.024711369,0.015077285,0.01947877,-0.030491436,-0.04839109,-0.007928711,-0.0623094,-0.0020358933,-0.059897672,-0.057824183,-0.04455715,-0.0033031031,0.027088512,-0.04190549
BSH2%UPI000B431D75,0.007362115,0.006450087,0.0074353907,-0.010448179,0.0015577166,-0.025520982,0.003039331,-0.005746705,-0.00719632,-0.014006296,0.0076044733,0.011454646,0.012490358,0.008669005,-0.0070565944,-0.0006088115,-0.0023874133,-0.006813351,-0.012500483,0.007954386,-0.0066696666,-0.013894831,-0.012545087,-0.013747684,-0.006560913,0.0048426874,0.009024204,0.013635841,0.0019439346,-0.0038868017,-0.019862652,-0.0033335038,-0.013410905,0.012865624,0.004329382,0.0051778615,0.006139183,0.012943232
BSH2%UPI000C84F661,-0.009870062,0.0015350772,-0.010437284,-0.02284347,-0.009018041,-0.015328312,-0.009414408,-0.009436191,-0.008871303,-0.0015847917,-0.0120269535,-0.0011210669,-0.016000178,0.0025840686,-0.01037839,-0.007554818,-0.009269445,-0.014152974,-0.0118598975,-0.0064086933,-0.016262444,-0.017659996,-0.017429765,-0.020448918,0.0056582307,-0.005271901,0.0013901575,0.004936818,-0.009495464,-0.027119502,-0.018687867,-0.008080058,-0.018009184,-0.021824786,-0.015906762,-0.017405475,-0.0027069952,-0.0071572303
BSH2%UPI000D1261F9,-0.009987835,-0.029686667,0.04026684,-0.008070178,0.035303563,0.024779353,0.02614671,0.012574583,0.040736984,0.038697395,0.0032233957,-0.0016355099,-0.024061391,0.019718444,0.02292932,0.03713657,0.03482164,0.01500929,0.033569124,-0.0092633935,0.014200657,0.037171178,0.032733865,0.02501591,0.016348785,-0.0038220794,0.0003301203,0.018950092,0.025864866,0.0117966775,0.017643454,-0.005600782,0.023251643,0.01214653,0.045345124,0.0009737795,-0.033244576,0.042325042
BSH2%UPI000D58F0CE,0.022622993,0.014365512,0.011853931,0.00050861784,0.0040485202,-0.017287469,0.0006258068,0.012199724,0.005315051,-0.0059661847,0.0089937225,0.009182416,0.0085705165,0.0036283776,-0.0014714933,-0.0051669655,-0.005528893,0.003492051,-0.005878845,0.010199307,-0.0069019874,-0.00691759,-0.0024498373,-0.00079211866,-0.0056088166,-0.02419211,-0.028380055,-0.0013896067,-0.0052800043,-0.006908549,-0.010514939,0.016303007,-0.008637131,0.029396176,0.0042646043,0.009948242,0.010129061,0.0098086735
BSH2%UPI000D7ABA35,-0.00054918556,0.0077618705,-0.005828497,-0.0059194337,-0.009817147,-0.021888187,-0.0069569773,-0.0050737523,-0.0001653977,-0.00014475125,-0.0010034991,0.0026293884,0.008540591,-0.0022810895,-0.005936238,-0.012794083,-0.018492075,-0.013141628,-0.01678177,0.0041074394,-0.015183016,-0.013656256,-0.0108822845,-0.017419029,0.0012434765,-0.016962316,-0.019036397,-0.012447617,-0.010287501,-0.014461223,-0.0071840347,-0.008648198,-0.009966065,0.00015692718,-0.013304809,-0.010826118,0.00501588,-0.018423624
BSH2%UPI000D7ADB68,0.016076809,0.026307754,-0.01605891,-0.044511247,-0.010399364,-0.04262198,-0.027990025,-0.050233465,-0.015776373,-0.03171367,-0.010526211,-0.0066942736,0.01603432,-0.021410314,-0.013193217,-0.028228946,-0.01936014,-0.038819164,-0.016003488,-0.0017768258,-0.05393595,-0.013668263,-0.0155625725,-0.051422644,-0.004664937,-0.034988135,-0.013065814,-0.0059348834,-0.019665414,-0.048595734,-0.026046572,-0.020740546,-0.023411332,0.010738807,-0.019862905,-0.016462801,0.011506024,-0.024057943
BSH2%UPI000DF74F5E,0.037886396,0.046627577,-0.035495896,0.040403772,-0.046105336,-0.00020061083,-0.034709416,0.04417375,-0.042635117,-0.0380527,0.030840803,0.042427383,0.049974974,-0.004530929,-0.037275106,-0.035411783,-0.03444431,0.03533202,-0.04459773,0.042666007,0.04889122,-0.046764612,-0.040047303,0.026631722,-0.017284697,0.018893743,0.017079776,-0.023537379,-0.048052732,0.011004711,-0.046180278,0.045662597,-0.042876437,-0.013789134,-0.035442602,0.036940485,0.049444567,-0.018390585
BSH2%UPI000E40484B,-0.004897218,-0.018653357,0.022547916,0.0019097121,0.018322786,0.015018117,0.024671894,0.006227861,0.023520622,0.023761189,0.011027924,0.002796948,-0.018145418,0.0028837237,0.018497203,0.026265929,0.021547124,0.015623051,0.021614129,-0.003502305,-0.0021607666,0.022298135,0.014035409,0.010368483,0.005728032,0.023303507,0.007311517,0.008686585,0.025730485,0.019008342,0.025902458,-0.0054127504,0.033708893,-0.0014472634,0.03267594,0.0049648746,-0.023090117,0.023510624
BSH2%UPI000E42566B,0.027693057,0.017535046,0.012146311,0.01727467,0.0021844662,-0.0025710585,0.0070672487,0.020592283,0.0127326,0.0036727197,0.026850801,0.023847979,0.024107305,-0.0029692042,0.004220403,-0.00048471242,-0.0020047617,0.02051697,0.0013809162,0.024002053,0.01219155,0.009432835,0.0072027845,0.01373804,-0.0079294685,-0.0013382415,-0.009774453,-0.012913624,0.0051149223,0.023475934,0.0058722906,0.0068527777,0.010860014,0.027153209,0.014872041,0.024515048,0.012218037,0.0050118347
BSH2%UPI000E4418E2,0.027890455,0.015099714,-0.002271957,0.00025921335,-0.0092701735,-0.000657833,-0.013527194,0.013515103,-0.0050956453,-2.1687895e-06,0.011586415,0.008763436,0.01210629,0.00510461,-0.01601437,-0.013276041,-0.010462141,0.02624482,-0.016268162,0.01220647,0.0062039816,-0.009900029,-0.014453137,0.002765842,0.0048819752,-0.012836977,-0.00462717,0.0037383323,-0.020570822,-0.012744333,-0.012298836,0.0028414938,-0.017966352,0.03358064,0.0016746892,0.027120536,0.019102743,0.007807161
BSH2%UPI000E4BF981,0.017868908,0.015085475,0.00032493495,0.0197572,-0.007918119,0.013452011,-0.0018020093,0.027707128,0.0048978445,0.004120688,0.04772133,0.037964948,0.014087655,-0.007481328,-0.0038436258,-0.0016269325,-0.0011674446,0.030602789,-0.008147002,0.03911387,0.018500198,-0.006467306,-0.00586109,0.024530362,-0.00859124,0.028892992,0.016008882,-0.0074801957,0.000806532,0.034852035,-0.008910281,0.013388891,0.0012832014,-0.008085889,0.013304507,0.022410024,0.009311702,0.006641537
BSH2%UPI000E53BC4B,-0.0390571,-0.039180912,0.019482052,-0.008648778,0.010630269,0.009993539,0.0109145595,-0.008102895,0.030906532,0.027150214,-0.007173428,-0.0004029851,-0.006563856,0.018594012,0.019173121,0.021327948,0.023425411,-0.01271877,0.010345117,-0.021784198,-0.008782987,0.011136218,0.0060227304,-0.011826057,0.04074371,0.030037679,0.03340349,0.034814123,0.016882388,0.0033663423,0.009280545,-0.019427797,0.02059281,-0.019820433,0.01744131,-0.01960884,-0.03581131,0.0050331485
BSH2%UPI000E53DAEE,0.012084505,-0.016724715,0.04168546,0.035714105,0.028964885,0.042686734,0.03936651,0.048685975,0.04175739,0.04269769,0.015812293,0.028163977,0.012998292,0.028556917,0.02981197,0.04346503,0.04177494,0.044916105,0.03716166,0.004342821,0.046696175,0.04528017,0.039245993,0.054745268,0.020855282,0.030621316,0.028880296,0.019624999,0.031003512,0.04497721,0.03471063,0.017076418,0.041905183,0.02121491,0.051303066,0.038626056,-0.01058012,0.04269475
BSH2%UPI000E54458D,0.018377554,0.019042179,-0.017940797,0.004564819,-0.013801226,-0.02347522,-0.011663461,-0.009171333,-0.015887983,-0.030026633,0.0029618477,0.011680662,0.034357116,-0.011709981,-0.011552705,-0.01947295,-0.024084048,-0.0034107757,-0.014420483,0.008599701,0.0007684776,-0.0003141058,-0.0029764962,-0.004558218,-0.016603092,-0.018366152,-0.012345774,-0.019392807,-0.017426748,-0.009636367,-0.014003453,0.0037745938,-0.013246652,0.0071282033,-0.011823931,0.00718854,0.01935357,-0.022523202
BSH2%UPI000E8E16B0,-0.0056756604,0.002086842,-0.016157337,-0.026020601,-0.007420544,-0.014780866,-0.017560286,-0.028397724,-0.011974004,-0.013236583,-0.005889535,-0.018141508,-0.020273063,-0.011230824,-0.008937545,-0.018611634,-0.0092349695,-0.018523261,-0.0057612294,-0.0055133766,-0.02610033,-0.0074135046,-0.0032130936,-0.017978786,-0.01181528,-0.016854811,-0.006246865,-0.0042701936,-0.00712337,-0.016504023,-0.00811534,-0.025169212,-0.0117150005,0.00013779917,-0.015139396,-0.011548089,-0.0012807124,-0.01459746
BSH2%UPI000E92006C,-0.046116047,-0.03224452,0.00957681,-0.025222773,0.011090759,0.0007574223,0.013103186,-0.019097332,0.02563349,0.0153754465,-0.012483824,-0.031818967,-0.040673207,0.0040233214,0.009805945,0.010869409,0.0079426505,-0.019227805,0.019911176,-0.026709914,-0.03246851,0.022005118,0.018738685,-0.0123657,0.008343057,-0.017520444,-0.022547724,0.0013523637,0.013020897,-0.005412862,0.022726687,-0.014019404,0.019189306,-0.012337135,0.0061883344,-0.045912508,-0.034003753,0.00083412114
BSH2%UPI000E9C22D0,0.05051286,0.048240915,-0.031111116,0.052993044,-0.022603245,0.006378938,-0.014701265,0.033793524,-0.033270847,-0.02551176,0.023763986,0.02249695,0.053367853,-0.0289516,-0.018204028,-0.017940618,-0.010028642,0.033837944,-0.009739286,0.039370533,0.056340426,-0.01600333,-0.011143237,0.042578258,-0.037178736,0.011494448,0.017660609,-0.025412356,-0.015064013,0.042833433,-0.021132194,0.039636895,-0.021458058,-0.005842538,-0.009848278,0.040926732,0.047460675,-0.005202708
BSH2%UPI000ECC9F84,0.0064014858,0.017241979,-0.036059745,-0.0026756437,-0.021952964,-0.009598373,-0.025360808,-0.0067014648,-0.026158113,-0.026537249,0.0046818303,0.0011491633,0.010032385,-0.019027984,-0.0166556,-0.027002038,-0.026827479,-0.00090733654,-0.023642436,0.011630564,0.00586058,-0.022352142,-0.022881132,-0.0036484804,-0.005464556,-0.0057828263,-0.005910939,-0.017044358,-0.02542155,-0.009451984,-0.02140906,0.008362252,-0.02327537,-0.012039542,-0.036520146,0.00048024795,0.016786786,-0.04168066
BSH2%UPI000EE4CDBB,-0.014939597,-0.004102068,-0.0190035,-0.03738174,-0.02634132,-0.04502247,-0.021211661,-0.021774817,-0.014847466,-0.024206657,0.007355362,0.008368715,-0.010417317,0.006150769,-0.028457828,-0.026920984,-0.029428212,-0.012799378,-0.041110493,0.007932093,-0.041408125,-0.03254667,-0.018147262,-0.017293809,-0.01327956,-0.018269861,-0.0008941702,-0.004755603,-0.026117606,-0.029778682,-0.026061153,-0.02164612,-0.037549913,-0.0050071967,-0.02048222,-0.011588024,0.00840391,-0.020210065
BSH2%UPI000EE93911,0.0047090123,0.011689138,-0.014859894,-0.01659855,-0.009265809,-0.030614965,-0.010874607,-0.0240236,-0.014732156,-0.027959626,-0.005016073,-0.0021548467,0.019297563,-0.008520762,-0.0110268025,-0.0164258,-0.016971234,-0.01720358,-0.01251566,-0.0008143567,-0.01654907,-0.0057950984,-0.005014943,-0.018418899,-0.010176575,-0.01849208,-0.006217742,-0.010851532,-0.012663071,-0.017278014,-0.012780823,-0.0051393397,-0.011853806,0.006738791,-0.014644128,-0.0071798433,0.010321963,-0.019600159
BSH3%UPI000156F498,-0.022135375,-0.019970533,0.017589333,-0.02006373,0.01544743,-0.017617552,0.012076006,-0.016332395,0.010991143,0.005614621,-0.0162297,-0.01800286,-0.01335399,0.012774905,0.003999604,0.009221896,0.006289927,-0.02108403,0.0071621113,-0.0199767,-0.021275947,0.007822098,0.0026805028,-0.0143822385,0.0023593612,-0.014829562,-0.01997842,0.0056363316,0.0107451035,-0.0188785,0.0020358332,-0.0138763655,0.0044011096,0.010288808,0.010234817,-0.022754261,-0.02033867,0.009468395
BSH3%UPI00016547A5,0.021919483,0.028689697,-0.026077008,-0.0038744502,-0.024179928,-0.03163202,-0.022778237,0.0034176076,-0.035697404,-0.039028034,0.011388953,0.008190599,0.008648151,-0.015758365,-0.026803445,-0.03128122,-0.035639502,0.0072170533,-0.030995198,0.021439144,-0.0009727947,-0.02516137,-0.020233791,-0.005903632,-0.029358214,-0.025837302,-0.030439964,-0.02406245,-0.02912391,-0.025847327,-0.027229378,0.011215042,-0.03238516,0.007711244,-0.032606967,0.0127613405,0.033717092,-0.02385778
BSH3%UPI00017EF3F1,0.0020178494,0.00022378811,-0.006978768,-0.024690988,-0.019685218,-0.013439604,-0.028768307,-0.014001443,-0.00864939,-0.0049944334,-0.003992666,-0.0037130525,-0.0019225836,0.0007258456,-0.016515054,-0.023720631,-0.017992223,-0.014562773,-0.017584726,-0.0007937143,-0.020361077,-0.018229181,-0.009461045,-0.017648594,0.006826552,-0.012226365,0.00038469982,0.0043243463,-0.024123983,-0.028002772,-0.012034869,-0.013662096,-0.016674643,0.007645297,-0.008411962,0.010383595,0.007043851,-0.011920883
BSH3%UPI0001A5F983,-0.048469324,-0.037028052,0.0036886134,-0.03644049,-0.004168779,-0.014018899,-0.009161916,-0.032177504,0.019878222,0.01633727,-0.024868168,-0.015040662,-0.013464327,0.021331197,-0.0032291994,-0.0010587111,0.0014938745,-0.040894385,-0.0054914188,-0.03328919,-0.031010494,-0.0097777,-0.007830218,-0.03472601,0.035376903,0.0044052065,0.018933315,0.027073724,-0.0043951385,-0.026775701,-0.011900719,-0.03050674,-0.0044078105,-0.030319778,0.0022594566,-0.04222439,-0.03654979,-0.010342597
BSH3%UPI0002132A6C,-0.0032142922,-0.016156416,0.024970904,0.009492823,0.030812785,0.014232571,0.039099675,0.003598621,0.014929843,0.009548701,-0.004899502,-0.018619662,-0.012586813,0.003928464,0.024711173,0.030234717,0.025954023,0.012377723,0.035964515,-0.011450555,0.005261885,0.03438362,0.0377175,0.020091262,-0.013005134,0.003993788,-0.00050865504,0.003586846,0.037464973,0.036988962,0.0456606,0.005743734,0.037191804,0.03223778,0.025827195,0.0069637517,-0.009295788,0.030911125
BSH3%UPI000238BE2F,-0.021642875,-0.017571574,-0.010096695,-0.009893223,0.0024445949,0.00898094,-0.0004360078,-0.009281474,0.0029149703,0.012899019,-0.023918299,-0.036028713,-0.043500587,-0.018855242,0.005586235,-0.0024998584,-0.005979645,-0.013851144,0.018730478,-0.024823496,-0.013108695,0.019675458,0.018320242,-0.0016923442,-0.007510319,-0.022728242,-0.027747832,-0.01676861,0.002794397,-0.022648687,0.019887168,-0.010398036,0.013608389,-0.017393537,-0.004631058,-0.029187417,-0.021103814,-0.004387215
BSH3%UPI00080CB216,-0.023060432,-0.012780207,-0.003650819,-0.004006862,-0.0066308896,-0.0020652364,-0.0015821208,-0.0016978187,-0.0030920173,8.560853e-05,-0.00852956,-0.0102564,-0.011565833,0.0045263954,-0.0056748413,-0.0022031895,-0.006371847,-0.011513177,-0.00026403475,-0.009728979,-0.0052932273,-0.000940964,0.0033096801,0.0058591096,-0.00486436,0.0037571555,0.00084122934,-0.011946515,-0.003827986,-0.007990264,0.00421827,-0.0017304079,0.0018191348,-0.021826012,0.00030741392,-0.018274277,-0.01055524,-0.0021472962
BSH3%UPI00092A5378,0.010600827,0.0126471855,-0.019153431,-0.009341459,-0.010014403,-0.017282683,-0.00680924,-0.0046727173,-0.028069263,-0.039367136,0.014693882,-0.008220604,-0.005568918,-0.023017969,-0.013075831,-0.014383136,-0.013958478,0.013756024,-0.009085095,0.016370267,-0.0028255691,-0.0112476945,-0.002731583,0.010743852,-0.037370823,-0.0076770466,-0.0048261513,-0.02204022,-0.007817266,0.0047379285,-0.010757025,0.00656348,-0.016451698,0.001776118,-0.0092469575,0.011501588,0.01843172,-0.008925963
BSH3%UPI000CF406F5,0.022552159,0.038357835,-0.0442305,-0.0026356503,-0.039477028,-0.031700283,-0.041941423,-0.016927928,-0.043543782,-0.03898495,0.0003518087,0.0013398376,0.032319494,-0.031012015,-0.031735353,-0.04142428,-0.037923906,-0.010144818,-0.0402042,0.012846392,-0.0054832194,-0.03529093,-0.043217298,-0.025608568,-0.012362968,-0.011766284,-0.0016143955,-0.025889272,-0.04130093,-0.03116062,-0.03902422,-0.0014036903,-0.03734652,-0.014659012,-0.03849059,0.0029877468,0.033052936,-0.040553797
BSH3%UPI000E5302B4,0.014483009,0.009297459,-0.0060466863,0.02162389,0.0039207283,0.010784274,0.003595484,0.010924947,-0.0031805628,-0.006325656,-0.003381326,0.007954317,0.014745325,-0.011041434,0.011136081,-0.00048546874,-0.0026499236,0.012229787,0.009380997,0.00052391,0.013687948,0.014756888,0.013457768,0.01660005,-0.0038651342,-0.004783587,-0.0055864854,-0.0069434596,0.002151066,0.0027491632,0.01528638,0.02001141,0.0102914795,0.015517721,-0.0064793145,0.009220952,0.009438825,-0.008155023
BSH3%UPI000E902C94,-0.010265973,0.0015330273,-0.008020837,-0.027450584,-0.024929805,-0.020722808,-0.024143882,-0.0055113286,0.00034077893,-0.00041366302,0.019564942,0.026939241,-0.0054875235,0.014950348,-0.023174439,-0.022477739,-0.018810099,-0.0041611576,-0.027648937,0.0131611265,-0.027839297,-0.02435653,-0.026430616,-0.017054139,0.015053991,0.015331029,0.014305243,0.009252592,-0.02288068,-0.027400816,-0.033674594,-0.019077152,-0.02243467,-0.029629383,-0.001101236,-0.0058310796,-0.0012349276,-0.01154338
BSH3%UPI000EF23C17,0.05144334,0.033137217,0.011546237,0.058284923,0.0057582096,0.03133249,0.02865055,0.07123594,-0.011393625,-0.001881095,0.04441607,0.029828977,0.015878526,-0.00030221458,-0.0009916533,0.019186385,0.014289361,0.07853476,0.0100104455,0.0417882,0.072584294,0.011993038,0.0029285604,0.06762195,-0.030363757,0.03454323,0.013272375,-0.013570429,0.015283556,0.065040134,0.011225671,0.050255023,0.014463063,0.035421092,0.024397146,0.06698155,0.038989376,0.039038584
BSH3%UPI000F9DAF5F,-0.024531988,-0.023885665,0.013089375,-0.024443047,-0.0035819814,-0.00031887443,-0.015769718,-0.008567132,0.03272949,0.027775917,0.0035363203,0.023597179,0.0013936034,0.033948027,-0.0021622966,-0.0009222112,-0.0009021571,-0.015280801,-0.011727432,-0.008965488,-0.022567714,-0.012131053,-0.012596739,-0.015941707,0.04748641,0.011261441,0.018309232,0.027030868,-0.013308541,-0.019659339,-0.017735887,-0.011583728,-0.0028970256,-0.031273782,0.017862983,-0.026883353,-0.035044566,0.0006257111
BSH4%UPI0001653940,-0.0108269155,-0.037934426,0.05977262,0.014335573,0.06901699,0.030873628,0.07108527,0.001693392,0.036004793,0.028560555,-0.042000614,-0.035028636,-0.010288499,0.021546643,0.06286627,0.0667031,0.0641776,-0.0050868327,0.06019638,-0.041342877,0.0007525603,0.055858422,0.053001095,-0.0025945497,0.015248303,-0.002913016,-0.010189485,0.028948927,0.06407766,0.015865434,0.05389464,-0.0033236286,0.048078567,0.032206368,0.04588951,-0.0010322536,-0.026640331,0.0468245
BSH4%UPI0001E65842,0.03389163,0.027333599,-0.01341515,0.055207986,-0.014899738,0.008281456,-0.001462003,0.0378358,-0.026072845,-0.012702239,0.005949962,0.025375698,0.038061943,-0.00414395,-0.0070107263,-0.005247783,-0.008842257,0.03217985,-0.010420262,0.017329222,0.048698887,-0.0094786845,-0.013468405,0.03216795,-0.015976453,0.014289772,0.003398092,-0.00848898,-0.012995464,0.01263453,-0.015674494,0.03292164,-0.013200116,0.0020631433,-0.005533308,0.030527992,0.031527907,0.006161325
BSH4%UPI0001FAB233,-0.0059594787,0.0028221682,-0.031497456,-0.017389081,-0.026853459,-0.0053404137,-0.035731602,-0.019409796,-0.014664594,-0.01237781,0.011595795,0.0031047734,-0.009101871,-0.02864353,-0.013827449,-0.026848106,-0.022022018,-0.023752509,-0.02199641,0.010071813,-0.012847882,-0.031545952,-0.022432387,-0.01909907,-0.0044786106,0.0068025114,0.006203019,-0.016485654,-0.025827976,-0.0129654845,-0.036245998,-0.014215111,-0.025387933,-0.062140055,-0.016291838,-0.013881232,-0.0070606833,-0.032479566
BSH4%UPI00033C4A83,-0.029131262,-0.011294492,-0.017084993,-0.0077786515,-0.017715668,-0.011678454,-0.010385654,-0.008296827,-0.010503515,0.0007281178,-0.011456159,-0.008112941,-0.013454833,-0.0026781282,-0.010575805,-0.010945737,-0.009594072,-0.01283653,-0.009060588,-0.0073471474,-0.008845407,-0.014010248,-0.013719227,-0.013975853,0.0052138926,0.012255255,0.01971937,0.010969791,-0.005481483,-0.00991325,-0.009685226,-0.014902732,-0.0106155705,-0.03464553,-0.021015272,-0.021819478,-0.0068201856,-0.014928017
BSH4%UPI00033DD6E6,0.0013223417,-0.005616565,0.013579369,0.011083254,0.008531133,-0.0017729173,0.00835796,0.02057779,0.0130399,0.004522682,0.014343516,0.017670881,0.009879184,0.019598696,0.0033103789,0.005083887,0.004989876,0.01466729,0.000642033,0.009531257,0.015132915,0.0024871174,0.008997642,0.018110655,0.007275018,0.0016059685,0.0017641996,0.017314013,0.0049805646,0.015250193,-0.00093579723,0.017578524,0.0024443378,0.018562218,0.008072341,0.009651943,-0.00016806979,0.01132802
BSH4%UPI0006BEFACE,0.047934838,0.040054444,0.006115994,0.050516993,-0.009538198,0.016253287,0.008957632,0.056420308,-0.013296678,-0.012588846,0.05119379,0.05869691,0.04947438,0.006533364,-0.010545099,0.004542025,0.0017887269,0.062045183,-0.013511581,0.05168116,0.05141849,-0.0066547557,-0.013969647,0.046097755,-0.013998696,0.047790922,0.035652924,-0.0039632665,-0.0027022988,0.0422753,-0.014442436,0.03578625,-0.003512272,0.02322258,0.01522888,0.05912591,0.043623913,0.023254823
BSH4%UPI0006C4E127,0.059367795,0.057805333,-0.039747436,0.052083727,-0.03954258,0.003251995,-0.038663644,0.030313848,-0.043972082,-0.030997947,0.027721396,0.043836437,0.06322484,-0.031707868,-0.028550014,-0.036288355,-0.031053327,0.026683515,-0.030379582,0.045753103,0.056256067,-0.030010596,-0.023960197,0.03441023,-0.027245186,0.012734235,0.01847098,-0.024973609,-0.03812466,0.017649345,-0.03486563,0.04035513,-0.032851182,0.0010374242,-0.029900413,0.049511395,0.056827035,-0.016868077
BSH4%UPI000822CCAE,0.008401188,0.026900068,-0.044282943,0.004219938,-0.04712641,-0.02907202,-0.031361204,0.012156894,-0.054208096,-0.03396413,0.008258278,0.0068173897,-0.0045442935,-0.0034159431,-0.050062288,-0.03927437,-0.042252537,0.016101744,-0.050539073,0.01331428,0.011909975,-0.046231486,-0.04892372,-0.0009153331,-0.02529572,0.004220016,-0.0010631983,-0.01587443,-0.041689716,-0.026474817,-0.044998784,0.0065044477,-0.04626172,-0.018496955,-0.039674748,0.009420644,0.037439633,-0.019988073
BSH4%UPI000B374259,-0.016499167,0.0010230702,-0.022760427,-0.018593473,-0.01847069,-0.016159056,-0.01642339,-0.018958554,-0.015153958,-0.015189049,-0.015958652,2.8512384e-05,0.0072557586,0.00072940567,-0.014951599,-0.013439506,-0.017636495,-0.017995186,-0.017446347,-0.012167194,-0.01898887,-0.018275876,-0.021046313,-0.024244774,0.008325416,0.0026061991,0.012233271,-0.00083456264,-0.019358901,-0.031690646,-0.017180389,-0.004346791,-0.015833583,-0.035235003,-0.022658477,-0.025445027,-0.003287124,-0.022219708
BSH4%UPI000D27EFA9,0.00936278,0.032870628,-0.041962277,0.015325796,-0.032482788,-0.004830361,-0.025015952,0.022196896,-0.040578194,-0.024616277,0.0051515927,0.0003860903,-0.000995394,-0.018005496,-0.026491351,-0.029535327,-0.031373303,0.011640553,-0.029452775,0.018855723,0.013176274,-0.035029456,-0.03327582,-0.0003960032,-0.021644218,-0.00090066076,-0.007108482,-0.03273181,-0.030026041,-0.0149815865,-0.029174458,0.019725718,-0.032647055,-0.034122,-0.04098633,-0.0076178163,0.02800881,-0.027079344
BSH4%UPI000D7B199F,-0.026080197,-0.025746066,0.017350897,-0.007637428,0.014511279,-0.0041838894,0.020540273,-0.014781939,0.015952408,0.0110428715,-0.025047373,-0.020409334,-0.021871556,0.018730529,0.010258484,0.018133365,0.016961938,-0.022445288,0.020245038,-0.033594567,-0.011535548,0.020856151,0.015203603,-0.010824177,0.008258256,-0.001705772,-0.008467918,0.016331607,0.019729728,-0.0037684033,0.017352061,-0.009439403,0.022698546,-0.007603886,0.012855334,-0.023821421,-0.02524128,0.015333749
BSH4%UPI000E447F2E,0.019992767,0.017711185,-0.009006289,0.012934399,-0.011536665,0.002618692,-0.007983874,0.023153631,-0.021546153,-0.006664978,0.012283228,-0.0021595457,-0.0020056632,-0.011596561,-0.012954732,-0.007561107,-0.00266078,0.024797022,-0.014686011,0.014483016,0.016623452,-0.019030552,-0.022040121,0.0052771317,-0.005106456,0.013788307,0.014656121,0.0051877196,-0.010370611,0.0013042891,-0.019409318,0.0041943355,-0.021967005,0.0070315395,-0.008367163,0.024463467,0.025314614,0.007683362
BSH4%UPI000E54B9B5,-0.027867997,-0.014932742,-0.0011750974,-0.007628343,-0.019184217,0.001356053,-0.011971141,0.007268159,0.0050439043,0.008800283,0.017808586,0.0076580346,-0.016647108,0.016718667,-0.021724652,-0.0043589785,-0.001073737,0.006769042,-0.017165603,0.009772962,-0.006198542,-0.023227122,-0.019326609,0.0057700663,0.008100891,0.02716396,0.031899575,0.020234704,-0.008537287,0.012963839,-0.01333148,-0.00895315,-0.01510698,-0.023310997,-0.00036355012,-0.0074811997,-0.005699487,0.01224583
BaiA%QinJ_2012__T2D-016__bin_41_fa_BDDCEIPF_01842__3alpha-hydroxy_bile_acid-CoA-ester_3-dehydrogenase_2,0.03600599,0.025287414,0.0006647746,0.051411975,0.0045251707,0.040623114,0.014479962,0.046536345,-0.0060110856,0.00030441573,0.035976883,0.02714618,0.014539743,-0.013384683,0.004438438,0.012389949,0.013675042,0.053867374,0.015481331,0.04083655,0.050080135,0.009586651,0.013481912,0.061768327,-0.025764951,0.030188447,0.021949656,-0.007388142,0.013734636,0.06363979,0.014316856,0.039785095,0.0066160285,0.015390427,0.012450274,0.044772364,0.030820481,0.027916307
BaiA%SRR3992974_bin_8_EOPEKEED_01051__3-oxoacyl-_acyl-carrier-protein__reductase_FabG,-0.024690509,-0.019947791,0.0068340963,-0.011881959,0.004972051,0.0030699403,0.00363136,-0.017983459,0.0154719865,0.022325363,-0.020837829,-0.01664516,-0.007389486,0.008082282,0.009341953,0.0036162965,0.007189183,-0.020163374,0.008380817,-0.024030015,-0.018561216,0.0040149493,-0.0007705242,-0.021391429,0.025745764,0.0019307914,0.003687728,0.015779093,0.0073536485,-0.008775353,0.014088619,-0.01878265,0.012953843,7.5458825e-05,-0.0029809035,-0.02271619,-0.020502439,-0.0049694963
BaiA%SRR5558193_bin_68_NNEAJJHP_00384__3alpha-hydroxy_bile_acid-CoA-ester_3-dehydrogenase_2,-0.0062474287,0.0017991487,-0.019302541,-0.01155425,-0.009034857,-0.01736859,-0.01337922,-0.015958883,-0.010110384,-0.014595753,0.0025293143,0.0058243778,0.0060180305,-0.0063961186,-0.0056705014,-0.015648477,-0.01336919,-0.017382925,-0.012121796,0.005862274,-0.004289251,-0.011963041,-0.006871117,-0.007994717,-0.0010131252,-0.0024228971,0.0032456103,-0.0009741759,-0.0092993025,-0.0047942405,-0.018940834,-0.0062497,-0.014118064,-0.016615966,-0.02033604,-0.007040018,-0.0008781532,-0.027064828
BaiA%bai_cluster_3%midas_Clostridium_hylemonae_61789%Clostridium_hylemonae_61789|NZ_GG657759_1098,0.0059574973,0.003512037,-0.005744185,0.015196899,-0.0010973247,0.014480442,0.001396212,0.010767974,-0.00028976216,4.7154725e-05,0.02379994,0.019303076,0.0013840046,-0.013925897,0.0022228814,0.0034438348,0.0033056638,0.016232327,0.005087899,0.023740757,0.01577446,0.002759072,0.0064950506,0.027876547,-0.012793809,0.023374135,0.021182168,-0.0021263422,0.008080634,0.03127618,0.00033913742,0.009851781,0.0009008858,-0.015199211,0.008971262,0.012257686,0.0038298375,0.006125606
BaiB%CosteaPI_2017__SID713A038-11-90-0__bin_26_fa_FGHNBBEK_00429__Bile_acid-coenzyme_A_ligase,0.019063653,-0.005055638,0.010098582,0.004276287,0.0238465,0.016866477,0.020293612,-0.007834238,-0.0006449227,0.00076972845,-0.021853074,-0.024235064,-0.0103167975,-0.00459255,0.024383416,0.017751446,0.021558188,0.0061118267,0.027267499,-0.017132383,0.007237407,0.024918921,0.023795664,-0.0009247381,-0.0027029961,-0.01045334,-0.010282219,0.008621036,0.021923553,0.011013231,0.026714997,-0.005601796,0.019843698,0.026586616,0.011438004,0.023036633,0.0025081988,0.004336904
BaiB%LiJ_2014__V1_FI04__bin_94_fa_MJMNNJHI_01032__Bile_acid-coenzyme_A_ligase,-0.012124827,-0.004904071,-0.0038822598,-0.009730824,0.0010047146,-0.0036087895,-0.0027161976,0.0008255916,0.0012276622,0.003266026,-0.012277034,-0.009583268,0.0007041619,0.0058790906,4.2543925e-05,-0.001411486,-0.0042141955,-0.01128405,-0.0026946452,-0.009175944,-0.0119513795,-0.008781507,-0.004558731,-0.011607636,0.009194039,-0.013260556,-0.011963256,-0.00033048735,-0.0075068544,-0.020937707,-0.005015005,0.007476144,-0.0053051556,-0.015011106,-0.008979552,-0.019630278,-0.008919797,-0.0062416117
BaiB%MDY5565236_1_bile_acid--CoA_ligase_BaiB__Candidatus_Limivicinus_sp__,-0.0030570233,-0.00035759847,-0.011099154,0.005895174,0.00870371,0.013597616,0.0062827505,-0.010862,-0.004436769,0.00056816614,-0.01025447,-0.019920764,-0.011697194,-0.017515112,0.008593993,0.0049109533,0.0020746274,-0.0019690273,0.0158917,-0.008966219,0.008973501,0.01913765,0.012248909,0.008265499,-0.012122864,-0.008873892,-0.015946787,-0.018676238,0.008647471,0.0075418134,0.01610796,-0.0031589565,0.011488969,-0.0025398836,-0.007029761,-0.010690617,-0.0053128838,-0.009442582
BaiB%SRR2992899_bin_23_LIJELFFN_00493__Bile_acid-coenzyme_A_ligase,-0.015549182,-0.007359937,-0.01771654,-0.015727377,-0.0026953921,-0.0015659939,-0.011466334,-0.029693142,-0.008969018,-0.007283097,-0.015072862,-0.019973194,-0.010631963,-0.012382932,0.00018614493,-0.009593007,-0.008021611,-0.022895439,0.00016078544,-0.014025459,-0.014009979,-0.00026327057,-0.0016988381,-0.016513657,0.0017846025,-0.009354878,-0.009051369,-0.004886733,-0.004911837,-0.014875543,0.0007395829,-0.014147843,-0.0017800768,-0.011325343,-0.019919548,-0.019780075,-0.010160111,-0.0238114
BaiB%WP_286151641_1_bile_acid--CoA_ligase_BaiB__Sporofaciens_musculi_,-0.0019910806,-0.0045796083,0.010925378,0.0077776127,0.01183798,0.0041805413,0.015496782,0.000110823916,0.01085591,0.008228601,-0.003545991,0.013021274,0.008581494,0.010184361,0.012062612,0.015990254,0.014431135,-0.001485994,0.013995554,-0.004933644,0.0018825186,0.016423998,0.014415424,0.004842479,0.00078840926,0.012108093,0.013926286,0.009173742,0.017329257,0.007860015,0.009114279,-0.0038139694,0.014789246,-0.006556751,0.013299349,-0.002832964,-0.008027456,0.011476712
BaiB%bai_cluster_10%midas_Lachnoclostridium_nov_76594%Lachnoclostridium_nov_76594|ERS138182_8080_1_84_3_3065,0.012380806,0.008041051,0.0010300176,0.03147745,0.009852181,0.03758233,0.015336076,0.030057227,0.0010190892,0.006701991,0.026470864,0.023860779,0.0020816138,0.0020758125,0.006599505,0.016417835,0.014363761,0.04105611,0.011238023,0.02575382,0.03176893,0.0077883457,0.008242921,0.045357846,-0.0063129733,0.03234445,0.025033705,0.007044224,0.0142993415,0.04521891,0.012605602,0.028959144,0.0069169686,0.0025293028,0.009108816,0.022882987,0.012356657,0.020945223
BaiB%bai_cluster_2%midas_uncultured_Eubacterium_73696%uncultured_Eubacterium_73696|FMDW01000013_871,0.0021217838,0.016863655,-0.023620795,0.014041651,-0.01836679,0.012533742,-0.012867489,0.0069115795,-0.01836188,-0.018448036,0.017303558,0.014997816,0.00750607,-0.015095337,-0.01489345,-0.013267785,-0.009994533,0.013308977,-0.0066093355,0.021432318,0.009661564,-0.008953771,-0.009527671,0.018007018,-0.0160428,0.021447323,0.02151555,-0.0123008145,-0.0104933,0.015037183,-0.008242229,0.005932701,-0.012529842,-0.01541558,-0.018392943,0.0057729012,0.017021941,-0.011058028
BaiCD%CosteaPI_2017__SID713A014-11-0-0__bin_55_fa_OLFEPFFO_00187__NADH_oxidase,-0.026952408,-0.0263079,0.0064275325,-0.007103394,0.020890446,0.014616294,0.019897642,-0.012870907,0.013468596,0.013336555,-0.014111123,-0.023773156,-0.024742179,0.0052357363,0.01803669,0.019119171,0.016882759,-0.011094194,0.024319826,-0.021394068,0.00020882061,0.021409689,0.021379676,0.005299019,0.0048964336,0.0038629263,0.0014423311,0.0023529055,0.022209348,0.0133844195,0.022015011,-0.0120660635,0.022637114,-0.0058017904,0.009936735,-0.02107127,-0.02793696,0.005697929
BaiCD%MCI8583944_1_FAD-dependent_oxidoreductase__Dorea_sp__,-0.03336068,-0.039020687,0.03325825,-0.016173165,0.028038142,0.00048584715,0.033348784,-0.010773022,0.030987754,0.023727125,-0.016074447,-0.011276786,-0.023113988,0.031188358,0.02207412,0.03268916,0.031009527,-0.011431099,0.02039304,-0.029635174,-0.022651866,0.027888017,0.022485815,-0.010581656,0.020289414,0.0044842097,0.0058667725,0.029712467,0.030433306,-0.0035654274,0.019419804,-0.023516,0.022952158,-0.0005765031,0.030773062,-0.021943001,-0.03296151,0.02514078
BaiCD%MEI3381486_1_FAD-dependent_oxidoreductase__Dorea_sp__,0.03383161,0.046345714,-0.04146845,0.034290746,-0.04006232,0.002987404,-0.031218613,0.029856863,-0.041080248,-0.038860284,0.03777973,0.03057944,0.037250277,-0.030897725,-0.0308074,-0.03523313,-0.031829223,0.032913093,-0.028711965,0.047308322,0.03314685,-0.0287932,-0.025673822,0.028752828,-0.036304172,0.015388096,0.01005489,-0.038359713,-0.033914436,0.018671447,-0.02945299,0.025376743,-0.029464051,-0.014684315,-0.03193059,0.03290801,0.046420526,-0.027238589
BaiCD%RaymondF_2016__P21E7__bin_22_fa_DDJCLBHB_00368__NADH_oxidase,0.013786656,0.017497847,-0.022623198,0.00014590677,-0.00887678,-0.0022935218,-0.010039402,-0.0041043065,-0.025284555,-0.020853398,0.00055509515,-0.0064646234,-0.008878608,-0.020864774,-0.008711071,-0.013877368,-0.013886116,0.009056313,-0.008914544,0.0066362466,-0.0015040709,-0.007511692,-0.008081816,0.006035645,-0.017531388,-0.007312887,-0.010703211,-0.013444917,-0.010042418,-0.007340114,0.0034568494,0.0060590953,-0.010899454,0.019075098,-0.029035907,0.012986522,0.022970827,-0.018718949
BaiCD%XieH_2016__YSZC12003_35390__bin_5_fa_PIKIEFGP_00577__NADH_oxidase,-0.03298017,-0.051708903,0.053622853,-0.008014844,0.04355979,0.01253905,0.044427004,-0.007225124,0.048753124,0.037397448,-0.03949709,-0.04281649,-0.031643447,0.029485436,0.03932771,0.040709414,0.04240033,-0.022689939,0.047215953,-0.050166897,-0.012379353,0.045378193,0.041657783,-0.020191934,0.023735337,-0.018604646,-0.017750926,0.033921402,0.04546917,0.006658898,0.040323064,-0.022153437,0.041634597,0.027020939,0.041018482,-0.02195854,-0.045032945,0.037347175
BaiCD%bai_cluster_1%midas_Clostridium_hiranonis_61655%Clostridium_hiranonis_61655|NZ_DS995354_290,0.030229878,0.021765985,-0.006651274,0.044891577,-0.0026373386,0.029425101,0.0024020625,0.032351494,-0.006857231,-0.0012389832,0.035438746,0.040422894,0.029260414,-0.0068163127,0.0006649502,0.0040340126,0.00583,0.0421839,0.0021700985,0.03885643,0.04394986,0.000640691,0.0059357025,0.054509673,-0.015046432,0.031482622,0.026674844,-0.0016588697,0.004060316,0.05206758,0.0036022502,0.03453719,0.00061653764,0.0040594763,0.0060619162,0.039085943,0.02674837,0.011665485
BaiCD%bai_cluster_10%midas_Lachnoclostridium_nov_76594%Lachnoclostridium_nov_76594|ERS138182_8080_1_84_3_3076,0.0010546877,0.00625545,-0.012518278,0.0128197875,-0.00721326,0.020948226,-0.0079628965,0.012592728,-0.005260073,-0.0015284473,0.024998171,0.023209948,0.0024395317,-0.0004104622,-0.008026275,-0.0029074328,-0.0026943425,0.020157374,-0.0073000873,0.024861274,0.013334062,-0.011627352,-0.00850754,0.024464112,-0.0015114808,0.027587056,0.027712736,0.0056510414,-0.0044411966,0.0242204,-0.008543956,0.014991071,-0.011168163,-0.017668888,-0.002848528,0.0070903595,0.007328576,0.0043794806
BaiCD%bai_cluster_11%midas_Romboutsia_sp_25236%Romboutsia_sp_25236|FJTZ01000011_2937,-0.04095244,-0.037846085,0.017548777,-0.0105418125,0.012458664,0.021373644,0.002954713,-0.014607448,0.05074293,0.046315506,-0.032447148,-0.019846378,-0.014147898,0.015821664,0.025103545,0.014434541,0.021687238,-0.03242017,0.027007656,-0.03463632,-0.017009588,0.019929431,0.016980177,-0.016184293,0.052269053,-0.0018697472,0.011897159,0.028773021,0.014150825,0.0018567768,0.019805845,-0.013920134,0.025895411,-0.031446,0.014445304,-0.043980293,-0.047943484,-0.0037067607
BaiE%FengQ_2015__SID531416__bin_49_fa_CEDOFBAM_00064__Bile_acid_7-alpha_dehydratase,0.004950479,0.006779114,-0.006712783,0.008858297,-0.0030515464,0.0057229404,-0.0029890253,0.0032450238,-0.0014833449,8.398305e-05,0.0075740395,0.01617617,0.00351808,0.0023162686,-0.004200998,-0.0024726377,-0.0025858243,0.009641887,-0.002044101,0.009887711,-0.0012035491,-0.0023065025,0.0009400954,0.014805389,-0.003435535,0.0074948943,0.01048676,0.0070478986,-0.0001613322,0.0088909315,0.0020856627,0.01050035,-0.004158083,-0.0016380309,-0.0016233055,0.0009055611,0.007204859,0.0046640043
BaiE%LiJ_2017__H3M515915__bin_8_fa_COLEEGFP_01274__Bile_acid_7-alpha_dehydratase,-0.0010707247,0.004688316,-0.021255255,-0.003510255,-0.008025626,-0.0041986993,-0.013778305,-0.015082733,-0.013534946,-0.011356548,-0.003246976,-0.00651222,0.003392488,-0.011859928,-0.004072375,-0.0138103245,-0.010396635,-0.008027796,-0.008404041,0.0006329821,0.0023399275,-0.008481706,-0.00869167,-0.004750698,0.00075612543,-0.0041356133,-0.002226089,-0.003656392,-0.009199704,-0.0022139796,-0.007258288,-0.003246497,-0.008746103,-0.003057612,-0.023829961,-0.0023996918,0.004933262,-0.027886996
BaiE%MCI8938768_1_nuclear_transport_factor_2_family_protein__Dorea_sp__,-0.0024403278,0.005089007,-0.024422618,-0.009248241,-0.012359091,-0.011375147,-0.01830236,-0.018268485,-0.0123903155,-0.013147934,-0.0073242025,-0.009306695,0.0034286857,-0.012785237,-0.006680185,-0.022189736,-0.01944731,-0.014013877,-0.010532476,-0.0037344536,-0.01175534,-0.007289212,-0.009558092,-0.017426768,-0.00010387043,-0.016944433,-0.01589083,-0.008196489,-0.01671992,-0.01891491,-0.011962269,-0.00839466,-0.013042555,-0.009028361,-0.023400841,-0.012316806,0.0015761937,-0.032019116
BaiE%bai_cluster_10%midas_Lachnoclostridium_nov_76594%Lachnoclostridium_nov_76594|ERS138182_8080_1_84_3_3079,0.01871647,0.013572255,-0.0056500607,0.032987367,0.0023297947,0.021727636,0.009257639,0.02188331,-0.008821948,-0.002312171,0.011593743,0.020421887,0.016395537,-0.005598904,0.002843107,0.008314042,0.007748547,0.028562829,0.009654412,0.01921938,0.03162157,0.0109303435,0.01368294,0.039981965,-0.015961185,0.019969517,0.023491116,-0.00028189842,0.008815655,0.03135015,0.010163568,0.020864189,0.0025744154,0.004919305,0.003242961,0.025762163,0.020723447,0.011899368
BaiE%bai_cluster_2%midas_uncultured_Eubacterium_73696%uncultured_Eubacterium_73696|FMDW01000013_166,0.0067401323,0.01388707,0.0017046812,0.027206747,-0.0020640888,0.020016648,0.001132866,0.018992791,0.0048802,0.0007024568,0.0075559276,0.02205286,0.030034823,0.005111174,0.0029007455,0.005032895,0.007543627,0.010502704,0.002834127,0.011260229,0.016955324,0.0030869842,-0.0014800658,0.008425101,0.009843958,0.021153985,0.027740858,0.0028338435,0.00071697915,0.018375067,-0.0013887442,0.011345356,0.0019722471,-0.00724761,-0.0018493418,0.002178508,0.00844817,0.002437494
BaiF%ERR688512_bin_36_KMFCMBJN_00514__Bile_acid-CoA_transferase,-0.00112679,0.008783951,-0.02497777,0.012702721,-0.019828655,0.0079651605,-0.017872477,0.0052916794,-0.012321788,-0.010044405,0.015958449,0.023430346,0.011583643,-0.010127843,-0.011501633,-0.014807697,-0.015337544,0.00935445,-0.013104781,0.02045227,0.008304509,-0.01432286,-0.009153066,0.019250246,-0.0054534,0.01708436,0.018923806,-0.0049206354,-0.014668495,0.011050062,-0.01212815,0.015099633,-0.014821023,-0.030006321,-0.014948708,0.0002224564,0.010172014,-0.016705532
BaiF%KarlssonFH_2013__S54__bin_27_fa_BBGPADBL_00031__Bile_acid-CoA_transferase,-0.01858722,-0.009265718,-0.011877362,-0.021434031,-0.010565733,-0.0050618905,-0.017924987,-0.022171436,-0.0014161711,-0.002427666,-0.015042135,-0.014816233,-0.0028433797,0.0040886323,-0.0068033948,-0.014371484,-0.007653702,-0.023860302,-0.009132717,-0.014869628,-0.019905394,-0.013043294,-0.0126804765,-0.030658722,0.018012416,-0.0061304756,0.004047455,0.013807447,-0.013144747,-0.021331513,-0.01058993,-0.015317218,-0.01107866,-0.011091794,-0.01858315,-0.01918993,-0.008015344,-0.016485285
BaiF%LiJ_2014__MH0358__bin_56_fa_NPCPOAJM_00305__Bile_acid-CoA_transferase,0.030154059,0.048902422,-0.05394697,0.017752036,-0.04720226,-0.016770225,-0.040901132,0.011348902,-0.0535739,-0.047331914,0.03037206,0.024019372,0.031471405,-0.030000737,-0.04050742,-0.046353865,-0.04320858,0.018565387,-0.044774782,0.0425915,0.020595085,-0.046399683,-0.04238912,0.011878188,-0.034563348,0.0070970585,0.004520055,-0.035642326,-0.042910077,0.0042177676,-0.041029725,0.01923995,-0.043844894,-0.014280179,-0.049208365,0.024602594,0.04943001,-0.043173708
BaiF%SRR4783510_bin_28_GHBMCCFK_00008__L-carnitine_CoA-transferase,0.022912258,0.03902913,-0.048372306,-0.0002907185,-0.039306525,-0.024370007,-0.041313406,-0.0061505646,-0.040216673,-0.045147013,0.016419843,0.019863978,0.035003595,-0.022933846,-0.032164734,-0.04573842,-0.044545293,0.0013124567,-0.043089114,0.02749209,0.0028789248,-0.038343705,-0.035939146,-0.008432249,-0.014285844,-0.009647123,-0.005096835,-0.026824959,-0.04318142,-0.015415197,-0.03708745,0.012199291,-0.0395315,-0.0058830543,-0.0509001,0.01077623,0.037877068,-0.055024933
BaiF%SRR5127813_bin_22_DKEDJIEF_00985__Bile_acid-CoA_transferase,-0.02304178,-0.022719942,0.005580852,-0.01042664,0.014417883,0.010349291,0.0074175424,-0.013391698,0.012745809,0.015533511,-0.010232845,-0.019939855,-0.024291601,0.00473821,0.013151054,0.008662519,0.012119539,-0.014327317,0.016527366,-0.016178016,-0.00634715,0.014044168,0.015720248,-0.00094264897,0.009616725,0.00038407362,0.0010375994,0.0103971865,0.014811567,0.0052788425,0.013744533,-0.016151862,0.014734251,-0.0001432367,0.005156644,-0.015307529,-0.023240168,0.0038104171
BaiF%VogtmannE_2016__MMRS44587603ST-27-0-0__bin_19_fa_ANDGAOCL_00015__Bile_acid-CoA_transferase,0.0058335965,0.0054924176,-0.00453988,-0.0035341172,0.00047030617,-0.011072883,-0.003230423,-0.006850081,-0.0019426532,-0.008905817,-0.0019881558,-0.0073840963,0.0058463872,-0.0028429863,-0.0019413431,-0.009891453,-0.0042747906,-0.004833067,-0.0016588053,-0.0001071345,-0.0029705274,0.003163386,0.0034339845,-0.003060582,-0.0043265093,-0.014273419,-0.0052926964,-0.00031841767,-0.001503737,0.000841216,-0.002403781,-0.0072334083,-0.0046921466,0.022723246,-0.00545125,0.0033619124,0.008175976,-0.0072828773
BaiF%bai_cluster_2%midas_uncultured_Eubacterium_73696%uncultured_Eubacterium_73696|FMDW01000013_892,0.024868157,0.046561256,-0.05646369,0.011441183,-0.039976474,-0.013758963,-0.038309738,0.0023289493,-0.048014082,-0.04561426,0.016525108,0.011659763,0.025975782,-0.038659852,-0.031658445,-0.043934055,-0.041522786,0.007093031,-0.033037424,0.031179234,0.012857569,-0.033337645,-0.033093583,0.0026933711,-0.02972498,-0.0042502508,-0.005016881,-0.04102741,-0.038399063,-0.0064037335,-0.03410087,0.016987028,-0.036658935,-0.021111185,-0.052286528,0.00778002,0.040684752,-0.051651586
BaiF%bai_cluster_3%midas_Clostridium_hylemonae_61789%Dorea_sp_89094|KQ236743_10986,0.030774357,0.029092168,-0.01894608,0.034983978,-0.016689327,0.024640866,-0.013716664,0.029971464,-0.016954474,-0.01025289,0.041133523,0.039878115,0.018255554,-0.013810676,-0.013541706,-0.010178703,-0.009216414,0.040678337,-0.010736537,0.04376783,0.03267964,-0.015249715,-0.007851225,0.04737531,-0.023246296,0.027153617,0.019528383,-0.011876821,-0.011071512,0.038508948,-0.009426963,0.033073086,-0.013552771,-0.0077769863,-0.003863788,0.03237976,0.029661527,0.0058831503
BaiF%bai_cluster_3%midas_Clostridium_hylemonae_61789%Dorea_sp_89094|KQ236743_13110,0.008984999,0.015623175,-0.010625051,0.016246567,-0.01341218,0.005788369,-0.0073932447,0.019617284,-0.0070641325,-0.005326175,0.02950043,0.030846141,0.012333187,0.0015547987,-0.0135196885,-0.007913981,-0.0056175264,0.022632219,-0.011106111,0.031526137,0.01640346,-0.01588598,-0.012370118,0.027226284,-0.007349768,0.026023595,0.023959136,0.0062142108,-0.0056030625,0.027221212,-0.013966192,0.021589035,-0.012958108,-0.010680615,-0.0034751059,0.014734443,0.016587637,0.0054194964
BaiF%fig|1950825_3_peg_1464|__L-carnitine_dehydratase_(EC_4_2_1_89)____Clostridiales_bacterium_UBA1701_|_1950825_3_,0.026704472,0.036403857,-0.04649436,0.016451122,-0.026804099,-0.0012490795,-0.026655331,-0.0010930407,-0.04049042,-0.039733585,0.013127702,0.01283956,0.022987537,-0.031566117,-0.019550418,-0.03153902,-0.030179538,0.013629861,-0.021543726,0.02506154,0.016471006,-0.016893584,-0.016175143,0.014916915,-0.024827933,-0.00036728196,-2.5379588e-05,-0.02856921,-0.025478506,0.0049694926,-0.014672928,0.016846746,-0.024228496,-0.0006524925,-0.041292917,0.019095886,0.039314896,-0.042012606
BaiG%LeChatelierE_2013__MH0251__bin_10_fa_BOBEKBFD_00006__Multidrug_resistance_protein_3,-0.0023704004,0.0061605587,-0.019528514,-0.007951033,-0.007195396,-0.0057153953,-0.012963485,-0.01553329,-0.012410829,-0.012606941,-0.0036812967,-0.007944641,-3.8062022e-05,-0.013438999,-0.0061299,-0.01336064,-0.009729272,-0.010810604,-0.007069322,0.0008870621,-0.0021228672,-0.009311396,-0.01028359,-0.0048288177,2.0931126e-05,-0.0044447854,-0.0029383735,-0.0035922339,-0.009123503,-0.0030035013,-0.00818447,-0.00037907274,-0.010762535,-0.0013787219,-0.025091214,-0.0047504,0.005679252,-0.025265984
BaiG%MBE6987074_1_MFS_transporter__Oscillospiraceae_bacterium_,0.0030632815,-0.012269451,0.024711285,0.0051067453,0.03224726,0.0025454992,0.028484542,-0.0057600723,0.011997201,0.01898518,-0.0073433816,-0.014380281,-0.0073658014,0.007323885,0.025126906,0.02616794,0.021440767,0.0028355548,0.021993827,-0.009478998,0.005873708,0.023947142,0.025277844,0.002181477,0.0006275194,-0.008700396,-0.014024068,0.009655209,0.032441977,0.015517349,0.038782045,-0.007765451,0.033237368,0.039873756,0.014434736,0.0121816145,-0.009191525,0.017267521
BaiG%MBR4017991_1_MFS_transporter__Clostridia_bacterium_,-0.04460364,-0.0300568,0.008772296,-0.0064644213,0.0046312404,0.024822377,0.0033881154,-0.0003693548,0.028337164,0.024701688,-0.022320991,-0.007869351,-0.0109546175,0.03863799,0.007094154,0.005210896,0.012493049,-0.012249315,0.015042597,-0.027738202,-0.011994456,0.014739877,0.011240656,0.0017437396,0.042708382,-0.0018855659,0.005752414,0.028353155,-0.003626799,-0.005529852,0.013135262,0.0068778424,0.009343935,-0.012273004,-0.0055375467,-0.030826153,-0.023734936,-0.006760417
BaiG%MDY4488523_1_MFS_transporter__Candidatus_Limivicinus_sp__,0.0122962035,0.031713355,-0.049501386,0.0021492282,-0.036723375,-0.016612168,-0.039431278,-0.0033817727,-0.036012214,-0.036903657,0.008818367,0.010414695,0.025373291,-0.019308595,-0.029934322,-0.044707842,-0.040976435,0.00047609006,-0.035624996,0.020377992,0.0059506875,-0.03279718,-0.0329574,-0.0040532933,-0.00861717,-0.012430183,-0.007961373,-0.020367961,-0.041589722,-0.01431773,-0.03403078,0.014669819,-0.038328275,-0.010428203,-0.05324662,0.002070846,0.031712245,-0.05458541
BaiG%MEE1256339_1_MFS_transporter__Lachnospiraceae_bacterium_,0.000561316,0.002540236,-0.016092919,0.0142474035,-0.0073734606,0.005372182,-0.0056220307,-0.0002579782,-0.011149675,-0.006642279,0.002540911,0.005070938,0.0037000654,-0.016975015,-0.0022103966,-0.0033745456,-0.0014436743,0.0031852734,0.0018312915,0.0089010615,0.010255591,-0.0011044638,0.004135077,0.016853757,-0.014902955,0.009448688,0.015428696,-0.0014721423,0.0017857003,0.014440223,-6.5365464e-05,0.0059692664,-0.005285635,-0.019200848,-0.005682089,0.0022903713,0.0064999396,-0.0032258378
BaiG%bai_cluster_10%midas_Lachnoclostridium_nov_76594%Lachnoclostridium_nov_76594|ERS138182_8080_1_84_3_3097,-0.0013012403,0.0047475453,-0.0145035675,0.014951099,-0.009486256,0.018704515,-0.0054454245,0.011892928,-0.0055796425,-0.0049832165,0.020191813,0.022772986,0.0044425754,-0.004327179,-0.0069761975,-0.0023783927,-0.0039504035,0.016648058,-0.0016659893,0.021348177,0.01103897,-0.00537894,-0.0013703844,0.028281722,-0.008883135,0.027005244,0.026665093,-0.002646242,-0.0034409843,0.0221228,-0.0048566074,0.014592087,-0.0075403685,-0.02724545,0.00041643344,0.002829394,0.005232039,0.003075441
BaiH%ERR1018252_bin_5_JFGOJLKC_00141__NADH_oxidase,-0.032595333,-0.035722107,0.029479694,-0.014838148,0.024629084,0.0048936005,0.025871934,-0.018154321,0.03567531,0.024509832,-0.023104372,-0.015061658,-0.008270801,0.024164582,0.02354026,0.025697429,0.023772513,-0.023351856,0.026383199,-0.03137713,-0.02277986,0.028201062,0.027665596,-0.017129717,0.02236522,0.00036485278,0.00679348,0.022276543,0.026034718,0.001026098,0.026288092,-0.024580529,0.027589107,0.0015793346,0.026850427,-0.028208544,-0.03562586,0.018584967
BaiH%LiJ_2014__MH0370__bin_37_fa_CDDPILMH_00099__NADH_oxidase,-0.014034655,-0.004329722,-0.00835518,-0.035481755,-0.005872228,-0.029398214,-0.012906976,-0.035839032,-0.010783288,-0.008126189,-0.010023868,-0.014057737,-0.021710755,-0.0041852705,-0.009259532,-0.013130239,-0.01201318,-0.028352737,-0.012245256,-0.010420352,-0.03717362,-0.015160217,-0.005349161,-0.029712278,-0.008952177,-0.020167746,-0.016585987,0.00055556983,-0.0061203134,-0.030372357,-0.006910361,-0.022549134,-0.008809768,-0.005815483,-0.016277269,-0.01970279,-0.007133581,-0.011334874
BaiH%MEE0204071_1_FAD-dependent_oxidoreductase__Oscillospiraceae_bacterium_,-0.056649078,-0.0108439205,-0.039449126,-0.009652281,-0.014037473,0.0027229863,-0.0074631628,-0.01788297,-0.00992168,-0.016772142,-0.04210854,-0.0331892,-0.01942527,-0.0068792705,-0.0043951855,-0.019644706,-0.01820772,-0.0256599,0.0043376368,-0.029148346,-0.023628734,0.0062465686,0.0048965137,-0.0070318277,0.009094863,-0.032918207,-0.02422712,-0.008026629,-0.016321193,-0.02779083,0.013041314,0.017912691,-0.012500692,-0.028844802,-0.070089266,-0.06322369,-0.0016765702,-0.05965703
BaiH%MFR3389927_1_7-beta-dihydroxy-3-oxo-5-beta-cholanoyl-CoA_4-oxidoreductase_BaiH___Clostridium__scindens_,0.008645202,0.009465745,-0.004968463,0.01855109,0.0023764172,0.019536583,0.007896608,0.018347658,-0.006943341,-0.005779168,0.02564227,0.022761533,0.0028237244,0.0006443171,-0.0012066088,0.007097781,0.0041506644,0.029029021,0.0004910211,0.024668913,0.017154466,-0.0020299486,0.0020547116,0.032348398,-0.013345123,0.026612096,0.019956574,0.0019556205,0.0075112386,0.03151931,0.0030942801,0.022507828,-0.0010519314,-0.0016737188,0.0027540454,0.015480084,0.013733942,0.01361298
BaiH%Obregon-TitoAJ_2015__NO11__bin_28_fa_ODBMCAMJ_01962__NADH_oxidase,0.05166726,0.059135392,-0.051497307,0.04303955,-0.04396653,0.008322572,-0.039511368,0.030532349,-0.04589224,-0.040781926,0.050114457,0.05595636,0.052561685,-0.027010383,-0.035478067,-0.039561305,-0.03504696,0.04552782,-0.03928209,0.06362718,0.047056455,-0.038781606,-0.034099203,0.044714466,-0.03004351,0.024917359,0.022771178,-0.026887035,-0.03977011,0.033318795,-0.03828565,0.03987669,-0.04168548,-0.008944302,-0.03809038,0.04852157,0.06084291,-0.033493776
BaiH%SRR5558156_bin_44_CPDFCOML_01071__NADH_oxidase,0.004191026,0.023768328,-0.039364763,-0.004646757,-0.037268177,-0.024844496,-0.037004236,-0.012524928,-0.037718434,-0.031433214,0.003295813,0.010035588,0.020730028,-0.015268155,-0.03065812,-0.03532634,-0.03364946,-0.019162113,-0.036187667,0.014072728,-0.00030037152,-0.04173887,-0.026051939,-0.013417677,-0.018717917,0.0032181058,0.016096937,-0.0218885,-0.033094045,-0.012436747,-0.031799916,0.0010360595,-0.03278406,-0.030876443,-0.040972423,-0.0029358834,0.022150338,-0.0327454
BaiH%bai_cluster_1%midas_Clostridium_hiranonis_61655%Clostridium_hiranonis_61655|NZ_DS995354_308,0.04256496,0.027378261,-0.00045674364,0.05156715,0.0076267105,0.034668613,0.0132448375,0.039935924,-0.0074495436,0.0010282145,0.032610487,0.030148095,0.02186564,-0.011213094,0.0082845865,0.011643008,0.010971328,0.05096498,0.012654518,0.036201585,0.04932199,0.010049293,0.014665387,0.056755785,-0.024701146,0.02247772,0.009596441,-0.009459393,0.01304177,0.054792237,0.015824892,0.04025064,0.01206467,0.019316936,0.013016245,0.045917653,0.029351175,0.023372104
BaiH%bai_cluster_11%midas_Romboutsia_sp_25236%Romboutsia_sp_25236|FJTZ01000011_310,-0.010696519,-0.0071616448,0.0069402177,0.027491862,-0.001846069,0.031243179,-0.0015034777,0.020616265,0.022732973,0.032285035,-0.02375926,-0.0047237384,0.015677216,0.01994568,0.0054196483,0.0076386016,0.014409976,0.0026432246,0.013898249,-0.01712582,0.026332963,0.0041803364,0.0002554533,0.011933541,0.035923656,0.002800738,0.014950173,0.02606931,-0.001988631,0.015838927,0.0090606995,0.022157004,0.0057892143,-0.00800294,-0.00065197056,-0.012330041,-0.008157501,0.0072069783
BaiH%bai_cluster_17%midas_Proteocatella_sphenisci_59007%Proteocatella_sphenisci_59007|AUID01000012_928,0.022823106,0.029544296,-0.047128476,0.031793743,-0.033066526,-0.014890867,-0.027704045,0.003778045,-0.043924604,-0.027229939,-0.0014512421,0.00035614223,0.027577586,-0.043330804,-0.017192965,-0.02865574,-0.030625738,0.002111308,-0.02437892,0.013851733,0.029982561,-0.02184636,-0.020406721,0.010214967,-0.035524305,-0.0049671843,-0.0075424328,-0.047594786,-0.026348583,-0.0062256735,-0.020296652,0.0052302047,-0.020047767,-0.032801524,-0.02975038,0.00805179,0.025906844,-0.03638263
BaiH%bai_cluster_3%midas_Clostridium_hylemonae_61789%Clostridium_hylemonae_61789|NZ_GG657759_22762,0.035483122,0.029172946,-0.0043263584,0.05220602,-0.0013594232,0.04295957,0.004991069,0.04283638,-0.007812931,0.0023215013,0.03707558,0.043290444,0.029082777,-0.0013194799,2.9024546e-05,0.0073571093,0.00871426,0.051114693,0.004887869,0.041773386,0.053568464,0.00036155313,0.0035960001,0.056875553,-0.010911414,0.041715644,0.03541075,0.0024883968,0.0059259706,0.058298286,0.0056029423,0.041965846,0.0036396114,0.00992117,0.0055259764,0.043230187,0.03162539,0.021152878
BaiI%QinJ_2012__CON-070__bin_41_fa_AAAKDJOM_00400__hypothetical_protein,0.016213322,0.032381292,-0.046259142,-0.0055559184,-0.03417897,-0.021652767,-0.039085828,-0.0118839005,-0.03535002,-0.036797393,0.012699553,0.009954575,0.02117695,-0.02704283,-0.027073866,-0.042855944,-0.039297912,-0.00523229,-0.03445307,0.022509292,-0.00050202967,-0.03201749,-0.0311176,-0.009436947,-0.013087572,-0.009969958,-0.006057713,-0.025736015,-0.036228277,-0.014210772,-0.032055862,0.0049265274,-0.03338362,-0.0106537435,-0.0465273,0.0043415115,0.028406382,-0.05242707
BaiI%WP_279004450_1_nuclear_transport_factor_2_family_protein__partial___Clostridium__scindens_,0.001363813,-0.007957692,0.015271882,0.019382447,0.022094004,0.030944133,0.027168302,0.016115254,0.010463786,0.011888814,0.0119674895,0.014372018,-0.0069404133,0.011781961,0.01670349,0.027935976,0.022710187,0.027667344,0.02084519,0.0075579663,0.017507872,0.019791644,0.02051843,0.031193068,-0.0010302553,0.026436215,0.019352894,0.01699435,0.027216513,0.03576936,0.026709618,0.016439522,0.020966196,0.011041398,0.018861093,0.013910536,-0.0015894894,0.028943308
