Family,3oxoDCA,3oxoLCA,7oxoDCA,Ala_DCA,Asn_CA,Asp_CA,Asp_DCA,CA,CDCA,DCA,GDCA,GLCA,Gln_CA,Glu_CA,Glu_CDCA,Glu_DCA,LCA,Phe_CA,Phe_CDCA,Phe_DCA,TCDCA,TDCA,TLCA,Thr_CA,Thr_DCA,Trp_CA,Tyr_CA,isoCA_aMCA,isoLCA
12aHSDH%GENOME015584_936,0.08613412,0.012591651,0.05407147,-0.041408654,-0.0027536526,-0.11295291,-0.11529789,0.016702937,0.09893285,0.064857826,-0.054395027,0.03448872,0.023198925,-0.030650306,0.060319424,0.00033129295,-0.017257497,-0.0012334809,0.03361159,-0.11988925,-0.06824882,-0.1808262,-0.0882862,0.109808244,-0.009510931,-0.08895412,0.08971825,0.13160081,0.049664345
12aHSDH%GENOME044629_647,-0.0076271375,0.109014146,-0.01820676,0.03444187,-0.003148676,-0.042050637,-0.049751583,-0.0053969664,-0.024739904,0.091582395,0.14011921,0.12098599,-0.037920244,-0.11638079,-0.095000915,-0.10041342,0.043957595,-0.0576184,-0.02145913,0.008201245,0.077429324,0.12281429,0.112907864,-0.109323576,-0.050684348,0.04569319,-0.0791996,0.015576756,-0.07271552
12aHSDH%GENOME055489_1547,0.033374317,-0.005984658,-0.05257778,0.04984297,-0.05911425,-0.024124978,0.06442268,-0.030464947,-0.03131841,0.060148135,0.030260282,-0.012742598,-0.023706565,-0.066456765,-0.04955878,0.03394778,0.031739634,-0.04128698,-0.09899876,0.027882235,-0.056948196,0.025192454,-0.06230686,-0.031866014,0.08429139,-0.0011892889,-0.013907387,-0.004226427,7.527557e-05
12aHSDH%GENOME077010_272,0.058917556,0.07117769,-0.07507509,0.13690309,-0.088148296,-0.15960746,-0.017014122,-0.13038243,-0.014764099,0.17698212,0.12614858,0.1410984,-0.082678325,-0.1695391,-0.11626753,0.06392915,0.11313315,-0.12988071,-0.13497317,-0.0642445,-0.16089603,-0.166278,-0.05634943,-0.11879303,0.08233623,0.022775657,-0.038603768,0.0352039,0.191926
12aHSDH%GENOME126416_2228,-0.050092712,-0.00803623,-0.044149235,-0.0062934337,-0.0053704707,0.036282852,0.059989348,-0.019661088,-0.09398081,-0.0931958,0.012341535,-0.061556183,0.021616256,0.07104978,0.018135866,0.011943847,-0.008219901,0.033201084,0.080993935,0.0735192,0.09321066,0.17226422,0.106745236,-0.04488274,-0.013114875,-0.02541874,0.025666703,-0.07480897,-0.010916842
12aHSDH%GENOME136792_1072,0.06300512,0.033522684,-0.075882144,0.05631465,-0.09645677,-0.13279776,0.09300419,-0.097716324,-0.0971962,0.06945122,0.057943758,0.07795549,-0.036365557,-0.11003284,-0.07967001,0.087651774,0.105167694,-0.066605814,-0.056709602,0.09529222,-0.032762717,0.0056021577,0.014409888,-0.0771002,0.055008203,-0.02790354,-0.050834384,-0.039668668,0.082713835
12aHSDH%GENOME187328_883,0.0535739,0.04412641,-0.010229043,0.0030892726,0.017961979,0.011949846,0.031607863,-0.025359474,-0.05666138,-0.047779854,-0.07239247,0.015911506,0.054986354,0.015997766,0.039321873,0.046766296,-0.034426827,0.01940774,-0.033259455,0.01001261,-0.069106854,-0.029106181,-0.077309564,0.044184685,0.004301247,0.01193326,0.024519367,0.020121148,-0.029413443
12aHSDH%GENOME211747_1057,-0.0383874,0.034447376,0.07985699,-0.14337327,0.054980703,0.04443128,-0.077390105,0.08972458,0.08383697,-0.04157181,-0.071092136,-0.02220077,0.0993907,0.057474703,0.047889337,-0.06427331,-0.05930253,0.07867879,0.11140357,-0.046607107,0.03261249,-0.036814123,0.018129067,0.1071845,-0.047882732,0.018211175,0.037568387,0.061902557,-0.08837266
12aHSDH%GENOME225739_454,-0.083577946,-0.10640573,0.06120296,-0.065394625,0.030823134,0.020127924,-0.075546145,0.106174186,0.14858902,-0.09038463,-0.049620982,-0.102061555,-0.012244681,0.067139596,0.08690479,-0.10876019,-0.10097272,0.05266837,0.025858961,-0.11329051,0.120384715,0.07549295,0.08802128,0.0495563,-0.08622511,0.029655186,0.06928606,0.013695457,-0.11317194
12aHSDH%MBE7001463_1_SDR_family_oxidoreductase__Oscillospiraceae_bacterium_,0.010595629,0.10847504,0.029936891,-0.028759945,0.04290457,-0.021807902,-0.06135934,0.01106132,0.019213187,0.0028492827,-0.0012587976,0.075536475,0.03196006,-0.012615824,0.007943171,-0.02652653,0.035400156,-0.023263985,0.06823457,-0.024862543,0.03299014,-0.01856693,0.08199313,0.03750694,-0.07241209,-0.099936046,-0.051690564,0.015216879,0.05248277
12aHSDH%MBP3571641_1_SDR_family_oxidoreductase__Clostridia_bacterium_,-0.03381284,0.006548153,0.06411098,-0.03563206,0.060473505,0.11044219,-0.05711845,0.05073432,0.06155973,-0.05062991,-0.075094074,-0.020097505,0.074086316,0.086299784,0.07990628,-0.03152405,-0.0858161,0.06769421,0.0074578975,-0.07735993,-0.06096184,-0.089855626,-0.09056343,0.075943425,-0.030267615,0.075689405,0.09304871,0.061650068,-0.03824933
12aHSDH%MBQ2887473_1_SDR_family_oxidoreductase__Bacillota_bacterium_,-0.041414928,-0.06671052,0.021137903,0.023527075,0.007584511,0.02408572,0.0071973125,0.012816296,0.039935526,-0.018059328,-0.008871999,-0.04329157,-0.07874834,0.022374649,0.0041449093,-0.02606386,-0.024952617,0.028254263,-0.03589177,-0.026507633,0.012444088,0.017503733,-0.0033285161,-0.012457183,0.030117147,0.095034115,0.042553343,-0.004630162,-0.09368196
12aHSDH%MBQ4339583_1_SDR_family_oxidoreductase__Bacillota_bacterium_,0.06832657,0.06605971,0.023009839,0.074009985,6.554226e-05,-0.040805556,-0.0052017635,-0.011960839,-0.007133657,0.097213976,0.0861984,0.0913683,-0.049713686,-0.07345936,-0.0662098,0.011466972,0.07950318,-0.087503225,-0.08823695,-0.046766467,0.0120757865,0.043848895,0.04777617,-0.068178564,0.015115905,-0.13466048,-0.048545223,0.032114077,0.031840492
12aHSDH%MBQ4566268_1_SDR_family_oxidoreductase__Oscillospiraceae_bacterium_,-0.11235531,-0.11104154,0.080757186,-0.04537303,0.05530359,0.07689375,-0.05542457,0.11481974,0.08854194,-0.10707773,-0.09064413,-0.15719366,0.11397275,0.10681996,0.056375016,-0.08800656,-0.1265007,0.15029211,0.10476921,0.00778489,0.048799623,0.033265665,-0.036732275,0.09484807,-0.023330932,0.11576386,0.13419905,0.016841752,-0.14841007
12aHSDH%MBR0327374_1_SDR_family_oxidoreductase__Clostridia_bacterium_,0.043724723,0.04117049,0.11217806,-0.056916047,0.13427663,0.06711864,-0.035711147,0.08888163,0.050707813,-0.048507303,-0.20186871,-0.013498503,0.049607426,0.06289368,-0.019501299,0.054581188,-0.024659252,0.16311604,0.11212772,0.14507091,0.007367489,-0.013594789,-0.031956587,0.16003644,0.018205727,-0.06074704,0.10725732,0.09576335,-0.12186095
12aHSDH%MBR6816818_1_SDR_family_oxidoreductase__Clostridia_bacterium_,-0.0070510013,0.044836406,0.061916996,-0.052914664,0.07489382,0.046828974,0.03447378,0.028801689,-0.064823925,-0.03193573,-0.094493344,-0.030618474,0.089171685,0.00050191034,-0.035516396,0.017162746,-0.02704783,0.1616593,0.06019979,0.14231929,-0.0061563468,0.021407275,-0.01639385,0.029647632,-0.04001052,0.13231856,0.09136334,-0.00012744745,-0.062283743
12aHSDH%MBR6823493_1_SDR_family_oxidoreductase__Bacillota_bacterium_,-0.044650916,-0.026964819,0.056864206,-0.030923914,0.028131219,0.063621596,-0.020163994,0.03706305,0.0040173726,-0.05203921,-0.08279695,-0.05611692,0.07588586,0.08480022,0.037793435,-0.0029235429,-0.07248011,0.12287119,0.1063933,0.06534426,-0.026352355,-0.06077792,-0.069204345,0.07740034,0.0011408316,0.096788585,0.10219548,0.010054575,-0.08811366
12aHSDH%MBR7146259_1_SDR_family_oxidoreductase__Oscillospiraceae_bacterium_,0.007329694,0.06261906,-0.10468676,0.023591138,-0.11361263,-0.17175789,0.06193205,-0.10065287,-0.050315376,0.053745214,0.080534525,0.07247655,-0.13598542,-0.11217493,-0.1256062,0.064889215,0.11269395,-0.08304965,-0.020335788,0.09274563,0.0018396185,0.04026206,0.06925785,-0.095060386,0.08005872,-0.045251653,-0.08750718,-0.03699672,0.090012796
12aHSDH%MCH5186073_1_SDR_family_oxidoreductase__Oscillospiraceae_bacterium_,-0.067362845,-0.03182281,-0.017459434,-0.021266356,-0.027415942,0.028645916,0.020609977,0.025966957,0.016568514,-0.0076080034,0.037759513,-0.022557463,-0.029331334,0.013683576,-0.03678571,-0.043383513,-0.005603017,0.00895855,0.01608709,0.03458286,0.075463,0.089788035,0.081401065,-0.04025741,-0.021191945,0.006136589,-0.011391213,-0.04925195,-0.021764783
12aHSDH%MEE0965876_1_SDR_family_oxidoreductase__Bacilli_bacterium_,-0.04172214,-0.01705082,0.06601362,-0.08600201,0.09523795,0.059514195,-0.035244945,0.05441925,0.033414233,-0.10552584,-0.10092136,-0.054720923,0.094115235,0.08787765,0.09423376,-0.03300073,-0.06117068,0.07593599,0.114126846,-0.004348123,0.044722296,0.0073190755,0.057436973,0.09891386,-0.08240693,-0.013671416,0.024402473,0.01816351,-0.049900305
12aHSDH%NCB62655_1_SDR_family_oxidoreductase__Clostridia_bacterium_,0.01122164,-0.06787047,0.02238536,0.0027260482,0.035152387,0.035787042,-0.0123387845,-0.0073500792,0.0114768315,0.01745062,-0.02064412,-0.027831983,0.016179146,0.05364634,0.06885187,0.041055907,-0.019512912,0.04978039,-0.0033489827,-0.026278649,-0.07987507,-0.08431855,-0.096479416,0.034087002,0.036278516,0.046994463,0.08218421,0.026385898,0.04577591
12aHSDH%WP_055231566_1_SDR_family_NAD(P)-dependent_oxidoreductase__Anaerostipes_hadrus_,0.07732038,-0.0039409115,-0.028266344,0.059836812,-0.06011089,-0.06938131,0.015424929,-0.043742985,-0.03338413,0.07623682,0.052494098,0.038260773,-0.001857766,-0.04792683,-0.0045361468,0.074382484,0.029074859,-0.056128383,-0.057496566,-0.0029880179,-0.06215189,-0.054859422,-0.0763718,-0.011903711,0.06270953,-0.06270644,0.006887048,0.039739314,0.0652688
12aHSDH%WP_103229430_1_SDR_family_NAD(P)-dependent_oxidoreductase__Clostridium_sp__chh4-2_,0.14097244,0.07563588,0.030697873,0.026509011,0.046929054,-0.036799733,-0.07957984,-0.012361817,0.02408531,0.040882047,-0.04605949,0.07631483,0.01598845,-0.0022606137,0.04607401,0.03972778,0.037374463,-0.07792721,-0.050241143,-0.07396676,-0.10552044,-0.051841963,-0.005690905,0.02112427,-0.021520378,-0.120224774,-0.015751587,0.15218309,0.088912316
12aHSDH%WP_130435990_1_SDR_family_NAD(P)-dependent_oxidoreductase__Cuneatibacter_caecimuris_,-0.029486129,0.032810062,-0.099498786,0.052762393,-0.08445198,0.0064752917,0.0546274,-0.061944026,-0.04305695,0.015157482,0.057981804,0.059763238,-0.087927006,-0.024050191,-0.06118742,0.005269278,0.04149542,-0.0650187,-0.015435033,0.078877255,0.0129260365,0.027638426,0.041017197,-0.08585684,0.01311202,0.025566764,-0.09006622,-0.0940519,0.022630394
12aHSDH%WP_160708750_1_SDR_family_NAD(P)-dependent_oxidoreductase__Enterorhabdus_sp__P55_,-0.016607152,-0.09591839,0.1120754,-0.10472111,0.14304361,0.06540175,-0.14285076,0.11313974,0.13721508,-0.051169362,-0.08546607,-0.08400364,0.13405026,0.025763825,0.04532592,-0.081311464,-0.13861111,0.13666934,0.05089166,-0.1192132,-0.01864909,-0.07932933,-0.11092585,0.09918631,-0.032256905,0.117987186,0.107982166,0.12688854,-0.08268874
12aHSDH%WP_161844252_1_SDR_family_NAD(P)-dependent_oxidoreductase__Pseudoflavonifractor_sp__524-17_,-0.01830684,-0.071178116,-0.037838235,-0.005578584,-0.02870551,0.07524795,0.044051386,-0.017214747,-0.015514804,-0.033817526,-0.0219187,-0.022945473,0.027143192,0.07724269,0.043590225,0.041891903,-0.03197887,0.0075680315,-0.0007857557,0.014498673,-0.024615662,-0.027771268,-0.043814935,0.020024324,0.03776486,0.011222774,0.00494314,-0.020400207,-0.012406608
12aHSDH%WP_249318265_1_SDR_family_NAD(P)-dependent_oxidoreductase__Yeguia_hominis_,0.04539296,0.034341086,-0.00096823357,-0.058066558,0.037663396,-0.033759255,-0.011466469,-0.025477769,-0.03629973,0.012936123,-0.0528084,-0.015306025,0.028968446,0.007775533,0.030744374,0.03749724,0.02473349,0.015401572,0.037608016,0.008866251,-0.042255655,-0.047071606,-0.030335769,0.03852687,0.0064370837,0.020577155,0.014289822,0.03788814,0.03623258
12aHSDH%WP_251178417_1_SDR_family_NAD(P)-dependent_oxidoreductase__Adlercreutzia_agrestimuris_,0.0014661442,-0.0076918434,-0.04636535,0.1259806,-0.06480139,-0.047331944,-0.0135455895,-0.022930352,-0.02904752,0.0072848415,0.099453785,0.07032331,-0.063269764,-0.073907204,-0.10436366,-0.016256353,0.024368253,-0.020597558,-0.044098496,0.016610615,0.045246527,0.087056085,0.023562241,-0.09463726,0.042523913,0.0016917788,-0.00811163,-0.07991424,0.01967762
12bHSDH%GENOME225741_180,-0.020835655,-0.082122296,0.08110646,-0.045429345,0.06423975,0.06624012,-0.020841772,0.056858845,0.040168185,-0.09677779,-0.11105922,-0.091330625,0.08559008,0.10829524,0.12338622,-0.018811313,-0.09580179,0.07717194,0.037893426,-0.04365574,-0.028537454,-0.03952826,-0.049478997,0.11151877,-0.020040138,0.019755716,0.09304356,0.07337003,-0.11055541
12bHSDH%MDD6456291_1_SDR_family_NAD(P)-dependent_oxidoreductase__Lachnospiraceae_bacterium_,0.024097929,0.0440623,-0.029834645,0.07378152,-0.09886518,-0.10282278,-0.04650313,-0.03411475,0.010419255,0.04033569,0.079977676,0.07949609,-0.18401398,-0.06258094,-0.046898942,-0.017267574,0.056701478,-0.074370176,-0.040305294,-0.01236831,0.036282253,0.030713402,0.03772565,-0.08055272,0.014170667,0.0031100023,-0.05009221,-0.022028675,0.037543382
3aHSDH%3aHSDH%HJB56827_1_3-oxoacyl-ACP_reductase_FabG__Candidatus_Flavonifractor_intestinipullorum_,-0.027948862,0.10484236,-0.0251177,0.07538144,-0.05227467,-0.044981614,-0.02469117,-0.013265639,-0.0032576025,0.008703741,0.06219798,0.07306738,-0.0816643,-0.060551815,-0.08020449,-0.061615396,0.048368983,-0.039784435,0.014953485,0.03465003,0.059996065,0.06305694,0.08151537,-0.07290497,-0.036596138,0.00275907,-0.06562435,-0.090471156,0.014101023
3aHSDH%3aHSDH%MBO5160353_1_3-oxoacyl-ACP_reductase_FabG__Lachnospiraceae_bacterium_,0.03683154,0.12042185,-0.16762048,0.15085004,-0.09386767,-0.11326084,0.07668578,-0.19653212,-0.2025135,0.088743776,0.1377384,0.1677464,-0.07361994,-0.1666439,-0.1872248,0.053879105,0.14007835,-0.12227495,-0.072090946,0.11612978,-0.08540025,-0.006806963,-0.042593833,-0.14868717,0.074873224,0.033556905,-0.15210246,-0.08846085,0.17059256
3aHSDH%3aHSDH%MBQ7891058_1_3-oxoacyl-ACP_reductase_FabG__Erysipelotrichaceae_bacterium_,-0.025725558,0.090134576,-0.29063818,0.2721106,-0.30517045,-0.12097546,0.27963126,-0.2526209,-0.2917529,0.16679129,0.35068664,0.14178029,-0.2575932,-0.17991032,-0.1976122,0.18079552,0.26111722,-0.25987893,-0.1881699,0.26482087,0.012451638,0.110773705,0.080518685,-0.31560963,0.167872,-0.000302988,-0.23392393,-0.31798172,0.19169098
3aHSDH%3aHSDH%MCI8514525_1_3-oxoacyl-ACP_reductase_FabG__Lachnospiraceae_bacterium_,0.1449895,0.16641721,-0.07869231,0.08547801,-0.01677559,-0.0064612436,0.12880938,-0.11754549,-0.13643026,0.117154405,0.02691596,0.056206018,0.006953556,-0.07018327,-0.031175023,0.10480803,0.13524017,-0.14326546,-0.16123812,0.042688675,-0.14619815,-0.008006925,-0.024906123,-0.068479545,0.064347066,-0.1076231,-0.11236157,0.012975301,0.092765935
3aHSDH%3aHSDH%MCM1345206_1_3-oxoacyl-ACP_reductase_FabG__Muribaculaceae_bacterium_,0.058211632,0.0542801,0.039053284,-0.013702809,0.06307974,0.0040761726,0.05660362,-0.06427342,-0.082578756,0.056481935,-0.024750173,-0.04568359,0.20627357,-0.013451104,0.06455741,0.12500443,0.040542353,-0.0518642,-0.068910964,-0.092526734,-0.1553916,-0.18596336,-0.11614974,0.10399661,0.012488238,-0.12917571,0.0033948743,0.059709836,0.16028577
3aHSDH%3aHSDH%WP_062304377_1_SDR_family_NAD(P)-dependent_oxidoreductase__Sellimonas_intestinalis_,-0.0802942,-0.046331223,0.09701494,-0.046737555,0.04943292,0.07537466,0.0017561358,0.08832299,0.0853537,-0.03745484,-0.036725715,-0.116609246,0.042498093,0.07818827,0.0549625,-0.034596123,-0.056522865,0.041684736,-0.029522443,-0.07151125,0.016151343,0.008031915,-0.028753866,0.05933622,-0.017192619,0.03217215,0.060354784,0.029817408,-0.08958711
3aHSDH%3aHSDH%WP_117582908_1_MULTISPECIES__SDR_family_NAD(P)-dependent_oxidoreductase__unclassified_Collinsella_,0.06824073,0.09552994,0.014720779,-0.025642216,-0.019625204,0.005478672,0.0021889925,0.035021342,0.023378603,-0.017287124,-0.10551736,-0.07793942,0.030911865,-0.012134168,0.056174092,0.0044883885,0.00041321907,0.019777484,0.025576329,0.06358703,-0.037247613,-0.023028703,-0.024607453,0.07079818,-0.0019311922,-0.022226889,-0.008599118,0.03246737,-0.046108603
3aHSDH%3aHSDH%WP_215683787_1_glucose_1-dehydrogenase__Dorea_formicigenerans_,0.014481745,-0.0061264145,0.0011839048,-0.017527156,0.039385423,-0.011950012,0.006039719,-0.007305852,0.015448637,0.029908774,-0.0487499,-0.05073113,0.0023368066,0.03001688,0.02598813,0.012971816,0.033929285,0.04082675,0.03652417,0.04522575,-0.029141435,0.049019758,0.053161558,0.014450668,0.01553038,-0.022822965,0.03281869,0.05727344,0.0177681
3aHSDH%3aHSDH%WP_226969791_1_SDR_family_oxidoreductase___Ruminococcus__lactaris_,0.048186775,-0.010493763,0.0007135506,-0.029449847,-0.043217663,-0.037648674,-0.003115503,-0.038185474,0.013640974,0.021276003,-0.01926862,0.025707407,-0.11711026,-0.026252221,-0.054023672,0.08767332,0.02566597,0.025202546,0.0153559875,0.04456653,-0.06695372,-0.116645224,-0.10735611,-0.0066836034,0.09561556,0.052610718,-0.0047503794,0.015270948,0.08014515
3aHSDH%3aHSDH%WP_270387972_1_SDR_family_NAD(P)-dependent_oxidoreductase__Blautia_hansenii_,-0.10228191,-0.02300493,-0.021071836,0.022272658,0.007528786,0.062047068,0.02097696,0.00739245,-0.0062376796,-0.047240242,0.03872832,-0.014308634,-0.0036114408,0.040202197,0.00059303606,-0.04517995,-0.03778269,-0.0015910902,-0.037155576,-0.025709044,0.037660588,0.087734394,0.04462254,-0.054080777,-0.039232798,0.07299095,-0.0117553035,-0.04614486,-0.049836658
3aHSDH%CAG5237306_1_short_chain_dehydrogenase__Streptococcus_pneumoniae_,-0.025694884,-0.04133281,0.14758317,-0.08683457,0.16108362,0.0748938,-0.20842354,0.15182057,0.23980409,-0.06673794,-0.18780267,-0.08110365,0.13415004,0.08633369,0.13286439,-0.18686862,-0.14990433,0.1529469,0.112673834,-0.1732371,-0.030421574,-0.079480216,-0.052733254,0.17103674,-0.0988941,0.05968791,0.11097081,0.16045982,-0.1491825
3aHSDH%GENOME060426_131,0.09245398,-0.04387999,-0.03138741,0.0825238,-0.082081795,-0.04174968,0.06180308,-0.07251224,-0.071778394,0.07025682,0.00570072,0.028901007,0.0036400396,-0.038235407,0.0051557827,0.070506155,0.0575364,-0.050838493,-0.04411529,0.054275006,-0.11293456,-0.103828564,-0.07194355,-0.026110504,0.055381894,0.036875077,-0.022187427,0.02802716,0.033645924
3aHSDH%GENOME084620_3418,-0.008290747,-0.13239385,-0.09321236,0.17927858,-0.070447095,-0.007879659,0.15884542,-0.09870376,-0.046593543,0.09353679,0.12507328,-0.03466395,-0.18469457,-0.02003542,-0.026034502,0.07736298,0.066573694,-0.11337635,-0.20342371,-0.001607056,-0.045563992,0.08513632,-0.03384364,-0.13492467,0.1392822,-0.0045102043,0.002635543,-0.08169074,0.0074137812
3aHSDH%GENOME084674_3322,0.1032833,0.041512843,-0.11492228,0.13013515,-0.15035594,-0.09512352,0.11354456,-0.15127575,-0.13154908,0.09951986,0.09118301,0.0897839,-0.12616734,-0.09667434,-0.08470627,0.12031445,0.12172331,-0.12718767,-0.14587992,0.04466088,-0.10499804,-0.03372469,-0.063914366,-0.13448894,0.10737967,-0.026933199,-0.062009085,-0.047636732,0.15226635
3aHSDH%MBQ9141038_1_SDR_family_oxidoreductase__Lachnospiraceae_bacterium_,0.02796157,-0.076198004,0.04253553,-0.026850397,0.056109853,0.0027832806,0.013370462,0.012686258,-0.022158701,-0.050333653,-0.0926482,-0.06151404,0.102209,0.023398845,0.03787912,0.0503321,-0.021236358,0.07455101,0.045487493,0.02275523,-0.04389055,0.0017803661,-0.017499182,0.052537985,0.043053836,0.05434452,0.0563474,0.07016295,-0.052058157
3aHSDH%MCI6633699_1_3-oxoacyl-ACP_reductase_FabG__Clostridiales_bacterium_,-0.10971604,-0.06449065,0.047736473,-0.048726596,0.07826788,0.10878667,-0.08345877,0.09829442,0.07976084,-0.11004423,-0.06912973,-0.06325578,0.023777349,0.14498645,0.10960701,-0.10100601,-0.10475401,0.10716797,0.10506775,-0.046276603,0.1012394,0.11734012,0.07798504,0.04998127,-0.089246534,0.0073503684,0.12257921,-0.01159234,-0.10284287
3aHSDH%MCI6899085_1_SDR_family_oxidoreductase__Mycoplasmatota_bacterium_,0.0061703827,0.034709517,0.005662801,-0.01887318,0.009165272,0.036672972,-0.05041274,0.035631105,0.02061612,-0.05503268,-0.0041482616,0.08506217,-0.0072863824,0.026839044,-0.040164992,0.031601332,-0.022429774,-0.003743408,0.031676605,0.017525839,0.033895314,0.023923684,0.06872139,-0.034725185,-0.023631476,-0.03456968,-0.037352957,0.03048653,-0.007901217
3aHSDH%MCI8568452_1_3-oxoacyl-ACP_reductase_FabG__Bacilli_bacterium_,-0.016002124,-0.013745615,0.099437036,-0.15741307,0.05067463,-0.02978372,-0.11902973,0.09296336,0.112104215,-0.15725696,-0.14009266,-0.12909578,0.039589852,0.038821664,0.06392959,-0.048805375,-0.13119625,0.13075562,0.09348093,-0.07732363,0.022982782,-0.058551595,-0.05690889,0.07439021,-0.07454262,0.06799,0.10539441,0.063724324,-0.003639982
3aHSDH%MCI8931631_1_SDR_family_oxidoreductase__Lachnospiraceae_bacterium_,-0.059765197,-0.008632309,-0.07718925,0.03910782,-0.07992461,-0.0224311,0.020552922,-0.0011568406,-0.026176956,-0.056106936,0.07212766,-0.0642137,-0.104747936,-0.0021488175,0.017099705,-0.07107493,-0.05753149,-0.015939303,-0.011089964,0.028952854,0.1164642,0.18153054,0.08893184,-0.09561085,-0.040721383,0.025950199,0.062429614,-0.09010171,-0.07353392
3aHSDH%MCM1266841_1_3-oxoacyl-ACP_reductase_FabG__Bacteroidales_bacterium_,-0.022558816,0.00054625585,0.061451845,-0.016338622,0.0727412,0.06602251,-0.063460745,0.03038373,0.040274296,-0.08089653,-0.031243041,-0.009891492,0.0180072,0.038824055,0.031282473,-0.056265853,-0.053923458,0.014927712,-0.03353037,-0.111992456,0.009080726,-0.014773708,-0.053356953,0.018437898,-0.051791,0.045598373,-0.012856784,0.041528262,-0.046530623
3aHSDH%MCR4878926_1_SDR_family_NAD(P)-dependent_oxidoreductase__Bacteroidales_bacterium_,-0.073270686,0.00031476692,0.089449905,-0.099014685,0.13770147,0.14579964,0.045196623,0.084798194,-0.04414059,-0.17970836,-0.13715559,-0.19588928,0.1650659,0.2087042,0.2201566,0.050773177,-0.12948763,0.16146457,0.117007196,0.11912505,0.09092665,0.09006171,0.053083472,0.16966416,-0.09415631,0.02653196,0.122644864,-0.022568986,-0.17387386
3aHSDH%MDE7008868_1_3-oxoacyl-ACP_reductase_FabG__Lachnospiraceae_bacterium_,-0.16076538,-0.08678057,-0.05587704,0.02266019,-0.06666302,0.17016008,0.10208984,0.039501894,-0.14547817,-0.076213956,0.1748998,-0.11612813,-0.035304073,0.14635903,0.06578927,0.015388462,-0.06802192,0.018843487,0.020879943,0.13768914,0.24095133,0.22707708,0.014798244,-0.08386097,-0.04676105,0.06044267,0.081816256,-0.24924709,-0.06441937
3aHSDH%MDE7282987_1_SDR_family_oxidoreductase__Lachnospiraceae_bacterium_,0.020957656,-0.087283984,0.05761395,-0.030443491,0.05014656,0.0054823444,0.026870023,0.02668355,-0.0116378395,-0.02542017,-0.04581512,-0.082599185,0.071615875,0.04254525,0.057343736,0.03946088,-0.004800199,0.05392342,0.016645864,0.006424337,-0.010752846,0.04342823,0.0139535805,0.019001655,0.013156381,0.01876276,0.058018327,0.071509115,-0.026151149
3aHSDH%MDE7415347_1_SDR_family_oxidoreductase__Lachnospiraceae_bacterium_,0.077494115,0.08121532,-0.3151203,0.3128253,-0.2677194,-0.19801295,0.23156507,-0.29999194,-0.19291648,0.20024866,0.2763311,0.23540415,-0.340126,-0.23257607,-0.29848915,0.19205505,0.29206365,-0.3360355,-0.30207905,0.104374886,-0.12530546,0.043567628,0.015806165,-0.3509212,0.24726705,-0.09499196,-0.23646827,-0.1877336,0.27230197
3aHSDH%NBI02399_1_3-oxoacyl-ACP_reductase_FabG__Lachnospiraceae_bacterium_,0.111340486,-0.021733446,0.0025577662,0.08915303,0.048949055,-0.020692714,0.013355608,-0.07467703,-0.048237897,0.014213243,-0.041665014,0.12900688,0.0023464505,-0.035476353,-0.018851586,0.10248937,0.029881496,-0.045895968,-0.08551423,-0.012931939,-0.14612901,-0.110783875,-0.0943297,0.009377019,0.06361095,-0.04188973,-0.025656411,0.08575627,0.053931378
3aHSDH%WP_020436139_1_MULTISPECIES__SDR_family_NAD(P)-dependent_oxidoreductase__Mediterraneibacter_,-0.03311254,-0.032151554,0.059424505,-0.1379116,0.034599017,0.09176268,-0.06745054,0.0501701,0.05776959,-0.02845409,-0.063079946,-0.02616106,0.05537173,0.10012405,0.10353847,-0.02502463,-0.116684884,0.112456635,0.110261075,-0.045077518,0.0051296796,-0.14797843,-0.06331458,0.07717091,-0.10218427,0.103706315,0.10733403,0.02249609,-0.0061867987
3aHSDH%WP_044950032_1_SDR_family_NAD(P)-dependent_oxidoreductase__Mediterraneibacter_gnavus_,0.09945703,-0.048772976,0.09886977,-0.04347243,0.11743875,-0.011032708,-0.13741742,0.04347238,0.07349172,-0.056305032,-0.13334009,0.013511313,0.08003909,0.040043235,0.07809289,0.016426826,-0.08446067,0.061412755,0.007094933,-0.119806744,-0.09546515,-0.08942362,-0.08765599,0.09628493,-0.03299128,-0.03544325,0.11270384,0.21008055,0.019900661
3aHSDH%WP_087213392_1_MULTISPECIES__SDR_family_NAD(P)-dependent_oxidoreductase__Sellimonas_,-0.18406337,-0.051135972,0.031814072,-0.10261637,0.021520443,0.05094222,-0.00089232804,0.111739695,0.04826239,-0.17783338,0.0034529532,-0.03028529,0.036130466,0.07121262,-0.03816666,-0.05754559,-0.096004695,0.098748,0.09311523,0.032062814,0.19844307,0.18061563,0.16231596,-0.008227017,-0.045483485,0.09610571,-0.0067248084,-0.08085086,-0.17609203
3aHSDH%WP_104968339_1_3-oxoacyl-ACP_reductase__Streptococcus_pluranimalium_,-0.07734118,-0.15410142,0.028444981,-0.036710966,0.011798557,0.048003457,0.0059289485,0.058429815,0.08298473,-0.02078569,0.021574022,-0.07775921,0.010293187,0.055074476,0.045467205,-0.0024779784,-0.07976172,0.028495941,-0.006866401,-0.059613876,0.030576287,-0.008310905,-0.0005936627,0.0013746333,0.0048911,0.005448158,0.0559736,0.00036035557,-0.023574688
3aHSDH%WP_109137584_1_SDR_family_oxidoreductase__Bifidobacterium_catulorum_,0.024354126,0.06375816,-0.13171844,0.06405443,-0.09765553,-0.05469035,0.0566197,-0.13535549,-0.13797218,0.04592126,0.07706796,0.08560156,-0.07677992,-0.033752155,-0.037855875,0.056422308,0.089468166,-0.057620354,-0.010562569,0.06203593,-0.030304851,-0.009030089,-0.0066391127,-0.103009194,0.028084671,0.05998516,-0.05244868,-0.095544435,0.12681535
3aHSDH%WP_161845208_1_SDR_family_NAD(P)-dependent_oxidoreductase__Pseudoflavonifractor_sp__524-17_,-0.10895545,-0.08039366,0.11860952,-0.13927267,0.09867235,0.1427671,-0.07460474,0.12617542,0.13583982,-0.09398035,-0.08712115,-0.09263307,0.08904324,0.1410568,0.14898023,-0.092764825,-0.13671027,0.09134011,0.073507465,-0.10117395,0.03135081,-0.060650013,0.014487822,0.09840727,-0.1314732,0.082062356,0.07954495,0.067259185,-0.07193589
3aHSDH%WP_182279434_1_SDR_family_NAD(P)-dependent_oxidoreductase__Collinsella_intestinalis_,0.015689246,0.045405675,0.07235983,-0.0636936,0.043426253,0.013341167,-0.07563686,0.08008507,0.082685985,-0.017083235,-0.06613678,-0.0434693,0.04299571,-0.0036340463,0.06460095,-0.08125666,-0.028452646,0.016535105,0.05584868,-0.05199107,0.027583463,-0.03676753,0.012426624,0.08049068,-0.073808864,-0.035934545,-0.0017124533,0.056784153,-0.060409117
3aHSDH%WP_191282235_1_SDR_family_oxidoreductase__Pseudolysinimonas_yzui_,-0.074326545,0.086454846,0.06178911,-0.01823933,-0.055923797,0.031895414,-0.010623014,0.057406936,-0.0038772298,-0.11962823,0.024979534,-0.030736437,-0.013425672,0.010144579,0.06547035,-0.025677068,-0.0373778,-0.015279662,-0.025070367,-0.020554693,0.109714985,0.036307298,0.049844865,0.021776939,-0.10051009,0.036704604,-0.052942585,-0.072452046,-0.059430256
3aHSDH%WP_205009953_1_3-oxoacyl-ACP_reductase__Streptococcus_loxodontisalivarius_,-0.13412224,-0.04552531,-0.03492858,0.016735967,-0.124344915,-0.1161866,-0.014928403,-0.011853366,0.07849684,0.044985734,0.190536,-0.045729354,-0.15595765,-0.07557838,-0.0874505,-0.09974452,0.009039288,-0.07946435,-0.090901524,-0.11568175,0.0518371,0.051566288,0.05765409,-0.18757315,-0.011353922,0.084692955,0.036408212,-0.033904575,0.06479506
3aHSDH%WP_231385278_1_SDR_family_NAD(P)-dependent_oxidoreductase__Candidatus_Stoquefichus_massiliensis_,-0.064695254,-0.054981433,0.061138056,-0.043691907,0.044721592,0.015138406,-0.011889069,0.061132085,0.027152669,-0.09218045,-0.03472197,-0.04376174,0.0398954,0.054788623,0.019367086,-0.012609149,-0.06860738,0.094053976,0.028735247,-0.021317301,0.06752712,0.08003364,0.056835186,0.02796823,-0.017505853,0.04067047,0.07298015,0.019468108,-0.096254736
3aHSDH%WP_270208025_1_SDR_family_oxidoreductase__Eggerthella_lenta_,0.0029155284,0.010676248,-0.15186828,0.15617459,-0.15959296,-0.03997824,0.099916436,-0.14224607,-0.13466701,0.056475487,0.12759788,0.106948614,-0.1316501,-0.065757506,-0.10402532,0.070735365,0.08459248,-0.077163465,-0.09333528,0.11390157,-0.045911822,0.016027585,-0.04298273,-0.15700504,0.08402065,0.09207023,-0.0606955,-0.1406804,0.092526816
3aHSDH%WP_289544896_1_SDR_family_NAD(P)-dependent_oxidoreductase__Enorma_phocaeensis_,-0.08369746,-0.09090042,0.1176756,-0.093813,0.12230213,0.07339135,-0.029328063,0.103326805,0.08395133,-0.06633539,-0.03982829,-0.12230877,0.10562055,0.08231272,0.09106659,-0.07386003,-0.116478205,0.08614707,0.025529392,-0.110546395,0.052803926,0.024235768,-0.01974832,0.079539604,-0.06811564,0.027443752,0.07309668,0.042185713,-0.1370623
3aHSDH%WP_427737837_1_SDR_family_NAD(P)-dependent_oxidoreductase__Bariatricus_sp__SGI_154_,0.015606545,-0.043596268,-0.063903734,0.030734232,-0.06241911,0.00822052,0.062332936,-0.04559333,-0.058736823,0.06278783,0.10229326,-0.011473256,-0.025237031,-0.003585446,-0.0033014729,-0.0002646971,0.0077142967,-0.10948624,-0.07915235,-0.053711347,-0.003421669,0.015411815,-0.050132427,-0.05320184,0.02996754,-0.03950352,-0.0458181,-0.047483813,0.04570551
3bHSDH%GENOME124823_1686,0.083427496,-0.07301527,0.32794753,-0.49230435,0.45752838,0.20226423,-0.5005169,0.29967147,0.2802151,-0.29680264,-0.509617,-0.13972928,0.53167826,0.27438974,0.34832364,-0.30127904,-0.40932095,0.40358317,0.4749504,-0.28406742,-0.009035889,-0.30121428,-0.24127597,0.491238,-0.362907,0.1837283,0.19767429,0.35535324,-0.14457484
3bHSDH%WP_100933575_1_SDR_family_NAD(P)-dependent_oxidoreductase___Clostridium__innocuum_,0.067468494,0.024065007,0.05935221,-0.0070832353,0.032389164,-0.07716284,-0.08268223,0.021398159,0.027616847,-0.023843545,-0.056151267,0.045288432,0.05086874,-0.024456866,0.008771314,-0.008788776,-0.02257358,0.013153386,-0.018596701,-0.07493393,-0.038668577,-0.018768836,-0.025579805,0.05011341,-0.0125240795,-0.03772328,0.055553705,0.12964095,-0.01764113
3bHSDH%WP_186937525_1_glucose_1-dehydrogenase__Eggerthella_hominis_,0.09452322,0.08904659,-0.088890225,0.090079844,-0.1255986,-0.06937939,0.0904707,-0.12711936,-0.10316696,0.10394309,0.06657882,0.09196083,-0.13681865,-0.03868446,-0.011858087,0.12806335,0.13050537,-0.11236246,-0.09328437,0.056859378,-0.094620965,-0.033099756,-0.009988647,-0.07571599,0.09080978,-0.061209418,-0.069874614,-0.017936371,0.13572288
5AR%GENOME006039_2690,0.052952647,-0.103627674,0.14061148,-0.10284624,0.18898793,0.07709044,-0.08461863,0.119859874,0.07248743,-0.040976852,-0.17889903,-0.06480191,0.1731446,0.11356855,0.111291036,0.037197243,-0.10603026,0.19462681,0.10050525,-0.012367708,-0.0030760758,-0.035257462,-0.07277517,0.19434792,-0.034581836,-0.059044223,0.1902643,0.13218017,-0.065600514
5AR%GENOME012336_2253,-0.10367602,0.097241186,-0.12370876,0.08088813,-0.12366416,-0.04091731,-0.008430025,-0.061779793,-0.073977396,-0.05612261,0.13883519,0.047298994,-0.17091404,0.014863019,-0.018555826,-0.05480441,0.024416087,-0.046199325,0.03196669,0.034662947,0.16114594,0.16405173,0.111227944,-0.1601737,-0.06419637,0.09266135,-0.017020265,-0.213964,0.03743941
5AR%GENOME078645_81,0.0004012811,0.09420811,-0.060389865,0.082693435,-0.08235004,-0.073130466,0.012722127,-0.055809867,-0.057325635,0.012666095,0.05785228,0.0842883,-0.058689054,-0.071683995,-0.09503321,0.008771885,0.06159984,-0.046062775,-0.0159168,0.04849041,0.013118801,0.009896304,0.019621922,-0.08207218,0.0061325096,0.0299562,-0.04673915,-0.09067524,0.05672221
5AR%GENOME084343_2181,0.07547058,-0.03578808,-0.09916934,0.087497674,-0.08989848,-0.05038483,0.0907545,-0.09223973,-0.07571693,0.11894106,0.13575992,0.018732524,-0.08268953,-0.037570685,-0.0012395141,0.107637584,0.07540891,-0.14025618,-0.103231914,-0.032315437,-0.048454665,0.01578556,-0.043974243,-0.094360635,0.10774625,-0.14106286,-0.041579004,-0.04053213,0.09171352
5AR%GENOME086572_2986,-0.09482301,0.0176691,-0.06201685,0.033202544,-0.09995608,0.044721156,-0.011876958,0.018496992,-0.016593289,0.0035539838,0.14012757,0.03592065,-0.063397385,-0.0332293,-0.09000721,-0.108683884,-0.008837152,-0.034308106,0.041744407,0.08056905,0.10432495,0.108005635,0.093558,-0.1439484,-0.030891864,0.11616752,-0.10456343,-0.116389476,-0.052296992
5AR%GENOME107567_81,-0.035918154,0.035332255,0.019411054,-0.02073814,-0.052791916,-0.0589784,-0.074094586,0.02766964,0.079236396,-0.025007915,0.01998533,0.0035468417,-0.09807229,-0.0029057425,0.026422512,-0.04665176,0.0006946395,-0.030604275,0.0020065194,-0.09597852,0.06472918,-0.013839227,0.016069012,-0.017583264,-0.04448615,0.03922393,0.0004320176,-0.0026153307,0.015595984
5AR%GENOME140582_2251,0.12361148,0.011185675,0.07845572,0.010273977,0.028672049,-0.006833432,-0.038045373,0.0023334443,0.008169215,0.08372753,-0.027875358,0.02133336,0.031846426,-0.03734064,0.039594397,0.006527223,0.034033064,-0.013153897,0.020615345,-0.013812613,-0.09409217,-0.11832957,-0.04367789,0.067813404,0.005613166,-0.11975565,-0.028720986,0.10472462,0.027712598
5AR%GENOME142018_414,0.012656163,0.11464498,-0.10109661,0.079857714,-0.08643844,-0.075561225,0.09962984,-0.08478184,-0.049894203,0.05975969,0.0779095,0.05050817,-0.08589263,-0.15344046,-0.12961674,-0.0020689021,0.11773896,-0.1442393,-0.1453658,0.054975353,-0.042595297,0.04833043,0.07213624,-0.12342866,0.031330653,-0.0157911,-0.16306278,-0.045171265,0.057188712
5AR%GENOME170052_106,0.033228535,0.09874905,-0.014336131,-0.044414703,0.02294818,-0.042592395,-0.040623985,-0.02595948,0.021521559,-0.038639925,-0.05900952,0.049597193,-0.024143416,0.024614448,0.055550527,-0.0021669366,0.0021317406,-0.037697446,-0.00918675,-0.105732225,-0.0063311104,-0.03888571,-0.0037407463,0.04726376,-0.03210223,-0.07029306,-0.0013532952,0.023515478,0.03042246
5AR%GENOME179594_130,-0.14432941,0.10188158,-0.05127886,0.030441206,-0.05231796,0.009116389,-0.093559645,0.025167242,0.07269869,0.043429207,0.18325147,0.13852932,-0.12693723,-0.05965204,-0.15942271,-0.10789483,0.023484241,-0.064498305,0.039261244,-0.0499271,0.17009026,0.03684182,0.15592507,-0.14810044,-0.09785254,0.029284462,-0.11701921,-0.18767227,0.06980324
5AR%GENOME179896_434,-0.109047845,-0.0555735,-0.007870095,-0.07771315,-0.0055495463,0.043168224,-0.0808006,0.047620267,0.069574125,-0.0312747,0.07277161,-0.08361588,-0.005843198,-0.004505619,0.05159557,-0.17960125,-0.096455835,-0.0049605737,0.040945254,-0.09909099,0.0891589,-0.0029150837,0.032232832,-0.043326665,-0.13166575,0.15927266,-0.003146854,-0.024001613,-0.04021772
5AR%HIU55603_1_DUF1295_domain-containing_protein__Candidatus_Gallibacteroides_avistercoris_,-0.19853047,0.095858164,-0.12640163,-0.045298982,-0.07527045,0.16047166,-0.057271764,0.06794562,0.05115875,-0.12290654,0.063814394,0.0715222,-0.044413447,0.066972636,-0.091125175,-0.1487277,-0.04835592,-0.008406606,0.13700818,0.08361819,0.21256061,0.13828878,0.1625604,-0.11418721,-0.11137982,0.12238433,-0.14684263,-0.19242686,-0.12485435
5AR%MBD5276024_1_DUF1295_domain-containing_protein__Bacteroides_sp__,0.021090541,0.0023480507,0.01225524,-0.01221427,0.00025399623,-0.081439115,0.011883748,0.02111251,0.03483078,0.079885736,0.06859419,-0.0015041983,-0.022108842,-0.13404752,-0.04590982,-0.029660236,0.042001083,-0.07010146,-0.06438527,-0.022763453,-0.004528793,0.006078449,0.030754548,-0.030881913,0.019596966,-0.015939089,-0.097465605,0.041349754,-0.009950903
5AR%MBP3601379_1_DUF1295_domain-containing_protein__Alistipes_sp__,0.031667307,0.07651427,-0.0651262,0.056948803,-0.06246172,-0.031232692,0.01660752,-0.026452184,-0.01837466,0.044905998,0.07352372,0.10262901,-0.091375254,-0.09078121,-0.10174328,0.0012854725,0.0866159,-0.10786478,-0.041045476,0.036979094,0.03975111,0.048678443,0.07602827,-0.08036998,0.04143345,-0.05449212,-0.16149372,-0.074772604,0.0102442475
5AR%MBR4740186_1_DUF1295_domain-containing_protein__Bacteroidales_bacterium_,-0.0034040269,0.028250374,-0.12914827,0.11432617,-0.1138061,-0.043264817,0.11006739,-0.11551227,-0.119881146,0.05927755,0.11733624,0.1261858,-0.0993828,-0.091873854,-0.12135783,0.043715447,0.06965703,-0.10423422,-0.10932334,0.043221187,-0.0039412053,0.04026557,-0.0037074566,-0.13174981,0.047329914,0.040439416,-0.07978115,-0.11049156,0.045164786
5AR%MCH5217706_1_DUF1295_domain-containing_protein__Muribaculaceae_bacterium_,0.05072854,0.046743106,-0.08492222,0.07996846,-0.10557947,-0.076898575,0.08388612,-0.081364125,-0.08875452,0.071004316,0.09629471,0.08632608,-0.059323467,-0.081709005,-0.07234648,0.078112446,0.082255214,-0.09555862,-0.073604465,0.05798478,-0.023536675,0.0097700255,-0.010975547,-0.083549835,0.06503198,-0.03578705,-0.073132575,-0.053903773,0.07329608
5AR%MCR5660240_1_DUF1295_domain-containing_protein__Bacteroidales_bacterium_,-0.14186625,0.055902492,0.017805234,-0.14444989,0.06332394,0.14202927,-0.07237936,0.14380525,0.082373075,-0.13358384,-0.04157752,-0.047503904,0.05247467,0.07952769,0.00682783,-0.12883605,-0.11491783,0.12122034,0.16444913,0.079138644,0.18563047,0.11752415,0.13015427,0.00834685,-0.146551,0.084082276,-0.0015158334,-0.07643425,-0.14752632
5AR%WP_005657188_1_DUF1295_domain-containing_protein__Bacteroides_stercoris_,-0.0009286161,-0.05730585,-0.08062059,0.10067286,-0.05044147,-0.00025204566,0.07925777,-0.09263394,-0.10228426,-0.024039581,0.047469176,0.04401013,-0.028284004,0.009251901,-0.02474035,0.06455933,0.041734204,-0.05287835,-0.04301999,0.018571358,-0.026384918,0.015449721,-0.03816085,-0.06335471,0.06475068,0.038640827,-0.048934303,-0.053878393,0.026297018
5AR%WP_300108487_1_DUF1295_domain-containing_protein__uncultured_Alistipes_sp__,0.062358335,0.1083108,-0.09789191,0.101471074,-0.08022122,-0.10744776,0.054108057,-0.110304594,-0.1188331,0.05258727,0.068071835,0.14607686,-0.042255502,-0.090762116,-0.08800746,0.068377964,0.112733774,-0.105649985,-0.042898394,0.043513738,-0.015853666,-0.0039320467,0.010656377,-0.06679174,0.04724195,-0.051470537,-0.09684465,-0.08920303,0.0827445
5AR%WP_302729833_1_DUF1295_domain-containing_protein__Bacteroides_sp__ET489_,-0.00094657706,0.07296442,0.04952446,-0.09080628,0.051077433,-0.04691451,-0.08464247,0.059769124,0.07971234,-0.015390711,-0.06805216,-0.011535454,0.048732117,-0.011696325,0.03556424,-0.08750913,-0.037764806,0.04950676,0.061263528,-0.04379747,0.020940548,-0.008312903,0.0061728237,0.078258015,-0.06489036,-0.0076477407,0.0154899685,0.052311335,-0.046470355
5AR%WP_346709278_1_DUF1295_domain-containing_protein__Phocaeicola_salanitronis_,-0.024806773,-0.09373684,0.05493835,-0.04569209,0.094148785,0.11019125,-0.025409006,0.0790089,0.0026121824,-0.07317224,-0.087558545,-0.034426466,0.082225844,0.13718027,0.07611624,0.022932762,-0.082739055,0.15545997,0.097736694,0.062368102,0.071354434,0.074175864,-0.0046774987,0.0729346,-0.042951867,-0.0061433055,0.14530271,0.0009130383,-0.07488132
5AR%WP_418203978_1_DUF1295_domain-containing_protein__Bacteroides_sp__,-0.10741067,-0.054894596,0.01104498,-0.02836721,0.03823359,0.053326827,0.022098202,0.022583492,0.06747672,0.0005283016,-0.0033559643,-0.037895318,0.05593143,0.008050215,-0.036556903,-0.066868395,-0.009840726,-0.006611401,0.008738067,-0.06821927,-0.00053659896,-0.017983003,0.0574029,0.011623607,-0.027505789,-0.01932899,-0.027926095,-0.0072999084,0.010754314
5BR%CAK7070565_1_MAG__NADPH_dehydrogenase__Parabacteroides_sp__,-0.036688596,0.07678144,-0.061109886,-0.008288432,-0.028599853,-0.028853137,0.0012235879,-0.035383586,-0.038855944,-0.025847113,0.04067903,0.028710755,-0.03800643,-0.008907456,-0.02751684,0.0068852575,0.012399925,-0.010796432,0.024879334,-0.0046762694,0.052029967,0.036431767,0.028945921,-0.049875364,-0.011818745,0.017442005,-0.002009047,-0.09672921,0.043539863
5BR%GENOME006024_4796,-0.09428562,-0.013888785,0.0029827992,0.048373602,-0.025405005,-0.013572515,0.18665218,-0.045474205,-0.019038206,0.046222735,0.05936515,-0.08849096,0.05834494,-0.0069648055,0.060631514,0.07789667,0.08684799,-0.14851208,-0.15918131,-0.09564798,-0.05066388,-0.027783683,0.08927049,0.050093845,0.05586328,-0.17796543,-0.08735761,-0.025582884,0.0024940372
5BR%GENOME141824_1849,-0.09298617,-0.011706779,0.033012778,-0.009607555,-0.06673943,0.09631759,-0.0038848517,0.08275303,0.065313436,-0.06500237,0.055711694,-0.025160106,-0.049086522,0.07142947,-0.0071327523,-0.05952224,-0.043260425,-0.025010161,-0.019358987,-0.059214182,0.10613409,0.060585562,0.046763606,-0.06948007,-0.02094361,0.061040953,-0.03500405,-0.07218234,-0.12627333
5BR%HIX74022_1_NADH_flavin_oxidoreductase__Candidatus_Parabacteroides_intestinipullorum_,0.19329178,-0.09882668,0.07225439,0.021834917,0.07689175,-0.025645906,0.02855242,-0.020893814,-0.052265298,0.0819948,-0.12501466,-0.0011143785,0.06981368,0.026539003,0.073957175,0.16889152,0.012947738,0.101062305,-0.017192211,0.054519318,-0.14576668,-0.097390264,-0.15982367,0.12317548,0.08969473,-0.1189908,0.16601862,0.14984475,0.06343775
5BR%MBO4402754_1_NADH_flavin_oxidoreductase__Bacteroidales_bacterium_,-0.03180839,0.014307801,0.06470617,-0.060253296,0.07934636,0.083761126,0.026352718,0.04656723,0.03039371,-0.02705314,-0.04576818,-0.06300005,0.09516434,0.077383734,0.090214215,-0.016079834,-0.07022657,0.03649566,-0.024745652,-0.08520505,-0.018792307,-0.025233088,-0.011490107,0.054226886,-0.06648562,-0.0069248355,0.06108142,0.01143889,-0.03162812
5BR%MBO7234306_1_NADH_flavin_oxidoreductase__Paludibacteraceae_bacterium_,-0.090278715,0.06711984,-0.10181403,0.089249276,-0.08771918,-0.029326152,-0.0010671619,-0.041547373,-0.04541217,-0.025727382,0.14235829,0.08779243,-0.12483236,-0.048170246,-0.07604586,-0.07212694,0.031784587,-0.07413504,-0.014055852,0.013741499,0.14034098,0.13889238,0.11176359,-0.13897234,-0.049561456,0.050792146,-0.07812752,-0.1685661,0.005158297
5BR%MBO8446450_1_NADH_flavin_oxidoreductase__Candidatus_Enterocola_intestinipullorum_,-0.11603253,-0.036685087,0.016277764,-0.0111573255,0.048608724,-0.010180378,0.055106856,-0.003176705,0.07555794,-0.006384977,-0.01798631,-0.075430304,0.038826674,-0.029191867,-0.052056126,-0.03632514,0.024456006,-0.012402668,-0.03600023,-0.07608425,-0.04965852,-0.019420408,0.064544365,-0.0041773873,0.024166526,0.016330143,-0.034864236,0.009283492,0.008094962
5BR%MBQ8101082_1_NADH_flavin_oxidoreductase__Paludibacteraceae_bacterium_,0.03952282,0.05850889,0.011980452,-0.02417964,0.028353818,0.03394626,0.015229969,0.007173791,0.006475397,0.023496492,-0.05542101,-0.03545427,0.050385796,-0.006446908,0.030526346,-0.010280597,-0.010076131,0.0063438313,-0.04253364,-0.008060499,-0.063966006,-0.0075306655,-0.03426492,0.032832406,-0.01154649,-0.0068023037,0.011870731,0.052464586,-0.022900868
5BR%MCD8287651_1_NADH_flavin_oxidoreductase__Porphyromonadaceae_bacterium_,-0.003995871,0.041079834,0.020193512,-0.07683782,0.046753682,0.073511094,-0.044048037,0.008751342,0.01654225,-0.11311606,-0.09174468,-0.041352738,0.061555766,0.095786676,0.10735969,-0.029502003,-0.072457716,0.02987901,0.041259866,-0.07607557,-0.0016090807,-0.07580905,-0.0701124,0.064387344,-0.090545245,0.04178716,0.024157263,0.015623987,0.0023947186
5BR%MCF0197806_1_NADH_flavin_oxidoreductase__Bacteroidaceae_bacterium_,-0.056058135,0.02547195,0.08823388,-0.1476805,0.055678595,0.035349317,-0.06208449,0.09051022,0.09068308,-0.040085457,-0.04350064,-0.061477587,0.05705145,0.08950849,0.072675616,-0.038544565,-0.050031256,0.070618354,0.09425297,-0.06043622,0.07166398,-0.0063606333,0.023600997,0.09022324,-0.068979375,-0.04346159,0.06244881,0.06622605,-0.045876123
5BR%MCH5231198_1_NADH_flavin_oxidoreductase__Muribaculaceae_bacterium_,0.14160952,0.120557964,0.064268,0.053339887,0.0071073878,-0.028006937,-0.04905105,0.016456686,0.03723744,0.116265,0.05035899,0.05322659,-0.032663204,-0.104024746,0.008454098,-0.0024416337,0.08833423,-0.14054705,-0.098491885,-0.08652407,-0.042375803,-0.035196055,0.015008062,0.012230485,0.00039565295,-0.20323034,-0.127135,0.08244718,0.04214544
5BR%MCQ2066925_1_NADH_flavin_oxidoreductase__Bacteroidaceae_bacterium_,0.089919195,-0.008608617,-0.05666668,0.039390523,-0.03219248,-0.001639173,0.06894689,-0.06836274,-0.058342572,0.0751774,0.03899946,-0.0044823457,-0.018263951,0.006473122,0.028683757,0.13768531,0.044689003,-0.08204146,-0.08565951,-0.04723059,-0.09289118,-0.052354068,-0.08059975,-0.028894756,0.10425526,-0.11043991,-0.016401293,-0.015487683,0.088534154
5BR%MCQ2271787_1_NADH_flavin_oxidoreductase__Bacteroidales_bacterium_,0.030939002,-0.10063209,0.09563402,-0.059939418,0.1669428,0.015464774,-0.013164215,0.045197353,0.08372483,-0.023658812,-0.19467047,-0.08027868,0.21822363,0.06467189,0.108344555,0.03901441,-0.06949609,0.12223842,0.060650345,-0.08022485,-0.10806777,-0.11182767,-0.06496909,0.22272184,0.009940591,-0.14548849,0.13595332,0.13869503,0.009361949
5BR%MDD5892138_1_NADH_flavin_oxidoreductase__Bacteroidales_bacterium_,0.03000164,0.044178423,-0.046778917,0.0037339884,-0.041985348,-0.07301982,0.060009994,-0.020759922,-0.06909922,0.025476506,0.042099983,0.010785936,0.010228352,-0.06780843,-0.06614414,0.052900225,0.063729174,-0.016830517,-0.002517185,0.08296278,0.03730902,0.09045721,0.04825396,-0.035960227,0.04654231,-0.044682704,-0.049964383,-0.042297572,0.024231844
5BR%MDD5962634_1_NADH_flavin_oxidoreductase__bacterium_,-0.05295735,-0.09877245,0.031119948,0.020023193,0.021163296,0.037780102,-0.0317198,0.06481036,0.07200649,0.017373905,0.024069762,-0.035116572,-0.027190285,0.065131925,0.04776886,-0.015483856,-0.012697264,0.040045176,0.042682786,-0.019016787,0.06856108,0.1035616,0.07167719,0.008305604,0.027782127,-0.0130062355,0.040969353,0.013216453,-0.083854415
5BR%MEI7492181_1_NADH_flavin_oxidoreductase__Bacteroidota_bacterium_,-0.052917622,-0.012526996,0.0761348,-0.12782334,0.12565039,0.16793638,-0.15479058,0.10502931,0.10528027,-0.15950419,-0.19953845,-0.002511319,0.15582718,0.18231083,0.2069466,-0.18678299,-0.14018895,0.1831666,0.29419988,-0.060559496,0.094525635,-0.038277715,-0.02458023,0.20548671,-0.18430251,0.08306417,0.018200353,-0.0012782362,-0.13949628
5BR%MEZ3591839_1_NADH_flavin_oxidoreductase__Muribaculaceae_bacterium_,0.16334863,0.11018266,-0.1373866,0.1369401,-0.18440995,-0.19708577,0.07653854,-0.17540246,-0.17058133,0.13488485,0.101987064,0.17152438,-0.1687524,-0.13925108,-0.08178893,0.13890196,0.1678902,-0.125984,-0.0824754,0.11594691,-0.081346825,-0.05143504,-0.07378795,-0.10083931,0.10556705,-0.034889296,-0.07040835,-0.050555788,0.16695984
5BR%WP_008142631_1_NADH_flavin_oxidoreductase__Phocaeicola_coprophilus_,-0.041121516,-0.239685,-0.03082409,0.06703572,-0.024694232,0.004375479,0.09924323,-0.029945485,-0.029764539,0.007097631,0.033099834,-0.07667714,0.052293386,0.05246817,0.01586414,0.09602069,-0.030296614,0.022296576,-0.033329472,-0.01806311,-0.051075373,-0.010077277,-0.12165724,0.008336379,0.13756856,-0.026112534,0.07949085,-0.04937484,0.028059483
5BR%WP_182654491_1_NADH_flavin_oxidoreductase__Alistipes_indistinctus_,-0.023093095,0.0072212303,0.15157375,-0.071540624,0.11570202,0.01911276,0.020860743,0.10236893,0.15516597,-0.035309117,-0.12460171,-0.14216357,0.056927606,-0.029890293,0.031155657,0.0074918554,-0.011519006,0.031054217,-0.096514985,-0.08462026,-0.05436388,-0.039575767,0.057903748,0.100125216,-0.0122798085,-0.054757968,0.027968219,0.13829397,-0.05555284
5BR%WP_250710077_1_NADH_flavin_oxidoreductase__Bacteroides_fragilis_,-0.2373909,-0.033750616,0.008359424,-0.041680112,-0.0514361,0.09713129,0.04911057,0.072905555,0.0946412,-0.03406969,0.12155389,-0.10423203,-0.049811326,0.015287931,-0.09058846,-0.10023232,-0.057166044,-0.034698468,-0.07217048,-0.07397475,0.11272785,0.03872499,0.095795505,-0.10694865,-0.068020456,0.113307625,0.008943818,-0.10611606,-0.036607534
5BR%WP_259010233_1_NADH_flavin_oxidoreductase__Parabacteroides_distasonis_,-0.1609965,-0.015873328,-0.07947924,-0.017468015,-0.118745014,0.062426854,-0.0238908,-0.0019641153,0.035692673,0.018936424,0.19555289,0.072071694,-0.0980365,-0.035553526,-0.1470315,-0.12955499,0.0068948753,-0.090399444,0.009214517,-0.04616277,0.10796733,-0.012543546,0.06586886,-0.19339275,-0.06663785,0.14110853,-0.14826658,-0.1504507,0.057214756
5BR%WP_279088787_1_NADH_flavin_oxidoreductase__Alistipes_putredinis_,0.025283832,0.034179974,-0.05821688,0.039041173,-0.036719132,-0.07123265,0.06340332,-0.05805683,-0.069843896,0.036864057,0.062087182,0.052340146,0.0003098828,-0.051377445,-0.048484012,0.07015062,0.051418837,-0.064318255,-0.04501172,-0.007479015,-0.00039358222,0.0081093935,-0.01090217,-0.04051832,0.04747144,-0.072471455,-0.03681977,-0.06730759,0.057384286
5BR%WP_295936477_1_NADH_flavin_oxidoreductase__uncultured_Alistipes_sp__,0.035055313,0.11898006,-0.06616423,0.08470262,-0.08266244,-0.09161878,0.03120448,-0.076574475,-0.08233983,0.034738768,0.051348127,0.09117025,-0.069440305,-0.109993316,-0.110226415,0.024703858,0.087949865,-0.045028534,-0.020812204,0.106498174,-0.023395741,-0.01134807,-0.000128911,-0.08191554,0.023060493,0.0353727,-0.073987775,-0.08243295,0.070339814
5BR%WP_300285921_1_NADH_flavin_oxidoreductase__uncultured_Alistipes_sp__,-0.032984383,0.01213387,0.043558262,-0.052068453,0.048399255,0.09737802,-0.013593962,0.089940846,0.008298681,-0.04492079,-0.062159047,0.03367214,0.04728358,0.06760276,-0.035705373,0.0339206,-0.026813082,0.13678308,0.10719159,0.14970213,0.1020523,0.076258965,0.04665092,0.04232638,-0.043678917,-0.028590363,0.04636833,-0.042387173,-0.034187604
5BR%WP_302380465_1_NADH_flavin_oxidoreductase__uncultured_Alistipes_sp__,-0.070507646,0.08994777,-0.109532855,0.059757967,-0.12912564,-0.08430641,0.0013992378,-0.050680198,-0.050217494,-0.012407495,0.13260421,0.049954362,-0.16040821,-0.021602143,-0.03897446,-0.028455963,0.053918645,-0.06411984,0.027074965,0.023233445,0.14876823,0.14358884,0.11295462,-0.13326855,-0.030747522,0.012419003,-0.031721033,-0.1695519,0.05266624
5BR%WP_394671717_1_NADH_flavin_oxidoreductase__Muribaculum_sp__,-0.006002475,-0.075478345,0.13696894,-0.035701614,0.101564445,-0.04782306,-0.027831083,0.0524714,0.1412645,0.06626702,-0.0653355,-0.055422768,0.08281333,-0.034168426,0.022598261,-0.04716938,-0.012588079,0.013798548,-0.05683135,-0.15989868,-0.08678004,-0.103548385,0.037594393,0.09664679,-0.030268343,-0.07690474,0.085357964,0.1878059,-0.01600162
5BR%WP_418992344_1_NADH_flavin_oxidoreductase__Alistipes_sp__,0.024971453,0.07944344,-0.0533463,0.0073280013,-0.029220195,-0.03557773,0.03356206,-0.055498764,-0.05634954,0.00930743,0.026162786,0.037523977,-0.021446431,-0.012020074,-0.014600639,0.067509554,0.040211093,-0.033339676,-0.02187902,-0.009254155,0.0014197492,-0.012312722,-0.017849974,-0.03431195,0.011728598,-0.03908741,-0.016469132,-0.06991117,0.08460174
7aHSDH%EOW9602512_1_SDR_family_NAD(P)-dependent_oxidoreductase__Escherichia_coli_,-0.2503753,-0.011722853,0.08285182,-0.15905675,0.072378494,0.19304529,-0.14312306,0.16752523,0.08235686,-0.27732274,-0.12941349,-0.12774073,0.16318417,0.24805975,0.21319607,-0.24261878,-0.26171643,0.26577324,0.29031634,-0.009174503,0.22598891,0.09974161,0.025938341,0.14238514,-0.27154824,0.24155875,0.18143599,-0.11206633,-0.19192253
7aHSDH%GENOME011662_3430,-0.015769573,-0.06932678,-0.0033193007,0.040543757,-0.0075468444,-0.00041567496,0.05460707,-0.0028954968,-0.014026466,0.04668271,0.0678442,-0.00888514,-0.003924334,-0.016397523,-0.021786565,0.018310018,0.027796466,-0.04874597,-0.04784703,-0.0027495832,0.00870663,0.044820193,0.022662122,-0.022071471,0.051145505,-0.06479267,-0.033648852,-0.0012506177,-0.031855684
7aHSDH%GENOME067790_2714,-0.013036638,-0.09185232,0.022578765,-0.028016806,0.04902313,-0.015319858,0.029357547,-0.006034078,-0.010993995,-0.05923387,-0.084665224,-0.017478477,0.059128795,0.013696294,-0.016856106,0.04945603,-0.056124974,0.08333085,0.0006378968,0.03969141,-0.06397752,-0.034693837,-0.073811986,0.06487021,0.06270272,0.03839068,0.07912084,0.05441839,-0.040729184
7aHSDH%GENOME070302_884,0.036796078,-0.015035597,0.046062455,-0.011955367,0.03288977,-0.087956764,0.007801578,0.022213435,-0.031009639,-0.02246134,-0.026490802,0.003373052,0.058519043,-0.017685635,-0.026120977,0.06664835,0.012286942,0.047834683,0.020944247,0.032343782,0.01208124,0.07390246,0.06687644,0.040815115,0.05643203,-0.077607416,0.041076154,0.06321525,-0.043577045
7aHSDH%GENOME086444_1757,0.003991707,-0.015383188,-0.033418722,0.00687739,-0.03632052,-0.09374135,-0.0048942263,-0.03114272,-0.026968615,0.02938088,0.058971535,0.046887856,-0.054111954,-0.052581213,-0.020505777,-0.019663353,0.039281346,-0.049157146,-0.011943872,-0.025877444,0.032521382,0.027459256,0.023406912,-0.031383406,0.011152187,0.028981594,-0.036731225,-0.020013168,-0.0024937387
7aHSDH%GENOME103762_694,0.043928217,0.07096055,-0.011545905,-0.030550571,0.009464348,-0.027267797,0.03983693,-0.023411876,-0.050245184,0.036652356,0.00046917758,-0.0061441376,0.04243102,-0.027802236,-0.033582494,0.036845576,0.05482091,-0.02564517,-0.021184433,0.011871688,-0.034073576,-0.00069681945,-0.0016764392,0.0013877788,0.0275051,-0.025874536,-0.02301949,0.015385695,0.057386685
7aHSDH%GENOME150027_3593,0.020516738,0.030257113,0.10040627,-0.08732505,0.11400622,0.026623784,-0.17614464,0.07749182,0.10923863,-0.06047751,-0.12689865,0.0035968653,0.09157515,0.047934163,0.07996204,-0.10789032,-0.10143939,0.07973708,0.02042994,-0.13717408,-0.044930086,-0.08310227,-0.061332475,0.09491695,-0.12103536,0.0827396,0.10466055,0.17686062,-0.024173083
7aHSDH%GENOME215422_1346,-0.100935824,-0.060393877,0.10934487,-0.141986,0.059430633,0.03602027,-0.14204836,0.13148879,0.15851898,-0.11371933,-0.08866871,-0.125424,0.07788167,0.070312865,0.07161846,-0.116356395,-0.14843565,0.13333187,0.10488535,-0.10663314,0.06593012,-0.052129555,-0.00030984235,0.08222433,-0.10439191,0.08820215,0.13270685,0.066660255,-0.05278444
7aHSDH%HAY2965420_1_SDR_family_oxidoreductase__Escherichia_coli_,-0.19324689,-0.051310312,0.078867264,-0.10601858,0.07031215,0.19549416,-0.06327149,0.12858342,0.039133836,-0.21047874,-0.10655659,-0.10010991,0.16468607,0.227564,0.20535803,-0.14896224,-0.17477217,0.21672343,0.25440532,0.017394641,0.1981133,0.08186943,0.028596463,0.17001542,-0.18782814,0.11657444,0.10534648,-0.11870523,-0.18173736
7aHSDH%HEX5818085_1_7-alpha-hydroxysteroid_dehydrogenase__Gemmatimonadales_bacterium_,-0.0053149443,0.028548328,-0.060278717,0.043595523,-0.057822276,0.0031519777,0.06409469,-0.046776954,-0.057032898,0.030872019,0.077132404,0.045790266,-0.038085207,-0.038900577,-0.056421857,0.012705811,0.05131106,-0.07767102,-0.036800552,0.025920749,0.017200015,0.039517745,0.057264395,-0.06388846,0.018156983,-0.06353853,-0.086065166,-0.05523213,0.042013105
7aHSDH%MBHC130__Clostridiales_bacterium_1_7_47FAA_,-0.00023204334,0.0100469375,0.03170314,-0.028961617,0.035030752,0.018547153,-0.09386217,0.030358253,0.043919217,-0.013769074,-0.02830526,0.010271061,0.01542951,0.030055482,0.017720144,-0.038840737,-0.04011791,0.050532818,0.055322003,-0.039943162,-0.010493231,-0.019776605,-0.005859189,0.020763753,-0.021085095,0.03269669,0.042324707,0.050973274,-9.718189e-05
7aHSDH%MCI7810995_1_SDR_family_oxidoreductase__Clostridiales_bacterium_,-0.030128788,-0.0144726895,-0.04710942,-0.008078308,-0.0076643676,-0.029946197,0.024824012,-0.017450418,0.024429293,0.021814592,0.015836276,-0.009693594,-0.016070893,-0.015610138,-0.026109958,-0.007655024,0.03286227,-0.053261075,-0.0059064226,0.008056108,0.02029406,0.031371105,0.055406194,-0.02152903,-0.0012434836,-0.07478477,-0.039783772,-0.009639846,0.045204923
7aHSDH%MEO8122524_1_7-alpha-hydroxysteroid_dehydrogenase__Burkholderiales_bacterium_,-0.1823319,0.0486513,0.21085249,-0.20913425,0.18805143,0.25922942,-0.086403266,0.22670217,0.07521692,-0.34022817,-0.30923304,-0.11901706,0.29265648,0.2977102,0.25760397,-0.14280716,-0.26717106,0.3834786,0.35385886,0.083130285,0.20304185,0.06321218,0.014172919,0.32841095,-0.2863865,0.1162322,0.20588093,-0.075504825,-0.24419615
7aHSDH%WP_003507641_1_7alpha-hydroxysteroid_dehydrogenase___Clostridium__symbiosum_,0.01573015,-0.049331546,0.09031519,0.030569265,0.09732635,-0.012643443,0.00029278322,0.063356355,-0.023769157,-0.050354604,-0.07541188,-0.007818025,0.008497235,0.055135664,-0.008389795,0.06665648,-0.028823392,0.18018498,0.061928548,0.11535816,0.10834029,0.18154967,0.058937125,0.05759123,0.0025322777,-0.07123678,0.16446857,0.008794479,-0.08482014
7aHSDH%WP_025075670_1_7alpha-hydroxysteroid_dehydrogenase__Bacteroides_faecichinchillae_,-0.1219138,0.08166763,-0.11114539,0.033959482,-0.11983084,-0.028764876,-0.022731256,0.010236473,0.022468405,-0.009149266,0.1802994,0.058780264,-0.19100079,-0.08015819,-0.15017344,-0.11549336,0.054921236,-0.11095473,0.011072958,0.049195364,0.19062729,0.20565034,0.20049928,-0.18269357,-0.010444302,0.0242176,-0.20439452,-0.17945895,-0.02133591
7aHSDH%WP_071121323_1_7alpha-hydroxysteroid_dehydrogenase__Romboutsia_timonensis_,-0.07042309,-0.08433823,0.13057986,-0.087339,0.08997563,0.11277748,-0.057977125,0.119564526,0.14065172,-0.021027695,-0.08231368,-0.11929927,0.084183834,0.09053356,0.08611518,-0.07128149,-0.12391631,0.10426335,0.010765412,-0.10548195,-0.029833041,-0.08374026,-0.09604673,0.109603144,-0.02872617,0.07282788,0.12627648,0.09010065,-0.10081624
7aHSDH%WP_262434703_1_7alpha-hydroxysteroid_dehydrogenase__Jilunia_laotingensis_,-0.01362544,0.053472992,0.07937512,-0.039453827,0.07459921,0.055523742,-0.049344964,0.047495853,0.09156085,0.03730734,-0.06509699,-0.018842602,0.059203893,-0.008111751,-0.0024489262,-0.108152,-0.0048405947,-0.0070269746,0.007396537,-0.094482794,-0.044316884,-0.055999093,0.07841184,0.03417939,-0.088118255,-0.019924805,-0.008856264,0.103655554,-0.025968201
7aHSDH%WP_288686302_1_SDR_family_NAD(P)-dependent_oxidoreductase__partial__uncultured_Bacteroides_sp__,0.0040909303,-0.07647119,-0.025389368,0.049776506,-0.023947774,-0.01602793,0.025102545,-0.020107092,-0.025113428,0.04940293,0.06855335,-0.044545855,-0.020202277,-0.013940264,0.020588985,-0.030402683,-0.00016367993,-0.03849414,-0.045967303,-0.020728994,-0.006439379,0.06668275,0.018527731,-0.05432894,0.029993813,0.021514915,-0.007387692,0.006533661,-0.030266695
7aHSDH%WP_303013929_1_7alpha-hydroxysteroid_dehydrogenase__uncultured_Bacteroides_sp__,0.002435587,-0.003989764,-0.016781026,0.029326795,-0.018962635,-0.020061765,-0.021281721,0.02179246,0.020696618,0.0063078483,0.05477955,-0.052276786,-0.101004675,-0.0014556501,0.056066945,-0.074734144,-0.011885903,-0.05126737,-0.023742767,-0.023464307,0.07894986,0.15952328,0.11241965,-0.055418774,-0.02499161,-0.042503648,-0.015403688,-0.00996672,-0.056645732
7bHSDH%GENOME075272_507,0.060168535,0.05490793,0.041668616,-0.045636583,0.04788713,0.013231371,-0.06161909,0.05212935,0.098077014,-0.015867755,-0.10247449,-0.034541704,0.0072126915,0.0399876,0.10744678,-0.016540652,-0.0454256,0.02246362,0.005297139,-0.068207204,-0.00091438816,-0.0037261809,0.02607655,0.095382124,-0.05434821,-0.12468962,0.07023351,0.057791527,0.004604304
7bHSDH%WP_394860677_1_7beta-hydroxysteroid_dehydrogenase__Mediterraneibacter_gnavus_,-0.03986062,-0.07417242,0.06320794,-0.06458886,0.05200473,-0.02203349,-0.0076068286,0.055694018,0.0319703,-0.09691708,-0.07705272,-0.005768908,0.03253895,0.03330421,0.0010844342,0.018064948,-0.07616882,0.0925314,0.026864786,-0.0072597326,0.04171456,0.06270875,0.030050939,0.056526467,0.0023918673,0.014888958,0.075557165,0.050898515,-0.09327247
BSH1%UPI0001652BA3,0.07169777,0.04891102,-0.04892592,0.034509376,0.019999648,-0.031927332,0.012470253,-0.02496476,-0.037190363,0.063361555,0.009431593,0.044339202,0.0129764965,-0.06257347,-0.05575308,0.035766486,0.071875066,-0.04705123,-0.024783287,0.07221105,-0.0066861017,0.044004127,0.03368022,-0.040829375,0.005456584,-0.07804894,-0.06957162,0.0075278785,0.056097746
BSH1%UPI0001B1C28E,-0.22991298,-0.12958927,-0.011379739,-0.04897836,0.022704924,0.16869612,-0.04569166,0.15166721,0.09365354,-0.09598957,0.1141261,-0.061591968,-0.03784437,0.13796467,5.2470714e-05,-0.1418102,-0.107724294,0.08731926,0.10705066,0.04010591,0.304726,0.27128497,0.17451668,-0.09780173,-0.12770814,0.053831708,0.04837283,-0.15683155,-0.13581921
BSH1%UPI0001DE6025,-0.06409939,0.04210012,0.06816981,-0.15529267,0.09636265,0.07321247,-0.11983651,0.10573234,0.102896206,-0.06520322,-0.06640014,0.004647568,0.07373621,0.026224151,0.073821574,-0.16376476,-0.121041745,0.08094437,0.0798438,-0.074658215,0.07423112,-0.017371677,0.053471662,0.08618656,-0.17486873,0.086010724,0.019906411,0.042027988,-0.08465252
BSH1%UPI0002624191,0.03956537,0.02679965,-0.05815559,0.082516305,-0.06756344,-0.0719337,0.009858468,-0.07735245,-0.07190504,0.01626634,0.036406077,0.052288424,-0.11650788,-0.05064671,-0.0009936893,-0.012209718,0.035384506,-0.049487762,-0.033687457,0.023419552,-0.02462903,0.035902727,0.01367036,-0.049179558,0.026069457,0.028117819,-0.033650577,-0.0140718175,-0.0018754858
BSH1%UPI0002CB0E7D,0.052447945,-0.03646392,-0.024652602,0.058900356,-0.014188451,-0.06382607,0.02043185,-0.03458703,-0.057689443,0.025774064,0.029215403,-0.03151899,-0.04458291,-0.021782184,0.015552504,0.024699358,0.03070019,-0.026579611,-0.021765452,0.028791146,-0.002440428,0.10600831,0.02166834,-0.032089077,0.06589384,-0.046130605,0.003627376,0.01595419,-0.020428497
BSH1%UPI00033F0DE9,0.018382901,-0.05992891,-0.06755231,0.105728365,-0.054015085,-0.008501968,0.091750965,-0.07859065,-0.08103126,0.036716346,0.041651268,0.028299058,-0.03255027,-0.00781426,-0.029161353,0.07001326,0.068733126,-0.06239269,-0.031605113,0.053438634,-0.05294124,0.0014456621,-0.017986255,-0.042759944,0.09305192,-0.02287712,-0.054143094,-0.04898965,0.042936455
BSH1%UPI0003A10C39,0.0047347834,0.13619068,-0.09795659,0.08107254,-0.110903986,-0.12673049,-0.021957919,-0.06744815,-0.050175514,0.0325899,0.12960684,0.12745202,-0.18280014,-0.10420877,-0.098028146,-0.017879846,0.10505934,-0.08719726,-0.0004423456,0.06706188,0.10184523,0.115143925,0.12408335,-0.12971087,-0.010418747,-0.034963958,-0.101959504,-0.11224889,0.07468058
BSH1%UPI00044AC395,-0.105090834,-0.0060108434,0.013932532,0.0068933303,-0.023967005,0.023042073,0.06231207,0.011444666,0.0060441806,0.02898602,0.09042632,-0.028253334,-0.07396031,-0.04539263,-0.13203514,-0.011573801,0.023491692,-0.015340856,-0.071309045,0.027657237,0.051449582,0.043247238,0.099971905,-0.12506983,-0.032753095,0.0712569,0.011250565,-0.03915525,0.013721185
BSH1%UPI0004BCDDD9,-0.036978964,0.08029631,0.057131108,0.009529146,0.010375692,-0.017215814,0.011478092,0.0037151135,0.05371079,0.02676957,0.006506754,0.027557679,-0.03711705,-0.07677684,-0.114695854,-0.0014254994,0.05214787,-0.054996014,-0.098751634,-0.028719043,-0.05648718,-0.09012456,0.04719971,-0.03733997,-0.021214448,-0.008298236,-0.037883893,0.060008537,0.045305785
BSH1%UPI0004D69CD5,0.12408291,-0.01708243,0.016764583,0.075377084,0.017106256,-0.046012152,0.0011250946,-0.02970904,-0.017658815,0.063438274,0.001254118,0.019221002,-0.034790978,-0.03434168,0.03565513,0.043577548,0.040756077,-0.06979247,-0.08359092,-0.061235115,-0.06543813,0.018247347,-0.014066857,0.011403153,0.080442145,-0.12933066,-0.016808892,0.08802989,-0.032790095
BSH1%UPI0004D6A0E9,0.18470415,0.1290729,0.03384719,-0.0157707,0.040625628,-0.051865336,0.010284134,-0.018718936,-0.0192237,0.102204435,-0.020664692,-0.006285174,0.014775011,-0.07489462,0.014421684,0.06289345,0.09911114,-0.07664692,-0.09148941,-0.018348202,-0.08952413,-0.005518538,0.023228697,-0.011715398,0.016700342,-0.17548835,-0.053573865,0.11851105,0.08968932
BSH1%UPI0004F8D610,-0.028241174,0.11642477,-0.06515162,-0.01758367,-0.06891488,-0.045938402,-0.036344096,-0.01651034,0.0059002396,-0.030127421,0.06502158,-0.003913918,-0.15074717,-0.012114243,0.028535577,-0.08966709,0.0067653214,-0.067173384,0.009693135,-0.02749244,0.09988854,0.114608586,0.1056108,-0.08270668,-0.07021145,0.0051873284,-0.047423586,-0.08106102,0.014039673
BSH1%UPI0005DBBD01,-0.036972407,-0.09207287,0.06113606,-0.075313516,0.04226208,0.09360049,0.03498668,0.064472854,0.08336289,0.011860596,-0.042298432,-0.055620242,0.09734505,0.07574011,0.059044056,0.0110042365,-0.030651158,0.01697194,-0.0016999405,-0.05125048,-0.01937927,-0.06396688,-0.020844925,0.10407853,0.031396843,-0.038398787,0.010333943,0.05221593,-0.08114538
BSH1%UPI00070D1B8F,-0.17807432,-0.020553173,-0.06820608,-0.0008365567,-0.068951845,0.09874031,0.0037360957,0.011359765,-0.00423852,-0.12417791,0.060884368,0.017741228,-0.03591849,0.056402016,-0.051017113,-0.07832225,-0.034709115,-0.00795424,0.062344197,0.025726018,0.12389526,0.04439179,0.062326342,-0.084369205,-0.05613923,0.16728891,-0.092010595,-0.17108405,-0.03827195
BSH1%UPI00073AFD00,0.20954922,0.043900654,-0.029860498,0.09451617,-0.09830839,-0.17502481,0.039616946,-0.09939102,-0.09784626,0.1676947,0.067066364,0.09716231,-0.069227554,-0.10112105,-0.01957269,0.1561076,0.13047493,-0.095768444,-0.074579604,0.031139348,-0.1253635,-0.055372737,-0.03671928,-0.045126457,0.13300711,-0.15118366,-0.021306269,0.06844671,0.121141836
BSH1%UPI00076E9CCB,0.14616111,-0.04002059,-0.012698049,0.101994105,-0.013718308,-0.06435902,0.063163236,-0.08640593,-0.092950575,0.10481639,0.027431749,0.02228107,0.00818135,-0.06283333,-0.01478504,0.12694198,0.09195512,-0.070460565,-0.088732354,-0.0012359256,-0.140934,-0.044325963,-0.058600947,-0.024287269,0.13447729,-0.11250665,-0.041203972,0.06502376,0.07497585
BSH1%UPI0007933BD5,0.2073114,0.0794073,0.09431641,-0.006613103,0.03264797,-0.054265875,-0.08108518,0.017212499,0.064238206,0.09769051,-0.08392705,-0.009519916,-0.07741991,-0.03453834,0.09760913,0.0084542995,0.032508276,-0.04768337,-0.08331027,-0.07500836,-0.1185982,-0.074876696,-0.019709744,0.05253395,-0.00083734194,-0.09480628,0.010829556,0.19977075,0.019839369
BSH1%UPI000801FF16,-0.05673579,0.034134474,0.008968883,0.013265643,-0.00016671741,-0.054308522,0.010382513,-0.0040361555,0.07440544,0.06086412,0.040003084,-0.021417487,-0.0047253924,-0.085092336,-0.083576135,-0.046061058,0.067086585,-0.08228611,-0.06484557,-0.061357833,-0.038754664,-0.044902764,0.0943784,-0.04183339,-0.010605796,-0.036866575,-0.07239537,0.02889495,0.068349734
BSH1%UPI00093BFB8C,0.019099485,-0.05050931,0.0086578345,0.03423448,0.023966186,0.055360083,0.06288451,-0.030646883,-0.091364,-0.10081253,-0.082854725,-0.007231891,0.040407415,0.08400976,0.02286344,0.09701076,-0.021889115,0.08307112,0.0184737,0.05680481,-0.0190134,0.0074035614,-0.090655506,0.04222773,0.03855452,0.032026123,0.065237686,-0.01743736,-0.017621214
BSH1%UPI00095B1DAC,-0.01751944,0.0086896,0.001569552,0.09177321,-0.055690512,-0.085172765,0.13008608,-0.048509303,-0.021705523,0.15115774,0.18505149,0.001342749,-0.15019551,-0.13479432,-0.16166557,0.05781891,0.14799996,-0.14252102,-0.20807755,0.013798244,-0.016319476,0.04733385,0.120153666,-0.18779321,0.055423345,-0.044399533,-0.063383125,0.009142281,0.078419186
BSH1%UPI00095C7CBB,0.084973186,0.16846451,0.08879241,0.008087612,0.014750207,-0.06339502,-0.17237814,0.058368564,0.088745154,0.0044632927,-0.037157957,0.046912245,-0.045192055,-0.09659967,-0.014563146,-0.149897,0.03644376,-0.040583268,0.030568734,-0.055397063,0.0013361898,-0.01099675,0.07541611,0.027613016,-0.07553408,-0.046671454,-0.106481835,0.10188153,-0.013952472
BSH1%UPI000A00C8F6,-0.13485928,-0.01383511,-0.025236,-0.05380302,0.019527284,0.11768491,-0.013609476,0.043465767,0.017070284,-0.06944563,0.019894278,-0.058683943,0.035432637,0.08467084,0.03051363,-0.09467629,-0.08135334,0.04436015,0.08924984,-0.008679528,0.083209254,0.082892425,0.07383737,-0.025404267,-0.05719903,0.099582985,0.03433229,-0.0776547,-0.09004554
BSH1%UPI000BCCCB22,0.026319634,0.10080848,0.06303,-0.117893174,0.063900806,-0.024956746,-0.10222567,0.032688968,0.06343313,0.0036416876,-0.054242864,0.0056990935,0.027926302,0.02099169,0.025533078,-0.031392697,-0.01176705,0.057049584,0.09450484,-0.050416574,0.004654194,-0.063401744,-0.00793445,0.07254845,-0.055097304,-0.02050537,0.027913138,0.071861565,0.01911789
BSH1%UPI000BD3EFD5,-0.02685465,-0.07621056,0.15922272,-0.17566967,0.16748598,0.12038997,-0.060556576,0.13620155,0.055625614,-0.09975654,-0.14842437,-0.08768136,0.16736071,0.13903254,0.14968796,0.0075485897,-0.15190424,0.23920679,0.15393706,-0.005314541,0.072645605,-0.04712441,-0.053701982,0.19594531,-0.12069937,0.018399628,0.20275281,0.061056457,-0.07723186
BSH2%UPI0001599717,0.15131079,-0.015571301,0.014766311,-0.05805917,0.060788155,-0.08611934,0.092329204,-0.072160676,-0.05192397,0.0026390222,-0.19488405,-0.027680514,0.09705652,-0.003375606,0.035089567,0.21717778,-0.010292655,0.044793,-0.077214666,0.016602365,-0.23136179,-0.19346127,-0.19183207,0.14624512,0.15173961,-0.029540226,0.117472194,0.18108168,0.017626232
BSH2%UPI0001971EB2,-0.0046946593,0.01573737,0.008092929,0.0041035544,-0.013147746,-0.014047245,-0.025458751,0.011098912,0.020086901,0.008001324,0.045057483,0.03743283,-0.055129517,-0.05524516,-0.048698816,-0.043889448,0.01014572,-0.039603047,-0.034922484,-0.06465119,0.029438991,-0.0014384907,-0.0017094673,-0.026304035,0.005276388,0.014966022,-0.04112,-0.012217713,-0.005544918
BSH2%UPI0001C1C05D,0.00086191023,-0.0072301347,0.1005997,-0.1909263,0.1724818,0.18803227,-0.016708432,0.10535519,0.06520997,-0.21503916,-0.27156663,-0.22151074,0.17630263,0.19860417,0.20044354,0.043595932,-0.1795546,0.21089804,0.10746343,0.024885345,-0.04417179,-0.039184287,-0.05596919,0.1768072,-0.05780923,0.08010247,0.10979591,0.07908238,-0.14524893
BSH2%UPI0001CF4F1D,-0.013897927,-0.07594379,-0.03488298,-0.047507036,0.03739254,0.07302697,0.06798547,0.004474337,-0.037216295,-0.01442202,0.030684453,-0.059465803,0.01429657,0.06842117,0.041147243,0.037848406,-0.013960668,0.013531313,0.015623915,0.06698012,0.065439194,0.12195735,0.073754095,-0.010973543,-0.0039156615,-0.1035003,0.00976562,-0.013875178,-0.024866207
BSH2%UPI000335FD2D,0.03445767,0.10298378,-0.021763759,0.04354142,-0.015641065,-0.028256427,-0.016038109,-0.010069455,-0.02472242,0.008075472,-0.0045859013,0.047595516,-0.021962121,-0.030774182,-0.034114487,-0.010173287,0.045340333,-0.0069908137,0.02421012,0.07971725,0.012780057,0.050859526,0.07885739,-0.019116404,-0.016881375,-0.048925117,-0.026322257,-0.03671404,0.019757349
BSH2%UPI00033F049A,0.050636567,-0.05320336,-0.09601538,0.14770943,-0.07492633,-0.1475194,0.0482264,-0.11325553,-0.055197276,0.09175355,0.082067184,0.082355715,-0.0828333,-0.12314972,-0.11012196,0.055503484,0.08906713,-0.09357784,-0.107149966,0.02300495,-0.09491827,-0.02745956,-0.07615468,-0.07359602,0.12998791,-0.001526756,-0.04470347,-0.0098070735,0.08656301
BSH2%UPI00038B932A,0.044669088,-0.0035352295,0.067472965,-0.022184215,0.055234056,-0.010149526,-0.10471907,0.040815827,0.025850406,-0.026223755,-0.041243874,0.0032409194,0.059614096,0.055322293,0.07556279,-0.014169154,-0.036391817,0.0399415,0.0835994,-0.06606541,0.015997207,-0.01676973,-0.016403962,0.08766218,-0.0063886223,-0.013249744,0.03305881,0.060304776,-0.04287217
BSH2%UPI000396CDDF,0.19817993,0.020596923,-0.070758246,0.05876184,-0.017126475,-0.13577054,0.010812714,-0.12222558,-0.025238402,0.14220215,-0.0085631125,0.19557165,-0.035940275,-0.16051975,-0.13008285,0.14994992,0.085486956,-0.120799065,-0.16730739,-0.0013147237,-0.24022864,-0.17723842,-0.122298025,-0.033969093,0.13769406,-0.108313195,-0.052444037,0.18328114,0.15865256
BSH2%UPI00050FFCF5,-0.036357537,-0.018859481,-0.016320746,-0.05014544,-0.01334672,-0.0012826148,-0.02348132,0.015397716,0.025277859,-0.03779541,-0.026953924,-0.074804455,0.035893105,-0.0065295915,0.027651848,-0.044715103,-0.07633603,0.044429936,0.009423961,-0.03573725,-0.008974685,-0.016813766,-0.0717045,0.023943102,-0.01643778,0.07748169,0.06864098,-0.0050603105,-0.008085332
BSH2%UPI0005DCCFF2,0.10479937,0.044964258,-0.19961083,0.15428376,-0.14253432,-0.14747743,0.16842163,-0.22500114,-0.22279972,0.15133233,0.13340387,0.1555095,-0.10178722,-0.17118068,-0.18004982,0.15562062,0.18049341,-0.17108856,-0.1350111,0.12358656,-0.13759416,-0.03643336,-0.06211789,-0.1554491,0.16253865,-0.014607576,-0.14286155,-0.07560067,0.17163542
BSH2%UPI0006649122,-0.10987499,-0.011044987,0.06329764,-0.027169619,-0.00037653127,0.01183921,-0.07121492,0.1133199,0.11162254,-0.06894026,-0.004564248,-0.07488431,0.00018999487,0.015634809,0.017901152,-0.13090153,-0.07929113,0.06646067,0.028396903,-0.05780326,0.11761264,0.107835874,0.09250403,-0.010200885,-0.0971097,0.077080324,0.060133144,-0.030387707,-0.091513336
BSH2%UPI0006C0EB58,0.12283442,0.0045012664,-0.024431579,0.09362359,-0.07628985,-0.10904481,0.045433965,-0.09750006,-0.031356014,0.12992817,0.02426108,0.059755985,-0.16983579,-0.0684096,-0.022547044,0.0869638,0.12041896,-0.08084924,-0.08492017,0.05248288,-0.12592234,-0.07060659,-0.012301886,-0.0665376,0.091997586,-0.03951104,-0.029373273,0.07604591,0.08498496
BSH2%UPI0006C1ADDE,-0.066169746,0.0663049,-0.16927801,0.098939724,-0.119399354,0.019344164,-0.011558479,-0.0782741,-0.08087091,0.018996492,0.17846048,0.210568,-0.111734934,-0.03922815,-0.13482392,-0.04643776,0.033054076,-0.09487334,0.038183905,0.08649792,0.10768519,0.05184268,0.07849702,-0.16046086,-0.028677521,0.038496815,-0.13986133,-0.18926206,0.037016015
BSH2%UPI0006C28698,0.06616231,-0.024952888,-0.07317806,0.139621,-0.11880272,-0.14177532,0.07279886,-0.13233544,-0.091100425,0.042568356,0.056535155,0.07077891,-0.11288062,-0.13982455,-0.1476022,0.09055114,0.09938226,-0.064892314,-0.08156976,0.10593402,-0.12228042,-0.07787722,-0.09155747,-0.08081961,0.14881377,0.02598916,-0.05996841,-0.026953032,0.12465899
BSH2%UPI0006C52F45,-0.113422774,-0.030160004,0.14355607,-0.19180359,0.08073381,0.04511453,-0.17055956,0.16972038,0.1821891,-0.13936996,-0.1063092,-0.15754166,0.09692219,0.09276237,0.10133935,-0.17523248,-0.17121418,0.1379497,0.107828215,-0.16327389,0.09678869,-0.010815332,0.011325549,0.1058664,-0.1382913,0.09029076,0.14424813,0.085812904,-0.08929599
BSH2%UPI0006C5C844,-0.095737174,-0.07337535,0.12552634,-0.14567992,0.058821507,0.054176774,-0.13320541,0.16315612,0.16861989,-0.09872717,-0.053756103,-0.17380583,0.059045743,0.077494614,0.094006024,-0.17203169,-0.17232601,0.107823655,0.04829063,-0.17025213,0.10650793,0.024247035,-0.016005859,0.07292731,-0.11995565,0.049704865,0.15119156,0.050791655,-0.07478655
BSH2%UPI0006CAB5AD,-0.08637885,-0.13896795,-0.003891687,-0.09531767,0.031350702,0.0694121,-0.057917833,0.06357262,0.07942122,-0.05985876,0.013617214,-0.0070854276,-0.04433186,0.014356621,-0.038231127,-0.06262502,-0.05504993,0.06098275,0.11480094,0.012781445,0.11452131,-0.012023235,0.02839006,-5.2268355e-05,-0.012259023,0.11144737,-0.045535736,-0.024418449,-0.08841853
BSH2%UPI0006CABDF6,0.14509769,-0.06770167,0.054132048,-0.022831092,0.07653011,-0.042700853,0.051692933,-0.042729564,0.018041238,0.10951291,-0.06398033,-0.009844848,-0.012206929,0.00272776,0.01658132,0.15232414,0.06737652,-0.020176299,-0.07815172,-0.033754364,-0.15053369,-0.123997405,-0.099101655,0.07158996,0.12696281,-0.13515562,0.03999902,0.14570338,0.07489636
BSH2%UPI0006CABE2C,-0.055075206,-0.14957948,0.085029125,-0.06719057,0.074913345,0.09030835,-0.02015872,0.061806697,0.036267266,-0.109922536,-0.11022686,-0.10117466,0.12077179,0.10353933,0.0978238,-0.009237801,-0.13560623,0.14828667,0.085419394,-0.0073714093,-0.063487984,-0.11431353,-0.14552157,0.118796565,0.015372936,0.12509915,0.13024004,0.043058023,-0.10957891
BSH2%UPI000820857A,-0.08407354,-0.090856165,0.027688378,-0.051190764,0.020667527,0.13059023,0.020725327,0.04602803,0.056889467,-0.05425302,-0.0061795753,-0.08142784,0.009582699,0.108597405,0.08553508,-0.02010273,-0.075689666,0.04769444,0.0070023565,-0.05213474,0.03720333,-0.018421724,-0.013409005,0.005816183,-0.04358597,0.05574392,0.044310655,-0.047885805,-0.037601784
BSH2%UPI000820F666,0.08036838,-0.06064436,-0.016830688,0.009002479,-0.008147317,-0.016619148,0.09533004,-0.06306697,-0.08129713,0.0027687163,-0.04954287,-0.04051384,0.030528292,0.045220755,0.030984635,0.12979606,0.046071857,-0.0049432707,-0.007341051,0.071907334,-0.08069328,0.007806062,-0.014893877,0.0058356565,0.09174896,-0.088981144,0.011415261,0.053748444,0.044941287
BSH2%UPI000821232B,-0.044475593,-0.0857389,0.12143724,-0.08724905,0.12914914,0.088857524,-0.13754174,0.13186617,0.15897042,-0.026197601,-0.0585773,-0.08798276,0.098939486,0.10237523,0.12279147,-0.07858489,-0.10325673,0.07266656,0.056692027,-0.158938,0.042628102,-0.01945942,-0.013840842,0.11695134,-0.04465869,0.011011765,0.081657305,0.113852866,-0.109257355
BSH2%UPI000821B9AC,-0.15260783,-0.065134816,0.060847476,-0.03470426,0.0096015455,0.07018161,-0.07717695,0.090049416,0.1048359,-0.08532368,-0.032193173,-0.061671734,0.06617321,0.027595332,0.010132175,-0.18835437,-0.12475055,0.06584979,0.01065981,-0.08381395,0.016572809,-0.059755944,-0.056257285,0.038859993,-0.09897225,0.21817832,0.066832565,0.0057398193,-0.09630744
BSH2%UPI00082257EE,0.15878023,-0.03585495,-0.016024051,-0.03133382,0.0777119,-0.11367468,-0.0036771195,-0.0751566,0.000103288556,0.063051306,-0.06266655,0.07007908,0.008515924,-0.098997705,-0.07028224,0.1429995,0.04518765,-0.035299078,-0.097896405,0.017351998,-0.20640844,-0.14957273,-0.11242117,0.016344374,0.13733731,-0.03811802,-0.02732194,0.19788212,0.09279592
BSH2%UPI000822F9A5,-0.01456059,-0.008536966,-0.04597342,0.038812682,-0.085178845,0.020609917,0.04617024,-0.02719227,-0.014371357,-0.0016511653,0.01917896,-0.0021985772,-0.063572235,-0.008726168,-0.0125742,0.0042565223,0.00069797365,-0.021865591,-0.04270169,0.035596237,-0.035555556,-0.021824664,-0.023138078,-0.055211123,0.02008632,0.07214598,-0.016614761,-0.046937834,0.01621872
BSH2%UPI00082332C0,-0.01388588,0.06185361,0.024883669,-0.026708107,0.035562605,-0.0047006146,-0.048832435,0.012055945,0.01600193,-0.0024637124,0.007882594,0.06579462,0.028496793,0.0010076598,0.008972974,-0.041217312,0.023733117,-0.0132407965,0.0689377,-0.020649754,0.03853133,-0.008810675,0.07940253,0.02760182,-0.07128911,-0.047947854,-0.052144874,0.004198121,0.027214773
BSH2%UPI000965B48B,0.05021991,-0.04575547,-0.08145938,0.035010163,-0.063426204,-0.13758239,0.026530309,-0.08363219,-0.043792292,0.0027246014,-0.020229528,0.011850688,-0.10211673,-0.044599656,-0.022780597,0.07038416,0.06589069,-0.027978644,0.02948691,0.12670287,-0.03951423,0.019290522,0.03264146,-0.022371938,0.09164726,-0.020319715,-0.049951434,0.006992547,0.047241915
BSH2%UPI00096829BD,0.05531445,-0.045232225,0.0120595535,0.0033883995,0.014361585,-0.019864634,0.0049519776,0.009767693,0.018555181,0.07979414,-0.014563046,-0.026708843,0.062297434,-0.043914467,-0.024161434,0.03613149,0.028918752,-0.023153083,-0.007241666,0.006388603,-0.062556736,-0.07051827,-0.023494067,0.033350214,0.057195827,-0.017433416,-0.013605032,0.0594399,0.009850908
BSH2%UPI0009698BA7,0.027412068,-0.0056391833,0.032634333,-0.03620416,0.0014083624,-0.09023625,-0.034386806,0.004966847,0.005396869,-0.004115861,-0.026875908,-0.0023189099,0.031995866,-0.035021476,0.0072625964,0.025311872,0.012954,0.044007823,0.060911674,0.040743537,-0.03647959,-0.061183438,0.0078023076,0.031487104,-0.0004595913,0.016151655,0.033920124,0.04809138,0.06649849
BSH2%UPI000B3674FC,0.09583186,0.13021874,-0.10644993,0.16616482,-0.12956747,-0.13417156,0.00027053175,-0.089952834,-0.07509651,0.11568553,0.12327429,0.17576471,-0.11270227,-0.17493339,-0.1572371,0.03491777,0.12177573,-0.14223643,-0.040446363,0.094648264,-0.012416277,0.0040372177,0.022617938,-0.10368289,0.070753254,-0.12402103,-0.12677677,-0.07765706,0.114899844
BSH2%UPI000D6581CE,-0.007308102,-0.039243866,0.0061757504,0.023935154,-0.0154527165,0.035494525,0.049184173,0.010900364,-0.006262307,0.0071996883,0.0510634,0.008412549,0.0003868698,0.021603236,-0.017014174,0.01064361,0.01749821,-0.045691367,-0.07891473,-0.04960268,0.037861146,0.051823802,0.0245624,-0.043545257,0.03591531,0.051631734,-0.03948957,-0.02396054,-0.0920546
BSH2%UPI000D7AF0AB,0.0429874,0.089758776,-0.10923234,0.11953303,-0.12674946,-0.022654481,0.06608117,-0.09179464,-0.098733686,0.06754314,0.07908052,0.104420684,-0.07344732,-0.10010284,-0.108160466,0.029118087,0.09841704,-0.10824993,-0.03849837,0.10712971,-0.021206096,-0.006321831,0.026788054,-0.09038834,0.036058813,-0.02594944,-0.1337492,-0.12108391,0.091957405
BSH2%UPI000E40484B,0.11000412,0.09773626,-0.08757095,0.13002837,-0.07964173,-0.12235104,-0.0364406,-0.12251534,0.0017602768,0.1689234,0.08202232,0.21674325,-0.04322389,-0.17620106,-0.061615445,-0.0023862578,0.095825285,-0.22060716,-0.15302697,-0.11697448,-0.17877989,-0.20367675,-0.052065816,-0.045183495,0.04532182,-0.04983565,-0.14912143,0.09887371,0.10737948
BSH2%UPI000E42566B,0.14713316,0.10798133,-0.061516654,0.15338683,-0.10610369,-0.107009366,0.09582581,-0.085914105,-0.15045741,0.20392656,0.15864575,0.099818125,-0.09225458,-0.12319985,-0.13366184,0.107177116,0.19126035,-0.1080214,-0.11128316,0.16714463,-0.032118086,0.14492738,0.115346596,-0.17428516,0.09395394,-0.120561294,-0.03496682,-0.013680338,0.121684596
BSH2%UPI000E4418E2,0.060939495,-0.094711214,-0.031429768,0.010265776,0.029364975,0.016501095,0.027366355,-0.072522216,-0.048293926,0.036789753,-0.026474888,0.0063751168,-0.0071075065,-0.00031246082,-0.05210949,0.11579936,0.0072354767,0.053354558,0.016685802,0.07519209,-0.12521484,-0.09920749,-0.14170937,0.0012751374,0.12703547,0.026040234,0.03489057,0.052901067,0.07020319
BSH2%UPI000E4BF981,-0.048422784,0.044003826,-0.024892295,0.043684006,-0.012577262,0.050300527,0.071637705,0.006054435,-0.0447095,-0.049906187,0.044008695,-0.023030765,-0.02211263,0.015615062,-0.019905876,0.01810498,0.006601459,-0.023138082,-0.019271068,0.0736706,0.05129833,0.11720085,0.051008333,-0.057711884,0.040756665,0.01938614,-0.066427015,-0.082675785,-0.095480315
BSH2%UPI000E53BC4B,-0.038260024,0.008264049,-0.054626953,0.0508633,-0.042332083,-0.0063425107,0.032981623,-0.034250222,-0.055817626,0.012177296,0.06913465,0.04123866,-0.034164723,-0.022806754,-0.062238052,-0.027907208,0.020486059,-0.0037691859,-0.006499738,0.057383455,0.045870833,0.09255274,0.030665541,-0.08004242,-0.020143818,0.010889151,-0.02675488,-0.06892362,-0.0048484714
BSH2%UPI000E7D8CB5,0.0718048,0.0049885516,-0.0699112,0.06793806,-0.051851492,-0.082115605,0.05271103,-0.07381622,-0.049643192,0.07467375,0.02037154,0.067650154,-0.05304161,-0.08878645,-0.060849108,0.049909938,0.09286629,-0.06875622,-0.024757672,0.10115459,-0.06581917,-0.009522555,0.02339758,-0.03388733,0.059682775,-0.08680456,-0.0716491,0.0004107969,0.09179905
BSH2%UPI000EC98B2C,-0.055777,0.0037477615,-0.06312388,0.017495548,-0.044213675,0.010208449,0.046600375,-0.049210634,-0.07292505,-0.06462309,0.043895688,0.017516559,-0.043183584,0.035355743,-0.006202066,-0.006101949,-0.014355277,0.013704509,0.046150338,0.050441787,0.06628549,0.06609617,0.0122467205,-0.0438812,-0.01459012,0.029941602,0.01027534,-0.10779988,-0.0064032166
BSH2%UPI000ECC9F84,0.017398855,0.059352137,-0.045628525,0.05705121,-0.098551005,-0.06658038,-0.0043702004,0.0016425529,0.013620612,0.043344595,0.059569865,0.059880342,-0.08743958,-0.086762935,-0.08586271,-0.019795286,0.06375322,-0.08167512,-0.0034261122,0.06290999,0.056947354,0.06208353,0.10166341,-0.05904145,0.015063076,-0.07485002,-0.09205318,-0.055890106,0.031494495
BSH3%UPI000156F498,-0.018033631,0.044374954,-0.030053912,-0.004488048,-0.011101599,-0.017633207,0.018234745,-0.031711724,-0.037791535,0.008487141,0.018097492,0.043949217,-0.0029267424,-0.008002293,-0.0047487374,0.010563694,0.028986359,-0.002538711,0.014192605,0.031057082,0.0026854344,0.0030375617,0.028732397,-0.016195023,-0.020370312,0.01875503,-0.013778954,-0.036694333,0.039358567
BSH3%UPI00016547A5,0.07223679,0.15825576,-0.115475416,0.11649107,-0.13815969,-0.13010417,0.0128595205,-0.117418595,-0.113961175,0.045361996,0.07135175,0.15374492,-0.111125275,-0.115930885,-0.11652651,0.059286665,0.12126586,-0.08664522,-0.026403535,0.0845107,-0.011039376,-0.010031505,0.006587263,-0.102610804,0.038042124,0.0022875227,-0.08958221,-0.11309291,0.13945118
BSH3%UPI00017EF3F1,0.011830623,-0.14661545,0.1887761,-0.20939754,0.20930785,0.2107531,-0.2236397,0.24158639,0.1341208,-0.13422975,-0.20921165,-0.11438734,0.24321234,0.22474203,0.2545979,-0.20110825,-0.23584704,0.22780535,0.26613986,-0.11875503,0.16652289,-0.007714885,-0.09913312,0.28745314,-0.21461959,0.01835056,0.16334015,0.07333904,-0.19445433
BSH3%UPI0002132A6C,0.098961525,-0.11581152,0.04674719,-0.045278598,0.071304046,0.10294786,-0.10261039,0.05074639,-0.017040119,-0.015233682,-0.077838086,-0.08348394,0.13905418,0.12076278,0.22742599,-0.1612848,-0.11880499,0.03176379,0.09651249,-0.13479957,0.022545049,-0.0025224187,-0.13096991,0.13204151,-0.13037828,0.016607843,0.062038586,0.050077304,-0.041471004
BSH3%UPI000238BE2F,-0.0066042184,-0.08715918,0.02278199,0.049626365,-0.0022759982,-0.037903246,-0.033178054,0.022928394,0.009057426,-0.0029796502,0.06109255,0.030505579,0.0071353465,-0.05781986,-0.04658708,-0.031587042,-0.020449657,0.026865628,-0.022328196,-0.021768657,0.032776304,0.037198737,-0.015462749,-0.019590015,0.02203208,0.024445519,0.030808227,-0.012684101,-0.012744473
BSH3%UPI00035F5DCE,-0.041726246,0.0013118776,-0.005098714,0.011965181,-0.033228766,-0.03131257,-0.036793485,-6.727285e-05,0.04789541,-0.014742315,0.040349927,0.02452286,-0.07169798,-0.0054205577,0.0023645079,-0.033709414,-0.0005898209,-0.042637397,-0.025002755,-0.08597298,0.034046963,-0.020037347,-0.007989358,-0.033084787,-0.02486095,0.0335418,-0.012239169,-0.009109812,0.014639153
BSH3%UPI0004DA32C0,-0.0028797342,-0.020648604,-0.025646055,0.05937753,-0.0039199595,0.026270919,-0.010371737,0.030047858,0.009855271,0.057139736,0.056827236,0.071648,-0.09591612,-0.0063229185,-0.08699353,0.013542246,0.046861738,0.011213453,0.017653987,0.11225632,0.08490231,0.112352066,0.07140095,-0.066361286,0.026356854,-0.03619518,-0.023546712,-0.05391409,-0.020742899
BSH3%UPI00080CB216,0.10134066,-0.08969166,-0.009260154,0.096614644,-0.010383051,-0.091217086,0.005703578,-0.067579895,-0.0648157,0.062138986,0.0009498231,0.050605364,0.029228132,-0.050464038,0.0013758022,0.0669114,0.025205562,-0.03667466,-0.0676467,-0.046639327,-0.12222822,-0.071514755,-0.111431986,0.028629327,0.12332159,-0.002860252,0.01129098,0.06970844,-0.0011861718
BSH3%UPI00092A5378,0.09350004,-0.0888093,-0.026475368,0.02747804,-0.0023443222,0.06549093,-0.03745322,-0.035428837,-0.09640742,0.035859805,0.018845756,0.0028945953,0.06495316,0.047603738,0.10302009,-0.088028796,-0.042275887,-0.036671888,0.03533992,-0.07791665,-0.0038025049,-0.030005116,-0.14689936,0.025620127,-0.060861662,0.04793167,-0.0032478974,-0.022512479,0.033098735
BSH3%UPI000E902C94,0.014098228,0.10492012,-0.032371584,0.07348399,-0.04141595,-0.055016514,0.019110901,0.0005620731,-0.017699592,0.059175383,0.0693282,0.08330114,-0.0758375,-0.14478637,-0.12900446,-0.035709158,0.10444531,-0.058009982,-0.008325857,0.13607007,0.060406256,0.11851085,0.14867032,-0.064368196,0.016088983,-0.05940543,-0.15782143,-0.078714006,-0.011214191
BSH3%UPI000EF23C17,-0.00093261973,0.007926667,0.15720487,-0.17179531,0.103017874,0.024733935,-0.12102775,0.10006824,0.11518819,-0.08349683,-0.15304393,-0.09361178,0.088465475,0.047551375,0.06732974,-0.06746742,-0.113429524,0.13265695,0.09330628,-0.09676689,-0.03874933,-0.13803712,-0.09594082,0.12813498,-0.0760095,0.08516486,0.102181524,0.139163,-0.04299668
BSH4%UPI0001653940,0.09867633,0.009187337,0.10493184,-0.036591142,0.085087426,0.020754002,-0.14376272,0.031667497,0.079035014,-0.00050949276,-0.10244149,-0.008527603,0.033381034,0.036278673,0.06385714,-0.0010954224,-0.049543925,0.041241482,-0.0030960334,-0.14089045,-0.11448091,-0.14026883,-0.14239922,0.07830205,-0.0021662652,0.0016638545,0.07936053,0.18219356,0.03624501
BSH4%UPI0001FAB233,0.07031966,0.009183951,0.05405076,0.09781946,0.07521287,-0.04397678,0.0056088865,-0.010388038,-0.09869229,0.0108601935,-0.014448848,0.05956468,-0.027082497,0.003850662,-0.03694676,0.09241691,0.030575627,0.13265918,0.01364506,0.11464668,0.04286669,0.14162256,0.019044794,-0.013110172,0.018815959,-0.04775627,0.13765855,0.008463716,-0.010765555
BSH4%UPI0006BEFACE,0.07653998,0.047357455,-0.10018574,0.07548695,-0.109506,-0.16325338,0.01101057,-0.11177515,-0.06381674,0.101138875,0.11610497,0.17396502,-0.13810538,-0.15961036,-0.13789986,0.059580196,0.13459374,-0.16336861,-0.05792428,0.029516328,-0.033888094,-0.05275541,0.0073440657,-0.09847494,0.08779968,-0.04726873,-0.17457174,-0.0051643495,0.11358383
BSH4%UPI000822CCAE,0.01958734,-0.022691693,-0.021814296,-0.013842466,-0.011190356,0.00063206995,0.10208478,-0.054795288,-0.053087834,0.029211916,0.047153834,-0.022865545,0.016431104,0.03231698,0.052976523,0.09949664,0.0054557114,-0.057638958,-0.076202296,-0.04644907,-0.06425152,-0.05577762,-0.085406855,-0.008697,0.047880363,-0.0714424,-0.005524221,0.0011168541,0.042941023
BSH4%UPI000E54B9B5,-0.00470795,0.052515574,-0.026420608,0.08811146,-0.04899873,-0.019328149,0.00010298892,-0.029588595,-0.033667818,0.031761542,0.06702589,0.065071076,-0.051289275,-0.061653744,-0.08750606,-0.030086081,0.043994438,-0.045061592,-0.027307473,0.033038303,-0.014588862,-0.010861811,0.004998376,-0.06709132,0.009332228,0.023343896,-0.046386935,-0.056473594,0.032397326
BaiA%QinJ_2012__T2D-016__bin_41_fa_BDDCEIPF_01842__3alpha-hydroxy_bile_acid-CoA-ester_3-dehydrogenase_2,0.0222775,-0.0345855,0.0054533547,0.04036509,0.011727883,0.05981505,0.064817145,-0.03800092,-0.044375367,0.018007703,-0.0074898736,0.008457768,0.02542997,0.029816821,0.012590795,0.06720872,0.027444612,-0.02472274,-0.04454127,0.023733478,-0.094680876,-0.07369192,-0.046883803,0.019048547,0.060867067,-0.034312878,-0.022098778,0.0080904905,0.013098153
BaiA%SRR3992974_bin_8_EOPEKEED_01051__3-oxoacyl-_acyl-carrier-protein__reductase_FabG,-0.015056768,-0.2684829,0.12660049,-0.10398197,0.18665384,0.122901306,-0.12186901,0.11459259,0.14688092,-0.09034968,-0.19183327,-0.16434048,0.23156041,0.19634815,0.23340303,-0.059630644,-0.15603523,0.14676626,0.13641936,-0.1392236,-0.04040205,-0.092418864,-0.07632846,0.22730257,-0.045839477,-0.049033836,0.17728235,0.20312665,-0.08619989
BaiA%bai_cluster_3%midas_Clostridium_hylemonae_61789%Clostridium_hylemonae_61789|NZ_GG657759_1098,0.029769724,-0.05142741,-0.038206276,0.07211023,-0.0076649017,0.0023108595,0.11564133,-0.089170545,-0.0937494,0.07070943,0.05395222,0.019690333,0.010904891,-0.02629187,-0.020889258,0.08592647,0.06135272,-0.089929864,-0.09607053,0.0083860215,-0.10894335,-0.060472682,-0.06341784,-0.028719947,0.08423904,-0.060247965,-0.058560614,0.012476741,0.04585164
BaiB%MDY5565236_1_bile_acid--CoA_ligase_BaiB__Candidatus_Limivicinus_sp__,-0.04504393,0.024658144,-0.011091218,-0.0033189077,-0.01988858,0.073442064,0.004745199,0.04322204,0.059450034,-0.004543834,0.019962465,-0.0076363953,-0.04482443,0.0028730144,-0.04245822,-0.04431486,-0.0038776705,-0.03376848,-0.030339776,0.017719096,0.04397419,0.057976276,0.074044794,-0.05128379,-0.038076404,-0.006990354,-0.04506101,-0.027915683,0.003239446
BaiB%bai_cluster_10%midas_Lachnoclostridium_nov_76594%Lachnoclostridium_nov_76594|ERS138182_8080_1_84_3_3065,0.02256676,-0.03653834,-0.024195815,0.059502725,-0.05086252,-0.050369605,0.04329257,-0.037646983,-0.051390685,0.047331877,0.06384873,0.03057638,-0.022451526,-0.052238554,-0.045901164,0.03733731,0.052691884,-0.034270164,-0.029501874,0.04129142,-0.01583588,0.0075195837,0.00022194158,-0.033279892,0.066268556,-0.016834904,-0.02651994,-0.019290859,0.01016327
BaiB%bai_cluster_2%midas_uncultured_Eubacterium_73696%uncultured_Eubacterium_73696|FMDW01000013_871,-0.012297969,-0.048522603,-0.0668535,0.1484463,-0.1468595,-0.080364026,0.09005023,-0.015379179,-0.010345463,0.09806082,0.16182476,0.056929473,-0.15032274,-0.13084301,-0.15553847,-0.013304935,0.10365905,-0.13192223,-0.08991406,0.06908538,0.11458965,0.14297925,0.09125113,-0.12362106,0.08673253,-0.05904375,-0.12266837,-0.12677005,-0.06966856
BaiCD%MEI3381486_1_FAD-dependent_oxidoreductase__Dorea_sp__,0.012250735,0.100934535,0.02221387,0.011204565,-0.03595913,-0.06577988,-0.019982122,0.027707243,0.017402051,0.0510647,0.044841003,0.02821969,-0.044454474,-0.087456904,-0.07459577,-0.05217887,0.07006004,-0.054382216,0.0013398364,0.0049587707,0.06850449,0.03865419,0.07763909,-0.030595992,-0.027883485,-0.026085723,-0.065865606,-0.03823302,-0.004441985
BaiCD%XieH_2016__YSZC12003_35390__bin_5_fa_PIKIEFGP_00577__NADH_oxidase,0.017162392,-0.00783997,0.049287315,-0.1528406,0.09332749,0.10794558,0.032187987,0.048461244,0.009502686,-0.10586535,-0.14537744,-0.16447996,0.12114815,0.1367997,0.1643477,0.07710013,-0.101710826,0.09732846,0.043842662,-0.019479008,-0.03463284,-0.05769242,-0.06616806,0.1095718,-0.027977342,0.017488418,0.07118369,0.035931382,-0.052162528
BaiCD%bai_cluster_1%midas_Clostridium_hiranonis_61655%Clostridium_hiranonis_61655|NZ_DS995354_290,-0.05046164,-0.0439883,-0.021508804,0.019444266,-0.017984033,0.031999372,0.06064018,-0.014920057,-0.032223903,0.015433719,0.050639935,-0.032388955,-0.0033550148,0.0010097483,-0.03148838,0.006463449,0.009868213,-0.0057140524,-0.025418919,0.025791872,-0.0023145797,0.01768684,-0.0018284007,-0.045531448,0.030836338,0.06627211,-0.01650849,-0.044499137,-0.01903005
BaiCD%bai_cluster_10%midas_Lachnoclostridium_nov_76594%Lachnoclostridium_nov_76594|ERS138182_8080_1_84_3_3076,-0.11100416,-0.031116765,-0.101922646,0.05758442,-0.106459916,0.022012768,0.07409675,-0.041478395,-0.08129024,-0.008289932,0.14159541,-0.0132372165,-0.07703331,-0.004791671,-0.05987717,-0.03521457,0.0031277803,-0.022153938,0.0020167136,0.08021226,0.08606393,0.12799363,0.06164866,-0.13615875,0.015007172,0.10573697,-0.00083751394,-0.15493889,-0.02643548
BaiE%FengQ_2015__SID531416__bin_49_fa_CEDOFBAM_00064__Bile_acid_7-alpha_dehydratase,-0.0057749636,-0.017159298,0.02353384,0.04969312,-0.024172943,0.0077809906,0.015567178,0.035080925,0.051108893,0.04671577,0.046166554,-0.01374074,-0.04163958,-0.049667526,-0.0699341,-0.01846916,0.029366104,-0.04786551,-0.035249602,0.0103082005,0.026663616,0.024515705,0.03891019,-0.019962763,0.04257812,-0.07145188,-0.042025015,-0.008240458,-0.038645774
BaiE%bai_cluster_10%midas_Lachnoclostridium_nov_76594%Lachnoclostridium_nov_76594|ERS138182_8080_1_84_3_3079,0.020204203,0.0059669483,0.00052903616,0.00067967514,-0.0018817156,0.010112993,0.04977172,-0.019533245,-0.031241288,0.02831776,-0.0068653906,-0.033072103,0.0069240155,0.0071009635,0.005060227,0.037678972,0.040432855,-0.024335437,0.012022623,0.055673912,-0.045542616,-0.038131755,-0.002986358,0.009116752,0.04024686,-0.022984976,-0.043146554,0.008458609,-0.010377957
BaiE%fig|1950888_3_peg_203|__Bile_acid_7-alpha_dehydratase_(EC_4_2_1_106)_(BA7_alpha_dehydratase)_(Bile_acid-inducible_operon_protein_E)____Clostridiales_bacterium_UBA4701_|_1950888_3_,0.025213474,0.099048644,-0.11227043,0.064512216,-0.11370466,-0.08578998,0.046168715,-0.071586736,-0.032741316,0.06075067,0.031797875,0.052784014,-0.053034138,-0.078318626,-0.063327126,0.020804621,0.09427431,-0.1118633,-0.054153286,0.043008912,-0.03434537,-0.0021101872,0.035231005,-0.06863094,0.028518949,-0.015132158,-0.080993995,-0.054862034,0.10420452
BaiF%ERR688512_bin_36_KMFCMBJN_00514__Bile_acid-CoA_transferase,0.021777572,0.01786299,-0.014920553,0.019241361,-0.013280622,-0.069462836,-0.014325805,-0.025458748,-0.008945949,0.03294989,0.04389776,0.03116891,-0.07409715,-0.017188853,-0.01241039,0.028091555,0.05163162,-0.027227081,-0.008075952,0.009282302,0.017735321,0.05252347,0.05381084,-0.022295397,0.035235755,-0.05296174,-0.024981063,0.015734008,0.018852275
BaiF%LiJ_2014__MH0358__bin_56_fa_NPCPOAJM_00305__Bile_acid-CoA_transferase,0.0705649,0.089417696,-0.12211111,0.022626432,-0.096025296,-0.19396372,0.032542054,-0.097154304,-0.09344959,0.10232439,0.043439083,0.078299835,-0.048840284,-0.107232444,-0.10391528,0.06822661,0.15931621,-0.07109595,0.05064646,0.14285962,-0.0043913387,0.05304422,0.11630431,-0.053712744,0.06935124,-0.086649686,-0.07933801,-0.041215315,0.14411367
BaiF%SRR4783510_bin_28_GHBMCCFK_00008__L-carnitine_CoA-transferase,0.031741392,0.021593835,-0.057462484,0.0570338,-0.07879597,-0.05786398,0.026053641,-0.04847384,-0.030390859,0.04301636,0.013070258,0.03758126,-0.047096726,-0.040169813,-0.036463793,0.040715475,0.06423896,-0.035538338,0.008646878,0.07285545,-0.031926822,-0.034171276,-0.005487198,-0.03009252,0.035412513,-0.0039176554,-0.033729684,-0.06572397,0.09748819
BaiF%bai_cluster_17%midas_Proteocatella_sphenisci_59007%Proteocatella_sphenisci_59007|AUID01000012_911,-0.07989657,-0.003059645,0.028720317,-0.019167632,-0.011848588,0.035132803,-0.058220178,0.06150968,0.09901289,-0.051957466,-0.025268164,-0.049639598,-0.082381755,0.054030094,0.020632863,-0.049219046,-0.030984282,0.043356415,0.04791387,-0.01959447,0.07671004,0.032888338,0.06182814,-0.0058174008,-0.025894513,0.08354548,0.02417789,-0.036066957,-0.056353703
BaiF%bai_cluster_2%midas_uncultured_Eubacterium_73696%uncultured_Eubacterium_73696|FMDW01000013_892,0.039227232,0.07346321,-0.08840516,0.024509039,-0.023699667,-0.072395176,0.0796005,-0.09431862,-0.0791857,0.076321326,0.002114247,0.01744975,-0.0046078414,-0.03247907,-0.06682108,0.09044235,0.13480768,-0.046490725,0.021210967,0.11767023,-0.04761192,0.0025784897,0.060775694,-0.033253696,0.059063405,-0.07044381,-0.058851615,-0.04826091,0.12982804
BaiF%bai_cluster_3%midas_Clostridium_hylemonae_61789%Dorea_sp_89094|KQ236743_10986,0.038434215,-0.0027462232,-0.07092747,0.1225708,-0.09779219,-0.041921183,0.036924157,-0.07520239,-0.05855945,0.06890553,0.092140466,0.07479965,-0.12357617,-0.07102963,-0.07713659,0.050821815,0.08691302,-0.0784885,-0.0848604,0.04641743,-0.024137175,0.0018056215,-0.007336983,-0.08489995,0.084000625,0.0033176395,-0.05869489,-0.06749073,0.06452699
BaiF%bai_cluster_3%midas_Clostridium_hylemonae_61789%Dorea_sp_89094|KQ236743_13110,0.07486846,0.038523458,-0.009781206,0.070517965,-0.014589807,-0.009198343,0.07419304,-0.079972886,-0.064708635,0.0635472,0.017865507,0.05126703,0.00037439744,-0.05411489,-0.024053266,0.091940075,0.078273445,-0.095419206,-0.12085234,-0.0070079314,-0.13188332,-0.13768083,-0.11312771,0.0006164137,0.06990311,-0.037201386,-0.05105456,0.020822432,0.086536735
BaiF%fig|1950825_3_peg_1464|__L-carnitine_dehydratase_(EC_4_2_1_89)____Clostridiales_bacterium_UBA1701_|_1950825_3_,0.016146597,0.008287277,-0.034368403,0.03341415,-0.0168706,0.04567255,0.06504331,-0.039599575,-0.03806385,0.028460743,-0.00613121,0.004601682,0.00983664,0.018333094,0.0072019883,0.051586527,0.053403,-0.039886434,-0.010142411,0.0384497,-0.045714885,-0.038353074,0.014086988,-0.0041854163,0.031392697,-0.029324122,-0.048746098,-0.049677685,0.05044683
BaiG%MBE6987074_1_MFS_transporter__Oscillospiraceae_bacterium_,-0.01801247,-0.081426494,0.052288346,-0.08186418,0.047716826,0.06875527,0.0576365,0.050319772,0.04952909,0.044857096,-0.006719219,-0.051803254,0.09587602,0.079707466,0.06224574,0.042991325,0.006578244,-0.008468664,-0.01208265,-0.03637671,0.009097363,-0.01849136,0.031480208,0.07348338,0.024176963,-0.073838614,-0.0063663893,0.055350784,-0.055320583
BaiG%MBR4017991_1_MFS_transporter__Clostridia_bacterium_,-0.15217592,-0.0056833876,0.18430525,-0.21657501,0.14688051,0.15975332,-0.11341238,0.17495923,0.059430636,-0.27272,-0.22518122,-0.113700874,0.22648387,0.202106,0.19691324,-0.10448909,-0.23796558,0.3314972,0.28707743,0.030231752,0.16281763,-0.017681025,-0.04614045,0.2647785,-0.22436386,0.15624224,0.17160927,-0.04619582,-0.16831441
BaiG%MDY4488523_1_MFS_transporter__Candidatus_Limivicinus_sp__,-0.0054957503,-0.042998828,-0.053686537,0.037377913,-0.035014838,-0.06106189,0.024818124,-0.023489404,0.016439099,0.04535254,0.035888717,0.008304114,-0.030245364,-0.037953116,-0.025565213,0.003910587,0.046763267,-0.0672017,-0.012032981,0.018675005,0.0057270094,0.022811484,0.04250935,-0.026420414,0.02927036,-0.05911063,-0.049897164,-0.01785634,0.04335323
BaiG%MEE1256339_1_MFS_transporter__Lachnospiraceae_bacterium_,-0.047841143,-0.10453353,0.06500619,-0.06547701,0.05751977,0.11926959,0.07312036,0.03815923,0.020566935,-0.027357422,-0.038685158,-0.13617095,0.07978088,0.11575827,0.09399703,0.05239947,-0.05407355,0.047907375,-0.03161706,-0.04910997,-0.052426036,-0.055817887,-0.07631526,0.058079485,0.032300614,0.028760033,0.06473866,0.029444108,-0.051906455
BaiH%MEE0204071_1_FAD-dependent_oxidoreductase__Oscillospiraceae_bacterium_,-0.0011362735,0.11202464,-0.076923095,-0.10800092,0.03331638,0.07614419,0.024232984,-0.025357436,-0.07377977,-0.122800246,-0.114036284,-0.12227402,0.08202992,0.08469768,0.053022876,0.047901373,-0.04702568,0.058988146,0.10775464,0.10673624,0.0030531816,-0.021076908,-0.03490107,0.015855486,-0.032942463,0.10965933,-0.03859172,-0.098883584,-0.0037875406
BaiH%MFR3389927_1_7-beta-dihydroxy-3-oxo-5-beta-cholanoyl-CoA_4-oxidoreductase_BaiH___Clostridium__scindens_,-0.008039121,-0.052661337,-0.07845211,0.06981959,-0.05314312,0.019357385,0.08296824,-0.07962031,-0.076895826,0.039637197,0.08045612,0.032874532,-0.04706463,-0.020941224,-0.03850755,0.04486127,0.045897145,-0.06074476,-0.05900654,0.025871066,-0.033119906,-0.003761665,-0.012976961,-0.08005633,0.05884828,0.026551237,-0.05560906,-0.05586999,0.03258418
BaiH%Obregon-TitoAJ_2015__NO11__bin_28_fa_ODBMCAMJ_01962__NADH_oxidase,-0.01602326,-0.09322888,-0.06764787,0.02086344,-0.023973204,-0.078852765,0.07301887,-0.06784411,-0.05453003,0.05624262,0.047560755,-0.037499856,0.008011288,-0.052156392,-0.05443248,0.043887887,0.051969226,-0.037868775,-0.037515983,0.022941668,-0.04823622,-0.029548833,-0.04441176,-0.047823854,0.07399151,0.056351148,-0.0075120623,-0.026957829,0.058187395
BaiH%bai_cluster_1%midas_Clostridium_hiranonis_61655%Clostridium_hiranonis_61655|NZ_DS995354_308,-0.10401971,-0.11960461,0.043507934,-0.032931156,0.019318819,0.069711156,-0.022685587,0.06813835,0.050046116,-0.058448464,0.008470636,-0.07344988,0.012030524,0.06183277,0.045927588,-0.080624275,-0.07888412,0.057904962,0.021091953,-0.044610262,0.07040113,0.04054599,0.0061286693,0.0099536255,-0.04625329,0.10456429,0.04585632,-0.024682093,-0.10344401
BaiH%bai_cluster_17%midas_Proteocatella_sphenisci_59007%Proteocatella_sphenisci_59007|AUID01000012_928,-0.10757701,0.17563732,-0.070071734,-0.041598734,-0.097851746,0.046975352,-0.015128963,0.05155077,0.06638717,-0.0020390607,0.076471165,0.066521235,-0.20126697,-0.03422851,-0.1119312,-0.1273114,0.024387019,-0.07539933,0.03174986,0.081223816,0.1469165,0.103361875,0.15860622,-0.119560994,-0.08317338,0.013063994,-0.14123932,-0.12941429,-0.05171244
BaiH%bai_cluster_2%midas_uncultured_Eubacterium_73696%uncultured_Eubacterium_73696|FMDW01000013_836,-0.029148372,0.07407858,-0.035149064,0.0583358,-0.1193477,-0.013179703,0.051690906,0.008853396,0.0065592164,0.059306215,0.075178504,-0.013717854,-0.09209026,-0.06684797,-0.11399726,-0.020575354,0.074062,-0.06132705,-0.038490765,0.06326695,0.051702395,0.06869294,0.06996726,-0.088593274,0.03267077,0.005454482,-0.061764516,-0.10454705,0.018057864
BaiH%bai_cluster_3%midas_Clostridium_hylemonae_61789%Clostridium_hylemonae_61789|NZ_GG657759_22762,0.017919803,0.020710709,-0.09462908,0.08714458,-0.09066473,-0.05491708,0.05013774,-0.09186282,-0.079295345,0.061919857,0.099867724,0.06914487,-0.11523037,-0.0884033,-0.09753197,0.018148795,0.06776152,-0.088071086,-0.059809785,0.050945856,-0.018088646,0.011793286,-0.0044226144,-0.11112933,0.055045985,0.019009879,-0.080319345,-0.07277454,0.05668106
BaiI%QinJ_2012__CON-070__bin_41_fa_AAAKDJOM_00400__hypothetical_protein,-0.0014444843,-0.036630798,-0.08148833,0.06286035,-0.106792964,-0.049217355,0.048547238,-0.028015625,-0.023007512,0.042795654,0.056003787,0.031476464,-0.05515416,-0.028412966,-0.050357625,0.025567155,0.06386477,-0.05711745,0.01890893,0.108001225,0.038675353,0.06968174,0.08701916,-0.045038506,0.049082346,-0.08489772,-0.071720354,-0.07758727,0.046055958
BaiI%WP_279004450_1_nuclear_transport_factor_2_family_protein__partial___Clostridium__scindens_,0.044864606,0.008517514,0.044474296,0.004228334,0.027966075,-0.012623028,0.0069290088,0.0028922963,0.009571096,0.045643147,-0.0030924496,-0.014109346,-0.010338793,-0.0019022989,0.01668166,0.049794815,0.048850518,-0.03342537,-0.0364322,-0.016302535,-0.047680687,-0.036537983,0.004833617,0.034170315,0.050744046,-0.07716595,-0.019623626,0.04998241,0.020020984
