Sample,Run_0,Run_1,Run_2,Run_3,Run_4,Run_5,Run_6,Run_7,Run_8,Run_9,Mean
C18-neg_Cluster_1145: NA,0.8511793195131462,0.8575656364943136,0.8617863836863541,0.850528709066738,0.8556889659286819,0.8551663636747981,0.8517348046054765,0.8493132184313008,0.8455222969132411,0.8558087534115946,0.8534294451725646
C18-neg_Cluster_0361: eicosatrienoic acid,0.8411066014646956,0.8438041686044054,0.8522515349239232,0.8375071050418788,0.8425557951305214,0.8463337983906201,0.8416879230729483,0.833682126298285,0.8358336034423635,0.8514940552525637,0.8426256711622205
C18-neg_Cluster_2021: urobilin,0.8417936179108124,0.8377666445881895,0.834106080036829,0.8361753500847909,0.8461987438755714,0.84645476026062,0.8432557298345994,0.8449750325305224,0.832870624820906,0.8447307600163476,0.8408327343959188
C18-neg_Cluster_0718: NA,0.8334073197198383,0.8391888273510056,0.8442668771168328,0.8298982511027495,0.8344396059696446,0.8331700935281877,0.8351888649313923,0.8290609131094482,0.8268929945461465,0.842978574481978,0.8348492321857224
C18-neg_Cluster_0895: NA,0.8261038064234276,0.829252338204691,0.8285911582744966,0.8207803097563382,0.8271325695119718,0.8266651634511949,0.8223140592924554,0.821365154525853,0.8112149269296355,0.8237585554099316,0.8237178041779994
C18-neg_Cluster_1943: NA,0.8012901816541947,0.8035520511844868,0.8115308370561405,0.801414666685457,0.8022473071304087,0.806318907162352,0.795823409762445,0.800030064309437,0.7944646439023475,0.804119280147691,0.8020791348994962
C18-neg_Cluster_1324: docosapentaenoic acid ,0.7969437750438046,0.8052537380740992,0.8078925858594401,0.796674840400795,0.7976601511671059,0.8018327484885638,0.7922932021777835,0.7891669837511804,0.7922591449522495,0.8040159340840016,0.7983993103999024
C18-neg_Cluster_0863: docosapentaenoic acid,0.7926748779811816,0.7994827999267182,0.8001850834049709,0.7918575045683658,0.7912550439925404,0.7968944507861347,0.7869861469299173,0.7819715140668085,0.7874335884102088,0.7945057474504057,0.7923246757517253
C18-neg_Cluster_1244: NA,0.7947922978997262,0.7927195046905021,0.7881922424686557,0.79196319940623,0.7847865199152563,0.7915392456676861,0.7903918694833166,0.7990106963175918,0.7862944329354511,0.7918774691488512,0.7911567477933267
C18-neg_Cluster_0490: docosapentaenoic acid,0.7867301305448687,0.7952585295734157,0.7916883928277832,0.7854935009418585,0.7871857927347718,0.791715403730793,0.7785070721590402,0.778184115710011,0.7790261512516619,0.7871940134443834,0.7860983102918587
C18-neg_Cluster_0451: NA,0.7859984873894315,0.78045185717574,0.7734313711673877,0.7793561540232153,0.7885128501435101,0.7911141175420549,0.787635582989238,0.7893795478139959,0.7747431615439903,0.795299633121474,0.7845922762910039
C18-neg_Cluster_0396: NA,0.7848241003020524,0.7829509528976828,0.7784354345467102,0.7886208937555491,0.7819304105187503,0.7839691465024404,0.7763732108212725,0.785110650751373,0.7811658845248665,0.7886619973036073,0.7832042681924304
C18-neg_Cluster_1247: NA,0.7892867712340931,0.7779915162276809,0.7814900153609831,0.7810108654293325,0.778329739708846,0.7835675061185567,0.7790343719612735,0.7836849448272947,0.7791165790573901,0.7810390507194296,0.7814551360644879
C18-neg_Cluster_0527: NA,0.783041380703411,0.7795863338923417,0.7624191434490339,0.7769286959136028,0.7816015821342841,0.7845950948200134,0.7801958407906914,0.7818775630998183,0.7754748046994273,0.7912761829601133,0.7796996622462737
C18-neg_Cluster_0892: NA,0.7836050865053529,0.7879479699544808,0.7718353791156396,0.7606282031407808,0.7798493965999145,0.7811905466537015,0.7734936136830189,0.787081272283995,0.7726903329152516,0.7812492660080704,0.7779571066860207
C18-neg_Cluster_0136: NA,0.7715288640858337,0.7775980965534088,0.7770602272673892,0.7735852158758345,0.7770637504286514,0.7738917309056405,0.7766632844318551,0.7807431051734101,0.7721078369199117,0.7772316877821466,0.7757473799424079
C18-neg_Cluster_0506: adrenic acid,0.7752117419918545,0.7770167749451562,0.7828922335433138,0.7643216505305881,0.7771483062989426,0.7805704702715652,0.7674326019250554,0.7670603212183562,0.7641607594996171,0.7806679443998177,0.7736482804624266
C18-neg_Cluster_0431: NA,0.773438417489912,0.7796368325370988,0.7492777519412619,0.7600879850805865,0.7728547471074847,0.7820548955500124,0.7749709926389419,0.7821770318071,0.7689757465578715,0.7816051052955463,0.7725079506005816
C18-neg_Cluster_0311: NA,0.7613293122319462,0.7760948810815635,0.7695793815207843,0.7777977423582632,0.7771952817824377,0.7760385105013693,0.7684672369490363,0.768655138883017,0.7617203831320434,0.7725353138197175,0.7709413182260179
C18-neg_Cluster_0449: NA,0.7702922344828234,0.7639012199533064,0.7528666788802924,0.7727772375597176,0.7731600877502032,0.7760925323073888,0.7715687932468046,0.7741735838066114,0.7679411115338906,0.7772504779755446,0.7700023957496582
C18-neg_Cluster_0832: chenodeoxycholate,0.7664038388365113,0.7653703781996177,0.7621138028063155,0.7644696233035979,0.7623181461595194,0.7701231227422409,0.7782146497742829,0.776572856626127,0.7631331707981605,0.7685294794646674,0.7677249068711041
C18-neg_Cluster_0591: eicosatrienoic acid,0.7675688308271914,0.7710109593802994,0.7767959901727289,0.7645835388510737,0.7703274660954449,0.7737378861971936,0.7568173170422358,0.755449156085439,0.7578484289049546,0.7767220037862241,0.7670861577342786
C18-neg_Cluster_0507: NA,0.7543581504812638,0.7701959347416584,0.7619012387434998,0.7666927380600065,0.7670638443796183,0.7715218177633094,0.7628795031872865,0.7601149959835962,0.7569793824602941,0.7664989641905889,0.7638206569991122
C18-neg_Cluster_1383: NA,0.7689663514611724,0.7641854216284522,0.7501655885793206,0.7529653273956323,0.7659282120661227,0.7704202426753478,0.758980538057188,0.7677121060518516,0.7515666323745637,0.7669651958642785,0.7617855616153929
C18-neg_Cluster_1405: NA,0.7686574876571917,0.7590662683145666,0.7622711706760243,0.7611672468138878,0.762369819191364,0.7595724291492271,0.7581901755473819,0.7670227408315601,0.761263546555053,0.755814390469614,0.7615395275205871
CDCA,0.7679340652113663,0.7594373746341784,0.754522564673497,0.746886699831358,0.7582547668371877,0.7548596137675748,0.7650274571701029,0.773221155878747,0.7484662504638829,0.7536981449381568,0.7582308093406052
C18-neg_Cluster_0692: NA,0.761043936169713,0.7563463878201967,0.7478473484688342,0.7509747412825248,0.7537040168735938,0.7525143627540787,0.753608891519516,0.7532095999098072,0.7562665294982549,0.7543240932557299,0.7539839907552249
C18-neg_Cluster_0639: NA,0.7438450372750461,0.757664050132236,0.7497099263894175,0.760991088750781,0.7535396026813606,0.76122009423282,0.7528044363646613,0.7489148663312617,0.7424205057380553,0.7594373746341784,0.7530546982529817
C18-neg_Cluster_1637: NA,0.7502348774174759,0.7546611423498077,0.7612106991361209,0.7420564457409679,0.7516594089544667,0.7564579545934976,0.7514362754078647,0.7414363693588316,0.7382302926102867,0.7535548697134965,0.7500938335282816
C18-neg_Cluster_1292: chenodeoxycholate,0.7566893088497113,0.7433482715370849,0.740219704336307,0.7442584215298036,0.7495431634230095,0.7516053871484473,0.7614408790052473,0.7576793171643719,0.7512272345063111,0.7423547400611621,0.7498366427561456
C18-neg_Cluster_0109: NA,0.7467457733808726,0.7435608355999005,0.7484956101410675,0.7423394730290261,0.7519154253395153,0.7489512723309705,0.7583158349657315,0.7535219868750499,0.7518120792758259,0.7509735668954373,0.7496631857833397
C18-neg_Cluster_0263: NA,0.7429231434114536,0.7566963551722357,0.7441773888207744,0.7441468547565027,0.7541091804187394,0.7522736134011659,0.7456982200989304,0.7519624008230105,0.746071675192717,0.7541996082244677,0.7492258440319997
isoCA_aMCA,0.7520868858542727,0.738912611508054,0.7462184735786395,0.747441010536601,0.7507163761233013,0.7427481597354342,0.7419249143871813,0.7546963739624291,0.7489818063952424,0.7441374596598036,0.746786407174096
C18-neg_Cluster_0127: NA,0.7435514405032014,0.7466130676399987,0.73824673402951,0.7448092090737845,0.7485273185924267,0.7480610869187372,0.7472718987960184,0.7578895324530128,0.7395514780835883,0.7513247086345638,0.7465846474724842
C18-neg_Cluster_1406: NA,0.7499119209684467,0.7459507133227169,0.7422713585779582,0.7508349892191266,0.7388163117668889,0.7450487840396097,0.7482865692395139,0.7540657280965065,0.7411439469740743,0.7437604814047549,0.7460090803609597
C18-neg_Cluster_0526: NA,0.7447657567515513,0.742924317798541,0.7236491025333879,0.7429395848306769,0.7479565664679605,0.748014111435242,0.742394669222133,0.7481503403373779,0.740938429233783,0.7555501533749537,0.7437283031985606
C18-neg_Cluster_0628: NA,0.7502489700625244,0.7476077735030089,0.7393412627949473,0.7400705571762097,0.7413177562630063,0.7402655054327147,0.7414903911648512,0.7440576013378618,0.743317737472813,0.7474926835684457,0.7435210238776383
C18-neg_Cluster_0788: NA,0.7411392494257248,0.7493963650370871,0.7406765409132974,0.7409266853629092,0.7403101321420351,0.733122883167275,0.742490968963298,0.7468784791217464,0.745920179258445,0.7468420731220375,0.7427703556513856
C18-neg_Cluster_0331: NA,0.7517627550181561,0.7280495309497974,0.7341445999332947,0.7625917783508788,0.7449935878465029,0.7464956289312609,0.7348468834115475,0.7324746214950418,0.7481996645950479,0.7405273937532003,0.7424086444284729
C18-neg_Cluster_1392: NA,0.7393353908595104,0.7432637156667935,0.7294529235192154,0.7385297613175684,0.7411509932965985,0.7388210093152384,0.747344710795436,0.7428702959925215,0.747927206790776,0.7421057699986378,0.7410801777552296
C18-neg_Cluster_0011: NA,0.731220376085721,0.7469794764112611,0.7341117170948482,0.7431474513451429,0.7442325850138813,0.7364182133344608,0.7349854610878583,0.7345849950910621,0.7510510764432043,0.7454445524880565,0.7402175904395496
C18-neg_Cluster_0640: NA,0.734182180320091,0.7424122850284437,0.7310477411838762,0.7347705482508678,0.7380341699666945,0.7333272265204789,0.7360811642403831,0.7326296405905758,0.7393858895042678,0.7437851435335899,0.7365655989139269
C18-neg_Cluster_1988: NA,0.7398873527905787,0.7374622434551409,0.7364452242374705,0.7325415615590223,0.7387822545413549,0.7348492321857223,0.727444721599797,0.7350512267647514,0.7409701376851422,0.7271746125697,0.7350608567388679
C18-neg_Cluster_1107: NA,0.738974854023685,0.7335280467124209,0.7284828797850401,0.7264793754139716,0.7253824978743594,0.7338463056131006,0.7373953033911602,0.7524638641093214,0.7282339097225159,0.7428726447666963,0.7347659681412272
C18-neg_Cluster_1225: NA,0.7385050991887335,0.736936118039995,0.7274740812769815,0.7273625145036806,0.7376231344861117,0.7338756652902851,0.7388914725404812,0.7438884895972793,0.7301716484166914,0.7305779863489246,0.7345306209689164
C18-neg_Cluster_0388: NA,0.7321011664012552,0.7395268159547532,0.7248317103303786,0.7321152590463037,0.7450252962978622,0.7391228267966947,0.7217959197095036,0.7389912954429083,0.7249914269742622,0.7461186506762122,0.7344620367630135
C18-neg_Cluster_0704: NA,0.7336173001310616,0.7327094989125176,0.7333624581331004,0.730130544868633,0.7341211121915474,0.7377711072591215,0.7289913893938753,0.7273096670847485,0.7316595968564007,0.7414950887132007,0.7331167763544206
C18-neg_Cluster_0634: NA,0.7287353730088267,0.7310806240223228,0.7232967864071741,0.7335397905832947,0.7399096661452388,0.7299649562893127,0.7362866819806744,0.7322503135613525,0.7336548805178579,0.7382443852553353,0.7326963457771389
C18-neg_Cluster_1222: NA,0.7264629339947482,0.7296161633243611,0.7327553000089253,0.7290477599740696,0.7236514513075626,0.7348586272824214,0.7358592050808683,0.7348081286376641,0.7340600440630036,0.7238346556931938,0.7304954269366818
C18-neg_Cluster_1163: NA,0.739135745054656,0.7357758235976644,0.7232016610530965,0.7246485059447476,0.7269362119909619,0.7268798414107678,0.7291053049413512,0.7412097126509675,0.7279356154023215,0.7293437055200891,0.7304172127566624
C18-neg_Cluster_1599: NA,0.7299767001601865,0.7340130685795083,0.7235516284051353,0.7243690018179512,0.7293484030684386,0.7302667737707691,0.7294376564870795,0.7362256138521306,0.7275151848250399,0.7285181113976616,0.7293222142363901
C18-neg_Cluster_1204: NA,0.7301328936428078,0.7209738487483383,0.7270595226351368,0.7219204047407658,0.7296419998402834,0.7357288481141693,0.7364393523020336,0.736864480427665,0.7237571461454267,0.7253742771647477,0.7287892773761374
C18-neg_Cluster_1045: chenodeoxycholate,0.732837507105042,0.7299637819022253,0.7241482170455239,0.7184054641882403,0.7256643507753304,0.7294447028096037,0.7382326413844614,0.7394645734391222,0.7226027236385331,0.7254564842608644,0.7286220446548947
C18-neg_Cluster_1315: NA,0.7240530916914463,0.7439014078552404,0.7137478449996947,0.7283043729477586,0.727970847014943,0.7298710053223222,0.7232956120200867,0.7326155479455274,0.7148975699582389,0.746133917708348,0.7284791217463605
C18-neg_Cluster_1740: NA,0.730399479511643,0.7236584976300869,0.7174412923895019,0.721716061387562,0.7299496892571767,0.7321892454328086,0.7360107010151402,0.7355750034057226,0.7302785176416429,0.720849363717076,0.7278067851388361
C18-neg_Cluster_1116: NA,0.7240789282073687,0.731855719499993,0.7263431465118355,0.7194471455347454,0.7351263875383438,0.7201740911418331,0.7294400052612542,0.7276326235337778,0.727032511732127,0.7361046519821306,0.7277235210943409
CA,0.7356208045021304,0.7325215969785369,0.7187389901210559,0.7185287748324151,0.7245122770426115,0.7214377316478531,0.7279872884341663,0.733856875096887,0.723389562987077,0.7254787976155245,0.7262072699258256
C18-neg_Cluster_2149: NA,0.72353166382465,0.7173344231645504,0.7085770186539645,0.7194412735993087,0.7335433137445568,0.7249585441358156,0.7223619742856203,0.7343512920606737,0.7319226595639736,0.737431709390869,0.7253453872423983
C18-neg_Cluster_1602: NA,0.7260800838042626,0.7227812304758148,0.7291346646185357,0.7218687317089212,0.7107883895394994,0.7233930861483392,0.7277289232749429,0.7177172733550361,0.715235793439404,0.7327576487831001,0.7227485825147856
C18-neg_Cluster_0357: NA,0.7221094810618339,0.7154753684052293,0.7069317023445465,0.7181388783194051,0.7277218769524185,0.7267306942506706,0.7258158467096023,0.7299637819022253,0.7135000493242577,0.7401457179498021,0.7226533397219991
C18-neg_Cluster_1786: NA,0.7279661494665934,0.7239732333695044,0.7144489540908601,0.7167577991046473,0.7214682657121249,0.7252897212944565,0.7238980725959122,0.7277571085650401,0.7210642765540665,0.7237242633069801,0.7226347844060186
C18-neg_Cluster_0989: NA,0.7248857321363982,0.7237031243394073,0.727533975018438,0.7153015591162972,0.7262656369640685,0.7291687218440696,0.7255527840020295,0.7269831874744571,0.7106650788953247,0.7149245808612485,0.722498438065174
C18-neg_Cluster_0729: docosapentaenoic acid ,0.7185158565744538,0.7334247006487316,0.7237959009193102,0.7318921254997017,0.7201224181099886,0.7239274322730967,0.721642075001057,0.7117302479835773,0.7116985395322182,0.7265498386392142,0.7223299135181349
C18-neg_Cluster_1693: NA,0.7195528403726096,0.715337965116006,0.717528197033968,0.711611634887752,0.7219979142885329,0.730520441381643,0.7298193322904777,0.730399479511643,0.7217618624839697,0.718023788384842,0.7216553455751444
C18-neg_Cluster_2105: NA,0.725818195483777,0.716722567492026,0.7147942238945494,0.7152628043424138,0.7283760105600887,0.7253472662617382,0.713578733259112,0.7292462313918368,0.7183361753500848,0.7273120158589234,0.7214794223894551
C18-neg_Cluster_1379: NA,0.7263595879310588,0.7283912775922247,0.7096785937419261,0.7159345537563946,0.708848302071149,0.7158053711767829,0.7254224270353303,0.7252580128430971,0.7292685447464968,0.7145440794449377,0.71995107503394
C18-neg_Cluster_1162: NA,0.7317758611780513,0.7175058836793078,0.7187002353471723,0.718315036382512,0.7114495694696938,0.7132710438422187,0.7211840640369792,0.7257512554197965,0.7155798888560061,0.7250266585868835,0.719855949679862
C18-neg_Cluster_1343: NA,0.7209362683615421,0.7249068711039708,0.7310136839583422,0.7171887991657155,0.7181729355449392,0.7242527374963008,0.7090538198114404,0.7138676324826074,0.7078242365309545,0.7218100123545522,0.7189026996810365
C18-neg_Cluster_1400: NA,0.725585666840476,0.7194224834059105,0.7063315905428957,0.7126310028795972,0.7156104229202779,0.7174436411636768,0.7185886685738713,0.7233989580837761,0.717912221611541,0.7128952399742574,0.716981989599628
C18-neg_Cluster_0930: cholate,0.7227906255725137,0.7186826195408617,0.7051971326164875,0.7097725447089164,0.7137161365483354,0.7145429050578503,0.7194506686960076,0.7206978677828042,0.7140167796427045,0.716056690013482,0.7154923970179963
C18-neg_Cluster_2104: NA,0.7094225773568774,0.7066780347336725,0.7008789112961945,0.7162927418180453,0.7297289044847495,0.7149457198288215,0.7198710992732893,0.7236878573072714,0.7083010376884303,0.7166133494928997,0.7146420233280251
C18-neg_Cluster_1001: NA,0.7138652837084326,0.7197595324999884,0.7070432691178474,0.7098336128374603,0.714235215640957,0.7166568018151327,0.7163866927850355,0.7142880630598891,0.7094178798085279,0.7126039919765874,0.7134090343249858
C18-neg_Cluster_1052: NA,0.7202433799799886,0.7272439014078552,0.7133837850026072,0.7117243760481405,0.7131512563593061,0.7198311701123185,0.7124771581711505,0.7041801133988173,0.6997926032403688,0.7109222696674605,0.7132950013388014
C18-neg_Cluster_1377: NA,0.7167249162662007,0.722816462088436,0.7107907383136741,0.7142070303508599,0.708946950586489,0.7045570916538659,0.7153485345997923,0.7164700742682394,0.7117502125640628,0.7093180569061007,0.7130930067597722
C18-neg_Cluster_0792: NA,0.7108071797328974,0.7147730849269767,0.6919946729801716,0.7033627399860013,0.7126450955246457,0.7121048774644513,0.7147848287978504,0.7211417861018334,0.7109880353443538,0.7260718630946509,0.7118674163953833
C18-neg_Cluster_0452: NA,0.7181835050287256,0.7104419453487225,0.7147601666690154,0.7057913724827014,0.7084302202680421,0.7134601201632867,0.7056574923547401,0.7204066197851341,0.7129034606838691,0.7072229503422165,0.7117257853126453
C18-neg_Cluster_0563: palmitoylethanolamide,0.7226637917670768,0.7101636156090136,0.7066334080243521,0.7105969644442566,0.7120062289491115,0.7171465212305699,0.7031067236009527,0.707110209181828,0.7091900487135764,0.7142951093824134,0.7112912620903151
C18-neg_Cluster_0814: NA,0.71634441484989,0.709166560971829,0.6965137144924064,0.7013310503248356,0.7068729829901775,0.7037667291440597,0.715858218595715,0.7327376842026148,0.7029211704411469,0.7182985949632889,0.7103811120975965
C18-neg_Cluster_0314: NA,0.7193696359869785,0.7210266961672703,0.697664613838038,0.7127155587498885,0.7079698605297896,0.7191899547626095,0.7148118397008603,0.702103797028331,0.7115623106300822,0.6890140785524035,0.7095428345946251
C18-neg_Cluster_1827: NA,0.7157607444674625,0.709631618258431,0.6936341173541529,0.704086162431827,0.7111454032140626,0.7100262123197904,0.7137830766123161,0.7153908125349381,0.7100861060612468,0.7041624975925065,0.7087706750846733
C18-neg_Cluster_1507: NA,0.7045547428796912,0.7032546963739625,0.6997268375634756,0.7042775875270697,0.7079769068523137,0.7082141330439644,0.7163538099465888,0.7202985761730953,0.7080461956904691,0.7032723121802732,0.7075975798230904
C18-neg_Cluster_2037: NA,0.710982163408917,0.7049422906185262,0.6996857340154174,0.7001378730440584,0.7054014759696915,0.7088870568450326,0.6960674473992023,0.7173038891002785,0.7027403148296903,0.7104830488967808,0.7056631294127594
3oxoLCA,0.703020993343574,0.7136351038393063,0.6950551257298816,0.7040967319156133,0.7126028175895001,0.7073356915026049,0.7103491687688196,0.7085147761383334,0.697435608355999,0.7020509496093988,0.705409696679303
C18-neg_Cluster_1273: cholate,0.7119475095947425,0.7101577436735769,0.693749207288716,0.6998360555626019,0.7042775875270697,0.6962471286235715,0.7077291111768768,0.7148928724098893,0.7044784077190115,0.7056187375808566,0.7048934361156912
C18-neg_Cluster_0440: NA,0.7086075527182365,0.7060967131254198,0.690465620992404,0.6951596461806584,0.6997233144022135,0.707878258336974,0.697615289580368,0.7172909708423173,0.7058078139019247,0.7155481804046468,0.7044193360485164
C18-neg_Cluster_1149: NA,0.7052405849387205,0.7080602883355177,0.6906922777002683,0.7053885577117303,0.7097220460641592,0.7050385903596913,0.7081084382061003,0.7060062853196917,0.6951056243746389,0.701626995870855,0.7034989688881373
C18-neg_Cluster_1242: NA,0.7080180104003722,0.7016363909675541,0.708154239302508,0.6970715483589115,0.6864480427664802,0.7066533726048376,0.7023198842524088,0.7118054087571697,0.709777242257266,0.7007215434264857,0.7032605683093993
C18-neg_Cluster_1487: NA,0.698135543060077,0.7046862742334775,0.7023680341229913,0.691317051630754,0.7066345824114395,0.7128799729421216,0.7067766832490123,0.7111947274717325,0.6903963321542488,0.7015271729684278,0.7025916374244282
C18-neg_Cluster_0556: NA,0.6932771036795896,0.7035165846944481,0.6930222616816285,0.7045406502346426,0.7050867402302738,0.7100872804483341,0.7032312086322149,0.7010856034235733,0.6885795553300733,0.7085147761383334,0.7010941764493113
C18-neg_Cluster_1486: NA,0.698012232415902,0.6938971800617258,0.700471398976874,0.7053486285507594,0.7019945790292047,0.6975894530644458,0.703662208693283,0.7027144783137682,0.7070644080854203,0.6953545944371632,0.7006109161628548
C18-neg_Cluster_1239: NA,0.7088576971678482,0.7129140301676555,0.6814698159030803,0.6922107602042495,0.697615289580368,0.6936094552253179,0.7081448442058091,0.7124806813324127,0.6997080473700776,0.6989000690539607,0.700591069021078
C18-neg_Cluster_1371: NA,0.7077901793054207,0.693575397999784,0.6888837215857044,0.6940521991572599,0.7018289904498842,0.7001237803990098,0.6929212643921138,0.7102986701240622,0.7006346387820197,0.7151453656336758,0.7005254207828934
C18-neg_Cluster_1325: NA,0.7038759471431859,0.7028389633450302,0.6891808415188113,0.6960451340445422,0.7019546498682339,0.7031736636649334,0.7013263527764861,0.7010374535529907,0.6971525810679408,0.700957595231049,0.6997543182213203
C18-neg_Cluster_0137: NA,0.6996681182091067,0.6981073577699798,0.702642840701438,0.6893511276464813,0.7027450123780399,0.7021331567055155,0.6964491232026006,0.7038465874660015,0.6920991934309485,0.7099393076753243,0.6996981825185437
C18-neg_Cluster_2004: NA,0.7104219807682371,0.707032699634061,0.6964972730731831,0.7023468951554185,0.6988025949257083,0.68023318630007,0.6879559557866749,0.6983727692517275,0.7102458227051303,0.6964702621701735,0.6988379439770385
C18-neg_Cluster_1350: NA,0.6939054007713374,0.6934098094204635,0.6917421797563852,0.6979053631909506,0.700737984845709,0.6979347228681352,0.7057079909994974,0.698247109833378,0.6964115428158045,0.6993228484054173,0.6975324952907078
C18-neg_Cluster_0916: NA,0.6972688453895913,0.6954555917266778,0.6932947194859003,0.6992981862765824,0.6870622472131794,0.6859442307059946,0.7115411716625094,0.7004843172348352,0.701419129356389,0.7009517232956121,0.6972720162347271
C18-neg_Cluster_1825: NA,0.7039017836591083,0.6943657605095901,0.6973862840983291,0.6985876820887179,0.6944561883153183,0.6895237625483261,0.699120853826388,0.696949412101824,0.69082146027988,0.7003140311071652,0.6965427218534647
C18-neg_Cluster_1160: NA,0.7011842519389132,0.6907216373774527,0.6768450795529813,0.6958971612715326,0.685998252512014,0.6835120750480325,0.6989329518924075,0.7127930682976554,0.7032241623096906,0.7131794416494033,0.6962288081850083
C18-neg_Cluster_0110: NA,0.7046827510722156,0.6982071806724072,0.6947098559261922,0.7006957069105634,0.6911585093739578,0.69800870925464,0.6950539513427942,0.6953769077918235,0.6856118791602663,0.694142626962988,0.6957648078467848
C18-neg_Cluster_1641: NA,0.6985465785406597,0.6997338838859999,0.681589603385993,0.6986675404106597,0.6999452735617282,0.699659897499495,0.7007544262649323,0.6979394204164847,0.6869917839879367,0.6933428693564829,0.6957171277310372
C18-neg_Cluster_0023: NA,0.694337575219493,0.6974825838394942,0.6931044687777449,0.6880029312701702,0.7005125025249324,0.6930856785843469,0.6987638401518248,0.6901978607364817,0.6907686128609479,0.7100872804483341,0.695634333441377
C18-neg_Cluster_1177: NA,0.7013721538728938,0.6949940576013379,0.7026005627662923,0.6928801608440556,0.6859724159960918,0.6984561507349314,0.6973534012598824,0.6948507823766777,0.6909283295048315,0.6933781009691042,0.69527861159261
C18-neg_Cluster_0197: NA,0.6966276300398823,0.6919629645288125,0.6934908421294926,0.6949764417950272,0.6981613795759993,0.6937879620625996,0.6993287203408542,0.6938960056746384,0.6969517608759989,0.6934873189682305,0.6952671025991536
C18-neg_Cluster_0877: NA,0.6997597204019222,0.7041026038510503,0.7048037129422154,0.6892806644212386,0.6997385814343494,0.708411430074644,0.6855120562578392,0.6852677837436643,0.6792925022430794,0.6955507170807557,0.695171977245076
C18-neg_Cluster_0546: NA,0.7038583313368754,0.6959629269484257,0.6824398596372553,0.6846547536840523,0.6926875613617254,0.6925548556208516,0.6894532993230833,0.7077760866603721,0.6940498503830852,0.7043081215913416,0.6947745646547068
C18-neg_Cluster_0528: NA,0.7033874021148364,0.6887357488126947,0.6977526928695915,0.6866993616031792,0.7014332220014375,0.6937938339980364,0.6859465794801693,0.7017902356760007,0.6983610253808537,0.6866594324422085,0.6944559534379009
C18-neg_Cluster_1178: cholate,0.7011642873584276,0.6970645020363873,0.686153271607548,0.6902154765427924,0.6954180113398818,0.6927439319419196,0.6960110768190082,0.6997491509181359,0.6908519943441518,0.6947251229583281,0.694409682586658
C18-neg_Cluster_1653: NA,0.6927591989740556,0.6919242097549289,0.699179573180757,0.6891092039064811,0.6961954555917267,0.6936611282571626,0.693284150002114,0.6968942159087173,0.682302456348032,0.6947098559261922,0.6930019447850168
C18-neg_Cluster_0180: NA,0.6893111984855105,0.695691643531241,0.6722614467509407,0.6994226713078444,0.6965888752659988,0.6878890157226943,0.699951145497165,0.6948836652151242,0.6814897804835656,0.695939439206678,0.6913428881466762
C18-neg_Cluster_2135: NA,0.7042858082366813,0.6960686217862897,0.6915037791776473,0.6951984009545419,0.6831397943413332,0.6766195972322047,0.6862988956063831,0.6885513700399761,0.6998090446595923,0.6856365412891011,0.6907111853323751
isoUDCA,0.6919371280128901,0.7025946908308556,0.6812337640985171,0.6958114310141538,0.6754886624670584,0.6910246292459966,0.7028107780549332,0.6896611658375494,0.6807769275215266,0.6947286461195903,0.690606782320307
C18-neg_Cluster_1171: NA,0.6951690412773575,0.6899641577060932,0.6943399239936677,0.6911784739544431,0.6946851937973573,0.6946523109589106,0.6860640181889073,0.6867745223767716,0.6778855865123992,0.6936012345157062,0.6904314463281614
C18-neg_Cluster_2070: NA,0.6852302033568681,0.6815179657736627,0.6792607937917202,0.6940063980608521,0.6939500274806578,0.6996763389187184,0.6977068917731837,0.6912818200181325,0.6858620236098781,0.6929882044560944,0.6901480667239768
C18-neg_Cluster_0450: NA,0.6982553305429896,0.6829765545361877,0.6928050000704633,0.6837786609168676,0.6949212456019205,0.6877246015304613,0.6834251704035664,0.696726278555222,0.6937362890307549,0.6830740286644401,0.6897423159852873
C18-neg_Cluster_0995: NA,0.6737587902873491,0.6880017568830828,0.6848626201985184,0.6972747173250281,0.6943610629612406,0.7042705412045454,0.6949482565049302,0.6974379571301738,0.6664517538296764,0.6942248340591046,0.689559229038365
C18-neg_Cluster_1251: NA,0.689712838869394,0.6861368301883247,0.68538169929114,0.6879641764962866,0.6737294306101647,0.6760617633656993,0.7050479854563904,0.6953029214053187,0.6954121394044448,0.6962060250755132,0.6890955810162678
C18-neg_Cluster_1541: NA,0.6908296809894915,0.6931467467128906,0.67479342531133,0.6879042827548303,0.6781228127040498,0.6878772718518206,0.7047297265557106,0.6949188968277457,0.6907333812483265,0.68700822540716,0.6890064450363356
C18-neg_Cluster_0986: NA,0.6762437933642432,0.6908637382150257,0.6868355905053154,0.6788955594075453,0.6989118129248345,0.6830446689872556,0.6817481456427891,0.7005089793636702,0.6802155704937592,0.6951690412773575,0.6872436900181796
C18-neg_Cluster_0605: NA,0.6956810740474546,0.6900827708019185,0.68278278066677,0.6729273242294848,0.6835202957576441,0.6801768157198759,0.6799983088825942,0.7022470722529913,0.6851714840024993,0.6976716601605621,0.6870259586521794
IleLeu_CA,0.687014097342597,0.6854603832259943,0.6764328696853112,0.6875660592736652,0.6835155982092946,0.6826477261517214,0.6948625262475515,0.696648769007455,0.6747464498278348,0.699457902920466,0.686835238189189
C18-neg_Cluster_2095: NA,0.7020509496093988,0.6942095670269687,0.6800734696561864,0.6882812610098791,0.6878796206259953,0.6611035950337518,0.681825655190556,0.6933851472916285,0.6966252812657073,0.6829084400851196,0.6868342986795193
C18-neg_Cluster_1899: NA,0.6911913922124043,0.6875073399192961,0.6713348553389986,0.6863129882514317,0.6768767880043405,0.6828321049244399,0.6963446027518239,0.6931784551642498,0.6909987927300743,0.6873793317267718,0.686395665102383
C18-neg_Cluster_2131: NA,0.6863623125091015,0.6917962015624046,0.675877384592981,0.6821744481555077,0.6731516321631741,0.6887228305547336,0.6836506527243432,0.6945243027663861,0.690880179634249,0.6939488530935705,0.686108879775645
C18-neg_Cluster_2034: NA,0.6895660404834717,0.6755603000793886,0.6773066136783213,0.6744798639589998,0.6876541383052186,0.6939042263842501,0.6895519478384232,0.6922530381393951,0.694356365412891,0.6814063990003618,0.6856038933280721
C18-neg_Cluster_1610: NA,0.6800335404952156,0.6858761162549265,0.6880358141086168,0.6901508852529865,0.6879970593347332,0.6860945522531792,0.6833547071783236,0.6893511276464813,0.6782731342512343,0.6864820999920141,0.6855649036767711
C18-neg_Cluster_0897: NA,0.6807710555860896,0.6884351057183256,0.6803494506217205,0.6948038068931826,0.6764246489756995,0.6949177224406582,0.6811010583576432,0.6866124569587132,0.6924714741376475,0.6785902187648266,0.6854476998454506
C18-neg_Cluster_0633: NA,0.6835766663378382,0.689334686227258,0.6794393006290017,0.6764786707817191,0.6935413407742499,0.6745914307323009,0.6839430751091006,0.6848884567144408,0.6903082531226954,0.6951690412773575,0.6851270921705962
7oxoDCA,0.682035870479197,0.6868954842467717,0.675211507114437,0.6784058399921081,0.6850399526487128,0.6808896686819149,0.6872795088243446,0.6983023060264848,0.6817270066752162,0.6818514917064784,0.6837638636395665
C18-neg_Cluster_1670: NA,0.6830540640839546,0.6875226069514321,0.6782519952836615,0.6911620325352199,0.6731657248082226,0.6836342113051199,0.6943058667681338,0.6820041620278378,0.6752502618883205,0.687203173663665,0.6835554099315567
C18-neg_Cluster_1060: chenodeoxycholate,0.6902988580259962,0.6827158406027894,0.6710941059860859,0.6726395993930768,0.6804387040403614,0.6809718757780315,0.6935800955481335,0.695533101274445,0.6767593492956026,0.6895413783546368,0.6833572908299159
C18-neg_Cluster_1551: NA,0.6852959690337612,0.688169694236578,0.6760829023332723,0.6820699277047308,0.690570141443181,0.6778350878676419,0.6864186830892958,0.6767429078763793,0.6807475678443422,0.6768744392301658,0.6820807320659349
C18-neg_Cluster_1904: NA,0.6783917473470595,0.6730189264223003,0.670441146765503,0.6988061180869705,0.6892653973891026,0.6716354984333677,0.685396966323276,0.6808062871987111,0.6796037148212348,0.6867921381830823,0.6814157940970609
Glu_CDCA,0.6886335771360927,0.6882753890744421,0.6778667963190012,0.6731833406145332,0.6796530390789046,0.6694875444505513,0.6806066413938566,0.6905983267332778,0.6699561248984155,0.6939512018677452,0.681221198156682
C18-neg_Cluster_0676: NA,0.6848403068438582,0.6963399052034743,0.6659996148010354,0.6757763873034663,0.6821544835750223,0.6752678776946311,0.6797599083038562,0.6919570925933757,0.6787816438600696,0.6804328321049246,0.6811310052283714
C18-neg_Cluster_1971: NA,0.6796706548852155,0.6803424042991962,0.67525495943667,0.6741216758973493,0.6828050940214302,0.6857328410302663,0.6874145633393932,0.6910504657619189,0.674895596987932,0.6747628912470582,0.680605114690643
C18-neg_Cluster_0924: NA,0.687844389013374,0.6860405304471596,0.6567841993263717,0.6933088121309489,0.6743530301535628,0.6608675432291887,0.6913334930499773,0.681025897584051,0.6740324224787083,0.6991772244065821,0.6804767541819923
C18-neg_Cluster_0358: NA,0.6891620513254133,0.6739854469952131,0.6861180399949266,0.6726807029411351,0.6818514917064784,0.6776483603207487,0.6750200820191942,0.6886829013937626,0.6826500749258962,0.6757188423361847,0.6803517993958953
C18-neg_Cluster_0635: NA,0.678349469411914,0.680505644104342,0.6702873020570564,0.6798832189480309,0.6894944028711416,0.6790975539865743,0.6796459927563805,0.684371726395994,0.6743330655730774,0.6870047022458979,0.6802973078350409
C18-neg_Cluster_1279: NA,0.6793465240490989,0.6796178074662834,0.6757223654974469,0.6782061941872537,0.6832889415014305,0.6871679420510435,0.6819383963509446,0.674867411697835,0.6714264575318143,0.6881661710753159,0.6799748211408467
C18-neg_Cluster_1757: NA,0.6820640557692941,0.6832760232434693,0.6672491626620068,0.6718398417865716,0.6751457414375438,0.6838526473033724,0.6849131188432758,0.6844433640083242,0.6725785312645332,0.6871550237930825,0.6792517510111474
C18-neg_Cluster_0159: NA,0.6891514818416269,0.6840076663989065,0.672510416813465,0.680927249068711,0.6763588832988064,0.6768544746496804,0.6778714938673507,0.6810352926807499,0.671822225980261,0.6804680637175458,0.6791007248317105
C18-neg_Cluster_0516: NA,0.6701510731549205,0.681986546221527,0.6724986729425912,0.6880041056572576,0.6805714097812351,0.6850458245841496,0.6783800034761858,0.681803341835896,0.6664846366681229,0.6845537563945377,0.6789479370716424
C18-neg_Cluster_1702: NA,0.6823036307351193,0.6779677936085158,0.6785737773456034,0.6798949628189048,0.6813911319682259,0.6705186563132701,0.6758198396256995,0.6851961461313341,0.6689531983257938,0.6779478290280303,0.6778566965900497
C18-neg_Cluster_0670: NA,0.6861074705111403,0.6841450696881297,0.6743706459598736,0.6753829676291944,0.6798926140447301,0.6668322552459871,0.6806031182325945,0.67299661306764,0.6836259905955083,0.6686971819407451,0.6772653926915544
C18-neg_Cluster_2081: NA,0.6802637203643418,0.6741463380261842,0.6689062228422986,0.6775579325150204,0.681165649647449,0.6755755671115246,0.6695298223856969,0.6888848959727918,0.6765103792330783,0.679179761082691,0.6771720289181076
C18-neg_Cluster_1490: NA,0.6695356943211338,0.679762257078031,0.6604165785876351,0.6748979457621068,0.6778233439967681,0.6872196150828883,0.6746008258289998,0.6825161947979351,0.6723354331374456,0.6917363078209483,0.6770844196413891
C18-neg_Cluster_0682: NA,0.6841204075592949,0.6816600666112357,0.6637013392710344,0.6674159256284146,0.6719878145595813,0.6791562733409434,0.6708627517298722,0.6854181052908488,0.6791644940505551,0.68474987903813,0.6768237057079911
C18-neg_Cluster_0903: NA,0.6801051781075456,0.6908343785378411,0.6718081333352124,0.6640466090747239,0.673721209900553,0.6765068560718163,0.6739243788666696,0.6891045063581317,0.6642086744927822,0.6795074150800698,0.6763767339825346
C18-neg_Cluster_1963: NA,0.6778726682544381,0.6919406511741523,0.6715744303048239,0.6752667033075438,0.6806066413938566,0.6845255711044406,0.663182260178413,0.6609227394222956,0.6729860435838536,0.6769589951004572,0.6755836703824276
C18-neg_Cluster_1725: NA,0.6736495722882228,0.6740934906072521,0.6602686058146253,0.6647712059076368,0.6644271104910348,0.6770012730356028,0.6821603555104592,0.6943763299933765,0.6781310334136613,0.6795121126284194,0.6748391089690291
C18-neg_Cluster_1611: NA,0.6824915326691001,0.6793394777265745,0.6762026898161849,0.6557096351414198,0.668164010203075,0.6764093819435636,0.6827463746670613,0.674910864020068,0.6704164846366681,0.6760770303978353,0.6742467481221551
C18-neg_Cluster_2128: NA,0.6719384903019114,0.6683753998788033,0.6775861178051176,0.6749496187939514,0.6820910666723038,0.6747147413764756,0.6635146117241413,0.6796835731431766,0.6791128210187103,0.6691986452270561,0.6741165085941648
C18-neg_Cluster_1108: NA,0.6658352006088023,0.6704916454102605,0.6606984314886061,0.6712138934689985,0.6854521625163827,0.6745644198292912,0.6786959136026909,0.675614321885408,0.671949059785698,0.6815426279024978,0.6736057676498637
C18-neg_Cluster_0579: NA,0.6705902939256003,0.6757575971100683,0.6646091404895786,0.6676449311104535,0.6850587428421107,0.6846019062651203,0.6602803496854992,0.6826747370547313,0.6657987946090935,0.6788626765690986,0.6735879169661354
C18-neg_Cluster_2176: NA,0.6770505972932727,0.696032215786581,0.6691998196141434,0.6784375484434674,0.6611165132917131,0.6572539541613233,0.6673125795647252,0.6700747379942408,0.6856858655467711,0.6726912724249214,0.6734855104121159
C18-neg_Cluster_0024: NA,0.6867709992155094,0.6652656228714234,0.6631564236624905,0.662658483537442,0.6726595639735622,0.6660289744782198,0.6834615764032751,0.6753418640811362,0.6680630129135604,0.6876729284986166,0.6731079449635236
C18-neg_Cluster_1959: NA,0.6720641497202611,0.6727006675216205,0.6673501599515214,0.665022524744336,0.6787839926342443,0.6764986353622046,0.6703718579273479,0.6698046289641437,0.666800546794628,0.6860569718663829,0.672545413548669
C18-neg_Cluster_0687: NA,0.6779959788986128,0.6614770501275385,0.6760277061401655,0.6837023257561878,0.673433485064145,0.6819442682863812,0.667318451500162,0.6655134185468605,0.6694534872250174,0.667547456982201,0.6724413628527272
C18-neg_Cluster_1601: NA,0.6819853718344396,0.6667700127303561,0.6512551849189908,0.6712526482428821,0.6611623143881209,0.6548288448258854,0.6819982900924008,0.6850011978748292,0.6727382479084166,0.6920322533669678,0.6719024366183288
C18-neg_Cluster_1166: NA,0.666940298858026,0.6642168952023939,0.6705691549580275,0.671909130624727,0.676912019616962,0.6769965754872531,0.6736284333206499,0.6772114883242435,0.6684388167815217,0.6704247053462797,0.6717247518520083
C18-neg_Cluster_1219: NA,0.6794839273383222,0.6721686701710378,0.6594453604663726,0.6699432066404544,0.6664764159585113,0.6718539344316202,0.6786712514738559,0.6768016272307483,0.6622474480568592,0.6799865650117204,0.6717078406779502
C18-neg_Cluster_1727: NA,0.671156348501717,0.675508627047544,0.6794522188869629,0.665109429388802,0.67304593732531,0.671307844435989,0.6637682793350151,0.6724305584915233,0.6594206983375377,0.6810857913255073,0.6712285733075909
C18-neg_Cluster_0592: NA,0.6675180973050165,0.6697400376743378,0.6672397675653078,0.6640195981717142,0.6716683812718142,0.6821932383489058,0.6836823611757025,0.6824974046045369,0.640564739262579,0.6806630119740509,0.6709786637353965
C18-neg_Cluster_1947: NA,0.679641295208031,0.6728098855207468,0.6552927277254,0.6601852243314216,0.6663754186689966,0.6669285549871523,0.6716977409489987,0.6774170060645349,0.6765972838775444,0.6768274637466707,0.6703772601079498
C18-neg_Cluster_0771: NA,0.6647030914565689,0.6672491626620068,0.6634899495953062,0.6730635531316206,0.6665457047966666,0.6871221409546359,0.6626819712791895,0.6693712801289007,0.6605222734254993,0.6862836285742472,0.6701032756004641
C18-neg_Cluster_0334: NA,0.6826935272481293,0.6652221705491904,0.6574348097727797,0.6797833960456038,0.6659232796403557,0.6614594343212278,0.6514830160139423,0.6751809730501651,0.6797458156588077,0.6798914396576428,0.6698817861957844
C18-neg_Cluster_1915: NA,0.6621840311541408,0.6749061664717184,0.661385447934723,0.6742144524772521,0.66372130385152,0.6678692390441429,0.6684235497493859,0.6790599735997783,0.6586068480859839,0.6824069767988087,0.6692777989167454
C18-neg_Cluster_1014: NA,0.6604529845873439,0.6603930908458876,0.6701980486384157,0.6716672068847268,0.6749179103425922,0.6778926328349235,0.6700031003819107,0.6725292070068631,0.666339012669288,0.6669156367291912,0.6691308830921143
C18-neg_Cluster_1301: NA,0.674526839442495,0.6682943671697742,0.6438847315585996,0.6696531330298717,0.6673912634995797,0.6807123362317207,0.6733548011292907,0.6606162243924896,0.6670941435664727,0.6739619592534658,0.667948979927376
isoLCA,0.662618554376471,0.6588757827289937,0.6669144623421037,0.6697024572875416,0.675084673309,0.6759959976888062,0.6670342498250165,0.6712009752110374,0.664059527332685,0.6659667319625888,0.6677453412064244
C18-neg_Cluster_0217: NA,0.6678246123348225,0.6711352095341442,0.6581899406699644,0.6653478299675399,0.6702837788957944,0.66408418946152,0.6756953545944372,0.6728392451979313,0.6571365154525853,0.6703918225078332,0.6672928498616572
C18-neg_Cluster_2096: NA,0.6749590138906505,0.6667770590528803,0.6636144346265684,0.6580008643488964,0.6641570014609377,0.6720113023013289,0.6623073417983155,0.6747241364731748,0.6622251347021989,0.6716437191429794,0.667042000779793
C18-neg_Cluster_1229: NA,0.6699572992855028,0.6788720716657977,0.656828826035692,0.6560830902352062,0.6632621185003547,0.666007835510647,0.6705773756676392,0.6788203986339529,0.6527642723262729,0.6764363928465734,0.6669609680707639
C18-neg_Cluster_0063: NA,0.6687453318113277,0.6614394697407424,0.6747394035053107,0.6691058686471532,0.6672104078881232,0.6691504953564735,0.6631035762435586,0.6709931086965712,0.665041314937734,0.6583649243459839,0.6667893901172979
C18-neg_Cluster_1798: NA,0.6677341845290944,0.6601734804605477,0.6637177806902578,0.6594535811759842,0.6656449499006469,0.6689402800678326,0.6731668991953099,0.674666591505893,0.6611223852271501,0.6596802378838484,0.6654300370636566
C18-neg_Cluster_2017: NA,0.6695039858697746,0.6652820642906468,0.6694476152895804,0.6580584093161779,0.6692949449682212,0.6653948054510352,0.6573138479027796,0.6666384813765697,0.6519198880104474,0.6729508119712322,0.6645804854446465
Glu_CA,0.6693841983868619,0.6631070994048207,0.6557824471408372,0.6636144346265684,0.6664306148621034,0.6454278761914157,0.6669132879550164,0.6779795374793895,0.6616649520615191,0.6688615961329782,0.663916604424151
C18-neg_Cluster_1954: NA,0.6610166903892859,0.6682861464601626,0.6631622955979275,0.664920353067734,0.6653020288711322,0.6595463577558872,0.6679526205273468,0.6697799668353087,0.654536422441128,0.6645292821676367,0.663903216411355
C18-neg_Cluster_1722: cholate,0.6686278931025899,0.6657893995123946,0.6521794275567582,0.6591447173720035,0.6567313519074396,0.6607454069721013,0.6670988411148222,0.6739325995762813,0.6643378570723939,0.6672503370490942,0.6635837831235879
C18-neg_Cluster_0816: NA,0.6610472244535577,0.6641205954612288,0.6470849363717076,0.6645104919742386,0.6676050019494827,0.6629415108255001,0.6699349859308428,0.6663155249275404,0.6615392926431695,0.6685832663932694,0.6633682830930538
C18-neg_Cluster_1837: NA,0.6615334207077327,0.6644188897814232,0.6528770134866614,0.6575827825457893,0.6591165320819065,0.6720441851397756,0.6655345575144332,0.6741158039619123,0.6577436735767603,0.6622474480568592,0.6627214306853253
C18-neg_Cluster_2127: NA,0.666921508664628,0.6600055431070524,0.6535886920616131,0.660583341554043,0.6690213127768617,0.6635228324337529,0.654440122699963,0.6729484631970575,0.662107695993461,0.6638293474635587,0.6626968859951992
C18-neg_Cluster_2120: NA,0.6593619789831687,0.6524436646514185,0.6484577948768537,0.666094740155113,0.6693853727739493,0.6753853164033691,0.6659819989947248,0.6650084320992874,0.6569239513897697,0.6664834622810355,0.6625526712608689
C18-neg_Cluster_1119: NA,0.6727922697144361,0.6701886535417166,0.6536403650934578,0.6778174720613312,0.6484155169417082,0.6499657078970484,0.675323073887738,0.6649931650671514,0.6487008930039413,0.663142331017442,0.6624979448225969
C18-neg_Cluster_0734: NA,0.6582439624759839,0.659009662856955,0.6552997740479244,0.6615815705783152,0.6712115446948238,0.6728639073267662,0.6575510740944301,0.6679972472366672,0.6547219756009338,0.6646009197799669,0.6623081638692766
C18-neg_Cluster_1278: NA,0.6654300370636564,0.6573749160313233,0.6532669099996713,0.6475629119162709,0.6573666953217115,0.6597765376250135,0.6656801815132682,0.6814369330646336,0.6521054411702533,0.667922086463075,0.6607922650168876
C18-neg_Cluster_1813: NA,0.6582028589279256,0.6577119651254011,0.6445717480047164,0.6497977705435534,0.6557342972702547,0.6642309878474425,0.6622979467016165,0.6767546517472531,0.6700947025747264,0.6626537859890924,0.6602050714731982
C18-neg_Cluster_2064: NA,0.6687406342629783,0.6550801636625846,0.6397250524951029,0.6640031567524909,0.6694581847733668,0.6618117504474416,0.6651869389365691,0.6596731915613241,0.6567548396491872,0.6571670495168572,0.6597600962057902
C18-neg_Cluster_1254: NA,0.664362519201229,0.6625210802482185,0.6368360602601503,0.6686537296185122,0.6533373732249139,0.6452658107733574,0.663885718043753,0.656900463648022,0.659855221559868,0.6793688374037591,0.6590986813981783
C18-neg_Cluster_0956: NA,0.6660407183490936,0.6558576079144295,0.6413703688045209,0.6639843665590929,0.6574653438370514,0.6607865105201596,0.6721228690746301,0.6668451735039483,0.6585704420862752,0.6463744321838433,0.6589417832833044
C18-neg_Cluster_1684: NA,0.6621288349610339,0.6583895864748188,0.6478424160430672,0.6592034367263725,0.6625081619902574,0.6650777209374429,0.6589309789221006,0.6554806296593808,0.6455746745773381,0.6695016370955998,0.6584638077387412
C18-neg_Cluster_0515: palmitoylethanolamide,0.6564260112647209,0.6646420233280251,0.6424754670537447,0.6648264021007437,0.6640689224293842,0.6555992427552061,0.6488770510670482,0.6491201491941356,0.656032591590449,0.6735133433860868,0.6575581204169544
C18-neg_Cluster_0520: NA,0.6321537789427698,0.6686960075536578,0.665109429388802,0.6640419115263745,0.6618610747051114,0.6587442513752073,0.6484284351996694,0.6569873682924882,0.6600724831710331,0.6584447826679256,0.6574539522823039
C18-neg_Cluster_0715: NA,0.6680089911075411,0.6669731816964727,0.6591670307266638,0.6503309422812235,0.6461794839273384,0.6677471027870555,0.6540114714130696,0.6406845267454916,0.6460831841861733,0.6670929691793853,0.6566278884050415
C18-neg_Cluster_2151: NA,0.6518001005275348,0.6648463666812292,0.6289617948392734,0.6654429553216177,0.6590730797596734,0.6554031201116137,0.6659702551238509,0.6591353222753046,0.644629292971998,0.6707206508922994,0.6565982938504396
C18-neg_Cluster_0545: NA,0.6460197672834549,0.6611435241947228,0.6651763694527827,0.6495852064807377,0.6564553709419054,0.650437811506175,0.6586773113112266,0.6644212385555979,0.6496591928672426,0.6528253404548167,0.6554401133048662
C18-neg_Cluster_1824: NA,0.661491142772587,0.6476192824964652,0.63292887442044,0.6551952535971477,0.6491131028716114,0.6372964199984028,0.666664317892492,0.6721076020424942,0.6620524998003543,0.6675016558857934,0.6551970151777788
C18-neg_Cluster_0902: NA,0.6571564800330708,0.649858838672097,0.6503943591839421,0.6533866974825839,0.6496110429966602,0.6552293108226817,0.656615087585789,0.6641570014609377,0.6596919817547222,0.6546550355369534,0.6550755835529438
C18-neg_Cluster_0641: NA,0.6451002221940371,0.6644412031360832,0.6591400198236541,0.6590167091794792,0.6572234200970515,0.6567841993263717,0.643074404468308,0.6463380261841346,0.6465893450208338,0.6692937705811338,0.6547001320011087
C18-neg_Cluster_2069: NA,0.6501794463469516,0.6400468345570447,0.6453045655472409,0.6617060556095774,0.6554500955951089,0.6594911615627804,0.654682046439963,0.6559797441715168,0.6530167655500594,0.6636461430779277,0.653950285845817
C18-neg_Cluster_2015: NA,0.6438788596231627,0.6450884783231632,0.6277709663326712,0.6702368034122992,0.6579855973167604,0.6612809274839462,0.6551694170812253,0.6631305871465681,0.6545375968282154,0.6557108095285071,0.653479004307652
C18-neg_Cluster_0187: NA,0.6546515123756912,0.6558482128177303,0.6395254066902484,0.6421548593788902,0.6479539828163682,0.6553960737890894,0.6452070914189885,0.6671235032436572,0.6571740958393815,0.6628088050846264,0.652784354345467
C18-neg_Cluster_1501: NA,0.6595451833687999,0.658480014280547,0.6533432451603509,0.6550543271466621,0.6486175115207373,0.6401231697177244,0.6526245202628748,0.6520255828483115,0.6606502816180235,0.6466797728265619,0.6527143608750593
C18-neg_Cluster_0404: NA,0.6529075475509333,0.6643178924919085,0.6445717480047164,0.6516920569154958,0.6488770510670482,0.654561084569963,0.6576133166100612,0.6430567886619973,0.6487560891970481,0.6560971828802548,0.6522450757949426
C18-neg_Cluster_1093: NA,0.6719948608821057,0.6407291534548119,0.6449064483246194,0.6239941374596598,0.6571881884844301,0.656444801458119,0.6634664618535587,0.6437872574303471,0.6644470750715202,0.6506163183434567,0.651757470276263
C18-neg_Cluster_1897: NA,0.6486633126171452,0.6656977973195789,0.6478118819787954,0.6558235506888955,0.6501770975727769,0.6406974450034527,0.6547513352781184,0.6541958501857881,0.6520831278155931,0.6475664350775331,0.6517467833537677
C18-neg_Cluster_0869: NA,0.6645821295865688,0.653036730130545,0.6486186859078248,0.6518482503981172,0.6427314834387934,0.6546139319888951,0.6345225176980134,0.6601546902671496,0.6578211831245273,0.6480397130737467,0.6515969315614181
C18-neg_Cluster_0775: NA,0.6427819820835506,0.6486644870042325,0.649325666934427,0.6637612330124909,0.65840250473278,0.6669085904066668,0.6360926732338393,0.6485094679086986,0.6339505911864598,0.6598763605274408,0.6508273557030585
C18-neg_Cluster_1517: NA,0.6562980030721967,0.6481524542341353,0.6330216510003429,0.6436369358831626,0.6475206339811254,0.6540795858641375,0.6555088149494779,0.656221667911517,0.6500749258961748,0.663511088562879,0.6508025761355147
C18-neg_Cluster_0764: NA,0.6425705924078224,0.6485587921663685,0.648675056488019,0.6635686335301606,0.6587019734400616,0.6653842359672487,0.6354455859486934,0.648474236296077,0.6339799508636443,0.659796502205499,0.6505155559313595
C18-neg_Cluster_1730: NA,0.6678927267858905,0.6508547189221946,0.6669414732451133,0.6358777603968488,0.6422652517651039,0.6387514855996657,0.6401478318465593,0.6493515034503493,0.6517707408503502,0.6511483156940393,0.6495001808556115
C18-neg_Cluster_0613: NA,0.6411589791287927,0.6409569845497635,0.6292812281270406,0.6546644306336523,0.6435394617549102,0.6724035475885136,0.6475582143679214,0.6592198781455958,0.6393680388205396,0.6586244638922947,0.6486775227009025
C18-neg_Cluster_2058: NA,0.6409875186140354,0.6497108658990873,0.632671683648304,0.6421161046050066,0.6563015262334588,0.650642154859379,0.6575851313199641,0.6500843209928737,0.6492375879028736,0.656630354617925,0.6485967248692907
C18-neg_Cluster_2156: NA,0.6553855043053031,0.6421748239593756,0.6469428355341348,0.639019245855588,0.6519727354293795,0.647095505855494,0.6317920677198571,0.6609697149057907,0.653201144322778,0.6497296560924853,0.6478283233980185
C18-neg_Cluster_1623: NA,0.6577695100926827,0.653157692000545,0.6398072595912193,0.6477320236568536,0.6506245390530683,0.6544753543125842,0.6470262170173388,0.6414607966102492,0.6359587931058781,0.644895878840833,0.6472908064281253
C18-neg_Cluster_0494: NA,0.6517355092377289,0.6487737050033588,0.6578587635113234,0.6525282205217098,0.6513937625953016,0.6564377551355948,0.6250710504187864,0.6511248279522918,0.6372823273533542,0.6399282214612194,0.647213414319067
C18-neg_Cluster_0781: NA,0.6317439178492745,0.640592924552676,0.6299071764446136,0.6506562475044275,0.6440714591054928,0.6772431967756027,0.6447643474870465,0.6543896240552055,0.6358448775584024,0.6547736486327786,0.6463987419965521
C18-neg_Cluster_1581: NA,0.6456451378025808,0.6507220131813207,0.642637532471803,0.6545563870216136,0.6336699126725763,0.6435899603996674,0.652510604715399,0.6486233834561742,0.6385213057305393,0.650004462670932,0.6460480700122606
C18-neg_Cluster_0739: NA,0.6616931373516163,0.649301004805592,0.6403181179742292,0.64786355501064,0.6509721576309324,0.6333587000944206,0.643303409950347,0.6510508415657869,0.6422358920879193,0.6358636677518004,0.6455960484223283
Thr_CA,0.6581605809927799,0.642993371759279,0.6321584764911193,0.6449322848405417,0.658786529310353,0.6331449616445178,0.6419716549932591,0.6555229075945264,0.6291673125795648,0.6589626873734598,0.64558007675794
C18-neg_Cluster_0746: NA,0.6299858603794679,0.6455958135449109,0.636259436200247,0.6466222278592803,0.6510919451138452,0.6556802754642352,0.6405447746820935,0.6571647007426825,0.6395594639157824,0.6499516152520001,0.6452456113154545
C18-neg_Cluster_1398: NA,0.6368759894211211,0.6303240838606332,0.6414972026099579,0.651428994207923,0.6560913109448179,0.6544178093453027,0.6485317812633588,0.6437719903982112,0.6467302714713191,0.6426340093105409,0.6452303442833187
C18-neg_Cluster_2115: NA,0.6462734348943286,0.6356534524631595,0.627581890011603,0.6429193853727739,0.6578070904794789,0.6435652982708325,0.6536474114159821,0.6493186206119027,0.6457109034794741,0.6456768462539401,0.6448154333253475
C18-neg_Cluster_0151: NA,0.6501242501538447,0.6532997928381179,0.6408935676470451,0.6284732498109238,0.6406962706163654,0.6455582331581148,0.6517413811731657,0.6672432907265698,0.6184134500204344,0.6487842744871452,0.6445227760631727
C18-neg_Cluster_2161: NA,0.6526656238109331,0.6376029350282089,0.6450039224528719,0.6507043973750101,0.6454267018043284,0.648563489714718,0.6410250990008316,0.6421583825401523,0.6476380726898633,0.6335383813187898,0.6444327005735707
C18-neg_Cluster_0387: NA,0.6395136628193746,0.6500032882838447,0.6310756915965557,0.6477285004955914,0.6444954128440367,0.6507877788582139,0.6456169525124837,0.6473080699183096,0.6335971006731588,0.6532586892900596,0.6443385147291628
C18-neg_Cluster_1356: NA,0.650927530921612,0.6494008277080192,0.6453198325793769,0.6374091611587912,0.6465776011499599,0.6415582707385016,0.6434619522071432,0.6467208763746202,0.6402206438459769,0.6398178290750057,0.6441414525759006
C18-neg_Cluster_1876: NA,0.6405858782301518,0.6485353044246208,0.6333399099010226,0.6384578888278208,0.6380139705087915,0.6502405144754952,0.6435253691098616,0.6528053758743313,0.6426293117621914,0.6485799311339412,0.6436713454248228
C18-neg_Cluster_0079: undecanedionate,0.6394819543680154,0.6409041371308314,0.6318038115907308,0.6324861304884981,0.6491870892581162,0.6477907430112224,0.6526022069082147,0.6573185454511291,0.6278320344612147,0.655162370758701,0.6434569023426673
C18-neg_Cluster_1031: NA,0.6433163282083082,0.6468700235347172,0.6357638448493731,0.6453726799983089,0.6329840706135469,0.642055036476463,0.6422112299590844,0.633957637508984,0.6503415117650099,0.6581394420252071,0.6431011804939002
C18-neg_Cluster_1176: NA,0.6526844140043312,0.6324262367470417,0.6183582538273276,0.6368020030346162,0.6328525392597605,0.6316945935916046,0.6446656989717067,0.6588522949872461,0.6495875552549125,0.6672937893713271,0.6425217379049875
C18-neg_Cluster_0226: NA,0.6339846484119938,0.6530919263236518,0.6285049582622829,0.6415289110613172,0.6433950121431625,0.6321890105553911,0.6472681407573387,0.6399200007516077,0.6487443453261743,0.6463791297321928,0.6415006083325113
C18-neg_Cluster_1638: NA,0.6456674511572411,0.6351390709188874,0.6420221536380163,0.6412353142894723,0.6331050324835468,0.6368677687115095,0.6512763238865636,0.6248890204202427,0.6501477378955923,0.6516239424644279,0.64119738158655
C18-neg_Cluster_1188: NA,0.6436604236249102,0.6373739295461698,0.6332717954499547,0.6379505536060731,0.6455417917388915,0.6446985818101533,0.6367538531640338,0.6414220418363656,0.6356628475598585,0.6491530320325822,0.6405488850368993
C18-neg_Cluster_2071: NA,0.6332400869985955,0.6443803229094737,0.6324532476500514,0.6360868012984024,0.6436451565927742,0.6415653170610259,0.6345777138911203,0.6413703688045209,0.6441219577502502,0.6470555766945232,0.6398496549650738
C18-neg_Cluster_2093: NA,0.6441795027175319,0.6363040629095675,0.628746882002283,0.6417696604142299,0.6387127308257821,0.6438882547198618,0.6367456324544221,0.6516673947866609,0.6403662678448119,0.636048046524519,0.639842843519967
C18-neg_Cluster_0265: NA,0.6423145760227738,0.6559198504300606,0.6355700709799555,0.6319271222349057,0.6432435162088906,0.6197839597514058,0.638932341211122,0.6552481010160798,0.6366281937456841,0.6294139338679143,0.6388981665468793
C18-neg_Cluster_0834: NA,0.6284239255532538,0.6341737247330618,0.6222912761829601,0.633804566077083,0.6420832217665601,0.6445541321984056,0.6498846751880194,0.6434924862714151,0.6433210257566576,0.6449064483246194,0.6386935482052036
C18-neg_Cluster_2166: NA,0.6233247368198538,0.6468336175350086,0.6263816664083015,0.6463098408940374,0.6409839954527732,0.6218931589603387,0.6371601910962669,0.6535581579973412,0.6394866519163649,0.6508288824062721,0.6386760899486558
C18-neg_Cluster_0483: NA,0.6395289298515106,0.6392059734024813,0.6344132996988873,0.6370544962584028,0.6348889264692757,0.6317227788817016,0.6325706863587893,0.6446539551008328,0.6485940237789897,0.6430086387914149,0.6385641708592287
C18-neg_Cluster_1665: NA,0.6487067649393782,0.6384484937311218,0.6343029073126736,0.6281127129750984,0.642962837695007,0.6395101396581124,0.630441522569371,0.6416158157057832,0.625115677128107,0.6480138765578245,0.6377230748272478
C18-neg_Cluster_1228: NA,0.635692207237043,0.6331003349351975,0.6259471431859713,0.6345577493106349,0.6313692883684007,0.6391930551445201,0.6412764178375306,0.646153647411416,0.6424848621504438,0.6425670692465603,0.6372341774827718
C18-neg_Cluster_1401: NA,0.6332800161595664,0.6336511224791781,0.6308185008244197,0.6338319780906345,0.6236547395914072,0.6319353429445174,0.6532868745801567,0.6531518200651081,0.6377943601234516,0.6408759518407343,0.6372280706699174
C18-neg_Cluster_1101: NA,0.6484061218450091,0.6336605175758773,0.6351038393062661,0.6480314923641352,0.6407432460998604,0.6417849274463657,0.6269160125330591,0.6402652705552973,0.6283746012955839,0.6258954701541266,0.6369181499175582
C18-neg_Cluster_0698: NA,0.653312711096079,0.6435241947227742,0.6268925247913114,0.6345906321490815,0.6296253235436428,0.6275783668503407,0.6493667704824853,0.629995255476167,0.6296558576079144,0.6349018447272369,0.6359443481447034
C18-neg_Cluster_1600: NA,0.6479351926229701,0.6204134312302408,0.6295536859313124,0.6266165438257774,0.6303487459894681,0.6368865589049076,0.6379176707676265,0.653021463098409,0.6367843872283057,0.6393950497235493,0.6358872729322568
C18-neg_Cluster_1502: NA,0.6372600139986941,0.6282959173607294,0.6275396120764574,0.636382746844422,0.6319870159763619,0.6387561831480151,0.6416874533181133,0.6351461172414118,0.6413139982243267,0.6383052185064614,0.6356674276694994
C18-neg_Cluster_1991: NA,0.6421466386692786,0.6320011086214105,0.6289289120008269,0.6306846206964585,0.6419047149292785,0.6382934746355878,0.6351120600158778,0.6319975854601484,0.6227915650821836,0.648306298942582,0.6352166979053633
C18-neg_Cluster_0772: NA,0.628975887484322,0.637848381929471,0.6327726809378186,0.6340926920240327,0.6333892341586925,0.6382652893454906,0.6419199819614143,0.6361067658788878,0.6276229935596612,0.6392423794021901,0.6350236286681981
C18-neg_Cluster_0647: NA,0.6268161896306318,0.6421067095083077,0.6262466118932529,0.6369323600013153,0.6404437773925789,0.6372447469665583,0.6332670979016052,0.6175021256406282,0.6391860088219959,0.6501054599604467,0.6349851087717322
C18-neg_Cluster_0050: NA,0.635692207237043,0.6290357812257783,0.641695674027725,0.6326939970029642,0.6492751682896696,0.6289547485167492,0.6293422962555842,0.6451718598063672,0.620379374004707,0.6356323134955867,0.6347873419862174
C18-neg_Cluster_1402: NA,0.6366176242618978,0.6395618126899572,0.6127258933562575,0.644988655420736,0.6291344297411182,0.6140893567647046,0.6393950497235493,0.637479624384034,0.6371519703866552,0.6529674412923895,0.63441118580213
C18-neg_Cluster_0372: NA,0.6259295273796606,0.6420503389281135,0.6385905945686946,0.630593018503643,0.6356346622697615,0.6372330030956844,0.6239941374596598,0.6358519238809266,0.6302277841194681,0.637863648961607,0.6337968639167219
C18-neg_Cluster_1344: NA,0.628898377936555,0.6366469839390823,0.6227551590824749,0.621429276060824,0.6261338707328645,0.6440139141382113,0.6341913405393725,0.6433233745308324,0.6309758686941286,0.6374843219323836,0.632585248758673
C18-neg_Cluster_1590: NA,0.6334561742226732,0.6312166180470413,0.6190793274989783,0.6287057784542249,0.6228338430173292,0.6365436378753929,0.6339717301540326,0.6460984512183092,0.6316452693339346,0.6379446816706362,0.6321495511492553
C18-neg_Cluster_1621: cholate,0.6322254165551,0.6293305523847104,0.6265049770524764,0.6193083329810173,0.6224545159881059,0.6273845929809233,0.6345741907298582,0.6494137459659803,0.63635221278015,0.642079698605298,0.6319628236023619
C18-neg_Cluster_1970: NA,0.6431190311776285,0.6259706309277188,0.6214844722539308,0.626023478346651,0.6226259765028632,0.6237345979133491,0.6442288269752017,0.6441301784598618,0.6303475716023808,0.637076809613063,0.6318741573772648
C18-neg_Cluster_1859: NA,0.6516803130446222,0.6263793176341268,0.649669762351029,0.6147881170816951,0.637116738774034,0.6394103167556853,0.6126401630988788,0.62753843768937,0.6188785073070365,0.6392447281763648,0.6317346401912844
C18-neg_Cluster_0456: NA,0.63183552004209,0.6424895596987932,0.6299565007022835,0.6428042954382108,0.627163808208496,0.6266001024065541,0.6236077641079121,0.639378608304326,0.6322970541674301,0.6179225562179099,0.6314055769294005
C18-neg_Cluster_1856: NA,0.6395441968836465,0.6210675648379111,0.6156454196554819,0.6199659897499495,0.630856081211216,0.6369300112271405,0.6383451476674324,0.6479586803647177,0.6238896170088831,0.6398272241717048,0.6314029932778084
C18-neg_Cluster_1336: NA,0.6232660174654848,0.6324614683596631,0.6148996838549962,0.6267891787276221,0.6259295273796606,0.6463685602484065,0.6246400503577184,0.6459868844450083,0.6382558942487916,0.6352999619498583,0.6313897227037211
C18-neg_Cluster_0817: NA,0.6269277564039328,0.629416282642089,0.6111111111111112,0.6230135242416983,0.6485940237789897,0.634954692146169,0.6387021613419958,0.6333446074493722,0.6324955255851972,0.6304896724399537,0.6309049357140508
C18-neg_Cluster_1531: NA,0.626460350343156,0.6317861957844202,0.6195972322045123,0.6223605650211156,0.6235924970757761,0.6382453247650052,0.6323957026827699,0.6394267581749086,0.6349640872428679,0.6385483166335489,0.6307377029928081
C18-neg_Cluster_0466: NA,0.6376135045119952,0.6264756173752919,0.6209383822582994,0.6300739394110214,0.6297791682520892,0.6176536215749,0.6301232636686913,0.6376921884468496,0.6366375888423832,0.6355501063994702,0.6302537380740991
C18-neg_Cluster_1063: NA,0.6359728857509267,0.63569807917248,0.6071992277230513,0.629539593286264,0.634353405957431,0.6262501350545151,0.6332941088046149,0.6323592966830611,0.6315419232702453,0.6338589889936443,0.6300067644696233
C18-neg_Cluster_2029: NA,0.6416874533181133,0.6279471243957779,0.6465646828919986,0.6265766146648065,0.6343698473766543,0.6431777505319973,0.6144052668912096,0.6183253709888809,0.6106718903404315,0.634375719312091,0.6298101720711962
C18-neg_Cluster_0685: NA,0.6227351945019893,0.6281655603940304,0.6244756361654853,0.6311273646284005,0.635713346204616,0.6256394537690779,0.6308537324370411,0.6202478426509206,0.6446610014233571,0.6338989181546152,0.6297518050329534
C18-neg_Cluster_2091: NA,0.6081633995217895,0.6261514865391753,0.6307914899214101,0.6332729698370422,0.6392858317244231,0.6358237385908294,0.6291919747083997,0.6432763990473372,0.611281397238781,0.6361807522653927,0.6293419439394581
C18-neg_Cluster_0913: NA,0.6271062632412144,0.6312999995302452,0.6255020504798545,0.6172895615778125,0.6175408804145117,0.635853098268014,0.6269089662105347,0.6475300290778243,0.6263570042794666,0.6348889264692757,0.6290276779548754
C18-neg_Cluster_1164: NA,0.6354220982069458,0.6120705853614999,0.6214692052217948,0.6225155841166495,0.6220599219267464,0.614871498564899,0.6401172977822874,0.648362669522776,0.6315912475279153,0.6394983957872387,0.6287978504018753
C18-neg_Cluster_0146: NA,0.6064370505033423,0.6424414098282107,0.611398835947519,0.6368795125823834,0.6350733052419942,0.6284544596175257,0.6378225454135488,0.632715135970537,0.6368031774217036,0.6192343465945125,0.6287259779121277
C18-neg_Cluster_2097: NA,0.6285707239391761,0.6205320443260661,0.6214750771572316,0.6351367221447127,0.6285249228427684,0.6400362650732583,0.6320222475889834,0.6273070834331563,0.6197686927192698,0.6336029726085955,0.6286976751833218
C18-neg_Cluster_1180: NA,0.6472282115963679,0.6388477853408308,0.6039579193618851,0.6286588029707296,0.61330721496451,0.6441360503952988,0.6169431173870358,0.645026235807532,0.6138627000568403,0.6278155930419914,0.6279783630923021
C18-neg_Cluster_1159: NA,0.6275642742052923,0.6289089474203413,0.6197381586549979,0.6190053411124735,0.6190640604668424,0.6331214739027702,0.6288525768401472,0.6515205964007386,0.6234680120445141,0.6230346632092711,0.6274278104257388
C18-neg_Cluster_1933: NA,0.6396064393992775,0.6341972124748094,0.6139742668301413,0.6182560821507256,0.6409264504854917,0.6294151082550017,0.622011772056164,0.6201644611677166,0.6276981543332534,0.6275208218830592,0.627377076903564
C18-neg_Cluster_1304: NA,0.6269723831132533,0.6085591679702363,0.6318061603649057,0.6151991525622779,0.631510214818886,0.6223124151505329,0.6484225632642325,0.6342148282811201,0.6289019010978171,0.6243030012636406,0.6272201787886902
C18-neg_Cluster_0135: NA,0.6354056567877227,0.6443521376193765,0.6228091808884945,0.6174680684150943,0.6211004476763576,0.6145497165029572,0.6169677795158707,0.6474654377880185,0.6082256420374207,0.632739798099372,0.6261083865330684
C18-neg_Cluster_2116: NA,0.6256324074465537,0.6175784608013078,0.6129384574190729,0.6296311954790795,0.6270980425316028,0.6341490626042269,0.6311391084992741,0.6277322115587876,0.629038129999953,0.6250111566773301,0.6259948233017189
C18-neg_Cluster_0732: NA,0.6283710781343217,0.6388935864372385,0.6453022167730662,0.6156642098488799,0.6182443382798518,0.6243957778435435,0.6071557754008183,0.6309089286301478,0.614769326888297,0.6358072971716061,0.6259512535407772
C18-neg_Cluster_1349: NA,0.6231368348858731,0.6231849847564556,0.6285155277460694,0.6215972134143191,0.6268854784687872,0.6158438910732489,0.6434231974332596,0.6447009305843281,0.6062479741822743,0.619286019626357,0.6252822052170972
C18-neg_Cluster_1384: NA,0.6133119125128597,0.6310204954034491,0.6140012777331512,0.6374643573518981,0.6263734456986899,0.6320140268793717,0.6230006059837372,0.6329347463558769,0.6180446924749974,0.6237698295259704,0.6251935389920001
C18-neg_Cluster_1582: NA,0.6274938109800496,0.6382605917971411,0.612040051297228,0.6335195911253917,0.6205144285197556,0.6318801467514105,0.6245308323585921,0.6347010245352951,0.5981623190856692,0.6307280730186916,0.6251830869469226
C18-neg_Cluster_1753: NA,0.6360997195563636,0.6340785993789841,0.6300974271527691,0.619310681755192,0.6093565768025668,0.6239283717827666,0.6232272626916012,0.6392470769505395,0.613105220385481,0.6214903441893675,0.624994128064563
C18-neg_Cluster_0756: NA,0.6004147935192624,0.6128621222583934,0.6311966534665558,0.6333305148043237,0.635611174528014,0.6397332732047145,0.6159918638462587,0.637188376386364,0.6158709019762586,0.6264157236338356,0.624861539762398
C18-neg_Cluster_1533: NA,0.6189842021449006,0.6230417095317954,0.6192789733038327,0.6189243084034443,0.6223875759241252,0.632098582749663,0.6259624102181072,0.6279154159444186,0.6301338331524777,0.6287198710992733,0.6247446882472036
C18-neg_Cluster_1618: NA,0.6248831484848059,0.6302571437966525,0.6132614138681022,0.6231274397891741,0.6162561009409189,0.6316581875918958,0.632157302104032,0.6247551402922815,0.6224275050850961,0.628158514071506,0.6246941896024465
C18-neg_Cluster_1372: cholate,0.6216876412200473,0.6298731192190796,0.6247457451955825,0.6115667733010142,0.6147552342432485,0.6224451208914069,0.6235490447535431,0.6380409814118012,0.6275748436890787,0.6318155554616047,0.6246054059386406
C18-neg_Cluster_1493: NA,0.610184519699169,0.6166542181635405,0.619072281176454,0.6363451664576257,0.6445376907791823,0.6375054608999564,0.6132250078683936,0.6258461458964567,0.6084628682290713,0.6202278780704351,0.6232061237240284
C18-neg_Cluster_1297: NA,0.6166824034536377,0.6271685057568456,0.6374913682549078,0.6217228728326687,0.624837347388398,0.6246788051316019,0.612405285681403,0.6322665201031583,0.6075585901717895,0.6270534158222824,0.6231865114596693
C18-neg_Cluster_2130: NA,0.6255513747375245,0.6163876322947055,0.6182408151185895,0.6221597448291737,0.6320163756535464,0.6217005594780085,0.6130782094824712,0.6303968958600507,0.6258390995739324,0.6244815081009222,0.6229852215128925
C18-neg_Cluster_1945: NA,0.6125391658093642,0.6278015003969428,0.6035527558167392,0.6256817317042236,0.6258473202835441,0.6410720744843267,0.6242231429416987,0.6247938950661649,0.6170441146765503,0.6227563334695623,0.6225312034649116
C18-neg_Cluster_2080: NA,0.6234856278508247,0.6200176627817943,0.6241855625549027,0.6207774912273284,0.6242160966191744,0.622185581345096,0.6125626535511116,0.6335724385443237,0.6191169078857746,0.6217980336062608,0.6221918055966591
C18-neg_Cluster_1836: NA,0.6331508335799546,0.6122091630378105,0.6056032356713033,0.6236829248815043,0.611262607045383,0.6044100583905261,0.6322124982971388,0.6262395655707287,0.6305049394720895,0.6383474964416072,0.6217623322388046
C18-neg_Cluster_0248: NA,0.6298707704449047,0.609617290735965,0.6022327447305252,0.6222478238607272,0.6272918164010204,0.6097746586056737,0.637619376447432,0.6330474875162653,0.6288690182593705,0.6149995067574232,0.6215570493759307
C18-neg_Cluster_1826: NA,0.6225202816649991,0.6093436585446056,0.6122831494243155,0.6088328001615958,0.624075170168689,0.6243417560375241,0.6224404233430573,0.6334538254484984,0.6223206358601446,0.6342160026682075,0.6213827703321636
C18-neg_Cluster_1724: NA,0.6350157602747127,0.6161186976516957,0.597644414380135,0.6202924693602409,0.6065591867604297,0.6141938772154812,0.6263945846662627,0.6344896348595668,0.6264533040206316,0.6343886375700521,0.6211550566759209
Tyr_CA,0.6276312142692729,0.6151016784340252,0.602808194403341,0.61005416273247,0.6177370030581041,0.6099519910558681,0.6364626051663637,0.6275560534956807,0.6148867655970349,0.6465811243112219,0.6208770792523384
C18-neg_Cluster_0978: NA,0.6004887799057672,0.6314632393353908,0.6228984343071352,0.6174257904799486,0.6164533979715987,0.6283769500697586,0.6078791978466438,0.6393515974013162,0.6164592699070356,0.6267128435669425,0.6207509500791538
C18-neg_Cluster_1451: NA,0.6337192369302461,0.6081352142316926,0.6149290435321807,0.6208867092264547,0.6156841744293653,0.6184533791814052,0.6269371515006318,0.6201879489094642,0.6060424564419831,0.6424437586023856,0.6207419072985809
C18-neg_Cluster_1948: NA,0.6111299013045092,0.6081093777157701,0.5981270874730478,0.6414690173198608,0.6222337312156786,0.6255913038984955,0.6204791969071343,0.634744476857528,0.6182936625375217,0.6270780779511174,0.6207255833180665
C18-neg_Cluster_0774: NA,0.6350674333065572,0.6248220803562621,0.6108586178873247,0.6176066460914049,0.6223124151505329,0.6081340398446051,0.6214480662542219,0.6328126100987895,0.6073718626248961,0.6266470778900491,0.6207080849504643
C18-neg_Cluster_0392: NA,0.6356276159472373,0.6299189203154875,0.6129137952902379,0.6188914255649977,0.6240692982332522,0.617018278160628,0.6058357643146042,0.624580156616262,0.622321810247232,0.6154469482377147,0.6206624012927654
C18-neg_Cluster_1774: NA,0.6154833542374236,0.6181222020227642,0.6122326507795581,0.6163289129403364,0.6164991990680064,0.6219319137342221,0.616435782165288,0.637969343799471,0.6227950882434459,0.6274256965289816,0.6205224143519497
C18-neg_Cluster_1100: NA,0.6164216895202395,0.6337345039623821,0.629121511483157,0.6086272824213044,0.6177510957031526,0.6223441236018923,0.6210147174189791,0.6308736970175266,0.6085450753251878,0.6163347848757734,0.6204768481329594
C18-neg_Cluster_0747: NA,0.6253564264810196,0.6159977357816956,0.6259788516373306,0.6287515795506325,0.6171122291276183,0.6233047722393682,0.6185120985357743,0.6077429689445079,0.6239365924923783,0.6149032070162582,0.6201596461806583
C18-neg_Cluster_0500: NA,0.6150288664346077,0.62795064755704,0.6119754600074221,0.6180411693137352,0.6197686927192698,0.6253470313843206,0.6212401997397559,0.6198227145252894,0.6170640792570358,0.6213341507067461,0.6197573011645222
C18-neg_Cluster_1158: NA,0.6202208317479108,0.6220352597979114,0.6067740995974202,0.6101680782799457,0.6251109795797574,0.6115033563982958,0.6187258369856773,0.6368595480018978,0.6275924594953893,0.6182772211182984,0.6197267671002504
C18-neg_Cluster_1620: arachidonic acid,0.6137851905090733,0.6070406854662551,0.6401936329429672,0.6325824302296632,0.6193787962062599,0.636999300065296,0.6048269658065455,0.6030912216913992,0.6117758142025677,0.6226764751476205,0.6192350512267647
C18-neg_Cluster_1264: NA,0.6230381863705333,0.6104076532457711,0.6099519910558681,0.6152731389487827,0.6100964406676156,0.6250158542256797,0.6264779661494666,0.6145450189546076,0.6154211117217925,0.6366880874871403,0.6186915448827257
C18-neg_Cluster_1497: NA,0.6218039055416978,0.6147106075339281,0.6159284469435402,0.6288831109044191,0.6159812943624723,0.6071639961104299,0.6340175312504406,0.6160517575877149,0.6199753848466485,0.6108762336936353,0.6185392268774927
C18-neg_Cluster_1525: NA,0.6255043992540293,0.601014905320913,0.6189724582740269,0.6098145877666445,0.6222654396670377,0.6241350639101453,0.6299999530245165,0.6329617572588866,0.6169806977738318,0.6018040934436318,0.6183453355693664
C18-neg_Cluster_1720: NA,0.6417379519628708,0.6094317375761591,0.6180388205395605,0.6211873523208238,0.6167787031948027,0.6242724671993687,0.6079790207490711,0.6244826824880095,0.6110336015633442,0.6082009799085858,0.6183143317502596
C18-neg_Cluster_0143: NA,0.6070195464986824,0.6189454473710171,0.5983866270193586,0.6197029270423767,0.6309018823076238,0.6258661104769421,0.6124734001324709,0.6195021068504347,0.6169513380966474,0.624472113004223,0.6174221498799777
C18-neg_Cluster_1291: NA,0.6186612456958713,0.6285026094881082,0.599155850561592,0.6214703796088822,0.5984476951479023,0.6175596706079097,0.6276523532368458,0.6255361077053886,0.6147575830174232,0.6189783302094637,0.6170721825279386
C18-neg_Cluster_0481: NA,0.6127846127106263,0.6115385880109171,0.6227528103083002,0.6188045209205315,0.618762242985386,0.6065004674060608,0.6277040262686904,0.6090242252568385,0.6235537423018928,0.6173964308027642,0.6168821666972008
C18-neg_Cluster_1666: NA,0.6092050808682948,0.6271262278216998,0.6348912752434505,0.609242661255091,0.6212401997397559,0.6200975211037361,0.6046026578728562,0.6256476744786896,0.6024687965350884,0.6126413374859662,0.6167163432404628
C18-neg_Cluster_0256: stearic acid,0.6119273101368397,0.6142478990215008,0.6173976051898515,0.6103230973754799,0.616532081906453,0.6231063008216012,0.6262219497644179,0.6286200481968461,0.5890948763840153,0.6283041380703411,0.6165775306867347
C18-neg_Cluster_0702: NA,0.6210064967093674,0.616429910229851,0.5928223809993565,0.6324109697149057,0.6007952949355732,0.6353351935624798,0.6101798221508195,0.624124494426359,0.6091463615139259,0.6226482898575233,0.6164899214100161
C18-neg_Cluster_0577: NA,0.6171838667399484,0.6223441236018923,0.6127505554850924,0.612671871550238,0.6132755065131508,0.6200904747812117,0.6207986301949013,0.6173658967384923,0.6086906993240229,0.6195115019471339,0.6164683126876084
C18-neg_Cluster_0990: NA,0.5986308995335335,0.6192061613044153,0.606154023215284,0.610358328988101,0.6136982858646073,0.6281162361363605,0.6146107846315009,0.6242877342315046,0.616259624102181,0.6326305801002459,0.6163952658107734
C18-neg_Cluster_0585: NA,0.6209289871616004,0.6194809678828619,0.6130735119341216,0.6051593173522739,0.6169924416447057,0.612579094970335,0.6127622993559662,0.6268079689210202,0.6177052946067448,0.6097981463474212,0.6155288030177051
C18-neg_Cluster_2083: NA,0.6218379627672318,0.6085626911314984,0.611380045754121,0.6041798785213998,0.6264791405365541,0.6122714055534416,0.6125567816156747,0.6260035137661655,0.6148609290811126,0.6128832612259663,0.6151015609953167
Asn_CA,0.6153154168839283,0.6090500617727609,0.5926767570005215,0.6253211948683983,0.6120353537488785,0.60194384550703,0.6227175786956787,0.6190640604668424,0.615382356947909,0.6346364332454892,0.6148143059137435
C18-neg_Cluster_2129: NA,0.6217451861873289,0.606984314886061,0.6163336104886861,0.6081504812638284,0.6242783391348056,0.6049185679993613,0.616847992032958,0.6232319602399508,0.6105427077608196,0.613118138643442,0.6146151298637241
C18-neg_Cluster_1537: NA,0.604896254644701,0.6145121361161611,0.620345316779173,0.6226682544380089,0.6163935042301423,0.6116384109133443,0.612569699873636,0.6176242618977157,0.611996598974995,0.6126190241313059,0.6145263461999184
C18-neg_Cluster_1626: NA,0.6255302357699517,0.6171580302240262,0.5971359047712999,0.6071968789488766,0.6105873344701401,0.6296922636076232,0.6150171225637341,0.6192061613044153,0.619722891622862,0.6036748920738266,0.6144921715356755
C18-neg_Cluster_1036: NA,0.6140823104421803,0.6195044556246095,0.5998616572011067,0.610233843956839,0.6206964585182994,0.6079062087496536,0.613127533740141,0.6148985094679087,0.6145990407606271,0.6299588494764583,0.6144868867937824
C18-neg_Cluster_1366: NA,0.6050571456756718,0.6190300032413084,0.5960601661992606,0.6234574425607275,0.6072121459810126,0.6228984343071352,0.6201891232965515,0.6157088365582003,0.6188315318235413,0.6128797380647041,0.6141324567708114
C18-neg_Cluster_0262: NA,0.6209759626450956,0.6120318305876163,0.6063442739234394,0.6107975497587809,0.6105227431803343,0.6066543121145076,0.611928484523927,0.6250299468707282,0.6255830831888839,0.6112285498198491,0.6141096736613162
C18-neg_Cluster_1787: NA,0.624735175711796,0.6069032821770318,0.589810078120229,0.60932369396412,0.6051546198039245,0.5976679021218826,0.6237381210746112,0.632647021519469,0.6129713402575196,0.6364673027147132,0.6139418537465298
C18-neg_Cluster_0617: NA,0.6119719368461601,0.6192096844656775,0.60014703326334,0.6110782282726646,0.6111193318207229,0.626420421182185,0.611618446332859,0.6155373760434429,0.6113330702706258,0.6205696247128624,0.613900515321054
C18-neg_Cluster_1871: NA,0.6265355111167482,0.6222889274087854,0.6319106808156824,0.5969867576112027,0.6213963932223773,0.6026508265336321,0.5946873076941145,0.6077605847508185,0.6155174114629576,0.618970109499852,0.6138704510116171
C18-neg_Cluster_1413: NA,0.6360104661377227,0.6188467988556773,0.6165485233256764,0.595934506780911,0.6107940265975188,0.6093765413830522,0.6102009611183924,0.629877816767429,0.5893661598011998,0.6157452425579091,0.6132701043325489
C18-neg_Cluster_0409: NA,0.6258050423483985,0.6165003734550938,0.6083125466818867,0.616237310747521,0.610432315374606,0.6016584694447968,0.6155726076560644,0.6109784053702373,0.6129760378058692,0.613545615543248,0.6132018724427721
C18-neg_Cluster_1663: NA,0.6227516359212127,0.6227269737923777,0.5986273763722714,0.6244615435204367,0.61148808936616,0.6007553657746023,0.6260986391202432,0.5992227906255725,0.6160693733940257,0.6089408437736346,0.6131142631660536
Phe_CDCA,0.6100459420228583,0.607427058818003,0.600457071454408,0.6097734842185863,0.6074928244948962,0.6071663448846047,0.625871982412379,0.6243335353279124,0.6112731765291695,0.6272976883364573,0.6131139108499275
C18-neg_Cluster_2107: NA,0.6137992831541219,0.6262090315064568,0.6068210750809153,0.6176207387364535,0.6067541350169346,0.601151134223049,0.6219988537982027,0.603939129168487,0.6187187906631529,0.609539781188198,0.6126551952535971
C18-neg_Cluster_0723: NA,0.6181257251840265,0.5991206189489705,0.6022585812464475,0.6074575928822749,0.626726936211991,0.6012403876416899,0.6257827289937382,0.609428214414897,0.612671871550238,0.6191697553047065,0.612198241237898
Phe_CA,0.6207234694213092,0.6120001221362571,0.5910243943685791,0.6083419063590713,0.603681938396351,0.6059520286362547,0.6225766522451933,0.6234961973346111,0.6049244399347982,0.6280551680078167,0.6120776316840242
C18-neg_Cluster_0268: hexadecanedioic acid,0.6250182029998544,0.6087599881621781,0.6064852003739248,0.6198180169769398,0.609806367057033,0.611909694330529,0.6086554677114014,0.624056379975291,0.5960178882641151,0.6083360344236344,0.6118863240274901
C18-neg_Cluster_0454: NA,0.5919568577159581,0.634536610343062,0.6040342545225647,0.5964653297444064,0.6095538738332464,0.6200951723295612,0.6181151557002401,0.6238038867515044,0.5958522996847945,0.6231215678537372,0.6117535008479076
C18-neg_Cluster_0411: NA,0.6222114178610184,0.5994095181724658,0.6011065075137286,0.615819228944414,0.6167188094533462,0.6101868684733438,0.6073060969480029,0.6165872780995599,0.6023478346650882,0.6140917055388793,0.6105785265669847
C18-neg_Cluster_0822: NA,0.5922116997139194,0.6234210365610188,0.5995903737839223,0.6098462962180038,0.6161504061030548,0.619053490983056,0.618003588926939,0.6213411970292704,0.5950537164653767,0.6091545822235376,0.6103826388008098
C18-neg_Cluster_1294: NA,0.6093871108668386,0.6165132917130549,0.5977688994113973,0.6059672956683907,0.6028504723384867,0.6073096201092649,0.6175937278334438,0.6143277573434425,0.6166272072605308,0.614589645663928,0.6102935028208778
C18-neg_Cluster_0743: NA,0.5978581528300381,0.612588490067034,0.6226600337283972,0.6120271330392669,0.6067048107592647,0.6166389511314045,0.6057899632181964,0.6109384762092663,0.6029244587249915,0.6140670434100443,0.6102197513117904
C18-neg_Cluster_0700: NA,0.6049103472897496,0.6059120994752839,0.6135561850270344,0.6193541340774251,0.6209736138709209,0.6248490912592718,0.6019896466034377,0.6060365845065461,0.5819710443119736,0.6206999816795615,0.6100252728101205
C18-neg_Cluster_1147: NA,0.6073518980444107,0.6121739314251893,0.6009338726118839,0.5974905696716885,0.6017723849922726,0.6146742015342193,0.6065662330829541,0.6288349610338364,0.6125109805192671,0.6126871385823739,0.6094996171498096
C18-neg_Cluster_1424: NA,0.6205132541326682,0.600578033324408,0.6010818453848937,0.6109396505963537,0.6113518604640238,0.6163876322947055,0.6224545159881059,0.6088222306778093,0.6052767560610117,0.5962762534233383,0.6093682032347318
C18-neg_Cluster_0322: NA,0.6101363698285864,0.6083665684879063,0.5965804196789696,0.621029984451115,0.595212258722173,0.6041845760697492,0.6039919765874191,0.613108743546743,0.6138908853469375,0.616692972937424,0.6083194755657024
C18-neg_Cluster_1885: NA,0.6206013331642216,0.6071416827557697,0.6042703063271279,0.5992075235934365,0.606550966050818,0.6176101692526671,0.6115855634944123,0.5950431469815903,0.6052978950285847,0.6156806512681031,0.608298923791673
C18-neg_Cluster_1150: NA,0.617216749578395,0.6128327625812089,0.5978370138624651,0.6090594568694598,0.6084182415197508,0.6021564095698455,0.6086648628081004,0.6139120243145103,0.5942163784720754,0.6180223791203372,0.6082336278696149
C18-neg_Cluster_2022: NA,0.600986720030816,0.6070148489503328,0.5734074136708053,0.6145602859867435,0.6133765038026654,0.6079156038463527,0.6057934863794586,0.6242360611996599,0.6146565857279086,0.6203159571019885,0.6082263466696732
C18-neg_Cluster_0103: NA,0.6157194060419867,0.6125250731643156,0.5966602780009114,0.6125967107766457,0.6154175885605303,0.6134316999957723,0.6159131799114043,0.6059085763140217,0.5951840734320759,0.5979344879907177,0.6081291074188382
C18-neg_Cluster_0495: NA,0.6031922189809139,0.6086953968723723,0.6103242717625672,0.5995492702358639,0.6067529606298473,0.6123266017465484,0.6154645640440254,0.6204075592948041,0.5814214311550803,0.6192061613044153,0.6077340436026438
C18-neg_Cluster_0243: NA,0.6154528201731516,0.6036737176867393,0.5831630472056634,0.6013789653180005,0.6183476843435411,0.6184204963429587,0.6018111397661562,0.6107165170497517,0.6118650676212085,0.610937301822179,0.6075766757329351
C18-neg_Cluster_2117: NA,0.6077230043640225,0.6101809965379069,0.5981329594084848,0.5989409377246016,0.5990654227558637,0.6144592886972289,0.608994865579654,0.6164616186812104,0.6060812112158664,0.614555588438394,0.6074595893403234
C18-neg_Cluster_0963: NA,0.5940343484735318,0.6038334343306229,0.6114246724634413,0.6081093777157701,0.6045756469698466,0.6077782005571294,0.6071440315299446,0.6178720575731526,0.6043783499391668,0.6145872968897532,0.607373741644236
C18-neg_Cluster_2132: NA,0.5903091926323653,0.5991769895291646,0.6025686194375156,0.6230581509510187,0.6054529141241186,0.6009784993212044,0.61695016370956,0.603948524265186,0.6150194713379088,0.6133553648350927,0.6070817890143134
C18-neg_Cluster_0017: NA,0.6084417292614984,0.6152050244977145,0.6021505376344087,0.5929680049981915,0.6084417292614984,0.5950689834975127,0.6063278325042161,0.6264168980209229,0.5988199758546014,0.616532081906453,0.6070372797437018
C18-neg_Cluster_0907: NA,0.6172367141588806,0.6005803820985828,0.5912146450767345,0.6186765127280072,0.5881600642624615,0.6110324271762568,0.6174492782216962,0.5999661776518834,0.6099003180240232,0.6148491852102389,0.6069065704608765
C18-neg_Cluster_1565: NA,0.5883972904541122,0.6019156602169329,0.5895939908961514,0.6129760378058692,0.6126155009700438,0.6123078115531505,0.6033390173668363,0.609577361574994,0.6110805770468393,0.6205426138098527,0.6062345861694782
C18-neg_Cluster_0160: NA,0.5971922753514941,0.6127517298721797,0.597440071026931,0.6033460636893605,0.6108327813714023,0.6164909783583948,0.6027083715009137,0.6054552628982933,0.6020789000220785,0.6128867843872284,0.6061183218478277
C18-neg_Cluster_1369: NA,0.6078827210079061,0.6044687777448949,0.5816680524434298,0.6161421853934432,0.6091287457076152,0.6052614890288759,0.6188761585328618,0.5950501933041146,0.6025216439540203,0.6177745834449002,0.6058774550562063
C18-neg_Cluster_1528: NA,0.6027518238231466,0.6088598110646054,0.6046308431629532,0.6180634826683954,0.6145391470191707,0.6101164052481011,0.6050465761918854,0.596653231678387,0.5954177764624643,0.5886321678715879,0.6044711265190698
Asp_CA,0.6228115296626692,0.6030524669175158,0.5900261653443069,0.5933755173175121,0.6054306007694584,0.5917196315243075,0.6012932350606218,0.6169231528065503,0.6010865429332432,0.6176360057685893,0.6043354848104774
C18-neg_Cluster_0942: NA,0.5911136477872199,0.6055362956073226,0.6116043536878104,0.6029150636282924,0.6000248970062524,0.6023419627296515,0.6064781540514007,0.6159613297819868,0.5947178417583864,0.6102937376982953,0.604098728373662
C18-neg_Cluster_0707: NA,0.5998980632008155,0.6108715361452859,0.60432315374606,0.6259483175730587,0.5917877459753754,0.5847003199030426,0.610646053824509,0.5979708939904265,0.6243253146183008,0.5884125574862481,0.6038883956463124
C18-neg_Cluster_0074: NA,0.6153130681097536,0.6057206743800412,0.5857431756366354,0.5882598871648886,0.6108233862747032,0.5930643047393565,0.60932369396412,0.6225883961160671,0.5826110852745953,0.6241609004260676,0.6037608572086228
C18-neg_Cluster_1784: NA,0.6148761961132485,0.5956279917511051,0.5978745942492614,0.593220498221978,0.6096842307999455,0.6077030397835369,0.6054071130277108,0.5960965721989694,0.6006672867430487,0.6134082122540246,0.603456573514283
C18-neg_Cluster_0658: NA,0.5956315149123672,0.5979438830874167,0.597114765803727,0.6094517021566445,0.6075726828168381,0.6121069913612086,0.6039461754910113,0.5997125100410097,0.5957219427180954,0.6078040370730516,0.602700620546137
C18-neg_Cluster_0601: NA,0.6129431549674225,0.5931418142871236,0.5736317216044947,0.6000413384254758,0.6054940176721769,0.597309714060232,0.6055139822526623,0.6000002348774175,0.623059325338106,0.6154997956566469,0.6026635099141758
C18-neg_Cluster_1671: NA,0.6155960953978119,0.6107540974365478,0.5796774663303222,0.6130770350953838,0.5935716399611043,0.6024359136966418,0.5902610427617827,0.6098838766048,0.5977970847014943,0.610067080990431,0.602312133297632
C18-neg_Cluster_1941: arachidonic acid,0.5902328574716855,0.6080823668127604,0.6193388670452892,0.5924724136473175,0.5968564006445036,0.6222912761829601,0.6008481423545052,0.5937513211854732,0.593530536413046,0.604462905809458,0.6021867087566999
C18-neg_Cluster_1103: NA,0.5965534087759599,0.5929609586756671,0.6008093875806216,0.6076689825580031,0.6005146164216896,0.6063442739234394,0.6090688519661589,0.6012979326089715,0.603102965562273,0.5970020246433386,0.6015323402716123
C18-neg_Cluster_1394: NA,0.5912757132052783,0.6004476763577089,0.5983572673421741,0.5965381417438239,0.618495657116551,0.6129008770322769,0.5882939443904228,0.6015609953165444,0.6045697750344097,0.6025216439540203,0.601496169149321
C18-neg_Cluster_1403: NA,0.6068034592746047,0.6056901403157692,0.5993519732051843,0.6027295104684867,0.6017312814442143,0.615732324299948,0.6109020702095578,0.5920684244892591,0.5909645006271226,0.5878770369744031,0.6013850721308549
C18-neg_Cluster_1962: NA,0.6022315703434379,0.6102937376982953,0.6074376283017894,0.5917020157179969,0.6009068617088742,0.6068997590157696,0.583821878361683,0.5924571466151817,0.6027224641459623,0.6091193506109162,0.6007592412519906
C18-neg_Cluster_0218: NA,0.6017348046054763,0.5960366784575131,0.5906063125654721,0.6026061998243117,0.6132731577389761,0.6052004209003321,0.5878723394260535,0.6015715648003308,0.6028974478219817,0.5985839240500384,0.6000382850190485
C18-neg_Cluster_1609: NA,0.5972815287701349,0.6094470046082949,0.6005521968084856,0.5925487488079971,0.6045721238085844,0.6063595409555753,0.5998604828140194,0.6062796826336335,0.5922281411331427,0.5903362035353749,0.5999465653875243
C18-neg_Cluster_1788: NA,0.6005768589373206,0.5901635686335301,0.6068245982421774,0.6026484777594573,0.5823996955988671,0.5999931885548931,0.6132144383846071,0.5999591313293593,0.6004312349384856,0.6022362678917873,0.5998447460270485
C18-neg_Cluster_1417: NA,0.5903761326963458,0.5960895258764451,0.5940989397633375,0.5944453839541144,0.6113448141414995,0.6120177379425678,0.5858429985390625,0.6003924801646022,0.6028857039511079,0.5989585535309122,0.5986452270559995
C18-neg_Cluster_1025: NA,0.6021681534407193,0.5941130324083861,0.5946732150490659,0.6065075137285851,0.5981869812145042,0.6005521968084856,0.5927002447422689,0.584605194548965,0.5980108231513972,0.6108433508551887,0.5982360705947566
C18-neg_Cluster_1165: NA,0.5957430816856683,0.60920273209412,0.6102056586667419,0.5910337894652781,0.5909551055304237,0.6041152872315939,0.5958229400076099,0.6120130403942183,0.5891876529639182,0.5804067607115847,0.5978686048751157
C18-neg_Cluster_0864: NA,0.6010642295785831,0.6114481602051889,0.5994917252685824,0.6017218863475153,0.5959709127806199,0.5989714717888734,0.5884724512277043,0.6036208702678073,0.5879545465221702,0.5881823776171218,0.5976898631604166
C18-neg_Cluster_0925: NA,0.600432409325573,0.6033272734959625,0.6016291097676123,0.6173071773841233,0.5920578550054726,0.5953367437534351,0.6251497343536409,0.5761355148747869,0.5868952493693542,0.5780427195046904,0.5976313786834652
C18-neg_Cluster_1472: NA,0.601841673830428,0.5858523936357616,0.5881177863273157,0.5975927413482904,0.5972275069641155,0.6077969907505274,0.5952827219474156,0.5906568112102294,0.5955046811069303,0.5904618629537245,0.5950335170074739
C18-neg_Cluster_1311: NA,0.5944101523414931,0.6026707911141176,0.603821690459749,0.5851477613833341,0.5939803266675122,0.6073941759795563,0.5739687706985726,0.5996232566223688,0.592972702546541,0.5928212066122691,0.5946810834425514
C18-neg_Cluster_0045: azelate,0.6089455413219842,0.5926885008713954,0.5882540152294519,0.574710983337796,0.6042679575529531,0.5849763008685767,0.6030360254982925,0.6157088365582003,0.5631009925919663,0.6093718438347028,0.5945060997665319
C18-neg_Cluster_1255: NA,0.5963255776810084,0.5993496244310095,0.6037289138798462,0.6031569873682926,0.5939403975065414,0.6001552539729516,0.6112579094970335,0.5724408930978923,0.5878371078134322,0.5736328959915821,0.594182556123959
C18-neg_Cluster_2039: NA,0.5958769618136295,0.5845171155174115,0.5876315900731408,0.603647881170817,0.5953214767212992,0.5962292779398433,0.604880987612565,0.5749329424973106,0.6008868971283887,0.5887707455478985,0.5932695876022304
C18-neg_Cluster_2031: NA,0.5680486853910944,0.5934765146070267,0.5877783884590633,0.5885910643235296,0.5970325587076105,0.6003537253907186,0.6014212432531463,0.6059320640557694,0.5800192129727496,0.6092661489968386,0.5931919606157547
C18-neg_Cluster_1801: NA,0.5911782390770257,0.5956996293634352,0.5588673271419645,0.5807778670311964,0.6067541350169346,0.6110077650474218,0.5803445181959536,0.6121645363284902,0.5905839992108118,0.60021867087567,0.5927596687288903
C18-neg_Cluster_1865: NA,0.6028986222090691,0.5909398384982878,0.5837608102331394,0.5800086434889631,0.5941447408597453,0.6023149518266416,0.5966285695495521,0.5857032464756644,0.5711713806564355,0.6080142523616925,0.591558505615919
C18-neg_Cluster_1564: NA,0.5877267154272187,0.5867637180155678,0.597848757733339,0.5831806630119741,0.6030759546592633,0.5910243943685791,0.5854049521554702,0.6070841377884882,0.580612278451876,0.5920907378439194,0.5914812309455696
Trp_CA,0.5942011114399395,0.5834261099132364,0.5764291116466317,0.5927413482903273,0.5885018109048888,0.5660381346975013,0.6146272260507243,0.6111287269174218,0.575590599266243,0.6109232091771305,0.5913607388304045
C18-neg_Cluster_1812: NA,0.5858641375066354,0.5956796647829499,0.5854801129290624,0.5939697571837258,0.5984641365671257,0.5920237977799386,0.5963795994870279,0.586197663439451,0.5824666356628475,0.5942433893750851,0.591076889471385
C18-neg_Cluster_2038: NA,0.587207636334597,0.5952604085927554,0.5734367733479896,0.5836339764277024,0.5948423267896485,0.5952979889795516,0.5861823964073151,0.598595667920912,0.5905323261789672,0.6005721613889711,0.590556166236841
C18-neg_Cluster_2076: NA,0.6009503140311072,0.6014740906720782,0.5888235929668306,0.5753745120421652,0.5845922762910039,0.5890584703843065,0.5843362599059551,0.5964594578089696,0.5887085030322675,0.5938229587978034,0.5903600435932488
C18-neg_Cluster_1989: NA,0.581219436576051,0.5963079618746977,0.5692101542205124,0.5865405844689656,0.5957642206532411,0.5804372947758565,0.5995469214616892,0.6095644433170329,0.5797244418138174,0.6049537996119825,0.5903269258773844
Gln_CA,0.5781343216975061,0.5863291947932375,0.5874425137520728,0.6010031614500393,0.5963490654227559,0.5778395505385739,0.5963889945837267,0.5908294461120741,0.5936550214443083,0.5951969916900369,0.5903168261484332
C18-neg_Cluster_2114: NA,0.5781413680200305,0.6022374422788748,0.5950865993038233,0.5994858533331454,0.5818829652804202,0.5862904400193539,0.596901027353824,0.5830127256584788,0.600884548354214,0.577158406027894,0.590108137563006
C18-neg_Cluster_1134: NA,0.5821659925684787,0.5913755361077054,0.5759887164888644,0.5811677635442063,0.5958323351043091,0.5948857791118815,0.5923819858415893,0.5936914274440169,0.5892264077378017,0.6034811182044091,0.5900197062153263
C18-neg_Cluster_1260: NA,0.5760662260366315,0.5949139644019786,0.5779663843440109,0.5824208345664398,0.5778125396355641,0.5868788079501309,0.5998675291365437,0.5987236761134364,0.5935681167998422,0.6112649558195578,0.5899483034804136
C18-neg_Cluster_0475: NA,0.5889457292239181,0.5786146460162441,0.5758630570705149,0.6059285408945072,0.5810103956744975,0.6095679664782949,0.5822752105676048,0.5930396426105216,0.5789834035616812,0.6008516655157674,0.5895080257613551
C18-neg_Cluster_0606: NA,0.5804267252920701,0.5841166495206153,0.5857760584750819,0.5896820699277049,0.6084863559708189,0.5948364548542117,0.5761202478426509,0.5953590571080953,0.5867073474353734,0.5917877459753754,0.5893298712401999
C18-neg_Cluster_0783: NA,0.6072144947551873,0.5878911296194517,0.5865182711143055,0.5896726748310058,0.5846556931937222,0.5948669889184836,0.5722024925191543,0.5978041310240185,0.5867472765963444,0.5836750799757607,0.5891248232547435
C18-neg_Cluster_0586: NA,0.5937947735077064,0.5765242370007094,0.586585211178286,0.5917607350723658,0.5974623843815913,0.5822763849546921,0.5933614246724636,0.5886004594202285,0.5913673153980937,0.5868964237564416,0.5888629349342578
C18-neg_Cluster_1810: NA,0.5978499321204264,0.5957242914922702,0.5867554973059561,0.5766616402899326,0.5826803741127505,0.5849551619010039,0.5857290829915868,0.5973308530278049,0.5833556466879936,0.5916491682990648,0.588269164822879
C18-neg_Cluster_2164: NA,0.6072908299158669,0.5986637823719801,0.5806944855479925,0.5738806916670189,0.5890455521263452,0.5812687608337208,0.5781261009878945,0.5895164813483843,0.5849669057718777,0.5989937851435336,0.5882447375714615
C18-neg_Cluster_0093: NA,0.5876973557500341,0.5891019227065396,0.5805077580010992,0.5932369396412013,0.5779464197635253,0.5972369020608145,0.5845605678396446,0.585439009381004,0.5826498400484788,0.6030830009817876,0.588145971617413
C18-neg_Cluster_1547: NA,0.6038886305237298,0.5651279847047825,0.5748753975300291,0.5742236126965337,0.5910337894652781,0.5889363341272191,0.6070947072722747,0.5895329227676076,0.5864360640181889,0.5943126782132405,0.5875462121318884
3oxoDCA,0.5788330820144967,0.5994236108175144,0.5726616778703195,0.5829187746914886,0.5920625525538222,0.5887178981289666,0.5831219436576051,0.5871947180766358,0.5944770924054736,0.5939533157645026,0.5873364665980825
C18-neg_Cluster_0138: NA,0.5851959112539166,0.5857901511201304,0.5892264077378017,0.579106714205856,0.5996831503638251,0.584332736744693,0.5818559543774103,0.5935880813803276,0.5828741479821682,0.5849375460946933,0.5866590801260823
C18-neg_Cluster_1805: NA,0.5803750522602255,0.6030642107883897,0.5768918201590589,0.5854660202840138,0.583672731201586,0.5758877191993499,0.5872921922048883,0.5863127533740142,0.5948810815635321,0.5885417400658596,0.5862385321100918
C18-neg_Cluster_0131: NA,0.5753298853328448,0.5952404440122699,0.5956456075574158,0.5923279640355699,0.5845793580330426,0.5934941304133374,0.5786005533711956,0.5901858819881903,0.5701226529874058,0.5849199302883825,0.5860446408019654
C18-neg_Cluster_0157: NA,0.5856292600891595,0.5789399512394483,0.5782036105356615,0.579072656980322,0.5935634192514927,0.604366606068293,0.5694802632506095,0.5830326902389643,0.5971969728998436,0.584852990224402,0.5854338420778196
C18-neg_Cluster_0270: NA,0.5861741756977034,0.6009197799668353,0.5569436810928377,0.5773404360264378,0.5835247584285762,0.5722377241317756,0.5836022679763432,0.59169614378256,0.6016514231222726,0.5986402946302325,0.5852730684855574
C18-neg_Cluster_1094: NA,0.5783809429858556,0.5840614533275084,0.5754825556542041,0.5687016446116772,0.5868012984023638,0.5978957332168341,0.5905323261789672,0.5868377044020726,0.5823691615345952,0.5961963951013965,0.5847259215415475
C18-neg_Cluster_1221: NA,0.5877126227821701,0.5931382911258615,0.5616670659582764,0.5767567656440105,0.5801084663913904,0.5954201252366391,0.5808741667723616,0.5864184482118783,0.5941893675690657,0.589208791931491,0.5845494111623145
C18-neg_Cluster_1102: NA,0.5742694137929415,0.5912674924956666,0.5757068635878936,0.5789986705938172,0.5945405093081921,0.5889727401269278,0.582157771858867,0.5945780896949882,0.5776821826688652,0.5844572217759553,0.5842630955904115
C18-neg_Cluster_1013: NA,0.573604710701485,0.5846157640327513,0.5992357088835337,0.5817702241200318,0.5751901332694468,0.5894671570907144,0.5813627118007113,0.6008516655157674,0.5773815395744961,0.5754778581058546,0.5838957473094792
C18-neg_Cluster_0211: NA,0.5874660014938204,0.5776375559595447,0.5751537272697379,0.5771995095759523,0.6006308807433401,0.5878958271678011,0.5706158955641052,0.5854871592515867,0.5912909802374142,0.5840309192632366,0.5837408456526539
C18-neg_Cluster_0902: ketodeoxycholate,0.5879968244573157,0.5905875223720741,0.5697538954419689,0.5820121478600319,0.582517134307605,0.5803421694217787,0.5912933290115889,0.5840778947467318,0.5770750245446902,0.5902774841810059,0.5835933426344792
C18-neg_Cluster_0128: NA,0.5902316830845982,0.5717233425875036,0.5659383117950741,0.5851078322223632,0.5921036561018805,0.5905886967591615,0.5913250374629481,0.589413135284695,0.5757961170065343,0.5818735701837212,0.583410138248848
C18-neg_Cluster_2062: NA,0.5719511736824552,0.5787450029829432,0.5693992305415804,0.583648069072751,0.599097131207223,0.5711103125278917,0.5851054834481884,0.5911723671415889,0.595472972655571,0.5823080934060513,0.5828009836666243
C18-neg_Cluster_0770: NA,0.5845488239687707,0.5775506513150787,0.5662483499861424,0.5825594122427505,0.5763245911958549,0.6023701480197485,0.5859545653123635,0.5859780530541111,0.5689576609967258,0.5958757874265421,0.5826368043518089
C18-neg_Cluster_1883: NA,0.5848588621598387,0.5803139841316818,0.5906391954039186,0.5791983163986715,0.5778372017643991,0.5925123428082885,0.5760756211333304,0.5707532988533286,0.5851759466734312,0.5888752659986753,0.5826240035325565
C18-neg_Cluster_0595: NA,0.5955692723967362,0.5981693654081934,0.5748119806273106,0.5767391498376998,0.5808295400630411,0.5769810735776999,0.5758771497155635,0.5919556833288707,0.5723739530339116,0.5801272565847884,0.5823434424573815
C18-neg_Cluster_1902: NA,0.5759816701663402,0.5920202746186766,0.5804643056788662,0.5890549472230444,0.5788741855625549,0.5922809885520748,0.5724326723882807,0.577306378800904,0.5771854169309037,0.5862552084067325,0.5821856048328378
C18-neg_Cluster_0051: NA,0.5882105629072187,0.5713275741390569,0.5757103867491556,0.5790115888517783,0.5941541359564444,0.5934976535745995,0.562244864405267,0.5887836638058597,0.5855423554446934,0.5830256439164401,0.5821508429750514
C18-neg_Cluster_2084: NA,0.5817690497329443,0.5791701311085745,0.5739535036664366,0.5843562244864406,0.5870808025291601,0.5786616214997392,0.5706194187253673,0.5936009996382888,0.5836151862343043,0.5886580043875101,0.5821484942008766
C18-neg_Cluster_0598: NA,0.5749893130775049,0.5755177872668255,0.5803809241956622,0.5812264828985753,0.6006602404205246,0.5866603719518785,0.5679195028114826,0.5893262306402289,0.579460204719157,0.5837878211361491,0.581992887911799
C18-neg_Cluster_1131: arachidonic acid,0.5819275919897405,0.5662248622443947,0.5999661776518834,0.5926556180329486,0.5871677071736261,0.6020753768608164,0.5654814752180837,0.5654943934760448,0.5727074789667272,0.5847531673219747,0.581845384893624
C18-neg_Cluster_1376: NA,0.5873192031078981,0.590704961080812,0.5945757409208134,0.5608320767391498,0.5615825100879851,0.5647451345142971,0.5927472202257642,0.5785101255654673,0.6027107202750884,0.582040333150129,0.5815768025667405
C18-neg_Cluster_1194: NA,0.5954847165264449,0.559995913132936,0.5701872442772117,0.5636999300065296,0.5815353467025559,0.592758964096638,0.6008070388064469,0.5832276384954691,0.5808424583210023,0.5800286080694486,0.5808567858434682
C18-neg_Cluster_2108: NA,0.5779147113121661,0.5865828624041113,0.5854155216392565,0.5832076739149838,0.5847872245475086,0.5854484044777032,0.5530952146074963,0.5740004791499317,0.5857126415723635,0.5893743805108115,0.5805539114136333
C18-neg_Cluster_1295: NA,0.5807860877408081,0.5646523579343941,0.5801801040037206,0.5652313307684719,0.5780650328593507,0.5916174598477055,0.5883280016159567,0.5869927234976066,0.5834777829450809,0.5787203408541084,0.5798051222067203
C18-neg_Cluster_1397: NA,0.5528673835125448,0.5747403430149806,0.5765970490001269,0.5906532880489672,0.5781413680200305,0.5831924068828479,0.5816786219272162,0.5832663932693527,0.5914401273975112,0.5836046167505179,0.5796181597824096
C18-neg_Cluster_1130: NA,0.5925193891308127,0.5752570733334273,0.581646913475857,0.5987318968230481,0.5770938147380883,0.580150744326536,0.553657746022351,0.5815142077349831,0.57935644155913,0.5759851933276023,0.5795913420471837
C18-neg_Cluster_1926: NA,0.5946767382103281,0.5883045138742091,0.5745207326296407,0.5596882237160425,0.584227041906829,0.572638190128572,0.5690187291252696,0.5754379289448838,0.5815001150899346,0.590029688505569,0.5790041902131278
C18-neg_Cluster_2079: NA,0.5790761801415841,0.5719147676827463,0.5563283022590509,0.5813357008977016,0.5770350953837192,0.5785267368382979,0.5812229597373132,0.5932745200279974,0.5828577065629449,0.5839628048121686,0.5785534774343524
C18-neg_Cluster_0101: NA,0.58093758367508,0.5855705407347905,0.5956185966544061,0.5702964622763379,0.5738983074733297,0.554317751565458,0.5868729360146939,0.5951852478191633,0.5449708047370078,0.5940860215053763,0.5781754252455643
C18-neg_Cluster_1935: NA,0.5776915777655641,0.5840626277145958,0.5763833105502238,0.5691831433175026,0.5692770942844929,0.5738853892153685,0.5734097624449801,0.5796692456207106,0.5840626277145958,0.5885957618718791,0.5776220540499913
LCA,0.5687944211915801,0.5800873274238175,0.5906474161135303,0.5759804957792528,0.5664245080492492,0.5828905894013914,0.5753005256556604,0.5921200975211037,0.5744667108236211,0.5675237343630358,0.5774235826322243
C18-neg_Cluster_2049: NA,0.5542919150495357,0.607634925332469,0.5669811675286668,0.5638819600050734,0.5758583595221654,0.5781601582134284,0.5964841199378046,0.5885194267111995,0.5572830789610903,0.5843409574543047,0.5773436068715737
C18-neg_Cluster_0786: NA,0.5981599703114945,0.5770022125452726,0.570528990919639,0.5768929945461463,0.5832358592050809,0.5618397008601211,0.5821836083747893,0.5675284319113855,0.5770186539644959,0.573604710701485,0.5767995133339909
C18-neg_Cluster_1387: NA,0.5760568309399325,0.5695378082178911,0.5714379665252706,0.5784091282759528,0.5852675488662468,0.5791302019476037,0.5815423930250803,0.5765723868712919,0.5723516396792515,0.5749564302390583,0.5765262334587579
C18-neg_Cluster_1884: NA,0.5901306857950835,0.5745289533392522,0.5828377419824594,0.5708542961428432,0.5783093053735255,0.5804889678077012,0.5766639890641075,0.5579501308267215,0.5729658441259506,0.5796551529756621,0.5764385067433307
C18-neg_Cluster_0584: NA,0.5763750898406123,0.5674380041056573,0.5938805037650849,0.581321608252653,0.5778172371839138,0.5967189973552803,0.5609941421572082,0.5668555081103173,0.5660017286977926,0.5767191852572142,0.5764122004725734
C18-neg_Cluster_1050: NA,0.5891418518675104,0.5656858185712876,0.556965994447498,0.5857138159594508,0.5651291590918699,0.5834155404294499,0.5770738501576028,0.5799968996180893,0.5734837488314849,0.5784842890495451,0.5755090968023788
C18-neg_Cluster_1286: NA,0.5602648477759458,0.5762541279706123,0.570947072722746,0.5722142363900281,0.5979650220549896,0.5856421783471207,0.5677633093288613,0.5847249820318775,0.5680510341652691,0.5710680345927461,0.5754894845380196
C18-neg_Cluster_0999: NA,0.5780309756338167,0.5644362707103163,0.5700310507945904,0.5717667949097367,0.587548208589937,0.5654838239922585,0.5841319165527512,0.567353448235366,0.5867778106606163,0.5786451800805159,0.5754205480159904
C18-neg_Cluster_0271: NA,0.5737479859261453,0.5730081220610963,0.5661626197287636,0.580438469162944,0.5705407347905128,0.5699993423432311,0.5759311715215829,0.5900837103115883,0.5765535966778939,0.5741425799875045,0.5750608332511263
C18-neg_Cluster_0035: NA,0.5891888273510055,0.5892874758663454,0.5679101077147837,0.5542320213080795,0.5878547236197428,0.5546536262724484,0.5764056239048841,0.5911935061091615,0.5404905179986565,0.5909598030787733,0.5742176233223881
C18-neg_Cluster_1259: NA,0.5678337725541042,0.5794625534933319,0.5458081427303091,0.5782435396966324,0.5842822380999357,0.5838782489418773,0.5877419824593545,0.5806263710969245,0.5709482471098334,0.560773357384781,0.5739598453567083
C18-neg_Cluster_1441: NA,0.5846040201618776,0.5714062580739112,0.5612207988650723,0.5738384137318734,0.575652841781874,0.5713757240096393,0.566182584309249,0.5699946447948816,0.5814449188968278,0.5828189517890613,0.573853915641427
C18-neg_Cluster_1410: NA,0.5768225313209037,0.5674039468801233,0.583258172559741,0.5597528150058485,0.571767969296824,0.5735718278630383,0.5929492148047933,0.5858747069904218,0.5558996509721577,0.5708049718851731,0.5738105807579026
C18-neg_Cluster_0849: NA,0.5729423563842032,0.5795858641375067,0.5752829098493496,0.574395073211291,0.5719676151016785,0.5907307975967342,0.5540276779548754,0.577929978344302,0.5710187103350761,0.5695906556368232,0.573747163855184
C18-neg_Cluster_1232: NA,0.5661532246320645,0.5759487873278937,0.5605490494510915,0.5764878310010007,0.5673334836548805,0.587994475683141,0.5634133795572092,0.5818324666356629,0.5690504375766288,0.5846662626775087,0.5733429398197082
C18-neg_Cluster_0709: arachidonic acid,0.5762599999060491,0.5568497301258474,0.5913050728824627,0.5792006651728462,0.5771255231894474,0.5962891716812995,0.5525737867407001,0.5602507551308972,0.5641027447775007,0.57566810881401,0.572962555842106
C18-neg_Cluster_1992: NA,0.5569777383183717,0.592560492678871,0.5750057544967282,0.5756035175242042,0.5682236690671139,0.5723962663885718,0.5679817453271139,0.5742964246959512,0.5714544079444938,0.5694767400893475,0.5723976756530768
C18-neg_Cluster_0216: NA,0.5696129689914833,0.5691890152529395,0.559571959394392,0.5809199678687692,0.5668355435298318,0.578480765888283,0.5769481907392532,0.5747133321119707,0.5796058287179922,0.5666135843703172,0.5722491156865231
C18-neg_Cluster_0081: NA,0.5766463732577967,0.5764044495177968,0.5681637753256575,0.5744960705008056,0.5650833579954623,0.5670715953343949,0.5727321410955623,0.5868036471765387,0.5604222156456546,0.5716740183298338,0.5719497644179503
C18-neg_Cluster_0745: NA,0.5547276126589532,0.5628520225294419,0.5736399423141063,0.5816574829596434,0.58203093805343,0.5671972547527445,0.5743269587602231,0.5806639514837207,0.5708190645302217,0.5710222334963383,0.5718937461538822
C18-neg_Cluster_1689: NA,0.5727497569018729,0.5862634291163441,0.563982957294588,0.5835306303640131,0.5526923998365254,0.5717151218778919,0.5792605589143027,0.5694004049286677,0.5690058108673084,0.567465015008667,0.5716066085110181
C18-neg_Cluster_1766: NA,0.5656576332811906,0.5703305195018721,0.557635395087304,0.5687744566110947,0.5687603639660461,0.5699547156339106,0.5788741855625549,0.5796762919432348,0.5758771497155635,0.5802235563259537,0.5715764267628725
C18-neg_Cluster_0272: NA,0.5807590768377984,0.5760920625525537,0.5573958201214786,0.5754837300412916,0.5673170422356572,0.578391512469642,0.5699570644080854,0.5691772713820658,0.5581110218576925,0.5797996025874096,0.5712484204493676
C18-neg_Cluster_1389: NA,0.5748977108846894,0.5760215993273111,0.5729529258679894,0.5696270616365319,0.5711232307858529,0.5677163338453662,0.5760591797141073,0.5654215814766274,0.5630082160120634,0.5694086256382793,0.5706236465188819
C18-neg_Cluster_0619: NA,0.5872745763985776,0.5762881851961462,0.5649941045768213,0.568270644550609,0.5612125781554607,0.5696693395716775,0.5601192237771108,0.5847766550637222,0.5628332323360439,0.5702083832447845,0.5705646922870955
C18-neg_Cluster_0010: NA,0.5882469689069275,0.57127237794595,0.5701038627940078,0.5638584722633257,0.557867923730605,0.5629847282703158,0.5756364003626507,0.5776833570559524,0.5686840288053665,0.5691314702856579,0.570546959042076
C18-neg_Cluster_1365: NA,0.5637974041347821,0.5782235751161469,0.5559489752298276,0.573298195671679,0.5630422732375973,0.5867742874993541,0.5743222612118736,0.5771525340924571,0.5583635150814791,0.5722565143251739,0.570317953560037
C18-neg_Cluster_1069: NA,0.5780086622791566,0.5670163991412882,0.572681642450805,0.5801401748427496,0.5817162023140124,0.5781683789230401,0.5585690328217704,0.5456402053768139,0.5752723403655632,0.5658807668277926,0.5703093805342991
C18-neg_Cluster_1418: NA,0.5699922960207068,0.5784631500819722,0.5788683136271181,0.5618350033117717,0.5583893515974013,0.5555426372975943,0.5773239946072146,0.5746581359188639,0.571991102843426,0.5753533730745924,0.570241735838066
C18-neg_Cluster_0717: NA,0.575702166039544,0.5760779699075053,0.5434746355876868,0.5628966492387624,0.5860602601502276,0.551966628616525,0.5695284131211921,0.5729858087064362,0.5833521235267314,0.5779323271184768,0.5699976982013089
C18-neg_Cluster_1168: NA,0.5784948585333314,0.5854178704134313,0.5781084851815839,0.554308356468759,0.5630410988505099,0.5660663199875985,0.5664597396618705,0.5781167058911955,0.570782658530513,0.5580170708907022,0.5698813164409495
C18-neg_Cluster_0727: NA,0.5735671303146888,0.5581955777279838,0.5603775889363342,0.579999248392264,0.5731008986409992,0.568859012481386,0.5592313871390521,0.5775870573147874,0.570841377884882,0.576445553065855,0.5698204831898233
C18-neg_Cluster_1830: NA,0.5714884651700278,0.5607064173208003,0.5834073197198383,0.5566653513531289,0.571656402523523,0.5760814930687674,0.589878192571297,0.5749975337871165,0.5564903676771094,0.5551492176233224,0.569652076081493
C18-neg_Cluster_1429: NA,0.5655214043790546,0.5743833293404172,0.5468850556894357,0.5797655453618756,0.5764150190015831,0.5786804116931374,0.5533653236375935,0.5848952681595476,0.5602707197113826,0.5744948961137183,0.5694676973087746
C18-neg_Cluster_0204: NA,0.5610047116409946,0.5749200242393495,0.5612008342845869,0.5773991553808068,0.5826991643061487,0.5746792748864369,0.5639477256819665,0.56478858683653,0.5686112168059491,0.5647650990947823,0.5694015793157551
C18-neg_Cluster_0600: NA,0.5629847282703158,0.5574557138629349,0.5639136684564326,0.5776269864757584,0.584444303517994,0.582889415014304,0.5560229616163325,0.5662553963086664,0.5664280312105112,0.5668907397229387,0.5684911944456188
C18-neg_Cluster_1241: NA,0.5676587888780846,0.5685031731939101,0.5667686034658512,0.5551057653010893,0.5589741963669161,0.5765195394523599,0.5694626474442989,0.5797725916844,0.5836468946856636,0.5578115531504109,0.5684223753622984
C18-neg_Cluster_1152: NA,0.571253587752552,0.5747309479182815,0.5691396909952695,0.5593429539123531,0.562180273115461,0.5782388421482829,0.574974046045369,0.5540088877614774,0.5651667394786661,0.5733322528972129,0.5682368222024926
C18-neg_Cluster_2165: NA,0.5578420872146826,0.5681990069382791,0.5649694424479864,0.5666441184345891,0.5589530573993433,0.5669247969484726,0.5635167256208985,0.5767180108701269,0.5790879240124579,0.5766898255800298,0.5679544995466866
C18-neg_Cluster_2099: NA,0.5694685193797359,0.586333892341587,0.5779100137638168,0.5558996509721577,0.5611515100269171,0.5722036669062417,0.5648015050944912,0.5668390666910939,0.5530165306726419,0.5712547621396393,0.5678879117988324
C18-neg_Cluster_1207: NA,0.5667462901111909,0.5604457033874022,0.558806259013421,0.5661637941158509,0.5757831987485731,0.589825345152365,0.5535849340229334,0.5746416944996406,0.5653017939937147,0.5661109466969189,0.5677409959742011
C18-neg_Cluster_1994: NA,0.5845911019039164,0.5834366793970228,0.5724585089042029,0.563146793688374,0.5655989139268216,0.5425292539823466,0.5460829493087558,0.5672125217848805,0.5866004782104219,0.564221357873326,0.5675878558980069
C18-neg_Cluster_0835: NA,0.592638002226638,0.5693757427998327,0.5382944141452576,0.561851444730995,0.5581086730835177,0.5488004810289511,0.5859216824739168,0.5814402213484783,0.5431117499776867,0.5902281599233361,0.566977057173861
C18-neg_Cluster_1934: NA,0.5609823982863343,0.5683305382920654,0.575023370303039,0.5645713252253649,0.5660064262461422,0.5605607933219653,0.5646124287734232,0.5660827614068219,0.5719593943920668,0.5687310042888617,0.5666860440536085
C18-neg_Cluster_0862: NA,0.561189090413713,0.5624233712425486,0.5632959408484712,0.5701449663420661,0.5801519187136234,0.5816645292821676,0.5536506996998267,0.5673886798479874,0.5670034808833271,0.5593124198480814,0.5666225097121813
C18-neg_Cluster_1878: NA,0.5648837121906076,0.5697503722807067,0.5578855395369158,0.5612936108644898,0.5680075818430361,0.5842329138422657,0.5578420872146826,0.5754273594610974,0.5695507264758523,0.557217313284197,0.5666091216993852
C18-neg_Cluster_1018: NA,0.5511680453971073,0.5592654443645861,0.5674203882993465,0.5641649872931318,0.5884055111637237,0.5677351240387642,0.5562296537437111,0.576424414098282,0.5575649318620612,0.5730468768349799,0.5661425377095695
C18-neg_Cluster_0117: NA,0.56680500946556,0.55390906485905,0.5623247227272088,0.5630317037538108,0.5798794609093514,0.573642291088281,0.5493900233468154,0.5727638495469215,0.5705747920160468,0.5655589847658509,0.5657879902478896
C18-neg_Cluster_0369: NA,0.556789836384391,0.5612607280260432,0.5605619677090526,0.5780556377626517,0.588626295936151,0.5753099207523594,0.5575156076043913,0.559549646039732,0.5610446408019655,0.5579148992141002,0.5656629180230838
C18-neg_Cluster_0354: arachidonic acid,0.5719030238118726,0.5465585760791444,0.5818359897969251,0.5711126613020664,0.5702905903409012,0.5877924811041118,0.5459760800838043,0.5531703753810887,0.5545631984667203,0.5690292986090558,0.565223227497569
C18-neg_Cluster_0375: NA,0.5817408644428472,0.5624950088548787,0.5545585009183708,0.5632407446553644,0.5802435209064389,0.5643986903235202,0.5426361232072981,0.5689012904165317,0.5697926502158525,0.5628426274327429,0.5650850021373846
C18-neg_Cluster_0472: docosahexaenoic acid,0.5644221780652677,0.5700698055684739,0.5688543149330364,0.567012875980026,0.5599430657140039,0.5835329791381878,0.5424446981120554,0.5653969193477925,0.5631397473658497,0.5638526003278889,0.5648669184552582
C18-neg_Cluster_1062: NA,0.575581204169544,0.5651491236723555,0.5445315839663281,0.5622284229860435,0.5626394584666263,0.549277282186427,0.5690551351249783,0.5818242459260512,0.5651444261240058,0.5715659747177947,0.5646996857340155
C18-neg_Cluster_0332: NA,0.568840222287988,0.5557281904574003,0.5490658925106987,0.5724397187108049,0.5566806183852647,0.5794672510416814,0.5517211817152627,0.5680557317136188,0.559237259074489,0.5809540250943034,0.5642190090991512
C18-neg_Cluster_1993: NA,0.5667157560469192,0.5748636536591553,0.5562813267755559,0.5576694523128379,0.5645678020641028,0.5810550223838178,0.5621004147935192,0.5560076945841965,0.5602542782921592,0.5581885314054595,0.5637703932317724
C18-neg_Cluster_0360: NA,0.569800870925464,0.5638984014242967,0.5563071632914783,0.552263748549632,0.5618467471826454,0.5639900036171123,0.5674943746858515,0.568787374869056,0.5648942816743941,0.5681191486163372,0.5637402114836267
C18-neg_Cluster_0867: NA,0.568874279513522,0.5609459922866257,0.5438222541655511,0.565842012053909,0.5547088224655552,0.5611338942206062,0.565482649605171,0.5612466353809947,0.5709940482062411,0.5775424306054671,0.5630593018503645
C18-neg_Cluster_1990: NA,0.5558832095529344,0.5694462060250756,0.5724314980011933,0.5600100057779845,0.5565044603221578,0.5487441104487567,0.5476589767800186,0.5812793303175073,0.5609589105445867,0.57763520718537,0.5630551914955586
C18-neg_Cluster_1744: NA,0.5576013378617699,0.5552666563320603,0.5635237719434227,0.5519795468744862,0.5807473329669246,0.5676411730717738,0.5767919972566318,0.5687697590627453,0.5589072563029356,0.5489226172860385,0.563015144895879
C18-neg_Cluster_0813: NA,0.5714731981378919,0.5550493947208953,0.5529683808020595,0.5577528337960419,0.5513442034602142,0.5679547344241042,0.5662048976639092,0.5650387312861418,0.5686405764831335,0.5721003208425524,0.5628527271616943
C18-neg_Cluster_1566: NA,0.5702870671796391,0.5628661151744905,0.5493841514113784,0.5506994649492429,0.5757691061035246,0.576965806545564,0.5739182720538151,0.5534040784114771,0.5614380604762375,0.5529507649957488,0.5627682887301118
C18-neg_Cluster_1822: NA,0.5792370711725551,0.5717761900064358,0.5630387500763352,0.5526090183533214,0.5524951028058458,0.5567722205780804,0.5565209017413811,0.5690856691892502,0.555144520074973,0.5679136308760458,0.5624593074874223
C18-neg_Cluster_1901: NA,0.5615966027330337,0.5742858552121649,0.5703352170502215,0.5375580734414709,0.5325563588363232,0.5596588640388581,0.5734837488314849,0.5608109377715771,0.580120210262264,0.5695354594437163,0.5619941327621114
C18-neg_Cluster_1838: NA,0.5755600652019711,0.5510635249463305,0.5606911502886645,0.5606970222241013,0.5697527210548815,0.5633264749127431,0.5603294390657516,0.5563212559365268,0.5626676437567235,0.5551492176233224,0.5615558515011017
C18-neg_Cluster_1529: NA,0.5708155413689596,0.5648261672233261,0.5609953165442956,0.5570247138018668,0.5387148447225393,0.5578984577948769,0.5745665337260484,0.5706863587893478,0.5416331966346764,0.5768706811914863,0.5614031811797423
C18-neg_Cluster_2119: NA,0.5493818026372037,0.575634051588476,0.5429097553986575,0.5547264382718659,0.5608438206100237,0.5637257665224519,0.5688578380942987,0.5678748761021623,0.5536506996998267,0.5735389450245916,0.5611143993949558
C18-neg_Cluster_1524: NA,0.5757362232650779,0.5607616135139071,0.5431540279128323,0.5609248533190528,0.5579066785044885,0.5664021946945889,0.551234985461088,0.5598279757794408,0.5725982609676011,0.5625678208542961,0.5611114634272374
C18-neg_Cluster_1332: NA,0.5585960437247801,0.5600123545521594,0.5693205466067259,0.5471680829774942,0.550262592952738,0.5561721087764295,0.5815071614124587,0.5730562719316789,0.5530388440273022,0.561263076800218,0.5610397083761985
C18-neg_Cluster_0089: NA,0.5608555644808974,0.5589354415930327,0.548620799804582,0.5572408010259446,0.565503788572744,0.5567886619973036,0.5579583515363332,0.5635390389755587,0.5695659935079882,0.567120919592065,0.5606129361086449
C18-neg_Cluster_1023: NA,0.5505796774663303,0.5592854089450716,0.5744584901140094,0.5578221226341974,0.5536624435707006,0.5641673360673065,0.5625384611771118,0.5781965642131373,0.5550552666563321,0.550042982567398,0.5605808753411594
C18-neg_Cluster_1012: NA,0.5487570287067179,0.561889025117791,0.571922988392358,0.5661543990191519,0.551427584943418,0.5670774672698319,0.5556213212324489,0.5732547433494459,0.5547099968526426,0.553952517181283,0.5604767072065089
C18-neg_Cluster_1546: NA,0.5735060621861451,0.5585608121121587,0.5520570564222531,0.5610622566082761,0.5560476237451675,0.5602883355176934,0.5522801899688554,0.5602037796474021,0.5716540537493483,0.5573324032187602,0.560299257317606
C18-neg_Cluster_1833: NA,0.5565314712251677,0.5484516880639995,0.5464199984028335,0.5605384799673051,0.55395838911672,0.5653064915420642,0.56374455671585,0.570408029049639,0.5716129502012899,0.5627040497564321,0.55996761040413
C18-neg_Cluster_1834: NA,0.5603728913879845,0.5671984291398319,0.5639054477468209,0.5586324497244889,0.5600933872611884,0.5570211906406047,0.555318329363905,0.5703481353081827,0.5505479690149712,0.5549789314956525,0.5598417161083631
C18-neg_Cluster_2126: NA,0.5682448080346867,0.571334620461581,0.5703093805342991,0.5559301850364295,0.5691490860919687,0.5673663664933273,0.5406514090296275,0.5345199340464212,0.5497752223114757,0.5685207890002208,0.5595801801040037
C18-neg_Cluster_1314: NA,0.5539513427941957,0.5669987833349774,0.5468874044636104,0.5821448536009057,0.576975201642263,0.5596494689421592,0.5359151059062275,0.5805124555494487,0.5251095703152525,0.5675507452660457,0.5595694931815086
C18-neg_Cluster_1656: NA,0.5689353476420657,0.5736246752819704,0.5667932655946861,0.5591714933975959,0.559330035654392,0.5598632073920621,0.5427265510130262,0.5646323933539087,0.5396778421341902,0.5566876647077891,0.5591442476171686
C18-neg_Cluster_1245: NA,0.5748425146915825,0.5503788572743886,0.5378223105361313,0.5617692376348784,0.5662671401795403,0.5641591153576949,0.5653757803802196,0.5635225975563354,0.543146981590308,0.5600581556485671,0.5587342690849646
C18-neg_Cluster_0202: NA,0.5647427857401224,0.562923660141772,0.5508368682384663,0.5466313880785618,0.5673182166227446,0.5563811496779831,0.5557692940054586,0.557790414182838,0.5629248345288593,0.5585549401767218,0.5583873551393529
C18-neg_Cluster_0144: 2-hydroxymyristic acid,0.5712935169135229,0.5681355900355605,0.5302651296288466,0.5670516307539096,0.5576036866359447,0.5520922880348746,0.5540405962128365,0.5464317422737074,0.5551668334296332,0.5802294282613903,0.5582310442180226
C18-neg_Cluster_1458: NA,0.5575837220554594,0.5638490771666268,0.5526700864818652,0.5681038815842012,0.5440183768091433,0.564741611353035,0.5704749691136197,0.5609636080929363,0.5469977968498241,0.550553840950408,0.557995697045712
C18-neg_Cluster_0313: NA,0.563124480333714,0.5592818857838096,0.5454652217007945,0.5530494135110887,0.5727521056760477,0.5544539804675941,0.5513911789437093,0.5568473813516727,0.5556142749099245,0.5666946170793463,0.5578674539757701
C18-neg_Cluster_1006: NA,0.5703093805342991,0.5616059978297328,0.5482978433555528,0.5603916815813828,0.5525820074503117,0.5631139108499275,0.550271988049437,0.5614533275083734,0.5478950285845816,0.5514346312659424,0.556735579700954
C18-neg_Cluster_2154: NA,0.5463260474358432,0.5758654058446897,0.554921386528371,0.5509754459147771,0.5373138009272961,0.5595637386847804,0.5681250205517739,0.5479455272293391,0.5573887737989544,0.5688719307393473,0.5567297077655172
C18-neg_Cluster_0200: NA,0.5600029594554603,0.5465550529178821,0.5440218999704055,0.5623118044692476,0.5512526012673985,0.5703786693724546,0.5591973299135182,0.5575813732812845,0.5477552765211837,0.5649165950290544,0.556397356219789
C18-neg_Cluster_1234: NA,0.5623881396299272,0.5626547254987623,0.5541603836957493,0.5671925572043951,0.5375510271189466,0.5602801148080817,0.5571022233496339,0.5494123367014755,0.5547088224655552,0.5523353861619621,0.5557785716634489
C18-neg_Cluster_0443: NA,0.553812765117885,0.5629142650450729,0.5379221334385584,0.5653581645739089,0.5599841692620622,0.5577986348924497,0.5510564786238062,0.5673182166227446,0.5467664425936104,0.5545737679505067,0.5557505038120606
C18-neg_Cluster_0945: NA,0.5596412482325475,0.5484188052255528,0.5329803125748672,0.5606148151279847,0.5477740667145817,0.5533606260892441,0.5560358798742936,0.556755779158857,0.5681226717775992,0.5693487318968231,0.5553052936672351
C18-neg_Cluster_0368: NA,0.5584938720481781,0.5485045354829314,0.5476014318127369,0.55332656886371,0.5680897889391527,0.5634157283313839,0.5435321805549683,0.5569002287706045,0.5608579132550723,0.5515943479098259,0.5552316595968565
C18-neg_Cluster_1090: NA,0.5568262423840997,0.5621544365995387,0.5537681384085646,0.5440430389379782,0.5562226074211869,0.5544164000807978,0.5639359818110928,0.5565819698699249,0.5451152543487555,0.5561274820671092,0.5549191551929048
C18-neg_Cluster_0206: NA,0.557446318766236,0.5451504859613767,0.582375033470032,0.5327336912865176,0.556761651094294,0.519432583134862,0.5502978245653594,0.5659171728275013,0.5756904221686703,0.5630822023985682,0.5548887385673418
C18-neg_Cluster_1305: NA,0.5465280420148725,0.5448463197057456,0.5675801049432302,0.5437470933919587,0.5629013467871119,0.551374737524486,0.5761907110678937,0.5560581932289539,0.5526712608689526,0.5466243417560376,0.5548522151289241
C18-neg_Cluster_0266: NA,0.5643540636141998,0.5722858740023582,0.5590293925600229,0.5536530484740015,0.5492373530254561,0.5514299337175929,0.5647592271593456,0.5384212479506946,0.5436320034573956,0.5515743833293404,0.5548376527290407
C18-neg_Cluster_1068: NA,0.5575508392170127,0.547868017681572,0.5481580912921546,0.555503882523711,0.569509622927794,0.5675084673309001,0.532871094575741,0.5585349755962363,0.5589190001738094,0.5506607101753596,0.554708470149429
C18-neg_Cluster_0550: NA,0.5494393476044852,0.5524528248707,0.5516389746191463,0.5520958111961367,0.558567858434683,0.5666770012730357,0.5534710184754577,0.5467065488521541,0.5521838902276901,0.5629459734964323,0.5546179249049921
C18-neg_Cluster_0544: NA,0.5633429163319664,0.5506548382399226,0.5548638415610893,0.5574157847019641,0.5625678208542961,0.5479807588419604,0.538407155305646,0.5632548373004129,0.5553993620729343,0.5510388628174956,0.5544926178027687
C18-neg_Cluster_0068: NA,0.5360818688726354,0.5505597128858448,0.557406389605265,0.5612478097680821,0.5504775057897283,0.5471457696228339,0.5678173311348808,0.5594028476538095,0.552195634098564,0.5621074611160435,0.5544442330547688
C18-neg_Cluster_1996: NA,0.5375639453769078,0.5852100038989652,0.5354911521676837,0.5397905832945786,0.5527816532551661,0.5503530207584661,0.5702647538249788,0.5634955866533256,0.5389321063337045,0.5700463178267263,0.5543929123390503
C18-neg_Cluster_1536: NA,0.5488603747704073,0.563118608398277,0.5716000319433289,0.5371388172512765,0.5389720354946754,0.538679613109918,0.5650786604471127,0.5522155986790493,0.5637140226515781,0.5622166791151698,0.5541594441860793
C18-neg_Cluster_1271: NA,0.5518292253273017,0.5588708503032267,0.5691455629307064,0.5571045721238086,0.5588227004326443,0.5445961752561338,0.5390718583971026,0.5334406723131199,0.5584926976610907,0.5700369227300274,0.5541411237475162
C18-neg_Cluster_1391: NA,0.5458210609882702,0.5497235492796311,0.54196319940623,0.5445292351921533,0.5434076955237062,0.5593288612673046,0.5583870028232266,0.5650927530921613,0.5727180484505138,0.5604198668714798,0.5541391272894677
C18-neg_Cluster_0610: NA,0.5481674863888537,0.5464117776932219,0.5529683808020595,0.5512091489451655,0.5688601868684734,0.5652642136069185,0.5454241181527362,0.556411683742255,0.5594157659117708,0.5470776551717659,0.5541210417283221
C18-neg_Cluster_0016: NA,0.5603188695819653,0.5555719969747789,0.5715096041376005,0.5336074352795276,0.5462003880174937,0.5330648684451585,0.5560699370998277,0.5730715389638147,0.5447711589321533,0.5666582110796375,0.5540844008511957
C18-neg_Cluster_0889: NA,0.5553136318155555,0.5430189733977837,0.574187206696825,0.563939504972355,0.5486149278691451,0.5750621250769223,0.5344330294019551,0.5459948702772024,0.5472479412994359,0.5523952799034185,0.5540207490710599
C18-neg_Cluster_0067: NA,0.5743093429539123,0.5455321617647749,0.5491915519290482,0.5666558623054628,0.5305070533688468,0.545832804859144,0.5530435415756517,0.5531057840912827,0.5546054764018659,0.5660252164395402,0.5538808795689529
C18-neg_Cluster_0896: NA,0.5625713440155583,0.5315675249087503,0.5496941896024465,0.5561756319376918,0.5460759029862315,0.5521744951309911,0.5537434762797296,0.5513171925572045,0.5680017099075992,0.5673170422356572,0.553863850956186
C18-neg_Cluster_0032: NA,0.5457764342789498,0.5560441005839053,0.5699441461501243,0.5521192989378844,0.548097023163611,0.5459338021486586,0.5520864160994378,0.5578162506987604,0.5530000892534186,0.5571480244460416,0.5537965585760791
C18-neg_Cluster_1860: NA,0.5691972359625512,0.5530458903498264,0.5577152534092457,0.5393466649755494,0.5585537657896344,0.5603482292591497,0.5363461059672957,0.5482262057432227,0.5528462445449721,0.5562719316788568,0.5531897527680304
C18-neg_Cluster_1243: NA,0.5573312288316729,0.5454710936362314,0.5610223274473053,0.5560006482616723,0.5615143956369172,0.5514910018461365,0.55211225261536,0.5560558444547792,0.552957811318273,0.5323120863221485,0.5526268690370497
C18-neg_Cluster_0975: NA,0.5652360283168215,0.5540828741479822,0.5357483429398198,0.5437823250045802,0.5488051785773006,0.5406690248359382,0.5570740380595367,0.5729881574806109,0.5372867900242863,0.5662483499861424,0.5521921109373018
C18-neg_Cluster_0393: 12.13-diHOME,0.5482285545173974,0.5422544474038999,0.5514076203629326,0.5656482381844916,0.5380219563409857,0.5676458706201234,0.5805018860656624,0.5375416320222476,0.5422650168876864,0.5481428242600187,0.5521658046665446
C18-neg_Cluster_2009: NA,0.56223899246983,0.549961949858369,0.5612219732521598,0.5454440827332215,0.5473184045246787,0.5477259168439992,0.5774719673802242,0.5569061007060415,0.5140996913710735,0.5555062312978857,0.5517895310437483
C18-neg_Cluster_1214: NA,0.5458997449231248,0.5438539626169103,0.5505092142410876,0.5689717536417744,0.5688507917717743,0.5659946823752685,0.5412750085730258,0.5371376428641892,0.521991572598261,0.5679700014562401,0.5512454375061655
C18-neg_Cluster_0177: tetradecanedioate,0.5461510637598238,0.5418128778590454,0.5500864348896312,0.5431000061068129,0.5672935544939096,0.5501874321791458,0.544890946415066,0.5572231852196339,0.5617892022153638,0.5462743744039986,0.5508809077542431
C18-neg_Cluster_1037: NA,0.5663998459204141,0.5495145083780775,0.5544363646612834,0.5390471962682676,0.5406537578038022,0.5532537568642925,0.539723643230598,0.5556424602000216,0.556002997035847,0.5519243506813795,0.5506598881043983
C18-neg_Cluster_1995: NA,0.5854730666065381,0.5544387134354581,0.5342380811454503,0.5471610366549698,0.5431645973966187,0.5412550439925403,0.5307654185280702,0.5543283210492445,0.565649412571579,0.5474170530400185,0.5503890744420488
C18-neg_Cluster_0906: NA,0.5450189546075903,0.5518257021660395,0.5482884482588537,0.5452949355731244,0.5532549312513799,0.5593323844285667,0.5515896503614762,0.5469613908501154,0.5508580072060392,0.5480359550350672,0.5500460359738253
C18-neg_Cluster_1756: NA,0.5557176209736139,0.559150354430023,0.5599231011335184,0.5453677475725419,0.5436226083606965,0.5625513794350729,0.5277002682300108,0.5445914777077844,0.5410976761228316,0.5607052429337129,0.5500427476899805
C18-neg_Cluster_1272: NA,0.5529296260281759,0.5461839465982703,0.5387547738835102,0.5412397769604044,0.5714262226543968,0.5562977681947792,0.5357589124236062,0.551929048229729,0.5526818303527389,0.5495403448939998,0.5496742250219612
C18-neg_Cluster_2072: NA,0.5444235403542891,0.5459584642774936,0.5778724333770205,0.5545725935634194,0.5559043485205072,0.5667415925628415,0.5378915993742865,0.5338599285033142,0.5325927648360321,0.5465985052401152,0.5496415770609319
C18-neg_Cluster_2134: NA,0.5445632924176872,0.5650446032215787,0.5544281439516716,0.5505585384987575,0.5545514545958464,0.5579513052138089,0.5373830897654515,0.5380090380830245,0.5455380337002119,0.5480641403251644,0.5496091639773202
C18-neg_Cluster_0680: NA,0.5745900214677959,0.5545185717573998,0.5425633112078807,0.5374699944099175,0.5298259088581669,0.5324635822564204,0.5824748563724593,0.5334759039257411,0.5565232505155561,0.5490013012208929,0.5492906701992231
C18-neg_Cluster_0210: NA,0.5622354693085678,0.5574380980566243,0.5140444951779667,0.5688167345462404,0.5557434574895362,0.532515255288265,0.5510095031403112,0.5498726964397281,0.558543196305848,0.5415627334094336,0.5491781639162521
C18-neg_Cluster_1942: NA,0.5511997538484665,0.5496883176670097,0.5346855226257416,0.5585784279184693,0.5521744951309911,0.5383179018870051,0.5524081981613796,0.5609389459641014,0.5365962504169074,0.555358258524876,0.5489946072144949
C18-neg_Cluster_0267: NA,0.5502073967596312,0.5627921287879856,0.5480112929062322,0.5379996429863254,0.5482743556138051,0.5440841424860366,0.5554216754275944,0.5504070425644856,0.5340208195342852,0.5540429449870113,0.5485261442053393
C18-neg_Cluster_1270: NA,0.5459713825354549,0.5475321429745816,0.5555672994264294,0.5459960446642897,0.5503788572743886,0.5294301404097201,0.55152975662002,0.5551597871071089,0.5541721275666229,0.5473301483955524,0.5483067686974168
C18-neg_Cluster_1282: NA,0.5485104074183683,0.5514287593305054,0.5172400024427252,0.5333326287010809,0.5399397304546757,0.5685654157095412,0.545085894671571,0.5550858007206039,0.5569061007060415,0.5669177506259484,0.5483012490781061
C18-neg_Cluster_1874: NA,0.540417705999239,0.5487535055454559,0.5433959516528324,0.5594921010724503,0.553896146601089,0.5345434217881687,0.5484023638063295,0.5519220019072046,0.5566160270954589,0.5444470280960366,0.5481886253564265
C18-neg_Cluster_0631: NA,0.5465221700794355,0.532837037350207,0.5491551459293396,0.5514358056530297,0.5555379397492448,0.5503999962419613,0.5541533373732249,0.5506301761110877,0.5463648022097267,0.543856311391085,0.5480892722088343
C18-neg_Cluster_2124: NA,0.5538891002785646,0.5452796685409884,0.5250332351545729,0.5390436731070055,0.5326326939970031,0.5493042930894366,0.5771678011245931,0.5465209956923481,0.5385234196272966,0.572346942130902,0.5479741822742711
C18-neg_Cluster_1921: NA,0.5582848311466246,0.5423296081774922,0.5539818768584676,0.5412456488958414,0.5448251807381728,0.5478856334878828,0.5608320767391498,0.5514463751368162,0.5194995231988426,0.556863822770896,0.5477194577150185
C18-neg_Cluster_1872: NA,0.5549072938833224,0.5500629471478836,0.5589201745608967,0.5438527882298229,0.5429461613983662,0.5499936583097281,0.5332010973472945,0.5398446051005981,0.5404787741277828,0.5613675972509947,0.547557509735669
C18-neg_Cluster_1360: NA,0.5502261869530292,0.5458821291168139,0.5455814860224449,0.5318070998745755,0.5466313880785618,0.53642478990215,0.5724702527750767,0.5508967619799228,0.5586113107569161,0.5349509341074893,0.5473482339566981
C18-neg_Cluster_0632: NA,0.5524410809998263,0.5414617361199191,0.5362685964195287,0.5456989247311829,0.5623552567914805,0.5658490583764334,0.5269639275262241,0.5494346500561358,0.547300788718368,0.5452150772511827,0.5472989096990282
C18-neg_Cluster_1539: NA,0.543828126100988,0.5586406704341005,0.54052927277254,0.5565396919347794,0.5426748779811817,0.5330895305739936,0.5544657243384679,0.5428886164310847,0.5484235027739024,0.5512009282355539,0.5472280941576593
C18-neg_Cluster_0423: NA,0.5388663406568113,0.5596447713938096,0.5291999605405938,0.5476566280058438,0.5460935187925422,0.5632336983328401,0.5413325535403073,0.5511058028814761,0.5405668531593362,0.5542425907918658,0.5471942718095426
C18-neg_Cluster_1467: NA,0.5507370453360392,0.5388733869793355,0.5437294775856482,0.5557211441348762,0.5465785406596297,0.5470682600750669,0.5375510271189466,0.5429520333338032,0.5559231387139052,0.5470342028495329,0.5466168256786783
C18-neg_Cluster_2118: NA,0.5617175646030337,0.5461099602117655,0.5601556297768194,0.5399338585192388,0.5506548382399226,0.5587463652719646,0.5222475889833097,0.5399596950351612,0.5286820558350598,0.5576389182485662,0.5465846474724841
C18-neg_Cluster_0142: NA,0.5193010517810754,0.5601732455831302,0.5667991375301231,0.5402415479361322,0.5331940510247702,0.5594369048793435,0.5252211370885536,0.5657292708935207,0.5292539823466134,0.5652442490264331,0.5464594578089695
C18-neg_Cluster_1640: NA,0.5493383503149706,0.5270238212676803,0.5546348360790504,0.5581121962447798,0.5287372520281666,0.5565209017413811,0.5357495173269071,0.5408440085119577,0.5644069110331318,0.5481956716789508,0.5463563466226976
C18-neg_Cluster_2148: NA,0.5412562183796277,0.5483154591618634,0.5458926986006004,0.5365551468688492,0.5523612226778845,0.5356614382953536,0.5237778153581646,0.5539137624073996,0.5641461970997337,0.5614333629278879,0.5463313321777366
C18-neg_Cluster_1729: NA,0.5411470003805015,0.5631667582688595,0.5360806944855481,0.5501498517923497,0.5626441560149759,0.5529507649957488,0.5456836576990469,0.5150274571701029,0.5606582674502177,0.5330519501871973,0.5460560558444547
C18-neg_Cluster_0439: NA,0.5478844591007954,0.5343167650803046,0.5422767607585601,0.5488110505127375,0.5642507175505105,0.5649236413515786,0.5243920198048638,0.5454922326038041,0.5494005928306016,0.5376954767306943,0.545944371632445
C18-neg_Cluster_1077: NA,0.5653111890904138,0.5468228131738047,0.5150485961376758,0.530758372205546,0.538218078984578,0.5536741874415742,0.5383860163380733,0.558728749465654,0.5525726123536127,0.5591926323651687,0.5458713247556102
C18-neg_Cluster_0380: NA,0.5494945437975921,0.5502308845013787,0.5423824555964243,0.550708860045942,0.5583858284361393,0.5537704871827395,0.5286080694485549,0.5547499260136135,0.5218670875669988,0.5473947396853582,0.5457592882274741
C18-neg_Cluster_1925: NA,0.5707462525308042,0.5482226825819606,0.5348299722374893,0.5380689318244809,0.544138164292056,0.5351975553958389,0.5390953461388501,0.54810641826031,0.5451598810580758,0.551467514104389,0.5455032718424255
C18-neg_Cluster_1432: NA,0.5697491978936193,0.5322862498062262,0.5177766973416574,0.514119655951559,0.5464657994992413,0.5533535797667197,0.5559055229075945,0.5403296269676856,0.5654650337988604,0.5573840762506048,0.5452835440183768
C18-neg_Cluster_0329: NA,0.5542367188564289,0.5513700399761364,0.539999624196132,0.535668484617878,0.540228629678171,0.5503295330167185,0.5400536460021514,0.5437165593276869,0.5418304936653561,0.5505432714666216,0.5447977000803281
C18-neg_Cluster_2150: NA,0.5558291877469149,0.540724221029045,0.5284965026752538,0.55036476462934,0.5434605429426382,0.5445950008690464,0.5382697520164227,0.5406690248359382,0.5598244526181786,0.5434863794585606,0.5445719828821338
C18-neg_Cluster_0935: NA,0.5281747206133119,0.5566994085786628,0.5306080506583615,0.5460993907279791,0.5380759781470053,0.5492455737350678,0.5437823250045802,0.5438363468105996,0.5372832668630242,0.5712899937522607,0.5445095054890854
C18-neg_Cluster_0176: NA,0.5459244070519597,0.5542331956951668,0.5405973872236081,0.5544058305970114,0.5250884313476797,0.5560875529061384,0.5411563954772005,0.5522461327433212,0.5204378584816585,0.5547593211103126,0.5444936512634057
C18-neg_Cluster_1562: NA,0.5454652217007945,0.5451786712514739,0.5686229606768228,0.5404388449668118,0.5392163080088503,0.5601415371317708,0.5440994095181725,0.5257002870202042,0.5385633487882674,0.5342392555325377,0.5441665844595706
C18-neg_Cluster_1903: NA,0.5580276403744887,0.5402744307745788,0.5277096633267098,0.5465503553695327,0.54400193538992,0.5457975732465228,0.5356179859731207,0.5408745425762295,0.5578514823113817,0.5426901450133177,0.5439395754355802
C18-neg_Cluster_0213: NA,0.5632254776232285,0.5346749531419552,0.5443601234515706,0.5542672529207007,0.5190262452026287,0.5315193750381676,0.5416684282472978,0.5519114324234183,0.5423906763060359,0.5523635714520593,0.5435407535807062
Glu_DCA,0.5466525270461347,0.5376050489249661,0.5272528267497193,0.5202992808053477,0.5519959882937095,0.5706264650478916,0.55337589312138,0.534794740624868,0.5410800603165209,0.5500887836638059,0.5433771614594344
C18-neg_Cluster_0119: NA,0.48327555348863427,0.5761413868102239,0.5436554911991432,0.5364987762886549,0.5466208185947755,0.5634286465893451,0.5392609347181706,0.5635942351686656,0.5321570672266145,0.5475908623289505,0.5432223772413177
C18-neg_Cluster_0915: NA,0.5466079003368143,0.5517200073281754,0.5432092241059391,0.539878662326132,0.5259762679857382,0.5465867613692414,0.5367794548025386,0.5462203525979792,0.5366091686748686,0.5582883543078866,0.5431876153835312
C18-neg_Cluster_1966: NA,0.550931993592544,0.5649764887705108,0.5351670213315671,0.5479560967131255,0.5369415202205969,0.5277636851327293,0.5375839099573934,0.5453172489277847,0.5424035945639971,0.5409508777369092,0.5429992436947159
C18-neg_Cluster_1841: NA,0.5471258050423484,0.5444176684188523,0.532437745740498,0.5395885887155493,0.5477165217473001,0.5377177900853545,0.5413090657985599,0.5441780934530269,0.5454018047980759,0.546861567947688,0.5426754651747253
C18-neg_Cluster_0588: NA,0.5488145736739996,0.5418798179230261,0.5355510459091399,0.5335134843125373,0.5389931744622481,0.5421933792753563,0.5458727340201149,0.5462109575012801,0.5458727340201149,0.5437964176496286,0.5422698318747446
C18-neg_Cluster_1763: NA,0.5553629560732254,0.5266186577225346,0.5427782240448711,0.5423660141772009,0.5473747751048729,0.5469707859468145,0.5329110237367118,0.5316297674243812,0.5650469519957535,0.5290848706060306,0.5420144026832396
C18-neg_Cluster_1024: NA,0.5376989998919565,0.5413830521850647,0.5160456507748606,0.5430741695908905,0.5364330106117617,0.5670974318503174,0.5469343799471056,0.5517493670053599,0.5295240913767106,0.5457764342789498,0.5415716587512978
C18-neg_Cluster_0100: NA,0.5171507490240844,0.550169816372835,0.5390941717517628,0.543682502102153,0.5435533195225413,0.5389626403979764,0.5418939105680745,0.5464881128539016,0.5510294677207965,0.5434581941684635,0.541548288448259
C18-neg_Cluster_1061: NA,0.5277061401654477,0.555234947880701,0.5316837892304007,0.5419091776002104,0.5481663120017664,0.5390671608487531,0.5455944042804061,0.545036570413901,0.5275241101669039,0.5497470370213785,0.5411669649609869
C18-neg_Cluster_0976: NA,0.5557211441348762,0.5351916834604021,0.520962809509717,0.5348745989468097,0.5434429271363276,0.528116001258943,0.5487957834806015,0.5494381732173979,0.5420512784377833,0.5496695274736115,0.5408263927056469
C18-neg_Cluster_1877: NA,0.5329803125748672,0.5285634427392345,0.5388393297538016,0.5495168571522522,0.5623235483401213,0.5639230635531317,0.5193785613288424,0.5400137168411806,0.5345821765620523,0.5380795013082673,0.5408200510153751
C18-neg_Cluster_2103: NA,0.5304307182081672,0.5442790907425415,0.5398140710363262,0.561972406600995,0.5349544572687516,0.5462273989205034,0.5311635357506918,0.5361100541627326,0.5367442231899172,0.5449062134472019,0.5406602169327829
C18-neg_Cluster_0395: NA,0.5515520699746803,0.5332903507659353,0.5333749066362266,0.5483870967741935,0.5378105666652574,0.5352233919117613,0.5392938175566172,0.5350519313970039,0.5299644865344777,0.5608990168031305,0.5404847635019283
C18-neg_Cluster_0102: NA,0.5548145173034194,0.5245987119322426,0.537158781831762,0.544751194351668,0.5487981322547762,0.5402110138718603,0.5334148357971975,0.543230363073512,0.5409132973501131,0.5300419960822447,0.5397932843848796
C18-neg_Cluster_1342: NA,0.5471445952357465,0.5280197015177779,0.5404623327085595,0.5218823545991348,0.5320830808401096,0.522821864269038,0.5552220296227399,0.5537023727316713,0.5610998369950723,0.5299456963410796,0.5392383864860929
C18-neg_Cluster_2048: NA,0.5550435227854583,0.5269721482358358,0.5351118251384602,0.5429555564950652,0.5419021312776862,0.5364529751922472,0.5408757169633168,0.5341758386298191,0.5498950097943883,0.5283367860313702,0.5391721510543648
C18-neg_Cluster_1019: NA,0.5292210995081668,0.5190873133311725,0.5199129074536,0.5503976474677866,0.5477963800692419,0.5462227013721539,0.5448275295123475,0.5398704416165203,0.5472091865255523,0.5424306054670068,0.5386975812323549
C18-neg_Cluster_0374: NA,0.5463612790484647,0.5323625849669058,0.5334195333455469,0.5393971636203065,0.5511774404938062,0.5585878230151684,0.5149605171061223,0.5364642893737839,0.5429590796563274,0.5301758762102059,0.5385865586836638
C18-neg_Cluster_1631: NA,0.5426372975943855,0.5112705928775773,0.5528568140287584,0.5233010142006888,0.540160515227103,0.5399632181964233,0.5546712420787592,0.5453677475725419,0.5361476345495285,0.5389555940754521,0.5385331670401218
C18-neg_Cluster_0720: NA,0.546566796788756,0.5482720068396304,0.5494346500561358,0.5209651582838917,0.544775856480503,0.5576459645710903,0.506028128919517,0.5350930349450621,0.5325281735462263,0.5420242675347736,0.5383334037965586
C18-neg_Cluster_0298: NA,0.5393466649755494,0.5481475218083682,0.5380301770505973,0.5291565082183608,0.5425351259177835,0.5355169886836061,0.533831743213217,0.5521827158406027,0.5294043038937979,0.5333114897335082,0.5381463239335391
C18-neg_Cluster_1109: NA,0.5585854742409937,0.5298212113098174,0.5190544304927258,0.5596142373295377,0.5326056830939934,0.5407606270287536,0.521155408992047,0.5467429548518628,0.5515379773296317,0.5205141936423381,0.5380392198311702
C18-neg_Cluster_0914: NA,0.5527840020293409,0.5285610939650597,0.5357859233266159,0.5434006492011818,0.5435227854582694,0.5457412026663285,0.542131136759725,0.5404388449668118,0.5220726053072902,0.5249615975422427,0.5379399841222866
C18-neg_Cluster_0501: NA,0.5470600393654552,0.5197015177778718,0.5307853831085557,0.5584375014679839,0.5588191772713821,0.5397377358756464,0.5246257228352523,0.5419303165677833,0.5279163554540885,0.5292011349276812,0.5378214884651701
C18-neg_Cluster_1538: NA,0.53334202379778,0.5353995499748682,0.536279165903315,0.5388369809796268,0.5420665454699193,0.5391035668484618,0.5348898659789456,0.547149292784096,0.5284518759659335,0.5416390685701133,0.5377157936273058
C18-neg_Cluster_0578: NA,0.5386901825937044,0.5424599651441914,0.5317201952301095,0.5399467767772,0.532375503224867,0.5509449118505052,0.5367571414478783,0.543633177844483,0.517887089727871,0.5408604499311809,0.5375275393771991
C18-neg_Cluster_1761: NA,0.5368088144797232,0.5433642432014733,0.532954476058945,0.5432444557185606,0.5326949365126341,0.5219281556955425,0.5547581467232252,0.5319867810989445,0.544627883707493,0.5325974623843817,0.5374965355580923
C18-neg_Cluster_0155: NA,0.5578667493435177,0.5266397966901075,0.5259105023088451,0.554921386528371,0.520086716742532,0.5305140996913711,0.5386432071102092,0.5415134091517637,0.5313937156198181,0.5472784753637078,0.5374768058550244
C18-neg_Cluster_0630: NA,0.5441628264208911,0.5315581298120511,0.5379303541481701,0.5433818590077839,0.5371728744768106,0.5308135683986528,0.5529354979636129,0.5284002029340887,0.5404036133541904,0.5264577666915636,0.5373216693207814
C18-neg_Cluster_1750: NA,0.5478022520046788,0.5420512784377833,0.5100727180484506,0.5297096445365164,0.5362991304838006,0.5613640740897325,0.5399197658741903,0.5433971260399197,0.5294054782808852,0.5324659310305951,0.5372487398826552
C18-neg_Cluster_0179: NA,0.5559900787778859,0.5400360301958409,0.5200232998398137,0.5509261216571072,0.5318376339388474,0.5396097276831222,0.5219798287273872,0.5201595287419497,0.534147653339722,0.5560534956806044,0.537076339858228
C18-neg_Cluster_1261: NA,0.5497881405694368,0.5228664909783584,0.5440042841640949,0.5082042681924305,0.5311024676221481,0.5631127364628401,0.5577528337960419,0.5351106507513729,0.5168618498005891,0.5380125612442866,0.53668162835816
C18-neg_Cluster_1354: NA,0.5543870404036133,0.5456308102801148,0.5250238400578738,0.5267161318507871,0.5410131202525402,0.535538127651179,0.5323484923218572,0.5561838526473034,0.5289087125429238,0.5197543651968037,0.5365504493204997
C18-neg_Cluster_0724: NA,0.5083757287071877,0.5324471408371971,0.533137680444576,0.5377882533105972,0.5410272128975888,0.5445726875143863,0.5486231485787567,0.5373337655077816,0.5121314186126261,0.5578773188273041,0.5353314355238001
C18-neg_Cluster_1912: NA,0.5239069979377763,0.5295405327959338,0.5398446051005981,0.541845760697492,0.5277284535201078,0.5356367761665187,0.523670946133213,0.5462520610493384,0.5389356294949665,0.5425938452721525,0.5349955608168099
C18-neg_Cluster_0650: NA,0.53003964730807,0.5472244535576882,0.5335040892158383,0.529723737181565,0.5474558078139019,0.5377119181499177,0.5311412223960316,0.5316368137469054,0.5243297772892329,0.5360853920338976,0.5348852858693048
C18-neg_Cluster_1563: NA,0.52977071266506,0.5310907237512742,0.5341852337265182,0.5305469825298178,0.5360067080990432,0.5465644480145812,0.5302968380802059,0.5351940322345768,0.5387653433672968,0.534983816945936,0.5347404839414309
C18-neg_Cluster_0278: NA,0.5283684944827295,0.5386878338195296,0.5425844501754533,0.5216263382140861,0.5429003603019584,0.5434123930720557,0.5222933900797174,0.5315874894892356,0.5341640947589452,0.5343484735316638,0.5339973317925375
C18-neg_Cluster_1870: NA,0.5439185539067162,0.5266116114000103,0.5233585591679702,0.5410260385105015,0.5334148357971975,0.5321629391620514,0.5365387054496259,0.526114845662049,0.5258999328250586,0.5374887846033156,0.5326534806484496
C18-neg_Cluster_0576: NA,0.5373419862173932,0.5385950572396266,0.5224202238851544,0.5370918417677815,0.5289110613170988,0.5319127947124396,0.535774179455742,0.5198917684860273,0.5255640581180682,0.5447406248678814,0.5322243596067212
C18-neg_Cluster_1323: NA,0.5512937048154568,0.5162981439986472,0.5237707690356402,0.5354430022971012,0.5334453698614694,0.5384740953696266,0.5273456033296222,0.5296356581500116,0.5548415282064291,0.5109077072675771,0.5321455582331582
C18-neg_Cluster_2171: NA,0.5365751114493347,0.5277073145525351,0.511028669137577,0.5417905645043851,0.5227337852374845,0.526886417978457,0.5281571048070012,0.5509648764309908,0.5346256288842852,0.540436496192637,0.5320905969174687
C18-neg_Cluster_0228: NA,0.5100386608229165,0.546328396210018,0.5095371975366056,0.5111942577168976,0.5338634516645763,0.5337154788915666,0.5347289749479747,0.5404588095472973,0.5394594061359377,0.5598138831343922,0.5319138516608183
C18-neg_Cluster_1593: NA,0.5471669085904066,0.5143721491753454,0.5372233731215679,0.5264072680468065,0.5164414192233073,0.5241771069678735,0.5172341305072883,0.5413854009592394,0.550919075334583,0.5423049460486572,0.5317631777975074
C18-neg_Cluster_1091: NA,0.5248852623815632,0.5197755041643767,0.5352022529441884,0.528713764286419,0.49709926389417364,0.5270296932031173,0.5320725113563232,0.5533935089276907,0.54613931988895,0.552025347970894,0.5316336429017696
C18-neg_Cluster_0973: NA,0.5397682699399183,0.5192059264269978,0.5241336546456404,0.5373349398948689,0.5321053941947697,0.525804807470981,0.5421933792753563,0.5228406544624362,0.5410800603165209,0.5305786909811769,0.5315045777608667
C18-neg_Cluster_1891: NA,0.536343757193121,0.5460359738252607,0.5450224777688524,0.5135817866655393,0.5279198786153507,0.5318164949712746,0.5230003711063197,0.5192423324267066,0.5209064389295227,0.5486337180625432,0.5312503229564491
C18-neg_Cluster_1845: NA,0.5163322012241811,0.553803370021186,0.5298869769867106,0.5324177811600127,0.5204355097074836,0.5333197104431199,0.5504140888870099,0.5302968380802059,0.5136898302775782,0.5311893722666141,0.5311785679054103
C18-neg_Cluster_0460: NA,0.5392691554277822,0.5432632459119586,0.5211636297016587,0.5223967361434068,0.5294548025385551,0.5353290867496253,0.5072823743288378,0.5324342225792359,0.5417694255368125,0.5365022994499171,0.5308864978367789
C18-neg_Cluster_0227: NA,0.5414382483781714,0.5285058977719528,0.5290285000258366,0.5139822526623357,0.5426149842397253,0.5267701536568065,0.5309486229137014,0.5231060659441837,0.5417553328917639,0.528611592609817,0.5306761651094295
C18-neg_Cluster_1106: NA,0.5351447079769069,0.5185106892712694,0.5293491077006911,0.5290085354453511,0.5108994865579654,0.5273315106845737,0.5424223847573951,0.5396285178765203,0.5393102589758405,0.5339256941802073,0.5305530893426721
C18-neg_Cluster_1800: NA,0.5296474020208853,0.5516272307482725,0.5291177534444774,0.5238001287128248,0.5036957961639821,0.5164132339332103,0.5270954588800105,0.5253667610873886,0.5537376043442928,0.5433137445567158,0.5303815113892061
C18-neg_Cluster_1772: NA,0.5170638443796184,0.5598420684244892,0.5184942478520461,0.5092107179263143,0.5258999328250586,0.5256897175364178,0.5450130826721534,0.5416625563118608,0.5098589795985475,0.5471199331069115,0.5299855080633418
C18-neg_Cluster_0537: NA,0.5273150692653504,0.5346726043677804,0.5215441311179696,0.5419009568905988,0.5148653917520446,0.5398962781324427,0.5316873123916629,0.5223098314989407,0.5095935681167998,0.5538914490527395,0.5297676592586329
C18-neg_Cluster_0167: NA,0.5359679533251597,0.5111143993949558,0.5253491452810778,0.5466724916266201,0.5527335033845837,0.5236533303269023,0.5187984141076774,0.5367254329965191,0.5167244465113656,0.5207267577051538,0.5288465874660015
C18-neg_Cluster_0796: NA,0.5367301305448686,0.5483236798714751,0.519392653973891,0.5380971171145779,0.5109311950093247,0.5104802303677711,0.5313502632975851,0.525288077152534,0.5440348182283666,0.523658027875252,0.5288286193435645
C18-neg_Cluster_1811: NA,0.5188888419134055,0.5445198400954543,0.5275276333281661,0.5245129816748639,0.531564001747488,0.5285646171263219,0.5276051428759331,0.5271670964923407,0.5261465541134083,0.5306503285935071,0.5287147037960889
C18-neg_Cluster_1348: NA,0.5112365356520432,0.5230027198804944,0.5236145755530189,0.5253233087651555,0.5371599562188494,0.5431986546221528,0.5182488009507839,0.5292798188625357,0.5417576816659386,0.5338810674708869,0.5286703119641858
C18-neg_Cluster_1473: NA,0.5508157292708935,0.5250731643155437,0.5149205879451515,0.507824941163207,0.5327982825763234,0.5159094218727247,0.5282193473226323,0.5529906941567195,0.5209851228643771,0.5350765935258389,0.5284613885013412
C18-neg_Cluster_0264: NA,0.5309204376236043,0.5285998487389432,0.5318294132292358,0.5343790075959357,0.5137673398253452,0.5162887489019481,0.5364635446760336,0.5476002574256496,0.5204566486750565,0.5224671993686496,0.5282772446060402
C18-neg_Cluster_0161: NA,0.5344212855310814,0.5177449888902982,0.5260631726302043,0.527056704106127,0.5354770595226351,0.5509660508180781,0.5084109603198091,0.5321429745815659,0.5278658568093313,0.5211178286052509,0.528126688181438
C18-neg_Cluster_1212: NA,0.5305563776265168,0.5389238856240929,0.5417647279884629,0.5250567228963203,0.5085683281895179,0.5270942844929232,0.5419244446323463,0.5078707422596147,0.5296603202788465,0.5281582791940886,0.527957811318273
C18-neg_Cluster_0898: NA,0.5256650554075828,0.5243943685790386,0.5042172240307784,0.5198248284220466,0.542871000624774,0.5353549232655477,0.5355228606190431,0.5397224688435105,0.5220080140174844,0.524020913485252,0.5273601657295057
C18-neg_Cluster_0041: NA,0.531306810975352,0.5462152282231372,0.5173515692160262,0.511480808166218,0.5300701813723419,0.5138143153088404,0.5360043593248683,0.5563294766461383,0.5023252864330107,0.5281418377748653,0.5273039873440798
C18-neg_Cluster_0222: NA,0.5064344668517501,0.5313901924585558,0.5175206809566087,0.5105471704317517,0.5383648773705003,0.5467382573035133,0.5245188536103008,0.5203368611921438,0.5245341206424368,0.5523835360325448,0.5272769016850105
C18-neg_Cluster_0524: NA,0.546693630594193,0.5323367484509834,0.5280678513883604,0.5159552229691324,0.5006870164461168,0.5405668531593362,0.5290144073807881,0.536421266740888,0.5293866880874872,0.5082406741921391,0.5267370359409425
C18-neg_Cluster_2152: NA,0.5210379702833091,0.5306456310451575,0.5595449484913825,0.5251189654119516,0.540690163803511,0.5473947396853582,0.5132799691840828,0.5159070730985499,0.5005472643827187,0.5124825603517524,0.5266649285737774
C18-neg_Cluster_0255: NA,0.5285904536422442,0.5108877426870917,0.526130112694185,0.5301218544041864,0.532647961029139,0.5466478294977851,0.5076699220676729,0.528611592609817,0.5303673013054486,0.5237402349713685,0.5265415004908938
C18-neg_Cluster_0384: NA,0.5122288927408785,0.5582895286949742,0.5446396275783669,0.5443742160966192,0.4985907354951451,0.5303990097568079,0.5439725757127356,0.5136933534388404,0.5240937254846696,0.49479159326747374,0.526507325826651
C18-neg_Cluster_1009: NA,0.5375486783447718,0.5115829798428201,0.5060140362744684,0.5300220315017593,0.525027363219136,0.5166164028993269,0.5195018719730173,0.519101405976221,0.543220967976813,0.5561251332929344,0.5264760871301268
C18-neg_Cluster_0686: NA,0.5225329650455427,0.5193785613288424,0.5256791480526314,0.5337002118594306,0.5437600116499199,0.5346937433353534,0.5182335339186479,0.5243062895474853,0.5163850486431132,0.5233174556199119,0.5261986969000879
C18-neg_Cluster_1223: NA,0.5317014050367115,0.5370495638326357,0.5053798672472837,0.5159763619367053,0.5339691465024404,0.5373255447981699,0.5371024112515679,0.5296004265373901,0.5094150612795183,0.5222522865316592,0.5259772074954082
TUDCA,0.5352421821051593,0.5365128689337034,0.5215617469242803,0.5157790649060257,0.5369532640914707,0.5431422840419586,0.5249709926389418,0.5001726349018447,0.5231095891054459,0.5198130845511728,0.5257257712200003
C18-neg_Cluster_0350: NA,0.5341323863075861,0.5297742358263222,0.5261124968878742,0.522787807043504,0.5149769585253458,0.5304224974985555,0.5374335884102087,0.5237097009070966,0.5077955814860226,0.5291212766057395,0.5256266529498255
C18-neg_Cluster_0815: NA,0.5293573284103027,0.5207443735114644,0.49520380313514384,0.5008937085734955,0.5220033164691348,0.541777646246424,0.522763144914669,0.5405598068368119,0.5299151622768077,0.5504645875317671,0.5253682877906021
C18-neg_Cluster_0468: NA,0.5225999051095234,0.542127613598463,0.5290778242835065,0.5230673111703003,0.5230038942675818,0.52129750982962,0.546678363562057,0.5303308953057401,0.5253573659906895,0.4900059658864039,0.5253546649003885
C18-neg_Cluster_0111: dodecanedioic acid,0.5428627799151624,0.5057263114380605,0.5115747591332085,0.5157238687129188,0.5227607961404943,0.5408992047050645,0.5229839296870963,0.5413713083141908,0.5168336645104921,0.5320419772920513,0.5252778599848739
C18-neg_Cluster_0701: NA,0.5245505620616601,0.5248958318653495,0.5338587541162269,0.5135078002790344,0.5244648318042814,0.5504328790804079,0.4955009230682507,0.5299539170506913,0.5243262541279706,0.5312163831696237,0.5252708136623496
C18-neg_Cluster_0287: NA,0.4750360536835826,0.5459631618258431,0.5218929240829212,0.5230743574928245,0.5173550923772884,0.5419397116644823,0.521592280988552,0.5585056159190519,0.5215875834402026,0.5238353603254462,0.5250782141800194
C18-neg_Cluster_1287: NA,0.5274289848128263,0.540209839484773,0.4903077833678604,0.5116099907458298,0.5218142401480667,0.5347101847545767,0.5237249679392325,0.52916590331506,0.5348006125603048,0.5364083484829267,0.5250180855611456
C18-neg_Cluster_1604: NA,0.5483119360006014,0.516046825161948,0.5046071205437882,0.5460594615670082,0.5202182480963186,0.5296039496986523,0.5062266003372841,0.5290625572513706,0.5437247800372986,0.5044967281575746,0.5248358206851845
C18-neg_Cluster_1978: NA,0.5221383709841834,0.5325880672876825,0.5018390901788358,0.5403613354190449,0.5332363289599158,0.5197942943577747,0.5288664346077782,0.5096241021810717,0.5234912649088441,0.5339374380510812,0.5245876726936213
C18-neg_Cluster_1173: NA,0.5212904635070956,0.5325305223204011,0.5287078923509821,0.5296967262785552,0.5203286404825321,0.5052154530550506,0.5210626324121441,0.5261265895329228,0.5206621664153478,0.5384224223377819,0.5244043508692814
C18-neg_Cluster_0351: eicosapentaenoic acid,0.5223720740145719,0.521904667953795,0.5279609821634089,0.5187901933980656,0.5245916656097184,0.5431364121065216,0.5041115291929142,0.5202593516443769,0.5286620912545742,0.5272211182983602,0.5239010085636308
C18-neg_Cluster_1635: NA,0.5251600689600097,0.519631054552629,0.5151425471046661,0.5410718396069093,0.517469007924764,0.5088466579292268,0.5283966797728266,0.5368229071247717,0.5133891871832091,0.5271717940406901,0.5233101744199703
C18-neg_Cluster_0338: NA,0.5252763332816602,0.517663956181269,0.5173903239899097,0.5394547085875883,0.5048619625417495,0.5257777965679712,0.5280279222273896,0.5078343362599059,0.534565735142829,0.5316802660691385,0.5232533340849412
C18-neg_Cluster_1453: NA,0.5093175871512657,0.521471319118552,0.5318376339388474,0.5204965778360274,0.5158025526477731,0.5209346242196198,0.5223297960794262,0.5311165602671967,0.5276826524237002,0.5311400480089442,0.5232129351691354
C18-neg_Cluster_1500: NA,0.5317108001334104,0.5278083118420496,0.5077439084541778,0.5319691652926337,0.512443805577869,0.5142230020152483,0.5093810040539842,0.5327747948345758,0.5423096435970068,0.5190332915251531,0.5229397727326108
C18-neg_Cluster_1476: NA,0.5232176327174847,0.5367442231899172,0.5111449334592276,0.521403204667484,0.5032013792001955,0.5292845164108853,0.5470800039459407,0.49124964181193836,0.5259198974055441,0.5361957844201112,0.5225441217228728
C18-neg_Cluster_1056: NA,0.5233562103937955,0.533497042893314,0.5296908543431184,0.5179328908242788,0.5249557256068059,0.5249216683812717,0.5157179967774819,0.521204733249717,0.5148642173649572,0.5174877981181621,0.5223629137952902
C18-neg_Cluster_0847: NA,0.5417424146338027,0.5121736965477718,0.515730915035443,0.5037333765507782,0.5242146873546697,0.5064121534970899,0.5433489761693373,0.5187702288175802,0.5310214349131189,0.5245963631580678,0.522174424667766
C18-neg_Cluster_2143: NA,0.5330484270259351,0.5139752063398113,0.5148677405262194,0.528751344673215,0.5226903329152516,0.5089335625736928,0.5100785899838874,0.5252716357333107,0.5450506630589496,0.5152869967164138,0.5217954499546688
C18-neg_Cluster_1008: NA,0.5244413440625338,0.5091038487013628,0.5192399836525318,0.5185353514001043,0.5323860727086535,0.5466677940782706,0.49648271067329963,0.5238177445191355,0.5275017968122437,0.5152963918131128,0.5213473038421249
C18-neg_Cluster_1530: NA,0.5238976028410772,0.522347411885737,0.48527788347261563,0.5361311931303052,0.5323778519990418,0.5193456784903959,0.5353408306204992,0.500015267032136,0.5196733324877747,0.5359726508735091,0.5210379702833091
C18-neg_Cluster_0169: NA,0.5266221808837969,0.5419033056647735,0.4933341788920363,0.5284330857725353,0.5314265984582647,0.5080257613551488,0.5245834449001067,0.500613030059612,0.5335980401828286,0.5213386133776783,0.5209878239546781
C18-neg_Cluster_1302: NA,0.5143204761435007,0.5088419603808773,0.5368546155761309,0.5098989087595185,0.5298341295677786,0.5300290778242835,0.5341969775973919,0.518082037984376,0.5309216120106917,0.4950746205555321,0.5208054416400082
C18-neg_Cluster_0758: NA,0.5326726231579738,0.5147033263339863,0.5063651780135947,0.5158260403895207,0.5136651681487432,0.5378622396971021,0.5427758752706964,0.5168148743170939,0.49784617408174675,0.5290179305420502,0.5207549429952508
C18-neg_Cluster_0904: NA,0.5209111364778721,0.5165893919963171,0.5157520540030158,0.5197179591970952,0.51799513333991,0.526356769402049,0.5258412134706897,0.5307818599472937,0.5197261799067067,0.5113492768124316,0.5205020974553382
C18-neg_Cluster_1892: NA,0.5374923077645778,0.5151425471046661,0.5131637048624322,0.5233562103937955,0.5194196648769007,0.5140750292422385,0.5125412797061214,0.5202346895155419,0.5319938274214687,0.5114385302310724,0.5198857791118815
C18-neg_Cluster_0543: NA,0.5416343710217638,0.5218847033733095,0.5208629866072897,0.5327747948345758,0.5105647862380623,0.5288593882852539,0.5396578775537048,0.5193292370711726,0.49155498245465695,0.4908562221376664,0.5197979349577456
C18-neg_Cluster_0417: NA,0.47665201031581617,0.5506665821107963,0.5134760918276752,0.5333725578620517,0.5078625215500031,0.5367571414478783,0.5217696134387464,0.5402990929034137,0.5016699784382531,0.513983427049423,0.5196509016944056
C18-neg_Cluster_2044: NA,0.5140515415004909,0.5276556415206903,0.535814108616713,0.5199187793890369,0.5054937827947594,0.5224378396914651,0.5173233839259291,0.5070275323308766,0.5301829225327302,0.5158941548405888,0.519579968714328
C18-neg_Cluster_0116: NA,0.523652155939815,0.5320501980016631,0.5081525951605858,0.5215159458278725,0.4996394631641747,0.5077732681313623,0.5120668273228202,0.5240913767104949,0.5277249303588457,0.537115329509529,0.5193782090127164
C18-neg_Cluster_0124: NA,0.5183404031435993,0.5113668926187422,0.5278329739708847,0.5173868008286476,0.5338211737294306,0.5190344659122405,0.5139728575656365,0.5321006966464202,0.5011931772807772,0.5172446999910747,0.5192294141687454
C18-neg_Cluster_1333: NA,0.5041749460956327,0.5245951887709804,0.5528497677062342,0.5055055266656332,0.4899261075644621,0.5270296932031173,0.5303508598862253,0.5219481202760279,0.5219586897598143,0.5138953480178695,0.5192234247945997
C18-neg_Cluster_1628: NA,0.5148947514292291,0.5201219483551535,0.5200749728716583,0.493841514113784,0.5148336833006854,0.5031238696524285,0.5405856433527342,0.5386114986588499,0.5074867176820418,0.5334160101842849,0.518699060960085
C18-neg_Cluster_0221: NA,0.49020561169125837,0.5346878713999164,0.5067186685268958,0.5192059264269978,0.5214172973125326,0.5261536004359326,0.5120128055168008,0.5027316243652438,0.5434264857171043,0.5282616252577781,0.5184821516650461
C18-neg_Cluster_0038: NA,0.5066411589791289,0.5219387251793289,0.5204284633849593,0.5360325446149654,0.5058472733080606,0.5087867641877705,0.5260244178563208,0.5145682718189377,0.5144214734330154,0.5255711044405925,0.5180260197203079
C18-neg_Cluster_1738: NA,0.5074996359400029,0.5183803323045703,0.5097438896639843,0.5142441409828211,0.5424153384348709,0.525575801988942,0.5066611235596142,0.5235335428439897,0.5143216505305881,0.517741465729036,0.5180116921978419
C18-neg_Cluster_2133: NA,0.4962807160942704,0.5370143322200145,0.5333619883782653,0.519247029975056,0.5175488662467058,0.5248253686401068,0.5097168787609746,0.506105638467284,0.5239574965825337,0.5114173912634996,0.517947570662871
C18-neg_Cluster_1747: NA,0.5232317253625333,0.5221524636292318,0.5199093842923379,0.523487741747582,0.5084215298035956,0.5145694462060252,0.5195969973270951,0.5146563508504912,0.5227654936888437,0.5103498734010721,0.5179141006308807
C18-neg_Cluster_1183: NA,0.524603409480592,0.5272187695241854,0.5047621396393223,0.5228242130432128,0.5226233928512709,0.523308060523213,0.5071085650399058,0.5155982092945691,0.5126305331247623,0.5163134110307831,0.5176990703551818
C18-neg_Cluster_0327: NA,0.509160219281557,0.4987434058165044,0.5309991215584587,0.5226633220122417,0.5224789432395234,0.49025258717475356,0.5244425184496212,0.5574204822503136,0.5109182767513636,0.5098918624369941,0.5176970738971332
C18-neg_Cluster_1087: NA,0.5146974543985495,0.5262287612095248,0.48685743410514054,0.5222863437571932,0.524293371289524,0.5250567228963203,0.5235699488436986,0.5088126007036927,0.5313326474912743,0.5086669767048578,0.5171802261399775
C18-neg_Cluster_0236: NA,0.5260138483725344,0.5069394532993231,0.5056464531161187,0.5062031125955364,0.5379350516965197,0.5283544018376809,0.4932907265698033,0.5255863714727285,0.5305223204009828,0.5058214367921382,0.5166313176153366
C18-neg_Cluster_1619: NA,0.515867143937579,0.5409978532204043,0.5155289204564139,0.5072776767804883,0.5038930931946617,0.5154901656825304,0.5177743485674826,0.5432115728801139,0.5022372074014572,0.5016183054064084,0.5163896287527538
Asn_DCA,0.5035818806165063,0.5202757930636002,0.5092506470872852,0.5214349131188433,0.5341124217271007,0.49955490729388335,0.5206668639636974,0.5287677860924384,0.499383446779126,0.523856499293019,0.5160885159035499
C18-neg_Cluster_1124: NA,0.5346714299806931,0.5099564537268001,0.4968491194445619,0.5102359578535962,0.5174737054731136,0.5234031858772907,0.5218694363411736,0.5335005660545761,0.5164977898035016,0.49047454633426824,0.5154932190889575
C18-neg_Cluster_0224: NA,0.5198013406802989,0.5182946020471916,0.4959237024197071,0.5121760453219465,0.5011908285066025,0.5031273928136906,0.512490781061364,0.5158401330345693,0.5457024478924449,0.5301230287912738,0.5154670302569089
C18-neg_Cluster_0064: sebacate,0.5004650572866022,0.5090545244436928,0.5219939213724358,0.49953259393922317,0.5249251915425339,0.5184813295940849,0.510792617333014,0.5306620724643808,0.5043710687392251,0.5277953935840886,0.5148073770299281
C18-neg_Cluster_0057: NA,0.5344811792725377,0.5214959812473869,0.5348734245597223,0.5075207749075757,0.5203192453858332,0.4729221569263002,0.4950182499753379,0.5149288086547631,0.5143392663368989,0.5321500209040901,0.5148049108170445
C18-neg_Cluster_0910: NA,0.5320678138079737,0.5155113046501031,0.49384621166213355,0.5124790371904904,0.5107456418495188,0.5074045105859252,0.5027234036556322,0.5143827186591319,0.5074303471018476,0.5370554357680727,0.513364642493083
C18-neg_Cluster_1900: NA,0.5091343827656346,0.5061373469186432,0.510985216815344,0.5224824664007856,0.5085084344480616,0.5010158448305829,0.5143533589819473,0.5298411758903029,0.512322843707869,0.5181689426288419,0.5132950013388012
C18-neg_Cluster_1195: NA,0.514119655951559,0.5136193670523355,0.4918344865814532,0.5091437778623337,0.5163568633530161,0.4998038773564077,0.5263790827567093,0.5282721947415644,0.526133635855447,0.5069476740089348,0.5132610615519761
C18-neg_Cluster_0571: NA,0.5039893929358268,0.5259034559863207,0.507930636001071,0.507595935681168,0.5151719067818505,0.5216521747300085,0.5065777420764104,0.5096522874711688,0.5060915458222354,0.5261383334037967,0.5130703410889856
C18-neg_Cluster_1359: NA,0.5355651385541885,0.5278106606162244,0.5094913964401979,0.5074632299402941,0.4936606585023276,0.5040469379031084,0.5034891040366033,0.513326944667578,0.525104872766903,0.5102735382403923,0.5130232481667817
C18-neg_Cluster_0020: NA,0.4934081652785412,0.5170497517345698,0.5138225360184521,0.5130685795083546,0.5209440193163188,0.5290014891228269,0.5155453618756372,0.5113950779088394,0.5080844807095177,0.507431521488935,0.5129750982961994
C18-neg_Cluster_0328: NA,0.5156674981327246,0.5109769961057324,0.5162382502571908,0.49862831588194123,0.5162124137412684,0.5210555860896199,0.5020986297251464,0.511588851778257,0.5124226666102961,0.517614631923599,0.5122503840245776
C18-neg_Cluster_1956: NA,0.4890511891843647,0.49765357459941656,0.5208993926069985,0.534438901337392,0.507304687683498,0.5346361983680717,0.5083099630302945,0.5191894850077744,0.5049747037021378,0.5053035320866041,0.5121761627606551
C18-neg_Cluster_2063: NA,0.5120386420327231,0.5282404862902053,0.5076570038097118,0.5089429576703919,0.5149440756868989,0.5247443359310776,0.49007408033747196,0.5118319499053444,0.49881739220300925,0.5210086106061247,0.511829953447296
C18-neg_Cluster_0219: 2-hydroxyhexadecanoate,0.5236415864560287,0.5196287057784542,0.4879284751288303,0.5172000732817542,0.5005085096088352,0.5185200843679684,0.5135007539565102,0.4998708174203883,0.5041103548058269,0.5331400292187507,0.5118049390023347
C18-neg_Cluster_0699: NA,0.503705191260681,0.522579940529038,0.5039987880325258,0.5348417161083632,0.5025636870117486,0.5249886084452525,0.5125776857058301,0.5180808635972886,0.49245103980232713,0.5000023487741748,0.5115789869267229
C18-neg_Cluster_1466: NA,0.5174290787637932,0.5127620644785487,0.5142535360795201,0.5140010428557337,0.49994715258106803,0.5170062994123368,0.5148736124616563,0.5084767259967024,0.5146070265928212,0.5022278123047582,0.5115584351526938
C18-neg_Cluster_0541: NA,0.5270120773968066,0.5205799593192314,0.4886178403491218,0.5139376259530152,0.49766414408320303,0.5193351090066094,0.5097779468895185,0.5018496596626222,0.5027703791391274,0.5336884679885568,0.5115233209787812
isoDCA_isoCDCA,0.49624783325582383,0.5321089173560319,0.5167209233501037,0.5070897748465076,0.5156111275525304,0.5110909116532082,0.513283492345345,0.5118037646152473,0.4962959831264063,0.508868971283887,0.5109121699385091
C18-neg_Cluster_0984: NA,0.4729127618296012,0.5361030078402083,0.4929818627658225,0.5159646180658315,0.5276591646819526,0.5061878455634005,0.5108865683000042,0.5105354265608779,0.5219563409856396,0.5078225923890322,0.510301018898237
C18-neg_Cluster_0120: NA,0.5003276539973788,0.5256216030853498,0.5267701536568065,0.5186105121736966,0.5043616736425259,0.5203075015149593,0.4927223232195118,0.5171942013463174,0.5001150899345632,0.4968984437022318,0.5102929156273341
C18-neg_Cluster_1646: NA,0.5138260591797141,0.5282827642253507,0.49992249045223297,0.5150356778797146,0.5121854404186454,0.5105718325605867,0.5074620555532068,0.5117708817768007,0.4957275797761149,0.5049993658309728,0.509978414765334
C18-neg_Cluster_0006: NA,0.5240350061303005,0.4983182776908732,0.5202217712575806,0.5237484556809802,0.5032354364257294,0.49246982999572525,0.5244953658685532,0.5234372431028246,0.49003884872485054,0.49962771929330085,0.5099627954170718
C18-neg_Cluster_1086: NA,0.5023887033357292,0.5155300948435012,0.5189064577197161,0.5139458466626268,0.5038179324210695,0.5213303926680666,0.4998344114206796,0.5234278480061256,0.5011497249585442,0.496586056736989,0.5096917468773048
C18-neg_Cluster_0085: NA,0.491855625549026,0.5133797920865101,0.5071203089107794,0.5106857481080624,0.5173950215382592,0.5258905377283596,0.5106364238503924,0.5072800255546631,0.5079376823235954,0.5013540683117481,0.5093535233961396
C18-neg_Cluster_0034: NA,0.506731586784857,0.5362110514522471,0.5380607111148692,0.5244530879334076,0.4953787868111633,0.5087679739943723,0.5036875754543704,0.47343184092222274,0.49338585192388096,0.5082559412242751,0.5088364407615666
C18-neg_Cluster_2003: NA,0.5084003908360227,0.5147045007210737,0.5060386984033033,0.5097755981153436,0.5085847696087412,0.49850617962485383,0.5040492866772831,0.5179446346951526,0.5139364515659277,0.504473240415827,0.5086413750663529
C18-neg_Cluster_0288: NA,0.5115982468749559,0.5170192176702979,0.4965566970598045,0.4958203563560178,0.5228664909783584,0.4950746205555321,0.5032741911996129,0.5160832311616569,0.5196827275844736,0.5079740883233042,0.5085949867764015
C18-neg_Cluster_0962: NA,0.5020175970161174,0.5237919080032132,0.523320978781174,0.5076194234229157,0.5100750668226254,0.48689031694358714,0.5025848259793214,0.5067104478172841,0.5037098888090306,0.518738520366221,0.508545897396149
C18-neg_Cluster_0955: NA,0.5178729970828225,0.5060386984033033,0.5166598552215599,0.5035548697134966,0.4934246066977645,0.4907329114934916,0.5345575144332173,0.5004251281256312,0.5203556513855419,0.5009265914119422,0.5084548823968771
C18-neg_Cluster_1785: NA,0.5052037091841769,0.49741047647232917,0.5111190969433053,0.4989289589763103,0.4984979589152422,0.4872496793923252,0.5386549509810831,0.5199587085500077,0.5232258534270964,0.501787417146991,0.5082036809988867
C18-neg_Cluster_1041: NA,0.5193844332642794,0.5117838000347619,0.45727932092241064,0.5086094317375762,0.522468373755737,0.5120222006134998,0.5121889635799077,0.5060551398225267,0.5164872203197152,0.5125577211253447,0.5078836605175759
C18-neg_Cluster_1745: NA,0.501112144571748,0.5119881433879658,0.4879038129999953,0.5298834538254485,0.5045296109960212,0.5021444308215542,0.5056769871803906,0.5133750945381605,0.5201407385485516,0.5012225369579616,0.5077976953827797
C18-neg_Cluster_1930: NA,0.5119587837107814,0.49996946593572816,0.4921503967079581,0.5116734076485482,0.535021397332732,0.5060328264678664,0.48910403660329677,0.508407437158547,0.5092706116677707,0.5121913123540824,0.5075779675587311
C18-neg_Cluster_1439: NA,0.5111284920400043,0.5068302353001969,0.5143322200143746,0.511870704679228,0.5144860647228212,0.5162030186445694,0.48633718062543163,0.4948902417828136,0.5032084255227197,0.5154702011020449,0.5074756784434205
C18-neg_Cluster_1496: NA,0.49637701583543553,0.4988232641384462,0.5184954222391335,0.49036532833514196,0.5061032896931092,0.5077086768415564,0.5141302254353454,0.5144437867876755,0.5134126749249568,0.5138777322115587,0.5073737416442359
C18-neg_Cluster_1362: NA,0.5177637790836963,0.5239375320020482,0.4936817974699005,0.48916510473184044,0.5071825514264106,0.49577338087252265,0.5243603113535046,0.517561784504667,0.5052929626028176,0.49790371904902836,0.5072622923096436
C18-neg_Cluster_0241: NA,0.44873213170046555,0.529646227633798,0.49368297185698784,0.4941445059823279,0.5023475997876709,0.5294289660226328,0.5000986485153399,0.5311729308473908,0.508072736838644,0.5239316600666112,0.5061258379251868
C18-neg_Cluster_1120: NA,0.520024474226901,0.5097568079219456,0.4913999633591229,0.5032894582317489,0.4892837178276657,0.4922936719326184,0.5091919277329162,0.5249017038007865,0.5038684310658268,0.5134103261507819,0.5057420482250313
C18-neg_Cluster_1092: NA,0.5043217444815551,0.5053692977634973,0.5141313998224327,0.47719692592436014,0.5216721393104939,0.4914328461975695,0.5181959535318518,0.5024673872705835,0.5151859994268991,0.5065366385283521,0.5056510332257595
C18-neg_Cluster_2109: NA,0.5201971091287456,0.5084309249002946,0.4880177285474711,0.4992824494896114,0.5092670885065085,0.5020833626930106,0.5052753467965069,0.5115618408752473,0.5025519431408748,0.5097685517928193,0.5056436345871091
C18-neg_Cluster_1809: NA,0.5198577112604931,0.5273362082329234,0.49748446285883396,0.49714623937766883,0.4992389971673784,0.4985848635597082,0.4914023121332977,0.5276591646819526,0.4935197320518422,0.5029547579118457,0.5055184449235945
C18-neg_Cluster_0926: NA,0.5176134575365117,0.5051027118946622,0.5009629974116508,0.49307463934572554,0.5014198339886413,0.5054926084076721,0.5111566773301015,0.5135442062787432,0.49345866392329846,0.51100048384748,0.5052826279964486
C18-neg_Cluster_0186: NA,0.5094315026987415,0.4953670429402895,0.49278574012223025,0.5273162436524378,0.5067856085908764,0.4645616952512484,0.5244589598688444,0.49341873476232756,0.5093375517317512,0.5292845164108853,0.5052747596029633
C18-neg_Cluster_0838: NA,0.5087022083174791,0.503438605391846,0.4972343184092223,0.5198036894544737,0.5034491748756325,0.5077392109058283,0.4958638086782508,0.5177461632773855,0.4894129004072775,0.5086622791565083,0.5052052358873904
C18-neg_Cluster_1265: NA,0.4908562221376664,0.5065272434316531,0.5104062439812662,0.4981479915632032,0.505381041634371,0.5025918723018458,0.5135359855691315,0.5143427894981609,0.4878157339684419,0.5220655589847658,0.5051670683070506
C18-neg_Cluster_0725: NA,0.5095982656651493,0.5126728110599079,0.5084379712228189,0.4925320725113564,0.5186903704956383,0.4968585145412609,0.4883042789967916,0.5181149208228226,0.5053845647956331,0.5009007548960198,0.5051494525007398
C18-neg_Cluster_0965: NA,0.5015748530841754,0.4981468171761158,0.4969583374436881,0.5019694471455348,0.510650516495441,0.514293465240491,0.5087750203168967,0.5058472733080606,0.4984345420125237,0.512608219770102,0.5049258491993028
C18-neg_Cluster_0047: NA,0.509194276507091,0.499544337810097,0.5011156677330101,0.5073598838766048,0.4936172061800946,0.5098519332760233,0.5024791311414573,0.5036194610033025,0.5069065704608765,0.5095078378594212,0.5043196305847979
C18-neg_Cluster_1607: NA,0.4942231899171822,0.507469101875731,0.4976958525345623,0.5069711617506824,0.50531879911874,0.5191624741047648,0.5189440381065122,0.4997615994212621,0.4834998614223237,0.5095101866335959,0.5042556264885357
C18-neg_Cluster_0458: NA,0.5162640867731131,0.4979189860811643,0.5041890387406813,0.49779097788863996,0.5123240180949563,0.511257674619616,0.49268591721980304,0.5087245216721393,0.5079318103881584,0.48893022731436464,0.5038017258792636
C18-neg_Cluster_1558: NA,0.48339416658445955,0.5165377189644725,0.5048396491870893,0.4861610225623247,0.5061479164024296,0.4970405445398047,0.498280697304077,0.5000387547738836,0.5253702842486507,0.5053998318277692,0.502321058639496
C18-neg_Cluster_1482: NA,0.49729303776359124,0.5097380177285475,0.47394504807940735,0.49273054392912347,0.48849218093077224,0.4874211399070825,0.5358070622941886,0.503847292098254,0.529612170408264,0.5028114826871856,0.5021697975826417
C18-neg_Cluster_0071: NA,0.49544925003640605,0.503283586296312,0.49693484970194063,0.4985179234957276,0.4994550843914561,0.5089535271541783,0.4951556532645613,0.5183615421111722,0.5156581030360254,0.48912047802252007,0.5020889997510299
C18-neg_Cluster_0918: NA,0.5101666690154408,0.49476105920320185,0.49961832419660185,0.5062266003372841,0.509699262954664,0.5225188724004942,0.5115336555851502,0.4920881541923271,0.4828386814921293,0.48981219201698634,0.501926347139428
C18-neg_Cluster_0940: NA,0.5011755614744665,0.5056417555677692,0.4961456615792218,0.499863771097864,0.49721317944164944,0.5210579348637946,0.5139939965332093,0.49679627202562987,0.47157396054998896,0.5156768932294237,0.5019138986363019
C18-neg_Cluster_1363: NA,0.5181830352738905,0.5199504878403962,0.5047198617041766,0.48588973914514016,0.48853211009174313,0.4878415704843642,0.5064004096262161,0.5054327146662158,0.5260455568238936,0.4760025742564955,0.5018998059912532
C18-neg_Cluster_2065: NA,0.48805296016009253,0.49550679500368755,0.5129981162831119,0.5033070740380595,0.5178894385020457,0.5120726992582572,0.49461191204310473,0.48779107183960696,0.5090075489601977,0.4940869610150463,0.5015324577103211
C18-neg_Cluster_0230: NA,0.5177109316647641,0.5087656252201976,0.4902197043363069,0.4950229475236874,0.4998684686462136,0.4800976620301865,0.5137133180193257,0.5003910709000973,0.4997122751635922,0.5089817124442754,0.5014483715948647
C18-neg_Cluster_1652: NA,0.49941163206922307,0.5080680392902944,0.5015196568910686,0.4996805667122329,0.5020915834026222,0.5121502088060241,0.4946048657205805,0.5136299365361218,0.4940693452087356,0.48618568469115975,0.5011411519328063
C18-neg_Cluster_1629: NA,0.49880447394504807,0.5041361913217491,0.4950429121041729,0.4970969151199989,0.5049406464766039,0.5085025625126247,0.5129570127350536,0.48304067607115847,0.5035642648101956,0.5028185290097099,0.5010904184106316
C18-neg_Cluster_1367: NA,0.5209757277676781,0.49815503788572746,0.47639247076950547,0.5177602559224341,0.5145447840771901,0.4788551604917394,0.5298306064065166,0.47096445365163925,0.4954504244234934,0.5062712270466044,0.5009200148442529
C18-neg_Cluster_1064: NA,0.5108384184294217,0.4974903347942709,0.49237822780290974,0.5025636870117486,0.5068983497512648,0.48770886474349046,0.5035971476486422,0.5041608534505843,0.4901128351113554,0.5122159744829174,0.5007964693226606
C18-neg_Cluster_1518: NA,0.4828609948467895,0.5090275135406831,0.5033939786825257,0.49434415178718233,0.4956665116475712,0.4973952094401932,0.5148113699460252,0.5152200566524331,0.48025502989989527,0.5129346993803934,0.5005909515823692
C18-neg_Cluster_0066: NA,0.5218635644057367,0.4865121643014511,0.4795774085504775,0.518072642887677,0.4929994785721333,0.49082568807339455,0.5078484289049545,0.5073904179408767,0.47931669461707943,0.512890072671073,0.4997296560924854
C18-neg_Cluster_1425: NA,0.48749630068067473,0.49711805408757176,0.4815574251797987,0.5103205137238875,0.4976653184702904,0.5013622890213598,0.5206398530606877,0.5015642836003891,0.4894669222132969,0.509160219281557,0.49963511793195137
C18-neg_Cluster_1235: NA,0.5026505916562147,0.5022759621753407,0.4806343569291187,0.5201783189353477,0.49888198349281515,0.4941351108856288,0.511195432103985,0.5046811069302931,0.4888127886056267,0.48881043983145206,0.4992256091545822
C18-neg_Cluster_0485: NA,0.5048513930579631,0.4947187812680562,0.49136120858523935,0.49969113619601935,0.509476129408062,0.49452030985028916,0.496192637062717,0.5015220056652433,0.49889842491203845,0.4905919850430061,0.49818240110486334
C18-neg_Cluster_0189: NA,0.5077650474217507,0.5038484664853413,0.48081286376640037,0.4850723657323243,0.5009676949600004,0.4985050052377665,0.4863688890767909,0.49707812492660086,0.5021608722407775,0.513856593243986,0.49764359230917393
C18-neg_Cluster_0083: NA,0.47955392080872994,0.4959002146779596,0.5096017888264115,0.5044673684803901,0.5017557086956318,0.5189945367512695,0.4820624116273717,0.5125060480935,0.4934751053425218,0.47786280340290405,0.4976179906706689
C18-neg_Cluster_0538: NA,0.4657478262095013,0.5197473188742796,0.4818439756291192,0.5024346519453504,0.5009806132179616,0.4890758513131997,0.4868269000408687,0.48641351578611125,0.5266809002381657,0.5118296011311696,0.4971581154385727
C18-neg_Cluster_2045: NA,0.5124179690619466,0.518057375855541,0.5040093575163123,0.4790994330059143,0.49224199890077375,0.5009982290242723,0.48077293460542947,0.4956759067442702,0.48384982877436267,0.5037932702922345,0.4970916303781056
C18-neg_Cluster_1339: NA,0.51100048384748,0.4867834477186357,0.509869549082334,0.48783922171018945,0.4897828323398019,0.5033740141020402,0.4922455220620358,0.4907857589124236,0.5040175782259239,0.494832696815532,0.4970531104816397
C18-neg_Cluster_0859: NA,0.504352278545827,0.5144261709813649,0.49313805624844403,0.47701137276455424,0.49224082451368634,0.4762562418673694,0.5100915082418486,0.49003415117650095,0.5019095534040785,0.5076511318742748,0.4967111289617949
C18-neg_Cluster_2075: NA,0.5009442072182528,0.5153069612968991,0.4915996091639773,0.48872118641281115,0.5021162455314572,0.4980622613058245,0.4824100302052359,0.5053070552478662,0.4794212150678561,0.49698417395961053,0.49608729454097916
C18-neg_Cluster_0242: NA,0.4596398389680426,0.5072694560708767,0.4978731849847565,0.5058848536948567,0.48442645283426583,0.5100421839841787,0.48304302484533324,0.5082735570305857,0.4932214377316479,0.5108090587522373,0.4960483048896781
C18-neg_Cluster_0663: NA,0.49748798602009614,0.4955784326160177,0.48041709531795357,0.4771217651507679,0.4845286245108678,0.5095336743753436,0.5146011546573843,0.5063311207880608,0.5105424728834023,0.47918986081164244,0.4955332187131537
C18-neg_Cluster_1887: NA,0.48086453679824503,0.47926502158523465,0.4910112412332004,0.5220808260169019,0.48281049620203215,0.5219986189207854,0.49602587409630916,0.49962419613203873,0.4875233115836845,0.49279161205766714,0.4953995734626099
C18-neg_Cluster_1437: NA,0.4682058183833857,0.48589208791931493,0.5130039882185489,0.5057615430506819,0.49308755760368667,0.49148451922941416,0.49679509763854246,0.5035489977780596,0.49642634009310543,0.4997803896146601,0.49539863395294
C18-neg_Cluster_1378: NA,0.4866178591393152,0.4865779299783443,0.5015114361814569,0.49574167242116335,0.5021620466278649,0.48863780492960723,0.496338261061552,0.501462111923787,0.4885215406079568,0.5054926084076721,0.495306327127872
C18-neg_Cluster_1003: NA,0.484439371092227,0.49138234755281224,0.47014473146464864,0.49269883547776416,0.4903524100771808,0.5085483636090325,0.5000176158063107,0.5060046411777693,0.5034855808753411,0.5044239161581571,0.4951497813291244
C18-neg_Cluster_1010: NA,0.49556199119679445,0.49842162375456256,0.4931756366352401,0.500418081803107,0.5040528098385453,0.4878368729360147,0.48835008009319936,0.5141783753059279,0.497868487436407,0.4679380581274633,0.4947802017127262
C18-neg_Cluster_0245: NA,0.48616454572358686,0.48498193792659616,0.4857499870817421,0.502555466302137,0.5080445515485468,0.5196427984235027,0.5012037467645636,0.47824565359338966,0.49853201614077614,0.48140123169717725,0.4946521935202017
C18-neg_Cluster_1048: NA,0.48242999478572135,0.5106693066888391,0.48445463812436296,0.481738280791255,0.5065577774959249,0.48285159975009045,0.49550679500368755,0.48899951615251996,0.5057627174377692,0.5034761857786422,0.49424468120088133
C18-neg_Cluster_2147: NA,0.48841232260883044,0.5111003067499073,0.5119235520981601,0.4658934502083363,0.4592769533580425,0.47377006440338787,0.5120832687420435,0.491539715422521,0.5222863437571932,0.5030498832659235,0.49393358606143456
C18-neg_Cluster_1099: NA,0.5141396205320443,0.483934384644654,0.4826965806545564,0.4842432484486347,0.5112811623613636,0.5036253329387393,0.4738522714995045,0.4953071491988332,0.5010757385720392,0.4889067395726171,0.4939062228422987
C18-neg_Cluster_1154: NA,0.5151272800725302,0.48981923833951063,0.4769620485068843,0.48370655354970243,0.48043705989843905,0.501607735922622,0.4970652066686396,0.483414131164945,0.5194149673285513,0.48529902244018847,0.4932853243892013
C18-neg_Cluster_1396: NA,0.5113293122319462,0.4974727189879602,0.4773683864391175,0.4914234511008705,0.4860060034667907,0.5012742099898063,0.4889231809918404,0.48463666812290673,0.48170070040445895,0.5113927291346646,0.4931527360870362
C18-neg_Cluster_0060: NA,0.4783360813991178,0.48256974684911946,0.5033528751344674,0.49075287607397705,0.5026094881081563,0.5065695213667987,0.5020140738548552,0.5033012021026226,0.470684949524843,0.49091494149203535,0.49311057559059923
C18-neg_Cluster_1422: NA,0.4837053791626151,0.5007222480587381,0.4772321575369815,0.488135167256209,0.4949066832020369,0.487620785711937,0.5096053119876737,0.5136076231814616,0.47317582453717405,0.5022184172080592,0.49309295978428863
C18-neg_Cluster_1519: NA,0.4920869798052397,0.4950393889429107,0.5023828314002922,0.5009547767020393,0.4957252310019401,0.49930358845718426,0.480204531255138,0.4845615073493144,0.4888397995086365,0.49124729303776365,0.4930345927460459
C18-neg_Cluster_0858: NA,0.49553732906795944,0.5215406079567074,0.5006682262527187,0.4791123512638754,0.4848938588950427,0.5112177454586452,0.49461191204310473,0.49262484909125925,0.487751142678636,0.46018005702823694,0.4928138079736185
C18-neg_Cluster_0850: NA,0.5075055078754398,0.4796948472592154,0.48771121351766517,0.5090498268953434,0.476989059409894,0.495901389065047,0.48584628682290715,0.49938109800495123,0.4842585154807706,0.4961268713858238,0.49224646157170576
C18-neg_Cluster_1688: NA,0.497732258534271,0.4952120238447555,0.4776608088238749,0.511399775457189,0.49650267525378505,0.48813164409494686,0.5074244751664106,0.4996418119383494,0.47372308891989273,0.47319696350474694,0.49206255255382214
C18-neg_Cluster_1481: NA,0.4761435007069811,0.49269531231650204,0.4861727664331985,0.48854267957552955,0.5080351564518478,0.49768763182495057,0.4736984267910578,0.4913670805206763,0.5034127688759237,0.5006694006398061,0.4918424724136473
C18-neg_Cluster_1224: NA,0.4999107465813592,0.4943817321739784,0.4724888080910573,0.4825685724620321,0.5116616637776745,0.4713978024868821,0.4723314402213485,0.4826131991713525,0.5200139047431146,0.5045589706732057,0.4911926840382005
C18-neg_Cluster_0596: NA,0.4823055097544592,0.49689726931514444,0.49559369964815364,0.5003699319325244,0.4784617408174674,0.48135777937494423,0.4998896076137864,0.49706872982990175,0.47546587935756335,0.4962901111909695,0.49037002588349143
C18-neg_Cluster_1795: NA,0.5008443843158256,0.5085049112867994,0.504002311193788,0.4835938123893141,0.4986776401396112,0.49313100992591974,0.47892092616863263,0.4795597927441669,0.47180648919329005,0.47805187972397206,0.48970931570813186
C18-neg_Cluster_1927: NA,0.49865650117203836,0.5164801739971909,0.4795363050024193,0.49331538869863817,0.4828339839437798,0.5103475246268974,0.4837817143232947,0.49195309967727846,0.45581251145027407,0.4828269376212555,0.48955441405130673
C18-neg_Cluster_1888: NA,0.4609363623125091,0.48179112821018716,0.4954410293267944,0.4713343855841637,0.4901128351113554,0.5082136632891294,0.5074561836177699,0.5036241585516519,0.4918274402589289,0.4815480300830996,0.4892285216345589
C18-neg_Cluster_0014: NA,0.49761012227718354,0.4922466964491232,0.5065190227220414,0.48853211009174313,0.48423855090028517,0.5133868384090343,0.471403674422319,0.4628964143613448,0.47750226656707867,0.4960246997092218,0.4890360395909375
TCDCA,0.5014538912141754,0.4879096849354322,0.4893600529883454,0.4749362307811553,0.48787562770989823,0.5058284831146624,0.49169121135679295,0.47721454173067074,0.47457569394532995,0.4955831301643672,0.4886428547940829
C18-neg_Cluster_1357: NA,0.5021784880470882,0.4747847348468834,0.4788034874598947,0.49876337039698987,0.4960646288701927,0.4965790104144647,0.48711110171601446,0.4870653006196066,0.49377574843689076,0.4709069086843577,0.4886032779492382
C18-neg_Cluster_0013: NA,0.48553037669640214,0.4817018747915463,0.46430450447911237,0.49901703800786373,0.485663082437276,0.49824546569145567,0.4942654678523279,0.49544807564931864,0.4660731314327053,0.5139810782752481,0.48842300953132556
C18-neg_Cluster_1522: NA,0.5014515424400006,0.4998379345819417,0.4767048577347483,0.477100626183195,0.4747271898796019,0.47940125048737064,0.5080104943230128,0.49574402119533817,0.48909111834533564,0.48098197550698296,0.4883051010677527
C18-neg_Cluster_0168: NA,0.4829854798780516,0.46547889156649147,0.49566416287339643,0.4919190424517445,0.5156052556170935,0.5037404228733025,0.484405313866693,0.5010816105074762,0.4737712387904753,0.4661882213672684,0.4880839639791993
C18-neg_Cluster_1126: NA,0.49932942497310656,0.47789451185426335,0.4756502581302818,0.47737660714872915,0.5022924035945641,0.4809620109264975,0.49558430455145464,0.4753766259389225,0.5005519619310682,0.49353265030980337,0.487855075935869
C18-neg_Cluster_0123: NA,0.49310634779708473,0.4965414300276686,0.4807271335090217,0.48131785021397333,0.4928444594765992,0.4800600816433903,0.4845286245108678,0.48740939603620875,0.4919061241937833,0.489888527177666,0.4878329974586263
C18-neg_Cluster_0603: NA,0.517611108762337,0.480009582998633,0.4805462778975653,0.478810533782419,0.49383329340417237,0.5015713299229132,0.49350798818096836,0.47483523349164075,0.4602070679312467,0.496133917708348,0.48770663340802434
C18-neg_Cluster_1125: NA,0.486236183335917,0.4862925539161112,0.4633567740995974,0.4880306468054323,0.5010428557335926,0.4814564278902841,0.4951215960390272,0.5002536676108739,0.4907798869769867,0.48106653137727423,0.4873637123785096
C18-neg_Cluster_1526: NA,0.48078350408921594,0.4808704087336819,0.47016234727095935,0.4888468458311608,0.48692672294329586,0.49573814925990134,0.49665651996223176,0.503661738938448,0.48591909882232465,0.4806249618324197,0.48701902976836386
C18-neg_Cluster_1676: NA,0.5006365178013595,0.47259802609018353,0.4940071026931045,0.4867493904931017,0.47961733771144843,0.5161748333544723,0.4819179620156241,0.47792974346688466,0.4688012326366869,0.4907634455577634,0.4869195591820629
C18-neg_Cluster_0170: NA,0.504773883510196,0.4945825523659203,0.47806949553028283,0.4798428200322252,0.4713155953907656,0.4897053227920349,0.49699356905630954,0.5078496032920419,0.45266515405609814,0.49287381915378364,0.4868671815179657
C18-neg_Cluster_0258: NA,0.4894493064069862,0.4777700268230011,0.4807036457672741,0.4885415051884422,0.4897158922758213,0.5098977343724311,0.4726414784124166,0.48893727363688894,0.4846343193487319,0.47961381455018626,0.4861904996782179
C18-neg_Cluster_1070: NA,0.4852931505047516,0.48903357337805403,0.4764042146403792,0.4806038228648469,0.5211166542181634,0.4805862070585362,0.47897025042630254,0.48574059198504305,0.4790559806836812,0.48317220742494493,0.48599766531847044
C18-neg_Cluster_0646: NA,0.49515917642582347,0.49016215936902535,0.4906107752364041,0.47648994489775787,0.4785521686231956,0.5118577864212668,0.481564471502323,0.46694687542571534,0.4828328095566924,0.48572297617873234,0.48598991436369354
C18-neg_Cluster_0240: NA,0.4564231927357113,0.5120797455807814,0.4607249726367809,0.4915960860027152,0.4631770928752285,0.49971814709902906,0.49462952784941544,0.5126904268662186,0.49062956542980224,0.4772086697952339,0.4858877426870916
C18-neg_Cluster_1310: NA,0.48541176360057686,0.4787506400409627,0.46285765958746133,0.4885274125433936,0.501821474372525,0.4683526167693081,0.4953071491988332,0.4707072628795032,0.5048102895099048,0.5019342155329134,0.4858480484035382
C18-neg_Cluster_0773: NA,0.4968796535088338,0.48447107954358626,0.48433719941562503,0.4845239269625183,0.45079905297425277,0.46067212521784884,0.520699746802144,0.471608017775523,0.5053317173767011,0.4989148663312617,0.48582373859082945
C18-neg_Cluster_1080: NA,0.4754764488413497,0.4665029571066861,0.4581824245926051,0.48897133086242295,0.5127362279626263,0.48161379575999286,0.505002888992235,0.46405905757785015,0.48956439634154936,0.515386819618841,0.48574963476561583
C18-neg_Cluster_0430: NA,0.5069183143317503,0.48815160867543234,0.471112426424649,0.48873410467077233,0.4819567167895076,0.49313688186135657,0.4824417386565952,0.4720237508044552,0.47427035330261136,0.4952143726189302,0.485396026813606
C18-neg_Cluster_0467: NA,0.5010510764432043,0.5021056760476708,0.5051461642168953,0.4702198922382409,0.48347402490640135,0.47070373971824103,0.4808187357018372,0.4887493717029083,0.47748465076076796,0.47103961442523146,0.4850792946161399
C18-neg_Cluster_1206: NA,0.4894305162135882,0.4824945860755272,0.47863320133222476,0.4759485524504761,0.47958093171173966,0.5135923561493257,0.48984742362960776,0.48635714520591705,0.47044067701066816,0.4833107851012557,0.484963617488033
C18-neg_Cluster_2113: NA,0.4840142429665958,0.48448047464028526,0.48465428392921733,0.49656491776941614,0.48402481245038215,0.46589932214377316,0.47880935939533165,0.4928162741865021,0.5016043600308023,0.4758980538057188,0.48487661013180244
C18-neg_Cluster_0983: NA,0.4993364712956308,0.4909889278785402,0.4779872884341662,0.4691077476664929,0.4666039543962006,0.5012284088933986,0.47494210271659226,0.5057251370509731,0.49253324689844374,0.46974074230659024,0.48481940275370283
C18-neg_Cluster_2061: NA,0.48413755361077054,0.4854129379876643,0.4920247372896086,0.4811452153121286,0.4838944554836831,0.47666962612212693,0.48723676113436404,0.48629960023863544,0.48114286653795385,0.49014806672397676,0.4848111820440913
C18-neg_Cluster_0706: NA,0.4927129281228127,0.49490433442786214,0.4762198358676607,0.465731384790278,0.4818334061453327,0.47375009982290245,0.4975795882129117,0.4888562409278598,0.4865967201717424,0.4892649276342677,0.48474494661236295
C18-neg_Cluster_1089: NA,0.4904721975600934,0.4809267793138761,0.4557984188052256,0.4845239269625183,0.4944228357220367,0.50543976098874,0.4872837366178592,0.491675944324657,0.47819045740028276,0.47700315205494254,0.4845737209750232
C18-neg_Cluster_0191: NA,0.49075052729980223,0.4769397351522241,0.49214452477252124,0.47168082977494047,0.5024697360447583,0.4679544995466866,0.4861563250139752,0.5032882838446615,0.477357816955331,0.47586986851562174,0.48446121469205217
C18-neg_Cluster_0150: NA,0.47981698351630286,0.48565133856640225,0.47501374032892235,0.48195319362824546,0.4866166847522278,0.487843919258539,0.49296894450786133,0.4818874279513522,0.47951164287358433,0.4876818538404807,0.48389457292239174
C18-neg_Cluster_1835: NA,0.5177943131479681,0.46669555658901624,0.4604971415418293,0.48809523809523814,0.48934830911747157,0.47239250834989227,0.4892942873114522,0.48552685353514,0.4854951450837808,0.4833471911009644,0.48384865438727526
C18-neg_Cluster_0518: NA,0.4972965609248534,0.4833988641328091,0.4693696359869784,0.4775198823733893,0.49541166964960986,0.45871911949153743,0.4822738013031,0.506381619432818,0.48096318531358484,0.48253451523649804,0.48338688538451785
C18-neg_Cluster_1508: NA,0.4789596809425161,0.47862380623552575,0.470864630749212,0.47339308614833925,0.4925050616083467,0.5024157142387389,0.4710795435862024,0.49574636996951293,0.4904052574961128,0.478863381201351,0.48328565321758576
C18-neg_Cluster_1588: NA,0.47633492580222386,0.48509350469989715,0.45765395040328455,0.4820377494985367,0.4950652254588331,0.45761637001648847,0.4921539198692203,0.49413158772436666,0.4983194520779606,0.49189555470999685,0.4830302240260808
C18-neg_Cluster_1215: NA,0.4572722745998864,0.4944451490766969,0.48402481245038215,0.47909238668339,0.48776640971077195,0.4583080840109547,0.491632492002424,0.48633718062543163,0.4924216801251427,0.4982043621433974,0.48295048314284783
C18-neg_Cluster_0662: NA,0.47041953804309533,0.46865091108950246,0.4822702781418378,0.4784159397210596,0.4876160881635874,0.49321204263494883,0.4952437322961147,0.47326038040746543,0.49133067452096757,0.48545521592280994,0.48258748009413893
C18-neg_Cluster_0861: NA,0.50162652611602,0.47735899134241844,0.4658781831762004,0.47026217017338656,0.4748375822658155,0.4615893215330919,0.5145130756258309,0.47484932613668923,0.49616210299844515,0.4860858617887325,0.48231631411566306
C18-neg_Cluster_0077: NA,0.4940517294024249,0.5090592219920423,0.4851557472155283,0.4715175899697948,0.4720965628038727,0.48001545493406994,0.4723913339628048,0.4926800452843661,0.4690819111505705,0.47534021993921377,0.48213898166546876
C18-neg_Cluster_1004: NA,0.5135195441499082,0.4726050724127078,0.48030905170591476,0.49186032309737554,0.4894493064069862,0.4714071975835812,0.48749160313232526,0.46235032436571355,0.4622974769467815,0.48993667704824856,0.48212265768495427
C18-neg_Cluster_0491: NA,0.48002250125659424,0.4882396877069857,0.4829314580720322,0.47469430704115523,0.48176059414591527,0.4843465945123241,0.491524448390385,0.4697113826294057,0.4777300976620302,0.4892167777636851,0.48201778491805125
C18-neg_Cluster_0347: NA,0.4755234243248449,0.48038421247950697,0.46287175223250987,0.4794447028096037,0.4913482903272782,0.4800142805469826,0.4861903822395093,0.4707765517176586,0.4962137760302898,0.49476105920320185,0.48175284319113854
C18-neg_Cluster_1370: NA,0.4898180639524233,0.4820659347886338,0.44662645565279485,0.49547626093941577,0.4826754416869836,0.4874939519065,0.49243577277019124,0.46134622340600445,0.472199908867562,0.5063733987232064,0.4816511412693716
C18-neg_Cluster_0365: NA,0.48894666873358794,0.49129779168252086,0.47799550914377786,0.4878580119035875,0.4871240199739756,0.48195201924115805,0.47883519591125395,0.4659380769176567,0.4759661682567868,0.4768986316041658,0.48128120933684715
C18-neg_Cluster_1182: NA,0.47473188742795136,0.5049265538315554,0.4370869093420144,0.4817218393720317,0.4734788164057179,0.46696096807076387,0.4638629349342579,0.504380463835924,0.513113206217675,0.4910359033620354,0.4811299482799926
C18-neg_Cluster_1169: NA,0.46608252652940435,0.480223321448536,0.48457325122018824,0.46972312650027953,0.49591078416174605,0.4617983624346454,0.4928550289603856,0.4592017925844502,0.5095137097948581,0.4909830559431033,0.48108649595775976
C18-neg_Cluster_1556: NA,0.46544365995387005,0.477469383728632,0.4724888080910573,0.4976958525345623,0.47775358540377777,0.47910413055426376,0.5004556621899031,0.467013815489696,0.4944557185604833,0.478057751659409,0.48099383681656543
Thr_DCA,0.4689856114094055,0.4870594286841698,0.47118641281115387,0.46942718095425995,0.48679401720242205,0.4933964214076674,0.4995466865842717,0.4887200120257238,0.4535295029524092,0.4905215218177633,0.48091667958492473
C18-neg_Cluster_0618: NA,0.484662504638829,0.4801129290623224,0.5117943695185484,0.48438652367329493,0.47332614608435863,0.5014304034724278,0.4904909877534915,0.4474990252587175,0.4690572490217356,0.46626103336668595,0.48090211718504117
C18-neg_Cluster_1122: NA,0.47811647101377797,0.47638072689863165,0.4810536131193131,0.47216585164202807,0.4790759452641667,0.5097990858570912,0.4716409006139696,0.46380773874115105,0.47895380900707923,0.49774752556640695,0.48087416677236156
C18-neg_Cluster_0714: NA,0.4863547964317423,0.4697383935324155,0.46586643930532656,0.4695434452759105,0.4819344034348474,0.48063905447746824,0.4799555611926136,0.4921668381271815,0.5018978095332047,0.4760765606430004,0.48041733019537103
C18-neg_Cluster_0335: NA,0.4657736627254237,0.47420223885154345,0.4734353640834849,0.4758440319996994,0.47755746276018546,0.5008432099287382,0.48621152120708205,0.47502430981270877,0.4909724864593169,0.48131432705271116,0.4801178614880894
C18-neg_Cluster_1545: NA,0.4847317934769844,0.4745240209134853,0.46760570658173506,0.47764554179173896,0.4789267981040695,0.5032049023614575,0.4746461571705727,0.46999558430455146,0.47839597514057414,0.4815456813089249,0.4791222161154093
C18-neg_Cluster_1430: NA,0.4895127233097047,0.4759180183862043,0.4618582561761017,0.4883688702865974,0.4879531372576652,0.47318991718222264,0.46424108757639393,0.48460965721989696,0.49182391709766676,0.4729315520229993,0.4790407136515453
C18-neg_Cluster_1514: NA,0.4807588419603809,0.47400963936921325,0.4858756465000916,0.47194741564377557,0.48862253789747134,0.48470360818688735,0.4658194638218314,0.4688658239264928,0.4822233026583427,0.4851134692803826,0.47879397492448694
C18-neg_Cluster_0061: NA,0.449820788530466,0.45655589847658506,0.48963720834096686,0.4864816302371792,0.48470008502562517,0.4926600807038807,0.47707596405436004,0.5037239814540792,0.4679779872884342,0.476911549862127,0.47855451739737037
C18-neg_Cluster_0624: NA,0.47393565298270834,0.4822068612391194,0.4766261737998939,0.48219864052950767,0.4846765972838776,0.4758170210966897,0.47817519036814693,0.47924975455309876,0.4670466983281426,0.48554212056727597,0.4785474710748461
C18-neg_Cluster_0487: NA,0.498246640078543,0.4803360626089244,0.4632052781653256,0.4822456160130028,0.4679051752890167,0.4915819933576666,0.48057328880057504,0.47168552732329,0.4662633821408607,0.4829937005876633,0.4785036664364868
C18-neg_Cluster_0513: NA,0.4810031144745558,0.4715175899697948,0.4681247856743566,0.48772295738853894,0.4849443575398,0.485269662763004,0.47835487159251594,0.48470595696106206,0.4638230057732869,0.4736103477595044,0.47790766498964193
C18-neg_Cluster_1193: NA,0.4748775114267864,0.48089741963669164,0.48609290811125677,0.4879578348060148,0.46456052086416105,0.4811264251187306,0.5059001207269925,0.4637619376447432,0.456100236286682,0.47600844619193244,0.4777283360813992
C18-neg_Cluster_0752: NA,0.4655787144689187,0.46698797897377364,0.4725440042841641,0.47910060739300164,0.4985343649149509,0.49556786313223133,0.4625922481057137,0.4731781733113488,0.48206476040154644,0.4795891524213513,0.4775737867407
C18-neg_Cluster_1512: NA,0.4805744631876624,0.4766214762515444,0.48435129206067357,0.48761726255067483,0.48573002250125663,0.46982177501561934,0.49790371904902836,0.47230442931833877,0.459563503807363,0.4603550407042565,0.4774842984446418
C18-neg_Cluster_0031: phenyllactate,0.4988596701381549,0.5013106159895151,0.49081864175087025,0.4542623204949337,0.4722316173189213,0.47358686001775674,0.46566444472629737,0.48402598683746956,0.46548124034066624,0.4674647801312495,0.47737061777458345
C18-neg_Cluster_1033: NA,0.48218454788445914,0.4820295287889251,0.47850989068804994,0.484157518191256,0.4740671843364948,0.4650713792471709,0.4880130309991216,0.4730865711185333,0.47288105337824193,0.47314881363416433,0.47731495182664174
C18-neg_Cluster_0760: NA,0.4665193985259094,0.4664994339454239,0.4728105901529992,0.47898904061970066,0.4967164137036881,0.49411279753096865,0.46132391005134427,0.4722140015126106,0.4842326789648483,0.4766813699930007,0.4770099635000494
C18-neg_Cluster_1584: NA,0.48459439018776107,0.4619064060466843,0.4872144477797038,0.43296833382657596,0.4658476491119285,0.4994668282623299,0.5014574143754374,0.4913905682624239,0.4634436787440635,0.48175707098465315,0.47700467875815605
C18-neg_Cluster_1136: NA,0.5007692235422333,0.47794735927319537,0.46680829774940463,0.48557617779281,0.4531161186976517,0.45352597979114706,0.4858603794679557,0.49626897222339666,0.464259877769792,0.48499837934581946,0.4769130765653406
C18-neg_Cluster_1408: NA,0.4895338622772775,0.4634307604861023,0.4551419364233807,0.4840306843858191,0.48365018296950824,0.48155859956688607,0.4600332586423146,0.497372896085533,0.47582993935465084,0.4783607435279528,0.4768942863719424
C18-neg_Cluster_1855: NA,0.4515988105807579,0.49731769989242613,0.4556234351292061,0.49217388444970567,0.47324981092367896,0.46676132226590944,0.5043922077067978,0.48056506809096333,0.4664442377523171,0.47852633210727324,0.47666528088990356
C18-neg_Cluster_1639: NA,0.4646615181536756,0.47979114700038056,0.49485853333145435,0.46255819088017963,0.47246414596222236,0.4787435937184384,0.4924803994795117,0.48371359987222673,0.45849363717076064,0.4766614054125153,0.4764426170981365
C18-neg_Cluster_0911: NA,0.44632698694551315,0.49715798324854266,0.45524880564833214,0.48309939542552743,0.472447704542999,0.47812586611047697,0.47399554672416466,0.46618234943183157,0.4988303104609705,0.49270470741320105,0.47641196559515586
C18-neg_Cluster_1955: NA,0.4727506964115429,0.48546226224533423,0.47722863437571933,0.4723337889955233,0.47658272147766084,0.48730370119834465,0.4634742128083353,0.4814611254386336,0.47982637861300187,0.4657548725320256,0.47621783940961215
C18-neg_Cluster_0875: NA,0.4846812948322271,0.4809960681520315,0.4939213724357258,0.47074719204047405,0.45293761186037007,0.47954804887329305,0.4753214297458157,0.46567618859717114,0.47072370429872656,0.4843923956087318,0.47589453064445675
C18-neg_Cluster_1337: NA,0.5024027959807776,0.4734705956961062,0.45589941609474016,0.4883136740934906,0.4700132001108622,0.48922499847329676,0.48562785082465465,0.4599534003203728,0.45235629025211743,0.47996613067640004,0.47572283525228193
C18-neg_Cluster_0285: NA,0.4752474433593108,0.4646403791861028,0.4912883965858219,0.49444397468960954,0.47087872339426057,0.4548870944254194,0.48948923556795715,0.4550057075212447,0.48250985310766314,0.47780995598397197,0.47562007638213616
C18-neg_Cluster_0073: NA,0.47893149565241905,0.45566453867726436,0.47547175129300023,0.4848879869596058,0.4838052020650423,0.4935866721158228,0.45338153017939936,0.4903852929156273,0.4668235647815405,0.4715692630016395,0.47545072976413605
C18-neg_Cluster_0851: NA,0.4810418692484393,0.4659556927239674,0.4673038891002786,0.4744371162690192,0.4702985761730953,0.5003382234811652,0.45953179535600375,0.4670337800701814,0.47745176792232136,0.490272551755239,0.47536652620997105
C18-neg_Cluster_1645: NA,0.47385696904785396,0.4836537061307704,0.452584121347069,0.4964885826087365,0.464638030411928,0.4826543027194108,0.48325324013397414,0.4937099827599976,0.47434433968911627,0.44793589725522254,0.47531191721040783
C18-neg_Cluster_2050: NA,0.4682457475443566,0.47829145468979745,0.45664984944357545,0.46510895963396703,0.4601741850928001,0.4672475185200844,0.46596156465940425,0.49420557411087157,0.47902427223232197,0.5169734165738902,0.475188254250107
C18-neg_Cluster_0133: NA,0.47386871291872773,0.4858850415967907,0.45228889578517234,0.46557519130765657,0.4691030501181434,0.47043832823649345,0.47604015464329175,0.48272124278339135,0.49421262043339587,0.4795186891961085,0.47496519270191717
C18-neg_Cluster_1752: NA,0.47406600994940745,0.46496451002221945,0.4531783612132828,0.5171613185078707,0.48924496305378223,0.4926354185750457,0.4425771689755117,0.4728035438304749,0.46928390572959977,0.47237371815649415,0.4748288918013689
C18-neg_Cluster_1085: NA,0.48403538193416856,0.48387096774193555,0.4539111787558074,0.46585586982154015,0.4796690107432931,0.44458419650784264,0.48412933290115895,0.4804558500918371,0.48573706882378087,0.4850970278611593,0.4747345885182524
C18-neg_Cluster_0713: NA,0.4780777162398944,0.48468364360640187,0.4826543027194108,0.4727142904118341,0.46424695951183076,0.47557744613086433,0.46968789488765816,0.4766614054125153,0.47001554888503694,0.4722973829958146,0.4746616590801261
C18-neg_Cluster_1513: NA,0.46193694011095615,0.49049920846310313,0.4267229432958939,0.47046181597824094,0.4760730374817383,0.4928609008958225,0.4883207204160149,0.46824104999600713,0.48664487004232493,0.48423620212611046,0.4745997688806213
C18-neg_Cluster_0003: NA,0.48259323459086706,0.46738609619639515,0.4783713130117392,0.46247715817115054,0.4669633168449387,0.4651500631820253,0.48874702292873357,0.48844050789892757,0.476217487093486,0.4652545836328021,0.4741600783551065
C18-neg_Cluster_1123: NA,0.48557265463154786,0.4754787976155245,0.4473275647439602,0.4859261451448489,0.4725111214457175,0.47058982417076534,0.4744406394302813,0.4691441536662016,0.48862371228455875,0.4714271621640666,0.47410417752974726
C18-neg_Cluster_2082: NA,0.4788211032662054,0.47233026583426113,0.4573497841476533,0.46892336889377434,0.48507941205484856,0.48203305195018725,0.4578946997561973,0.4850535755389263,0.46577483711251105,0.48727316713407276,0.47405332656886384
C18-neg_Cluster_1043: NA,0.46625398704416166,0.4906871103970838,0.47331909976183434,0.4679674178046478,0.47770778430737004,0.46872254870183255,0.469820600628532,0.4794822831963998,0.46343545803445185,0.47957505977630277,0.47369713496526167
C18-neg_Cluster_1098: NA,0.5075759711006825,0.4791546291990211,0.4724195192529019,0.45625995293056554,0.4559745768683324,0.45989115780474166,0.5141760265317531,0.44768105525726126,0.4762033944484374,0.465935728143482,0.47352720115371794
C18-neg_Cluster_2067: NA,0.4687436876694054,0.46755168477571557,0.4639404444820248,0.4719967399014455,0.48249341168843984,0.4803983051245555,0.4686661781216383,0.4750407512319321,0.4729761787323197,0.48163845788882786,0.4733445839616304
C18-neg_Cluster_0078: NA,0.45869915491105195,0.46786642051513316,0.46324990487464596,0.4748798602009611,0.474123554916689,0.4869619545559173,0.4769326888296998,0.4793307872621279,0.46347538719542275,0.48522033850533414,0.47307400517669834
C18-neg_Cluster_0767: NA,0.478314942431545,0.4849290905076641,0.4736350098883393,0.4750724596832913,0.4573098549866825,0.4798498663547495,0.497868487436407,0.45625642976930336,0.45721942718095426,0.46698210703833676,0.47274376752772734
C18-neg_Cluster_1189: NA,0.4926753477360166,0.45218130657609795,0.4659333793693072,0.4718757780314454,0.47483171033037863,0.48375705219445975,0.4722034320288242,0.4720895164813484,0.47296443486144585,0.4672346002621232,0.4725746557871447
C18-neg_Cluster_1862: NA,0.4909419523950451,0.4587343865236734,0.46754228967901656,0.47118406403697916,0.48110293737698295,0.47229503422163976,0.4540591515288171,0.47465907542853386,0.48721562216679115,0.46434443364008327,0.47220789469975627
C18-neg_Cluster_1869: NA,0.4757770919357187,0.482233872142129,0.46770083193581274,0.47105957900571693,0.4899308051128116,0.4681224369001818,0.4509587696181363,0.47799198598251574,0.45625995293056554,0.4818662889837794,0.47219016145473686
C18-neg_Cluster_2051: NA,0.49232185722271554,0.4444221310897843,0.49142110232669567,0.47967370829164263,0.4785145882363995,0.47705952263513673,0.4747142716216407,0.45962457193590667,0.47647350347853457,0.4469036110054163,0.47211288678438734
C18-neg_Cluster_1226: NA,0.48116048234426456,0.4572358686001776,0.4435589565805606,0.4649633356351321,0.49060255452679247,0.46793336057911383,0.4827376842026147,0.469761881274163,0.48465428392921733,0.4738839799508637,0.47164923876229
C18-neg_Cluster_0542: NA,0.45973613870920765,0.4795926755826134,0.4684982407681431,0.45698454976347846,0.4817523734363036,0.4822233026583427,0.4653790686640642,0.474482917365427,0.4453534200500759,0.5005226022538838,0.4714525289251538
C18-neg_Cluster_0643: NA,0.463730229193384,0.4763560647697967,0.47667902121882594,0.47796967262785556,0.46538376621241373,0.4643256434466852,0.48238067052805145,0.46926628992328906,0.4807459237024197,0.4576821356933817,0.47145194173161037
C18-neg_Cluster_1187: NA,0.47910060739300164,0.4823477876896048,0.43331008046900327,0.4670725348440649,0.4923441705773757,0.4670302569089193,0.4701435570775612,0.4736420562108636,0.463652719645617,0.48304302484533324,0.4711686795661344
C18-neg_Cluster_1760: NA,0.4659897499495014,0.4791769425536812,0.462029716690859,0.4693743335353279,0.4709855926192121,0.4579498959493041,0.4779273946927099,0.46291755332891765,0.4705581157194061,0.49294428237902643,0.4709853577417946
C18-neg_Cluster_0178: NA,0.4574543045984301,0.4860870361758199,0.4350282087778389,0.4641036842871705,0.4839672674831006,0.4681517965773663,0.46568793246804496,0.4748540236850388,0.49445336978630855,0.480043640224167,0.4709831264063286
C18-neg_Cluster_0949: NA,0.47412590369086377,0.4796126401630989,0.44662645565279485,0.48458499509106207,0.4838486543872753,0.45241383521939904,0.45244319489658347,0.47067203126688184,0.4909349060725208,0.46873781573396844,0.4704000432174449
C18-neg_Cluster_1416: NA,0.46454760260619987,0.4740131625304754,0.4918685438069872,0.4561131545446432,0.4717184101617366,0.46487877976484077,0.4922971950938805,0.4783137680444576,0.4496951291121164,0.45863456362124605,0.47020803092865837
C18-neg_Cluster_0029: NA,0.49064600684902554,0.45744256072755635,0.4601107681900817,0.4637795534510539,0.4547684813295941,0.45007680491551455,0.4762033944484374,0.4753002907782429,0.4864440498503831,0.4832473681985372,0.4698019278738427
C18-neg_Cluster_0872: NA,0.4574707460176534,0.4750654133607671,0.4801845666746525,0.4977686645339797,0.4594636809049358,0.4938121544365996,0.4457808969498819,0.46241374126843204,0.4594542858082367,0.4655106000178507,0.46969247499729894
C18-neg_Cluster_1412: NA,0.45832569981726545,0.4731723013759119,0.4931086965712595,0.4582892938175566,0.4800800462238758,0.46509956453726803,0.4887247095740733,0.4751934215532913,0.4487732352485238,0.45605208641609946,0.4696819055135125
C18-neg_Cluster_1460: NA,0.44885191918337825,0.4849549270235864,0.4567355797009541,0.45767391498377,0.46594277446600624,0.46741545587357963,0.47231617318921254,0.476765925863292,0.4697360447582407,0.4922866256100941,0.46926793406521145
C18-neg_Cluster_0573: NA,0.4701964044964933,0.48263551252601267,0.48899951615251996,0.4599898063200816,0.4643092020274619,0.4887810801542675,0.46566914227464684,0.4714670913250375,0.4492840936315337,0.45131578329269956,0.4692647632200754
C18-neg_Cluster_0121: NA,0.45334747295386546,0.4809690572490217,0.5026505916562147,0.4651794228592098,0.4650185318282389,0.436153271607548,0.4514320476143501,0.47886925313678796,0.462875275393772,0.4900963936921321,0.4686591317991141
C18-neg_Cluster_0784: NA,0.4940940073375706,0.4753754515518351,0.44735222687279513,0.44487427011842523,0.4884628212535878,0.4660378998200839,0.46508312311804473,0.4924345983831039,0.44962701466104843,0.45871794510445,0.4682059358220944
C18-neg_Cluster_0106: NA,0.4746896094928057,0.46129572476124714,0.4401685010592972,0.4828762618789254,0.45280373173240884,0.4384809068147334,0.4623221390756165,0.488621363510384,0.48270480136416805,0.4978485228559215,0.4681811562545507
C18-neg_Cluster_1256: NA,0.4775598115343602,0.4644278151232872,0.4667859843947444,0.45899040290872195,0.46470966802425817,0.4664959107841618,0.4839226407737802,0.46172789920940266,0.4602552178018292,0.47208481893299886,0.4676960169487544
C18-neg_Cluster_2101: NA,0.4776819477914476,0.4626450955246457,0.4696397450170756,0.4746156231063008,0.4791734193924191,0.46208491288396586,0.44763290538667877,0.48610934953048,0.46009902431920785,0.45589589293347804,0.4675577915885699
C18-neg_Cluster_1373: NA,0.46408019654542293,0.47134495506795004,0.4490057638918249,0.4682633633506673,0.47950929409940957,0.46834204728552176,0.4578430267243526,0.48348342000310046,0.4530973285042536,0.479777054355332,0.46747464498278346
C18-neg_Cluster_1320: NA,0.4699533063694058,0.48452745012378046,0.44126185543764707,0.45891054458678016,0.48833833622232564,0.4405008526050254,0.47899138939387537,0.49219502341727855,0.46042198076823704,0.45878840832969275,0.4673889147254049
C18-neg_Cluster_0941: NA,0.4808480953790217,0.48294789949125555,0.4565535497024103,0.4692251863752308,0.45925111684212017,0.4505418622021167,0.4691511999887259,0.46698210703833676,0.4477221588053195,0.49016215936902535,0.4673385335193562
C18-neg_Cluster_1928: NA,0.4708376198462023,0.46130746863212096,0.4453076189536681,0.4611324849561015,0.451549486323088,0.4653649760190158,0.49930241407009684,0.46365037087144223,0.4625640628156166,0.49223495257824945,0.4673251455065602
C18-neg_Cluster_1754: NA,0.47819398056154494,0.47548114638969924,0.46396862977212194,0.4731546855696013,0.4686192026381432,0.46735438774503585,0.45361288443561304,0.4618711744340629,0.468630946509017,0.45814719297998374,0.4669034231034822
C18-neg_Cluster_0920: NA,0.47437135059212604,0.4762738576736802,0.45044203929968946,0.4543550970748367,0.44113502163221013,0.46851350780027906,0.490452232979608,0.4697982872738718,0.46175960766076185,0.4799520380313515,0.46670530400184146
C18-neg_Cluster_1651: NA,0.46308666506950025,0.4717524673872706,0.47116527384358103,0.4562576041563908,0.4357927347717227,0.4507602982003693,0.48806822719222837,0.48252042259144956,0.4920458762571814,0.4537174048863898,0.4665166974356083
C18-neg_Cluster_1857: NA,0.4706532410734838,0.465390812534938,0.4378549584971604,0.4773601657295058,0.4754952390347478,0.469077213602221,0.48730604997251936,0.46881180212047335,0.4571724516974592,0.45441616520338035,0.4663538099465888
C18-neg_Cluster_0970: NA,0.47467081929940763,0.47189691699901826,0.44707389713308626,0.4525488897344476,0.4871944831992183,0.48435951277028527,0.455818383385711,0.46274844158833506,0.45150016206541804,0.4739650126598928,0.46617765188348204
C18-neg_Cluster_0672: nervonic acid,0.5113481024253442,0.48220803562620673,0.47033145901154194,0.48401776612785796,0.4574766179530903,0.4719204047407658,0.4237012453200675,0.45826228291454696,0.438519661588617,0.4633931800993062,0.4661178755807344
C18-neg_Cluster_1879: NA,0.503661738938448,0.465303907890472,0.4449400357953184,0.44802515067386334,0.45260173715337965,0.4718769524185328,0.47396383827280547,0.4720613311912513,0.4632534280359081,0.4637290548062966,0.4659417175176276
C18-neg_Cluster_1148: NA,0.470000281852901,0.4566850810561968,0.45866744645969276,0.46822108541552165,0.4639498395787239,0.45900097239250837,0.48492791612057673,0.4570045143439639,0.472481761768533,0.46766090277484185,0.465859980176346
C18-neg_Cluster_0648: NA,0.48175354782339097,0.4770160703129037,0.4638875970630928,0.4691030501181434,0.4548401189419242,0.46895977489348306,0.4734764676315431,0.4565241900252259,0.44740507429172716,0.46499386969940393,0.4657959760800837
C18-neg_Cluster_1535: NA,0.4732040098272712,0.4621025286902765,0.45401217604532196,0.471195807907853,0.4761963481259131,0.47065676423474595,0.4556187375808566,0.46032685541415935,0.46831973393086146,0.46089878192571304,0.46525317436829716
C18-neg_Cluster_0848: NA,0.4705463718485323,0.43610159857570335,0.45343437759833144,0.482283196399799,0.49518383855465836,0.45583247603075955,0.4752826749719322,0.46889988115202674,0.4650760767955205,0.4496258402739611,0.4652266332201225
C18-neg_Cluster_1246: NA,0.4621177957224125,0.4801328936428078,0.4514097342596899,0.4552664214546429,0.4449024554085223,0.4648799541519281,0.4897851811139767,0.4595400160656154,0.4635106188080441,0.47389102627338797,0.4645436096901028
C18-neg_Cluster_1997: NA,0.46684470374911335,0.46431037641454925,0.43694011095609203,0.48179582575853663,0.4725851078322224,0.46377015835435487,0.4862537991422277,0.472481761768533,0.4578359804018283,0.44082146027987995,0.4643639284657336
C18-neg_Cluster_0899: NA,0.4443317032840561,0.4577537733057117,0.4778216998548458,0.4448566543121145,0.44080854202191877,0.4530022031501759,0.47074836642756146,0.47471074846037853,0.4911251567806762,0.48810228441776243,0.4643261132015201
C18-neg_Cluster_0349: NA,0.46073084457221775,0.4678488047088225,0.4656115973073653,0.4619087548208591,0.4720260995786299,0.46908543431183264,0.4719391949341639,0.46385706299882096,0.43595597457686835,0.47256514325173693,0.4641528911061317
C18-neg_Cluster_0799: NA,0.4787682558472733,0.46223171126988827,0.4397504192561902,0.4600837572870719,0.47741888508387476,0.4820283544018377,0.46901731986076467,0.4550021843599825,0.4407498226675498,0.46744129238950194,0.46324920024239347
C18-neg_Cluster_0198: NA,0.47059921926746434,0.4598535774179456,0.44831639867153333,0.46828802547950227,0.47755159082474863,0.4705181865584352,0.4593673811637707,0.45782541091804185,0.47033615655989147,0.4467086627489114,0.4629364609610246
C18-neg_Cluster_1330: NA,0.48079759673426437,0.4547860971359048,0.4556704106127013,0.4646521230569766,0.46616590801260827,0.45126763342211706,0.4511548922617286,0.4660543412393072,0.4776244028241661,0.46062984728270323,0.4628803252582478
C18-neg_Cluster_1404: NA,0.4701999276577554,0.45531339693813805,0.47103961442523146,0.45858641375066356,0.45778195859580884,0.46955166598552217,0.477382479084166,0.4486123442175529,0.44289073032784193,0.47384992272532966,0.46252084537080096
C18-neg_Cluster_0002: NA,0.4620367630133833,0.45076969329706823,0.44852896273434895,0.47715934553756395,0.4644207688007629,0.44446793218619207,0.4587461303945471,0.4648141884750349,0.4601824058024117,0.49402589288650256,0.4625152083127816
C18-neg_Cluster_1965: NA,0.4647002729275591,0.468135355158143,0.4797512178394096,0.45866040013716847,0.46958454882396883,0.46204146056173284,0.41504953564734565,0.48731074752086884,0.4652851176970739,0.45433513249435126,0.4624853788807621
C18-neg_Cluster_1049: NA,0.44629410410706655,0.4805462778975653,0.45367630133833153,0.43939810312997646,0.48022214706144867,0.44414145257590065,0.4778675009512536,0.4383893046219179,0.47962086087271055,0.4841704364492172,0.4624326489005388
C18-neg_Cluster_2155: NA,0.47288105337824193,0.4660167608525111,0.4581824245926051,0.4818345805324202,0.47068260075066826,0.4669374803290163,0.4372478003729854,0.4597878117410523,0.44808621880240707,0.4574378631792068,0.46190945945311146
C18-neg_Cluster_1799: NA,0.45622119815668205,0.45895399690901323,0.4773167134072728,0.45854178704134313,0.4216542886267657,0.4658746600149382,0.48017282280377876,0.45421064746308903,0.480325493125138,0.46307257242445166,0.46163441799724725
C18-neg_Cluster_1267: NA,0.4754071600031944,0.46169736514513077,0.455502473259206,0.48012114977193404,0.4389800213268696,0.4653414882772681,0.4732709498912518,0.45811431014153714,0.4645288124128018,0.4428742889086186,0.4615838019137811
C18-neg_Cluster_0825: NA,0.4462001531400762,0.4580250567228964,0.48236657788300286,0.4436118039994926,0.45228700141396205,0.457168928536197,0.4379007595935681,0.4835902892280519,0.4799332478379534,0.47097384874833825,0.46120576671035385
C18-neg_Cluster_2140: NA,0.45713369692357564,0.47956096713125423,0.4288556302465743,0.4735011297603781,0.4803372369960118,0.48576055656552847,0.46091170018367417,0.4270987471638552,0.4654072539541613,0.45244554367075823,0.4611012462595771
C18-neg_Cluster_0148: NA,0.47006134998144466,0.4623714633332863,0.4177189174969584,0.4591970950361006,0.4411021387937636,0.46424695951183076,0.4700601755943573,0.47434668846329103,0.4812697003433908,0.4701717423676583,0.4610546230922082
C18-neg_Cluster_0502: NA,0.4612229127618296,0.4668200416202784,0.4724747154460087,0.4784981468171761,0.4453698614692992,0.4541683695279434,0.46883528986222095,0.47260272363853306,0.4417210407888123,0.44530879334075546,0.4607021895272857
C18-neg_Cluster_1606: NA,0.4791428853281473,0.46482828112008345,0.45519478384231277,0.447819632933572,0.462249327076199,0.4801164522235845,0.4417175176275502,0.4583879423328964,0.46388524828891803,0.45249369354134084,0.46058357643146053
C18-neg_Cluster_0666: NA,0.4604208063811497,0.4630678748761022,0.4364856231532763,0.4551125767461962,0.46443603583289883,0.43887784965026755,0.46410485867425794,0.4696925924360077,0.4806085204131964,0.47258745660639717,0.460539419476975
C18-neg_Cluster_1044: NA,0.4454732075329886,0.4689092762487258,0.4626098639120243,0.45928869722891624,0.45756587137173116,0.4632534280359081,0.47921334855339,0.4664007854300841,0.4439030519971627,0.45570681661241,0.460232434692334
C18-neg_Cluster_0171: palmitic acid,0.45373971824104997,0.4832802510369838,0.45583247603075955,0.4343071351061881,0.4572499612452261,0.45480958487765233,0.4761658140616413,0.4751652362631943,0.4278174720613312,0.4815797385344589,0.4599947387458485
C18-neg_Cluster_2160: NA,0.45680486853910945,0.4709221757164936,0.47007896578775543,0.45929926671270266,0.44326770858289055,0.45587710274008,0.46169971391930553,0.45209087877036974,0.45806733465804195,0.466896376780958,0.45950043922077066
C18-neg_Cluster_0508: NA,0.4631700465527042,0.45555532067813814,0.44479793495774556,0.46218473578639313,0.47431028246358226,0.4691218403115414,0.45773733188648846,0.4512312274224083,0.46679890265270557,0.44795703622279537,0.45928646589345024
GUDCA,0.4736925548556209,0.4676890880649389,0.4665698971706667,0.46041258567153803,0.44341215819463825,0.45912780619794535,0.4506487314270683,0.460942234247946,0.4469975619724066,0.4632510792617333,0.45927436970645036
C18-neg_Cluster_1758: NA,0.44559769256425075,0.45601568041639073,0.47138958177727047,0.4484279654448343,0.4652240495685302,0.4670513958764921,0.4688728702490171,0.48466133025174163,0.4543550970748367,0.4304751100400701,0.4592070773263434
C18-neg_Cluster_2005: NA,0.4759967023210587,0.4393757897753163,0.46501970621532623,0.45629635893027437,0.46376076325765586,0.46476486421736496,0.4652299215039671,0.4561742226731869,0.46248068133241266,0.4415636729191036,0.4590662683145667
C18-neg_Cluster_0629: NA,0.4404198198959963,0.4655845864043556,0.4489599627954171,0.4565112717672647,0.43370584891745,0.4758252418063013,0.4574777923401777,0.4771018005702824,0.46830094373746345,0.46655228136435595,0.45904395495990646
C18-neg_Cluster_0114: NA,0.4687366413468811,0.4608506320551305,0.4434039374850266,0.4563421600266821,0.4578982229174594,0.46486116395853,0.44393358606143457,0.47715699676338924,0.4535412468232829,0.46206729707765526,0.4588791884515471
C18-neg_Cluster_0173: NA,0.4702750884313477,0.48156329711523554,0.45560464493580805,0.4750994705863011,0.44260887742687094,0.46178426978959686,0.467494139808434,0.4549258491993029,0.4309847940359926,0.445391000436872,0.45857314317657616
C18-neg_Cluster_0655: NA,0.4483081779619217,0.4583621058169742,0.44668047745881423,0.46540607956707397,0.45592877577192464,0.4695528403726095,0.46349770055008294,0.4496575487253203,0.4527814183777487,0.4750384024577573,0.4585213527060228
C18-neg_Cluster_2013: NA,0.4707413201050372,0.45073093852318474,0.462729651394937,0.45143439638852484,0.4778757216608652,0.45540030158260403,0.43740281946851944,0.4754177294869808,0.46068504347581,0.442661724845803,0.45850796469322663
C18-neg_Cluster_0201: NA,0.4634542482278499,0.45882951187775106,0.4437973571592986,0.46144487192134426,0.4697818458546485,0.46557754008183133,0.4555200890655167,0.45091884045716546,0.46781004993493897,0.44500697585929905,0.45821413304396436
C18-neg_Cluster_0581: NA,0.4167500481498706,0.4423399427838611,0.4695105624374639,0.46385119106338407,0.4629386922964905,0.47747525566406895,0.46090113069988775,0.45002160872240776,0.46362218558134516,0.4722645001573679,0.4579675117556148
C18-neg_Cluster_0931: NA,0.45835623388153723,0.458222353753576,0.450155488850369,0.4676820417424146,0.42507880137356313,0.47440305904348523,0.4461367362373577,0.48285159975009045,0.44445031637988136,0.4677619000643564,0.45750985310766323
C18-neg_Cluster_1059: NA,0.4440439784476482,0.464414896865326,0.46161046050066473,0.45473794726532224,0.45339209966318583,0.46214128346416006,0.4778498851449428,0.46401560525561714,0.4370093997942474,0.4548730017803708,0.4574088558181485
C18-neg_Cluster_1505: NA,0.45919474626192597,0.4431749320029877,0.4254358150481264,0.45769975149969233,0.4467121859101735,0.44488366521512424,0.4538536337885258,0.48777228164620884,0.46453233557406387,0.48988617840349125,0.457314552535032
C18-neg_Cluster_2052: NA,0.48045702447892447,0.44700343390784353,0.4483704204775528,0.46548241472775365,0.44953188930697074,0.46268267591144185,0.44507156714910495,0.4422389454943465,0.47038665520464873,0.45756587137173116,0.4568790898030318
C18-neg_Cluster_0429: NA,0.44140278188813264,0.458820116781052,0.4290541016643414,0.46908660869892005,0.46536262724484095,0.46197921804610176,0.45814719297998374,0.4365783997331793,0.4757876614195052,0.4714201158415423,0.45676388242975996
C18-neg_Cluster_1485: NA,0.4531020260526032,0.4644712674455202,0.42587738459298097,0.45818125020551775,0.4704019222367846,0.45934037026076097,0.4564466804774588,0.45750245446901266,0.4567719857006629,0.46535910408357883,0.45674544455248806
C18-neg_Cluster_0909: NA,0.4295297284347299,0.45010264143143697,0.4404139479605594,0.4693708103740658,0.46447244183260755,0.44853953221813536,0.4637349267417335,0.4606815203145479,0.47368433414600924,0.46278719636221854,0.4563317079816044
C18-neg_Cluster_0421: NA,0.4901868214978603,0.46303734081183034,0.428300145154244,0.42799245573735073,0.4829854798780516,0.4498513225947378,0.45549307816250706,0.47485872123338835,0.43613565580123737,0.45309615411716625,0.45619371749883736
C18-neg_Cluster_1896: NA,0.45995927225580974,0.46195925346561634,0.4468037881029891,0.4324598242177408,0.46047013063881964,0.4635893027428985,0.47423394730290264,0.46309958332746143,0.42843637405638,0.46929564960047354,0.4560307125711092
C18-neg_Cluster_1105: NA,0.4591078416174599,0.44864052950765,0.44679204423211527,0.4501918948500777,0.4467110115230861,0.460524152444839,0.4555330073234779,0.4605417682511498,0.4675105812276573,0.46100682553775185,0.45565596565152655
C18-neg_Cluster_0126: NA,0.4844440686405765,0.48655679101077154,0.4400310977700738,0.4452136679866778,0.45050310742823324,0.42509876595404855,0.4509446769730877,0.4842068424489259,0.42962015624045813,0.45898453097328507,0.4555603705426138
C18-neg_Cluster_0808: NA,0.4610972533434801,0.4668587963941619,0.45237977799386503,0.4569375742799833,0.43711392024502416,0.47012476688416316,0.43738285488803397,0.4753554869713497,0.45165752993512687,0.4434462154201722,0.455235417635536
C18-neg_Cluster_0107: myristic acid,0.45712312743978917,0.48486449921785824,0.45822117936648865,0.44490715295687183,0.4551701217134777,0.4602352532213438,0.45091884045716546,0.46799560309474486,0.4183319475565702,0.4493040582120192,0.4547071783236329
C18-neg_Cluster_0367: NA,0.47769369166232145,0.45308675902046724,0.44398525909327924,0.45860402955697427,0.45497047590862333,0.4612475748906646,0.4487333060875529,0.446372788041921,0.43593013806094605,0.4628881936517332,0.45435122159744834
C18-neg_Cluster_1708: NA,0.45433513249435126,0.4542587973336716,0.4623890791395971,0.41825443800880324,0.4526381431530884,0.4698323444994058,0.4585958088473626,0.4519663937391076,0.4550585549401767,0.4633473790028984,0.45406760711584626
Lys_DCA,0.45703152524697366,0.46735556213212326,0.408839376729285,0.43522080826016907,0.461617506823189,0.4644266407361998,0.4601530461252273,0.4637325779675588,0.46327574139056826,0.45669330176580847,0.45383460871771025
C18-neg_Cluster_0885: NA,0.5041737717085453,0.472001437449795,0.43122554338890534,0.42943930062900176,0.455201830164837,0.4351973205184214,0.4685780990900849,0.46853699554202666,0.4189402800678326,0.45427054120454535,0.4537565119763996
C18-neg_Cluster_1308: NA,0.466518224138822,0.4288814667624967,0.42280753674657195,0.4703525979791147,0.4742186802707667,0.4663491123982394,0.45893755548978993,0.468324431479211,0.4866789272678589,0.3926340093105409,0.45357025418434116
C18-neg_Cluster_1076: NA,0.42359437609511597,0.47222104783513486,0.4680613687716381,0.4375437459190049,0.45828107310794497,0.429557913724827,0.4465336790728919,0.48219746614242026,0.4515870667098841,0.45841965078425573,0.45279973881631175
C18-neg_Cluster_1898: NA,0.442345814719298,0.4533509961151275,0.4579710349168769,0.4448730957313378,0.46547654279231676,0.46234680120445143,0.44408155883444433,0.4646262865410542,0.4477750062242516,0.44218257491415236,0.452502971199331
C18-neg_Cluster_1205: NA,0.4634495506795004,0.46883763863639566,0.4552182715840603,0.44405924547978415,0.43859951991055873,0.4460369133349305,0.4512218323257092,0.4592076645198871,0.4490985404717278,0.44833284009075663,0.45240620170333107
C18-neg_Cluster_0637: NA,0.4481167528666789,0.4517714454826027,0.4972167026029116,0.41496497977705443,0.44991473949745625,0.44968455962833,0.4707178323632896,0.45633393931707045,0.4322331675098766,0.4524126608323117,0.4523366779877581
C18-neg_Cluster_1313: NA,0.46311132719833525,0.4345220479431785,0.46229043062425723,0.45207561173823385,0.44738276093706697,0.45754473240415827,0.44202990459279307,0.45722412472930385,0.46887521902319185,0.4347040779417223,0.4519760237132241
C18-neg_Cluster_2170: NA,0.45396285178765206,0.4301169219784195,0.41815696388055074,0.4587038524594015,0.4784582176562053,0.4586510050404694,0.4568565415709542,0.4449776161821146,0.4692322326977551,0.4502329983981361,0.4519349201651659
C18-neg_Cluster_0675: NA,0.4492077584708541,0.4375989421121117,0.44436576050959004,0.44687777448949395,0.4417210407888123,0.4489517420858054,0.43647975121783944,0.4727506964115429,0.47398262846620354,0.4668153440719289,0.4518751438624182
C18-neg_Cluster_0125: NA,0.4181499175580265,0.4645205917031901,0.46155408992047053,0.46975131179037666,0.4609351879254217,0.4512817260671656,0.4525665055407583,0.46340374958309266,0.44001935389920005,0.43353086524143053,0.4515713299229132
C18-neg_Cluster_0608: NA,0.454269366817458,0.4429917276173565,0.4310517340999732,0.44457949895949306,0.45587945151425474,0.4404609234440546,0.45758113840386705,0.47484345420125235,0.45536624435707007,0.4581988660118285,0.4515222405426608
C18-neg_Cluster_0574: NA,0.41769895291647285,0.4666286165250356,0.45983361283746016,0.4447674008934737,0.4571137323430902,0.45573265312833233,0.43155672054754624,0.4358972552224994,0.4991438718133007,0.4429048229728905,0.45112776392001014
C18-neg_Cluster_1127: NA,0.4502165569789128,0.4393875336461901,0.44218022613997754,0.46083184186173237,0.4578946997561973,0.43451382723356685,0.461821850176393,0.44806507983483423,0.45453595268629304,0.4593133593577512,0.4508760927671848
C18-neg_Cluster_0785: NA,0.48660494088135403,0.43974219854657853,0.4496669438220193,0.4239455178342423,0.46616473362552086,0.44064412782968576,0.43463948665191643,0.453783170563283,0.4670396520056183,0.4457891176594936,0.4508019889419712
GLCA,0.43121262513094416,0.4211105474053092,0.46902084302202685,0.45536976751833225,0.4525218788314379,0.47531908097164094,0.44369401109560924,0.44945085659794154,0.4571513127298863,0.4515553582585249,0.45064062815616535
C18-neg_Cluster_1615: NA,0.45297284347299144,0.44704688623007655,0.4332513611146343,0.441351108856288,0.45456296358930276,0.46146248772765497,0.45337448385687507,0.47013181320668745,0.4528377889579429,0.4393499532593939,0.45063416902718484
C18-neg_Cluster_0809: NA,0.47427739962513565,0.44507391592327966,0.46965970959756104,0.44813436867298956,0.41393034475307344,0.46203206546503384,0.44579381520784306,0.4453686870822118,0.4511525434875539,0.45048901478318465,0.45059118645978663
C18-neg_Cluster_0560: NA,0.4450163709559981,0.46224815268911157,0.4219549317211348,0.44434227276784255,0.4584924627836733,0.4295438210797785,0.4588565227807607,0.4752145605208642,0.46694452665154057,0.44295532161764783,0.45055689435683527
C18-neg_Cluster_1700: NA,0.4563562526717307,0.4379512582383255,0.46058874373464487,0.4003344654424856,0.44871921344250437,0.4715997970659114,0.4741517402067861,0.45471211074939993,0.4462353847526976,0.45440559571959394,0.450505456202408
C18-neg_Cluster_0352: NA,0.4410551633102684,0.48012584732028357,0.44706567642347467,0.4277329161910399,0.442584215298036,0.4416047764671618,0.46877187295950246,0.46128280650328596,0.42143937578977536,0.4720378434495037,0.45037004937123315
C18-neg_Cluster_0958: NA,0.46939194934163864,0.4588823592966831,0.4536551623707587,0.4439418067710462,0.4217458908195813,0.4374615388228884,0.47010480230367774,0.43924073526026763,0.44506921837493013,0.46347303842124793,0.45029665017827203
C18-neg_Cluster_1190: NA,0.4580473700775565,0.42651859994269,0.44808504441531966,0.4516657506447385,0.4412994358244433,0.4712345626817364,0.45339209966318583,0.44856301995988296,0.4609915585056159,0.4425607275562884,0.45023581692714576
C18-neg_Cluster_0716: NA,0.45889058000629473,0.4649222320870738,0.44446793218619207,0.4276659761270593,0.45240091696143786,0.47214706144863,0.44949196014599985,0.45706675685959497,0.4324868351207505,0.4418478745942493,0.45013881255372823
C18-neg_Cluster_0991: NA,0.44833988641328093,0.4513686307116316,0.44056074634648174,0.4518137234177483,0.4508154943934761,0.4544889772027979,0.44805333596396046,0.4468460660381347,0.45373267191852573,0.4549223260380408,0.45009418584440775
C18-neg_Cluster_1759: NA,0.44436928367085216,0.45140621109842777,0.4707601102984353,0.4408872259567732,0.45956820135571247,0.44737688900163003,0.4467497662969696,0.45097990858570913,0.4468566355219211,0.44097295621415183,0.44999271880005826
C18-neg_Cluster_1489: NA,0.4485324858956111,0.4506299412336702,0.45602507551308974,0.45301864456939933,0.4427791635545409,0.4319912437698765,0.45812487962532356,0.4542024267534774,0.4500474452383301,0.45317718682619546,0.44985284929795144
C18-neg_Cluster_0794: NA,0.45266632844318555,0.46210135430318916,0.4359571489639557,0.4349647918751204,0.4248920738266699,0.45451481371872027,0.47834782526999164,0.45602155235182756,0.4711946335207655,0.42741818045162233,0.44980787027250474
C18-neg_Cluster_2010: NA,0.435604832837742,0.4424691253634728,0.4282790061866712,0.4388531875214326,0.43197245357647845,0.4523515927037679,0.4427439319419195,0.47442184923688335,0.45989820412726595,0.4901504154981515,0.4496744598993785
C18-neg_Cluster_0056: NA,0.4452383301155127,0.43406990891453756,0.435979462318616,0.4637619376447432,0.44969043156376687,0.4246266623449222,0.4654542294376565,0.4514144318080394,0.4441355806404637,0.47890683352358404,0.44932778083118413
C18-neg_Cluster_2177: NA,0.4495459819520193,0.4331174809866731,0.46811186741639543,0.4635282346143548,0.43179981867463374,0.46012603522221757,0.45489296636085624,0.4404644466053167,0.4431150382615313,0.4459241721745421,0.44906260422685396
C18-neg_Cluster_1984: NA,0.4532817072769722,0.4386335771360927,0.4483081779619217,0.4549869173278466,0.4444420956702697,0.46275548791085935,0.4430539701329876,0.4412841687923073,0.44078622866725853,0.4616656566937716,0.4489197987570287
C18-neg_Cluster_0532: NA,0.44380910103017235,0.4400921658986175,0.4124330012166651,0.454978696618235,0.44471455347454164,0.46686466832959883,0.4878122108071798,0.42551802214424295,0.47356806982435873,0.4390598796488113,0.44888503689924225
C18-neg_Cluster_0165: NA,0.4626298284925098,0.4591477707784308,0.4300711208820117,0.44125598350221024,0.4682058183833857,0.41468312687608344,0.4576457296936729,0.47234905602765925,0.43120557880841986,0.45108090587522376,0.44882749193196075
C18-neg_Cluster_0688: NA,0.46893041521629863,0.4447873654739592,0.44831874744570815,0.461933416949694,0.4399923429961903,0.4660261559492101,0.4393276399047337,0.43959657454774353,0.43422023046172203,0.44161769472512297,0.4484750583670382
C18-neg_Cluster_1917: NA,0.4382425062359955,0.4639228286757142,0.459572898904062,0.44125598350221024,0.43206640454346873,0.44517608759988164,0.4502353471723108,0.4357539799978392,0.4531243394072634,0.46261573584746124,0.4481966111886207
C18-neg_Cluster_1300: NA,0.4640543600295006,0.45656999112163366,0.4225949726837564,0.4324351620889058,0.42582101401278677,0.46877891928202675,0.46039144670396526,0.474123554916689,0.44121135679288986,0.4345831160717222,0.4480563893703876
C18-neg_Cluster_1980: NA,0.4528131268291079,0.46783353767668656,0.45429990088172983,0.4345502332332756,0.41669837511802593,0.4615963678556162,0.4511525434875539,0.45088243445745674,0.43733940256580095,0.4519499523198843,0.4479115874425138
C18-neg_Cluster_2040: NA,0.4613473977930918,0.42876285366667144,0.42588912846385474,0.42882039863395294,0.45975962645095525,0.4417950271753172,0.44777852938551366,0.458042672529207,0.47320870737562065,0.4521202384475542,0.4477524579921738
C18-neg_Cluster_1346: NA,0.4582023891730906,0.4541531024958075,0.4393217679692969,0.4359771135444412,0.444254193736289,0.4471302677132805,0.43103411829366256,0.4643221202854231,0.44166936775696763,0.45700333995687653,0.44730677809251357
C18-neg_Cluster_1661: NA,0.44975972040192225,0.45406737223842875,0.43349211046754704,0.4416541007248317,0.4274123085161854,0.46662509336377345,0.44944968221085413,0.46015422051231464,0.4470879897781348,0.4400111331895884,0.44697137314035806
C18-neg_Cluster_0054: NA,0.44621659455929946,0.4663960878817346,0.4278844121253118,0.4448132019898815,0.45643376221949766,0.42856320786181695,0.42931011804939007,0.4665264448484337,0.42273120158589234,0.4799273759025165,0.4468802407023775
C18-neg_Cluster_0860: NA,0.4515036852266802,0.4535435955974577,0.45088595761871875,0.4275649788375447,0.4400604574472583,0.46192754501425703,0.45471211074939993,0.43321025756657605,0.4524443692836709,0.4422753514940553,0.44681283088356194
C18-neg_Cluster_1021: NA,0.4555893779036721,0.45000281852900975,0.47379707530639764,0.4286665539255063,0.4220171742367659,0.4370105741813348,0.46971255701649306,0.43518909980880977,0.4280911042526905,0.46778656219319137,0.44678628973538714
C18-neg_Cluster_1210: NA,0.4421402969790067,0.4425748202013369,0.4584325690422169,0.44350728354871594,0.4340370260760909,0.43878742184453934,0.4606991361208585,0.4409788281495888,0.4631653490043547,0.44264645781366707,0.44669691887803753
C18-neg_Cluster_1662: NA,0.42968004998191445,0.43374225491715873,0.41630965299210343,0.4572018113746436,0.46685762200707454,0.45581016267609936,0.44996876130347574,0.4476751833218243,0.4532312086322149,0.45315722224571003,0.44636339294522187
C18-neg_Cluster_1694: NA,0.4345666746524989,0.4466675592008531,0.44923242059968904,0.445911253916581,0.4563586014459054,0.44941562498532023,0.4440157931575511,0.46278132442678166,0.44861116983046556,0.4251175561474467,0.4462677978363092
C18-neg_Cluster_0318: NA,0.4357058301272566,0.4541437073991084,0.4202990459279302,0.443336997421046,0.4456658070153187,0.42227084184763974,0.43944155545220953,0.47026804210882345,0.4687777448949394,0.4615693569526064,0.4461478929146878
C18-neg_Cluster_1469: NA,0.46093049037707223,0.44517256443861947,0.4288720716657976,0.44132527234036556,0.46737317793843397,0.4688564288297937,0.43796652527046137,0.43399005059259577,0.4399054383517243,0.436930715859393,0.44613227356642565
C18-neg_Cluster_0195: NA,0.4142121976540444,0.4760025742564955,0.4275133058057,0.4503527858810487,0.43888019842444226,0.4570831982788183,0.4402988580259962,0.47056868520319245,0.44727236855085334,0.43768819553075256,0.4459872367611345
C18-neg_Cluster_1201: NA,0.4631031064887236,0.43509162568055737,0.417504004659968,0.4603503431559069,0.4125844971509369,0.4286606819900694,0.45121008845483546,0.4585629260089159,0.45892816039309087,0.4713437806808627,0.4457339214663868
C18-neg_Cluster_1697: NA,0.45681543802289587,0.45855353091221696,0.43810510294677213,0.4355167538061886,0.4205268770228818,0.43035532255715747,0.45062641807240805,0.455056206166002,0.4514050367113403,0.45998275999755733,0.445694344621542
C18-neg_Cluster_1964: NA,0.44613203868900825,0.44937334705017457,0.4446840194102698,0.44729585629260094,0.4483387120261936,0.4336494783372558,0.4363552661865772,0.45227643193017564,0.44892120802153357,0.4426582016845409,0.44496845596283296
C18-neg_Cluster_1079: NA,0.45371153295095296,0.44297176303687114,0.41738891472540485,0.4734353640834849,0.4620473324971697,0.46304438713435464,0.4260946462041461,0.4471678481000766,0.4301662462360894,0.43148860609647827,0.44475166410650296
C18-neg_Cluster_1002: NA,0.43722078946997567,0.44046796976657887,0.4354192796779361,0.4365877948298783,0.44537338463056136,0.4472923331313388,0.4423387683967738,0.4543421788168755,0.4638547142246462,0.44430116921978424,0.4447198382164349
C18-neg_Cluster_1861: NA,0.4398126617718213,0.4453581175984254,0.4486240880884267,0.45099869877910725,0.44829291092978574,0.4223354331374456,0.4451525998581341,0.43633765038026656,0.4439476787064831,0.46291050700639336,0.44437703462562894
C18-neg_Cluster_0479: NA,0.45994048206241167,0.4328966962142458,0.4169708329222979,0.4419030707873561,0.4779849396599915,0.43125137990482776,0.43682854418279105,0.44669339571677547,0.42861840405492374,0.4698617041765903,0.4442949449682212
C18-neg_Cluster_0316: NA,0.43548152219356717,0.44613908501153254,0.43727950882434463,0.41536662016093806,0.46567383982299637,0.4393311630659959,0.4192644109039492,0.44884369847376654,0.4694389248251338,0.46343780680862656,0.44402565800908506
C18-neg_Cluster_1616: NA,0.4343693776218192,0.443302940195512,0.42274999177929046,0.4521061458025057,0.4469705510693969,0.4299971344955068,0.45551421713007983,0.45164578606425304,0.44420486947861915,0.45754473240415827,0.44384057460411414
C18-neg_Cluster_2012: NA,0.4259372783344373,0.44645147197677537,0.4441896024464832,0.45263579437891366,0.45519478384231277,0.4357093532885187,0.40987283736617863,0.4507826115550294,0.4492206767288152,0.4675857420012496,0.44375801519187136
C18-neg_Cluster_1749: NA,0.4577537733057117,0.42721618587259313,0.44147207072628797,0.4411021387937636,0.43479215697327567,0.42503887221259223,0.47585342709639844,0.4446123817979397,0.44635047468726075,0.4420134631735697,0.44362049446393936
C18-neg_Cluster_1678: NA,0.4520591703190105,0.4556880264190119,0.44066878995852066,0.4607132287659071,0.43876393410279174,0.43598533425405284,0.4541460561732832,0.44710677997153286,0.4153830615801613,0.433972434786285,0.44344868163305573
C18-neg_Cluster_2042: NA,0.4643256434466852,0.43204526557589595,0.43360367724084803,0.4367862662476454,0.4381708686236654,0.4705275816551342,0.4252878422751166,0.4340663857532754,0.43779976230405354,0.46055938405746044,0.4433172677179781
C18-neg_Cluster_1433: NA,0.45217191147939895,0.4182920183955994,0.43416738304278996,0.44201111439939494,0.43593483560929547,0.4409377246015305,0.4329976935037604,0.4709527097807654,0.45405210520629286,0.45130638819600055,0.4432823884214828
C18-neg_Cluster_1906: NA,0.4393875336461901,0.4761493726424179,0.43339815950055666,0.43713740798677175,0.4367251981191017,0.4317775053199735,0.4417574467885211,0.4651758996979477,0.43696594747201445,0.42986442875463304,0.44283388999281287
C18-neg_Cluster_1319: NA,0.44903512356900943,0.4512124372290102,0.4074653438370515,0.4218891660442416,0.46573725672571487,0.4170530400184145,0.4604020161877516,0.47039252714008567,0.4435589565805606,0.44054313054017114,0.44272889978720115
C18-neg_Cluster_0391: NA,0.46070148489503326,0.42750391070900096,0.44299407639153127,0.4555236122267789,0.4570444435049348,0.4335132494351198,0.4499300065295922,0.4511407996166801,0.40979297904423684,0.43741573772648057,0.44255603000793886
Ala_DCA,0.4549223260380408,0.4586333892341587,0.40871724047219754,0.4400569342859961,0.4457080849504644,0.44832344499405763,0.43318089788939157,0.4406218144750255,0.4473299135181349,0.4478842242233778,0.4425378270080844
C18-neg_Cluster_0134: NA,0.4220782423653095,0.44670279081347447,0.4461602239791053,0.4521519468989135,0.4554637184853225,0.4388179559088113,0.4359501026414314,0.43352734208016835,0.4469364938438629,0.43725367230842227,0.4415042489324822
C18-neg_Cluster_0802: NA,0.4350928000676447,0.4260875998816218,0.430199129074536,0.44387956425541514,0.43183622467434246,0.4325772629264787,0.45567628254813813,0.475381323487272,0.4313441564847306,0.4522963965106611,0.4414370739910841
C18-neg_Cluster_1034: NA,0.43100710739065284,0.46442311757493765,0.44242684742832716,0.42847982637861304,0.4293488728232736,0.44934985930842697,0.4255203709184177,0.4434415178718227,0.4813272453106724,0.41761439704618164,0.4412939162051326
C18-neg_Cluster_1936: NA,0.475731290839311,0.4249989430516214,0.43313744556715855,0.464439558994161,0.43882030468298594,0.43512098535774185,0.41184698206006287,0.4508131456193013,0.46626690530212284,0.4078059160923914,0.4408981477566858
C18-neg_Cluster_1191: NA,0.4364374732826938,0.43691662321434444,0.41363792236831604,0.4331386199542459,0.451087952197748,0.454628729266196,0.44366112825716264,0.44052316595968566,0.45551421713007983,0.44260652865269623,0.4408152360283169
C18-neg_Cluster_1553: NA,0.4354603832259944,0.434313007041625,0.4559863207392062,0.4441062209632793,0.43013806094599233,0.43461952207143095,0.4470116546174552,0.4348309117471592,0.45863691239542087,0.43216857622007077,0.44072715699676346
C18-neg_Cluster_1543: NA,0.4590561685856152,0.4223906293305524,0.43721844069580085,0.4315790339022064,0.44567755088619254,0.45215664444726295,0.44834928150997994,0.43929123390502495,0.4321145544140514,0.43206875331764355,0.4399902290994331
C18-neg_Cluster_1910: NA,0.439111552680656,0.4567637649910512,0.4424092316220165,0.43214039092997364,0.43030012636405063,0.4553545004861963,0.4331456662767702,0.44214499452735617,0.41821450884783234,0.44817429783396046,0.43977590345598633
C18-neg_Cluster_1202: NA,0.4306806277803614,0.4393581739690056,0.4487051207974558,0.4390234736491026,0.44154488272570547,0.44538512850143513,0.45331576450250616,0.450077979302602,0.4305584915232741,0.41827792575055084,0.43969275685019993
C18-neg_Cluster_0397: NA,0.44617079346289173,0.44594531114211494,0.43881325836046176,0.41899195309967735,0.43917966713172396,0.4312278921630801,0.43077810190861393,0.4577878305312458,0.4456881203699789,0.43790545714191764,0.43924883853117064
C18-neg_Cluster_1281: NA,0.4387110866838597,0.4514508378077482,0.4266877116832725,0.4357668982558003,0.45013434988279616,0.4338643911742462,0.41448935300666584,0.4327792575055079,0.4553545004861963,0.45097286226318484,0.4390211248749278
C18-neg_Cluster_1679: NA,0.4440334089638618,0.43732530992075236,0.44626004688153253,0.44090953931143334,0.4252479131141458,0.4298139301098757,0.4429024741987157,0.4249049920846311,0.45684479770008035,0.44072281176454015,0.4388965224049569
C18-neg_Cluster_1873: NA,0.4171211544694824,0.4532053721162925,0.46182537333765505,0.42045054186220215,0.40148184162685496,0.43025784842890497,0.45270860637833116,0.4350622660033729,0.4572640538902747,0.4560309474485266,0.43854080055618977
C18-neg_Cluster_0422: NA,0.46506550731173407,0.4397022693856077,0.4201052720585127,0.41749108640200683,0.4625605396543544,0.43015215359104086,0.4166948519567638,0.4425172752340553,0.45431751668804055,0.435886685738713,0.4384493158020829
C18-neg_Cluster_2110: NA,0.4531513503102731,0.4232878610653101,0.41871597213414324,0.4175862117560845,0.45044908562221375,0.43728303198560675,0.43656783024939283,0.4463246381713384,0.46142960488920837,0.43890838371453944,0.43837039698981106
C18-neg_Cluster_1364: NA,0.4413569807917248,0.43835172423512175,0.44080501886065665,0.4359583233510431,0.4280981505752148,0.451540091226389,0.4323693964120126,0.4299548565603612,0.451447314646486,0.42797836309230214,0.4377860219751312
C18-neg_Cluster_0359: NA,0.44074160195793816,0.45033986762308753,0.4344750724596833,0.40539607378908943,0.45264284070143795,0.43995006506104467,0.42907641501900157,0.4673250280678514,0.4272502430981271,0.42992432249608936,0.437712153027335
C18-neg_Cluster_1723: NA,0.4342460669776444,0.4254816161445342,0.39492758729219224,0.4444385725090076,0.44310329439065754,0.46361044171047133,0.45607909731910923,0.44294475213386136,0.447479060678232,0.42443406286259205,0.4376744552018302
C18-neg_Cluster_2168: NA,0.4517984563856124,0.42304711171239734,0.4264152538790006,0.43981501054599603,0.44227652588114263,0.438829699779685,0.43764826636978166,0.4380546043020148,0.43907514668094727,0.4395754355801707,0.43765355111167487
C18-neg_Cluster_1894: NA,0.4500885487863884,0.4424456376217253,0.4292560962433706,0.44802280189968857,0.44536046637260013,0.4427568501998807,0.4226830517153098,0.4435718748385218,0.42058911953851286,0.4274686790963796,0.43722431263123773
C18-neg_Cluster_0968: NA,0.43923134016356863,0.43362364182133345,0.4248509702786116,0.4356553314824993,0.40445421534501147,0.4442964716714347,0.4613156893417326,0.4634800847437722,0.44688834397328037,0.41234257341093683,0.43661386622321813
C18-neg_Cluster_1523: NA,0.42006416851045436,0.44492594315026995,0.4463222893971637,0.4371280128900727,0.44175509801434637,0.4355437647091983,0.4310364670678373,0.4305197367493905,0.44200524246395806,0.43674868586084925,0.43660494088135415
C18-neg_Cluster_1572: NA,0.42675817490851525,0.44309977122939537,0.4230929128088051,0.4181158603324925,0.4369753425687134,0.4442518449621143,0.4422072370429873,0.4316847287400706,0.44084847118288967,0.4569716315055173,0.4364005975281501
C18-neg_Cluster_0039: NA,0.4328919986658963,0.4383646424930828,0.423740000093951,0.444055722318522,0.4267828370373502,0.45790644362707106,0.44283083658638556,0.4414955584680355,0.40579419101171105,0.4474003767433777,0.43612626070453836
C18-neg_Cluster_1393: NA,0.4501214316248351,0.45803680059377017,0.417119980082395,0.4380522555278401,0.41963081967521154,0.4235826322242422,0.44330998651803627,0.4293230363073512,0.43002531978560393,0.45185365257871923,0.4361055914918004
C18-neg_Cluster_0223: NA,0.4348567482630815,0.44673097610357154,0.40712359719462415,0.4587202938786248,0.43959774893483095,0.43868407578085,0.4171916176947251,0.450034526980369,0.4519088487718261,0.4131916552751119,0.43580400888776155
C18-neg_Cluster_0333: NA,0.43443631768579977,0.44542153450114386,0.43778566965900495,0.4370093997942474,0.4363552661865772,0.4299442870765747,0.43967056093424844,0.435862023609878,0.4313958295165753,0.4232878610653101,0.435116875002936
C18-neg_Cluster_0961: NA,0.4417175176275502,0.42927018888841917,0.48094439512018683,0.39856701287598006,0.4309354697783227,0.4266571776190007,0.45715013834279894,0.4321944127359931,0.40773662725423604,0.44564584243483324,0.43508187826773204
C18-neg_Cluster_0519: NA,0.4440475016089103,0.4275097826444379,0.4401109560920156,0.41509885990501555,0.4444620602507552,0.4153337373224914,0.4223976756530767,0.4343576337509454,0.4716103665496977,0.43534999083978076,0.43502785646171266
C18-neg_Cluster_1544: NA,0.44340158871085184,0.39833096107141686,0.43128543713036166,0.43861243816851986,0.4228885694556011,0.45444200171930277,0.4418232124654143,0.43609924980152864,0.4498748103364854,0.43128191396909954,0.43480401828285825
C18-neg_Cluster_0235: NA,0.451933510900661,0.4591876999394017,0.3994748140945241,0.4905168242694138,0.4222696674605524,0.42821324050977794,0.4344351432987124,0.4407709616351227,0.41944878967666777,0.3981430591374362,0.43443937109222697
C18-neg_Cluster_2057: NA,0.41935483870967744,0.43849734823395675,0.419198645227056,0.42885093269822483,0.4226736566186108,0.43955194783842316,0.4362190372844413,0.4452477252122118,0.43962710861201537,0.4505571292342527,0.43397783696688697
C18-neg_Cluster_0993: NA,0.4597854629668776,0.45018249975337876,0.4133314073385101,0.44037049563832636,0.41814874317093914,0.43372346472376067,0.4438443326427937,0.42049751734569735,0.4395178906128891,0.4197834899965708,0.43391853041897444
C18-neg_Cluster_0693: NA,0.44593239288415376,0.46562451556532647,0.4285502896038557,0.4425395885887156,0.43511511342230497,0.4138622303020054,0.43966468899881156,0.4324974046045369,0.40585525914025466,0.4264681012979326,0.4336109584407898
C18-neg_Cluster_1303: NA,0.43360367724084803,0.43539226877492637,0.4365102852821113,0.4099010226562757,0.4375566641769661,0.40655519384433264,0.4455824255321148,0.4511079167782335,0.42602888052725285,0.45037627362279625,0.43326146084358574
C18-neg_Cluster_0891: NA,0.4417597955626959,0.4531865819228945,0.43086030900473044,0.4181264298162789,0.4112010691620044,0.444988185665901,0.4561624788023131,0.4496892571766795,0.41453867726433574,0.41152754877229575,0.4332040333150128
C18-neg_Cluster_0008: NA,0.4312502055177403,0.44675211507114443,0.44304574942337593,0.42926431695298223,0.4423516866547349,0.4262156080741461,0.42604532194647615,0.4220512314622999,0.3990778712589899,0.4658441259506663,0.43318982323125554
C18-neg_Cluster_2112: NA,0.4174358902089,0.4372771600501698,0.414176966041423,0.4240523870591938,0.4022968662654961,0.4346500561357028,0.41699901821239493,0.4626016432024127,0.4414004331139578,0.48000371106319617,0.43308941313528465
C18-neg_Cluster_0694: NA,0.462292779398432,0.42842463018550625,0.4478583877074555,0.41842002658812366,0.41510355745336514,0.41062209632792646,0.4779767189503798,0.40828624041112943,0.43250327653997384,0.4258456761416217,0.4327333389703914
C18-neg_Cluster_0531: NA,0.44462647444298825,0.4294428237902639,0.4196120294818134,0.42566716930434007,0.42003480883326993,0.4452582946959982,0.43509162568055737,0.4104647284582177,0.4435859674835704,0.4526510614110496,0.4326434983582069
C18-neg_Cluster_1669: NA,0.43043283210492445,0.4250200820191943,0.44261357497522047,0.45023769594648555,0.4261463192359908,0.41217346167035424,0.44116085814813255,0.4282238099935644,0.4187042282632694,0.4508765625220198,0.4325589424879156
C18-neg_Cluster_0252: NA,0.430437529653274,0.4769326888296998,0.42192674643103767,0.41413468810627735,0.4341415465268677,0.42985385927084657,0.4238245559642423,0.455765535966779,0.40705430835646883,0.43120205564715774,0.43252735147526505
C18-neg_Cluster_1848: NA,0.4500826768509515,0.42583158349657313,0.4202109668963768,0.43746036443580094,0.4435859674835704,0.4538642032723122,0.42095787708394994,0.4119879085105484,0.43333944014618775,0.425158659695505,0.43224796478717753
C18-neg_Cluster_0033: NA,0.44373041709531796,0.4438020547076481,0.4296553878530795,0.43895770797220934,0.4158880480277344,0.4641036842871705,0.3924555024732593,0.44502811482687193,0.42546752349948563,0.42224383094463,0.4321332271687407
C18-neg_Cluster_0007: NA,0.4088358535680229,0.43349093608045963,0.39756643507753303,0.4460897607538626,0.42052100508744483,0.44362354787036645,0.44361062961240527,0.4371150946321115,0.44392536535182286,0.4440709893506579,0.4318849617384687
C18-neg_Cluster_0190: NA,0.4158504676409382,0.4254369894352138,0.4198445581251145,0.4352936202595866,0.4051447549523904,0.44828703899434885,0.45032107742968946,0.44600872804483344,0.4433968911625023,0.4178116940768613,0.4307395820121479
C18-neg_Cluster_1474: NA,0.4481296711246401,0.4480756493186206,0.4173372416935602,0.4244058775724949,0.419626122126862,0.4412418908571617,0.4365877948298783,0.4146972195211319,0.42825669283201095,0.42762017503065153,0.4305978334907012
C18-neg_Cluster_1055: NA,0.43167298486919675,0.43777744894939336,0.40920695988763467,0.4282120661226906,0.43086030900473044,0.4360745876726937,0.41894850077744433,0.44257599458842434,0.44080854202191877,0.42701419129356394,0.4303151585187691
C18-neg_Cluster_0826: NA,0.4016016291097676,0.4330141349229837,0.44661940933027056,0.4251797986630778,0.4289225703105549,0.4331902929860906,0.46027753115648945,0.4457303983051246,0.410723093617441,0.41667488737627834,0.4301933745778078
C18-neg_Cluster_0478: NA,0.4455307525002701,0.43453731497531445,0.3859881527830626,0.43070176674793426,0.4453076189536681,0.4244892590556989,0.4212479506945326,0.4414603268554142,0.41306834463093717,0.4590397271663919,0.43013712143632243
C18-neg_Cluster_0281: NA,0.4311257204864781,0.4452676897926972,0.40910009066268316,0.43263950544210983,0.41914462342103653,0.44494121018240584,0.42844342037890426,0.4236613161590966,0.433176200341042,0.4318585380290027,0.4299358314895456
C18-neg_Cluster_0748: NA,0.3966539363106395,0.44054078176599637,0.41851632632928876,0.4454802538555129,0.43099653790686643,0.4344034348473532,0.43067240707074983,0.41906241632492003,0.44732521596978536,0.4341474184623045,0.4297798728843417
C18-neg_Cluster_0432: NA,0.42786914509317586,0.44207570568920085,0.42365074667531016,0.41802543252676433,0.40272551755238944,0.433662396595217,0.45453242952503087,0.4407333812483265,0.4493416385988153,0.4029463023248167,0.4295562695829047
C18-neg_Cluster_0511: NA,0.4274874692897777,0.4292971997914289,0.4068065126810318,0.4210706182443383,0.4369882608266746,0.4132339332102576,0.4455624609516294,0.4535365492749335,0.4346664975549261,0.42633422116997144,0.4294983722994969
C18-neg_Cluster_0069: NA,0.44066878995852066,0.43628010541298495,0.4165046012486084,0.42931246682356483,0.43667939702269387,0.4192902474198716,0.4138962875275394,0.42649276342676756,0.43859834552347127,0.4355801707089071,0.429330317507293
C18-neg_Cluster_0055: NA,0.4295649600473513,0.4073208942253038,0.43236822202492525,0.4470257472625037,0.45518186558435153,0.4013538334343306,0.437596593337937,0.42033075437928946,0.39636503708714427,0.4604748281871691,0.42875827355703067
C18-neg_Cluster_1307: NA,0.43650089018541227,0.4158786529310353,0.4213289834035617,0.45075912381328187,0.4430281336170653,0.43626366399376165,0.43730299656609223,0.42281693184327107,0.43071820816715756,0.38851895695636446,0.42831165414770034
C18-neg_Cluster_0004: 4-hydroxystyrene,0.43767410288570396,0.45125823832541795,0.4435272481292014,0.409626216077829,0.4186196723929781,0.43615562038172284,0.409592158852295,0.43161309112774043,0.42110115230861017,0.420704209473076,0.4279871709954575
C18-neg_Cluster_0470: NA,0.41858209200618196,0.44170694814376377,0.42186450391540653,0.4327416771187118,0.4136390967554034,0.42315398093734885,0.4364680073469656,0.4212385555978335,0.4186102772962791,0.4514825462591074,0.4279487685377002
C18-neg_Cluster_0800: NA,0.41735250872569607,0.4324469059597796,0.3897121342371416,0.4286982623768656,0.42951915895094356,0.44315849058376433,0.4494308920174561,0.42533834091987394,0.43927361809871435,0.42438708737909686,0.4279317399249332
C18-neg_Cluster_0363: NA,0.4420216838831814,0.43745801566162623,0.40881119143918787,0.4216942177877366,0.44534754811463895,0.44062416324920023,0.4175063534341428,0.38940679359442304,0.43284502318240115,0.4434532617426965,0.42791682520892343
C18-neg_Cluster_1773: NA,0.41896963974501705,0.4459265209487169,0.41725620898453103,0.40658572790860453,0.4414685475650259,0.435493266064441,0.4157060180291906,0.45400512972279766,0.42084631031064895,0.42259614707084375,0.4278853516349817
C18-neg_Cluster_0115: NA,0.44245855587968635,0.44903982111735885,0.4418643160134726,0.4075792593845272,0.4207911141175421,0.4264023356210394,0.4125351728932671,0.4361462252850238,0.41253634728035443,0.4231117030022032,0.4272464850594475
C18-neg_Cluster_1029: NA,0.42133602972608597,0.43022496559045836,0.47155047280824136,0.397188282435397,0.40525397295151666,0.42078876534336734,0.43291548640764393,0.4321051593173523,0.41439540203967556,0.44069814963570514,0.4266456686255443
C18-neg_Cluster_1058: NA,0.4445724526369688,0.41587982731812273,0.4199502529629786,0.42431075221841724,0.41981754722210485,0.4183894925238518,0.42446107376560177,0.4489024178281355,0.4220030815917173,0.42495079318103884,0.4263237691248937
C18-neg_Cluster_1622: NA,0.4096966793030718,0.42333718532298,0.41238837450734467,0.41824739168627895,0.41934896677424055,0.46156465940425695,0.4266219460063793,0.42411110641356276,0.4277775429003603,0.43780915740075255,0.4260903009719228
C18-neg_Cluster_1440: NA,0.4165363096999676,0.44157424240288995,0.42932655946861337,0.44399230541580353,0.42946983469327354,0.4325784373135661,0.4115604316107424,0.42216632139686305,0.39771440785054285,0.43479215697327567,0.42597110068255384
C18-neg_Cluster_1121: NA,0.4194006398060853,0.42190795623763955,0.43443866645997453,0.4230118800997759,0.41539245667686037,0.4311668240345364,0.44928761679279583,0.44655246926628994,0.4131094481789954,0.4051952535971477,0.42594632111501013
C18-neg_Cluster_1329: NA,0.42580339820647606,0.4284939190236616,0.42476876318249507,0.4341345002043434,0.42344640332210626,0.42658554000667054,0.416367197959385,0.43057258416832256,0.4294757066287105,0.4183695279433664,0.4258017540645537
C18-neg_Cluster_0505: NA,0.4224152914593874,0.42826961108997214,0.4530632712787197,0.4196531330298717,0.4252749240171555,0.4281944503163799,0.41000671749413986,0.4331386199542459,0.41976822296443494,0.4172949637584145,0.42570792053627216
C18-neg_Cluster_0593: NA,0.42123620682365875,0.4112386495488005,0.43373873175589656,0.4377938903686166,0.4224869290717174,0.4262590603963791,0.4235720627404558,0.4383857814606557,0.42195962926948427,0.4192808523231726,0.42559517937588376
C18-neg_Cluster_2018: NA,0.4192162610333667,0.42984328978706016,0.4079116109302555,0.4186877868440461,0.43588198819036345,0.43436233129929497,0.42286743048802833,0.4166314350540453,0.41894145445492004,0.4438830874166773,0.4248226675498058
C18-neg_Cluster_1452: NA,0.4275555837408457,0.4367275468932764,0.42603592684977715,0.4269096708427872,0.4128264208909371,0.4165022524744336,0.4339818298829841,0.42626023478346653,0.40488404101899217,0.4355437647091983,0.4247227272086699
C18-neg_Cluster_1985: NA,0.4154030261606468,0.43327367446929455,0.41468547565025815,0.4306500937160896,0.419121135679289,0.42152862920841616,0.4436247222574538,0.42575289956171875,0.42592670885065087,0.41613114615482183,0.42460975117086386
C18-neg_Cluster_1240: NA,0.4292208646307492,0.4257000521427867,0.4308262517791964,0.4279959788986128,0.41630612983084125,0.4151305683563748,0.40882410969714905,0.4185844407803568,0.4489364750536695,0.4221134739779309,0.4243638345147668
C18-neg_Cluster_1823: NA,0.4448413872799786,0.432695876022304,0.40614415836374995,0.4138880668179277,0.41097088929287806,0.44084377363454014,0.43598533425405284,0.4210483048896781,0.3976439446253001,0.43543806987133415,0.4239499805051744
C18-neg_Cluster_1793: NA,0.42602888052725285,0.4321709249942456,0.4262942920090005,0.417212756662298,0.41132320541909184,0.4430539701329876,0.44025658009085067,0.4112327776133636,0.42336537061307705,0.408188766282877,0.42391275243450444
C18-neg_Cluster_1549: NA,0.41710471305025915,0.43237996589579897,0.3990590810655919,0.41917280871113366,0.4287675512150209,0.4288896874721083,0.42601596226929167,0.42152158288589187,0.44205808988289014,0.42203596443016395,0.42370054068781515
C18-neg_Cluster_1864: NA,0.4277822404487098,0.4518278160627968,0.4116872654161793,0.39367686504413346,0.37454375061655326,0.43904461261667543,0.45004509646415536,0.43825777326813137,0.4326218896357991,0.41630730421792866,0.4235794613791063
C18-neg_Cluster_0482: NA,0.41849401297462857,0.4250881964702622,0.4314921292577404,0.4111623143881209,0.42813220780074884,0.4246466269254076,0.42941463850016676,0.4228991389393875,0.43138173687152676,0.4101605622025865,0.42328715643305764
C18-neg_Cluster_0084: NA,0.4255896597565731,0.40657868158608024,0.4223518745566689,0.42745810961259323,0.41746524988608447,0.4450022783109495,0.4058951883012256,0.423978400672689,0.40820873086336246,0.4499805051743495,0.42325086787205757
C18-neg_Cluster_1911: NA,0.4291245648895841,0.4331104346641488,0.4208263457301635,0.4169203342775406,0.4097976765925863,0.4293230363073512,0.434526745491528,0.41347703133734504,0.4163601516368608,0.4267640468439522,0.42302303677710607
C18-neg_Cluster_1765: NA,0.40578127275374987,0.4335320396285179,0.46001211967474176,0.41236371237850966,0.4009228333732625,0.41256335818336415,0.42968944507861356,0.41813465052589055,0.43329598782395473,0.4222908064281252,0.42285862258487306
C18-neg_Cluster_1488: NA,0.45480488732930285,0.4333253475011392,0.40653640365093463,0.41640477834618117,0.4221604494614261,0.42058794515142545,0.43077810190861393,0.42755088619249615,0.39805498010588275,0.41350404224035475,0.4223707821887757
C18-neg_Cluster_1035: NA,0.40882176092297434,0.4268944038106512,0.44096356111745283,0.4132804428380308,0.4180007703979294,0.44618723488211504,0.4084530033775373,0.42775288077152535,0.4127888405041409,0.420524528248707,0.42236674268710644
C18-neg_Cluster_1755: NA,0.4394826590002678,0.4087759598265665,0.4030155911629721,0.41976469980317277,0.4145034456517144,0.4315191401607501,0.4091541124687026,0.4495330636940581,0.40512596475899226,0.43986550919075335,0.42207401457179505
C18-neg_Cluster_0890: NA,0.41448817861957843,0.4369812145041503,0.42921264392113756,0.41448935300666584,0.41309065798559735,0.42857260295851596,0.4349647918751204,0.43921020119599585,0.3978576830752031,0.4087595184073432,0.4217626845549309
C18-neg_Cluster_1407: NA,0.4399535882223068,0.40800556189724585,0.4040666676061763,0.4222285639124941,0.42857847489395284,0.4289578019231763,0.42415573312288324,0.42783978541599144,0.4074254146760805,0.4199150213503573,0.4211126613020665
C18-neg_Cluster_1504: NA,0.4192291792913279,0.41948167251511437,0.4320711020918183,0.4193336997421046,0.4280006764469624,0.4263800222663792,0.42607937917201016,0.42993019443152614,0.4123872001202572,0.39808433978306723,0.42109774658605675
C18-neg_Cluster_1940: NA,0.43350150556424605,0.43463948665191643,0.40581298120510906,0.44756361654852334,0.41624858486355976,0.4018776100753017,0.3930262545977255,0.42875228418288497,0.40448709818345807,0.4432277794219197,0.4209137201294645
C18-neg_Cluster_0997: NA,0.40585408475316737,0.3975746557871447,0.39851064229578587,0.4222179944287077,0.42557791588569926,0.45161407761289385,0.41978583877074555,0.42733010142006883,0.41948754445055125,0.4407016727969673,0.4208654528201731
C18-neg_Cluster_0594: NA,0.4275332703861855,0.4437456841274539,0.4243635996373493,0.40759335202957575,0.4144059715234619,0.4272302785176416,0.39719063120957177,0.42290031332647493,0.4214734330153094,0.41948049812802696,0.4205917031901051
C18-neg_Cluster_0765: NA,0.44299407639153127,0.42918563301812784,0.39615364741141607,0.4393793129365784,0.40959568201355717,0.4219831170112318,0.4041664905086036,0.4240559102204559,0.430738172747643,0.4075416789977311,0.42057937212568763
C18-neg_Cluster_0469: NA,0.4333699742104596,0.43518557664754765,0.4191011710988035,0.41063971213423717,0.42708700329298144,0.42367071125579564,0.4115322463206453,0.43069472042540996,0.4012387434997675,0.4108593225195771,0.4203379181405224
C18-neg_Cluster_1853: NA,0.45319362824541876,0.42625436284802964,0.3930638349845216,0.40261982271452534,0.43307520305152747,0.4077789051893817,0.42569770336861196,0.43666647876473275,0.40313420425879737,0.4210330378575422,0.42025171812830886
C18-neg_Cluster_0021: NA,0.41938537277394927,0.4312502055177403,0.40750879615928454,0.40548415282064293,0.4140195981717142,0.4464291586221152,0.4283400743152149,0.43127604203366265,0.41664317892491914,0.401296288467049,0.4201632867806292
C18-neg_Cluster_1361: NA,0.43459016239424647,0.40795976080083807,0.4166279118927832,0.3985212117795723,0.41798902652705555,0.4059726978489926,0.4323600013153135,0.4148722031971514,0.42868299534472964,0.4394497761618212,0.41970257472625033
C18-neg_Cluster_1431: NA,0.4383258877191994,0.43346275079036256,0.40929621330627547,0.39332337453083244,0.433482715370848,0.41131028716113066,0.4231645504211352,0.41934896677424055,0.416246236089385,0.4155322087402585,0.4193493190903667
C18-neg_Cluster_0438: NA,0.41509885990501555,0.42970471211074945,0.4361838056718199,0.4332865927272556,0.3964859989571443,0.4177788112384147,0.423637828417349,0.43282153544065355,0.3968054322449114,0.40708953996909014,0.41888931166824045
C18-neg_Cluster_0279: NA,0.4202696862507458,0.441651751950657,0.41821333446074493,0.4159432442208412,0.4199267652212311,0.41530555203239433,0.4193665825805512,0.41737129891909414,0.39580485444646446,0.4249367005359903,0.41887897706187144
C18-neg_Cluster_1658: NA,0.42207119604278537,0.41550050028889923,0.42195728049530956,0.4222825857185135,0.409548706530062,0.422525683845601,0.40567088036753624,0.44680496249007645,0.415372492096375,0.40212775452491345,0.41838620424000716
C18-neg_Cluster_1972: NA,0.43579038599754794,0.4219831170112318,0.3937672928498617,0.40206316323510766,0.4496023525322135,0.44470515837784264,0.4076649896419059,0.39319654072539545,0.4166408301507444,0.41663613260239485,0.4182049963124245
C18-neg_Cluster_1552: NA,0.41821333446074493,0.4259255344635635,0.4334944592417218,0.41908590406666757,0.40429214992695317,0.4172010127914242,0.43015685113939045,0.42457264053890276,0.4116696496098686,0.3973080699183097,0.4181919606157547
C18-neg_Cluster_0225: NA,0.39719297998374653,0.4226208091996787,0.3678344771863565,0.4304657149433711,0.43931237287259783,0.40104849279161214,0.42218041404191153,0.42545108208026233,0.434356459363858,0.43768819553075256,0.41781509979941467
C18-neg_Cluster_1726: NA,0.4202685118636584,0.4224000244272515,0.41311062256608283,0.4080595837032652,0.42092264547132857,0.40625102758870146,0.41720453595268636,0.41595498809171494,0.427965444834341,0.4224704876524942,0.41746078721515245
C18-neg_Cluster_1211: NA,0.3888794937921899,0.40465620992404067,0.43869229649046165,0.41668428247297734,0.42017808405793017,0.40868318324666364,0.4006762120849129,0.4367310700545386,0.44348262141988104,0.41466903423103485,0.4173332487774631
C18-neg_Cluster_1110: NA,0.44258186652386117,0.4055440465620993,0.41654453040957923,0.42799715328570026,0.4250611855672525,0.4097565730445281,0.44539334921104684,0.39172973125325894,0.4041594441860793,0.4002898387331652,0.4169057718776571
C18-neg_Cluster_0022: NA,0.4147101377790931,0.41040718349093613,0.4083555292492848,0.41796319001113325,0.41944174335414347,0.4267804882631755,0.4061711692667597,0.39562399883500804,0.43518909980880977,0.43436115691220756,0.41690036969705513
C18-neg_Cluster_0427: NA,0.3857380083334508,0.44872273660376655,0.39758522527093115,0.4326947016352166,0.41732314904851164,0.4322672247354106,0.40550998933656524,0.39116719983840437,0.44431643625192013,0.41310005308229636,0.41684247241364736
C18-neg_Cluster_1890: NA,0.4218140052706493,0.3942264782010269,0.41532903977414193,0.4326312847324982,0.40463859411772996,0.4576762637579448,0.4234099973223974,0.40110368898471893,0.4199784382530758,0.3968465357929697,0.41676543262071536
Phe_DCA,0.3915747121577249,0.43702584121347077,0.3822900078449058,0.423098784744242,0.43274989782832346,0.44761998712871753,0.43651263405628604,0.414176966041423,0.39841316816753336,0.4009016944056897,0.41643636935883166
C18-neg_Cluster_1436: NA,0.4039938556067589,0.4165691925384142,0.3910004368719966,0.41893088497113357,0.42149574636996956,0.4092879925966638,0.42439178492744634,0.4268345100691949,0.41949106761181343,0.4290541016643414,0.4161049573227733
C18-neg_Cluster_1781: NA,0.3997413999633591,0.41792678401142447,0.4119362354787037,0.41808767504239547,0.4343282740737609,0.42471591576356305,0.41885454981045395,0.4306864997157983,0.4127230748272477,0.3911718973867539,0.4160172306073461
C18-neg_Cluster_1011: NA,0.4177412308516186,0.4418678391747347,0.4080701531870517,0.39397868252558993,0.4158387237700644,0.42886032779492383,0.4083496573138479,0.4236895014491937,0.39646720876374625,0.42470299750560186,0.41595663223363727
C18-neg_Cluster_1293: NA,0.4157529935126858,0.41699549505113287,0.4220312668818144,0.41599844041394796,0.4203401494759885,0.4193395716775415,0.4256436815625925,0.4274534120642437,0.41022163033113024,0.38525533524053795,0.4159031976211616
DCA,0.4033080135477295,0.4182121600736576,0.42111524495365865,0.41242712928122816,0.4088464230518093,0.42824847212239936,0.4394486017747338,0.43326075621133336,0.3999046397685049,0.3922769956359776,0.41570484364210325
C18-neg_Cluster_0075: NA,0.41051287832880023,0.3999586615745243,0.4301756413327884,0.4356741216758974,0.42419448789676667,0.41337133649948093,0.4174311926605505,0.4120842082517135,0.3930579630490847,0.42042587973336715,0.41568863710029735
C18-neg_Cluster_0801: NA,0.4073044528060805,0.42343465945123243,0.3867244934868493,0.41610765841307423,0.45295170450541866,0.418129952977541,0.4311268948735655,0.38345030228723637,0.410233374202004,0.4254076297580293,0.4154871122761031
C18-neg_Cluster_0149: NA,0.4314005270649248,0.42583275788366054,0.40141490156287435,0.40042724202238855,0.4122732845727815,0.4180888494294828,0.4181957186544343,0.41593267473705475,0.42732892703298153,0.4037942098019044,0.4154689092762488
C18-neg_Cluster_1192: NA,0.4265667498132725,0.38999868468646215,0.40930325962879976,0.42094143566472664,0.41311414572734495,0.4236096431272519,0.4132973501129761,0.4177341845290943,0.421107024244047,0.4176789883359875,0.4153351465869963
C18-neg_Cluster_1423: NA,0.4071059813883135,0.44636809049357146,0.39208909370199696,0.4104013115554992,0.40675836281044925,0.4046526867627785,0.439873729900365,0.41738186840288055,0.4018799588494764,0.42574350446501974,0.4152254588330351
C18-neg_Cluster_0928: NA,0.42351921532152376,0.41074540697210127,0.39833448423267903,0.4266841885220104,0.41650695002278315,0.4140489578488987,0.4216777763685133,0.42017103773540593,0.4057965397858858,0.40665384235967256,0.41441383991694736
C18-neg_Cluster_1483: NA,0.43637757954123746,0.43716441888978147,0.39804206184792157,0.4182356478154052,0.40122699962889374,0.38405628602432396,0.41088398464841197,0.40595625642976935,0.42869591360269077,0.41814874317093914,0.4138787891599375
C18-neg_Cluster_1875: NA,0.41023572297617883,0.4248474471173495,0.4150601051311321,0.41837892304006546,0.4142427317183162,0.41491800429355924,0.4033549890312247,0.41590566383404504,0.4205174819261828,0.4008429750513207,0.41383040441193747
C18-neg_Cluster_1983: NA,0.39794341333258176,0.4356846911596838,0.4185175007163761,0.42936883740375903,0.4293042461139531,0.39428519755539587,0.4090578127275375,0.4132703392099663,0.3770463694997581,0.4309472136491965,0.41354256213682083
C18-neg_Cluster_2036: NA,0.41284051353598566,0.4152315656458894,0.4213348553389986,0.396897034437727,0.41300845088948085,0.43111867416395383,0.4031565176134575,0.4076050959004496,0.41298613753482055,0.4202614655411341,0.4134440310601897
C18-neg_Cluster_0259: NA,0.3776828873011176,0.42682041742414634,0.39691699901821237,0.4199009287053087,0.4315214889349249,0.4347710180057029,0.39936207293413567,0.4059081065591868,0.4109098211643344,0.42707408503502026,0.413086782508209
C18-neg_Cluster_0735: NA,0.3877837906396652,0.4139209496563744,0.4453146652761924,0.40719288603277953,0.4190823809054055,0.400165353701903,0.4410704303424043,0.4019210623975348,0.39474203413238634,0.4168592661489969,0.4128052819233642
C18-neg_Cluster_0636: NA,0.40774602235093504,0.414997862615501,0.46482123479755916,0.38396116067024627,0.38943732765869493,0.4139467861722967,0.4261533655585151,0.387591191157335,0.40345481193365185,0.4319502670410409,0.41240600299557767
C18-neg_Cluster_0504: NA,0.4163718955077345,0.4186184980058907,0.41362382972326744,0.4354756502581303,0.4015358634328744,0.4122685870244319,0.3938894291069491,0.40789869267229434,0.41098380755083924,0.4131435054045294,0.41238097586869416
C18-neg_Cluster_0888: NA,0.40522109011306995,0.43947561267774354,0.424269648670359,0.4159808246076373,0.4038294414145258,0.40556283675549737,0.415862211511812,0.40808894338044976,0.4059914880423907,0.39794693649384383,0.41222290336673295
C18-neg_Cluster_0419: NA,0.3844485313115085,0.4117682981252085,0.40127280072530147,0.4235896785467665,0.4419371280128901,0.4264140794919132,0.4121652409607426,0.3936792138183082,0.37655547569723363,0.45029641530085457,0.41221268619907275
C18-neg_Cluster_0194: NA,0.4343635056863823,0.3967467128905424,0.4222955039764747,0.3564910723093618,0.4193771520643376,0.40878770369744033,0.4149861187446272,0.4147347999079281,0.44318667587386146,0.4079538888654012,0.4118923134016358
C18-neg_Cluster_0092: NA,0.41820511375113334,0.4301591999135651,0.4207781958595809,0.4024988608445253,0.40478421811656495,0.4160184049944334,0.391646349770055,0.4153043776453069,0.41346881062773344,0.40212423136365133,0.4114987762886549
C18-neg_Cluster_1839: NA,0.39450245916656096,0.42719152374375813,0.4136661076584131,0.3893680388205396,0.4094183495633629,0.4055076405623906,0.40945358117598424,0.41621452763802574,0.4368931354725969,0.4087665647298675,0.41109819285314997
C18-neg_Cluster_0428: NA,0.3924977804084049,0.43148743170939086,0.4022428444594766,0.42153097798259087,0.43536878103317883,0.4047231499880213,0.39421003678180355,0.43558134509599444,0.41885102664919177,0.37383794397703835,0.4110331318085092
C18-neg_Cluster_1456: NA,0.39565570728636723,0.40850702518355675,0.41195972322045127,0.445099752439202,0.41242712928122816,0.39490997148588153,0.43595480018978094,0.38827703321636436,0.4109262625835577,0.4031612151618071,0.41068786200481966
C18-neg_Cluster_0492: NA,0.39903559332384436,0.4099867529136544,0.43072642887676926,0.4118963063177328,0.3935324154323858,0.4176801627230749,0.41298613753482055,0.3965259281181152,0.4182450429121042,0.4026303921983117,0.4093245160350813
C18-neg_Cluster_0539: NA,0.38739859167500484,0.4161628546061811,0.35536248631839046,0.4185492091677354,0.4306782790061867,0.39471854639063875,0.41391625210802485,0.41437073991084056,0.42625788600929176,0.432637156667935,0.40900520018602293
C18-neg_Cluster_2000: NA,0.39973083047957275,0.3974583914654942,0.40123287156433063,0.43084621635968195,0.41102256232472273,0.40867613692413934,0.40741484519229415,0.41402194694588895,0.3935007069810266,0.4253442128553108,0.40892487210924616
C18-neg_Cluster_0207: NA,0.4051177440493806,0.4010860731784082,0.4094594531114212,0.4062228422986044,0.4203237080567652,0.4110671890340431,0.40970490001268345,0.4091846465329744,0.38085490682412854,0.4354228028391982,0.4088444265937607
C18-neg_Cluster_0836: NA,0.39649304527966855,0.42642582336278695,0.4102780009113244,0.39749127430394077,0.40526571682239043,0.4215086646279307,0.380918323726847,0.40799029486510996,0.43438699342812986,0.4028875829704478,0.4083645720298577
C18-neg_Cluster_1783: NA,0.3979798193322905,0.40426396463685604,0.4362225604457034,0.38457301634277075,0.3879740413478206,0.38974736584976305,0.4101053660094797,0.4224246865560864,0.4427204442001719,0.40220878723394266,0.4078220051954885
C18-neg_Cluster_0310: NA,0.40877126227821703,0.45062641807240805,0.3961313340567558,0.39652240495685304,0.40979297904423684,0.40094162356666063,0.4036321443838461,0.43217209938133294,0.38075860708296344,0.39874082216491213,0.4078089694988186
C18-neg_Cluster_0499: NA,0.4011729778228743,0.4365220291529851,0.4156367291910352,0.3928641891796672,0.39765099094782436,0.41027447775006226,0.3888172512765588,0.42157090714356177,0.40876539034278014,0.4037284441250112,0.407700338693236
C18-neg_Cluster_1957: NA,0.4092633304678288,0.40635554803947826,0.3741984808128638,0.3908090117767537,0.40660334371491524,0.4096555757550135,0.4213207626939501,0.43101885126152667,0.40957924059433387,0.41692268305171537,0.4075726828168379
C18-neg_Cluster_2090: NA,0.39288767692141474,0.4094406629180231,0.4154206419669575,0.3977097103021933,0.40665619113384727,0.4160289744782198,0.3824191904245174,0.4030519971626808,0.4187723427143374,0.4291386575346327,0.4071526045556825
C18-neg_Cluster_0705: NA,0.3975863996580185,0.39086068480859837,0.40406314444491426,0.4125281265707428,0.42916331966346766,0.4124834998614224,0.39787647326860115,0.3976956176571448,0.409344363176858,0.41795614368860895,0.40695577727983767
C18-neg_Cluster_1026: NA,0.4034266266435548,0.4143355082982192,0.40472902192345817,0.38611498658849946,0.3844837629241299,0.4067818505521968,0.42641995142735006,0.4078763793176341,0.42561784504667016,0.4084952813126829,0.40682812140343955
C18-neg_Cluster_1157: NA,0.41252342902239325,0.38613847433024706,0.4281392541232731,0.4213924003062801,0.38138572978762386,0.41785632078618173,0.409592158852295,0.40230743574928246,0.3961430779276296,0.40809598970297406,0.40635742705881794
C18-neg_Cluster_1704: NA,0.3907315022289867,0.419102345485891,0.3785812934229626,0.4034595094820014,0.40902845305035307,0.41768838343268655,0.4199385090921049,0.4083015074432654,0.4099726602686058,0.40332562935404015,0.40601297932608976
C18-neg_Cluster_0649: NA,0.36291849283858757,0.4108170445844314,0.39240148066723984,0.43861243816851986,0.42315985287278574,0.4184329448460849,0.4028793622608361,0.43030482391240016,0.38766400315675253,0.3905482978433556,0.40577387411509935
C18-neg_Cluster_1655: NA,0.40549472230442934,0.4313077504850219,0.39833683300685374,0.3770933449832533,0.4034172315468557,0.39402565800908507,0.42882039863395294,0.4166337838282201,0.37472343184092227,0.42697895968094257,0.4056832114319537
C18-neg_Cluster_0754: NA,0.42941228972599205,0.4018975746557872,0.38991295442908347,0.41726912724249215,0.39677607256772696,0.41169078857744146,0.3962405520558821,0.39059997087520026,0.4221346129455038,0.4007924764065634,0.40567264194816727
C18-neg_Cluster_1790: NA,0.3903592215222876,0.420310789798804,0.3920198048638416,0.39921410016112596,0.37499119209684467,0.42601948543055385,0.4047889156649145,0.42093086618094017,0.42002776251074564,0.4028100734226807,0.4051472211652739
C18-neg_Cluster_0185: NA,0.38681961884092697,0.39749832062646506,0.3863486896188879,0.37600468815325283,0.4083531804751101,0.45302334211774875,0.4163460589918122,0.40458339792462317,0.4006738633107381,0.418445863104046,0.40480970231636115
C18-neg_Cluster_0484: NA,0.39974962067297076,0.39402918117034724,0.40565443894831293,0.40232387716850576,0.39677254940646484,0.4131622955979275,0.37550792241529146,0.4133055708225877,0.40372257218957425,0.43411453562385793,0.40383425640158405
C18-neg_Cluster_1395: NA,0.3998752800913204,0.4100337283971496,0.3687000004697548,0.4105610281993828,0.3991189748070482,0.41251285953860684,0.42098488798695965,0.40796445834918754,0.40702025113093476,0.40091108950238874,0.4037682558472733
C18-neg_Cluster_0113: NA,0.3692672294329589,0.44882021073201894,0.40484176308384656,0.41216993850909217,0.364375907214025,0.4248063435692912,0.38657886948801423,0.42178347120637744,0.4010813756300587,0.39658934502083365,0.40303144538865165
C18-neg_Cluster_1627: NA,0.40168031304462204,0.3883639378608304,0.4142168952023939,0.39737500998229025,0.413535750691714,0.42285216345589244,0.4132574209520052,0.39647073192500837,0.4124353499908398,0.3686025263415024,0.4028790099447098
C18-neg_Cluster_1170: NA,0.3819012857189833,0.3903486520385011,0.3844015558280134,0.4080208289293818,0.40662918023083755,0.39370152717296847,0.42269831874744573,0.39312960066141484,0.446639373910756,0.3998506179624854,0.4027320941200788
C18-neg_Cluster_1042: NA,0.4322026334456048,0.4026151251661758,0.3988629584219996,0.4068558369387017,0.3878284173489856,0.38298172183937207,0.40725982609676015,0.4115874425137521,0.3929428731145216,0.4041477003152055,0.402728453520108
C18-neg_Cluster_1252: NA,0.4333817180813334,0.41883341084288117,0.40562742804530316,0.38335047938480904,0.4221005557199698,0.390218295071802,0.39560755741578474,0.3920538620893756,0.36894897053227926,0.4155744866754041,0.40256967638589425
C18-neg_Cluster_1269: NA,0.40110368898471893,0.4009897734372431,0.4341403721397803,0.4016626972383114,0.4128041075362769,0.37613856828121406,0.38954184810947173,0.3819106808156823,0.43787257430347104,0.3891449052739375,0.40253092161201076
C18-neg_Cluster_1889: NA,0.3983016013942324,0.3772166556274281,0.4078775537047215,0.40614533275083736,0.40173668362481624,0.4297610826909436,0.4134476716601606,0.39499922490452233,0.40971429510938245,0.38428059395801334,0.40234806954250574
C18-neg_Cluster_0139: NA,0.4077542430605467,0.4058317713985071,0.41840123639472565,0.4214170624351152,0.37632999337645684,0.399737876802097,0.37934229625558424,0.41460914048957853,0.40211835942821444,0.3976075386255913,0.40231495182664173
C18-neg_Cluster_0948: NA,0.4006632938269517,0.42291440597152347,0.39637912973219286,0.4182344734283178,0.3926504507297642,0.409009662856955,0.4080267008648187,0.41522921687171466,0.38877849650267526,0.36361020683305384,0.4015496037617967
C18-neg_Cluster_0623: NA,0.3801502745717011,0.4212409043720083,0.3648609290811126,0.43433414600919784,0.400490658925107,0.4038071280598656,0.391946992864424,0.41325507217783036,0.39840494745792177,0.40644362707103165,0.40149346805902003
C18-neg_Cluster_0797: NA,0.41321631740394693,0.4264176026531753,0.387994005928306,0.3825941741005369,0.401379669950253,0.42054566721627984,0.39985296673666015,0.4125445679899661,0.3728632026945138,0.39574143754374597,0.4013149612217385
C18-neg_Cluster_0486: carnosol,0.4104459382648196,0.3873504418044223,0.3896134857218018,0.39330340995034696,0.40138201872442775,0.4093572814348192,0.3902394340393749,0.41473245113375334,0.4099409518172466,0.4055428721750119,0.4011908285066024
C18-neg_Cluster_1039: NA,0.41830611104064797,0.4156003231913265,0.40022994499170883,0.3943356962001532,0.3566472657919832,0.3740927859749997,0.41471953287579216,0.39908726635568903,0.43311278343832355,0.4052011255325846,0.4011332835393208
C18-neg_Cluster_0362: NA,0.38917074178985994,0.42341117170948483,0.3966832959878239,0.403861149865885,0.4217588090775425,0.42370711725550436,0.39133161403063743,0.3847115940190815,0.36089737266120814,0.41554512699821966,0.40110779933952473
C18-neg_Cluster_1274: NA,0.4044048910873415,0.394040925041221,0.42272063210210586,0.3667070655824725,0.38642619916665494,0.40539137624074,0.408033747187343,0.41790681943093905,0.38535633253005264,0.4183530865241431,0.40093410748930136
C18-neg_Cluster_1428: NA,0.399592252803262,0.38162647914053655,0.41508476725996707,0.3855301418189847,0.4116978348999657,0.40105788788831115,0.40290519877675846,0.40274900529413704,0.4145492467481222,0.39404562258957054,0.4008838437219615
C18-neg_Cluster_1233: NA,0.4161088328001616,0.4070378669372455,0.3818413919775269,0.411506409804723,0.40065859627860223,0.39772967488267874,0.384468495891994,0.4040596212836521,0.4068617088741386,0.39844017907054313,0.4008712777801266
C18-neg_Cluster_0696: NA,0.41199612922016005,0.4153830615801613,0.41507419777618065,0.3608304325972275,0.37989425818665234,0.37863296645480726,0.434303611944926,0.39172385931782205,0.4220852886878338,0.39777782475326123,0.40077016305190327
C18-neg_Cluster_0856: NA,0.40088760176064114,0.3867796896799561,0.37947852515772024,0.42782686715803026,0.37875862587315684,0.4119879085105484,0.40871958924637236,0.39274792485801663,0.4032716075480207,0.4151387890659865,0.4005597128858449
C18-neg_Cluster_1570: NA,0.3784485876820887,0.40126927756403935,0.4300570282369631,0.40669142274646863,0.3951847780643282,0.40437318263598226,0.41008540142899425,0.38652602206908215,0.4109156930997713,0.3808666506950023,0.400441804422272
C18-neg_Cluster_1289: NA,0.42088389069744503,0.3983720646194751,0.38918248566073366,0.4146866500373455,0.38601516368607225,0.3867820384541308,0.4011048633718063,0.417615571433269,0.38419603808772207,0.40552643075578854,0.40043651968037886
C18-neg_Cluster_0394: 9.10-diHOME,0.407897518285207,0.39631453844238695,0.4112562653551112,0.42166485811055215,0.36670236803412304,0.41348055449860716,0.41988213851191064,0.39473381342277464,0.4085375592478286,0.36287504051635455,0.4003344654424856
C18-neg_Cluster_1705: NA,0.40846004970006156,0.40239199161957384,0.39370387594714323,0.39239795750597767,0.36679397022693855,0.4125246034094806,0.4189355825194831,0.3859012481385965,0.41207246438083966,0.4069685780990901,0.4000150321547185
C18-neg_Cluster_0887: NA,0.3990778712589899,0.4133736852736557,0.4293171643719143,0.40746182067578934,0.3926762872456865,0.36541993733470507,0.38665285587451914,0.38852600327888875,0.4403035555743458,0.3746259577126697,0.3997435138601164
C18-neg_Cluster_1382: NA,0.411525199998121,0.4070249486792843,0.4055182100461769,0.38595292117044117,0.39626521418471705,0.43022379120337095,0.4023062613621951,0.3785566312941276,0.4002816180235535,0.3778578709771371,0.3995512666939125
C18-neg_Cluster_1280: NA,0.3673377114483951,0.41490156287433594,0.3686025263415024,0.3958447836074353,0.3882958234097625,0.42905175289016667,0.39083132513141394,0.4026996810364671,0.40070439737501,0.4366206776683249,0.39948902417828136
C18-neg_Cluster_1217: NA,0.3936428078185995,0.39831686842636826,0.4111834533556937,0.3990449884205433,0.39486064722821157,0.40108372440423345,0.4073021040319057,0.41449992249045226,0.38696054529141244,0.3833669208040324,0.39902619822714525
C18-neg_Cluster_0853: NA,0.3918131127364629,0.3733764098516984,0.3724592135364554,0.39159585112529777,0.4137952902380248,0.3957191241890857,0.40394688012326374,0.4154406065474429,0.41983516302841545,0.40885464376142094,0.3986836295137568
C18-neg_Cluster_1277: NA,0.413696641722685,0.3753470313843205,0.3821326399751969,0.3957660996725809,0.40515767321035157,0.40419467579870066,0.41074305819792656,0.3971612715323873,0.40380243051151604,0.3977202797859797,0.3985721801791645
C18-neg_Cluster_1614: NA,0.4151599280335593,0.3986386504883102,0.3646471906312096,0.4127806197945293,0.4080443166711294,0.3902547010715108,0.386342817683451,0.3992117513869512,0.41173424089967453,0.39537855193374577,0.39821927685940717
C18-neg_Cluster_0946: NA,0.4214311550801637,0.4072469078387989,0.38862817495549073,0.40289345490588463,0.38176740559102207,0.414341380233656,0.3927843308577254,0.39616656566937714,0.39704383282364936,0.3784133560694674,0.3980716564025235
C18-neg_Cluster_1020: NA,0.41529263377443315,0.36154445994635404,0.4141264673966657,0.3937226661405413,0.3624628306486845,0.3760833720881072,0.4167101189888997,0.3808619531466528,0.4203988688303575,0.4367451626995871,0.39779485336602827
C18-neg_Cluster_1321: NA,0.39777430159199917,0.4073056271931679,0.3868219676151017,0.4034900435462732,0.39790230978452346,0.4021547654279232,0.4065692864893812,0.39186361138122017,0.37834054407004986,0.4049122263090893,0.3977134683408729
C18-neg_Cluster_1213: NA,0.4267135481991949,0.39876900745500926,0.38793528657393705,0.4098516983986058,0.4009686344696703,0.4034512887723897,0.3635268253498499,0.3939775081385025,0.3992845633863687,0.38751015844830583,0.3971988519191834
C18-neg_Cluster_0301: NA,0.36462605166363676,0.415862211511812,0.3933175025953955,0.4198762665764738,0.40320584187112746,0.39225115912005526,0.38646847710180054,0.37841453045655477,0.4211035010827849,0.39296048892083224,0.3968086030900474
C18-neg_Cluster_2030: NA,0.38235812229597377,0.416333140733851,0.42265838958647484,0.38549373581927593,0.39748540236850394,0.39543492251393997,0.36022444886013993,0.4069967633891872,0.40012777331510685,0.3992317159674366,0.39663444148498905
C18-neg_Cluster_0740: NA,0.37872691742179754,0.3760946391856255,0.3793704815456813,0.42933595456531237,0.42710696787346686,0.41361326023948103,0.38717545812840276,0.4076779078998671,0.3833974548683043,0.3788032525824772,0.3961302294310416
C18-neg_Cluster_0681: NA,0.3734198621739314,0.41901426645433754,0.3811778632731577,0.3903556983610254,0.40816762731530415,0.4294991943704581,0.39349483504558974,0.40976127059287765,0.37623134486111703,0.3792647867078172,0.3960386749155616
C18-neg_Cluster_0855: NA,0.40720228112947854,0.38376621241374126,0.37982966689684655,0.39126349957956946,0.38931284262743276,0.4176707676263758,0.40402556405811807,0.38834045011908286,0.40451293469938043,0.39301333633976426,0.39589375554897904
C18-neg_Cluster_0046: NA,0.3822477299097601,0.4236343052560869,0.42600774155968,0.4049580274054971,0.3794327240613124,0.3663524006820841,0.3777697919455836,0.4328802547950225,0.37875157955063254,0.3827210079059739,0.3954755563071633
C18-neg_Cluster_2094: NA,0.4221428336551154,0.393535938593648,0.3855876867862663,0.389908256880734,0.4018729125269522,0.3686130958252888,0.3716629790912123,0.4199807870272505,0.40129041653161224,0.40012894770219426,0.3954723854620274
C18-neg_Cluster_1515: NA,0.4021794275567581,0.41644705628132683,0.36744810383460874,0.4079632839621002,0.3995194408038445,0.39978837544685436,0.41209830089676197,0.3823099724253912,0.3728843416620866,0.39376024652733743,0.395439854939707
C18-neg_Cluster_1334: NA,0.4019633403326804,0.40052001860229147,0.3762841922800491,0.4081230006059837,0.4040420054773414,0.39435448639355125,0.38537629711053806,0.39931862061190265,0.3974466475946204,0.3861995424587908,0.3953628151467749
C18-neg_Cluster_0289: NA,0.39475260361617276,0.39006445036335535,0.3904026738445206,0.41105192200190716,0.40132682253132096,0.39749127430394077,0.39259408014957,0.37954429083461344,0.405750738689478,0.38564170859228575,0.39486205649271644
C18-neg_Cluster_1791: NA,0.39349013749724027,0.42663838742560256,0.3901337392015108,0.4122533199922961,0.37675864466335024,0.408514071506081,0.3740692982332521,0.4159679063496761,0.3553143364478079,0.38581434349413046,0.3938954184810947
C18-neg_Cluster_1569: NA,0.39274909924510404,0.41143829535365495,0.3913198701597636,0.42351921532152376,0.3943991131028716,0.3845671444073338,0.3761761486680102,0.3713928700611151,0.40165682530287444,0.39110965487112276,0.3938328236493374
C18-neg_Cluster_1209: NA,0.4072281176454009,0.4005329368602527,0.39378608304325974,0.3919740037674338,0.3887056845032578,0.37437816203723284,0.4059938368165654,0.40104496963034997,0.38735396496568447,0.3818648797192746,0.3932862638988712
C18-neg_Cluster_0086: NA,0.4022357981369523,0.3898882923002485,0.3882699868938401,0.41606538047792857,0.39159585112529777,0.39231927357112323,0.3794937921898561,0.4101147611061787,0.3612884435613054,0.39912954429083464,0.3930401123653565
C18-neg_Cluster_0260: NA,0.3941513174274346,0.4065869022956919,0.3754280640933497,0.3847797084701495,0.4341462440752171,0.40144778440132095,0.35606476979664314,0.39695105624374644,0.4088992704707413,0.371510308769853,0.3929965426044148
C18-neg_Cluster_0274: NA,0.38654363787539286,0.38531170582073215,0.38989651300986017,0.4041911526374385,0.400345034926272,0.39752533152947483,0.3624992366483933,0.3993738168050095,0.3996521465447183,0.40001620654180586,0.3925354782339098
C18-neg_Cluster_1532: NA,0.36232307858528634,0.4110624914856936,0.38778026747840305,0.38403397266966377,0.3993209693860775,0.3926903798907351,0.39097577474316153,0.4080971640900614,0.366906711387327,0.4209320405680275,0.39241228502844366
C18-neg_Cluster_1882: NA,0.38947373365840365,0.36116395853004324,0.3998905471234563,0.4013303456925831,0.38518722078947004,0.3999046397685049,0.4079374474461779,0.39524936935413413,0.3832154248697605,0.40014773789559227,0.39235004251281264
C18-neg_Cluster_0570: NA,0.3712366765784937,0.4075416789977311,0.37160425973684336,0.3699107935568427,0.401370274853554,0.3818954137835464,0.40034033737792246,0.41605950854249174,0.374725780615097,0.42513986950210686,0.3919824593544629
C18-neg_Cluster_1375: NA,0.38799635470248084,0.4006668169882138,0.3919364233806377,0.3975676094646204,0.38162413036636184,0.39056826242384096,0.39978132912433006,0.39281369053490983,0.39793636701005747,0.37852022529441887,0.3919411209289872
C18-neg_Cluster_0112: NA,0.3964495929574355,0.4024706755544281,0.38995992991257866,0.40553347707831283,0.37459542364839793,0.3991882636452036,0.3705379162615031,0.3909534613885014,0.3884978179887917,0.39888644616374713,0.39170730045989
C18-neg_Cluster_2056: NA,0.38865753463267516,0.37951140799616684,0.3643336292788794,0.39240500382850196,0.4051752890166622,0.4150953367437535,0.3958483067686975,0.41665139963453074,0.3897438426885009,0.368557899632182,0.391597965022055
C18-neg_Cluster_0062: NA,0.4014301685950103,0.4069791475828765,0.39329753801491,0.38774738463995645,0.3787222198734481,0.39451537742452214,0.3561270123122742,0.3984683643606402,0.3989980129370481,0.3902030280396661,0.39064882537803525
C18-neg_Cluster_0886: NA,0.3922758212488902,0.39239560873180296,0.4367557321833735,0.3843369645382075,0.3894843031421901,0.36988965458926987,0.34523926962518264,0.37315914824053326,0.43089554061735186,0.38871507959995677,0.39031471225167585
C18-neg_Cluster_0474: NA,0.43013806094599233,0.3797768194779145,0.37155493547917345,0.3774726720124767,0.39535271541782346,0.3882923002485003,0.41352870436918976,0.3621727570381018,0.3750381675803398,0.40712359719462415,0.3900450729764136
C18-neg_Cluster_1141: NA,0.3856698938823828,0.3924390610540359,0.4212479506945326,0.3955453149001536,0.3982205686852032,0.36342465367324794,0.3725461181809214,0.3958577018653965,0.41458917590909306,0.3607658413074217,0.39003062801523886
C18-neg_Cluster_1435: NA,0.36599891016878294,0.36719326183664747,0.38328353932082854,0.4032269808387003,0.35425503929499197,0.37843097187577807,0.383074498419275,0.43524194722774184,0.4162603287344335,0.41230381863705334,0.38992692963542325
C18-neg_Cluster_1586: NA,0.38620424000714026,0.38938565462685026,0.39200218905753087,0.3985858030693781,0.3782219309742246,0.41240011837821844,0.3774832414962631,0.38564875491481,0.37664120595461237,0.3998776288654951,0.3896450767344523
C18-neg_Cluster_0381: NA,0.38735983690112136,0.3873328259981116,0.40375780380219567,0.3867233190997618,0.38561822085053815,0.41592915157579263,0.3821103266205368,0.3840433677663627,0.3654387275281031,0.395939908961513,0.3894253489104037
C18-neg_Cluster_2001: NA,0.3910650281618024,0.3783205794895644,0.38706624012927654,0.3882453247650052,0.4070660522273426,0.3799494543797592,0.3729548048873293,0.40132564814423355,0.3839071388642268,0.4039445313490889,0.38938448023976285
C18-neg_Cluster_1685: NA,0.40053058808607794,0.3953221813535516,0.3656783024939284,0.40062923660141775,0.3990849175815142,0.3821725691361679,0.3742360611996599,0.3969299172761736,0.39339148898190035,0.38480084743772225,0.38927761101481134
C18-neg_Cluster_0751: NA,0.3952282303865613,0.40694626474442996,0.36288443561305356,0.4193019912907454,0.3811813864344199,0.38107334282238103,0.3853410654979167,0.3962593422492801,0.3747269550021844,0.3885318752143257,0.38914748892552986
C18-neg_Cluster_0917: NA,0.4085035020222946,0.4020103158161755,0.3824379806179155,0.3673388858354825,0.4032774794834576,0.3856017794313148,0.37859303729383637,0.3841302724108288,0.36673877403383176,0.4127242492143351,0.38913562761594733
C18-neg_Cluster_0912: NA,0.38000465057286603,0.3979939119773391,0.38404806531471225,0.40795506325248854,0.39794576210675653,0.3576865983643137,0.36851797047121104,0.4175169229179292,0.4110166903892859,0.3649008582420835,0.3887586493608986
C18-neg_Cluster_0019: p-hydroxyphenylacetate,0.3911366657741325,0.38069871334150707,0.3791637894183026,0.39005857842791847,0.39634742128083356,0.41865960155394905,0.3670887413858708,0.3888325183086947,0.3710569953541247,0.40420641966957443,0.38872494445149075
C18-neg_Cluster_1550: NA,0.38516020988646027,0.3926222654396671,0.3768443749207289,0.39084776655063724,0.3931918431770459,0.37693362833936966,0.37808335329791387,0.39842021449005766,0.40703434377598335,0.38423479286160556,0.3883372792739469
C18-neg_Cluster_0090: acetytyrosine,0.3772143068532533,0.39226525176510385,0.36720970325587077,0.38910027856461715,0.38912494069345205,0.3952669851604448,0.38828173076471395,0.4021935202018067,0.41102373671181014,0.37083503619461006,0.3882515490165682
C18-neg_Cluster_1327: NA,0.4140806663002579,0.3767692141471366,0.3917121154469483,0.3898918154615107,0.37124959483645487,0.3835160679641295,0.38660235722976183,0.3945235981341338,0.38850603869840333,0.3852529864663632,0.38821044546850997
C18-neg_Cluster_0753: NA,0.3985811055210286,0.4018341577530687,0.37744213794820486,0.3973867538531641,0.39261639350423017,0.3904191152637439,0.37736227962626306,0.39643667469947436,0.36496427514480195,0.3842758964096638,0.3881318789723644
C18-neg_Cluster_1028: NA,0.3791015469026715,0.3959868844450082,0.4409917464075499,0.3615667733010142,0.3556748732836333,0.38004575412092434,0.38943028133617064,0.4004695199575342,0.38067052805141,0.39297927911423036,0.3876917186920147
C18-neg_Cluster_0996: NA,0.36638058597218115,0.38524946330510107,0.36577929978344303,0.36621264861868597,0.3989064107442326,0.4036086566420985,0.3871378777416067,0.40233679542646694,0.38796464625112154,0.4045927930213222,0.386816917750626
C18-neg_Cluster_0697: NA,0.40646359165151713,0.40606077688054604,0.37235821624694077,0.3798167486388854,0.34606134058634797,0.36488089366159804,0.42235422333084366,0.37856015445538976,0.40871958924637236,0.3773235248523796,0.38625990595508203
C18-neg_Cluster_1477: NA,0.40437318263598226,0.39459641013355135,0.38111327198335193,0.37901816541946753,0.37841922800490424,0.38118256082150725,0.37893948148461326,0.3763687481503403,0.391234139902385,0.39569915960860025,0.38609443481447037
C18-neg_Cluster_0269: NA,0.33725578620517954,0.40192928310714643,0.3674598477054825,0.38986832771976304,0.396513009860154,0.3800528004434485,0.3845941553103436,0.38878789159937427,0.4128686988260827,0.40110134021054417,0.38604311409875186
C18-neg_Cluster_0919: NA,0.36518858307849134,0.4036767710931665,0.38204925849199306,0.39928808654763076,0.3879634718640341,0.3779095440089818,0.3927361809871428,0.3794961409640309,0.3942182574914152,0.37665647298674826,0.3859182767513635
C18-neg_Cluster_0750: NA,0.35997547879761554,0.40310719335578765,0.38181672984869197,0.3969956829530668,0.392928780469473,0.38297702429102254,0.3849758311137418,0.3789653180005355,0.4136085626911315,0.36255560722858743,0.3857906208749654
C18-neg_Cluster_1345: NA,0.3955488380614158,0.3960914048957849,0.3535339656233412,0.39395519478384233,0.38684310658267457,0.3709442541937363,0.40759452641666316,0.3783499391667489,0.3830169534519934,0.3920174560896668,0.38578956392658675
C18-neg_Cluster_0214: NA,0.3780598655561663,0.3929499194370458,0.39689468566355224,0.3742701184251939,0.40170967272180647,0.40189170272035024,0.37471755990548533,0.3512544802867384,0.3636184275426655,0.41665492279579286,0.3852021355054797
C18-neg_Cluster_1520: NA,0.40389873025268114,0.3728420637269409,0.3514623468012045,0.3661128257162587,0.39044730055384097,0.4007255363425828,0.3865518585850045,0.3993679448695726,0.35355745336508876,0.4095440089817125,0.3834510069194888
C18-neg_Cluster_1674: NA,0.39746661217510587,0.385847226332577,0.3783499391667489,0.388334578183646,0.3792001954180113,0.39318362246743427,0.36235361264955823,0.3777697919455836,0.3844109509247124,0.38591299200947027,0.3832829521272848
C18-neg_Cluster_1571: NA,0.3711110171601441,0.39849654965073733,0.3577359226219836,0.39203272312180276,0.40176839207617543,0.39448132019898824,0.3820292939115076,0.3811778632731577,0.3637053321871316,0.3878319405102477,0.3830370354711876
C18-neg_Cluster_1167: NA,0.3795666041892737,0.37138699812567827,0.43168707751424534,0.38813493237879154,0.3630688143857721,0.3441200787309104,0.401039097694913,0.38323304067607117,0.37903108367742877,0.3879305890255876,0.3829198316398672
C18-neg_Cluster_0552: NA,0.38130822023985683,0.39656233411782393,0.33740493336527666,0.37683028227568033,0.4072140250003523,0.3817403946880123,0.37258839611606703,0.38013383315247773,0.3763511323440297,0.4175498057563758,0.3827683357055952
C18-neg_Cluster_1316: NA,0.40031097770073804,0.3892541232730638,0.3451406211098428,0.3822864846836436,0.35660616224392494,0.3951154892261729,0.3988159829385044,0.3812553728209248,0.39330575872452167,0.3816452693339346,0.3823736242055271
C18-neg_Cluster_0390: NA,0.374468589842961,0.37207166579762024,0.3919939683479193,0.3833175965463625,0.3792812281270405,0.3852835205306351,0.3786482334869432,0.38881960005073357,0.3860832781371403,0.38307097525801287,0.3823038656125369
C18-neg_Cluster_1778: NA,0.3733623172066498,0.3910321453233558,0.38927995978898616,0.38401283370209094,0.37286907462995067,0.3678802782827642,0.3954032140625808,0.376051663636748,0.3735466959793684,0.39790583294578563,0.38213440155582806
C18-neg_Cluster_0992: NA,0.36713336809519115,0.3826611141645176,0.39403152994452195,0.39145492467481224,0.38345617422267325,0.37466588687364066,0.36906053730558025,0.3924778158279194,0.3809030566947111,0.38450959944005225,0.382035400724362
C18-neg_Cluster_0254: NA,0.38138103223927433,0.37801289007267114,0.3919270282839386,0.3836769589951005,0.37354082404393146,0.41047647232909146,0.39240500382850196,0.36124851440033445,0.3799071764446136,0.3667411228080065,0.3819317023445465
C18-neg_Cluster_0158: NA,0.3540777068447977,0.4199103238020077,0.3858671909130625,0.3971095985005426,0.36952089704383284,0.3874432183843252,0.3664087712622782,0.38783428928442254,0.34697618812741626,0.4027713186487972,0.38179195028114826
C18-neg_Cluster_1802: NA,0.369660649107231,0.3880973519919954,0.3865800438751016,0.40237555020035043,0.3724415977301446,0.3758214837676217,0.37965233444665225,0.37817495549072944,0.3678556161539293,0.3956862413506392,0.3816345824114395
C18-neg_Cluster_0356: NA,0.37776039684888457,0.39175791654335607,0.37159134147888223,0.35107362467528197,0.40869610150462476,0.3843216975060716,0.3732437041108246,0.4107501045204508,0.36720735448169606,0.37964176496286595,0.3816044006632938
C18-neg_Cluster_1807: NA,0.3767234130507288,0.3687986489850947,0.37931763412674924,0.3657781253963557,0.3937144454309296,0.41377297688336456,0.37341751339975665,0.34735903831790194,0.37664707789004914,0.41177769322190755,0.38073065667028383
C18-neg_Cluster_0027: NA,0.3870744608388882,0.39035687274811276,0.37556429299548566,0.3912353142894724,0.39043673107005455,0.38396585821859575,0.36443932411674346,0.34944240101091245,0.39679251398695026,0.3779647402020886,0.3807272509477304
C18-neg_Cluster_1815: NA,0.3871331801932572,0.39594930405821205,0.3671768204174242,0.3917132898340356,0.36787910389567685,0.3912858129342297,0.37187319437985317,0.394152491814522,0.3725191072779117,0.3654281580443167,0.38051104628494387
C18-neg_Cluster_0489: NA,0.37247330618150387,0.3664169919718899,0.3646190053411125,0.37827477839315665,0.4012410922739422,0.35549871522052645,0.3911390145483072,0.4078282294470516,0.3576396228808186,0.40658337913442977,0.38017141353927386
C18-neg_Cluster_2174: NA,0.31889189531983264,0.40513653424277873,0.3829241768720905,0.3932235516284051,0.39940200209510657,0.3764720942140298,0.38096412482325476,0.3589584595799452,0.4135334019175393,0.372117466894028,0.3801623707587011
C18-neg_Cluster_1220: NA,0.4011729778228743,0.36355383625285964,0.3701703331031535,0.3550747614819826,0.35681755191965314,0.3749277751941262,0.382705740873838,0.3997789803501553,0.3944836689731629,0.3926574970522885,0.37913431230240935
C18-neg_Cluster_1831: NA,0.3990931382911259,0.3639014548307239,0.3690793274989783,0.3868853845178202,0.3730710692089798,0.39058235506888955,0.37727302620762226,0.37460012119674746,0.3677463981548031,0.385459678593742,0.3787691953569433
C18-neg_Cluster_1253: NA,0.3876757470276263,0.3550794590303321,0.40541486398248755,0.377095693757428,0.3597746586056737,0.41182114554414057,0.38068344630937123,0.3559273665074198,0.37883143787257434,0.37528831202995155,0.3787592130667005
C18-neg_Cluster_0812: NA,0.37458955171296104,0.3587177102270325,0.40992685917219807,0.38827468444218965,0.3833939317070421,0.3649290435321806,0.35004721036091263,0.3670852182246086,0.40828389163695467,0.3713153605133481,0.37765634615294275
C18-neg_Cluster_0841: NA,0.39908022003316473,0.37211629250694067,0.4134077424991897,0.3743358841020872,0.382681078745003,0.3567928897908182,0.3700669870394641,0.35903714351479965,0.4156754839649187,0.33333568210750814,0.3776529404303894
C18-neg_Cluster_0401: NA,0.3691697553047065,0.39894399113102874,0.38840973895723824,0.3402222879878991,0.3963756065709307,0.39566157922180417,0.38059536727781773,0.3415458222353754,0.3599942689910136,0.4008688115672431,0.3771787229245057
C18-neg_Cluster_2035: NA,0.36903000324130836,0.37240049418208643,0.3591534078364502,0.38886774992131606,0.3872576652245194,0.3945412139404445,0.3722701372153873,0.4018459016239425,0.3776065521404379,0.34270376790353113,0.3765676893229424
C18-neg_Cluster_0742: NA,0.37299708282247496,0.40628860797549765,0.347095975610329,0.40599266242947807,0.37854606181034123,0.35659324398596376,0.38110974882208976,0.3871918995476262,0.37160778289810553,0.3555233773493614,0.3762946443251267
C18-neg_Cluster_1038: NA,0.37525425480441765,0.3597488220897514,0.3608915007257712,0.3687140931148034,0.3686271884703373,0.3856017794313148,0.38955476636743286,0.3930661837586964,0.3822136726842261,0.3671650765465504,0.3750837337993302
C18-neg_Cluster_1427: NA,0.38385311705820735,0.3756265355111168,0.3918001944785017,0.37732939678781646,0.36878925388839573,0.3755184918990779,0.37176280199363954,0.36923552098159973,0.3835630434476247,0.3525639218891661,0.37500422779351456
C18-neg_Cluster_0295: NA,0.37269291656684383,0.3952223584511244,0.3433496808015896,0.3836264603503432,0.4026503567787972,0.37714971556344745,0.3596443016389746,0.4029791851632633,0.3605849856959653,0.3473367249632417,0.374523668597359
C18-neg_Cluster_0974: NA,0.35015760274712626,0.3750745735800486,0.44266642239415255,0.3481564471502323,0.3562984728270316,0.3521963387308164,0.3957872386401537,0.36426786360198615,0.36115104027208206,0.3925518022144243,0.3738307802158054
C18-neg_Cluster_1695: NA,0.3865612536817036,0.36927310136839586,0.3543713036166425,0.3902253413943263,0.35403660329673947,0.35099846390168976,0.3759659333793693,0.39239560873180296,0.37936930715859396,0.384886577695101,0.37380834942243646
C18-neg_Cluster_0559: NA,0.38614434626568395,0.3793141109654871,0.3591980345457706,0.36501007624120974,0.36396487173344233,0.3965940425691832,0.38247321223053693,0.358276140682178,0.3651850599172292,0.3727351945019894,0.37288950896527095
C18-neg_Cluster_2139: NA,0.37607515137849556,0.3878225454135487,0.3695021068504348,0.3746189113901455,0.37372285404247524,0.36719326183664747,0.34265209487168646,0.358421764681013,0.39233219182908446,0.3752800913203399,0.37176209736138704
C18-neg_Cluster_2023: NA,0.3938847315585996,0.35968657957412026,0.3614317187859656,0.36179577878305313,0.36919911498189095,0.3679683573143177,0.39373323562432766,0.3649172996613068,0.3615832147202375,0.3795266750283028,0.3713726706032122
C18-neg_Cluster_0044: NA,0.3776147728500496,0.39336565246597804,0.38564875491481,0.3566179061147987,0.35513700399761366,0.37374046984878595,0.3584511243581975,0.3874573110293738,0.36267422032441277,0.3621539668447038,0.3712861182748724
C18-neg_Cluster_0296: NA,0.3813375799170413,0.39396928742889087,0.39000807978316115,0.35151636860722396,0.356095303860915,0.37242045876257185,0.34940129746285414,0.38225595061937173,0.3656982670744139,0.3700564175556777,0.37127590110721215
C18-neg_Cluster_1741: NA,0.3717451861873288,0.37602465273373825,0.36508758578897677,0.3767750860825735,0.37905457141917637,0.3769101405976222,0.3744086961015046,0.38206922307247854,0.3677757578319875,0.34269319841974477,0.37125440982351315
C18-neg_Cluster_1005: NA,0.3790451763224773,0.3824391550050029,0.3710757855475228,0.36922964904616284,0.35952568854314937,0.37699352208082604,0.33639143730886856,0.3846176430520911,0.3773634540133505,0.375444505512573,0.37121260164320247
C18-neg_Cluster_0154: NA,0.37722605072412707,0.35715577540081833,0.3813728115296627,0.3753446826101458,0.3701891232965515,0.3856323134955867,0.3702278780704351,0.3540401264580016,0.34676127529042594,0.3941607125241337,0.37121107493998884
C18-neg_Cluster_0052: NA,0.36669884487286086,0.37801289007267114,0.3803440484411186,0.3677252591872302,0.3822465555226727,0.3538639683948947,0.3416162854606181,0.38781315031684965,0.36859782879315284,0.3845037275046153,0.3711422558566683
C18-neg_Cluster_0669: NA,0.385930607815781,0.3778108954936419,0.3608210375005285,0.36162784142955795,0.365240256110336,0.3914032516429676,0.3776958055590787,0.35467194671101154,0.3637288199288791,0.3704838944554837,0.3709414356647266
C18-neg_Cluster_2159: NA,0.3753435082230584,0.3844297411181105,0.3813340567557792,0.35656270992169187,0.36942577168975516,0.37227600915082415,0.3638791414760637,0.35306655956256433,0.37299355966121284,0.36835355627897803,0.3697664613838038
C18-neg_Cluster_1083: NA,0.37739751123888443,0.3807456888250022,0.3612943154967423,0.36716272777237563,0.3637452613481024,0.3863052372966549,0.363691239542083,0.36669884487286086,0.36354209238198587,0.36451565927742313,0.3695098578052115
C18-neg_Cluster_1475: NA,0.37258839611606703,0.34777242257265933,0.3637018090258694,0.35491856799936117,0.3618310103956745,0.38527177665976126,0.37974041347820575,0.3774104294968456,0.36168068884849,0.3897356219788892,0.3694651136571823
C18-neg_Cluster_0551: NA,0.37279391385635835,0.36539057765752053,0.3496561394608154,0.36655556964820063,0.37251558411664953,0.35101725409508777,0.3570923584980999,0.3804450457306332,0.35550928470431287,0.42284511713336814,0.3693820844901046
C18-neg_Cluster_0030: NA,0.36631129713402577,0.386444989360053,0.3855360137544216,0.3707880607111149,0.38147028565791513,0.3480648449574168,0.3528821807898458,0.354915044838099,0.3545885652278077,0.3896334503022873,0.36906347327329875
C18-neg_Cluster_1555: NA,0.38428764028053763,0.3711180634826684,0.3577875956538283,0.37133062754548407,0.36655909280946275,0.3560107479906237,0.3527600445327584,0.36486914979072427,0.37914852238616664,0.38307684719344975,0.36869483316657037
C18-neg_Cluster_1580: NA,0.34916642004537835,0.38139277611014816,0.36160435368781035,0.38834162450617027,0.3593894596410133,0.3630418034827624,0.3709830089676198,0.35875411622674125,0.3711133659343189,0.3716019109626686,0.36753888395646317
C18-neg_Cluster_1976: NA,0.3453931143336293,0.36080811924256734,0.3569878380473231,0.36426434044072403,0.373502069270048,0.36303123399897597,0.34697383935324155,0.3748079877112135,0.3898377936554912,0.3982992526200576,0.3673905588673271
C18-neg_Cluster_1133: NA,0.37093955664538675,0.3515762623486803,0.3935159740131625,0.36271180071120884,0.35841354397140135,0.34988866810411645,0.3450595884008137,0.35692911869295413,0.3993057023539415,0.3803593154732545,0.36686995307149206
C18-neg_Cluster_0761: NA,0.37683380543694245,0.3771414948538358,0.3642455502473259,0.38206335113704165,0.36633361048868596,0.35375709916994325,0.3636466128327626,0.3745531457132523,0.34066503191984104,0.368344161182279,0.366758386298191
C18-neg_Cluster_1624: NA,0.3851249782738389,0.3418218032009095,0.3455446102679012,0.3552931974802351,0.3433696453820751,0.40345363754656444,0.3679648341530556,0.3962429008300568,0.3622854981984902,0.36417743579625794,0.36652785411293853
C18-neg_Cluster_1668: NA,0.3880080985733546,0.34312067531955076,0.35543177515654584,0.36909929207946374,0.3649501824997534,0.37433353532791236,0.3724216331496592,0.3538886305237297,0.3714034395449015,0.37136820793228015,0.3664025470107152
C18-neg_Cluster_2066: NA,0.35663317314693466,0.3629502012899468,0.3758778543478159,0.36060729905062544,0.36297956096713124,0.3524840635672243,0.3572450288194592,0.38290773545286716,0.3607728876299459,0.3907361997773362,0.3663194004049287
C18-neg_Cluster_0140: NA,0.3239382366343006,0.3756300586723789,0.375794472864612,0.36746571964091945,0.36498189095111266,0.36413046031276275,0.3644381497296561,0.37248622443946505,0.3810087515325752,0.37313213733752354,0.36630061021153065
C18-neg_Cluster_1625: NA,0.3764051541500491,0.34525688543149335,0.35352457052664216,0.34270729106479325,0.3860738830404412,0.4116543825777327,0.37650850021373844,0.35141537131770934,0.36019391479586804,0.3589443669348967,0.36626843200533643
C18-neg_Cluster_1317: NA,0.3543924425842153,0.3775595766569428,0.31281444214264575,0.34466264556527954,0.3534235732371276,0.3783558111021858,0.3710229381285907,0.36361725315557814,0.38829817218393725,0.41621805079928786,0.3660364905555791
C18-neg_Cluster_0517: NA,0.38699225374277163,0.36031135350460597,0.34128863146323934,0.35340830620499164,0.3900820661696661,0.3476150547029505,0.37313331172461095,0.37247095740732916,0.3733728866904363,0.35604715399033243,0.3654721975600934
C18-neg_Cluster_1088: NA,0.3901936329429671,0.37183561399305703,0.3068685203192454,0.37329772591684396,0.33332276384954695,0.36788615021820115,0.41166377767443174,0.36476697811412223,0.3669090601615017,0.36620090474781214,0.36529451279377295
C18-neg_Cluster_0616: NA,0.36670941435664733,0.38934455107879207,0.37030069006985256,0.35056041751809736,0.35037838751955364,0.37529183519121373,0.3515656928648938,0.38212324487849797,0.35281406633877777,0.35640769082615786,0.3645495990642484
C18-neg_Cluster_1015: NA,0.3437642394434345,0.3523454858909135,0.3579919390070323,0.36047107014848956,0.384059809185586,0.3584499499711101,0.3499004119749903,0.37724718969169996,0.3883756817317042,0.37258369856771756,0.36451894756126785
C18-neg_Cluster_0791: NA,0.37832292826373914,0.34663561587207636,0.3678556161539293,0.3415188113323656,0.35365727626751603,0.3837321551882073,0.3692308234332502,0.36554089920470506,0.37335761965830033,0.3646800734696562,0.3644531818843745
C18-neg_Cluster_1699: NA,0.333700916491683,0.391739126349958,0.354725968517031,0.3652085476589768,0.35307008272382645,0.3629619451608206,0.3437524955725607,0.37987781676742904,0.3911578047417053,0.3651921062397535,0.36413868102237446
C18-neg_Cluster_0379: NA,0.31947908886352216,0.3769371515006318,0.36970645020363874,0.36018451969916904,0.37507692235422335,0.37036763013383317,0.39045904442471474,0.3631839043203352,0.34608600271518297,0.36768063247790983,0.3639161346693161
C18-neg_Cluster_0741: NA,0.3385100316145004,0.39447309948937653,0.36215983878014063,0.3688045209205316,0.3680928423455799,0.348994959530621,0.3621539668447038,0.35870596635615876,0.39154417809345304,0.3431970104802304,0.36366364144552954
C18-neg_Cluster_0762: NA,0.3678062918962594,0.36340351470567517,0.4122263090892863,0.33874843219323836,0.37389901210558213,0.3668115860332493,0.351185191448583,0.3657652071383945,0.3542996660043124,0.3405722553399381,0.36347174659545184
C18-neg_Cluster_0042: NA,0.36356323134955865,0.3676630166715991,0.3777991516227681,0.371340022642183,0.3508763276446023,0.36646396745538506,0.36555146868849153,0.3569443857250901,0.3590171789343142,0.3541634371021764,0.36333821878361683
C18-neg_Cluster_0323: NA,0.3771215302733503,0.372938363468106,0.3452979889795516,0.3532685541415935,0.35370425175101117,0.39293347801782247,0.37285028443655255,0.3484817523734363,0.3510383930626606,0.36409640308722885,0.3631730999591314
C18-neg_Cluster_0488: NA,0.3099430657140039,0.3785812934229626,0.3649360898547049,0.35928728796441134,0.3365863855653734,0.3838554658323821,0.35398610465198216,0.3990954870653007,0.3802230865711186,0.3562009986987792,0.3622695265341019
C18-neg_Cluster_0465: NA,0.35896080835412003,0.3547529794200407,0.36510637598237483,0.3585838300990713,0.3506508453238255,0.3334202379777994,0.4018576454948163,0.37452613481024255,0.3841972124748094,0.3384184294216849,0.3620474499358785
C18-neg_Cluster_1411: NA,0.36318625309451,0.37177454586451336,0.34880118566120344,0.34978297326625235,0.39616774005646455,0.3465628038726589,0.3600565115066447,0.35344940975304984,0.3663888066817928,0.363759353993151,0.36199295837502415
GDCA,0.33821526045556827,0.3193181978325512,0.37006816142655147,0.36336710870596645,0.37895709729092386,0.35887390370965394,0.36842636827839553,0.3585615167444111,0.38374155028490636,0.37817143232946726,0.36177005970583953
C18-neg_Cluster_1595: NA,0.3687869051142209,0.3604581518905284,0.38108038914490533,0.37058019419664884,0.36338824767353917,0.3413919775269287,0.3803663617957788,0.3641198908289764,0.32610850397177715,0.3607893290491692,0.36170699511924725
C18-neg_Cluster_0966: NA,0.3704439652945128,0.37235351869859123,0.3611158086594607,0.35628320579489564,0.34996852642605825,0.3732942027555819,0.32239978954983395,0.3731979030144168,0.37421257345791237,0.3637546564448015,0.3617024150096065
C18-neg_Cluster_0251: NA,0.38937625953015126,0.3691075127890754,0.3218995006506105,0.38037340811830306,0.3612156315618879,0.36256147916402426,0.3773317455619912,0.33691169078857747,0.3368306580795483,0.38079971063102175,0.3616407596875191
C18-neg_Cluster_0095: NA,0.345401335043241,0.35910525796586756,0.35658150011509,0.36457672740596686,0.3723382516664553,0.35867190913062474,0.3722067203126688,0.36190029923382994,0.37473517571179604,0.35029500603634967,0.36158121826218903
Asp_DCA,0.3818437407517017,0.3766834838897579,0.32627174377692286,0.3610899721435383,0.38819482612024786,0.3640036265073258,0.35197672834547655,0.3503090986813982,0.3545145788413027,0.3593847620926639,0.3614272561150336
C18-neg_Cluster_1095: NA,0.37705928775771924,0.32658647951634046,0.3411383099160548,0.3735913226886888,0.4010860731784082,0.3694668752378134,0.3489432864987763,0.34524279278644476,0.35792969649140116,0.3658145313960644,0.3606858655467711
C18-neg_Cluster_1503: NA,0.36419035405421907,0.3693048098197551,0.37502407493529133,0.36130136181926653,0.36180752265392696,0.35910525796586756,0.3822759151998572,0.3547541538071281,0.3463866458095521,0.3314378725743035,0.3605587968639168
C18-neg_Cluster_0309: NA,0.3478886868943099,0.349208697980524,0.3618286616214998,0.3318524312161483,0.38069519018024495,0.37926243793364245,0.3469691418048921,0.3452040380125612,0.4207077326343382,0.3375893121379952,0.3601206330416156
C18-neg_Cluster_1998: NA,0.3793892717390794,0.377727514010438,0.3725848729548049,0.33521587583440204,0.3765014538912142,0.3439979424738229,0.36357849838169465,0.3581457837154789,0.3533120064638266,0.340296274374404,0.3600749493839165
C18-neg_Cluster_2054: NA,0.3636419152844131,0.35008948829605835,0.32784659686109824,0.36764657525237576,0.3530090145952827,0.36414925050616087,0.33400743152148893,0.38401283370209094,0.36486445224237474,0.3875172047708301,0.35967847630321736
C18-neg_Cluster_1559: NA,0.3885389215368499,0.3702396219413088,0.36043936169713026,0.336736707112558,0.35317342878751584,0.3378183176200341,0.35948810815635324,0.3576325765582943,0.34515353936780396,0.3861819266524801,0.3595402509430328
C18-neg_Cluster_0406: NA,0.37249209637490194,0.3769888245324765,0.3281167058911954,0.34991333023295146,0.3622490921987815,0.3622608360696553,0.3766165438257773,0.36423850392480167,0.3510066846113014,0.3492920794637279,0.35931746971255707
C18-neg_Cluster_1770: NA,0.35627733385945876,0.3733282599811159,0.389062698177821,0.3613236751739268,0.36782390770257,0.34170671326634633,0.3616525035583929,0.3572943530771291,0.3444723948571241,0.33598627376372275,0.3588928113417608
C18-neg_Cluster_1594: NA,0.37760302897917575,0.33001686419857473,0.383904790090052,0.305900825359245,0.38398817157325593,0.34186642991022986,0.38493237879150877,0.35736951385072135,0.3690452702734443,0.35280702001625347,0.35874342930424613
C18-neg_Cluster_1548: NA,0.3233240321876013,0.3668526895813075,0.33567975873391676,0.39162638518956955,0.3535621509134383,0.38291478177539146,0.33822700432644204,0.34491396440197863,0.3649830653382,0.38017258792636127,0.3582256420374207
C18-neg_Cluster_0937: NA,0.36694898932247255,0.3632743321260634,0.3599238057657709,0.36619268403820054,0.3388623477407141,0.36088093124198484,0.3480472291511061,0.37325662236878576,0.35478116471013776,0.3497500904278057,0.35819181968930414
C18-neg_Cluster_0087: NA,0.35555743457489536,0.36914039562752204,0.36703589396693864,0.3616630730421793,0.3463972152933384,0.37067297077655176,0.377897800138108,0.3654563433344138,0.32578084997439843,0.3370655354970241,0.357666751222537
C18-neg_Cluster_0683: NA,0.3495222593328542,0.3698415047186873,0.35393325723305014,0.35510999309460395,0.3526801862108166,0.3573248871414009,0.3279992671824575,0.3715467147695618,0.3694668752378134,0.3684592511168421,0.35758841960380877
C18-neg_Cluster_1687: NA,0.3524934586639233,0.3727046604377176,0.35395204742644815,0.33358817533129465,0.36779102486412346,0.3712589899331539,0.37031008516655156,0.34547884459100797,0.340389050954307,0.36270592877577196,0.3570672266144299
C18-neg_Cluster_1707: NA,0.37936813277150655,0.3720622707009212,0.3081697412120615,0.36114634272373247,0.3338946903611006,0.3786764187770403,0.35861084100208107,0.3537300882669335,0.3524394368579039,0.3708925811618916,0.3568990543835172
C18-neg_Cluster_1153: NA,0.3373074592370242,0.3708491288396586,0.35018461365013603,0.35057685893732066,0.365085237014802,0.3682690004086867,0.36678809829150166,0.35693146746712895,0.35764079726790593,0.34509716878760976,0.35687298299017745
C18-neg_Cluster_1803: maslinic acid,0.36839583421412364,0.35072248293615566,0.36744927822169615,0.37628066911878694,0.35916867486858606,0.34476246846770675,0.35697726856353673,0.36291849283858757,0.33327696275313917,0.348096553408776,0.3568048685391095
C18-neg_Cluster_0212: NA,0.35486806935460385,0.37372520281665,0.32516547114061173,0.3359040666676062,0.37291487572635845,0.36747981228596793,0.3733834561742227,0.3442175528591628,0.37123197903014415,0.3469620954823678,0.3565852581537696
C18-neg_Cluster_2046: NA,0.3646882941792679,0.3423397079064437,0.3573824321086825,0.34175603752401623,0.36640407371392875,0.3172536253329387,0.3862911446516063,0.351185191448583,0.37551496873781576,0.3571322876590708,0.35599477632623533
C18-neg_Cluster_1238: NA,0.346027283360814,0.3701985183932506,0.3950708625168524,0.3630324083860633,0.31368583736148103,0.3359768786670237,0.33650300408216954,0.357232110561498,0.3768948735654862,0.3641797845704327,0.35588015614650714
C18-neg_Cluster_0343: NA,0.33256293540401266,0.3521834204728552,0.3480260901835332,0.3652613950779089,0.36248984155169417,0.36769824828422043,0.344478266792561,0.360199786731305,0.36120623646518885,0.3637851905090733,0.3557891411472353
C18-neg_Cluster_0540: NA,0.34169496939547256,0.3589525876445084,0.3593366122220813,0.3669395942257736,0.3707164230987848,0.35267313988829235,0.31900815964148316,0.3750358188061651,0.37691718692014636,0.3338524124259549,0.3555126904268663
C18-neg_Cluster_1967: NA,0.33266393269352723,0.384016356863353,0.3767281105990784,0.3345957994522659,0.34904780694955306,0.36405529953917054,0.32598519332760234,0.3209823043353674,0.4313159711946335,0.33452533622702313,0.35539161111815754
C18-neg_Cluster_2100: NA,0.366386457907618,0.3553977179310118,0.34725686664129995,0.3312041695439151,0.3661903352640257,0.35807179732897404,0.3629595963866459,0.35338834162450616,0.34827388585897023,0.3645074385678115,0.35536366070547787
C18-neg_Cluster_0424: NA,0.3680611338942206,0.37989190941247764,0.3399134241839184,0.35295499278926334,0.338329176003044,0.365128689337035,0.3368106934990629,0.37100649670936736,0.35257566576003985,0.3414988467518802,0.3546171028340309
C18-neg_Cluster_0480: NA,0.354949102063633,0.3468564006445037,0.36230663716606304,0.35765371552586706,0.35159740131625306,0.3530454205949915,0.35644879437421606,0.3666201609380064,0.3126476791762379,0.3815513183669444,0.35436766301667155
C18-neg_Cluster_1494: NA,0.3661656731351908,0.3619179150401406,0.3422093509397446,0.3485463436632421,0.3466955096135327,0.35777232862169234,0.3507905973872236,0.362613152195869,0.3156353199265303,0.3885307008272383,0.35408768913504046
C18-neg_Cluster_0590: NA,0.3510583576431461,0.3519602869262532,0.3591675004814987,0.36819149086091973,0.3402974487614914,0.3709501261291732,0.37002470910431845,0.33773376174974284,0.3482926760523683,0.34252878422751165,0.35402051419364233
C18-neg_Cluster_2142: NA,0.38099231011335183,0.33563865518585856,0.34215885229498727,0.3852952644015089,0.37415150532936864,0.31254903066089806,0.3519708564100396,0.3585838300990713,0.38160299139878906,0.3152630392198312,0.3538206335113704
C18-neg_Cluster_1944: NA,0.35527323289974966,0.3406110101138216,0.33290468204643997,0.3508340497094567,0.36488324243577275,0.3460930490377072,0.3718238701221832,0.3540448240063511,0.35546818115625456,0.35887742687091606,0.3530813568398653
C18-neg_Cluster_0604: NA,0.35948575938217847,0.3919352489935503,0.3768925247913114,0.35839827693926546,0.37779797723568076,0.33534388402692633,0.35644292243877923,0.3251807381727476,0.3290679594319725,0.3160322627620645,0.35265775541744765
C18-neg_Cluster_1643: NA,0.34963030294489306,0.3886739760518986,0.3429832720303274,0.35558561986499243,0.36714276319189015,0.3585309826801393,0.33287062482090596,0.3325770280490612,0.3432158006736285,0.3516291097676123,0.35228394800753493
C18-neg_Cluster_0253: NA,0.3571757399813038,0.36703354519276393,0.35160327325168994,0.31997820337565824,0.3628550759358691,0.3642619916665492,0.35032554010062145,0.3688785073070365,0.3312041695439151,0.34423869182673567,0.35175547381821426
C18-neg_Cluster_0620: NA,0.32191711645692117,0.36674464596926865,0.3684486816330557,0.3535715460101373,0.32789474673168073,0.38652249890782003,0.3230738877379896,0.3527259873072244,0.3744368813916018,0.33571968789488765,0.35110556800405873
C18-neg_Cluster_1135: NA,0.3505463248730488,0.35828083823052753,0.40585525914025466,0.3239030050216792,0.3127639434978885,0.3535656740747004,0.36445341676179205,0.34589575200702755,0.3402716122455691,0.3552286061904292,0.35107644320429165
C18-neg_Cluster_1780: NA,0.3401529991497438,0.3729900364999507,0.3478264443786788,0.3272182997693504,0.3437184383470267,0.36174762891247064,0.3529174124024672,0.35182875557246673,0.33834444303517996,0.3694621776894639,0.35062066357567984
C18-neg_Cluster_0929: NA,0.3627235445820826,0.35338834162450616,0.38205630481451736,0.3492345344964463,0.3751086308055826,0.36996129220159996,0.3230797596734264,0.31603696031041395,0.3214579311057559,0.3527494750489719,0.35057967746633023
C18-neg_Cluster_2175: NA,0.3646683295987824,0.3501352893924661,0.3226511083865331,0.37771459575247684,0.34675070580663947,0.3420613781667348,0.3640623458616948,0.34664853413003754,0.3243246099860483,0.3653001498517923,0.3504317046933206
C18-neg_Cluster_2032: NA,0.3571017535947989,0.3319581260540124,0.35692442114460465,0.3584710889386829,0.3460472479412995,0.3504746872607187,0.3670370683540261,0.3463161825843093,0.34383000512032774,0.34324281157663816,0.3501403392569419
C18-neg_Cluster_1585: NA,0.3096083653941008,0.36685738712965704,0.34662622077537736,0.34350469989712373,0.37536229841645646,0.32765517176585546,0.37889250600111807,0.31474983206264656,0.3555527370265459,0.3761984620226704,0.3495007680491552
C18-neg_Cluster_1748: NA,0.33781596884585935,0.32121013543031895,0.3432040568027547,0.3330221207551779,0.3509080360959615,0.3197785575708038,0.4035311470943315,0.35634779708470155,0.3621340022642184,0.364905555790433,0.34928573777345606
C18-neg_Cluster_0141: NA,0.31562005289439443,0.3749031130652912,0.3384783231631412,0.34022111360081175,0.3501740441663496,0.37355256791480523,0.3546872137431475,0.36596250416907417,0.3265148419040103,0.3503478534552817,0.34904616280763073
C18-neg_Cluster_1589: NA,0.34829737360071783,0.35629729843994423,0.3427507433870263,0.34720871677071735,0.35133551299576754,0.3549690666441185,0.33687880795013087,0.3579285221043138,0.3446051005979979,0.34924980152858226,0.34895209440193165
C18-neg_Cluster_1818: NA,0.3191279471243958,0.3652672670133458,0.35405187032887536,0.346172907359649,0.3452921170441147,0.36532598636771474,0.3525932815663505,0.3398359146361514,0.340689694048676,0.3571252413365465,0.348548222682582
C18-neg_Cluster_1647: NA,0.34436317685799783,0.3220427758752707,0.3599026667981981,0.36563719894587016,0.3293932646551765,0.36110993672402375,0.352836379693438,0.3344125950666348,0.3540013716841181,0.35842293906810035,0.34821223053688277
C18-neg_Cluster_1216: NA,0.36052156879324687,0.3620635390389756,0.36077053885577126,0.3348083635150815,0.35434194393945806,0.32800161595663224,0.34614472206955194,0.3303680059377011,0.3568504347580998,0.34494684724042524,0.34788175801049437
C18-neg_Cluster_0292: NA,0.3444277681478037,0.36440526689120956,0.36162079510703365,0.3674786378988806,0.36232072981111163,0.3153405487675982,0.34455812511450273,0.32591590448944696,0.3723065432150961,0.3134685757503159,0.3471842895192999
C18-neg_Cluster_1767: NA,0.3615843891073249,0.3496479187512037,0.38126829107888593,0.3356856306693537,0.3600706041516933,0.32611907345556357,0.34417175176275505,0.35321688110974886,0.329131376334691,0.3281108339557585,0.34690067503769784
C18-neg_Cluster_0416: NA,0.3431218497066381,0.3009108546249712,0.34081887662828775,0.3590794214499453,0.37215739605499887,0.3599332008624699,0.33988876205508345,0.34263917661372534,0.34893858895042673,0.360209181828004,0.34676973087745505
C18-neg_Cluster_1506: NA,0.34590632149081396,0.36539057765752053,0.37801641323393326,0.3215530564598336,0.34778299205644575,0.32748136247692333,0.3375658243962476,0.34775832992761085,0.34075780849974396,0.35538362528596323,0.3467596311485036
C18-neg_Cluster_1987: NA,0.36591905184684115,0.3454858909135322,0.32060180291905654,0.36080224730713045,0.3476174034771253,0.3326416193388671,0.3824978743593718,0.33342141236488676,0.3364184482118782,0.33995217895780194,0.34653579296964915
C18-neg_Cluster_0015: NA,0.33665215124226666,0.3523854150518845,0.34502435678819227,0.34695387477275613,0.3518346275079036,0.3153593389609962,0.369217905175289,0.35553629560732253,0.3146147775475979,0.37730238588480675,0.3464881128539015
C18-neg_Cluster_1114: NA,0.341039661400715,0.3649196484354815,0.3881408043142284,0.3622819750372281,0.3484195098578052,0.3400907566341127,0.29619099292079465,0.3344490010663435,0.36951502510839596,0.31928179183284244,0.3464329166607948
C18-neg_Cluster_0564: NA,0.340767203596443,0.35674708869441035,0.3310197907711966,0.3383949416799372,0.3274625722835252,0.351374267769651,0.3459650408451829,0.35989444608858645,0.33600154079585864,0.37505695777373793,0.34626838502985297
C18-neg_Cluster_0533: NA,0.33666037195187837,0.3617123972998492,0.37294188662936817,0.3187803285465316,0.37200002818529015,0.3591804187394599,0.32826467866420517,0.3173910286221621,0.31484495741672425,0.3790334324516035,0.3460809528507073
C18-neg_Cluster_0257: NA,0.3873328259981116,0.327334564091001,0.29068546625516145,0.37709217059616584,0.32983600858711837,0.3360661320856645,0.3413156423662491,0.36328255283567507,0.3584264622293625,0.34855456437285387,0.34599263894173626
C18-neg_Cluster_0553: NA,0.36913334930499775,0.33254179643643983,0.3188237808687646,0.3297878587165359,0.34262978151702633,0.3590218764826637,0.3279323271184769,0.3725966168256787,0.34493510336955147,0.36189677607256776,0.3459299266712703
C18-neg_Cluster_0582: NA,0.290553934901375,0.384468495891994,0.3452016892383865,0.33704439652945134,0.34632792645518307,0.3408623289505207,0.3300309568436233,0.31388900632759764,0.4041171662509337,0.3667575642272298,0.34592534656162954
C18-neg_Cluster_0782: NA,0.34000150321547185,0.35168078279945697,0.3414213372041132,0.3512298181579034,0.362355961423733,0.34637490193867826,0.31159660273303363,0.3463643324548918,0.3543055379397492,0.3501188479732428,0.34554496258402745
C18-neg_Cluster_0209: NA,0.32788300286080696,0.3476091827675136,0.36169125833227644,0.33767504239537394,0.33966445412139407,0.3421142255856669,0.3187791541594442,0.333905259844887,0.3855301418189847,0.3601950891829554,0.3455046811069303
C18-neg_Cluster_0455: NA,0.34054994198527794,0.3623324736819854,0.3654222861088798,0.3190351705444928,0.36610460500664704,0.3640623458616948,0.3255530188794468,0.30798536243934294,0.3185419279677936,0.3791285578056812,0.3448715690281242
C18-neg_Cluster_1104: NA,0.3386509580649859,0.3488364172738248,0.32387247095740734,0.3439016427326579,0.350175218553437,0.3437454492500364,0.33842077819585964,0.3295518069119726,0.37765000446267094,0.35166903892858314,0.34464737853314353
C18-neg_Cluster_0884: NA,0.3593812389314017,0.34706309277188235,0.32854183401682663,0.37016915871606615,0.3356280857020721,0.32375150908740735,0.3605239175674216,0.34650408451828996,0.3203915876304157,0.3541599139409143,0.3446114422882698
C18-neg_Cluster_0181: NA,0.33862512154906355,0.36956904691441533,0.37827242961898183,0.3351113553836253,0.338533519356248,0.3252981768814856,0.3398770181842096,0.3654152397863555,0.32286132367517395,0.33130634122051705,0.34448695725700756
C18-neg_Cluster_0065: NA,0.3636536591552869,0.3632578907068401,0.3457618718790663,0.3354049521554701,0.3384548354213936,0.34334850641450226,0.340621579597608,0.34820342263372744,0.3296927333624582,0.3351794698346933,0.3443578921161046
C18-neg_Cluster_1808: NA,0.32408503502022296,0.3394824241228503,0.3273439591877,0.3381072168435294,0.3458981007812023,0.3839059644771394,0.34870840908130046,0.31574923547400613,0.3486872701137277,0.37097713703218294,0.3442944752133862
C18-neg_Cluster_1719: NA,0.3161285625032296,0.35701484895033286,0.3812025254019928,0.3498827961686796,0.2937553141015704,0.35173363021838905,0.3498369950722718,0.32781019086138946,0.3677828041545118,0.3469127712246979,0.3442060438657065
C18-neg_Cluster_0642: NA,0.3586953968723723,0.3760575355721849,0.3438816781521724,0.3224843454201253,0.34589457761994014,0.3471253352875135,0.33796394161886917,0.31636578869488013,0.3406262771459575,0.35078589983887404,0.343988077622289
C18-neg_Cluster_1958: NA,0.3538992000075161,0.3416174598477055,0.29305890255875455,0.3624182039393641,0.3419627296513949,0.39522940477364865,0.3457536511694547,0.3550747614819826,0.3301460467781865,0.3201954649868234,0.3439355825194831
C18-neg_Cluster_0828: NA,0.35160797080003947,0.3435728143481917,0.3971025521780183,0.33680129840236384,0.35017052100508744,0.3257949426194469,0.32792645518304,0.3232993700587664,0.38944202520704446,0.2930636001071041,0.34387815499091023
C18-neg_Cluster_0744: NA,0.3450631115620758,0.3366920804032376,0.3358887996354703,0.35886803177421706,0.3202682769862409,0.34524044401227,0.3583642197137314,0.3594728411242173,0.32536394255837886,0.3529021453703312,0.34381238931401703
C18-neg_Cluster_1709: NA,0.3433438088661528,0.337926361232073,0.3552673609643128,0.32030350859886225,0.32418016037430064,0.34472136491964844,0.3503666436486798,0.36157029646227634,0.33688585427265516,0.36090794214499455,0.34354733014839556
C18-neg_Cluster_2007: NA,0.3578639308145079,0.3740563799752909,0.34284117119275453,0.3525122488573214,0.3168942628842008,0.32077561220798867,0.31175514498982987,0.3617546752349949,0.35930138060945993,0.3357971974426547,0.3433552004209003
C18-neg_Cluster_0960: NA,0.34305373525557015,0.3409915115301324,0.37679622505014637,0.31055257261235364,0.31720664984944363,0.3283821173729431,0.3853398911108293,0.31675803398206476,0.34456282266285226,0.3689888996932501,0.34326324591195856
C18-neg_Cluster_1478: NA,0.33225054843876983,0.34700319903042603,0.3380062195540148,0.3503408071327574,0.37574397421985467,0.3611428195624704,0.33034099503469144,0.2992643639284658,0.3047675418199242,0.38931284262743276,0.34281733113488067
C18-neg_Cluster_0768: NA,0.3635397436078111,0.341287457076152,0.3349387204817806,0.35781930410518753,0.3198466720218718,0.34563151491236727,0.3804333018597594,0.3349011400949845,0.33389938790945006,0.31435993554963665,0.3426657177619001
C18-neg_Cluster_1051: NA,0.35110415873955386,0.3338042625553724,0.3025867049986612,0.37038054839179435,0.3144210036781804,0.3610488685954801,0.35421041258567154,0.35721684352936206,0.3334848292676052,0.3475927413482904,0.34258503736899715
C18-neg_Cluster_2144: NA,0.3270186539644959,0.35321453233557404,0.33307261939993515,0.34377011137887137,0.36521559398150105,0.37207871212014454,0.33805906697294685,0.29677114014195993,0.3097351991995378,0.3829488390009254,0.34218844684958916
C18-neg_Cluster_2020: NA,0.3231901520596401,0.349227488173922,0.3321096219882843,0.33638439098634426,0.34279654448343416,0.3359346007318781,0.3301119895526525,0.34976770623411646,0.34813413379557206,0.36177229104130554,0.34094289190471494
TDCA,0.3826493702936438,0.33132630580100253,0.3040159340840016,0.3309857335456625,0.3288859294334287,0.3477759457339215,0.3501270686828544,0.3293228014299337,0.3378782113614905,0.3610923209177131,0.34040596212836527
C18-neg_Cluster_1847: NA,0.3319299407639153,0.35762553023577,0.3201379200195418,0.32118547330148395,0.3418934408132396,0.3195295875082795,0.3737052382361645,0.3403197621161516,0.34015417353683114,0.3558064046374197,0.3402287471168798
C18-neg_Cluster_0175: NA,0.33880597716051997,0.3580694485547993,0.3182130995833275,0.32474269178915527,0.3556725245094585,0.325157250431,0.36287386612926714,0.3533460636893605,0.3439251304744054,0.31917492260789093,0.3399980974929185
C18-neg_Cluster_0182: NA,0.3160592736650742,0.33649595775964525,0.3408235741766372,0.3461693841983869,0.30785500547264383,0.3511523086101364,0.357542148752566,0.36084922279062553,0.3510654039656704,0.32773268131362243,0.33957449607050083
C18-neg_Cluster_0220: NA,0.35655801237334234,0.31363064116837425,0.31980321969963876,0.32812492660080705,0.37835815987636057,0.34147653339722006,0.3272934605429426,0.3414283835266375,0.34443011692197845,0.3423573237127543,0.33934607778200554
C18-neg_Cluster_0944: NA,0.3504711640994565,0.3390326338683841,0.33489761693372233,0.34339783067217217,0.353273251689943,0.3265653405487676,0.31628123282458886,0.3403021463098409,0.34850289134100915,0.33894338044974337,0.33916674887376286
C18-neg_Cluster_0420: NA,0.3312276572856626,0.3345969738393533,0.33602150537634407,0.33790052471615073,0.35396026813605974,0.36417273824790847,0.3403127157936273,0.30952028636254736,0.3047393565298271,0.3735337777214072,0.33859858040088886
C18-neg_Cluster_1521: NA,0.34785932721712537,0.34530386091498844,0.32079440240138674,0.3260474358432334,0.31933229047759976,0.32877201388595295,0.3631146154821799,0.3389292878046948,0.344847024337998,0.3486579104365432,0.3383658168801703
C18-neg_Cluster_1868: NA,0.3344490010663435,0.3587341516462559,0.34559393452557113,0.3323174885027504,0.35870831513033347,0.3430220268042109,0.33887878915993747,0.3443162013745027,0.29937945386302894,0.32801335982750607,0.33834127219004406
C18-neg_Cluster_1908: NA,0.3580941106836342,0.34786989670091184,0.2953195977019593,0.36071416827557695,0.34110425269052086,0.3383479661964421,0.3495950713322717,0.33631157898692676,0.3150927530921612,0.3408400155958605,0.3383289411256265
UDCA,0.36185214936324733,0.34699615270790174,0.3122718753082766,0.336191791504014,0.33717475349615034,0.33452533622702313,0.3560729905062548,0.3459039727166392,0.3192700479619686,0.3312734583820704,0.33815325281735464
C18-neg_Cluster_1203: NA,0.3367754618864415,0.35217050221489404,0.36881274163014327,0.3170821648181814,0.3382328762618789,0.33265688637100305,0.3194708681539105,0.33061462722605073,0.33411782390770256,0.3492216162384852,0.3379155568708691
C18-neg_Cluster_1117: NA,0.3445452068565416,0.3093922781700231,0.30227079487215625,0.3451547137548914,0.35338834162450616,0.346736613161591,0.34810477411838764,0.3400719664407146,0.3457877083949886,0.34253935371129807,0.3377991751105099
C18-neg_Cluster_1128: NA,0.30930302475138227,0.3399110754097437,0.34990393513625245,0.3548668949675165,0.3599637349267417,0.3646753759213067,0.33631627653527624,0.30248335893497186,0.3054827435561381,0.34925919662528127,0.3372165616764611
C18-neg_Cluster_0389: NA,0.31209924040643194,0.36199894774916974,0.3463925177449889,0.335076123771004,0.33880127961217044,0.3454870653006196,0.3248119806273106,0.3356468758954702,0.3226464108381836,0.34879413933867914,0.33717545812840277
C18-neg_Cluster_1139: NA,0.3176834510069195,0.33391348055449865,0.3363949604701307,0.3385605302592577,0.35132259473780636,0.3711603414178141,0.329131376334691,0.31364825697468496,0.30590669729468195,0.36033366685926616,0.3358055355909751
C18-neg_Cluster_0562: NA,0.3527212897588749,0.33152477721876955,0.31045979603245066,0.3393003941243065,0.3294202755581862,0.356454666309653,0.3532579846578071,0.3265876539034278,0.3429362965468322,0.3118220850538104,0.33544852191641183
C18-neg_Cluster_0678: NA,0.33865565561333544,0.3244209097272134,0.3358112900877032,0.330441992324206,0.33821056290721874,0.3531017911751857,0.3362082329232374,0.34567144407333816,0.32315374605993136,0.3262834876477967,0.33519591125391657
C18-neg_Cluster_1596: oleanolic acid,0.3347837013862465,0.31820370448662844,0.33265806075809035,0.30549096426574973,0.34821046895625174,0.34411420679547344,0.3513096764798452,0.34071435617751095,0.3372240777538203,0.33279781282148846,0.3345507029881105
C18-neg_Cluster_1140: NA,0.341330909398385,0.33594047266731497,0.3565239551478084,0.29123742818622966,0.2987863883839024,0.34564913071867787,0.37139169567402774,0.31462887019264646,0.32161060142711523,0.36103360156334413,0.33381330533594517
C18-neg_Cluster_1817: NA,0.32069927704730905,0.346411307938387,0.33369387016915875,0.33205912334352705,0.352520469566933,0.36665774132480267,0.32887418556255493,0.3013688655890491,0.2908263927056469,0.3600506395712078,0.33331618728185763
C18-neg_Cluster_1914: NA,0.35421511013402107,0.3205501298872119,0.3197092687326485,0.33334272843003243,0.3301425236169243,0.3465510600017851,0.33069331116090517,0.3333979246231393,0.3210962198828432,0.34164094758945307,0.3331339224058964
C18-neg_Cluster_1492: NA,0.3225219258069214,0.35064379900130127,0.31901285718983263,0.33746952465508256,0.36327785528732554,0.3438558416362501,0.3250726945607088,0.2950530118331243,0.2924951967568126,0.378601258003448,0.3328003964730808
C18-neg_Cluster_0043: NA,0.32239391761439706,0.3348529902244019,0.333350949139644,0.30744514437914855,0.2769803689454474,0.36867416395383257,0.34756338167110584,0.3082813079853625,0.3708138972270372,0.35518515386819616,0.33255412750085733
C18-neg_Cluster_1728: NA,0.3229118223199312,0.35226680195605914,0.33839376729284987,0.33567740995974205,0.3609267323383926,0.345007915368969,0.3197092687326485,0.28746999440991744,0.28282529347933316,0.37998351160529326,0.33251725174631364
C18-neg_Cluster_1146: NA,0.30554733484594393,0.3685590740192694,0.3226311438060476,0.32421891514818424,0.29283342023797776,0.3788126476791763,0.34519581730294957,0.3277867031196419,0.32216843529362027,0.33733916768838346,0.3325092659141194
C18-neg_Cluster_1075: NA,0.3271595804149815,0.33096694335226445,0.3915453524805404,0.311699948796723,0.3032232228000207,0.32772563499109814,0.3585615167444111,0.3271525340924572,0.3253604193971167,0.32001226060119226,0.3323407413670806
C18-neg_Cluster_0567: NA,0.3257691061035246,0.35250990008314664,0.3356656660888682,0.3326451425001292,0.3278700846028458,0.3322752105676048,0.32422831024488324,0.35753157926877965,0.30499067536652624,0.3291853981407104,0.3322671072967019
C18-neg_Cluster_0130: NA,0.3933680012401528,0.35546348360790503,0.275284553991272,0.3544499875514969,0.3102225698408001,0.30530775988011855,0.3302693574223613,0.3491910821742133,0.3424371820346961,0.30655730774108997,0.33225512854841066
C18-neg_Cluster_0378: NA,0.3109330740286645,0.3539461754910113,0.3459532969743091,0.3373708761397427,0.33696336382042213,0.33462515912945034,0.3187368762242986,0.306882612964294,0.36593431887897704,0.3073206593478863,0.33186664129990556
C18-neg_Cluster_1200: NA,0.34866143359780527,0.31365765207138396,0.3141074423258502,0.36839935737538576,0.3300309568436233,0.3360543882147908,0.331622251347022,0.32998633013430295,0.30852205733827515,0.33641257627644133,0.33174544455248806
C18-neg_Cluster_0510: NA,0.315293573284103,0.3142483687763356,0.34482236220916307,0.32911493491546767,0.3133229517514809,0.3592027320941201,0.31667112933759867,0.3427695335804244,0.3256716319752721,0.3551217369654777,0.3316238954889443
C18-neg_Cluster_1732: NA,0.3101568041639069,0.3421846888109096,0.3630876045791701,0.32574326958760225,0.31685785688449203,0.34274487145158944,0.32055247866138664,0.3041228033089531,0.3234226807029411,0.3655726076560643,0.33144456658070154
C18-neg_Cluster_1017: NA,0.3631639397398498,0.2635853098268014,0.29505066305894956,0.3646471906312096,0.34681764587062014,0.31558364689468565,0.33222001437449794,0.332365638373333,0.355401241092274,0.3440813239570269,0.3312916613819248
C18-neg_Cluster_2024: NA,0.32178675949022206,0.3472920982539213,0.3285148231138169,0.333803088168285,0.3577194812027603,0.34376306505634713,0.32171981942624145,0.287722487633704,0.2862685964195287,0.3825518961653913,0.3311142114930218
C18-neg_Cluster_0464: NA,0.3442727490522696,0.34358103505780335,0.3322951751480902,0.3250257190772136,0.3205736176289595,0.33461106648440186,0.33336269301051785,0.3307097525801284,0.3213757240096394,0.3200803750522602,0.3305887907101285
C18-neg_Cluster_0819: NA,0.33886704528906364,0.3380391023924614,0.327430863832166,0.34947528384935905,0.317440352879832,0.33035391329265257,0.3326686302418768,0.3156787722487634,0.30274877041671955,0.35104074183683537,0.33037434762797296
C18-neg_Cluster_0097: NA,0.3377642958140147,0.3264443786787676,0.3191972359625512,0.3315024638641093,0.3114744664759462,0.327746773958671,0.35755389262343984,0.34210248171479307,0.3284795915011956,0.31906922777002683,0.3301334808363515
C18-neg_Cluster_1230: NA,0.3105326080318682,0.3445170215664445,0.34257575971100684,0.3222494680026495,0.3017493670053599,0.2976213963932224,0.32509265914119423,0.3304490386467303,0.3624346453585874,0.36297251464460695,0.330019447850167
C18-neg_Cluster_0118: NA,0.297328974008465,0.3071327574139057,0.32560469191129154,0.3492920794637279,0.35148113699460254,0.35235488098761253,0.32271569967633895,0.3475551609614942,0.3242658906316794,0.32222128271255235,0.32999525547616704
C18-neg_Cluster_2089: NA,0.31678974243342395,0.3300591421337204,0.32945785594498234,0.32412261540701903,0.33562456254080997,0.3747316525505339,0.3432709968667353,0.2870425175101115,0.31559773953973425,0.33934032328527747,0.32960371482123485
C18-neg_Cluster_1032: NA,0.31318672284934496,0.343973280344988,0.3197186638293475,0.30681332412613854,0.33656642098488804,0.3508328753223693,0.33533918647857686,0.32142857142857145,0.35447934722868135,0.31126659996148015,0.32936049925543864
C18-neg_Cluster_0059: NA,0.3453473132372215,0.38132935920742966,0.3322587691483814,0.3271901144792533,0.32542970823527206,0.30467946278837077,0.34552816884867793,0.35018696242431074,0.2575982844553428,0.32256068058080484,0.3292108823405065
C18-neg_Cluster_1923: NA,0.34811182044091193,0.3345887531297416,0.34545300807508567,0.3419897405544047,0.3536819383963509,0.33704439652945134,0.3193499062839104,0.31326423239711193,0.2755816739243789,0.3219934516176008,0.32910589213489483
C18-neg_Cluster_1138: NA,0.334949289965567,0.32829051518012753,0.3057082258769148,0.3597053697675184,0.3178044128769196,0.35569953541246824,0.3262329890030394,0.3057047027156527,0.33054181522663323,0.325866580231777,0.32905034362566177
C18-neg_Cluster_1464: NA,0.3097810002959456,0.3244843266299319,0.32820478492274885,0.3384900670340149,0.3620799804581989,0.34816114469858184,0.3262353377772141,0.28061627136797307,0.3009930617210878,0.36970879897781356,0.32887547738835105
C18-neg_Cluster_1237: NA,0.3386944103872189,0.33281073107944964,0.35302193285324396,0.33742842110702426,0.33994160947401547,0.31748380520206504,0.3023424324844864,0.31205813685837364,0.3609854516927616,0.2929085810115701,0.3287675512150209
C18-neg_Cluster_1973: NA,0.306080506583614,0.3253815583646895,0.3381189607144032,0.33668973162906285,0.3392968709630444,0.34037965585760793,0.31180681802167454,0.3298853328447883,0.32366343005585385,0.336182396407315,0.32874852614420536
C18-neg_Cluster_0205: NA,0.3518487201529522,0.33809899613391775,0.3488047088224656,0.3395763750898406,0.3433097516406188,0.3037246860863316,0.3003448000488545,0.30544281439516724,0.3115038261531307,0.3363550313091598,0.3279009709832439
C18-neg_Cluster_2087: NA,0.3248495610141068,0.32813197292333135,0.3249388144327475,0.3289763572391569,0.3404043179864429,0.3340872898434307,0.3242177407610968,0.3019079092621561,0.3380273585215876,0.33276140682177974,0.32783027288058364
C18-neg_Cluster_2125: NA,0.3496948942346989,0.36110406478858686,0.2823390972251582,0.36571353410654983,0.33034686697012833,0.3513636982858646,0.3344490010663435,0.31736166894497764,0.27395279903418407,0.31147094331468406,0.3277796567971176
C18-neg_Cluster_1509: NA,0.3416292037185793,0.32635864842138895,0.3612755253033442,0.32891059156226365,0.34880588320955297,0.30350390131390426,0.33072501961226436,0.3214203507189598,0.31087083151303335,0.30398540001972973,0.3277485355393021
C18-neg_Cluster_0058: NA,0.30473113582021544,0.3730240937254847,0.31130300596118887,0.3046254409823513,0.3290268558839142,0.32657003809711715,0.30663246851468223,0.3772601079496611,0.2804471596273905,0.36335771360926733,0.3276978020171273
C18-neg_Cluster_0193: NA,0.332356243276634,0.32924646626925413,0.36105004298256743,0.2908827632858411,0.343477688994114,0.338722595677316,0.3141602897447822,0.28441189043438225,0.30566712232885657,0.37630063369927236,0.32762757366930195
C18-neg_Cluster_0512: NA,0.33104562728711884,0.33711603414178143,0.31351790000798585,0.3202588818895419,0.30385269427885586,0.3510254748046994,0.3336492434598383,0.3281272753749818,0.33348130610634313,0.3232946725104169,0.3275369109861564
C18-neg_Cluster_1630: NA,0.302428162741865,0.32337218205818385,0.32933102213954535,0.33366803365323644,0.33578427918469356,0.3360402955697422,0.32777378486168074,0.3409057812727538,0.32026475382497877,0.3228014299337176,0.3272369725240397
C18-neg_Cluster_0972: NA,0.3608797568548975,0.34625041690741604,0.30801237334235265,0.3029225797056517,0.31734522752575434,0.33228460566430384,0.32819186666478767,0.3285406596297393,0.32090479478760037,0.32701043325488427,0.32723427143373873
C18-neg_Cluster_2162: NA,0.33408141790799384,0.33976545141090864,0.3117457498931308,0.3210140127867266,0.3095613899106057,0.32877201388595295,0.3270198283515833,0.3356468758954702,0.330670997806245,0.33377020532983837,0.32720479431784555
C18-neg_Cluster_1716: NA,0.30530775988011855,0.3397360917337242,0.2775804807470981,0.3603595033751885,0.31811679984216235,0.2962544098235131,0.3217961545869211,0.3599449447333437,0.33722290336673294,0.35256039872790396,0.3268879446816707
C18-neg_Cluster_0839: NA,0.32059827975779437,0.3321789108264397,0.3160240420524529,0.32240566148527083,0.3098608586178873,0.3444171986640173,0.32384898321565975,0.3355869821540139,0.33576666337838285,0.32729698370420474,0.3267984563856124
C18-neg_Cluster_1832: NA,0.330971640900614,0.33529573415634384,0.3530736058850886,0.29575881847263913,0.34191810294207453,0.3087416677236151,0.33083423761139064,0.320937677626047,0.3179676526820653,0.33139442025207044,0.3266893558251948
C18-neg_Cluster_0414: NA,0.3268859482236221,0.34006726889236505,0.3281272753749818,0.3033747187342926,0.3603371900205283,0.30314806202642847,0.2882944141452576,0.34788633812013514,0.31136172531555784,0.35535426560877875,0.3264837206461947
C18-neg_Cluster_1751: NA,0.33766447291158747,0.3117739351832279,0.30906697294681906,0.32051842143585263,0.29108945541321984,0.346361983680717,0.3246099860482814,0.3671274961597542,0.3333638673976052,0.32164700742682395,0.3263223598603889
C18-neg_Cluster_0938: NA,0.33464160054867365,0.3299946477292921,0.3022590510012824,0.35561850270343914,0.3207838329176003,0.2949250036406,0.32137807278381414,0.31974919789361933,0.32876614195051607,0.345599806461008,0.3253715857629845
C18-neg_Cluster_0805: NA,0.3108755290613829,0.33761162549265544,0.3244455718560484,0.33514658699624666,0.31699056262536585,0.34222696674605524,0.3259757982309033,0.28448939998214934,0.3026923998365254,0.371243722901018,0.32516981637283504
C18-neg_Cluster_0947: NA,0.31582204747342363,0.3266170135806123,0.33060170896808955,0.32999220206973984,0.3384289989054713,0.3484347768899411,0.3097727795863339,0.2816591271015657,0.3013582961052627,0.3689994691770365,0.3251686419857477
C18-neg_Cluster_0342: NA,0.3250445092706117,0.3541740065859628,0.3403667375996468,0.308431629532547,0.3123200251788592,0.32734865673604946,0.30510811407526417,0.3381036936822672,0.31616496850293835,0.3225242745810961,0.32495866157452424
C18-neg_Cluster_0923: NA,0.3257749780389615,0.317523734363036,0.3346134152585766,0.3271971608017776,0.3387895357412966,0.3298183927808077,0.3025232880959427,0.3185149170647839,0.3290350765935259,0.32527116597847583,0.32490616647171844
C18-neg_Cluster_0695: NA,0.32016493092255155,0.31013449080924665,0.3153605133480837,0.33229987269643974,0.3429022393212982,0.32174683032925117,0.3324220089535272,0.33869323600013157,0.30984441719866407,0.3217644461355618,0.32453329857147556
C18-neg_Cluster_0842: NA,0.33021768439051663,0.29988209153642714,0.3396045603799377,0.3186358789347839,0.30047398262846625,0.30705055031778916,0.31371519703866557,0.36023149518266423,0.341758386298191,0.33285418340168266,0.3244424010109125
C18-neg_Cluster_0964: NA,0.3060088689712839,0.33477900383789705,0.3216986804586686,0.3232993700587664,0.3568645274031483,0.3459673896193577,0.3163634399207054,0.29250694062768645,0.27832151899923435,0.3683265453759683,0.3244136285272717
C18-neg_Cluster_0153: NA,0.3488422892092617,0.3392874758663454,0.28461623378758627,0.35305951324004003,0.3289317305298365,0.3405335005660546,0.33407672035964436,0.3234309014125528,0.2775922246179719,0.31290017240002443,0.3243270761989318
C18-neg_Cluster_0547: NA,0.30827661043701293,0.32532401339740796,0.3487800466936306,0.31453609361274354,0.3199312278921631,0.35380055149217626,0.2864776373210821,0.3171197452049776,0.35476120012965234,0.31070171977245076,0.32397088459532974
C18-neg_Cluster_1762: NA,0.33118772812469177,0.2920865100504047,0.34051118721139434,0.3441564847306191,0.27474081276981543,0.3330315158518769,0.30029077824283507,0.33968794186314166,0.34843007934159165,0.3343010282933337,0.3238424066479705
C18-neg_Cluster_1938: NA,0.32699751499692314,0.3327367446929448,0.3284584525336227,0.3539414779426618,0.292050104050696,0.343084269319842,0.3152231100588603,0.28137257665224524,0.32740267854206895,0.3314637090902258,0.3232730637880091
C18-neg_Cluster_0609: NA,0.33091174715915767,0.32730637880090385,0.2991387045101162,0.31483438793293783,0.3101791175185671,0.3443713975676095,0.33423996016479,0.325813732812845,0.32593586906993244,0.3184949524842985,0.3231226248021158
C18-neg_Cluster_1840: NA,0.2866385283520531,0.3443890133739202,0.32855240350061304,0.31302113427002454,0.31332480532327683,0.3284478830498363,0.3621504436834417,0.31781028481235646,0.3031562827360401,0.3319205456672163,0.3229411324768779
C18-neg_Cluster_1468: NA,0.3404853506954721,0.3494670631397474,0.3105020739675963,0.33144139573556564,0.32729463493003,0.3022754924205057,0.32452895333925225,0.3466814169684842,0.30489789878662327,0.28931260775001527,0.32268868877332924
C18-neg_Cluster_0778: NA,0.31211803059982995,0.34454638124362896,0.30909868139817837,0.34100442978809364,0.306139225937983,0.3263081497766316,0.34012481385964666,0.28023929311292445,0.3654774823019866,0.30097779468895186,0.32260342827078553
C18-neg_Cluster_0364: NA,0.3297021284591572,0.31364473381342284,0.3377760396848885,0.3098632073920621,0.3175542684273078,0.2992291323158444,0.34485759382178444,0.3294484608482833,0.3446309371139203,0.2990858570911841,0.3225792358967855
C18-neg_Cluster_1867: NA,0.30026259295273805,0.3496749296542135,0.27192345814719304,0.340912827595278,0.349335531785961,0.3450819017554738,0.32961757258886587,0.3035262146685645,0.3162730121149772,0.3171256171404145,0.3223733658403679
C18-neg_Cluster_0844: NA,0.3033395761812046,0.33522996847945064,0.29589269860060036,0.31621429276060825,0.348465310954213,0.3087956895296345,0.3253263621715826,0.3116024746684706,0.34056286024323906,0.3370819769162474,0.3222511210505251
C18-neg_Cluster_0496: NA,0.3555844454779051,0.337916966135374,0.2684801552069975,0.3068743922546823,0.31044805216157684,0.3349528131268292,0.3288753599496423,0.3364431103407132,0.341972124748094,0.29973176998924267,0.32212791893910564
C18-neg_Cluster_0894: NA,0.3179676526820653,0.33591815931265473,0.3212747267201248,0.3063682314200219,0.3372910178178009,0.344118904343823,0.3125408099512864,0.29339242849157027,0.28562033474729537,0.35808119242567304,0.32125734579123155
C18-neg_Cluster_1819: NA,0.3085185341770131,0.3416139366864433,0.3231149912860478,0.3186899007408034,0.3383150833579954,0.3463690300032413,0.3195201924115804,0.28279710818923603,0.29047759974069537,0.3375693475575097,0.32069857241505656
C18-neg_Cluster_0879: NA,0.3352628513178972,0.32238922006604753,0.3612708277549947,0.32065934788633815,0.3150645678020641,0.3040664327287589,0.28731732408855826,0.2964423117574938,0.362467528197034,0.30193844332642794,0.32068788549256144
C18-neg_Cluster_1554: NA,0.34814118011809636,0.32093650323895967,0.309680003006431,0.34334850641450226,0.29777054355331956,0.3079031553432264,0.2855921494571983,0.3193910098319687,0.3407906913381907,0.33241026508265337,0.32059640073845463
C18-neg_Cluster_0096: NA,0.3251161468829418,0.3250374629480874,0.3390396801909084,0.31247621866148056,0.33273791908003214,0.3414636151392588,0.2916449405055502,0.31543215096041377,0.29033667329020985,0.3300262592952738,0.32033110669541565
C18-neg_Cluster_0238: NA,0.3335823033958577,0.32213555245517367,0.31284145304565547,0.29588212911681394,0.3007816720453596,0.32373271889400923,0.3044046562099241,0.3293474635587687,0.3190809716409006,0.35882927700033357,0.3200618197362796
C18-neg_Cluster_0759: NA,0.32308328283468857,0.3277867031196419,0.31792420035983227,0.2810226093002062,0.3334261099132363,0.2992784565735143,0.303128097445943,0.31526656238109335,0.3561692902474199,0.3386028081944034,0.31956881203699794
C18-neg_Cluster_1457: NA,0.30758019889419713,0.29487450499584267,0.3285747168552733,0.34463446027518235,0.3390901788356657,0.30937935991206195,0.2644520074972872,0.341442476171686,0.332845962692071,0.32563992352391286,0.318851378965318
C18-neg_Cluster_1299: NA,0.30817091559914883,0.3393508927690638,0.28692038125302405,0.2896966323275883,0.2976061293610865,0.3364348896311016,0.36585211178286053,0.29567191382817304,0.3206534759509012,0.3452122587221729,0.3185569601225121
C18-neg_Cluster_0954: NA,0.34803078773188273,0.3178325981670166,0.2941980580335123,0.35576647547644885,0.3312840278658568,0.3023870591938068,0.2869332995109853,0.32141095562226074,0.3162225134702199,0.31085673886798476,0.3184922513939975
C18-neg_Cluster_1608: NA,0.349388379204893,0.32446671082362116,0.3230621438671158,0.3109095862869169,0.32054543233886235,0.31138521305730543,0.31980909163507565,0.3183387590016771,0.31020143087322727,0.2966313880785618,0.31847381351672566
C18-neg_Cluster_0353: NA,0.325284084236437,0.3201120835036195,0.29455859486933766,0.2811318272993325,0.3497148588151844,0.28833199453205377,0.3141133142612871,0.33304091094857596,0.33461693841983875,0.3414459993329481,0.3182350606218615
C18-neg_Cluster_1463: NA,0.33199218327954644,0.3342751917774114,0.2983365981294363,0.32389478431206753,0.35096675545033046,0.3222482936155621,0.28501200223603307,0.30088501810904894,0.33293521611071186,0.29907411322031036,0.3179620156240459
C18-neg_Cluster_0377: NA,0.3084480709517703,0.30916092391380945,0.25519666286165255,0.30904231081798417,0.32891763788478795,0.3485216815344072,0.31831057371157995,0.31125368170351897,0.32877553704721507,0.35997547879761554,0.3177602559224341
C18-neg_Cluster_0231: NA,0.29229085340360866,0.331801932571391,0.31942859021876485,0.29730431187963,0.33960808354119987,0.34459805427547363,0.3146805432244911,0.29177764624642405,0.2958891754393382,0.3474870465104262,0.3174866237310747
C18-neg_Cluster_0326: NA,0.3086042644343917,0.3182048788737158,0.3199582387951728,0.3083259346946829,0.34699732709498915,0.3261719208744956,0.30534299149273997,0.28863263762642277,0.2953501317662312,0.3570747426917892,0.3174663068344631
C18-neg_Cluster_1057: NA,0.33097633844896357,0.3212265768495423,0.3575597645588768,0.28378946527807136,0.2947324041582698,0.3011151979781752,0.34372078712120147,0.30463953362739987,0.31191721040788817,0.32320894225303815,0.3172886220681427
C18-neg_Cluster_0048: NA,0.29862549735293153,0.32732516899430186,0.3092431310099259,0.28590805958370324,0.3188202577075025,0.3217128675575904,0.3142789028406075,0.3243985963725532,0.31447032793585034,0.3572180179164494,0.3172000827271416
C18-neg_Cluster_0163: NA,0.3181755191965313,0.32526881720430106,0.3088532344969161,0.29628964143613445,0.3263128473249811,0.3232112910272129,0.2980829305185624,0.3218325605866299,0.30512807865574954,0.34878944179032967,0.31719443622373483
Trp_DCA,0.2789192820267103,0.3435011767358616,0.26294761763835456,0.3374378162037233,0.3247192040474077,0.34636315806780443,0.3210457212380859,0.3394695058648891,0.2678107545671914,0.3423126970034339,0.31645269333934617
C18-neg_Cluster_2006: NA,0.32857941440362276,0.3427354763548904,0.32086956317497906,0.31558717005594783,0.3071550707685659,0.2962450147268141,0.28447648172418816,0.32803684756925366,0.3259276483603208,0.3141567665835201,0.3163769453722103
C18-neg_Cluster_1444: NA,0.3250844384315826,0.33203798437595416,0.31295067104478175,0.32453599966177654,0.31391601723060736,0.32422831024488324,0.29445994635399786,0.33631157898692676,0.3262893595832335,0.27188000582495997,0.3161694311738704
C18-neg_Cluster_0441: NA,0.2768887667526318,0.3273815395744961,0.36251567806761653,0.3280638584722634,0.30985733545662514,0.3284760683399334,0.30173762313448615,0.3242388797286696,0.3001228408893398,0.2998175002466213,0.3159100090662684
C18-neg_Cluster_0156: NA,0.285585103134674,0.29432606622603663,0.3146136031605105,0.34275661532246327,0.30600534581002176,0.3375623012349855,0.31895883538381326,0.34456517143702703,0.3104057742264313,0.3027840020293409,0.3157562817965304
C18-neg_Cluster_1438: NA,0.30807461585798374,0.3421200975211038,0.27327048013641686,0.3380426255537235,0.29406887545390065,0.34834082592295085,0.33659108311372293,0.3389539499335297,0.26240739957816017,0.3107040685466256,0.31525740216181175
C18-neg_Cluster_0345: NA,0.30723962663885723,0.32511967004420395,0.3119735809880823,0.3170563283022591,0.28742771647477183,0.3079595259234205,0.32889415014304035,0.3262693950027481,0.3077622288927409,0.33065220761284686,0.31503544300229713
C18-neg_Cluster_0036: NA,0.2883813187897236,0.3510595320302335,0.284652639787295,0.29825791419458186,0.3166147587574045,0.32917717743109876,0.3120346491166261,0.3422680702941135,0.3244526181785727,0.300510388628175,0.3147409067207824
C18-neg_Cluster_0196: NA,0.3316786219272162,0.320723939176144,0.31128304138070345,0.3093958013312852,0.30455262898293384,0.30757550134584766,0.31465940425691835,0.32016493092255155,0.3089037331416734,0.3073464958638087,0.31362840983290824
C18-neg_Cluster_1022: NA,0.3086160083052655,0.3459568201355713,0.2584180066423334,0.33258524875867285,0.3197691624741048,0.32856884491983634,0.31498470948012236,0.2977940312950671,0.30761660489390585,0.321049244399348,0.3135358681304227
C18-neg_Cluster_2014: NA,0.32018372111594967,0.29813225477623234,0.31343216975060717,0.2879244822127332,0.3269376212554668,0.3189811487384734,0.33957754947692803,0.31925595531692014,0.300432879080408,0.30672759386876,0.3131585375592479
C18-neg_Cluster_1275: oleanolic acid,0.3137621725221607,0.2948932951892408,0.3065502614185657,0.2934523222330266,0.3200322251816777,0.3247685283050776,0.32106216265730914,0.3171338378500261,0.31490485115818057,0.3170551539151717,0.3123614810430436
C18-neg_Cluster_2077: NA,0.2835463671509839,0.27902380247748704,0.326557119839156,0.34055698830780223,0.3086277521761393,0.3362880912451792,0.3248049343047864,0.2964528812412802,0.298757028706718,0.32809321814944786,0.312270818359898
C18-neg_Cluster_0303: NA,0.30786087740808077,0.30672524509458515,0.30625079271128397,0.28539837558778075,0.335386161962072,0.32664402448362206,0.2761700418551558,0.27641666314350544,0.3787868111632539,0.32149081394420254,0.3121129807353542
C18-neg_Cluster_2041: NA,0.3151855296720642,0.3042284981468172,0.2916531612151618,0.30788084198856625,0.3016495441029327,0.3351360175124603,0.33259229508119714,0.3066594794176919,0.32280847625624187,0.30315863151021477,0.3120952474903348
C18-neg_Cluster_0012: NA,0.2941264204211822,0.32062998820915367,0.32135458504206654,0.3115660686687618,0.3463819482612025,0.32602747126274795,0.2990682412848734,0.27310019400874685,0.2781066061622439,0.3473402481245038,0.3117701771445483
C18-neg_Cluster_1351: NA,0.30759546592633313,0.31685785688449203,0.337659775363238,0.3110141067376936,0.32037044866284287,0.3058503267144877,0.32091771304556155,0.31194891885924736,0.2942227201623473,0.28948054510351046,0.3115917877459754
C18-neg_Cluster_2098: NA,0.28901783659108315,0.3412181682379966,0.3380273585215876,0.2915462919902103,0.3060405774226431,0.3171338378500261,0.2928522104313759,0.2899773108414719,0.3756911268009226,0.2700021608722408,0.3111506879559558
C18-neg_Cluster_0412: NA,0.3029014407380788,0.33416479939119775,0.29979283811778634,0.3268894713848842,0.29637419730642584,0.31345095994400524,0.3294214499452736,0.26709907599223964,0.3517712106051851,0.28910709000972395,0.31109725334348004
C18-neg_Cluster_1895: NA,0.3166135843703171,0.2702194224834059,0.32045383014604684,0.3111656026719655,0.322238898518863,0.33583125466818864,0.31145450189546076,0.3005209581119614,0.29804535013176625,0.32412966172954333,0.3110673064727519
C18-neg_Cluster_1598: NA,0.2813901924585559,0.324205996890223,0.30637762651672096,0.32558002978245654,0.34756690483236796,0.3014816067494375,0.30678513883604147,0.26358413543971404,0.296445834918756,0.3541599139409143,0.31075773803651874
C18-neg_Cluster_1096: NA,0.2874007055717621,0.31426715896973373,0.3132043386556556,0.3215272199439113,0.31018851261526614,0.3084363270808965,0.29685569601225126,0.2664425936103948,0.33334272843003243,0.3514987528009132,0.3103164033690816
C18-neg_Cluster_1115: NA,0.2987112276103102,0.35456272871188527,0.2720913955006882,0.2940994095181725,0.30470999685264266,0.3028521164804089,0.3171749413980844,0.3280638584722634,0.3094439512018678,0.31980909163507565,0.3101518717381399
C18-neg_Cluster_1388: NA,0.3060628907773033,0.30905640346303265,0.3057058771027401,0.28086054388214793,0.3235530376696402,0.2977646716178826,0.3352722464145962,0.32407798869769866,0.317037538108861,0.3020335686805056,0.31014247664144085
C18-neg_Cluster_2027: NA,0.30116569662293247,0.320655824725076,0.3079348637945856,0.3159336142467246,0.3195648191209008,0.33670147549993656,0.2978351348431254,0.2706010982868041,0.29066315290050126,0.3338336222325568,0.30948893022731433
C18-neg_Cluster_1733: NA,0.2924576163700165,0.31921132860759965,0.3199699826660466,0.29916101786477645,0.33846305613100525,0.3345499983558581,0.2965374371115715,0.2843825307571978,0.26127529042592673,0.34842420740615476,0.3094432465696153
C18-neg_Cluster_0837: NA,0.32823414459993333,0.29728552168623196,0.26903329152515304,0.2998057563757475,0.31627653527623933,0.31180681802167454,0.3290162864001278,0.32271922283760107,0.3213111327198335,0.297260859557397,0.30927495689999385
C18-neg_Cluster_2123: NA,0.298329551806912,0.31385025155371415,0.2936413985540946,0.31562475044274396,0.3471875778031446,0.33742489794576214,0.3022790155817679,0.2608525110744702,0.26439093936874347,0.35858148132489653,0.30921623754562494
C18-neg_Cluster_1137: NA,0.3173381812032301,0.308125114502741,0.2915944418607929,0.31418142871235505,0.32093532885187226,0.30467359085293383,0.30870526172390633,0.3089377903672073,0.3089225233350714,0.3059360569718664,0.3089349718381976
C18-neg_Cluster_2136: NA,0.3380062195540148,0.3047252638847785,0.2869121605434124,0.30595602155235185,0.3132935920742964,0.28903427801030646,0.32052664214546434,0.3059912531649732,0.29678875594827064,0.32647256396886465,0.3087706750846733
C18-neg_Cluster_0076: NA,0.3119536164075969,0.32425414676080555,0.3204350399526487,0.28724568647622806,0.33433391113178035,0.3291302019476036,0.29601835801894993,0.27557815076311676,0.2695089182955415,0.33892811341760737,0.3087386143171879
C18-neg_Cluster_2043: NA,0.32802980124672937,0.29757794407098936,0.32105041878643537,0.284541073013994,0.286508171385354,0.3534928620752829,0.2669006045744726,0.32814489118129253,0.3098773000371106,0.3110669541566256,0.30871900205282854
C18-neg_Cluster_1916: NA,0.3079372125687604,0.3310221395453713,0.28624628306486843,0.3095120656529357,0.3004140888870099,0.34697149057906684,0.31401818890720934,0.29719274510632904,0.31770576436157966,0.2740373549044754,0.3085057333577606
C18-neg_Cluster_0172: NA,0.308047604954974,0.29116344179972475,0.29071482593234593,0.3081486022444886,0.3120546136971115,0.29546874486205654,0.3125220197578884,0.33452533622702313,0.32315257167284395,0.3069636456733231,0.308276140682178
C18-neg_Cluster_0098: NA,0.29242943107991937,0.3209200618197363,0.2914981421196277,0.3383785002607139,0.3120393466649756,0.2957318075696294,0.2782569277094285,0.31345095994400524,0.29798193322904776,0.341442476171686,0.308212958656877
C18-neg_Cluster_0009: NA,0.3062778036142937,0.27855991957797227,0.33952587644508336,0.29946753289458233,0.29115522109011305,0.2865210896433152,0.30527487704167194,0.3488599050155724,0.3238407625060481,0.30044932049963124,0.3079932308328283
C18-neg_Cluster_1374: NA,0.30143815442720445,0.32644672745294234,0.3238959586991549,0.28477477604438245,0.2691601253305899,0.32587832410265083,0.3176364755234244,0.2850906861708874,0.3171878596560455,0.32346260986391207,0.30749716972711943
C18-neg_Cluster_0324: NA,0.3099571583590524,0.298004246583708,0.3035637950553606,0.2772962790719523,0.2918422375362299,0.308577253531382,0.3008920644315732,0.35723093617441065,0.3112149269296355,0.31511976399517094,0.3073698661668475
C18-neg_Cluster_0037: NA,0.2995732277324465,0.32866514466100144,0.31151087247565495,0.2972632083315718,0.33404853506954724,0.3241684165034269,0.28564147371486825,0.27710367958962223,0.2741324802585531,0.34107371862624897,0.30731807569629416
C18-neg_Cluster_1446: NA,0.32397934018235885,0.33334037965585767,0.2965350883373967,0.30828483114662464,0.2955955786674934,0.28474071881884844,0.31949200712148335,0.2835205306350616,0.30379045176322483,0.3224209285174068,0.30716998548457564
C18-neg_Cluster_0072: NA,0.3007440916585634,0.3114192702828394,0.3219464761341056,0.3003354049521555,0.3452463159477069,0.30647862380623553,0.28267849509341075,0.2867266073836065,0.26761345753651167,0.3474036650272223,0.3070592407822358
C18-neg_Cluster_0627: NA,0.31740629565429807,0.3092302127519648,0.27066099202826044,0.3107040685466256,0.300724127078078,0.3322658154709057,0.3278888747962439,0.3118831531823541,0.30912334352701326,0.2792598542820502,0.3069146737317794
C18-neg_Cluster_0959: NA,0.30337236996011785,0.32531579268779626,0.2973336715568145,0.31069232467575175,0.2677778717287448,0.3524276929870301,0.30085683281895176,0.31237522137196605,0.3118655373760435,0.286080694485548,0.3068098009648764
C18-neg_Cluster_0415: NA,0.314677020063229,0.3154063144444914,0.28829089098399546,0.29520450776739615,0.3362763473743054,0.33320297636663426,0.28731497531438344,0.2980970231636109,0.3007840208195343,0.2986031839982713,0.3067857260295851
C18-neg_Cluster_0883: NA,0.25503812060485637,0.32016493092255155,0.3280497658272148,0.31425424071177255,0.3197844295062407,0.31206283440672317,0.3130622378180828,0.2920301394702105,0.31663002578954047,0.29546874486205654,0.30665454699192496
C18-neg_Cluster_1499: NA,0.32629758029284517,0.2952573551863283,0.3245724056614853,0.3041263264702152,0.30462896414361346,0.28310832076739156,0.31137816673478114,0.29067254799720027,0.30999943629419807,0.31589603385992854,0.3065937137407987
C18-neg_Cluster_1918: NA,0.29503657041390097,0.319057483899153,0.3163822301141035,0.2926337744331234,0.2954041535722507,0.30183509726273855,0.30222381938866105,0.2988404101899219,0.33621762801993643,0.3059149180042936,0.3063546085298083
C18-neg_Cluster_0184: NA,0.2874371115714709,0.33450067409818823,0.29356741216758975,0.3275788366051757,0.3313920714778957,0.31789484068264773,0.29598312640632857,0.31238931401701453,0.29535482931458074,0.26488770510670484,0.3060985921447597
C18-neg_Cluster_1067: NA,0.3178126335865312,0.30769294005458553,0.28668550383554825,0.3283116541477003,0.2646798385922387,0.32587949848973824,0.3184608952587645,0.30974341990914944,0.3035191683460402,0.298013641680407,0.30607991939007034
C18-neg_Cluster_1322: NA,0.27883237738224426,0.31345330871818,0.29339007971739556,0.31588898753740424,0.3030294489306032,0.3239993047628443,0.29997721689050494,0.31535816457390886,0.31275454840118944,0.3037845798277879,0.3060468016742063
C18-neg_Cluster_0445: NA,0.31490132799691845,0.31656191133847245,0.28948759142603475,0.26616778703194804,0.32147789568624136,0.31892830131954136,0.3135590035560441,0.2822122634197213,0.33066512587080804,0.30065601262701,0.305461722027274
C18-neg_Cluster_1454: NA,0.29722680233186305,0.30434358808138035,0.3113253193158491,0.30457846549885614,0.28679707060884924,0.2818705167772939,0.33183951295818714,0.3034005552502149,0.3145748483866271,0.3150011508993456,0.30509578301084667
C18-neg_Cluster_1312: NA,0.2952925867989497,0.3188989416423569,0.2884576539504033,0.3312382267694491,0.29599369589011504,0.31580912921546245,0.3151667394786661,0.29841528206429063,0.3044622011772056,0.2864776373210821,0.3050212094307981
C18-neg_Cluster_1318: NA,0.2899914034865204,0.28508363984836316,0.3341471835848871,0.3136846629743937,0.2806879089803032,0.30816504366371195,0.30854554508002274,0.3088238748197316,0.3297796380069242,0.2897494797465203,0.30486583801913786
C18-neg_Cluster_0437: NA,0.3151009738017729,0.3078538310855565,0.28825800814554886,0.2847959150119553,0.3136823142002189,0.26078087346214013,0.3032067813807974,0.32202516006896004,0.31207457827759694,0.3381260070369274,0.30459044424714743
C18-neg_Cluster_0307: NA,0.2909778886399188,0.30946743894361534,0.3137328128449762,0.3097011419740038,0.3041768251149725,0.3096600384259455,0.2997165909529432,0.2775475979086515,0.35165494628353466,0.2774571701029233,0.3044092451191485
C18-neg_Cluster_0290: NA,0.3215824161370181,0.3257186074587673,0.3099477632623534,0.32165757691061037,0.2969496469792416,0.29051518012749145,0.30971171145779025,0.25798230903291575,0.32531696707488367,0.2786761838996228,0.3038058362340695
C18-neg_Cluster_0980: NA,0.30588203516584694,0.30632830225905106,0.273515927037679,0.2813854949102064,0.322889508965271,0.2935251342324441,0.3282881664059527,0.30305763422070026,0.3050153374953612,0.3159641483109965,0.3035851689003509
C18-neg_Cluster_1742: NA,0.3230550975445915,0.3089718475927414,0.28578240016535367,0.3214262226543967,0.2754677583769031,0.27425109335437836,0.3167204535952687,0.3275565232505156,0.2976437097478826,0.3015403261038065,0.3032415432385838
C18-neg_Cluster_1276: NA,0.2886244169168111,0.3026853535140011,0.30777044960235256,0.2986313692883684,0.33583947537780034,0.3368705872405192,0.2901957468397244,0.27346895155418394,0.2731953193628246,0.32297641360973706,0.30302580833063225
C18-neg_Cluster_1078: NA,0.2796450532467106,0.30053622514409734,0.30410518750264237,0.31005580687439227,0.32165992568478513,0.33435035255100365,0.3023365605490495,0.2507974088323304,0.2793761186037007,0.3462598120041151,0.3029122450992827
C18-neg_Cluster_0337: NA,0.27335503600670813,0.31649027372614236,0.27934323576525416,0.27015365680651265,0.31169877440963567,0.2872809180888495,0.30356614382953534,0.339329753801491,0.298338946903611,0.3469620954823678,0.3026518834820107
C18-neg_Cluster_1986: NA,0.2751600689600097,0.3389469036110055,0.30621203793740054,0.2809768082037985,0.3030564598336128,0.29400545855118215,0.28503431559069325,0.2752058700564176,0.34667319625887255,0.3209400264002217,0.3026211145403215
C18-neg_Cluster_1268: NA,0.31607923824555967,0.3051269042686622,0.3407261000483848,0.29101077147836546,0.309630678748761,0.26090653288048965,0.27194812027602794,0.28956744974797655,0.35150932228469967,0.2886373351747723,0.30251424531536997
C18-neg_Cluster_0402: NA,0.2640855987260249,0.3288225125307102,0.26228526332107277,0.3472016704481931,0.30731948496079897,0.32537803520342734,0.29669480498128026,0.29070777960982164,0.30845041972594506,0.29024741987156905,0.30211929893788436
C18-neg_Cluster_0957: NA,0.32480258553061164,0.3233040676071159,0.2650180620734039,0.30915622636545986,0.2847101847545766,0.3004352278545827,0.3287955016277005,0.2902685588391419,0.2632259473780634,0.3254062204935244,0.30151225825241806
C18-neg_Cluster_0568: NA,0.31201703331031533,0.32550017146051474,0.2574174288438864,0.32725822893032125,0.32877201388595295,0.2868452204794318,0.28534552816884867,0.30981623190856694,0.28865964852943254,0.28900022078477244,0.3010631726302043
C18-neg_Cluster_0880: NA,0.298664252126815,0.29521977479953215,0.33909605077110255,0.3081509510186634,0.3231384790277954,0.28035908059583703,0.27122704660437724,0.29549810453924097,0.3333697393330421,0.2628665849293254,0.30075900637457315
C18-neg_Cluster_0275: NA,0.306687664707789,0.2880243051151604,0.3101532810026447,0.2925973684334146,0.2955720909257459,0.3203962851787652,0.31619432818012283,0.29354392442584215,0.2841535252751589,0.2994005928306017,0.30067233660752457
C18-neg_Cluster_0049: NA,0.27150420195699865,0.33273087275750785,0.29272537662593895,0.2941863141626386,0.31457837154788915,0.31771398507119136,0.29084400851195763,0.2966877586587561,0.2819221898091386,0.310519689773907,0.3003412768875924
C18-neg_Cluster_0080: NA,0.30322557157419544,0.2980371294221546,0.2826268220615661,0.30019212972749526,0.3221167622617756,0.29265139023943404,0.31540983760575353,0.2958104915044838,0.31403932787478217,0.2782099522259333,0.30023194144975734
C18-neg_Cluster_0583: NA,0.29479582106098823,0.326941144416729,0.2613445792640821,0.31818726306740513,0.30972580410283873,0.2954922326038041,0.30850796469322667,0.2868851496404026,0.28938776852360754,0.3088238748197316,0.30000916021928153
C18-neg_Cluster_2111: NA,0.3072959972190514,0.2963788948547753,0.2720338505334067,0.2886796131099179,0.2788852248011763,0.32836332717954503,0.32568102707197116,0.30575050381206054,0.3122894911145873,0.28413590946884826,0.29994938391653403
C18-neg_Cluster_0876: NA,0.2940031097770074,0.27206438459767845,0.3117892022153638,0.29209825392127853,0.2931610742353566,0.34279889325760887,0.30263602925633115,0.28244831522428443,0.3031985606711857,0.3003882523710875,0.29945860755271825
C18-neg_Cluster_1065: NA,0.28973656148855914,0.3102589758405089,0.2931434584290459,0.3055285446525458,0.29675000117438705,0.3179195028114827,0.30601239213254605,0.25683375846145895,0.2752234858627282,0.33989580837760774,0.29913024892308704
C18-neg_Cluster_0284: NA,0.30729952038031355,0.2720455944042804,0.28939951239448136,0.30649623961254624,0.251223711345049,0.3250539043673107,0.2951258238325419,0.312545507499636,0.3227016070312904,0.30905640346303265,0.29909478243304827
C18-neg_Cluster_0053: NA,0.2945010499020561,0.31676860346585123,0.3030059611888556,0.27736556791010775,0.3304384691629439,0.3250973566895437,0.2816426856823424,0.2583381483203916,0.2660409532265111,0.33122648289857526,0.2984425278447179
C18-neg_Cluster_1680: maslinic acid,0.30074761481982554,0.29605358963157136,0.2946384531912795,0.32382314669973744,0.3117809815057522,0.2963824180160375,0.31978560389332805,0.29776349723079526,0.271272847700785,0.26899453675126955,0.2981242689440381
C18-neg_Cluster_1380: NA,0.2894464878779765,0.296765268206523,0.287217501186131,0.34168087675042397,0.2777448949393312,0.2615360043593249,0.34115827449654024,0.2802980124672934,0.3132172569136168,0.29073126735156923,0.29797958445487305
C18-neg_Cluster_1931: NA,0.2597039605030135,0.3275459537667292,0.2932468044927352,0.30469825298176884,0.3233686588969217,0.3014134922983695,0.30334183589584596,0.2636287621490344,0.26164052481010164,0.33532744260770303,0.2973915688402223
C18-neg_Cluster_0028: NA,0.25383554822738014,0.31089784241604307,0.2914499922490452,0.30054092269244687,0.31637988133992867,0.3323926492763427,0.29368132771506555,0.2666375418668997,0.2932679434603081,0.31329828962264594,0.29723819388661055
C18-neg_Cluster_0549: NA,0.29577878305312455,0.2987629006421549,0.3033841138309916,0.31818021674488084,0.29092034367263725,0.2974440639430281,0.3028603371900206,0.2850061303005961,0.3287038994348849,0.2481268525956304,0.29691676414079493
C18-neg_Cluster_0599: NA,0.30004768011574756,0.29539240970137687,0.27271616943117394,0.3108520413196353,0.2582747314176731,0.30930537352555704,0.33279781282148846,0.29242943107991937,0.2873525557011795,0.3069742151571095,0.29661424202708603
C18-neg_Cluster_2088: NA,0.2944329354509882,0.30612161013167233,0.298242647162446,0.3005561897245828,0.3122319461473057,0.3113194473804122,0.29055510928846234,0.2638154896959277,0.27778717287447685,0.31098004951215963,0.2966042597368434
C18-neg_Cluster_1143: NA,0.28446943540166386,0.3047334845943902,0.27910131202525407,0.28325042160496433,0.3221472963260475,0.2983718297420576,0.30949562423371246,0.29622152698506654,0.2960136604706004,0.2916895672148706,0.2965494158598627
C18-neg_Cluster_0088: NA,0.2852562747502079,0.3041909177600211,0.3132031642685682,0.3040711302771084,0.2690297683638909,0.3342188211972172,0.2683462750790363,0.30139822526623355,0.28667845751302395,0.29790912122963026,0.29643021557049376
C18-neg_Cluster_1863: NA,0.2654842937470934,0.3223528140663388,0.2637661654382578,0.25937865527980947,0.31115973073652864,0.30586676813371105,0.3341765432620715,0.2810214349131189,0.2927711777223467,0.32444087430769886,0.2960418457606975
C18-neg_Cluster_1542: NA,0.3137609981350733,0.27050244977146426,0.26838150669165767,0.28474541636719797,0.30986555616623684,0.28346885760321694,0.2937470933919588,0.2887559482705976,0.3433743429304247,0.30251624177341846,0.2959118411101247
C18-neg_Cluster_1710: NA,0.3020875904865251,0.2815393396186531,0.29866542651390243,0.27204442001719303,0.3010905358493402,0.30932651249312987,0.2996977127637086,0.30429896137206,0.2917823437947735,0.295532161764775,0.2956065004674061
C18-neg_Cluster_1156: NA,0.30327607021895275,0.32687185557857357,0.29460557035283286,0.2751260117344758,0.27714008558933095,0.2727267389149603,0.28259511361020684,0.30046693630594196,0.3335599900411975,0.2861464601624412,0.29525148325089134
C18-neg_Cluster_0001: NA,0.28427566153224637,0.3161590965675014,0.30173997190866086,0.2800396473080699,0.327960512408574,0.31961062021730857,0.2847278005608873,0.25802223819388664,0.25153727269737924,0.3260215993273111,0.2950094420721826
C18-neg_Cluster_1199: NA,0.28074545394758477,0.29729843994419314,0.30370941905419563,0.312793303175073,0.31728298501012325,0.2843731356604988,0.2956261127317653,0.2801664811135069,0.30179281932759294,0.27200449085622214,0.2945792640820756
C18-neg_Cluster_0824: NA,0.29399488906739574,0.2934664148780751,0.3214731981378918,0.298883862512155,0.30276873499720497,0.28777298627846126,0.2911376052838024,0.2784107724178751,0.32883895394993357,0.2475842857612612,0.2944331703284056
C18-neg_Cluster_1821: NA,0.28175542684273075,0.31553549702410316,0.3021333915829329,0.2949755022853573,0.31128891331614034,0.3196775602812892,0.29030966238720013,0.2529841175890303,0.2678107545671914,0.30700005167303185,0.2943470877549007
C18-neg_Cluster_0162: NA,0.28311419270282845,0.3098585098437126,0.2969954480756493,0.30700357483429397,0.32272626916012537,0.3080863597288575,0.2804459852403031,0.24596832912902755,0.2501561934826214,0.3363468105995482,0.2940701672796967
C18-neg_Cluster_1040: NA,0.3034768904108946,0.3069918309634202,0.26776730224495837,0.28923274942807353,0.2993430478633202,0.26062585436660607,0.2622993559661213,0.3197867782804154,0.31570930631303523,0.3121485646641018,0.2937381680500947
C18-neg_Cluster_1179: NA,0.2763356304344763,0.3061897245827403,0.2981780558726401,0.28405135359855693,0.3198748573119689,0.29816396322759153,0.23592614514484891,0.2600551022421398,0.33255236592022624,0.3229646697388633,0.29342918680740526
C18-neg_Cluster_0477: NA,0.2850989068804991,0.3413426532692588,0.28795266750283033,0.30978334907012034,0.28900022078477244,0.29195967624496777,0.2670521005087445,0.26621711128961795,0.31286024323905354,0.27853290867496255,0.2929799837464827
C18-neg_Cluster_0922: NA,0.3014005740404084,0.2989226172860384,0.2947899491255514,0.2992831541218638,0.28927502736321914,0.28066559562564297,0.30559783349070124,0.2668301413492299,0.29321392165428867,0.29244587249914267,0.29224246865560866
C18-neg_Cluster_0994: NA,0.2836579339242849,0.3141990445186657,0.3018444923594376,0.2975063064586592,0.30029899895244677,0.29721858162225134,0.28463150081972216,0.259947058630101,0.24323200721543428,0.33602620292469365,0.29185621274256973
C18-neg_Cluster_0979: NA,0.28851050136933537,0.2808194403340896,0.27440024051447554,0.26035339656233414,0.3056318907162352,0.2927617826256477,0.3096882237160426,0.2922027743720552,0.3105161666126449,0.30259727448244766,0.29174816913053075
C18-neg_Cluster_0346: NA,0.28959680942516103,0.27473494083437855,0.285318517265839,0.2909461801885596,0.3000124485031262,0.2811024676221481,0.30526430755788553,0.279665017827196,0.30343461247574893,0.30546395336274,0.29155392550627823
C18-neg_Cluster_0602: NA,0.23255917736533305,0.29378937132710436,0.26206447854864545,0.3066677001273036,0.29843289787060134,0.30156851139390356,0.296988401753125,0.27231452904729025,0.32962109575012805,0.3188554893201239,0.2912861652503559
C18-neg_Cluster_0459: NA,0.29999953024516507,0.30413807034108903,0.284225162887489,0.2964704970475909,0.27919291421806963,0.29692381046331917,0.30090028514118483,0.27560751044030124,0.31314561930128665,0.2591954508941784,0.2909798850979674
C18-neg_Cluster_0827: NA,0.29925496883176667,0.2878152642136069,0.32789239795750597,0.27731859242661255,0.2945374559017649,0.26299576750893705,0.2560645349192257,0.2689275966872889,0.33942840231683086,0.2844847024337998,0.28987196831973394
C18-neg_Cluster_0652: NA,0.2774677395867097,0.3043694245973027,0.2947876003513766,0.29356506339341504,0.2862122258393345,0.29841058451594116,0.28046829859496336,0.2639141382112675,0.3364431103407132,0.26260587099592725,0.28982440564269507
C18-neg_Cluster_1484: NA,0.30072295269099064,0.27826749719321486,0.28492040004321745,0.29520685654157097,0.27736791668428246,0.29073948806118094,0.29487450499584267,0.2915592102481715,0.28088872917224506,0.30134772662147624,0.28958952822521933
C18-neg_Cluster_1027: NA,0.2986102303207956,0.2881323487271993,0.25700404458912895,0.27541373657088364,0.3192700479619686,0.27649182391709765,0.26673853915641427,0.29488155131836696,0.3060335311001189,0.31237287259779123,0.2894948726259765
C18-neg_Cluster_1284: NA,0.2840079012763239,0.31374925426419953,0.30134772662147624,0.2875134467321505,0.30698008709254637,0.2971575134937076,0.2897142481338989,0.23699248862018912,0.2398262846620349,0.337440164977898,0.2894729115874425
C18-neg_Cluster_1846: NA,0.2819503750992357,0.28470078965787754,0.2880172587926361,0.26236394725592715,0.25179094030825316,0.28663617957787835,0.319980552149833,0.3143881208397337,0.2790860449931181,0.3234590867026499,0.2892373295377143
C18-neg_Cluster_0671: NA,0.26555123381107404,0.3164151129525501,0.28284408367273123,0.31006989951944086,0.25956420843961536,0.2779234017766128,0.2908346134152586,0.29228615585525913,0.27437675277272794,0.3205395604034254,0.2890405022618695
C18-neg_Cluster_1054: NA,0.253695796163982,0.31194187253672306,0.2694701635216581,0.25923538005514923,0.29753449174875635,0.28064915420641967,0.2625330589965097,0.31041399493604294,0.2985832194177859,0.34463211150100764,0.2888689243084035
C18-neg_Cluster_1257: NA,0.30796539785885746,0.3225313209036204,0.31204639298749987,0.2880830244695294,0.3298313110387689,0.2926173330139001,0.26330228253874305,0.25409156461242877,0.2382079792556265,0.27978480531010863,0.28884614119890833
C18-neg_Cluster_0982: NA,0.2813009390399151,0.3030282745435158,0.2850883373967127,0.2796286118274873,0.31228596795332514,0.30720087186497363,0.2829732662523429,0.2639200101467044,0.2554010062148565,0.3150046740606078,0.2885831959300441
C18-neg_Cluster_0232: NA,0.26272918164010206,0.2991210887038055,0.2827865387054496,0.2673832776673854,0.3066759208369153,0.2971516415582708,0.2938551370039977,0.2972538132348727,0.28342423089389646,0.29450457306331823,0.2884885403308014
C18-neg_Cluster_0355: NA,0.2853502257171982,0.27690520817185516,0.3063741033554588,0.2807489771088469,0.26910610352457054,0.2664672557392297,0.32021777834148357,0.3220639148428435,0.3153663852835205,0.24047454633426815,0.2883074498419276
C18-neg_Cluster_0580: NA,0.2941275948082696,0.27853408306204996,0.3163411265660452,0.28090751936564307,0.26188479732427644,0.30364013021604025,0.3049190377541961,0.2563980608520413,0.2958351536333188,0.28916933252535504,0.28817568361072354
C18-neg_Cluster_1573: NA,0.31826477261517216,0.2994358244432231,0.2735981341337956,0.27017949332243507,0.2643239993047628,0.33037974980857493,0.2665788225125307,0.3155859956688605,0.27324346923340714,0.2698765014538912,0.2881466762496653
C18-neg_Cluster_0373: eicosenoate,0.27802557345321477,0.3308001803858567,0.2829356858655468,0.27122587221728983,0.2941980580335123,0.28748526144205344,0.2696275313913668,0.264841904010297,0.29391385635836664,0.306445740967789,0.28794996641252935
C18-neg_Cluster_0514: NA,0.28498381694593594,0.3039830512455549,0.2989860341887569,0.27194224834059105,0.2925269052081719,0.285993789841082,0.29666544530409583,0.24798240298388274,0.24779097788863994,0.3466955096135327,0.2877550181560244
C18-neg_Cluster_0448: NA,0.2843719612734114,0.29571888931166823,0.2864623702889462,0.2978351348431254,0.2873278935723446,0.28711180634826683,0.2874335884102087,0.3070528990919639,0.2713562291839889,0.271768439051659,0.2876439211375583
C18-neg_Cluster_2167: NA,0.26246259577126696,0.29746872607186314,0.2807160942704003,0.27067860783457115,0.29789972613293125,0.3045303156282736,0.3004822033380779,0.28375423366545005,0.33819529587508285,0.23280579865368264,0.28689935972416003
C18-neg_Cluster_1577: NA,0.30542167542759435,0.27939725757127354,0.29674882678729975,0.2756721017301071,0.2701935859674836,0.3104774118387614,0.2795922058277785,0.28728444125011154,0.3088943380449743,0.25422896790165217,0.2867910812347036
C18-neg_Cluster_0981: NA,0.28608891519515967,0.29720918652555234,0.28441658798273184,0.28736547395914075,0.31027659164681953,0.29781517026263993,0.2907559294804042,0.23499603057164467,0.2417980805817444,0.33420472855216865,0.2864926694758006
C18-neg_Cluster_1385: maslinic acid,0.2923084692099194,0.2754994668282624,0.2838340919873918,0.31318672284934496,0.29366253752166743,0.2870366455746746,0.3028356750611856,0.29129144999224904,0.2553986574406817,0.2694302343606872,0.2864483950826064
C18-neg_Cluster_1151: NA,0.28764615247302433,0.3080182452777895,0.285993789841082,0.2749275403167088,0.31119496234915,0.3130481451730342,0.26606561535534606,0.24353617347106546,0.2428444594765992,0.32660174654847635,0.28598768302822763
C18-neg_Cluster_1816: NA,0.2741700606453492,0.30616153929264317,0.25251083959281656,0.3025244624830301,0.30950267055623676,0.2512930001832044,0.2692505531363182,0.2816556039403036,0.3196963504746873,0.29260558914302626,0.28593706694476156
C18-neg_Cluster_0418: NA,0.249110988974854,0.2823625849669058,0.26568511393903527,0.3382845492937236,0.2908123000605983,0.30561427490992454,0.27961686795661345,0.2751436275407865,0.2926126354655505,0.2783849359019528,0.28576278790099446
C18-neg_Cluster_0509: NA,0.2789427697684579,0.2960359738252606,0.26704387979913286,0.27930213221719585,0.29592205827778484,0.2843555198541881,0.3103846352588584,0.28618286616215,0.2879573650511798,0.2702182480963185,0.2856345448310527
C18-neg_Cluster_1659: NA,0.27984117589030283,0.2923742348868126,0.28814996453351,0.2874735175711796,0.28980232716545234,0.2660256861943752,0.2696909482940853,0.30212751964749596,0.2827501327057409,0.2973489385889504,0.2855584445477905
C18-neg_Cluster_1161: NA,0.31472634432089897,0.26468923368893776,0.2847900430765184,0.28258336973933307,0.2753608891519516,0.30019212972749526,0.2944951779666192,0.2753009954104953,0.25701696284709014,0.3025831818373991,0.2851738327766739
C18-neg_Cluster_1000: NA,0.28348882218370236,0.2587362655430131,0.2955873579578818,0.27283243375282445,0.2949414450598233,0.30507640562390487,0.29185633018127843,0.27036856964350303,0.28213710264612907,0.295910314406911,0.28509350469989714
C18-neg_Cluster_0521: NA,0.3014592933947773,0.2948956439634155,0.26786947392156035,0.25497118054087575,0.2607397699140818,0.3095367277817707,0.3146136031605105,0.2794536281514678,0.28717757202516003,0.27645306914321416,0.28471699619968344
C18-neg_Cluster_1328: NA,0.28514001042855736,0.2634161980862188,0.29688740446361045,0.2968192900125425,0.27228634375719313,0.28483114662457665,0.2531837633938847,0.2671577953466086,0.3215307431051734,0.30507992878516704,0.28463326240035325
C18-neg_Cluster_1184: NA,0.24160665548650162,0.30615919051846846,0.2871282477674902,0.31276864104623797,0.2618824485501017,0.2955274642164255,0.3031492364135158,0.284550468110693,0.3147474832884718,0.2380177285474711,0.2845537563945377
C18-neg_Cluster_1982: NA,0.25723539884534263,0.2953677475725419,0.2839996805667122,0.28890392104360735,0.3116976000225483,0.2958175378270081,0.29179291327855994,0.24504408649126022,0.2593774808927221,0.31575158424818084,0.2844987950788484
C18-neg_Cluster_1792: NA,0.26077500152670324,0.2847031384320523,0.31309981820487887,0.26415371317709285,0.2502982943201943,0.30802176843905166,0.28876886652855877,0.27418415329039775,0.2883085067903062,0.30064309436904885,0.2832956355078285
C18-neg_Cluster_1047: NA,0.25973684334146013,0.2768500119787483,0.3329927610779934,0.2950647557039981,0.2775346796506903,0.2490405257496113,0.302350653194098,0.28262917083574085,0.27727631449146695,0.2758142025676799,0.2829289918591487
C18-neg_Cluster_0985: NA,0.25399056732291414,0.31806160364905556,0.2595231048915571,0.2818341107775852,0.29169661353739484,0.28962499471525815,0.28519403223457684,0.2512718612156316,0.29549693015215356,0.3014440263626414,0.28281378448587685
C18-neg_Cluster_1771: NA,0.28488164526933396,0.3194297646058522,0.2714760166669016,0.27131160247466846,0.29029674412923895,0.27887465531738986,0.2539036626784481,0.2849509341074893,0.28603841655040235,0.28411359611418796,0.28252770379139125
"C18-neg_Cluster_0183: 1,2,3,4-tetrahydro-b-carboline-1,3-dicarboxylic acid",0.29524326254127975,0.3006947674008935,0.2726280903996204,0.3161320856644917,0.3112619024131306,0.25739746426340093,0.2682347083057352,0.2921828097915698,0.2741641887099123,0.2354845755999944,0.28234238550900287
C18-neg_Cluster_0247: NA,0.28357807560234316,0.31226717775992713,0.27105910925088206,0.26480197484932616,0.27128224279748403,0.2501291825796117,0.26858467565777416,0.2950671044781729,0.2925116381760359,0.3117715864090531,0.282105276756061
C18-neg_Cluster_0305: NA,0.2615829798428201,0.2907653245771032,0.2572577122000028,0.27410312058136865,0.2866584929325385,0.2834852990224402,0.27502736321913596,0.3133957637508984,0.2954241181527361,0.28002555466302137,0.28177257289420654
C18-neg_Cluster_1591: NA,0.294540979063027,0.28517993958952825,0.29778346181128074,0.2829732662523429,0.2790660804126327,0.2743990661273881,0.28400320372797433,0.267158969733696,0.28399028547001326,0.2651178849758311,0.28142131371637147
C18-neg_Cluster_1731: NA,0.25373924848621504,0.30002301798691267,0.28493919023661557,0.2900665642601126,0.2942285920977842,0.3060640651643907,0.28258571851350783,0.23473414225115916,0.25568285911582744,0.3104374826777905,0.28125008807903157
C18-neg_Cluster_0710: NA,0.24118622490921987,0.3247908416597378,0.23390502496746948,0.3201531870516777,0.27913654363787543,0.3069753895441969,0.2768382681078745,0.2681266646936964,0.2655735471657343,0.29480051860933776,0.28114862103468197
C18-neg_Cluster_0811: NA,0.3010165494628354,0.27531861121680595,0.3340919873917803,0.2820642906467115,0.2833866505071004,0.2602183420472855,0.23759377480892724,0.2534444773272829,0.325060950689835,0.25701696284709014,0.28092125969456544
C18-neg_Cluster_1682: NA,0.2851317897189457,0.297731788779436,0.27598448869534986,0.22173837474222205,0.2917987852139968,0.2796450532467106,0.3051550895587593,0.3065549589669152,0.28142190090991515,0.262146685644762,0.28073089154770126
C18-neg_Cluster_0435: NA,0.28980937348797664,0.2685048173358324,0.312743978917403,0.25834167148165377,0.27143256434466856,0.27083245254301774,0.29723619742856205,0.29979518689196116,0.2645917595606853,0.2707161882213672,0.2804004190213128
C18-neg_Cluster_0653: NA,0.2544614965449532,0.2837695006975859,0.2941405130662308,0.31016150171225637,0.29163084786050164,0.25435697609417646,0.2737684202614656,0.2538308506790306,0.3058749888433227,0.28011833124292435,0.2802113427002447
C18-neg_Cluster_0192: NA,0.25937043457019787,0.29337833584652173,0.275396120764573,0.29603479943817324,0.2775804807470981,0.2906337932233167,0.25254607120543787,0.2474997298909699,0.29939824405642695,0.3096600384259455,0.28014980481686613
C18-neg_Cluster_0555: NA,0.2796004265373902,0.2835769012152558,0.27213484782292124,0.2866808062871987,0.2609417644931111,0.2912104172832199,0.299091729026621,0.2672634901844727,0.28111421149302174,0.27829685687039935,0.27999114512136114
C18-neg_Cluster_1660: NA,0.28281589838263416,0.28112360658972085,0.258261813159712,0.25744678852107084,0.29030379045176324,0.284643244690596,0.3013336339764277,0.29994903160040776,0.2620914894516552,0.281161186976517,0.27991304838005043
C18-neg_Cluster_1419: NA,0.2828851872207895,0.25403519403223457,0.26287480563893706,0.29220864630749216,0.2685658854643762,0.29273594610972536,0.26568159077777315,0.26304978931495654,0.2991363557359414,0.3141391507772094,0.2795312551379435
C18-neg_Cluster_1415: NA,0.26865866204427913,0.2898551745843844,0.289888057422831,0.26334103731262654,0.2694842561667066,0.30583975723070134,0.2851447079769069,0.27002564861398837,0.27374023497136846,0.2778212301000108,0.2793798766423804
C18-neg_Cluster_1743: NA,0.25805394664524584,0.296037148212348,0.2679246701146672,0.2768734997204959,0.27553352405379633,0.29162027837671517,0.3004140888870099,0.2591473010235958,0.2598672003081592,0.2997975356661359,0.2785269193008169
C18-neg_Cluster_0953: NA,0.27612776392001015,0.2957705623435129,0.2723051339505912,0.28846939782127706,0.2833349774752557,0.2822287048389446,0.25987189785650866,0.3013207157184666,0.2849532828816641,0.23983450537164655,0.27842169421778773
C18-neg_Cluster_0383: NA,0.29144646908778304,0.2805094021430216,0.2618354730666065,0.2775722600374865,0.28520460171836315,0.26581899406699644,0.285473536361373,0.28607012500176165,0.29109062980030725,0.2546634911239824,0.2779684982407681
C18-neg_Cluster_1016: NA,0.3034686697012829,0.2798940233092349,0.24485148700893006,0.29005482038923885,0.28381295301981896,0.2910413055426373,0.26716014412078337,0.2688500871395219,0.2848334953987514,0.26357708911718974,0.27775440747473895
C18-neg_Cluster_0371: NA,0.23198490207960468,0.30894366230264425,0.3136071534266266,0.2690720462990365,0.28537488784603315,0.2961886441466199,0.26654593967408413,0.2335397905832946,0.30153562855545696,0.26578611122854984,0.27725787661419504
C18-neg_Cluster_0998: NA,0.25217848804708826,0.2947277066099203,0.2299825720956233,0.32594761294080626,0.2597450640510718,0.2963013853070083,0.2664425936103948,0.2916731257956472,0.27604790559806835,0.27828981054787505,0.27713362646035034
C18-neg_Cluster_0276: NA,0.29499546686584277,0.3043588551135163,0.31689191411002604,0.27610075301700043,0.2426166283816476,0.2547069434462155,0.24769115498621272,0.260204249402237,0.26376733982534517,0.30891430262545977,0.27702476077735033
C18-neg_Cluster_1185: NA,0.2949120853826388,0.30002301798691267,0.2785728378359334,0.27906138286428317,0.2784366089337975,0.26967568126194946,0.24837464827106737,0.2684390516589392,0.26582956355078285,0.27099921550942563,0.275432409325573
C18-neg_Cluster_1358: NA,0.2929121041728322,0.25130474405407816,0.24605288499931885,0.27582007450311685,0.31506221902788933,0.28295447605894486,0.2801289007267107,0.2823038656125369,0.2581819548377702,0.26734922044185144,0.2752070444435049
C18-neg_Cluster_0091: NA,0.25770750245446905,0.29289331397943413,0.2796086472470018,0.2750567228963204,0.3115261395077909,0.2806773394965168,0.2667843402528221,0.23406474161135304,0.23702537145863575,0.31441982929109297,0.2749763948195437
C18-neg_Cluster_2028: NA,0.2703662208693284,0.2985468134180771,0.2732352485237955,0.2529723737181565,0.2674819261827252,0.28833199453205377,0.2882392179521508,0.2443547212709687,0.2523217632717485,0.31105521028575195,0.2746905490024757
C18-neg_Cluster_1851: NA,0.278305077580011,0.2898258149071999,0.2656545798747634,0.2692176702978715,0.24914504620038802,0.2862028307426354,0.29561084569962937,0.28581410861671297,0.2867571414478784,0.239247311827957,0.2745780427195047
C18-neg_Cluster_0557: NA,0.2861910868717616,0.2706692127378721,0.2832351545728285,0.2348492321857223,0.27356642568243633,0.281904574002828,0.2663791767076763,0.28827444956477216,0.2611190969433053,0.29788211032662054,0.2744070519595823
C18-neg_Cluster_2026: NA,0.25731878032854655,0.28696383357525707,0.27486529780107766,0.28256575393302236,0.28852576840147126,0.2907841147705013,0.27373436303593157,0.22961264016309887,0.258305265481945,0.29707882955885323,0.2739754647049705
C18-neg_Cluster_0302: NA,0.2595559877300037,0.311802120473325,0.25280091320339915,0.2894359183941901,0.313948900069054,0.24435824443223084,0.2693867820384542,0.26177557932515017,0.289203389750889,0.24662950905922199,0.2738897344475918
C18-neg_Cluster_0336: NA,0.27988697698671067,0.29614166866312475,0.2721430685325329,0.270024474226901,0.29515400912263895,0.2227917999596011,0.28767551215020887,0.2642993371759279,0.25536812337640985,0.29448225970865805,0.2737967229902714
C18-neg_Cluster_0737: NA,0.2504145586418448,0.3029707295762342,0.24896888813728116,0.26419246795097634,0.2944129708705027,0.2837718494717607,0.28342070773263434,0.25561709343893424,0.22727091231086496,0.3240838606331356,0.2735124038764169
C18-neg_Cluster_0840: NA,0.2805810397553517,0.2791118815090404,0.31221080717973293,0.2687091606890364,0.2763203634023403,0.2357640797267906,0.242438121544366,0.2560234313711674,0.3242799832767279,0.2590427805728191,0.27344816490273727
C18-neg_Cluster_0215: NA,0.27391874180865006,0.2970600393654552,0.27203267614631926,0.27840372609535086,0.24042874523786037,0.2775100175218554,0.29196554818040465,0.26784598617981276,0.2533152947476712,0.2793444101523415,0.2731825185435722
C18-neg_Cluster_0282: NA,0.2580010992263138,0.290922692446812,0.26452599388379205,0.28154638594117737,0.3085995668860422,0.2919949078575892,0.263667516922918,0.2246520291060096,0.23206945794989597,0.31510449696303505,0.2731084147183585
C18-neg_Cluster_0325: NA,0.2823332252897213,0.2755746276018546,0.26282430699417975,0.2516136078580589,0.2414657290360161,0.24867646575252378,0.27767325732700104,0.3164221592750744,0.27259873072243596,0.2931869107512789,0.27223690206081447
C18-neg_Cluster_0463: NA,0.24769467814747487,0.3058209670373032,0.2709862972514645,0.2734877417475819,0.27156761885971714,0.22586869412853433,0.2491579644583492,0.2853760622331206,0.2842169421778774,0.30589612781089554,0.2720073093852319
C18-neg_Cluster_1511: NA,0.25295358352475844,0.2759163742442819,0.26067870178553815,0.2572541890387407,0.29553568492603716,0.2751013496056408,0.28146770200632293,0.2711424907340859,0.2651683836205884,0.2800126364050602,0.27152310958910547
C18-neg_Cluster_0473: NA,0.24597654983863923,0.2985139305796305,0.272307482724766,0.25268582326883604,0.27552060579583515,0.2667361903822395,0.25052025347970897,0.24132950013388016,0.3160240420524529,0.29546522170079437,0.2715079599956783
C18-neg_Cluster_1409: NA,0.28266322806127486,0.27088999751029935,0.2749204939941845,0.25212211746689406,0.3002132686950681,0.26025709682116904,0.280058437501468,0.24863888536572765,0.27996800969573976,0.257217783039032,0.2706949318150857
C18-neg_Cluster_1789: NA,0.2624015276427233,0.25131179037660245,0.27936907228117647,0.3099888668104116,0.2524321556579621,0.2688195530752501,0.2616745820356356,0.2693210163615609,0.2627761571235972,0.28679941938302406,0.2704894140747944
C18-neg_Cluster_0554: NA,0.28482527468913976,0.276901685010593,0.24732826937621258,0.31134058634798506,0.2612776392001015,0.2586704998661199,0.30678866199730365,0.23996251356417087,0.2559388755008761,0.2590744890241783,0.2702108494576681
C18-neg_Cluster_0845: NA,0.25580264659874014,0.2813126829107889,0.3070834331562357,0.23577699798475177,0.2985350695472034,0.24456141339834742,0.2691495558468036,0.2481750024662129,0.2939854939706967,0.26493820375146215,0.26993204996312425
C18-neg_Cluster_0018: NA,0.2646316887216562,0.287134119702927,0.29480873931894946,0.24311574289378374,0.276935742236127,0.2820701625821484,0.25858946715709075,0.23806587841805363,0.23717686739290764,0.30701062115681826,0.2689539029580462
C18-neg_Cluster_0971: NA,0.2787947969954481,0.24417504004659968,0.2293131714558172,0.2823379228380708,0.2705552971903963,0.32699986377109785,0.2673633130869,0.24967117161553387,0.272496559045834,0.2644073807879668,0.2686114516833664
C18-neg_Cluster_1355: NA,0.2786937997059335,0.28920221536380164,0.25018437877271854,0.24934704077941722,0.28165795271447835,0.2524744335931078,0.2776650366173894,0.25463295705971056,0.27920583247603076,0.2716016760852511,0.2684665323167839
C18-neg_Cluster_0645: NA,0.26229348403068437,0.28674187441574245,0.29114347721923933,0.25919897405544046,0.2815311189090414,0.26938325887719206,0.26781427772845356,0.20720416014881832,0.22707244089309792,0.33001216665022526,0.2682395232927935
TLCA,0.2844071928860328,0.2902556405811807,0.2710884689280665,0.2741559680003007,0.25785312645330405,0.28821103266205367,0.2627702851881603,0.2498990027104854,0.26483016013942323,0.23514752650591655,0.26786184040549244
C18-neg_Cluster_1448: NA,0.26945489648952214,0.25811384038670215,0.25940801495699395,0.2688888419134054,0.26029820036922735,0.24611865067621208,0.2913337279273947,0.26821474372524984,0.26686537296185125,0.2877154413111797,0.2676411730717739
C18-neg_Cluster_1561: NA,0.30262311099836997,0.27456230593253383,0.24966060213174746,0.23743053500378153,0.2676486891491331,0.261898889969325,0.2789016662203996,0.2683274848856382,0.2571085650399057,0.2778599848738943,0.2676021834204728
C18-neg_Cluster_1479: NA,0.24044166349582155,0.2842674408226347,0.2611684212009752,0.2603945001103924,0.30505174349506997,0.28626272448409174,0.2600480559196156,0.23817861957844202,0.22848992610756447,0.30919145797808123,0.2673494553192689
C18-neg_Cluster_1248: NA,0.27376019955185393,0.2655594545206857,0.2702593516443768,0.24242285451223006,0.2852562747502079,0.27926690060457443,0.27710720275088435,0.2510628203140781,0.2422654866425213,0.2765669846906899,0.2663527529982102
C18-neg_Cluster_1540: NA,0.2749944803806893,0.2619564349366066,0.2862791659033151,0.26254950041573305,0.26000930114573206,0.2661642638706859,0.28361683037622665,0.26476556884961744,0.25497822686340005,0.24577455525961003,0.2661088328001616
C18-neg_Cluster_1968: NA,0.27235093504699903,0.31503403373779226,0.24491020636329902,0.22221400151261056,0.2521514771440785,0.23321213658591583,0.2399719086608699,0.2923284337904048,0.2869438689947716,0.30074526604565077,0.26598622678823924
C18-neg_Cluster_1597: NA,0.2661654382577733,0.26458706201233584,0.2848757733338971,0.24722374892543583,0.2328974008464982,0.2790308488000113,0.27520469566933026,0.28127275374981797,0.24349037237465768,0.2829227676075856,0.2657670861577343
C18-neg_Cluster_1649: NA,0.2527739023003895,0.2892080872992386,0.28619461003302377,0.2468315036382512,0.24391784927446367,0.271272847700785,0.2567961780746629,0.2596581594066057,0.259553638955829,0.2899150683258408,0.265612184500909
C18-neg_Cluster_0684: NA,0.2656710212939867,0.2716639186008822,0.2682170924994246,0.2956730882152605,0.2963577558872024,0.2759856630824373,0.22143185971241608,0.27050949609398856,0.2328551229113526,0.2541009597091278,0.2652465978006079
C18-neg_Cluster_1814: NA,0.30320443260662266,0.2708559402847654,0.2519729703067969,0.25748436890786697,0.2314611254386336,0.2629511407996167,0.274900529413699,0.2621713477735969,0.27477134683408727,0.260907707267577,0.2650680909633262
C18-neg_Cluster_0407: NA,0.2869062886079755,0.2797190396332154,0.2590427805728191,0.24258844309155053,0.2676991877938904,0.27859515119059364,0.26483955523612224,0.28692742757554834,0.21528746647124866,0.26176500984136386,0.2643370350014328
C18-neg_Cluster_0280: NA,0.24823841936893137,0.2863050024192374,0.2581373281284498,0.2818106230358376,0.29795492232603804,0.2561467420153422,0.26422182762816093,0.22730144637513683,0.2273883510196029,0.29507884834904663,0.2642583510665784
C18-neg_Cluster_1450: NA,0.2828288166405953,0.24363129882514314,0.2917506353434143,0.21691751574853088,0.2616675357131113,0.28721984996030575,0.2396971020824232,0.259101499927188,0.2767818975276803,0.2788922711237006,0.2638488422892093
C18-neg_Cluster_0535: NA,0.24544807564931861,0.2709393217679693,0.24552910835834782,0.28400907566341127,0.24692662899232892,0.26719889889466686,0.28862324252972377,0.27626986475758303,0.22645236451096173,0.28470078965787754,0.26360973707821894
C18-neg_Cluster_1007: NA,0.2631073342822381,0.26518599942689913,0.2725024309812709,0.24149039116485108,0.26785538127651176,0.22054167430018273,0.30320560699371,0.28520812487962527,0.24509341074893015,0.2683509726273857,0.26325413266816045
C18-neg_Cluster_1842: NA,0.2568032243971871,0.2734325455544751,0.2999971814709903,0.2696416240364154,0.2575700991652457,0.26597871071088003,0.25639923523912866,0.2678377654702011,0.2743227309667085,0.20669917370124533,0.26286822907124774
C18-neg_Cluster_0261: NA,0.25317319391009835,0.26978020171272615,0.2902838258712778,0.28804896724399537,0.22604954973999072,0.2427646011546574,0.2711554089920471,0.2321457931105756,0.2622265439667038,0.28632026945137334,0.2621948355153446
C18-neg_Cluster_0498: NA,0.23552333037387788,0.27658342610991327,0.22134143190668792,0.30354383047487515,0.25734226807029414,0.30096252765681597,0.25057544967281575,0.24679157447728034,0.26541030736058846,0.26314608905612163,0.26212202351592706
C18-neg_Cluster_1806: NA,0.27410781812971813,0.26892172475185205,0.25799992483922646,0.2769040337847677,0.2614995983596161,0.2555724667296138,0.2479506945325235,0.2584320992873819,0.2448644052668912,0.2717202891810764,0.26179730548626673
C18-neg_Cluster_0873: NA,0.2603557453365089,0.26613138103223927,0.27849063073981695,0.26281021434913115,0.26002221940369324,0.2767725024309813,0.24153619226125886,0.25640275840039084,0.2358075320490236,0.2688453895911724,0.26071745655942163
C18-neg_Cluster_0820: NA,0.2630486149278692,0.3030294489306032,0.22722745998863195,0.2616146882941793,0.2096457109034795,0.29485806357661937,0.279572241247293,0.27598096553408774,0.23650981552727635,0.2548948453801961,0.2606381854310236
C18-neg_Cluster_1072: NA,0.2744507391592328,0.2770531809448649,0.2528608069448555,0.26083606965524697,0.25735870948951745,0.2251300046505729,0.2552647773127205,0.2560598373708762,0.26041681346505263,0.28424160430671236,0.2603672543299652
C18-neg_Cluster_1181: NA,0.2722381938866106,0.21955871230804644,0.29313876088069635,0.21987109927328927,0.2826808438675855,0.24510045707145442,0.2626962988016554,0.27276901685010596,0.2757824941163207,0.2577086768415564,0.26015445538973214
C18-neg_Cluster_0987: NA,0.25639336330369183,0.2569089192350512,0.2426471624459195,0.2409783583947538,0.2684590162394247,0.24045693052795744,0.24934234323106771,0.29773531194069813,0.2612776392001015,0.28496620113962523,0.2599165245658291
C18-neg_Cluster_1250: NA,0.25198941172602024,0.2783743664181664,0.2515689811487385,0.26148080816621805,0.2693891308126289,0.24703937015271732,0.24146690342310348,0.250263062707573,0.2851200458480719,0.26083137210689744,0.2597523452510135
C18-neg_Cluster_0558: NA,0.25953837192369306,0.2707596405436003,0.2632435631843741,0.25742447516641065,0.28011128492040005,0.26777317418039526,0.25749376400456603,0.26155714332689767,0.25170990759922396,0.2261564189649422,0.25957677438145027
C18-neg_Cluster_1560: NA,0.2705047985456391,0.2695605913273863,0.29078763793176343,0.2484004847869897,0.25300995410495264,0.2342925727063046,0.28376010560088694,0.26687829121981244,0.23195789117659496,0.2394316906006755,0.25885840180010056
C18-neg_Cluster_1341: NA,0.27328927032981487,0.26051546198039244,0.23271184768669234,0.2647045007210737,0.2952925867989497,0.25736810458621645,0.24060138013970508,0.24451091475359013,0.24589786590378485,0.27168153440719295,0.25865734673074126
C18-neg_Cluster_1461: NA,0.23863310738125773,0.291374831475453,0.21775133058057,0.2489089943958248,0.26362641337485965,0.26931631881321144,0.29782104219807687,0.26222771835379116,0.2326754416869836,0.2640961682098113,0.25864313664698396
C18-neg_Cluster_0471: NA,0.2632365168618498,0.23325441452106147,0.2589535271541783,0.23983567975873393,0.2789744782198171,0.2534503492627198,0.2597380177285475,0.2682546728862207,0.26393292840466565,0.2662452965797151,0.25858758813775096
C18-neg_Cluster_0589: NA,0.26008211314514956,0.2675547381821427,0.2688207274623374,0.2404263964636856,0.24449212456019204,0.26155009700437337,0.25455309873776877,0.24537643803698853,0.2786526961578752,0.2635089746661218,0.2585017404416635
C18-neg_Cluster_0237: NA,0.23856381854310238,0.278150058484477,0.24550679500368758,0.26602920935563734,0.291529850570987,0.2797307835040892,0.2464392583510666,0.21400855893309284,0.21645715601027823,0.3019067348750687,0.2578322223631487
C18-neg_Cluster_0410: NA,0.24418208636912395,0.26168397713233466,0.26178967197019876,0.23648397901135398,0.2561667065958277,0.26454830723845224,0.23869300112271405,0.25939274792485806,0.27782945080962246,0.27544192186098077,0.2576211850035467
C18-neg_Cluster_0188: NA,0.2854453510712759,0.23512991069960587,0.24095369626591884,0.27173673060029974,0.23124856137581798,0.26780958018010403,0.256304109885051,0.2186579574120267,0.27404205245282487,0.28849053678884995,0.25698184867317747
C18-neg_Cluster_1713: NA,0.2463265171906782,0.258674023027382,0.2618225548086454,0.2415444129708705,0.25480676634864263,0.24660249815621227,0.26628640012777327,0.25508274731417674,0.2719962701466105,0.26616074070942375,0.25693029308004156
C18-neg_Cluster_0385: NA,0.24753496150359128,0.24792485801660116,0.25721191110359504,0.2661137652259286,0.29488507447962914,0.27625577211253455,0.21476016666901546,0.2319156132414493,0.2519952836614571,0.2749522024455437,0.25635496084593457
C18-neg_Cluster_0315: NA,0.283147075541275,0.2732669569751547,0.22827031572222456,0.23494670631397474,0.26381431530884036,0.24874692897776654,0.2228716582815429,0.26835684456282266,0.29001136806700584,0.24941515523048524,0.2562847324981093
C18-neg_Cluster_1071: NA,0.21809542599717208,0.25655190556048796,0.2534797089399043,0.2765000446267093,0.2686527901088422,0.2647373835595203,0.25799287851670216,0.24454849514038626,0.27855639641671015,0.2403829441414526,0.25594979730078876
C18-neg_Cluster_0082: NA,0.3101967333248778,0.2774148921677776,0.20851477613833344,0.2409290341370839,0.27224171704787276,0.23025737867407003,0.252506142044467,0.2822885985804009,0.2142175998346463,0.2659152938081616,0.2554482165757691
C18-neg_Cluster_0823: NA,0.2747725212211746,0.250675272575243,0.28874185562554905,0.27193167885680464,0.2555971288584488,0.23373943638814904,0.2326907087191195,0.22970189358173973,0.2980336062608924,0.213268695068044,0.2549152797155165
C18-neg_Cluster_1612: NA,0.230393607576206,0.2769909384292338,0.22672129915397157,0.2099651441912466,0.2420998980632008,0.2733562103937955,0.2534738370044674,0.2668595010264143,0.2885480817561315,0.27978010776175916,0.2548188625356427
C18-neg_Cluster_1421: NA,0.26054599604466433,0.2414046609074724,0.252617708817768,0.24348215166504603,0.2543757662875745,0.2721336734358339,0.26435218459485993,0.2652799503938895,0.23776640971077198,0.25389544196883645,0.25458539438267175
C18-neg_Cluster_0250: oleic acid,0.22981933229047763,0.2868052913184609,0.25806334174194495,0.23013054486863307,0.25837103115883825,0.25207866514466104,0.23079055041174013,0.22430088736688322,0.29750278329739704,0.2778212301000108,0.2545683657699047
C18-neg_Cluster_1717: NA,0.23853328447883052,0.24787201059766908,0.27574021618117506,0.27442607703039784,0.2776345025531176,0.2777037913912729,0.23261672233261463,0.19265232974910393,0.2580292845164109,0.26845666746524993,0.2543664886295842
C18-neg_Cluster_1804: NA,0.26003396327456707,0.2528396679772827,0.2583123118044693,0.24274346218708456,0.2834359747647703,0.2406636226553362,0.23064610079999248,0.2623110998369951,0.20874730478163447,0.30258905377283596,0.25423225618549683
C18-neg_Cluster_0622: NA,0.24658135918863947,0.2849509341074893,0.2318874279513522,0.26516251168515154,0.2598061321796154,0.27911305589612784,0.24510867778106607,0.24837347388397996,0.22996965383766216,0.24954786097135906,0.25405010874824435
C18-neg_Cluster_0462: NA,0.2329255861365953,0.2665201031581617,0.2803355928540895,0.22718400766639893,0.2605788788831109,0.265944653485346,0.22578531264533042,0.2260154925144567,0.32397229385983456,0.22986865654814753,0.25391305777514717
C18-neg_Cluster_1706: NA,0.2734806954250577,0.24027372614232634,0.26881368113981313,0.24478219817077468,0.26280199363951956,0.26530931007107394,0.22510534252173792,0.2533387824894188,0.26381196653466554,0.23750687016446118,0.25352245662988493
C18-neg_Cluster_1208: NA,0.23727316713407276,0.2265838958647482,0.2795240913767105,0.26976376029350285,0.23806235525679148,0.227459988631933,0.25322956449029255,0.29038012561244286,0.2666034846413657,0.23995194408038448,0.25288323773822446
C18-neg_Cluster_1449: NA,0.2662629123860258,0.2572342244582553,0.2621701733865096,0.22608243257843733,0.24019269343329716,0.2558367038242741,0.23110176298989557,0.2543922077067978,0.2569746849119445,0.2779339712603992,0.25281817669358364
C18-neg_Cluster_1583: NA,0.25686781568699296,0.23381224838756656,0.2790907425414676,0.25193538992000075,0.24726720124766885,0.22239720589824175,0.2590322110890326,0.25003523161262137,0.26921649591078417,0.24718264537737755,0.25168371876717544
C18-neg_Cluster_1118: NA,0.24850852839902854,0.24734940834378538,0.24311104534543423,0.25979438830874174,0.2536476462933995,0.26283370209087875,0.2654572828440837,0.2571849002005853,0.24249096896329808,0.23502186708756703,0.2515399737876802
C18-neg_Cluster_0199: NA,0.20545080022736137,0.30407817659963265,0.23643935230203356,0.2661936235478704,0.2729075945264167,0.26517895310437484,0.21002268915852818,0.23824673402951002,0.23687974745980073,0.2791118815090404,0.2514509552464569
C18-neg_Cluster_0005: NA,0.24964768387378627,0.22802134565970023,0.2551943140874777,0.2523429022393213,0.24017625201407386,0.25736458142495433,0.2503605368358254,0.24872109246184418,0.2421233858049484,0.2877530216979758,0.2511705116099907
C18-neg_Cluster_0821: NA,0.2535807062294189,0.2799480451152544,0.2336736707112558,0.26677024760777357,0.19799931415794098,0.272437839691465,0.26762755018156026,0.2761536004359325,0.22805305411105947,0.23391794322543066,0.25101619714670914
C18-neg_Cluster_1664: NA,0.23719800636048047,0.25258365159223406,0.2764847775945734,0.2407411322031032,0.26702274083155997,0.20838441917163433,0.24466241068786204,0.2708524171235032,0.2169715375545503,0.2857283783593343,0.2500629471478836
C18-neg_Cluster_0446: NA,0.24482565049300772,0.26223946222466493,0.22320283544018377,0.21167387740338317,0.2787161130605937,0.2714149485383578,0.2638742090502967,0.2326531283323234,0.2508866622509712,0.25201524824194255,0.2491502135035725
C18-neg_Cluster_1718: NA,0.23134720989115784,0.25074103825213623,0.24025258717475348,0.2612177454586452,0.2536464719063121,0.2603346063689361,0.2826996340609836,0.18379979988444034,0.2659516998078703,0.259810829727965,0.24898016225332
C18-neg_Cluster_0040: NA,0.23535656740747005,0.24460604010766784,0.17939349953259395,0.30373525557011805,0.26427937259544243,0.25616200904747816,0.282103045420595,0.2671484002499096,0.23484101147611064,0.2068354026033813,0.2474460604010767
C18-neg_Cluster_1227: NA,0.23151514724465302,0.23520859463446028,0.22942356384203086,0.24672111125203755,0.2485954330434946,0.24607167519271694,0.26353598556913155,0.2660139423235014,0.2495643023905824,0.249451561230194,0.24661013167228024
C18-neg_Cluster_0575: NA,0.21068621786289737,0.274225256838456,0.23428317760960554,0.24270000986485155,0.24251328231795827,0.22545296109960214,0.22537897471309726,0.24918262658718415,0.2736051804563198,0.27725634991098147,0.24552840372609536
C18-neg_Cluster_1447: NA,0.2288481141692151,0.2738377090996209,0.24406582204747343,0.243404642117279,0.22577826632280615,0.21689520239387067,0.25266585868835056,0.2420505738055309,0.24480098836417274,0.27892750273632194,0.2451274679744641
C18-neg_Cluster_1849: NA,0.25414088887009867,0.23046994273688562,0.24299008347543422,0.2104642587033827,0.26115080539466456,0.2618413450020434,0.23971706666290865,0.246843247509125,0.25466818867233193,0.24849326136689265,0.24507790883937677
C18-neg_Cluster_1605: NA,0.2539400686781569,0.21863094650901693,0.24073995781601581,0.2573962898763136,0.2806209689163226,0.2607033639143731,0.2450182499753379,0.22288927408785356,0.259058047604955,0.211292201599985,0.24502893689783303
C18-neg_Cluster_0344: NA,0.25456601699572995,0.24972284464737854,0.26103688984718876,0.24577807842087215,0.2134425043569761,0.2209938133288237,0.24671758809077543,0.22428209717348518,0.2720514663397173,0.2570592407822358,0.24456505399831827
C18-neg_Cluster_2060: NA,0.2492213813610677,0.2767795487535055,0.22548114638969924,0.2443664651418425,0.2512812563123306,0.2378310010005778,0.25108748244291307,0.2474832884717466,0.20127467974464128,0.2551637800232059,0.24399700296415303
C18-neg_Cluster_1844: NA,0.25421722403077834,0.26118368823311117,0.26006567172592626,0.24587672693621201,0.20669682492707056,0.25469637396242906,0.22925914964979777,0.24029956265824867,0.2530522320400983,0.23002719880494374,0.24353746529686165
C18-neg_Cluster_1644: NA,0.23181226717775993,0.2549700061537884,0.2153367907289186,0.2432707619893178,0.24473874584854166,0.23382281787135295,0.27022999196719233,0.22944235403542892,0.2330101420068866,0.25717667949097367,0.2413810557270161
C18-neg_Cluster_0777: NA,0.24380745688825003,0.24499241345941555,0.22835017404416635,0.23815865499795658,0.21745773380872524,0.25987189785650866,0.23487506870164465,0.23022214706144864,0.2530228723629138,0.255294136989905,0.24060525561709345
C18-neg_Cluster_0286: NA,0.2066110946696919,0.2254940646476604,0.25601168750029357,0.23286686678222637,0.2458661574524256,0.2230619089896983,0.2661619150965111,0.2704848339651536,0.25018790193398066,0.22459918168707754,0.2401345612724719
C18-neg_Cluster_0934: NA,0.2746879653508834,0.21200740333619886,0.22970306796882708,0.22675065883115603,0.23186041704834248,0.24900764291116467,0.21991102843426016,0.27316361091146535,0.23164902737261422,0.24914739497456279,0.23978882171394753
C18-neg_Cluster_0400: NA,0.17413929170365988,0.27334329213583436,0.1971396628099795,0.24725193421553293,0.25142453153699085,0.22491744058775726,0.23756441513174278,0.25629588917543933,0.27600562766292275,0.25663881020495405,0.23947208951648133
C18-neg_Cluster_0246: linoleic acid,0.22064267158969736,0.25332938739271976,0.2629534895737915,0.21033742489794577,0.24802585530611576,0.25135171953757335,0.20463225242745808,0.21257345791231558,0.31402523522973363,0.21647477181658892,0.23943462656839393
C18-neg_Cluster_1696: NA,0.21385471422464616,0.24308168566824975,0.30880508462633355,0.22825152552882652,0.2529782456535934,0.2557885539536916,0.2101166401255185,0.21953170140503672,0.23728960855329603,0.223730135242417,0.23934278949816093
C18-neg_Cluster_1775: NA,0.2486236183335917,0.23435716399611048,0.25327301681252556,0.2022012711565834,0.24838639214194116,0.2366624858486356,0.24583210022689161,0.2783790639665159,0.23596137675747028,0.20677903202318712,0.23904555212634532
C18-neg_Cluster_1455: NA,0.22298205066775653,0.21690694626474444,0.21030101889823702,0.26120247842650923,0.25533641492505066,0.2445062172052406,0.22114765803727035,0.2720033164691348,0.2585448404477704,0.22539893929358268,0.23883298806352968
C18-neg_Cluster_2074: NA,0.250470929222039,0.26421478130563664,0.23687974745980073,0.25197884224223377,0.25943854902126584,0.2420905029665018,0.21810951864222064,0.20451246494454547,0.220796516298144,0.23662725423601425,0.2385119106338402
C18-neg_Cluster_0651: NA,0.2126721064276554,0.2602218652085476,0.2732810496202032,0.23283046078251762,0.22088694410387222,0.26619479793495776,0.24290787637931763,0.19108452298745285,0.25770750245446905,0.21902084302202682,0.23768079689210203
C18-neg_Cluster_0657: NA,0.23681280739582017,0.2110549754083344,0.24882796168679566,0.24602587409630916,0.242617802768735,0.24151622768077344,0.22934957745552598,0.2470452420881542,0.19738628409832906,0.27311546104088275,0.23737522137196593
C18-neg_Cluster_0306: NA,0.2201294644325127,0.2643815442720444,0.2610310179117519,0.21859923805765774,0.2389619357657239,0.26647312767466663,0.22347529324445575,0.1978078890626982,0.26409851698398606,0.21791574477280307,0.23728737721783003
C18-neg_Cluster_0806: NA,0.22982402983882713,0.2417863367108706,0.24301474560426914,0.2085429614284305,0.2572436195549543,0.22937776274562308,0.23633483185125684,0.2318545451129056,0.24167242116339485,0.24923429961902882,0.23688855536295605
C18-neg_Cluster_0339: NA,0.21336264603503433,0.21732150490658925,0.22226802331863,0.2709675070580664,0.2308246076372741,0.25753839071388646,0.23013289364280784,0.2353765319879555,0.25686781568699296,0.22497850871630098,0.2359638429703538
C18-neg_Cluster_1721: NA,0.24588025009747413,0.2581819548377702,0.2708665097685518,0.2339848832894113,0.2625271870610728,0.22194976441795028,0.1976787064830865,0.21457813667047168,0.18604522799550915,0.2556981261479634,0.23473907467692615
C18-neg_Cluster_0348: NA,0.24069063355834588,0.23074474931533234,0.23122389924698303,0.2276925172752341,0.23591909882232467,0.24213982722417174,0.24384386288795878,0.23293967878164387,0.22994029416047768,0.2300013622890214,0.23451359235614938
C18-neg_Cluster_0969: NA,0.2283302094636809,0.24651911667300835,0.19731112332473683,0.2704883571264157,0.17999596010841942,0.23348929193853732,0.2626810317695195,0.2510123216693208,0.22949755022853574,0.24272936954203603,0.23420543318442108
C18-neg_Cluster_1858: NA,0.20506912442396313,0.25362063539038976,0.23102542782921592,0.22802611015578939,0.2661983210962199,0.2525519431408748,0.2289890406197006,0.21048657205804294,0.18968817674055913,0.27608900914612666,0.2341744360600882
C18-neg_Cluster_1937: NA,0.20032225181677685,0.23036307351193414,0.2323466133025174,0.23285159975009045,0.2523840057873796,0.25471751293000183,0.2042564485594968,0.2388268812506753,0.22946349300300173,0.2653175307806856,0.23408494106925598
C18-neg_Cluster_0843: NA,0.22126157358474613,0.23922852163455896,0.26668686612456954,0.17902239321298216,0.24740460453689223,0.27990341840593397,0.19718311513221254,0.21497625389309322,0.2477874547273778,0.23943756253611242,0.2332891763788479
C18-neg_Cluster_0370: NA,0.20518186558435153,0.26023360907942145,0.25947025747262503,0.23179465137144925,0.24659192867242588,0.2562536112402937,0.1981167528666789,0.1833793693071586,0.2704237658366099,0.2206109631383381,0.23320567745693524
C18-neg_Cluster_0529: NA,0.21633149659192868,0.2605307290125284,0.21029749573697487,0.19485665431211452,0.23682220249251915,0.20362580269357425,0.2517768476632046,0.26035457094942155,0.21933792753561918,0.2748441588335048,0.232877788582139
C18-neg_Cluster_1426: NA,0.2244664759462037,0.24611395312786258,0.21260634075076218,0.24883500800931996,0.2052852116480409,0.21304673590852935,0.2559870253714587,0.20091414290881587,0.26126589532922767,0.2564485594967986,0.2324969348497019
C18-neg_Cluster_0951: NA,0.24169003696970554,0.22959384996970084,0.20516542416512826,0.26920944958825993,0.19059597795910316,0.2443394542388328,0.23263433813892528,0.23135308182659473,0.21060283637969346,0.26256711622204376,0.23177515654579878
C18-neg_Cluster_0565: NA,0.24512159603902725,0.25008925341864086,0.2191465024403764,0.2542266191274774,0.24196836670941438,0.22540246245484483,0.20501392823085632,0.23600835224096545,0.24513921184533793,0.19440686405764834,0.23165231565645888
C18-neg_Cluster_1414: NA,0.2340447770308676,0.20950243567881924,0.22747173250280678,0.22118288964989175,0.25645912898058504,0.21159636785561617,0.2435349990839781,0.2265157814136802,0.23385804948397435,0.2517510111472822,0.23159171728275013
C18-neg_Cluster_0621: NA,0.2053580236474584,0.25925182147437253,0.23645344494708212,0.24920376555475698,0.20898570536037245,0.23947866608417068,0.2285885746229043,0.2174612569699874,0.2402983882711613,0.22761265895329227,0.2312692305885558
C18-neg_Cluster_0943: NA,0.22246179718804757,0.23728138784368438,0.1996152707901746,0.26903446591224045,0.23518980444106224,0.2547092922203902,0.23930837995650073,0.2147249350563941,0.2258534270963984,0.20993578451406214,0.2308114545018955
C18-neg_Cluster_1236: NA,0.2533070740380596,0.22766080882387485,0.27370617774583444,0.23287391310475064,0.22960676822766202,0.197221869906096,0.21080952850707219,0.2196174316624154,0.2744272514174852,0.1861990727039558,0.2305429896137206
C18-neg_Cluster_1907: NA,0.21319353429445173,0.25361006590660334,0.23627141494853834,0.20866509768551794,0.23706412623251924,0.22456395007445615,0.21114188005280046,0.20306796882706918,0.26740559102204564,0.24650502402795982,0.2301488653071962
C18-neg_Cluster_1981: NA,0.20784889865978948,0.2681818608868032,0.22151993874396952,0.22200848377231922,0.24600356074164895,0.2410734837488315,0.2362408808842665,0.20143322200143746,0.1827228869253137,0.27377076903564035,0.23008039854000195
C18-neg_Cluster_1290: NA,0.2180554968362012,0.24357962579329848,0.28358512192486746,0.21812243690018182,0.24107583252300627,0.21833500096299743,0.1866606068292958,0.221583355646688,0.2404886389793167,0.21760100903338547,0.22890871254292383
C18-neg_Cluster_1030: NA,0.23355270884125576,0.2281458306909624,0.23391676883834328,0.22258041028387288,0.24411984385349286,0.20575379209590516,0.22644062064008796,0.24171822225980263,0.22394269930523258,0.22419519252901912,0.22843660893379747
C18-neg_Cluster_1829: NA,0.2248493261366893,0.17749568999938936,0.2529665017827196,0.1821216007365756,0.24561718738990124,0.2649581683319475,0.25034761857786425,0.2212404346171733,0.25670575026893466,0.19175979556269582,0.22680620734038906
C18-neg_Cluster_1632: NA,0.2021836553502727,0.244259595916891,0.2145440794449377,0.23292910929785746,0.23001428054698253,0.23855324905931596,0.23999657078970485,0.19621894333347425,0.19338162413036636,0.2641760265317531,0.22562571344015558
C18-neg_Cluster_0807: NA,0.22759974069533112,0.23200134349882798,0.2370735213292183,0.20864278433085773,0.2513728585051462,0.2298768772577592,0.2034531677917295,0.1793852788229823,0.20882011678105197,0.27091465963913436,0.2249140348652039
C18-neg_Cluster_0871: NA,0.2112182152134801,0.23504652921640196,0.19663232758823174,0.272419049498067,0.166323745637152,0.23011058028814765,0.24793777627456232,0.2205992192674643,0.2138382728054229,0.24420557411087154,0.22383312898998015
C18-neg_Cluster_0341: NA,0.2184277775429004,0.21271908191115058,0.21684470374911335,0.23559261921203326,0.22203901783659108,0.21785467664425934,0.2339989759344598,0.2516089103097094,0.2287623839118364,0.19109156930997714,0.22289397163620306
C18-neg_Cluster_0736: NA,0.18454318691075128,0.2301070571268855,0.22314176731164007,0.24144693884261806,0.24044166349582155,0.24099714858815185,0.24165832851834632,0.16096501735744115,0.17665248007065115,0.26534689045787,0.22053004786801772
C18-neg_Cluster_0587: NA,0.19495765160162914,0.19882255950619374,0.20269568812037,0.23393321025756658,0.21086824786144112,0.2681290134678711,0.22068142636358085,0.24355378927737614,0.2268587024431949,0.19664289707201812,0.21971431859712415
C18-neg_Cluster_1347: NA,0.23149870582542972,0.18498945400395536,0.2012230067127966,0.19165292633774433,0.22786750095125355,0.24585089042028965,0.24830301065873722,0.2167472296208609,0.24672228563912496,0.20135571245367043,0.21962107226238622
C18-neg_Cluster_0893: NA,0.2202022764319302,0.23866599021970436,0.1845044321368678,0.21489639557115145,0.23975699582387955,0.2161400714966859,0.21759983464629812,0.19563057540269732,0.15760039835210005,0.30236709461332134,0.21873640646946363
C18-neg_Cluster_1073: NA,0.20436449217153568,0.22360799898532957,0.24853436491495087,0.21792866303076427,0.22320635860144591,0.2302526811257205,0.2338827116128093,0.1825925299586146,0.24620320654650338,0.17165193985259095,0.21822249468002655
C18-neg_Cluster_1673: NA,0.22557157419542742,0.22187342925727063,0.22254165550998933,0.2512178394096121,0.19731112332473683,0.2309725804102839,0.20347430675930234,0.21701733865095807,0.19714318597124164,0.21461924021852996,0.21817422737073522
C18-neg_Cluster_1603: NA,0.25333525932815665,0.25366643648679754,0.2398098432428116,0.1850822305838583,0.23545756469698464,0.2159322049822198,0.18535468838813024,0.2273801303099912,0.19799931415794098,0.18500941858444078,0.21790270907613318
C18-neg_Cluster_0522: NA,0.19737688900163006,0.24625135641708595,0.19971509369260185,0.18443984084706191,0.21492575524833593,0.18624722257453832,0.23750569577737382,0.24516504836126027,0.2094824710983338,0.2576816659385467,0.21787910389567688
C18-neg_Cluster_0453: NA,0.24400710269310447,0.2464874082216491,0.1709907599223965,0.2247565495567863,0.23988148085514172,0.2144266407361998,0.16843764239443434,0.25385316403369085,0.22505484387698063,0.18897884693978215,0.2176874439230166
C18-neg_Cluster_0905: NA,0.20384893624017628,0.2294998990027105,0.21281655603940305,0.22074719204047408,0.2315656458894103,0.2340001503215472,0.23094674389436157,0.16428031210511235,0.1723295612020087,0.2659928033559285,0.21660278000911326
C18-neg_Cluster_1480: NA,0.19079679815104497,0.2248093969757184,0.21237028894619897,0.24928362387669875,0.19039985531551087,0.20590411364308966,0.2544955537704872,0.17740291341948639,0.23621152120708203,0.22003081591717286,0.21617048812224898
C18-neg_Cluster_0294: NA,0.23156329711523557,0.2360118754022276,0.18193135002842017,0.20986414690173197,0.24404115991863848,0.2189609492805705,0.19983488117551454,0.23751861403533497,0.22636663425358305,0.17546869788657302,0.216156160599783
C18-neg_Cluster_0952: NA,0.23170422356572107,0.21060753392804296,0.19699638758531923,0.2536711340351471,0.16412646739666567,0.22147413764756177,0.23233839259290578,0.21320410377823815,0.2076715662095952,0.2290395392644579,0.21608334860036543
C18-neg_Cluster_1909: NA,0.23674469294475214,0.21087529418396542,0.22084466616872656,0.2360799898532956,0.1950386843106583,0.21903493566707535,0.189786825255899,0.20971382535454747,0.20151073154920449,0.23837826538329648,0.21580079106714206
C18-neg_Cluster_1266: NA,0.20313021134270026,0.20361875637104998,0.21304556152144197,0.22803191514348664,0.22967723145290475,0.26289477021942254,0.21711716155338528,0.20768565885464377,0.21053002438027593,0.18066888390948765,0.2156400174748799
C18-neg_Cluster_0689: NA,0.23809288932106334,0.16287574514860695,0.23124034066620633,0.18632590650939276,0.22470605091202903,0.24516857152252242,0.2257629992906702,0.19830700357483433,0.23598134133795573,0.20486478107075917,0.215332562935404
C18-neg_Cluster_0403: NA,0.20117485684221406,0.21796154586921088,0.220505268300474,0.21401325648144234,0.20123122742240823,0.23810228441776238,0.20424353030153564,0.24639463164174621,0.21227281481794655,0.19693766823095027,0.21528370843256903
C18-neg_Cluster_1672: NA,0.15567322914171097,0.1875026423709466,0.2139709785462967,0.2046439962983319,0.22535196381008754,0.24061547278475365,0.23650276920475205,0.2559658864038858,0.25644268756136174,0.17049164541026038,0.21471612715323873
C18-neg_Cluster_1999: NA,0.20448545404153573,0.19633285888095006,0.2765458457231171,0.2035330261136713,0.24062721665562742,0.23021744951309914,0.15652113661879866,0.2118923134016357,0.23313345265106142,0.19024366183288943,0.2143532415432386
C18-neg_Cluster_0382: NA,0.20414723056037054,0.2255058085185342,0.2185769247029975,0.23588504159679066,0.23282341445999336,0.18370232575618786,0.19718546390638725,0.22793326662814678,0.21316534900435463,0.19718311513221254,0.21361079402659752
C18-neg_Cluster_1053: NA,0.22311005886028082,0.2223196963504747,0.20834449001066346,0.1924080572349291,0.20337918140522462,0.22648289857523357,0.223259206020378,0.19575858359522166,0.19684254287687256,0.2441433315952405,0.2136048046524519
C18-neg_Cluster_1969: NA,0.23629607707737332,0.2574784969724301,0.16756624717559906,0.21359282590416062,0.23600835224096545,0.20657821183124528,0.2052077021002739,0.22764436740465152,0.18070881307045852,0.2046510426208562,0.21357321363980142
C18-neg_Cluster_1736: NA,0.22091160623270714,0.23299252620057595,0.24519440803844475,0.21593337936930718,0.2464662692540763,0.2092628607129939,0.17495901389065047,0.19191598904531726,0.16456216500608334,0.23341530555203238,0.21356135233021883
C18-neg_Cluster_1175: NA,0.23230668414154657,0.21504671711833598,0.23108649595775965,0.20570916538658476,0.17743227309667087,0.20033164691347585,0.19611912043104704,0.21630096252765682,0.24634648177116364,0.2128423925553254,0.21335219398995667
C18-neg_Cluster_2138: NA,0.17875933050540924,0.21595451833688,0.19672040661978515,0.22707361528018527,0.23415869257834335,0.23404242825669286,0.2221858162225135,0.18255612395890586,0.17875463295705973,0.2598765954048582,0.2130082160120633
C18-neg_Cluster_1893: NA,0.19433640083240555,0.22390277014426171,0.22823978165795275,0.1858068274167712,0.2240495685301841,0.21225754778581057,0.19824945860755275,0.1999981209806602,0.28008192524321557,0.18245747544356603,0.21293798766423805
C18-neg_Cluster_1074: NA,0.2073967596311485,0.20888353368377047,0.24138939387533648,0.23335071426222656,0.2231018381506692,0.20986532128881938,0.21080013341037315,0.19137459659803552,0.24427368856193954,0.1536356675451082,0.21240716470074267
C18-neg_Cluster_1263: NA,0.16089807729346056,0.16201139625229594,0.25810444529000315,0.2208411430074644,0.2208658051362994,0.20886709226454714,0.18295189240735263,0.257722769486605,0.27349596245719354,0.17762957012735053,0.21233881537225724
C18-neg_Cluster_0132: NA,0.1704399723784157,0.2347928616055281,0.22495971852290292,0.23549044753543125,0.23266487220319718,0.1933616595498809,0.18486379458560576,0.23540706605222733,0.19978908007910673,0.2109586756671693,0.21227281481794652
C18-neg_Cluster_0094: NA,0.20244671805784561,0.2362408808842665,0.19253723981454077,0.20038801749367005,0.21916529263377446,0.20580546512774983,0.2513000465057287,0.18212277512366296,0.22238076447901842,0.20233632567163198,0.21147235257918892
C18-neg_Cluster_1198: NA,0.20070275323308767,0.19914199279396086,0.20673205653969196,0.23304889678077012,0.23194262414445901,0.26232049493369414,0.21080717973289742,0.19347909825861886,0.20268394424949618,0.17284394274628073,0.21137029834129567
C18-neg_Cluster_0738: NA,0.22245240209134853,0.2350958534740719,0.18710687392249986,0.22309126866688278,0.23726846958572326,0.21486821028105435,0.18692601831104347,0.22976883364572032,0.20946250651784834,0.16638129060443355,0.21124217271006268
C18-neg_Cluster_0763: NA,0.21041728321988756,0.2121330627545484,0.2272309831498941,0.23508528399028547,0.22588865870901975,0.23765484293747094,0.22920395345669095,0.17748746928977766,0.20555766945231282,0.1517261141410298,0.21123853211009175
C18-neg_Cluster_0497: NA,0.17336419622598967,0.23668479920329583,0.15248711697365144,0.255449156085439,0.21689167923260855,0.22771835379115643,0.22969954480756494,0.20866392329843056,0.20091884045716543,0.2074096778891097,0.21092872879644115
C18-neg_Cluster_1734: NA,0.19278503548997777,0.2276925172752341,0.2073462609863912,0.19870864395871796,0.22212005054562028,0.22997904893436116,0.220505268300474,0.17769298703006903,0.17422032441268903,0.25630058672378886,0.21073507236573233
C18-neg_Cluster_0525: NA,0.19141687453318112,0.248066958854174,0.2044032469454192,0.20616013002813832,0.17607350723657325,0.2233202741489217,0.2269268168942629,0.2125675859768787,0.2004549575576507,0.21185003546649006,0.21012403876416902
C18-neg_Cluster_2025: NA,0.17819092715511775,0.2366801016549463,0.20048431723483515,0.19785721332036812,0.24556786313223128,0.22407775382028122,0.2063797404134782,0.18171408841725503,0.17276525881142635,0.2565941834956336,0.2100311447455573
C18-neg_Cluster_0977: NA,0.19954833072619402,0.18864179784570434,0.20621884938250726,0.236192731013684,0.21479539828163682,0.18312335292210996,0.22184172080591139,0.2423218572227155,0.18674163953832495,0.21238790475250968,0.2091813582491298
C18-neg_Cluster_1843: NA,0.21703495445726878,0.16655744866754044,0.21260281758950003,0.2548831015093223,0.19231058310667662,0.21114657760115,0.2197419166936776,0.18130422732375975,0.19043978447648174,0.24565594216378472,0.20916773535891622
C18-neg_Cluster_2163: NA,0.1996152707901746,0.2122234905602766,0.2444099174640755,0.2062623017047403,0.21508547189221944,0.18326075621133334,0.18579038599754788,0.193705754966483,0.23907232815193752,0.21139319888949956,0.20908188766282879
C18-neg_Cluster_0536: NA,0.20755647627503207,0.22380412162892188,0.20580663951483721,0.2364557937212569,0.20356590895211787,0.22711119566698143,0.2024197071548359,0.16654335602249187,0.2035212822427975,0.21367503300027715,0.20904595141795496
C18-neg_Cluster_1471: NA,0.23027616886746807,0.19060772182997696,0.20123240180949564,0.18676512728007252,0.21810951864222064,0.19867810989444612,0.20060762787900996,0.22031266881814382,0.22523804826261176,0.21645833039736564,0.2088285723680811
C18-neg_Cluster_0932: NA,0.1953804309530856,0.24332243502116246,0.18633295283191703,0.21133213076095586,0.21938490301911434,0.21813535515814297,0.18530301535628557,0.16085932251957705,0.2321857222715465,0.23577582359766436,0.2088012091489452
C18-neg_Cluster_0244: alpha-linolenic acid,0.22729440005261256,0.23806470403096625,0.19560708766094975,0.22198969357892118,0.2131125015854226,0.2059487403524101,0.1618892599952085,0.22216585164202804,0.21899735528027925,0.1776554066432729,0.20827250008220707
C18-neg_Cluster_1714: NA,0.18693776218191727,0.22723802947241833,0.18402763097939184,0.21730271471319118,0.22059217294494007,0.21224932707619895,0.23173828079125505,0.17587738459298094,0.17736533303269025,0.24117095787708398,0.20744995936620678
C18-neg_Cluster_0712: NA,0.2369431643625192,0.21174316624153855,0.21098451218309164,0.19422600844619195,0.19043391254104483,0.22338369105164016,0.19699051564988235,0.21307374681153907,0.21909365502144432,0.17683803323045702,0.20737104055393493
C18-neg_Cluster_0099: NA,0.2059757512554198,0.24193430948388037,0.18484030684385822,0.20693992305415806,0.1840710833016249,0.21643484265561805,0.17715511774404938,0.20950243567881924,0.21861333070270625,0.22714290411834065,0.2072610004838475
C18-neg_Cluster_0408: NA,0.18594305631890717,0.22765376250135055,0.1892771412599764,0.18438112149269298,0.21450297589687942,0.22702781418377752,0.21819407451251197,0.21480009582998633,0.2681478036612692,0.13972857565636493,0.20696564213137164
C18-neg_Cluster_0936: NA,0.18693893656900465,0.21624341756037524,0.22507245968329131,0.20722060156804167,0.2369490362979561,0.2153074310517341,0.19159773014463752,0.1898291031910446,0.18538757122657687,0.21496685879639416,0.20695131460890562
C18-neg_Cluster_0804: NA,0.21426809847940362,0.19622833843017332,0.1485858030693781,0.20111026555240819,0.19607331933463928,0.23527436031135351,0.20830690962386733,0.2392191265378599,0.21752937142105536,0.20732747079299313,0.20639230635531317
C18-neg_Cluster_1648: NA,0.17358028345006743,0.23492674173348932,0.20237155728425338,0.20660757150842976,0.23308412839339152,0.20376085720862286,0.22194741564377554,0.16790329626967687,0.165648473061909,0.25275041455864183,0.20625807391122578
C18-neg_Cluster_0070: NA,0.149378514353359,0.23135660498785685,0.23791085932251962,0.2347599787670815,0.20503976474677865,0.20730045988998344,0.16461970997336492,0.22466964491232025,0.19028593976803504,0.21184886107940265,0.20571703378007017
C18-neg_Cluster_1218: NA,0.20474381920075915,0.2160285047233849,0.2030386091498847,0.21810364670678375,0.1817962955133716,0.188718133006384,0.2360576764986354,0.17443288847550464,0.25761590026165343,0.17587855898006835,0.20564140325164298
C18-neg_Cluster_0283: NA,0.21670612607280262,0.22842885797902077,0.18567412167589734,0.17536182866162153,0.20219070167279696,0.1945583599919202,0.20328875359949644,0.223507001695815,0.1884550702988111,0.23433250186727547,0.20525033235154572
C18-neg_Cluster_1715: NA,0.22402138324008702,0.19500110392386216,0.19681435758677548,0.21032098347872247,0.19693766823095027,0.24337997998844405,0.17821324050977796,0.18704932895521828,0.17773761373938943,0.2383477313190246,0.20478233909722515
C18-neg_Cluster_1739: NA,0.1957010386279401,0.216784810007657,0.2409396036208703,0.18418617323618802,0.2232639035687275,0.22256279447756216,0.15477952056821548,0.2123655913978495,0.20221301502745717,0.19121487995415193,0.20440113304866192
C18-neg_Cluster_0399: NA,0.2154096027283361,0.1989094641506598,0.1879911873992963,0.176109913236282,0.19473216928085232,0.2623345875787427,0.21211897010949984,0.1870880837291018,0.21881532528173547,0.17937705811337062,0.20328863616078768
C18-neg_Cluster_2085: NA,0.2158993221437732,0.19803454577056234,0.19384550702988113,0.2400552901440738,0.19424714741376475,0.1957855944982314,0.17451861873288332,0.19061241937832646,0.20758113840386702,0.21875190837901698,0.20293314918943803
C18-neg_Cluster_0129: NA,0.20091179413464114,0.22069786778280417,0.20082488949017507,0.22837483617300133,0.1799806930762835,0.2295116428735843,0.17182340036734828,0.19893999821493163,0.1838197644649258,0.2106004876055187,0.2025485374183214
C18-neg_Cluster_1828: NA,0.2107566810881401,0.2146274609281416,0.22579001019367992,0.18891425564997627,0.2133426814545489,0.20086364426405862,0.19668634939425117,0.14802562042869827,0.19802397628677593,0.22559623632426237,0.20226269160125332
C18-neg_Cluster_0908: NA,0.22074014571794978,0.2624790371904903,0.18903756629415108,0.19119843853492863,0.2200390366267845,0.22278945118542634,0.13670452890636378,0.17276291003725158,0.22935192622970074,0.17382573035132967,0.20189287710743767
C18-neg_Cluster_2158: NA,0.23841467138300523,0.19507978785871652,0.1852947946466739,0.23106065944183732,0.19210154220512318,0.2053685931312448,0.17545812840278657,0.1778527036739526,0.21461336828309308,0.19787013157832928,0.20131143806047622
C18-neg_Cluster_2011: NA,0.24546451706854194,0.20005096839959227,0.17324088558181489,0.15361100541627323,0.2354845755999944,0.1968120088126007,0.12775687368762242,0.22748112759950584,0.20608027170619653,0.24398009179009475,0.2009962325662237
C18-neg_Cluster_0229: NA,0.189334686227258,0.19821187822075662,0.1888073864250248,0.19597819398056154,0.24806461007999928,0.23137304640708017,0.1992277230513395,0.16655744866754044,0.15709893506578915,0.22921099977921525,0.2003864907904565
C18-neg_Cluster_1769: NA,0.19431761063900752,0.19725475274454263,0.19245503271842426,0.20706440808542023,0.2384710419631994,0.1953639895338623,0.21355759429153925,0.19424479863959,0.17753444477327282,0.19082380905405472,0.2001087482442913
C18-neg_Cluster_0164: palmitoleic acid,0.23829605828717992,0.25764408555175056,0.1934697031619198,0.17491791034259221,0.18280274524725545,0.196998736359494,0.159703725625596,0.160121807428703,0.19362472225745384,0.2393999821493163,0.19969794764112608
C18-neg_Cluster_0534: NA,0.2146439023473649,0.16199025728472313,0.19490362979560966,0.20433278372017644,0.24223495257824945,0.2342820032225182,0.1566068668761773,0.15832499518501295,0.21156818256551904,0.21781239870911373,0.1996699972284465
C18-neg_Cluster_1442: NA,0.19857946137910623,0.18814738088191774,0.17227084184763974,0.23949158434213186,0.16547583816006425,0.20199575341629206,0.20413900985075892,0.2138535398375588,0.17867947218346747,0.22199791428853283,0.19846307961874698
C18-neg_Cluster_0293: NA,0.21629274181804514,0.21516650460124861,0.18694950605279106,0.19077448479638479,0.19133114427580247,0.16913522832433753,0.22588865870901975,0.17194905978569788,0.21737317793843397,0.19955772582289305,0.19844182321246542
C18-neg_Cluster_0933: NA,0.21676601981425894,0.18243751086308055,0.1799654260441476,0.20654532899279868,0.21822578296387118,0.18775278682055835,0.21350239809843244,0.20106446445600043,0.19383376315900736,0.18204996312424548,0.1982143444336401
C18-neg_Cluster_1735: NA,0.20379021688580734,0.17386331073812578,0.2459366206776683,0.2127519647495972,0.19884604724794133,0.2193649384386289,0.13832635747403432,0.193671697740949,0.17034719579851273,0.22184054641882403,0.19787388961700889
C18-neg_Cluster_1459: NA,0.22136491964843552,0.21941543708338618,0.1831444918896828,0.15479596198743875,0.17073122037608573,0.16680406995589003,0.21804962490076432,0.18124785674356556,0.21759983464629812,0.23840645067339356,0.1971559867904941
C18-neg_Cluster_2137: NA,0.16634723337889956,0.23030670293173994,0.19555071708075555,0.19953423808114545,0.21863212089610434,0.1999581918196893,0.19633403326803742,0.16947227741841536,0.1574465536436534,0.2365838019137812,0.19701658704322217
C18-neg_Cluster_1794: NA,0.19092950389191882,0.19442213108978426,0.180549096426575,0.2562465649177695,0.18813916017230609,0.2202797859796972,0.16379176707676266,0.1760300549143402,0.19969160595085425,0.1977738318371642,0.19678535022571725
C18-neg_Cluster_0104: NA,0.23401541735368311,0.19125480911512283,0.19300112271405553,0.1568898941642357,0.21295161055445164,0.1993580800180386,0.20127350535755392,0.19649727307318313,0.19624712862357135,0.18611803999492665,0.19676068809688224
C18-neg_Cluster_0234: NA,0.17149809514414427,0.20600863409386644,0.221583355646688,0.2272192392790203,0.19818956486609643,0.20200162535172894,0.1922906185261912,0.18226839912249798,0.15441311179695316,0.2096903376127999,0.19651629814399868
C18-neg_Cluster_2092: NA,0.18979622035259797,0.18267473705473114,0.19880846686114517,0.2156339106620255,0.1716437191429793,0.24002593046688933,0.2105605584445478,0.18228366615463393,0.18110340713181794,0.1883188413966751,0.1960849457668043
C18-neg_Cluster_0597: NA,0.2158805319503751,0.24116626032873445,0.19310446877774493,0.1764751476204569,0.18658074850735404,0.18592191735133434,0.1638399169473452,0.13137985785218695,0.21800734696561866,0.24558313016436722,0.1957939326465518
C18-neg_Cluster_2055: NA,0.171816354044824,0.19626944197823157,0.24017390323989912,0.16858326639326934,0.2244711734945532,0.1925701226529874,0.1957797225627945,0.18003823804356509,0.21004617690027574,0.17764718593366122,0.1957395585244061
C18-neg_Cluster_2121: NA,0.16529733132278263,0.2145217660902775,0.1759220113023013,0.18044809913706036,0.2072393917614397,0.15577422643122554,0.1973005538409504,0.2204876524941633,0.19138164292055979,0.2471509369260183,0.19555236122267788
C18-neg_Cluster_1939: NA,0.20002982943201944,0.19343212277512367,0.18406168820492586,0.1798244995936621,0.20239856818726307,0.21305143345687888,0.20053599026667984,0.2033533448893023,0.17580574698065082,0.19342859961386155,0.19459218234003678
C18-neg_Cluster_0810: NA,0.23230668414154657,0.22405778923979577,0.18228718931589605,0.15470553418171057,0.17143820140268792,0.20535332609910886,0.17703533026113674,0.15228042484627274,0.19453369786308528,0.25023487741747585,0.19442330547687164
C18-neg_Cluster_0442: NA,0.2187284206372694,0.22941886629368136,0.2094648552920231,0.1736542698365723,0.17378110364200924,0.19206983375376394,0.16240364153948053,0.15274900529413699,0.19892238240862092,0.21664270917008413,0.19278350878676415
C18-neg_Cluster_1285: NA,0.23899716737834525,0.21656402523522975,0.16069608271443137,0.18858190410424802,0.19535107127590112,0.17837765470201103,0.20223063083376788,0.17246813887831944,0.19715610422920277,0.17357676028880528,0.19239995396402615
C18-neg_Cluster_0320: NA,0.15584468965646833,0.15452115540899208,0.19488131644094947,0.19469693766823096,0.19907975027832978,0.17919267934065214,0.1885325798465781,0.2506130300596119,0.20727110021279896,0.19869690008784419,0.1923330139000456
C18-neg_Cluster_1952: NA,0.16284521108433508,0.1995495051132814,0.19123367014755002,0.19846202267036833,0.2066063971213424,0.20975962645095528,0.20212493599590373,0.15850350202229457,0.15755812041695438,0.23559966553455755,0.1922242656557543
C18-neg_Cluster_0668: NA,0.16214292760608243,0.18981031299764653,0.21521465447183116,0.16548171009550117,0.18763065056347095,0.17817448573589445,0.19935925440512597,0.2049657783602738,0.20677550886192497,0.19927939608318418,0.19088346791809357
C18-neg_Cluster_0691: NA,0.21634441484988987,0.1830705055031779,0.1695415662565707,0.14775198823733893,0.1738057657708442,0.21928977766503666,0.23687387552436381,0.16880992310113355,0.20234806954250578,0.186211990961917,0.19040478774127784
C18-neg_Cluster_0026: NA,0.14058705261723908,0.22392978104727146,0.22440423343057259,0.19889302273143647,0.181943093899294,0.16576591177064692,0.16882871329453158,0.1991443415681356,0.17925022430793372,0.19940388111444637,0.18821502557815079
C18-neg_Cluster_2172: NA,0.2073533073089155,0.20760932369396412,0.12775687368762242,0.1961332130760956,0.18820492584919932,0.19304574942337596,0.13497113356539223,0.23139418537465295,0.22924975455309876,0.16334432559647122,0.1879062792128788
C18-neg_Cluster_2073: NA,0.1891045063581317,0.18720199927657755,0.2146568206053261,0.19365173316046358,0.16783870497987102,0.20681426363580852,0.13690182593704348,0.1690917760021045,0.21128280650328593,0.19982196291755333,0.18763663993761653
C18-neg_Cluster_1470: NA,0.17221329688035816,0.16145238799870348,0.1358049483974314,0.2163068344630937,0.19695058648891145,0.2633797920865101,0.18196188409269204,0.17697191335841825,0.18808983591463616,0.17868534411890435,0.1871816823799659
C18-neg_Cluster_2173: NA,0.14514132574209523,0.2260060974177577,0.17503887221259226,0.18432709968667355,0.21221996739901447,0.1913922124043462,0.20143439638852484,0.15778595151190594,0.15210191800899112,0.22603545709494216,0.18714832978668433
C18-neg_Cluster_0447: NA,0.21624576633455003,0.1968789488765813,0.1737270818359898,0.16907416019579383,0.18101180493900235,0.24093138291125862,0.18996885525444268,0.1334115475133528,0.16162737167472294,0.20479431784551644,0.1867671237381211
C18-neg_Cluster_1880: NA,0.23990849175815143,0.21006731586784858,0.20277906960357392,0.1355724197541303,0.17970118894948725,0.15329039774141875,0.14105093551675382,0.1968061368771638,0.2123691145591116,0.19398173593201706,0.18655268065596567
C18-neg_Cluster_1905: NA,0.19164235685395792,0.19120900801871502,0.19216378472075424,0.21159754224270355,0.15333854761200133,0.1844645029758969,0.14788821713947492,0.19086608698920032,0.18855489320123828,0.2137278804192092,0.18654528201731516
C18-neg_Cluster_1066: NA,0.1728956157781254,0.20058531452434974,0.18296598505240116,0.20897865903784818,0.21972664966154165,0.16639538324948208,0.14410434194393945,0.21431624834998617,0.1611529192914218,0.19250788013735634,0.1863628997026452
C18-neg_Cluster_1296: NA,0.17537004937123316,0.19551783424230892,0.20005096839959227,0.20066987039464104,0.22248176176853302,0.16842589852356057,0.13433461576403277,0.20940261277639202,0.1636144346265684,0.19046209783114193,0.1860330143698004
C18-neg_Cluster_1443: NA,0.20633159054289568,0.1747781582791941,0.16171310193210164,0.22530146516533023,0.134084471314421,0.19096473550454018,0.21101622063445089,0.189334686227258,0.1835202957576441,0.18328306956599352,0.18603277949238292
C18-neg_Cluster_1951: NA,0.14778369668869817,0.1799407639153126,0.15965205259375134,0.1905313866692973,0.22293037763591186,0.1791609708892929,0.21580302240260807,0.17026381431530885,0.17937588372628324,0.20937795064755704,0.18548199194840212
C18-neg_Cluster_1953: NA,0.14691817340529978,0.2174765240021233,0.18165536906288607,0.1877339966271603,0.20604151693231307,0.18914443551910257,0.19387486670706558,0.1603613823945283,0.1438119195591821,0.22686222560445704,0.1853880409814118
C18-neg_Cluster_1082: NA,0.17332661583919354,0.2005089793636701,0.18471934497385817,0.20687885492561434,0.216921038909793,0.16634958215307433,0.14145257590063745,0.2135681637753257,0.1581194774447216,0.19110918511628783,0.1852953818402176
C18-neg_Cluster_1657: NA,0.1825361593784204,0.1649414920353068,0.19648905236357148,0.19743443396891167,0.1743788666694852,0.15386232425297236,0.16928437548443467,0.18991483344842328,0.21155878746882004,0.21240199739755822,0.1852802322467904
C18-neg_Cluster_1462: NA,0.1843588081380328,0.1796777012077397,0.20221536380163194,0.17288269752016422,0.16506597706656898,0.17150983901501807,0.17346519351550427,0.21093988547377124,0.1665915058930744,0.2246226694288251,0.18513296410603308
C18-neg_Cluster_0866: NA,0.17982567398074945,0.18651145966919866,0.19315731619667695,0.20666511647571134,0.20372797437017623,0.16666196911831715,0.1942224852849298,0.17473705473113585,0.19021195338153019,0.15243192078054463,0.184815292398897
C18-neg_Cluster_0457: NA,0.19645264636386273,0.212549970170568,0.16226976141151936,0.18658662044279092,0.2093802994217318,0.17715629213113676,0.15734790512831356,0.19504690502026995,0.1799572053345359,0.16186342347928617,0.18386110289040153
C18-neg_Cluster_1283: NA,0.17504122098676703,0.19791593267473706,0.19522423747046416,0.19732639035687277,0.21992512107930873,0.16232026005627662,0.13104045998393438,0.20373149753143838,0.16389393875336464,0.18297185698783808,0.18293909158810015
C18-neg_Cluster_2033: NA,0.1783236328959916,0.1916717165311424,0.22767725024309815,0.1416580936409288,0.2135211882918305,0.19849261501143972,0.14224763595879314,0.19617431662415385,0.17303184468026137,0.16655744866754044,0.18293557425451804
C18-neg_Cluster_0548: NA,0.1816776824175463,0.18367531485317815,0.16300962527656815,0.15407488831578797,0.17054566721627984,0.18787257430347104,0.1851444730994894,0.20392996894920543,0.1852161107118195,0.21382535454746168,0.18289716596908073
C18-neg_Cluster_1326: NA,0.1445952357464639,0.15366150406103055,0.21251004100959714,0.16226741263734457,0.17413694292948512,0.20463225242745808,0.16849636174880328,0.19387134354580346,0.2439389882420365,0.15939251304744056,0.18175025953954632
C18-neg_Cluster_0426: NA,0.1205120797455808,0.21736260845464753,0.18854667249162665,0.20486595545784653,0.17475936808579604,0.23588856475805278,0.18998999422201554,0.126668216857622,0.1973968535821155,0.16135021632210153,0.1817340529977405
C18-neg_Cluster_1231: NA,0.1316593619789832,0.23578521869436342,0.1646431977151125,0.16306012392132546,0.18580447864259644,0.19526416663143506,0.21446891867134546,0.14497691154986214,0.1349511689849068,0.2382197231265003,0.18088332699164308
C18-neg_Cluster_1924: NA,0.15238259652287475,0.19589833565861978,0.1746055233773494,0.18654551689473264,0.18661128257162587,0.18823193675220903,0.18579978109424694,0.15610422920277908,0.14135275299821026,0.23711227610310182,0.18046442311757493
C18-neg_Cluster_2086: NA,0.14357117020626936,0.19337692658201686,0.17069129121511484,0.18933586061434537,0.19744148029143593,0.1846171732972562,0.1949917088271631,0.14786120623646518,0.14122122164442377,0.21954109650173576,0.17826491354162263
C18-neg_Cluster_1567: NA,0.18834350352551005,0.18661128257162587,0.2005606523955148,0.16769425536812338,0.19064765099094783,0.16146295748248987,0.1613995405797714,0.17535243356492247,0.1718727246250182,0.17831776096055468,0.17822627620644788
C18-neg_Cluster_0572: NA,0.1237028894619898,0.22289866918455262,0.178761679279584,0.16921626103336668,0.16373187333530628,0.1804645405562837,0.19279443058667683,0.19926060588978614,0.15565443894831288,0.1952442020509496,0.17817295903268082
C18-neg_Cluster_0874: NA,0.1793018973397784,0.13861877985879167,0.18284267440822635,0.21784528154756036,0.1492540293220968,0.20089065516706833,0.2105605584445478,0.19787248035250407,0.1725820544257952,0.13054956618140995,0.1780317977047779
C18-neg_Cluster_1950: NA,0.14693696359869785,0.18121967145346846,0.18868525016793739,0.19686133307027065,0.17958844778909888,0.19117025324483156,0.15050710034433032,0.16409123578404433,0.19799109344832932,0.182054660672595,0.1779106009573604
C18-neg_Cluster_0868: NA,0.15002677602559225,0.18366826853065388,0.17833889992812751,0.1678610183345312,0.18124668235647817,0.19460768424959016,0.206032121835614,0.18824015746182068,0.22186755732183372,0.10443237174518619,0.1776321537789428
C18-neg_Cluster_1381: NA,0.19465583412017268,0.17319625887249446,0.20346373727551592,0.14713895817772704,0.173526261644048,0.16712350324365716,0.18469233407084842,0.14446370439267747,0.16540302616064678,0.2081166589157119,0.17617802768734997
C18-neg_Cluster_0757: NA,0.11508053946645246,0.18302940195511963,0.20965158283891638,0.21053472192862546,0.14429694142626967,0.18128661151744904,0.19703631674629016,0.15603494036462373,0.1882789122357042,0.17319038693705757,0.17584203554165084
C18-neg_Cluster_2008: NA,0.20110909116532086,0.21869436341173543,0.15407253954161323,0.1763964636856025,0.18173757615900263,0.15856457015083827,0.14272091395500688,0.16562850848142355,0.18110105835764317,0.17767889438502046,0.1757703979293207
C18-neg_Cluster_0790: NA,0.175323073887738,0.1770200632290008,0.13467753679354746,0.20007915368968934,0.21805667122328856,0.2007297641360974,0.19419312560774532,0.11809166795849246,0.14602329044471693,0.17870883186065195,0.17429031788309685
C18-neg_Cluster_1434: NA,0.1474172879174359,0.12730238588480672,0.18567059851463522,0.21080013341037315,0.1859759391573538,0.1977327282891059,0.18493425781084855,0.1513679260793792,0.16726325530705524,0.18097305016511883,0.17394375625361125
C18-neg_Cluster_1155: NA,0.15900613969569283,0.18868642455502474,0.17991492739939027,0.19324304645405566,0.2048530371998854,0.15627334094336168,0.1326986945513137,0.1967568126194939,0.13814315308840316,0.18959070261230668,0.17391662791189283
C18-neg_Cluster_0319: NA,0.15473724263306982,0.1721921579127853,0.17114930217919266,0.17467481221550474,0.19680026494172695,0.1603895676846254,0.16575299351268571,0.17354974938579554,0.19938978846939784,0.16900604574472586,0.173764192467951
C18-neg_Cluster_1777: NA,0.13397642770238213,0.19182203807832693,0.18727128811473293,0.13741268432005338,0.18981383615890868,0.2061566068668762,0.15882880724549855,0.18580447864259644,0.166367197959385,0.17479107653715525,0.17322444416259158
C18-neg_Cluster_1142: NA,0.15810421041258568,0.1931490954870653,0.1681029420745313,0.18929358267919974,0.207426119308333,0.15823339299219738,0.12769110801072922,0.19696937668230952,0.1416404778346181,0.18784321462628656,0.17284535201078557
C18-neg_Cluster_1913: NA,0.18547682464521767,0.1383839024413159,0.20719828821338146,0.18026489475142926,0.13922946114422885,0.1377145018015098,0.18382211323910053,0.20347430675930234,0.19970922175716493,0.1466022632787948,0.1721875778031446
C18-neg_Cluster_0611: NA,0.16738186840288055,0.1953451993404642,0.1697564790935611,0.15454699192491442,0.19090131860182172,0.1588910497611297,0.15020175970161173,0.1278214649774283,0.20547898551745847,0.1888355717151219,0.17091606890363922
C18-neg_Cluster_0434: NA,0.1767205945217191,0.17667714219948608,0.14949947622335905,0.1878737486905584,0.12442043997237842,0.19514672792269716,0.17515043898589328,0.16276182960113117,0.17306707629288276,0.18760129088628646,0.17089187652963916
C18-neg_Cluster_0755: NA,0.14912249796831037,0.17942285920977843,0.18863827468444222,0.16433668268530657,0.18011222443006997,0.15880179634248887,0.1776107799339525,0.18140170145201218,0.20362580269357425,0.12432296584412597,0.17073955852440614
C18-neg_Cluster_1420: NA,0.15812887254142066,0.17787854018987492,0.18993832119017087,0.1835637480798771,0.1745526759584173,0.1671270264049193,0.19079444937687023,0.13336222325568287,0.18818026372036434,0.14379312936578398,0.17073192500833817
C18-neg_Cluster_1097: NA,0.15501674675986604,0.18423079994550845,0.176425823362787,0.18727716005016984,0.20481193365182712,0.14655881095656176,0.12167707173626084,0.2070045143439639,0.14526581077335737,0.17839292173414698,0.1706661593314449
C18-neg_Cluster_0677: NA,0.13261178990684763,0.1618575515438493,0.15559337081976918,0.17259967023210587,0.1544072398615163,0.19278620987706518,0.19116907885774415,0.19940975304988326,0.17810637128482645,0.16238015379773296,0.17009211892313403
C18-neg_Cluster_0921: NA,0.16456686255443287,0.1642732657825881,0.1743894361532716,0.1378425099940341,0.1897574655787145,0.19566345824114395,0.18121027635676942,0.15088642737355376,0.14782597462384384,0.19327592929250226,0.16996916059508543
C18-neg_Cluster_1642: NA,0.1687829121981238,0.1783506437990013,0.15539842256326422,0.16364849185210237,0.19287898645696813,0.1477320236568535,0.1773113112266708,0.13925412327306377,0.17846103618521494,0.19754130319386312,0.16993592544051261
C18-neg_Cluster_1390: NA,0.20042207471920404,0.15247772187695244,0.1740981881556016,0.12732587362655431,0.18515856574453793,0.170952005148513,0.17546400033822349,0.15176956646326284,0.180883796746478,0.16639420886239473,0.16849460016817225
C18-neg_Cluster_1557: NA,0.1694851956763765,0.1646079661024911,0.1818080393842454,0.111151040272082,0.14955584680355324,0.20223063083376788,0.1766607007802628,0.16749578395035633,0.18738872682347082,0.17071830211812455,0.16811022327447306
C18-neg_Cluster_2068: maslinic acid,0.16865725277977425,0.16070078026278087,0.20967741935483872,0.16332201224181103,0.18047511004007008,0.14453299323083285,0.1589462459542365,0.19872508537794126,0.13965458926986007,0.15351705444928293,0.16782085429614285
C18-neg_Cluster_0726: NA,0.16319165527511192,0.18609102909191697,0.12950905922199205,0.17147108424113455,0.20367982449959365,0.17536887498414577,0.15006553079947577,0.18055614274909929,0.18392663368987727,0.13269047384170202,0.16765503083940497
C18-neg_Cluster_0659: NA,0.1619973036072474,0.16824151975084203,0.17352156409569844,0.20792758259464386,0.180378810298905,0.21280833532979138,0.16138779670889766,0.12319320546606727,0.15028631557190303,0.12103115883820235,0.16607735922621983
C18-neg_Cluster_0308: NA,0.18103411829366256,0.19482729463493004,0.16135491387045103,0.14770853591510594,0.16592680280161784,0.15732559177365332,0.1754135016934662,0.14196813183199686,0.1757223654974469,0.14550890890044488,0.16467901652127753
C18-neg_Cluster_0703: NA,0.170344847024338,0.13576501923646048,0.1440350531057841,0.19946729801716484,0.17387035706065004,0.15192693433297164,0.17478285582754363,0.1577836027377312,0.15602319649374993,0.1735192153215237,0.1637518379157918
C18-neg_Cluster_0291: NA,0.15749940106258542,0.17330312809744597,0.14972848170539796,0.1532305039999624,0.15093575163122366,0.1642720913955007,0.18963650370871443,0.14941374596598037,0.1949188968277456,0.15436496192637064,0.1637303466320927
C18-neg_Cluster_0766: NA,0.20442438591299203,0.17515865969550493,0.13936451565927746,0.1677048248519098,0.12994710560558445,0.1831773747281294,0.15743833293404175,0.12486905583975724,0.17092969179385278,0.17068541927967795,0.16236993663007276
C18-neg_Cluster_2141: NA,0.1643390314594813,0.15671843364947832,0.16960733193346395,0.14704383282364936,0.18986316041657858,0.20582542970823528,0.11289500509683996,0.17470886944103872,0.13812671166917986,0.1583848889264693,0.16175126951244145
C18-neg_Cluster_1335: NA,0.15622049352442963,0.14073854855151097,0.19925590834143664,0.14494285432432813,0.17720326761463195,0.14492523851801747,0.14835797197442657,0.1494618958365629,0.22394622246649473,0.1319893647505367,0.16170417659023756
C18-neg_Cluster_0145: NA,0.14442612400588134,0.1924926131052204,0.10720627404557563,0.16893675690657048,0.17545695401569922,0.1673724733061815,0.12534703138432055,0.1801098756558952,0.16930903761326965,0.18582679199725663,0.1616483932035871
C18-neg_Cluster_0569: NA,0.1830094373746342,0.15282181729355448,0.13534458865917878,0.1304943699883031,0.1372365262569465,0.17861135773239947,0.18427660104191623,0.1794815785641474,0.1554677114014196,0.17876050489249662,0.16155044932049964
C18-neg_Cluster_0667: NA,0.1372917224500533,0.1402042024267535,0.1850928000676447,0.16494266642239416,0.17105652559928974,0.13567224265655758,0.17017338650958067,0.14318362246743424,0.19502106850434758,0.16200552431685902,0.16046437614209147
C18-neg_Cluster_0398: NA,0.15812534938015851,0.23234778768960482,0.18169764699803173,0.14276788943850205,0.14278667963190014,0.15118824485501017,0.0983032455361547,0.15601262700996352,0.21535675530940404,0.124803290162864,0.16033895160115938
C18-neg_Cluster_0277: NA,0.12982379496140967,0.19881199002240732,0.14581542393025082,0.09746238438159126,0.1993228484054172,0.2013780258083306,0.11786618563771567,0.17269714436035835,0.18572227154647994,0.14389764981656075,0.15927977188705217
C18-neg_Cluster_1111: NA,0.12674924956665115,0.19363411735415287,0.1713054956618141,0.18801584952813127,0.193064539616774,0.14022769016850106,0.12657074272936955,0.16671481653724923,0.12213978024868821,0.16270663340802435,0.15911289148193558
C18-neg_Cluster_0105: NA,0.18965764267628724,0.15640956984549764,0.16489686532598638,0.11402946302324816,0.16960850632055133,0.13111092320917714,0.17245169745909608,0.15750292422384757,0.16902601032521128,0.15458574669879788,0.15792793491077006
C18-neg_Cluster_2169: NA,0.176367104008418,0.1504413346674371,0.17737825129065143,0.12350676681839748,0.1519880024615153,0.17270419068288262,0.17214400804220278,0.14042498719918076,0.15077720937442748,0.15753110951394467,0.15732629640590576
C18-neg_Cluster_1491: NA,0.12099122967723146,0.18853140545949068,0.11979335484810477,0.155332656886371,0.19790066564260114,0.11920263814315309,0.16360738830404414,0.17969531701405037,0.13619484491044123,0.18888137281152967,0.15701308736970176
C18-neg_Cluster_1820: NA,0.1392141941120929,0.17555090498268955,0.1510872475654956,0.1897797789333747,0.14658229869830938,0.1588229353100617,0.17399601647899965,0.15345246315947708,0.11465541134082122,0.16304955443753905,0.15661908050188608
C18-neg_Cluster_0376: NA,0.15427453412064243,0.13765578244714083,0.19693766823095027,0.15526219366112828,0.1775497118054088,0.1318613565580124,0.13098174062956544,0.1458894103167557,0.21216946875425716,0.12324370411082455,0.15658255706346857
C18-neg_Cluster_1306: NA,0.12807043503995266,0.190403378476773,0.16067259497268377,0.1817234835139541,0.19823184280124204,0.14374732826937622,0.12118500354664902,0.16284168792307294,0.11406352024878216,0.1591047882110327,0.1560044063003519
C18-neg_Cluster_1961: NA,0.13852130573053922,0.1484331327480188,0.14740202088529997,0.1785091860557975,0.1402323877168506,0.14917769416141716,0.19896348595667923,0.13758884238316024,0.15609365971899267,0.1635862493364713,0.15585079646932265
C18-neg_Cluster_1331: NA,0.16030148865307195,0.16429323036307353,0.16376240739957817,0.16601605622025864,0.14246137440869608,0.1696719232232698,0.16408771262278218,0.17536065427453415,0.1214269272866491,0.13069284140607018,0.15580746158579836
C18-neg_Cluster_0612: NA,0.10762670462285734,0.1442992902004444,0.17767537122375832,0.14005975281500588,0.13171338378500264,0.1938020547076481,0.15313537864588472,0.1931209101969682,0.16851162878093923,0.13601986123442178,0.15459643362129305
C18-neg_Cluster_0776: NA,0.10428087581091428,0.11515570024004473,0.14536915683704676,0.13091714933975956,0.17421915002560165,0.17789615599618563,0.1724528718461835,0.17286977926220307,0.2068354026033813,0.14569915960860028,0.1545695401569921
C18-neg_Cluster_1650: NA,0.12389666333140734,0.1933452181306576,0.14754177294869808,0.18292840466560503,0.18893891777881125,0.13894643385617048,0.1238262001061646,0.16730788201637567,0.11898655091907534,0.15512596475899232,0.15408440085119576
C18-neg_Cluster_0166: NA,0.1190335264025705,0.1770599923899717,0.16498494435753983,0.16409475894530645,0.15211366187986491,0.14399629833190059,0.14832274036180518,0.14558759283529926,0.16581171286705468,0.15550764056239047,0.15365128689337035
C18-neg_Cluster_1172: NA,0.13857767631073345,0.18253381060424567,0.16267492495666513,0.15762858364219715,0.18510806709978064,0.1262536582157772,0.11376874908985,0.17715629213113676,0.13153605133480836,0.15934553756394537,0.15345833509491397
C18-neg_Cluster_1249: NA,0.14276319189015255,0.148164198105009,0.13135167256208982,0.13116494501519657,0.1743953080887085,0.1424731182795699,0.1697165499325902,0.13978024868820962,0.20532514080901176,0.14504385161384273,0.15301782249843807
C18-neg_Cluster_0413: NA,0.13328823686917798,0.19539922114648367,0.11748685860849224,0.12828417348985566,0.17459495389356297,0.14318479685452162,0.1274668000770398,0.1687042282632694,0.19002522583463693,0.14802327165452353,0.15264577666915638
C18-neg_Cluster_1352: NA,0.1971161750682319,0.13848724850500524,0.15947472014355707,0.1328032150020904,0.11359493980091791,0.1423263198936475,0.11377579541237427,0.2053862089375555,0.20192176702978717,0.12142575289956173,0.1526312142692729
C18-neg_Cluster_1974: NA,0.12714501801509792,0.15191871362335996,0.21392987499823843,0.1328537136468477,0.13399404350869284,0.14528107780549332,0.17780455380337,0.10710997430441052,0.17202422055929012,0.1591705538879259,0.15212317441527268
C18-neg_Cluster_1703: NA,0.1545563870216134,0.18801819830230604,0.1369264880658784,0.16163441799724723,0.14551478083588176,0.16143242341821804,0.13156306223781808,0.12207518895888236,0.1641605246221997,0.1490449884205433,0.15149264598805884
C18-neg_Cluster_0626: NA,0.17340999732239745,0.16499551384132624,0.12779562846150594,0.1581147798963721,0.1232824588847081,0.1638399169473452,0.1264944075686899,0.18258430924900293,0.16891326916482288,0.12380623552567915,0.15132365168618497
C18-neg_Cluster_0122: NA,0.10637950553606074,0.16729378937132713,0.14413957355656082,0.16430262545977256,0.1903857626704623,0.1552375315322933,0.15029218750733994,0.12484674248509703,0.112545037744801,0.19043273815395745,0.15058554940176722
C18-neg_Cluster_0300: NA,0.1440233092349103,0.15718818848442997,0.18940045190415125,0.12318733353063037,0.15917994898462492,0.15546536262724486,0.08467213461294551,0.17217336771938727,0.20334629856677802,0.09596151768392076,0.14845979133490234
C18-neg_Cluster_1144: NA,0.14054829784335557,0.1562146215889927,0.14567097431850318,0.11064722821159637,0.17234600262123198,0.1404508237151031,0.1642380341699667,0.13820187244277213,0.16107775851782954,0.15296979006656428,0.14823654034959155
C18-neg_Cluster_0798: NA,0.1605199246513245,0.13094650901694405,0.16787745975375454,0.180549096426575,0.15383296457578788,0.14339383775607512,0.10587099592722558,0.15538198114404095,0.16166847522278124,0.12112745857936744,0.14811687030538762
C18-neg_Cluster_0461: NA,0.1322806127482067,0.1273106065944184,0.1807510910056042,0.13870920766451988,0.1695474381920076,0.12881617084043837,0.12322256514325175,0.14328696853112363,0.20434217881687547,0.1270733804027678,0.14753402199392135
C18-neg_Cluster_0249: NA,0.14758287649675636,0.153399615740545,0.1543273815395745,0.13223481165179893,0.15672078242365312,0.1367092264547133,0.1138873621856753,0.12267647514762046,0.18863592591026745,0.16120341793617912,0.14673778754867836
C18-neg_Cluster_1949: NA,0.16321749179103426,0.15087703227685473,0.11770999215509427,0.1331590542895663,0.15696388055074056,0.14995396402617475,0.09474955020974554,0.15607252075141984,0.19605218036706645,0.14828046242665954,0.14670361288443562
C18-neg_Cluster_1174: NA,0.17035306773394965,0.13566637072112067,0.16380351094763643,0.13630641168374227,0.12658718414859288,0.13194004049286678,0.16768603465851173,0.13451194821422702,0.15366855038355481,0.14238269047384172,0.14629058094580438
C18-neg_Cluster_0233: NA,0.09625276568159079,0.14532218135355157,0.20855470529930434,0.13677734090578125,0.1872184406958009,0.14591642121976542,0.14001630049277283,0.13221602145840086,0.10949750325305224,0.14879601835801898,0.14505676987180394
C18-neg_Cluster_1746: NA,0.10631726302042964,0.17706703871249593,0.14333746717588092,0.1545763516020989,0.15967788910967368,0.12772751401043794,0.16304368250210216,0.10919568577159582,0.10725442391615815,0.18038350784725454,0.14285808236681277
C18-neg_Cluster_1764: NA,0.08345194642915864,0.13500636517801362,0.10685982985479879,0.1618387613504512,0.07179967774818323,0.18962358545075325,0.16678293098831723,0.20512079745580783,0.1544800518609338,0.15074902408433039,0.1425712970400748
C18-neg_Cluster_0846: NA,0.11972758917121155,0.17447634079773766,0.14469153548762903,0.16436721674957838,0.18412510510764435,0.13032290947354574,0.10621039379547816,0.14261287034296802,0.10517106122314765,0.15331740864442847,0.1425022430793369
C18-neg_Cluster_2047: NA,0.13368165654345,0.15913884543656667,0.09571137323430902,0.13236634300558536,0.15425104637889486,0.09149414920353068,0.1531706102585061,0.16373069894821896,0.1308713482433518,0.1874756314679369,0.14018917027203504
C18-neg_Cluster_0857: NA,0.1492117513869512,0.18418499884910067,0.1341079590561686,0.13533636794956713,0.183030576342207,0.1126460350343156,0.16058451594113032,0.1314726344320899,0.10190391634605898,0.10537188141508948,0.13978506367526786
C18-neg_Cluster_0614: NA,0.09502318240110488,0.15547945527229337,0.08291877469148852,0.1371472728383057,0.13974854023685038,0.18742395843609222,0.15203380355792315,0.14609023050869752,0.14063872564908378,0.15634380416860438,0.1392847747760444
C18-neg_Cluster_0656: NA,0.10346937433353534,0.19791828144891183,0.11261550097004375,0.12276337979208653,0.11070477317887795,0.15509660508180784,0.1472164677254941,0.17520798395317486,0.10912169938509093,0.15343367296607902,0.13875477388351024
C18-neg_Cluster_1922: NA,0.12931880851383662,0.13163352546306087,0.1425412327306379,0.1498330021561747,0.14524232303160983,0.09974186971819408,0.1509839015018062,0.14694870746957164,0.10881988190363451,0.1530343813563701,0.13580976338448963
C18-neg_Cluster_2053: NA,0.15193163188132114,0.14475377800326011,0.13278559919577973,0.1555687086909342,0.09416940298858027,0.1442041648463667,0.14161699009287054,0.14275849434180302,0.13423714163578027,0.11272237019499523,0.1354748281871691
C18-neg_Cluster_0852: NA,0.11244638922946117,0.16739830982210382,0.1391460796610249,0.16323510759734497,0.1794674859190988,0.1192413929170366,0.09475424775809504,0.14218774221733677,0.1004699897123691,0.1347491744058776,0.13530959192397488
C18-neg_Cluster_0433: NA,0.14677489818063955,0.1283264514250013,0.14376964162403644,0.170344847024338,0.11890082066169667,0.20396285178765206,0.14011025145976316,0.10454393851848721,0.10792734771722638,0.08718297420576201,0.13518440226046027
C18-neg_Cluster_0297: NA,0.15751466809472137,0.1447056281326776,0.1405635648754915,0.08408846423051809,0.1536356675451082,0.13514964040267385,0.12994240805723492,0.13514024530597482,0.13976967920442324,0.12663415963208802,0.13471441254809116
C18-neg_Cluster_0870: NA,0.13884778534083064,0.14233688937743394,0.1064769796643132,0.10342357323712756,0.1392470769505395,0.10000962997411651,0.15535379585394385,0.15138554188568984,0.13090775424306056,0.1780194666403604,0.1346008493167416
C18-neg_Cluster_0203: NA,0.10874824429130438,0.15737961357967278,0.15202675723539885,0.16973651451307561,0.14303799846859921,0.1321150241688863,0.10791795262052735,0.13006102115306023,0.12381915378364032,0.1188209623397549,0.13436632421539202
C18-neg_Cluster_1510: NA,0.1221632679904358,0.14541026038510502,0.12280800650140693,0.1574582975145272,0.1518001005275347,0.15086998595433043,0.12339754881927124,0.1436886089150073,0.08377137971692573,0.13455657492354742,0.13359240312480916
C18-neg_Cluster_1881: NA,0.11316746290111193,0.15102030750151496,0.11068011105004298,0.13065291224509928,0.16662556311860838,0.14186361138122017,0.10798489268450796,0.15942774466006196,0.16241890857161648,0.09016121985935542,0.13340027339731395
C18-neg_Cluster_1113: NA,0.18687199650502406,0.14585535309122172,0.12982262057432226,0.14136802003034618,0.14124353499908401,0.14684183824462016,0.11534007901276325,0.052250830291670776,0.14262461421384182,0.12970048431723485,0.13319193712801294
C18-neg_Cluster_0366: NA,0.11539997275421959,0.13019490128102143,0.14537972632083315,0.10186281279800073,0.14241439892520097,0.10810820332868276,0.17689675258482598,0.14801974849326138,0.14265632266520106,0.11724610925557953,0.13281789484068265
C18-neg_Cluster_0967: NA,0.13035696669907978,0.1283769500697586,0.1146742015342193,0.18202647538249792,0.14316600666112358,0.19151669743560837,0.12311099836995074,0.11831245273091974,0.12573927667150514,0.0674861539762398,0.1324766179530903
C18-neg_Cluster_1779: NA,0.14444843736054155,0.16214527638025714,0.10047351287363125,0.13598932717014994,0.08796863916721864,0.17271945771501854,0.14397750813850252,0.15592102481714792,0.11732361880334655,0.09566792091207599,0.131663472333789
C18-neg_Cluster_1636: NA,0.09617995368217329,0.16876294761763835,0.11901473620917244,0.16987626657647376,0.1703624628306487,0.11825138460237603,0.09337316854333723,0.1324285855212165,0.10123451570625291,0.13943145572325802,0.13089154770125472
C18-neg_Cluster_1737: NA,0.13473860492209117,0.07971974426546785,0.1448888325183087,0.15522109011307,0.1584847118288965,0.08813540213362646,0.13194591242830367,0.1364778721984996,0.12894300464587533,0.14594930405821202,0.13045044791123514
C18-neg_Cluster_0607: NA,0.07699281744857359,0.08767269362119909,0.13014322824917676,0.11144346265683941,0.144648083165396,0.1507936507936508,0.15356520431986548,0.14285714285714288,0.18203939364045904,0.12419965519995115,0.13043553319522544
C18-neg_Cluster_2157: NA,0.18147333906434235,0.11845925111684213,0.14966271602850473,0.1031393715619818,0.13419368931354728,0.11404003250703458,0.07612611977808782,0.15254466194093302,0.18065714003861386,0.08846657929226738,0.12987629006421547
C18-neg_Cluster_1579: NA,0.16007718071938257,0.1516756154962725,0.12070702800208571,0.10470365516237076,0.11553502726926819,0.11883388059771606,0.13583430807461586,0.10348111820440913,0.14476199871287176,0.13919657830578222,0.1294806390544775
C18-neg_Cluster_1712: NA,0.10014585887625249,0.13729407122422807,0.09446065098625028,0.11970879897781349,0.1383322294094712,0.12387200120257238,0.1353950873039361,0.1489686532598637,0.15320466748404007,0.14166044241510356,0.12930424611395314
C18-neg_Cluster_1568: NA,0.08669208040323756,0.07511144933459228,0.08730158730158731,0.14239913189306502,0.18906340281007344,0.13979669010743295,0.1813512028072549,0.14924463422539777,0.08682243736993663,0.1400679735246175,0.12778505897771955
C18-neg_Cluster_1633: NA,0.08701856001352894,0.12975098296199217,0.10697374540227457,0.16019344504103308,0.15695213667986677,0.12935521451354537,0.16113060593676162,0.09356929118692955,0.08869323600013153,0.13785660263908267,0.12514938203751463
C18-neg_Cluster_0664: NA,0.12559835022101967,0.11723788854596787,0.12889602916238016,0.1462205874753966,0.11037124724606229,0.10860966661499363,0.10627146192402186,0.16399023849452973,0.1213999163836394,0.10415756516673949,0.12327529512347506
C18-neg_Cluster_2145: NA,0.11333422586751975,0.14736091733724171,0.1607876849072469,0.11417743579625794,0.13481728885694555,0.10344588659178776,0.06963175918488142,0.07043503995264871,0.18969052551473387,0.12288081850082443,0.1226561582510088
C18-neg_Cluster_2146: NA,0.13498405182335338,0.12715323872470957,0.14280664421238556,0.10204131963528235,0.1253270668038351,0.07527821230100011,0.11623261319917136,0.12162657309150354,0.14661518153675596,0.12790719523480695,0.1219972096562804
C18-neg_Cluster_1886: NA,0.12134002264218305,0.12195070392762018,0.16913405393725015,0.14161699009287054,0.08448893022731437,0.11899242285451224,0.11665656693771521,0.10602131747441013,0.10089042028965084,0.13681374690549003,0.12179051752890166
C18-neg_Cluster_0690: NA,0.15991628968841165,0.09146596391343359,0.12361128726917422,0.08528633905964476,0.12372755159082477,0.1426598458264632,0.131748615397624,0.11591317991140425,0.14525993883792046,0.09793096482945551,0.12175199763243563
C18-neg_Cluster_0988: NA,0.11220094232819892,0.13793763534811185,0.1315466208185948,0.14904851158180546,0.12060485632548373,0.12171112896179485,0.16797258510783225,0.06939218421905609,0.13961113694762703,0.061223147639247084,0.1211248749277752
C18-neg_Cluster_0673: NA,0.15577540081831295,0.06096360809293631,0.13787891599374286,0.08429750513207157,0.14289942079228848,0.1490860919686016,0.12652611602004915,0.11892313401635687,0.12675042395373853,0.09741188573683394,0.12005125025249323
C18-neg_Cluster_0208: NA,0.08546719467110116,0.14870206739102862,0.12028894619897876,0.11082221188761586,0.09351174621964797,0.14579076180141584,0.07650192364604913,0.11138356891538306,0.1742097549289026,0.11534595094820015,0.11820241266083231
C18-neg_Cluster_1854: NA,0.12499823841936894,0.10115818054557328,0.1456521841251051,0.10074597067790321,0.11794839273383222,0.11434537314975314,0.1331684493862653,0.1617448103834609,0.06461712632177267,0.10565960625149735,0.1170038331994532
C18-neg_Cluster_0780: NA,0.13401400808917827,0.09534613885013411,0.12091841767781396,0.1267304593732531,0.08807550839217013,0.1185391094387839,0.08468740164508144,0.181456897645119,0.06536638528352054,0.14141264673966658,0.11565469731347211
C18-neg_Cluster_2016: NA,0.051486304297786986,0.12817025794237985,0.10868717616276066,0.12850965581063242,0.15052236737646624,0.14164517538296767,0.1286869882608267,0.10687157372567259,0.06480385386866594,0.14386711575228892,0.11532504685804479
C18-neg_Cluster_0147: NA,0.08827515419702457,0.12996237263772037,0.12620433395810726,0.14666333140733853,0.14685005895423178,0.11410814695810256,0.08874021148362671,0.11558552591402547,0.09781000295945547,0.09770783128285349,0.11519069697524861
C18-neg_Cluster_0882: NA,0.09569140865382357,0.08223528140663389,0.12852022529441884,0.09825509566557214,0.1397461914626756,0.12986724728364268,0.12953137257665223,0.1203594094242215,0.16919159890453173,0.050236756436815626,0.11436345871089879
C18-neg_Cluster_2002: NA,0.12652494163296177,0.11235596142373297,0.0790033681421666,0.0781108339557585,0.10684456282266287,0.12811741052344783,0.12026310968305641,0.13761115573782043,0.09909478243304821,0.14519064999976514,0.11331167763544207
C18-neg_Cluster_1768: NA,0.11991549110519222,0.11804116931373516,0.09172667784683175,0.11379928315412187,0.14418302587879386,0.1262078571193694,0.09527450123780398,0.1294714788351959,0.0637281152966267,0.1283147075541275,0.11306623073417985
C18-neg_Cluster_1353: NA,0.12625013505451504,0.11509345772441364,0.11986616684752228,0.11431014153713177,0.11530249862596711,0.09738839799508636,0.1153823569479089,0.05663246851468219,0.14111200364529752,0.12489841551694171,0.11262360424094667
C18-neg_Cluster_1711: NA,0.10004486158673788,0.12036880452092054,0.07582312790954401,0.11261667535713113,0.12568173170422356,0.12011748568422141,0.14547720044908563,0.1297862145746135,0.10518750264237094,0.07668747680585503,0.11117910812347036
C18-neg_Cluster_0615: NA,0.032999102768265245,0.12259191927732918,0.08738496878479123,0.141389158997919,0.13368752847888687,0.14724465301559117,0.09144012739751126,0.1341983868618968,0.14039092997364677,0.07719363764051541,0.1108520413196353
C18-neg_Cluster_1186: NA,0.1375677034155874,0.10615754637654608,0.0891723859317822,0.106668404759556,0.09077894746731681,0.08668151091945114,0.12591895789587415,0.11031957421421762,0.12886314632393353,0.11734475777091936,0.10994729350751845
C18-neg_Cluster_0312: NA,0.14436975342568711,0.10994846789460581,0.11446516063266582,0.0735142828957567,0.0891676883834327,0.11641112003645299,0.0817349925074104,0.10896080835411999,0.12128952399742575,0.13191420397694445,0.10917760021045017
C18-neg_Cluster_1920: NA,0.10808119242567306,0.12381915378364032,0.10609178069965286,0.1091334432559647,0.1518212394951075,0.06174340111895603,0.0822517228258572,0.1543884496681182,0.07378556631294128,0.10390507194295297,0.10750210215288643
C18-neg_Cluster_1046: NA,0.09931556720547546,0.14404679697665787,0.09120524998003543,0.13361471647946938,0.1667159909243366,0.06301173917332545,0.1291027212897589,0.05420266163089484,0.11538470572208365,0.07160590387876567,0.10682060532608033
C18-neg_Cluster_1681: NA,0.1236582627526694,0.06462182387012219,0.12317911282101872,0.05966825913555715,0.12081624600121199,0.10523212935169135,0.13637217736063548,0.1451460232904447,0.06479798193322905,0.10489977780596307,0.10483917943225432
C18-neg_Cluster_0025: acesulfame,0.10434546710072014,0.040959098446520764,0.06878737486905585,0.11788967337946325,0.14292055975986132,0.11866711763130823,0.10432550252023469,0.1217076058005327,0.07617661842284514,0.12222316173189213,0.10180021796624343
C18-neg_Cluster_1084: NA,0.08630688143857722,0.12735288452956403,0.09588518252324112,0.11777928099324964,0.07574209520051485,0.1360503952986936,0.0802846244544972,0.08054533838789536,0.09934492688265995,0.11621147423159854,0.10155030839404915
C18-neg_Cluster_0321: NA,0.09026926347139429,0.061687030538761824,0.06134410950924713,0.10630082160120634,0.1766888860703599,0.13208801326587655,0.1093084269319842,0.1364943136177229,0.023823616454572358,0.11677165687227838,0.10147761383334038
C18-neg_Cluster_0330: NA,0.10497258980538057,0.04702833091409594,0.10300314265984584,0.10750221959159514,0.09289989054712347,0.10170309615411717,0.0631327010433255,0.12506400409626217,0.12482560351752421,0.13155484152820643,0.10016864198574764
C18-neg_Cluster_1975: NA,0.10843703171314892,0.1424519793119971,0.11053801021247012,0.06552257876614195,0.08498452157818835,0.04463023248166782,0.0827508373379933,0.07165405374934822,0.14020537681384088,0.14744547320753298,0.09986200951723297
C18-neg_Cluster_0340: NA,0.08841725503459746,0.0984324281157664,0.10768659836431366,0.12094307980664892,0.07211441348760082,0.12066592445402745,0.10198964660343766,0.08607552718236354,0.10746581359188641,0.09056286024323906,0.09943535468838816
C18-neg_Cluster_0152: NA,0.08877074554789856,0.07899632181964232,0.1198039243318912,0.09740131625304754,0.13587776039684887,0.12077866561441584,0.08505028725508158,0.08988289011964656,0.08274848856381854,0.07878140898265194,0.0978091808884943
C18-neg_Cluster_0386: NA,0.03393861243816852,0.11926957820713371,0.10375592478285585,0.1288044269695646,0.13846023760199552,0.1446069796173377,0.06970222241012416,0.059480357201576496,0.08794280265129628,0.05108466391390334,0.09370458057939561
C18-neg_Cluster_0523: NA,0.09315120938382258,0.09940599501120366,0.09897734372431029,0.08771027400799522,0.130534299149274,0.08932153309187935,0.13322951751480902,0.01659174077049188,0.10599665534557515,0.0754531959770196,0.09303717639763807
C18-neg_Cluster_1527: NA,0.08166335489508025,0.12788370749305938,0.07547785810585457,0.08552121647712059,0.1127364628400438,0.109140489578489,0.06405224613274332,0.09812004115052354,0.07867336537061308,0.0918981383615891,0.09251668804051166
C18-neg_Cluster_1368: NA,0.12065770374441581,0.03880174936700537,0.09991215584586405,0.06591247527915181,0.07349901586362079,0.11865772253460918,0.11424437586023854,0.11735062970635626,0.06540866321866619,0.10673182166227446,0.09211763130822025
C18-neg_Cluster_2102: NA,0.06152496512070351,0.0953249998825613,0.05888141978701316,0.156007929461614,0.0792112346566327,0.12795299633121476,0.08592285686100425,0.07073215988575562,0.07229879226031934,0.08345664397750814,0.08913139982243269
C18-neg_Cluster_0881: NA,0.06125720486478107,0.06767288152313308,0.08868618967760726,0.09003203727974372,0.11072004021101388,0.10358916181644799,0.11751856705985148,0.06165532208740259,0.11079402659751876,0.07269221193459134,0.0884617643052091
C18-neg_Cluster_1262: NA,0.11356558012373343,0.06780793603818168,0.10853802900266352,0.04989618418147569,0.07500692888381554,0.07900101936799185,0.03382234811651799,0.12039816419810502,0.12510863080558257,0.09429271363275506,0.08674375343508223
C18-neg_Cluster_0679: NA,0.09105257965867614,0.15052823931190312,0.060340008549538,0.06556368231420022,0.07372567257148493,0.07695406267469009,0.0605478750640041,0.06843388435575473,0.1444730994893765,0.06450790832264641,0.08561270123122741
C18-neg_Cluster_0405: NA,0.07951540091226389,0.07385955269944615,0.06568699295837505,0.09141898842993842,0.1120846780065484,0.10307595465926334,0.06690013481963764,0.0925604926788709,0.09087054966013239,0.07929461613983663,0.08552673609643129
C18-neg_Cluster_0795: NA,0.08060170896808956,0.08105854554508003,0.05448099137060368,0.10062148564664102,0.03936075762059781,0.12827125523189448,0.08104562728711887,0.10416461148926376,0.0815318235412938,0.09744007102693106,0.0848576877727514
C18-neg_Cluster_0299: NA,0.08354354862197419,0.1313317079816044,0.0662448268248801,0.09279302132217196,0.1020671561512047,0.11388266463732578,0.0630422732375973,0.033791814052246134,0.09777829450809623,0.059620109264974616,0.08440954166020756
C18-neg_Cluster_1654: NA,0.12407047262033945,0.03580471352001391,0.08287062482090597,0.07034226337274577,0.08906081915848119,0.06246564917769416,0.13312499706403227,0.04791499316506716,0.05990665971429512,0.12003762736227964,0.08255988199758546
C18-neg_Cluster_1919: NA,0.09245832100226893,0.10412115916703073,0.12134119702927042,0.05346749531419552,0.06592539353711298,0.08093758367507997,0.09250529648576407,0.13075156076043914,0.0695413313791532,0.01054599604466429,0.08215953343949793
C18-neg_Cluster_0174: NA,0.06469698464371446,0.0716611000718725,0.03444712204700367,0.0772781935108067,0.09873659437139756,0.08025996232566225,0.10354336072004021,0.09456986898537653,0.11414102979654918,0.06400996819759767,0.08033441846700207
C18-neg_Cluster_2122: NA,0.05493782794759416,0.10798606707159536,0.10555156263945847,0.06745444552488056,0.08835383813187898,0.11499363482198642,0.08849593896945185,0.030861718269235287,0.10072600609741778,0.0372997082822475,0.07966607477557464
C18-neg_Cluster_0239: NA,0.11877516124334711,0.03675126951244146,0.09512300530353208,0.09799438173217398,0.07949543633177845,0.06111980157555772,0.07363524476575675,0.05631773277526459,0.06578916463497701,0.08882711612809276,0.0773828314002922
C18-neg_Cluster_1386: NA,0.1016338073159618,0.0542778224044871,0.07608619061711692,0.052401151838855305,0.0930995363519779,0.06555546160458857,0.08932975380149101,0.13344090719053728,0.02580010992263138,0.058749888433226705,0.0750374629480874
C18-neg_Cluster_0708: NA,0.07766926441090395,0.05132776204099081,0.10917924435237251,0.06274280453031564,0.03338782489418772,0.08218008521352706,0.04860318399827131,0.09051705914683128,0.0845781836459552,0.09293512215974482,0.07331205343931003
C18-neg_Cluster_1132: NA,0.044479910934483294,0.1033648538827586,0.045797573246522644,0.08862277277488878,0.05079576469040808,0.08155061373469186,0.09444773272828912,0.10554334192984681,0.06092485331905279,0.05575285258623525,0.07312802698271774
C18-neg_Cluster_0950: NA,0.05756375747497382,0.06216735485749987,0.09189578958741432,0.09989923758790288,0.09091047882110327,0.10976878667023682,0.03941243065244249,0.07268164245080494,0.023841232260883045,0.06167763544206279,0.07098183458053242
C18-neg_Cluster_1675: NA,0.08644311034071318,0.0770151308032338,0.07298345993226135,0.04973529315050476,0.04681811562545508,0.06143218854080056,0.051695345199340464,0.0669424127547833,0.0790879240124579,0.10345175852722466,0.0695604738886775
C18-neg_Cluster_1592: NA,0.048712401997397556,0.07442795604973765,0.10782635042771178,0.05919850430060551,0.0444012269996289,0.09311480338411385,0.05796187469759533,0.09154582223537536,0.046248537888076216,0.04667249162662007,0.06701099696068621
C18-neg_Cluster_0661: NA,0.05665947941769191,0.07614490997148589,0.05532889884769139,0.0842235187455667,0.023861196841368493,0.09679650690304731,0.05537704871827394,0.09264152538790006,0.06147446647594621,0.05517857730050686,0.06576861286094789
C18-neg_Cluster_0108: NA,0.08011198955265247,0.11949036297956098,0.0033399568765061513,0.09167970236333657,0.043570935328851874,0.050587898175941975,0.10006365178013596,0.0778465968610982,-0.011985794613791064,0.07711730247983577,0.06318226017841289
C18-neg_Cluster_1340: NA,0.0779088393767293,0.08196282360236193,0.0008091527032041977,0.08694457362702407,0.10809763384489636,-0.006822014590585174,0.06849377809721106,0.08357173391207129,0.04374709339195874,0.07739328344536987,0.06221068974102416
C18-neg_Cluster_2106: NA,0.04481226248021158,0.08530630364013021,0.025017968122436902,0.04760612936108645,0.0742001249547861,0.07737801641323393,0.1050101701921767,0.025106047153990334,0.06801697693973516,0.06666055985381229,0.061911455911159964
C18-neg_Cluster_1445: NA,0.052866209125457427,0.033990285470013204,0.06070876609497503,0.06724540462332709,0.014159585112529773,0.09795797573246522,0.046418824015746186,0.09592041413586251,0.07320424470468863,0.06299882091536428,0.06054705299304293
C18-neg_Cluster_0654: NA,0.1138932341211122,0.07788417724789433,0.11017160144120784,0.04051400574040409,0.0507945903033207,0.08455939345255713,0.03625215500030535,0.05605819322895381,0.04379641764962867,-0.01594700225952076,0.059797676592586335
C18-neg_Cluster_0566: NA,0.07111501007624121,0.0578620517951681,0.08935676470450073,0.06831879442119158,0.03405017921146953,0.030696129689914836,0.04431432235516284,0.07941910117109881,0.022611648980397133,0.0845781836459552,0.05823221860511
C18-neg_Cluster_0273: NA,0.057047027156527014,0.02490287818787375,0.059573133781479444,0.08181015328100265,0.07236220916303782,0.07530287442983508,0.03924214452477253,0.04078176599632652,0.07973031374925427,0.041347820572443246,0.05721003208425522
C18-neg_Cluster_1852: NA,0.08994043508692813,0.020478962029716694,0.06251849659662623,0.04613579672768782,0.06124076344555776,0.0061514395636917095,0.0503788572743885,0.05018390901788356,0.045953766729144065,0.08872611883857816,0.05217085453102026
C18-neg_Cluster_1399: NA,0.07679317164371915,0.03132677555583741,0.07848546343663243,0.025440747473893376,0.05764009263565346,0.055163310268370944,0.04308943662302645,0.026364990111660727,0.06070171977245076,0.061594253958858876,0.051659996148010354
C18-neg_Cluster_1587: NA,0.028939246607195705,0.07061354678993034,-0.0034280359080595835,0.047083527107202754,0.08044316671129338,0.030744279560497377,0.03638603512826656,0.05977043081215914,0.045967859374192614,0.09403904602188118,0.049055910220455946
C18-neg_Cluster_0638: NA,0.046906194657008515,0.0690257754477938,0.038596231626714016,0.0375580734414709,0.030523494788070107,0.05585737303701198,0.10289979659615647,0.014239443434471552,0.07389008676371801,0.019580555907871684,0.048907702570028695
C18-neg_Cluster_0854: NA,-0.04340299797535666,0.08698332840090757,0.047375949491960154,0.08255706346857576,0.05931476862225605,0.04932073450865993,0.12323196023995078,0.09596621523227028,0.002977071266506011,-0.021803670664280312,0.04825204225914495
C18-neg_Cluster_1929: NA,0.0487382385133199,0.05447394504807941,0.08200392715042021,0.03010658737205053,0.020101983774668,0.08378194920071216,0.015377424522141895,0.019149555846803553,0.03982698929428732,0.0872287753021698,0.048078937602465274
C18-neg_Cluster_0793: NA,0.036425964289237445,0.10191331144275803,0.09538841678527976,0.06319376917186921,0.04420510435603659,0.07929226736566186,0.02567210173010706,0.009553638955828954,0.006536638528352053,0.016537718964472443,0.047871893158960344
C18-neg_Cluster_1112: NA,0.024664477609135795,0.07711847686692315,0.017348046054764022,0.07167049516857152,0.034907481785256274,0.01668451735039483,0.09602493458663923,0.012803168026606915,0.07559881997585462,0.030514099691371074,0.04573345171155174
C18-neg_Cluster_1850: NA,0.03427566153224632,0.04258914772380295,0.05520323942934183,0.023949275872921925,0.0543341929846813,0.04888151373798016,0.01446022820689882,0.0635590035560441,0.04753684052293108,0.05904348520507148,0.04438325887719199
C18-neg_Cluster_0665: NA,0.013864813953597618,0.07506917139944663,0.01534454168369528,0.07075329885332846,0.047064736913804694,0.05937231358953762,0.023836534712533528,0.034549293723605656,0.045729458795454654,0.05162957952244723,0.04372137431474514
C18-neg_Cluster_0476: NA,-0.011983445839616306,0.06756248913691945,-0.003655867003011129,0.0588567576581782,0.071228925623717,0.07372214941022281,0.030550505691079827,-0.005487910859322521,0.07139216542886268,0.07516899430187385,0.04273547635489038
C18-neg_Cluster_0304: NA,0.03637664003156753,0.06419317258322882,0.08215189992342997,-0.0018625779205832477,0.04718804755797949,0.04341004429788094,0.03901431342982098,0.039862220906908684,0.036273293967878165,0.04069133819059833,0.042729839296870964
C18-neg_Cluster_0719: NA,-0.018767880043405346,0.057404040831090256,0.013384489634859569,0.049358314895456064,0.04771064981186319,0.07070045143439639,0.10106657835275769,-0.008919469928644242,0.07270160703129037,-0.011194257716897553,0.037344452430276634
C18-neg_Cluster_0561: NA,0.02889931744622482,0.017009822573598843,0.017733245019424363,0.02351122948932952,0.04297552107555067,0.028615115771079076,0.05766945231283793,0.04049521554700602,0.06120670622002377,0.01006449733883886,0.032818012279391386
C18-neg_Cluster_2059: NA,0.02662922720632102,0.03653870544962584,0.018719730172822805,0.04792321387467881,0.002112722370194995,0.019780201712726132,0.03018409691981755,0.06500819722186992,-0.005020504798545639,0.08347543417090622,0.03253510243004177
C18-neg_Cluster_0660: NA,0.07752716357333109,0.026249900177097576,0.05286386035128267,0.02606082385602954,0.00576036866359447,0.04815104496963035,0.013943497888452018,0.032871094575740924,-0.03442833185360561,0.03698262376865514,0.028598204597020817
C18-neg_Cluster_0803: NA,0.014203037434762799,0.04814987058254297,0.018004528436608935,0.009265914119421076,0.014097342596898679,0.03686401067282985,0.09097976765925864,-0.01201397990388816,0.04939237212099006,-0.00013035696669907974,0.026881250675272576
C18-neg_Cluster_0444: NA,0.01763459650408452,0.043502820877783885,0.018900585784279184,0.01956059132738624,0.009527802439906613,0.040358986644870046,0.08752589523527671,-0.017155446572433845,0.04700601755943573,-0.006053965435439244,0.026080788436514984
C18-neg_Cluster_2153: NA,0.11639467861722967,-0.02842721383709842,0.025505338763699228,-0.008872494445149077,0.05996420468157669,0.07526881720430109,0.004574237705341582,-0.03839423704768481,0.02806432822709828,0.009824922373013526,0.024390258224232776
C18-neg_Cluster_1960: NA,-0.02716592210525327,0.05561544929701189,-0.010612936108644899,0.040375428064093354,0.03569901868214979,0.05550740568497302,0.047123456268173644,-0.01953240603728914,0.010617633656994415,0.054336541758856056,0.024196366916106486
C18-neg_Cluster_0530: 13-docosenoate,0.08480131719255721,0.051287832880019917,0.02227812304758147,0.026969799461660962,0.0298047698905941,0.026646843012631708,-0.03209952225933286,-0.0657163526355595,0.031285672007779146,0.04953094979730079,0.022478943239523298
C18-neg_Cluster_1977: NA,0.0253832025066118,-0.03711885267079112,0.06830470177614302,0.00043569760941764496,-0.004236014224176403,0.02919761176641911,0.03989980129370482,0.0731502228986692,0.014023356210393797,0.011660489390587052,0.022070021655697894
C18-neg_Cluster_1578: NA,0.04159796502205499,0.00832288128825566,-0.03733846305613101,0.047455807813901935,0.010238306627770968,0.020914659639134338,0.035473536361373,-0.004245409320875435,0.0498844403106019,0.04376001164991991,0.02160637363360062
C18-neg_Cluster_0436: NA,0.015040375428064095,0.041771774310987095,0.011216571071557754,0.004062204935244296,-0.003133264749127431,0.022099616210299846,0.08264161933886706,-0.015130803233792286,0.04507180202652236,-0.0030874636527196456,0.020055243168590316
C18-neg_Cluster_1516: NA,-0.029187042282632695,0.04302836849448274,0.005245987119322426,0.007913020194760355,0.06597354340769554,0.02676310733428224,-0.010490799851557474,-0.01053307778670312,0.01857058301272566,0.0596095397811882,0.017689322942356384
C18-neg_Cluster_1979: NA,-0.0015314007619423424,-0.009504314698159032,0.09434556105168714,-0.01330345692583041,-0.005242463958060288,0.02703673952564157,0.0013775560534956806,0.07448315224284446,0.035613288424771114,-0.035183462750790366,0.016809119820365752
C18-neg_Cluster_0625: NA,0.0002325286433010612,0.038369574918849854,-0.001210793087087849,-0.005146164216895202,-0.001358765860097615,0.024287499354087104,0.07103984930264896,-0.022855921494571985,0.03547940829680989,-0.016940533735443474,0.012189668212160075
C18-neg_Cluster_0317: NA,-0.03473249810923679,0.07512319320546608,-0.0163322012241811,0.03266792560962434,-0.012560069899519442,0.028431911385447938,-0.031868168003119174,-0.014684536140588228,-0.018598768302822758,0.020852417123503244,0.0028299205644574123
C18-neg_Cluster_0865: NA,-0.022739657172921455,0.03854808175613148,-0.020242910225153492,-0.008665802317770357,-0.000302991868543807,0.021622815052823933,0.06588194121487995,-0.038018433179723504,0.0194278855865124,-0.02838845906321491,0.002712246978302024
C18-neg_Cluster_0493: NA,-0.018817204301075273,0.021104910347289754,-0.0036323792612635466,-0.01969094829408532,-0.0023100194008746837,0.012609394157189363,0.047522747877882535,0.004809115122817401,0.011695721003208428,-0.04633544253254227,0.0006955894718546386
C18-neg_Cluster_1667: NA,-0.0067386331073812575,0.03548762900642155,0.007363407037866938,0.007409208134274723,-0.024697360447582407,-0.028233439967680872,-0.02123644170107621,-0.016002198452627577,0.016414408320297637,0.028707892350982023,-0.00015255288265054456
C18-neg_Cluster_1498: NA,0.004086867064079258,-0.006752725752429808,0.030800650140691575,-0.007965867613692414,0.00043217444815550767,-0.02092405473583337,-0.046052415244483905,0.007149668587963943,0.012015154290975542,0.006778562268352148,-0.0020431986546221533
C18-neg_Cluster_0674: NA,0.060721684352936206,-0.038605626723413056,0.015595860520394408,-0.0451986358319593,0.020772558801561467,0.01969094829408532,0.0017510111472822335,-0.008439145609906192,-0.010444998755149688,-0.044415319644677445,-0.0028571663448846048
C18-neg_Cluster_0503: NA,-0.00015971664388355716,0.008864273735537423,-0.014911192848452394,-0.02335855916797024,-0.02227577427340671,0.013279969184082828,0.05492021214128347,-0.03059395801331286,0.018887667526318014,-0.0415075372163268,-0.003685461557613083
C18-neg_Cluster_0730: NA,-0.00858242083456644,0.011748568422140485,-0.012087966290393045,-0.026106624952437322,0.0018202999854376003,0.012670462285733075,0.05768354495788648,-0.05377518473108885,0.016915871606608512,-0.04310235488098762,-0.004281580443166713
C18-neg_Cluster_1338: NA,-0.08441142067954735,-0.0812123902535267,0.031735462262245336,0.02754290036030196,-0.023585215875834405,0.01716719044330764,-0.03350526360292563,0.07789239795750598,-0.01279612170408264,0.03559919577972257,-0.0045573265312833225
C18-neg_Cluster_0878: NA,-0.026104276178262567,0.018859482236220918,-0.011467889908256881,-0.01776612785787098,-0.0029747224923312525,0.0024086679162145276,0.058356468758954706,-0.046740606077688054,0.013025127186121565,-0.04059856161069538,-0.0053002438027593395
C18-neg_Cluster_1683: NA,-0.02702969320311729,0.019856536873405772,-0.010666957914664337,-0.04625675859768787,0.03642361551506269,-0.0034644419077683357,-0.0689142086744928,-0.043472286813512034,0.0032142974581565883,0.036515217707878266,-0.010379467955673932
C18-neg_Cluster_0779: NA,-0.02323994607214495,0.00048502186708756703,-0.026616308948359854,-0.02338204690971782,-0.008006971161750682,0.007287071877187297,-0.009743889663984368,0.010025742564955349,-0.0033657933924284918,-0.029862314857875674,-0.010641943469703163
C18-neg_Cluster_0787: NA,0.014198339886413284,-0.02044255603000794,-0.008960573476702509,-0.001564283600388957,0.02938551370039976,0.007224829361556205,-0.04276178262564768,-0.04703067968827069,-0.06890363919070638,-0.05052800443448565,-0.018938283609784057
C18-neg_Cluster_0728: NA,-0.06666643178924919,-0.003974125903690864,-0.058902558754585985,-0.027782475326127296,-0.018078514823113817,-0.0034761857786421266,0.05996772784283883,-0.051126941849048986,-0.0011133189588353838,-0.04798428200322252,-0.02191371073436773
C18-neg_Cluster_0644: NA,-0.030887554785157628,-0.015742658906316792,-0.04169778792448221,-0.024537643803698852,-0.008779717865246128,-0.017380928893210638,0.0026670330754379286,-0.03438018198302306,-0.018632825528356753,-0.04035781225778266,-0.022973007887183684
C18-neg_Cluster_0789: NA,-0.05986673055332423,-0.021524166537484086,-0.043936169713026774,-0.05292610286691376,-0.040585643352734214,-0.022428444594765992,0.00983079430845042,-0.032038454130789144,-0.02417828135496085,-0.05840696740371201,-0.03460601661992607
C18-neg_Cluster_0721: NA,-0.06237991892031548,-0.0138883016953452,-0.04948749747506777,-0.05828835430788672,-0.03911883388059772,-0.021089643315153825,0.00613852130573054,-0.036301479257975264,-0.022319226595639736,-0.05786440056934286,-0.0354599134711594
C18-neg_Cluster_0425: NA,-0.0016218285676705328,-0.03618404054923736,-0.020528286287386614,-0.04421097629147348,0.009862502759809655,-0.03268319264176027,-0.03992211464836502,-0.035222217524673874,-0.07967276878197269,-0.07505625314148545,-0.035523917567421556
C18-neg_Cluster_0939: NA,0.014524819496704672,-0.05323731544506922,-0.028799494543797596,-0.03698027499448038,-0.06022491861497485,-0.004608294930875576,-0.06272518872400494,-0.04244234933788056,-0.11215514123179114,-0.03409950346913946,-0.04207476617953091
C18-neg_Cluster_0749: NA,-0.033760105600886894,-0.10491152167683687,-0.042571531917492265,-0.029659145891759095,-0.005699300535050757,0.06862413506391016,-0.1201468453614059,-0.036394255837878205,-0.09400733757052195,-0.024192374000009398,-0.04227182833279311
C18-neg_Cluster_0711: NA,-0.06607454069721014,-0.032922767607585605,-0.0421146953405018,-0.05956608745895517,-0.046375371693513155,-0.02519060302428163,0.025183556701757353,-0.09782409560450402,-0.051169219784194635,-0.07838094298585568,-0.04744347674948445
C18-neg_Cluster_2078: NA,-0.09232913842265722,-0.10018578803722339,-0.050721778303903196,-0.05654438948312876,-0.07647843590430155,0.028317995837972162,-0.06140870079905298,-0.04476176383545428,-0.040475250966520576,-0.030040821695157302,-0.052462807160942704
C18-neg_Cluster_1298: NA,-0.04656092485331906,0.012995767508937087,-0.09917229198081522,-0.0892064431573162,-0.07244441625915435,-0.026865279010884223,-0.11567595371975367,-0.057171512187789195,-0.052288410678466915,-0.06692714572264735,-0.06133166100612092
C18-neg_Cluster_0769: NA,-0.08934502083362693,-0.040681943093899296,-0.065575426185074,-0.06775156545798747,-0.07029646227633798,-0.04740178600788249,-0.0034186408113605514,-0.09233501035809412,-0.04956970457118431,-0.11238532110091744,-0.06387608806963646
C18-neg_Cluster_1677: NA,-0.07429759908303857,-0.06544389483128754,-0.06448911812924836,-0.14379195497869662,-0.1544694823771474,-0.10843115977771203,-0.05763656947439132,-0.0638408564570151,-0.14769092010879523,-0.06791245648895841,-0.09480040117062906
C18-neg_Cluster_1495: NA,-0.070476143500707,-0.11760077415596801,-0.1424449329894728,-0.10804830958722643,-0.11051334808363515,-0.0845546959042076,-0.11727312015858923,-0.11625257777965681,-0.08328753223692556,-0.05299656609215651,-0.10034480004885452
C18-neg_Cluster_1288: NA,-0.21003443302940195,-0.1951549486323088,-0.2272309831498941,-0.17557674149861188,-0.20307266637541868,-0.1824962302174495,-0.18313509679298373,-0.17762369819191365,-0.18668879211939288,-0.12492660080703882,-0.1865940190814414
