Sample,3oxoDCA,3oxoLCA,7oxoDCA,Ala_DCA,Asn_CA,Asn_DCA,Asp_CA,Asp_DCA,CA,CDCA,DCA,GDCA,GLCA,GUDCA,Gln_CA,Glu_CA,Glu_CDCA,Glu_DCA,LCA,Phe_CA,Phe_CDCA,Phe_DCA,TCDCA,TDCA,TLCA,Thr_CA,Thr_DCA,Trp_CA,Trp_DCA,Tyr_CA,UDCA,isoCA_aMCA,isoLCA
12aHSDH%ERJ00208_1_oxidoreductase__short_chain_dehydrogenase_reductase_family_protein__Clostridium_sp__ATCC_29733_,0.11701009,0.5574548,-1.0,1.0,0.7508029,-1.0,-0.22588214,-0.83892715,0.12448478,0.25693658,-0.63709074,0.48737085,1.0,-0.35920727,0.60988045,-1.0,-0.064342216,-1.0,-0.15685941,0.7254415,0.7767757,-1.0,0.7952226,0.921169,1.0,0.057081625,-0.8779709,-0.47130436,-0.28809863,0.22515877,-1.0,-1.0,0.35461432
12aHSDH%GENOME015584_936,0.3126452,0.56046176,-1.0,1.0,-0.7385862,1.0,-0.47435883,1.0,-0.7644565,-0.97073865,0.23605442,0.35057113,0.9101056,-0.6368379,1.0,-0.039060697,0.20473194,1.0,0.097603135,-1.0,-0.8555895,0.6609906,0.18022245,1.0,0.32115763,-1.0,1.0,-1.0,0.38093427,-1.0,-1.0,-0.9317581,0.5964654
12aHSDH%GENOME051950_684,0.55339,0.5699611,0.7350282,0.8144609,-0.71102667,-1.0,-1.0,-0.06234918,0.4314459,-0.48935187,0.19326949,0.5576864,1.0,-1.0,-0.38574353,-0.60202163,-1.0,-0.49051672,0.33602875,-1.0,-0.48709044,-0.8964487,1.0,0.86814326,0.9191789,-0.802083,0.23072869,-0.22351386,0.21650712,-0.23386374,0.87119657,-0.40729877,0.5157503
12aHSDH%GENOME055489_1547,-0.1849221,-0.12709846,-0.27496353,0.10200995,1.0,-1.0,0.6131695,0.6587702,-0.2363019,-0.4217614,-0.18547337,-0.63861364,0.2036095,0.0036340824,0.72652996,0.68816566,0.8136391,0.24546902,-0.28745094,-0.07491859,-0.18614648,-0.47026858,-0.41973647,-0.2837454,-0.6254812,0.77743477,0.47006422,0.34176522,-0.15670802,-0.60846704,0.2769662,-0.1611934,-0.14995633
12aHSDH%GENOME077010_272,-0.96026355,-0.5346744,-0.47502476,-0.22361337,0.30618402,-1.0,0.5888551,-0.36304715,-0.10899738,-0.109413214,-0.011578177,-0.39834538,-0.53599447,0.472123,0.16836727,1.0,0.5257467,0.261258,-0.33237803,0.8155553,0.22061855,-0.15016049,0.40433046,0.7928958,0.5820124,0.080432154,-0.88320476,-0.6760668,0.0722234,0.5120273,0.36578062,-0.31624323,-0.42498994
12aHSDH%GENOME126416_2228,0.023048216,-0.23883139,0.84839815,-1.0,-0.4110156,-1.0,-1.0,-0.35642993,0.9859306,0.55978674,0.21701372,1.0,0.84121484,1.0,-1.0,-0.50361913,-1.0,-0.55036455,-0.12804773,-1.0,-0.69428456,-0.7641918,1.0,1.0,0.43955353,-0.84983116,-1.0,-1.0,-0.22509977,-0.32389054,1.0,0.9294351,-0.27657953
12aHSDH%GENOME136792_1072,0.71137,0.40558693,-1.0,0.86886716,-1.0,-0.19702229,0.71603465,-0.32901436,-1.0,-1.0,0.5131244,0.10406891,0.5162315,-1.0,-0.2406306,-0.60257125,-1.0,0.1596949,0.77902037,1.0,1.0,1.0,-1.0,-0.6663411,-1.0,-0.25149217,1.0,1.0,0.957814,0.5752115,-0.8757857,0.027705727,0.68952334
12aHSDH%GENOME187328_883,0.39849776,0.2450288,-1.0,1.0,-0.89758295,-0.90910023,-1.0,1.0,0.41979817,-0.10922232,-0.73723227,0.6382081,1.0,1.0,-0.22876006,-1.0,0.47002098,0.35177988,-0.10582855,-0.69955313,-0.28273433,-0.28702512,1.0,1.0,1.0,-1.0,-0.7351194,-1.0,-0.07213558,-1.0,-0.9848037,-1.0,0.32550293
12aHSDH%GENOME211747_1057,0.53430766,0.71179867,-1.0,0.42180577,-1.0,0.5300189,-0.58530056,1.0,-0.69488287,-0.53842986,0.33485162,0.008990867,-1.0,-0.529948,-0.63696826,-0.70436066,-1.0,1.0,0.52204317,-0.33528298,-0.060286637,1.0,0.1615488,0.65586114,1.0,-0.7954779,0.81226426,0.3435267,1.0,-0.4953826,-0.36619204,-1.0,0.7284765
12aHSDH%GENOME225739_454,-0.18229741,-0.16945387,-0.85713995,0.57752657,-1.0,0.030189833,0.6150328,0.55591124,-0.38988638,-0.18625131,-0.48479995,-0.52836555,-0.3863055,-1.0,-0.41363856,0.38838407,-0.08795214,0.8193623,-0.4553563,1.0,0.49735957,1.0,-0.007785151,0.045428734,-0.051051263,-0.39707103,1.0,0.6826187,0.98127073,1.0,-0.6856699,-0.87218857,0.18899009
12aHSDH%MBE7001463_1_SDR_family_oxidoreductase__Oscillospiraceae_bacterium_,1.0,1.0,-1.0,0.46192044,-0.8984773,0.61880857,-1.0,0.91876864,-1.0,-0.6839049,1.0,0.34698117,1.0,-0.035112828,-0.6543938,-1.0,-1.0,1.0,1.0,-1.0,-0.25585872,0.93037057,-0.86757714,-1.0,0.27466995,-1.0,1.0,-1.0,1.0,-1.0,0.5814311,-0.7373004,1.0
12aHSDH%MBP3571641_1_SDR_family_oxidoreductase__Clostridia_bacterium_,0.6024214,-0.19665004,-0.50773,-0.08969436,0.1273662,0.36242315,0.46211225,0.7831242,-0.41728178,-0.56381416,0.80420303,-0.36993876,-1.0,-1.0,0.8378661,-0.024766695,0.4853162,0.8565914,0.37429312,0.34046316,-0.030138915,0.7394988,-0.85878074,0.90640795,-0.16453166,0.354,0.46509376,0.28253385,-0.37714103,0.20508018,-0.45252025,-0.47803783,-0.45124
12aHSDH%MBR0327374_1_SDR_family_oxidoreductase__Clostridia_bacterium_,1.0,0.73439926,-1.0,-0.6344662,1.0,1.0,-0.34938207,0.3031464,-1.0,-0.37304467,-0.82433707,-1.0,-1.0,-1.0,1.0,0.5876936,0.37566116,0.5240617,-0.31921083,0.78008944,1.0,1.0,-1.0,-1.0,-1.0,0.6531641,1.0,1.0,0.79426813,1.0,-0.32997188,-0.3638877,0.13764772
12aHSDH%MBR2336230_1_SDR_family_oxidoreductase__Clostridia_bacterium_,-0.14203748,-0.0075963927,-0.6484217,-0.1935892,0.19970576,0.8603978,0.0031507623,1.0,-0.23782602,-0.9109572,-0.26089245,-0.0827739,-0.32166746,1.0,-0.20376939,0.16492985,0.047948528,0.8250315,-0.25861102,0.018841004,-0.57129043,1.0,-0.022915423,0.16615458,-0.25552103,0.10268287,-0.20260406,-0.19242334,0.67949325,-0.35946482,-0.9698674,-0.4259391,-0.037498668
12aHSDH%MBR2608425_1_SDR_family_oxidoreductase__Bacteroidales_bacterium_,0.49313673,0.54258406,-0.6338853,0.04260325,-0.732079,-0.62066823,-0.5550661,-0.20610312,0.5026485,0.14858834,1.0,1.0,1.0,-0.2931509,0.4977534,-0.73327756,-0.95426494,0.14112186,0.8562062,-0.15673159,-1.0,-0.86841464,-0.07098966,0.36105114,-0.91114163,-0.98514926,0.71642476,-0.6125345,0.5399847,-1.0,-0.13750833,0.7317022,0.31363037
12aHSDH%MBR5144004_1_SDR_family_oxidoreductase__Clostridia_bacterium_,-0.010973695,-0.3046306,0.73741,-0.93688184,0.8212704,-1.0,0.9876245,-1.0,0.6322281,0.25115883,-1.0,-1.0,-0.7269428,0.08671155,0.42602718,0.74649453,0.8046134,-1.0,-1.0,0.77311987,0.98705626,-0.26431566,0.6273132,-0.44531703,0.07720588,0.69422704,-0.088535935,1.0,-0.37787154,1.0,-0.5825532,1.0,-0.6975867
12aHSDH%MBR6823493_1_SDR_family_oxidoreductase__Bacillota_bacterium_,-0.4196558,-1.0,1.0,-0.99750483,0.10603668,1.0,-1.0,-1.0,1.0,1.0,-1.0,0.050163046,-1.0,1.0,0.64052004,0.5490251,-0.26604444,-0.9317575,-1.0,0.92566746,0.4186523,-0.05738129,1.0,-0.17335998,-0.94697315,-0.008277348,-1.0,-0.15086892,0.16420472,1.0,0.1828582,1.0,-1.0
12aHSDH%MBR7146259_1_SDR_family_oxidoreductase__Oscillospiraceae_bacterium_,1.0,0.55886686,0.11250448,0.55899423,-1.0,0.41372904,-1.0,0.5887591,-0.24933177,-0.49959162,0.9269457,0.10633861,-0.1775203,-0.4778507,0.121157154,-0.5846222,-0.78035843,0.71626246,0.61670625,-1.0,-0.39487243,0.6507329,-0.77332205,0.5673972,0.47616526,-1.0,0.6815571,-0.6681601,0.8734035,-0.5038316,0.45195505,0.69847894,0.43628234
12aHSDH%MCI8718619_1_SDR_family_oxidoreductase__Lachnospiraceae_bacterium_,-1.0,-1.0,1.0,-1.0,1.0,0.5296678,0.6748521,-1.0,1.0,1.0,-0.9484568,-1.0,-1.0,0.8760559,1.0,0.97039247,0.61389595,-1.0,-1.0,1.0,0.7483406,-0.9858426,1.0,-0.10857634,-0.5433065,1.0,-1.0,1.0,-1.0,1.0,0.10799828,1.0,-1.0
12aHSDH%MFR3091303_1_SDR_family_NAD(P)-dependent_oxidoreductase__Eggerthella_lenta_,-0.20674506,0.12040505,-0.53180975,0.047649194,0.21743521,1.0,0.6480137,0.5975892,-0.47519302,-0.4439853,-0.30439833,-0.39558068,-0.7873294,-0.021795448,0.18150927,0.43090716,0.9950999,0.03528428,-0.38192016,0.20683914,-0.51055795,0.32304314,-0.2944013,0.6607082,-0.33824533,0.85218245,-0.29517102,0.0008839046,1.0,0.58753455,-1.0,-1.0,-0.030543394
12aHSDH%NCB62655_1_SDR_family_oxidoreductase__Clostridia_bacterium_,0.32669902,0.4623351,-0.29964563,0.7933557,0.10304357,1.0,0.76685756,0.7647648,-1.0,-0.92901534,0.11106582,-0.17145035,-0.507221,0.040323082,-0.036603384,0.42213392,0.57678497,0.9049835,0.2784709,0.2077902,-0.025386399,0.89921564,-1.0,-1.0,-1.0,0.35067022,0.68786806,-0.11982158,1.0,-0.052572433,0.26305485,-1.0,0.51656014
12aHSDH%WP_055231566_1_SDR_family_NAD(P)-dependent_oxidoreductase__Anaerostipes_hadrus_,-1.0,-1.0,0.8637218,-0.16275708,0.8877329,-0.83473045,0.804676,0.119475886,0.87513286,0.08803179,0.036636885,0.066915885,-1.0,-0.3816856,0.5079625,1.0,1.0,-0.017365886,-0.78343374,-0.25428882,-0.9446597,-0.14687902,0.7045495,1.0,-0.052590303,0.74101543,-0.39732757,0.18932648,-0.74315274,0.9948507,-1.0,1.0,-1.0
12aHSDH%WP_103229430_1_SDR_family_NAD(P)-dependent_oxidoreductase__Clostridium_sp__chh4-2_,-0.7452202,-1.0,1.0,-0.6102157,1.0,0.5086951,1.0,-0.72572875,0.94815385,0.7061617,-0.31720212,-0.82274324,-0.8852188,0.43799803,0.14939407,1.0,0.22720434,-0.23465651,-0.82990074,0.7083361,0.32839546,-1.0,0.059580933,-0.7435856,-1.0,0.8596319,-0.5663628,0.5084969,0.007894581,0.56080526,0.24072167,1.0,-0.9380406
12aHSDH%WP_130435990_1_SDR_family_NAD(P)-dependent_oxidoreductase__Cuneatibacter_caecimuris_,-0.8179168,-1.0,1.0,-0.36359042,0.986731,-0.67108136,1.0,-1.0,0.8571839,0.9093633,-1.0,-1.0,-1.0,-0.3362323,1.0,1.0,1.0,-1.0,-1.0,1.0,1.0,-0.39189672,-0.7944325,-1.0,-1.0,1.0,0.51988065,1.0,-1.0,1.0,-1.0,1.0,-1.0
12aHSDH%WP_160708750_1_SDR_family_NAD(P)-dependent_oxidoreductase__Enterorhabdus_sp__P55_,-0.54015917,-0.5163883,0.12776746,-0.04077282,0.5990746,1.0,0.17201978,-1.0,-0.13959496,-0.6998513,-0.6796731,0.163562,1.0,0.81419116,0.461713,0.30002418,1.0,-0.85034007,-0.25322768,0.275208,0.6218081,-1.0,0.91958714,-0.31802967,0.6773473,1.0,0.25951755,-0.31639123,-1.0,-0.6792106,-0.46252063,-0.50219053,-0.5323787
12aHSDH%WP_161844252_1_SDR_family_NAD(P)-dependent_oxidoreductase__Pseudoflavonifractor_sp__524-17_,0.026584342,-0.3775032,0.24724379,-0.17193808,0.36960113,-0.9471233,0.31409568,-0.7035534,-0.7245254,-0.424071,-0.0009799448,0.11718775,-0.18020537,-1.0,0.65804887,-0.004470462,0.38116494,-0.6913137,-0.110473156,0.7676656,1.0,-0.027308457,-0.6722867,1.0,0.9630896,0.374876,0.16794129,0.0072144796,-1.0,0.36545005,-0.1820334,0.54384536,-0.2666265
12aHSDH%WP_165061273_1_SDR_family_NAD(P)-dependent_oxidoreductase__Xiamenia_xianingshaonis_,-0.5812488,-0.6910714,1.0,-0.41491225,-0.47421527,-0.74004084,-0.22866465,-0.40672103,0.79395354,-0.9202782,-0.06684994,0.43676707,-0.41003668,1.0,0.36702666,0.85033965,-0.045908365,-0.48012772,-0.3722758,-0.11845247,0.010346395,-0.46758547,0.32621995,0.21426225,0.32156578,-0.04016664,-0.6554176,-0.08461302,0.22008042,0.73185384,0.4764417,0.7719714,-0.6799116
12aHSDH%WP_249318265_1_SDR_family_NAD(P)-dependent_oxidoreductase__Yeguia_hominis_,0.2260691,0.10614648,0.0818089,0.84156907,-0.5498478,0.35774374,0.120651506,-0.054659,-0.0750714,0.56838787,-0.47059697,-0.070868425,0.9676745,-0.9443046,0.18055065,-0.1274627,0.40938827,-0.5045045,-0.37135363,0.057848193,0.81217676,0.28968427,-0.87150496,-0.7412936,-1.0,0.045022406,0.7011543,-0.076411955,0.07885295,0.7172903,-0.12333167,0.48128244,0.12514542
12aHSDH%WP_251178417_1_SDR_family_NAD(P)-dependent_oxidoreductase__Adlercreutzia_agrestimuris_,0.37499097,0.36784285,-0.8805093,1.0,-1.0,-1.0,-1.0,0.82739776,-0.7525822,-0.12536944,0.28625137,0.81720716,1.0,-0.07013961,-0.5831656,-1.0,-1.0,0.1398431,0.47673368,0.077504404,0.38368547,1.0,-0.0016004072,0.7223553,1.0,-1.0,-0.7570256,-0.5908646,0.56812876,0.026291613,-0.35425863,-0.290306,0.441067
12aHSDH%WP_256285936_1_SDR_family_NAD(P)-dependent_oxidoreductase__Pseudoflavonifractor_phocaeensis_,-1.0,-0.98927176,0.08561105,-0.45668104,0.72334296,0.5964872,0.6850906,-0.2651228,0.2955886,0.11504756,-0.7050921,-0.22947453,-0.57790166,0.788311,0.4103177,0.90820915,1.0,-0.6588194,-0.9262751,0.26720312,-0.1394989,0.14428298,0.12625551,0.5154531,0.44105375,1.0,0.99302226,0.38562423,-0.6040235,0.88157564,-1.0,0.17555214,-1.0
12aHSDH%WP_278514144_1_SDR_family_NAD(P)-dependent_oxidoreductase__Methanobrevibacter_smithii_,1.0,1.0,0.30219525,-0.25262758,0.4553933,-1.0,-0.5375506,-0.24372481,-0.53438574,-1.0,0.8394131,0.27419397,0.5622564,-1.0,0.1590518,-0.9797323,-0.72023684,-0.23425579,0.9938504,-0.3504663,-0.6280405,-0.39222378,-1.0,-0.89626765,-0.384517,-0.007594218,0.07364922,-0.6510784,0.8122708,-0.39766663,1.0,0.44322714,1.0
12aHSDH%WP_418471294_1_SDR_family_NAD(P)-dependent_oxidoreductase__Eggerthella_sp__,0.82117665,0.97155374,-0.57845855,0.37403563,0.5861741,0.21125808,0.30803096,0.8946423,-1.0,-1.0,0.6482347,-0.27570134,-0.24920508,-0.8373889,-0.18388592,0.02294744,0.51574486,0.549679,0.6901424,-0.066392146,0.582472,0.38851607,-1.0,-0.2210388,-1.0,0.94097275,0.4428964,-0.17877625,0.8378121,-0.29454216,0.19797654,-1.0,0.8208622
12bHSDH%GENOME225741_180,0.7996951,0.9944376,-0.15739304,0.120602176,-1.0,1.0,-0.26690164,1.0,-0.94471306,-0.4263515,1.0,0.7410958,1.0,-0.77755445,-1.0,-1.0,-1.0,1.0,1.0,-1.0,-0.944671,1.0,-0.92377114,1.0,1.0,-1.0,0.9232325,-1.0,-0.16012235,-1.0,-0.09585458,-0.021880686,1.0
12bHSDH%MDD6456291_1_SDR_family_NAD(P)-dependent_oxidoreductase__Lachnospiraceae_bacterium_,-0.42375398,-0.096251585,0.056128103,-0.98699856,0.11285822,-1.0,1.0,-0.6070263,-0.030072825,0.048609972,0.25742358,0.32475725,-0.008726705,0.9304301,-1.0,0.023911532,0.3143264,0.17456537,0.19679208,0.46067098,0.04644991,-0.20161371,-0.19148996,0.81553054,1.0,-0.021588404,-0.20932268,-0.37266305,-1.0,-0.7682138,0.40227795,-0.30364275,0.0661032
3aHSDH%3aHSDH%HJB56827_1_3-oxoacyl-ACP_reductase_FabG__Candidatus_Flavonifractor_intestinipullorum_,0.511258,0.6548961,-0.21840344,0.9312735,-0.7255369,0.15304822,-1.0,0.22622862,-0.7326269,-0.17407458,0.7363709,1.0,0.026903484,0.3543267,-1.0,-1.0,-1.0,1.0,0.8935357,0.11282871,-0.00883173,1.0,-0.67847276,0.7308632,-0.015943315,-1.0,0.55586165,-0.22061627,1.0,-1.0,0.3947167,-0.6075522,0.7605419
3aHSDH%3aHSDH%MBO5160353_1_3-oxoacyl-ACP_reductase_FabG__Lachnospiraceae_bacterium_,-1.0,-1.0,0.8123079,-1.0,0.58072,0.17765018,1.0,0.23116781,0.07726536,0.25274798,-0.7349022,-0.16015813,-1.0,0.6857247,0.06298435,0.7319212,0.62095565,-0.525826,-1.0,0.7090772,0.71020925,0.5893906,-0.25786304,0.18352127,-0.069309436,0.87936854,0.10679968,0.70388585,-1.0,1.0,0.74928075,0.75340116,-0.9198769
3aHSDH%3aHSDH%MBQ7891058_1_3-oxoacyl-ACP_reductase_FabG__Erysipelotrichaceae_bacterium_,1.0,1.0,-0.17865372,0.808148,-0.9371972,-0.917322,-0.28552565,0.39867437,-1.0,-0.8790302,1.0,0.73775256,0.3245218,0.39002344,-1.0,-0.5765498,-0.8995229,1.0,0.80750173,-0.44335243,-1.0,1.0,-1.0,-0.57306993,-1.0,-0.87716013,0.6639815,-1.0,0.7068267,-0.65112907,1.0,0.71044064,1.0
3aHSDH%3aHSDH%MBR6526164_1_3-oxoacyl-ACP_reductase_FabG__Clostridia_bacterium_,-0.8307388,-1.0,1.0,0.10233396,1.0,-1.0,1.0,-0.8112165,0.6627282,1.0,-1.0,-0.6318389,-1.0,0.45107454,0.077386275,1.0,0.6496112,-1.0,-1.0,1.0,1.0,-0.8270281,-1.0,-0.47238165,-1.0,1.0,-1.0,1.0,-1.0,1.0,0.64698327,1.0,-1.0
3aHSDH%3aHSDH%MCI8514525_1_3-oxoacyl-ACP_reductase_FabG__Lachnospiraceae_bacterium_,-0.98160625,-1.0,1.0,-1.0,1.0,0.38235754,0.9349132,-1.0,0.9811357,0.3533023,-0.82720584,-0.40251285,-0.36920768,1.0,0.3821323,1.0,1.0,-1.0,-1.0,0.9027967,0.40799725,-1.0,-0.17168604,-0.49810776,-1.0,1.0,-1.0,-0.5985234,-1.0,0.6350505,1.0,1.0,-1.0
3aHSDH%3aHSDH%MCM1345206_1_3-oxoacyl-ACP_reductase_FabG__Muribaculaceae_bacterium_,-1.0,-0.76053965,-0.46103624,1.0,-0.25366846,0.6001419,0.50235635,0.6472942,1.0,1.0,-1.0,-1.0,0.63720065,1.0,0.5943951,-0.5075688,1.0,-1.0,-1.0,1.0,1.0,0.21635327,1.0,-1.0,-1.0,-0.42629102,-1.0,0.7925465,1.0,0.91252315,-1.0,-1.0,-0.26352632
3aHSDH%3aHSDH%MED9821234_1_SDR_family_NAD(P)-dependent_oxidoreductase__Christensenellales_bacterium_,-0.9568195,-0.67239517,0.9380305,0.28737617,0.32828245,0.44738427,0.80588865,-0.0036536793,0.51068974,0.5902494,-0.9971825,-1.0,-0.4823845,-0.118834585,0.22402704,0.8422067,1.0,-0.5608647,-0.99344915,1.0,1.0,0.16492157,0.057549007,-1.0,-1.0,0.082573235,0.179353,1.0,0.17505848,1.0,-0.6359434,0.08850629,-0.7695494
3aHSDH%3aHSDH%WP_062304377_1_SDR_family_NAD(P)-dependent_oxidoreductase__Sellimonas_intestinalis_,-0.39711317,-0.6339291,1.0,-0.34243307,0.78580403,-1.0,1.0,-0.26507932,-0.3817595,-0.47643745,-0.6509943,-0.76654124,-0.31721932,0.6016001,1.0,1.0,1.0,-0.3081348,-0.9595916,0.33160856,-0.013410993,-0.7749048,-1.0,0.16115361,-0.012304734,0.704789,-0.65999615,0.19459727,-1.0,0.7025809,1.0,0.89581823,-0.45267054
3aHSDH%3aHSDH%WP_117548394_1_SDR_family_NAD(P)-dependent_oxidoreductase__Longicatena_caecimuris_,1.0,1.0,-1.0,0.61035556,-0.79239523,-0.38899627,-0.8354198,0.3082906,-0.97294706,-0.17859514,0.6618029,0.882423,0.33980802,-0.47248265,-1.0,-0.40652996,0.5798397,0.116924606,1.0,-1.0,-0.10443877,-0.13812853,0.034418214,1.0,1.0,0.0401718,-0.59197634,-1.0,0.3039202,-1.0,-1.0,-0.9405423,0.95826936
3aHSDH%3aHSDH%WP_117582908_1_MULTISPECIES__SDR_family_NAD(P)-dependent_oxidoreductase__unclassified_Collinsella_,-0.453268,-0.6068721,0.5084115,0.41574454,0.6314756,0.6287541,0.5148064,-0.048152,-0.24356191,-0.87700766,-0.28826135,-0.089264765,-0.40374246,-1.0,1.0,1.0,1.0,-0.13532189,-0.6083894,-0.4606955,-0.49998102,-0.4335364,0.10731563,0.7409419,0.8152297,0.3995231,0.48587582,-0.018048825,-0.056604736,0.14231057,-1.0,0.2873036,-0.81889224
3aHSDH%3aHSDH%WP_226969791_1_SDR_family_oxidoreductase___Ruminococcus__lactaris_,1.0,1.0,-0.4467384,0.32855088,-1.0,-1.0,-1.0,-0.08270667,-0.5507465,-0.3081477,1.0,1.0,0.82165545,0.8049748,-1.0,-1.0,-1.0,0.8536178,1.0,-1.0,-1.0,-0.20705856,0.17818418,1.0,1.0,-1.0,-0.62845546,-1.0,-0.028521428,-0.9763884,0.8131217,0.6878639,0.99695385
3aHSDH%3aHSDH%WP_270387972_1_SDR_family_NAD(P)-dependent_oxidoreductase__Blautia_hansenii_,-1.0,-1.0,1.0,-1.0,0.21751536,1.0,0.82945406,-1.0,0.51303256,0.76977354,-1.0,-1.0,-1.0,0.39682275,0.14955279,1.0,1.0,-1.0,-1.0,1.0,1.0,0.4425923,0.3651255,0.53282094,0.74962354,0.47899958,-0.28598192,1.0,-0.16035071,1.0,-0.89556587,-0.41424415,-1.0
3aHSDH%CAG5237306_1_short_chain_dehydrogenase__Streptococcus_pneumoniae_,-1.0,-1.0,0.76625425,-0.12947801,-0.82583165,0.05132025,-1.0,-1.0,1.0,1.0,-0.13193358,0.9589954,0.41432846,1.0,-1.0,-1.0,-1.0,-1.0,-0.26410806,0.052487243,-0.38532475,-1.0,1.0,1.0,1.0,-1.0,-1.0,-0.7402624,-0.32543102,-1.0,1.0,0.29877687,-1.0
3aHSDH%GENOME060426_131,1.0,1.0,-1.0,1.0,-1.0,0.12574266,-1.0,1.0,-1.0,-0.7986872,0.7622948,1.0,1.0,-0.5083405,-1.0,-1.0,-1.0,0.9170273,0.87257284,-1.0,-1.0,0.7626187,-0.76977754,1.0,1.0,-1.0,0.09663784,-0.41719875,1.0,-0.65586096,0.6019024,-0.56079406,1.0
3aHSDH%GENOME084620_3418,-0.35815006,-0.68877196,1.0,0.7676138,0.5289393,0.9691798,0.15011445,0.5507636,0.82940996,0.2689692,-0.18411928,0.022775635,-0.27867842,0.0025255976,0.4890292,0.574308,0.22450548,-0.2796273,-0.67017937,-1.0,-1.0,-0.40170953,0.41918358,1.0,-0.051744416,0.48428664,0.76382965,-0.47222623,-0.44686264,-0.51188797,-0.524849,1.0,-0.9077231
3aHSDH%GENOME084674_3322,-1.0,-1.0,0.931716,0.34218195,0.61649185,0.16166434,1.0,-1.0,0.6585205,0.9499544,-0.6174586,-1.0,-0.19093652,-1.0,0.38710615,1.0,1.0,-0.035775345,-0.8705595,1.0,0.3645788,-0.64029396,-0.8946411,-0.7003381,-0.83688736,1.0,0.23017439,1.0,-0.367405,1.0,-1.0,0.9850452,-1.0
3aHSDH%MBQ9141038_1_SDR_family_oxidoreductase__Lachnospiraceae_bacterium_,0.34921074,0.3100356,0.9594717,-0.32097366,-1.0,-1.0,-1.0,-0.65676904,0.08919347,-0.2941386,0.7967816,1.0,1.0,1.0,-1.0,-0.7431137,-0.39906436,0.27920803,0.7430157,-0.50913775,-1.0,-0.38132277,1.0,1.0,1.0,-1.0,-1.0,-1.0,-0.39485604,-1.0,1.0,-0.7589642,0.48536658
3aHSDH%MBS5502136_1_3-oxoacyl-ACP_reductase_FabG__Eggerthella_sp__,0.01728809,-0.021493314,0.62288296,-0.3733599,-0.012264975,-1.0,0.31884974,-0.41048205,0.9745598,0.17489137,0.0091251265,0.45212477,0.5765565,0.9191186,0.45419607,0.009262837,-0.7819038,-0.7709874,0.008342311,-0.43998373,0.078393884,-1.0,1.0,-0.12036512,-0.46274439,-0.5124077,-1.0,0.21230295,-0.3486298,-0.025572648,0.47461146,0.0747459,-0.0504081
3aHSDH%MCI6529002_1_SDR_family_oxidoreductase__Clostridiales_bacterium_,0.29124966,0.20354566,0.63642067,-1.0,0.8113873,-0.70263714,0.75452703,-1.0,-0.008520347,0.35198978,0.24715829,0.100763895,0.13053109,-1.0,0.60244656,-0.018788254,-0.07606868,-0.89341515,0.21030653,0.48361376,0.419675,-1.0,-0.84553856,-0.5675257,-0.1753607,0.6244103,0.7819717,0.2023004,0.14427362,0.22711481,1.0,0.7614344,0.060341384
3aHSDH%MCI6633699_1_3-oxoacyl-ACP_reductase_FabG__Clostridiales_bacterium_,0.22774133,0.2551185,-0.71870327,-0.6615463,0.23641229,0.47136915,-0.18037066,-0.2201126,-0.02305111,-0.35720697,0.17451921,-0.18315011,0.80629814,0.7886145,0.55855346,0.072141856,-0.7199527,0.1474714,0.24352492,-0.32262307,-0.7745417,-0.3222824,-0.19007288,-0.13356084,0.779391,-0.049872458,-1.0,-0.2327779,0.7738424,-0.517498,-0.717788,0.7834334,0.17533837
3aHSDH%MCI6899085_1_SDR_family_oxidoreductase__Mycoplasmatota_bacterium_,-0.51716375,-1.0,1.0,-1.0,1.0,-1.0,0.4312997,-0.7173416,1.0,0.79766405,-0.6381903,-0.8700512,-1.0,1.0,0.18975414,1.0,1.0,-0.5625993,-1.0,0.21227166,-0.24112654,-1.0,0.7266314,-0.80605686,-0.40677825,0.9425566,-0.8465172,0.5301193,-1.0,0.4939166,1.0,1.0,-1.0
3aHSDH%MCI7742844_1_SDR_family_oxidoreductase__Clostridiales_bacterium_,0.6967619,0.5803947,-0.5159508,0.12744513,-0.18532445,-0.29671812,-0.8891612,-0.22761941,-0.61529696,-0.60052437,0.2886465,-0.029962897,-0.024585508,-0.22349681,-0.10072145,-0.93469816,-0.6714106,-0.08302149,0.4211167,-0.32550612,0.6561352,0.88950086,-0.26238948,0.22367024,0.24393064,-0.110649854,0.030496864,0.2836326,0.28379175,-0.047516607,1.0,-0.5167667,0.5554702
3aHSDH%MCI8568452_1_3-oxoacyl-ACP_reductase_FabG__Bacilli_bacterium_,-1.0,-1.0,1.0,-1.0,1.0,0.4359718,0.110880226,-1.0,1.0,1.0,-0.4584769,-0.7656112,-0.9943604,1.0,-0.13927749,0.65443677,0.6674575,-1.0,-0.68517154,0.7886805,0.29479253,-1.0,1.0,-0.654757,0.43144503,1.0,-0.8426004,0.64393485,-1.0,-0.9987292,1.0,-0.6912719,-1.0
3aHSDH%MCI8931631_1_SDR_family_oxidoreductase__Lachnospiraceae_bacterium_,-0.76368994,-1.0,1.0,0.38246977,-0.4837192,1.0,0.68817425,-1.0,1.0,1.0,-1.0,-0.82962745,-0.20479709,0.6569322,0.45700654,1.0,1.0,-0.72825664,-1.0,-0.715584,-0.68623114,-1.0,1.0,0.4561127,0.5616113,0.20972514,-0.14846045,-0.18779969,-0.7661569,0.09466033,0.22760528,0.6957736,-0.5476351
3aHSDH%MCM1266841_1_3-oxoacyl-ACP_reductase_FabG__Bacteroidales_bacterium_,-0.11587008,-1.0,0.816715,-0.6728176,1.0,-0.7563977,1.0,-1.0,-0.12803508,0.52791035,-0.4650865,-1.0,-1.0,-1.0,1.0,0.6589562,0.13721691,-1.0,-0.98120326,1.0,1.0,-0.35796723,-1.0,0.3704195,-1.0,1.0,-0.28710914,1.0,-1.0,1.0,0.6441557,1.0,-1.0
3aHSDH%MCR4878926_1_SDR_family_NAD(P)-dependent_oxidoreductase__Bacteroidales_bacterium_,-1.0,-1.0,-1.0,-0.34807444,1.0,1.0,1.0,0.33391222,0.8923197,0.74543405,-0.6339401,0.35470343,-0.17975956,1.0,0.60883117,1.0,1.0,-0.7740187,-0.39650926,-0.43826458,-0.73324347,-1.0,1.0,1.0,1.0,1.0,-1.0,1.0,0.041186627,-1.0,-1.0,-1.0,-0.81261796
3aHSDH%MDE7008868_1_3-oxoacyl-ACP_reductase_FabG__Lachnospiraceae_bacterium_,-0.6647391,-0.6267578,1.0,-0.35682803,-1.0,-1.0,0.60717964,-1.0,0.58277917,0.87114483,-0.143232,0.747577,-0.27084863,1.0,-0.62263983,1.0,1.0,-0.9427287,-0.888944,-0.7423645,-0.09498912,-1.0,-1.0,-0.49479514,-1.0,-0.29577297,-1.0,-0.016566016,-0.7208233,0.114272706,1.0,1.0,-0.39118758
3aHSDH%MDE7282987_1_SDR_family_oxidoreductase__Lachnospiraceae_bacterium_,0.4643705,0.577146,0.62395996,-0.19216777,-1.0,-1.0,-1.0,0.09045874,0.35293335,0.121041,1.0,1.0,1.0,1.0,-1.0,-1.0,-1.0,0.6075691,1.0,-1.0,-1.0,-0.35210148,1.0,1.0,1.0,-1.0,-0.78387576,-1.0,-0.85868716,-1.0,1.0,0.039689075,0.9004374
3aHSDH%MDE7415347_1_SDR_family_oxidoreductase__Lachnospiraceae_bacterium_,1.0,1.0,-0.9598264,1.0,-1.0,-0.35959524,-1.0,1.0,-0.5165017,-0.7503283,1.0,1.0,1.0,1.0,-1.0,-1.0,-1.0,1.0,1.0,-1.0,-1.0,0.5174748,0.5172888,-0.11423414,1.0,-1.0,1.0,-1.0,0.642713,-1.0,1.0,-0.14326274,1.0
3aHSDH%MFR0796835_1_SDR_family_NAD(P)-dependent_oxidoreductase__Oscillospiraceae_bacterium_,0.06315689,-0.24896798,0.40657958,0.2115833,0.38855842,-0.7077494,-0.7200094,-0.45845863,-0.15261982,-1.0,-0.008985744,-0.35969275,-0.68045735,-0.723711,0.27462828,-0.2546204,-0.18853912,-0.18402874,-0.23436485,0.83648807,0.7144815,1.0,-0.15876254,0.42395827,0.43900886,0.09043464,0.22445601,0.07594503,-0.12136124,0.4368377,1.0,0.25800675,-0.21946093
3aHSDH%NBI02399_1_3-oxoacyl-ACP_reductase_FabG__Lachnospiraceae_bacterium_,0.11299134,0.09015436,0.7842732,0.656878,-0.07658555,0.6925171,1.0,-0.38304666,0.7547424,0.71947396,-1.0,-0.6302207,-0.7213419,1.0,-1.0,0.44047585,0.9463048,0.19898525,-1.0,-0.3568895,-0.49389133,-0.5576318,0.6878645,-1.0,-0.4633674,-0.046166297,0.0989718,0.7614532,0.24072228,-0.40056634,-0.5656629,0.07793624,0.08753825
3aHSDH%WP_008977467_1_SDR_family_NAD(P)-dependent_oxidoreductase__Faecalimonas_umbilicata_,-0.9649986,-1.0,1.0,-0.56990606,1.0,-0.49483135,1.0,-1.0,0.94323134,0.9263676,-1.0,-1.0,-1.0,-0.24464864,1.0,1.0,1.0,-0.68957275,-1.0,1.0,1.0,-1.0,0.28570977,-0.53059554,-0.69523275,1.0,-1.0,1.0,-1.0,0.97158396,0.3038066,1.0,-1.0
3aHSDH%WP_020436139_1_MULTISPECIES__SDR_family_NAD(P)-dependent_oxidoreductase__Mediterraneibacter_,-0.2578416,-1.0,1.0,-0.7946602,0.65888953,-1.0,0.9988107,-1.0,1.0,1.0,-0.49685347,0.11430775,-0.93672717,0.020130197,0.92028505,0.88214934,-0.28394008,-1.0,-1.0,1.0,0.17562817,-1.0,1.0,0.16386636,-1.0,1.0,-1.0,0.5127506,-1.0,1.0,1.0,1.0,-1.0
3aHSDH%WP_021919520_1_SDR_family_oxidoreductase__Evtepia_gabavorous_,1.0,1.0,-0.87706673,1.0,-1.0,1.0,-1.0,1.0,-1.0,-1.0,1.0,1.0,1.0,-0.28582588,-1.0,-1.0,-1.0,1.0,1.0,-1.0,-0.8960931,1.0,-1.0,-0.21626467,-1.0,-1.0,0.87349373,-1.0,1.0,-1.0,1.0,-0.37199906,1.0
3aHSDH%WP_037602854_1_3-oxoacyl-ACP_reductase__Streptococcus_sp__oral_taxon_056_,-0.4259054,-0.460573,-0.6526742,-0.50860065,-0.7600096,0.99134773,-1.0,0.29732463,0.80688924,0.8754901,-0.3467919,0.21230085,0.17298573,1.0,-0.6292727,-1.0,-1.0,-0.43163794,-0.14138128,-0.76328266,-0.11225414,-0.35921192,1.0,-0.3364892,0.8606217,-0.39143977,0.055698875,-0.58858585,1.0,-0.049976144,0.029049031,0.38487768,-0.56105024
3aHSDH%WP_044950032_1_SDR_family_NAD(P)-dependent_oxidoreductase__Mediterraneibacter_gnavus_,-1.0,-1.0,1.0,-1.0,1.0,-0.0139457,1.0,-1.0,1.0,0.7790801,-0.9566375,-1.0,-1.0,-0.7126663,1.0,1.0,1.0,-0.44229108,-1.0,1.0,1.0,-0.3182875,-1.0,-1.0,-1.0,1.0,0.07671932,1.0,-1.0,1.0,0.030041428,1.0,-1.0
3aHSDH%WP_087213392_1_MULTISPECIES__SDR_family_NAD(P)-dependent_oxidoreductase__Sellimonas_,-0.87029725,-1.0,1.0,-0.8568784,1.0,-1.0,1.0,-1.0,1.0,1.0,-1.0,-1.0,-1.0,1.0,0.36143303,1.0,1.0,-1.0,-1.0,1.0,1.0,-0.34907192,-0.8047325,-1.0,-1.0,1.0,0.40230456,1.0,-1.0,1.0,0.30537528,1.0,-1.0
3aHSDH%WP_104968339_1_3-oxoacyl-ACP_reductase__Streptococcus_pluranimalium_,-1.0,-0.8320409,0.046479158,-1.0,1.0,-0.15310967,1.0,-1.0,1.0,1.0,-1.0,-0.7970851,-0.16195773,1.0,0.70572364,1.0,1.0,-1.0,-1.0,0.5277021,-0.4208045,-1.0,1.0,1.0,0.9051774,0.9718667,-1.0,1.0,1.0,-0.15972373,-1.0,-1.0,-0.8596794
3aHSDH%WP_109137584_1_SDR_family_oxidoreductase__Bifidobacterium_catulorum_,-0.1241362,0.14420436,0.80506426,-1.0,0.30156922,-0.39355126,0.01845956,-0.34233746,0.108995125,0.40000746,-0.12635005,-0.4028936,0.17729604,1.0,0.39281094,0.24917775,1.0,-0.015102103,-0.13982493,-1.0,-0.78472716,-1.0,0.8086245,0.012639453,0.20717058,0.028563322,-1.0,-0.56001896,0.6943156,-1.0,1.0,-0.8560103,0.31598327
3aHSDH%WP_117562420_1_SDR_family_NAD(P)-dependent_oxidoreductase__Enterocloster_aldenensis_,0.47606415,0.28976923,0.8628594,-0.45177907,0.8724317,1.0,0.87097543,0.47532368,-0.46237203,-0.13260682,0.45014504,-1.0,-1.0,-1.0,1.0,0.35857937,0.81818867,0.562001,0.3998342,0.1792631,0.2673647,0.47132224,-1.0,-1.0,-1.0,0.6949324,1.0,-0.7662285,0.453501,-0.43537447,-0.06475831,0.28158912,0.33609408
3aHSDH%WP_138309742_1_MULTISPECIES__SDR_family_NAD(P)-dependent_oxidoreductase__unclassified_Clostridium_,-0.77988213,-0.52627414,0.08515312,1.0,0.37775484,0.7256794,0.18759768,0.80438966,-0.29321483,-0.29153043,-0.24151786,0.23879258,-1.0,-0.19814181,0.1314234,0.33772728,0.1228793,0.2038874,-0.3014674,0.32157987,0.36201173,0.6866104,0.0729716,0.8014654,0.21993054,0.27124614,0.51570296,-0.66348547,-0.39514413,0.41683695,-1.0,-0.12330661,-0.5407474
3aHSDH%WP_182279434_1_SDR_family_NAD(P)-dependent_oxidoreductase__Collinsella_intestinalis_,-0.96527946,-0.6942334,0.25994968,0.8564276,0.019857151,-0.09299665,0.81727093,0.3536683,0.20504653,0.6480081,-0.3117669,-0.06623692,-0.9408158,-0.6549882,-0.32450458,1.0,1.0,-0.10645655,-0.5669757,-0.563747,-0.44568482,0.18948656,0.60393107,0.92785,0.3992193,0.19583467,1.0,-0.15452398,-0.20056377,-0.006186936,-1.0,0.2903336,-0.86463785
3aHSDH%WP_191282235_1_SDR_family_oxidoreductase__Pseudolysinimonas_yzui_,-1.0,-1.0,-0.4558786,-1.0,0.74688154,1.0,1.0,-0.5109105,1.0,0.5781313,-1.0,-1.0,0.012512835,1.0,1.0,1.0,1.0,-1.0,-1.0,-0.053067487,-0.5645717,-1.0,1.0,-0.34727857,0.51872224,1.0,-1.0,1.0,1.0,1.0,-1.0,-0.3695033,-1.0
3aHSDH%WP_231385278_1_SDR_family_NAD(P)-dependent_oxidoreductase__Candidatus_Stoquefichus_massiliensis_,0.05876238,-0.45222592,0.31855187,-1.0,0.947906,-0.38492548,0.6280784,-0.70987904,0.7684505,0.9175195,-0.5323626,0.0039444296,-0.42775917,0.4463472,0.9446344,0.46200532,0.6610206,-0.35316932,-0.58952385,0.12677181,0.15311763,-0.5028598,0.33294934,-0.85957,-0.5313746,0.83360463,-0.49981913,0.53220236,-1.0,0.25206485,-1.0,1.0,-0.7162055
3aHSDH%WP_270208025_1_SDR_family_oxidoreductase__Eggerthella_lenta_,-0.77074075,-0.49557635,-0.2311724,0.803861,0.009910299,0.38344646,0.5063827,-0.007008282,-0.1695852,-0.5976051,-0.48753878,0.76201797,-0.45592067,1.0,0.23404114,0.44997257,-0.1544036,-1.0,-0.55768746,-0.51903546,-1.0,-0.66411024,1.0,1.0,0.96999556,0.5857125,-0.49115878,-0.86275446,1.0,0.27154714,-1.0,-1.0,-0.38169888
3aHSDH%WP_289544896_1_SDR_family_NAD(P)-dependent_oxidoreductase__Enorma_phocaeensis_,-0.6119893,-0.50204164,1.0,-1.0,-0.8372445,-1.0,-0.047002997,-0.29958946,1.0,1.0,-0.024888033,1.0,0.5306923,1.0,-1.0,-0.050081525,0.42492622,-0.18313263,-0.29258034,-0.60866106,0.34549567,0.7232839,0.39485583,0.3871005,-0.8696079,-0.79662466,0.52502424,-0.52375394,-0.76455194,-0.7963324,0.22105972,-0.118875146,-0.18010493
3aHSDH%WP_316269050_1_SDR_family_NAD(P)-dependent_oxidoreductase__Claveliimonas_bilis_,0.5475871,0.7924879,-0.32661405,1.0,-1.0,-0.11256121,-1.0,1.0,-0.94832766,-1.0,0.8184841,1.0,1.0,-0.8984491,-1.0,-0.35717157,-0.22073178,0.48928612,0.86523324,-0.5869811,-0.7480809,1.0,-0.8057613,0.6779076,1.0,-0.9343665,0.06393129,-1.0,-0.100042574,-0.5903605,-0.2616635,0.0771661,0.5227875
3aHSDH%WP_377204125_1_MULTISPECIES__SDR_family_oxidoreductase__unclassified_Pseudarthrobacter_,0.3202606,-0.35336444,0.5067154,-1.0,0.8171771,1.0,0.8217707,0.37728786,-0.49264973,-1.0,0.036719285,-1.0,-1.0,-1.0,1.0,0.7901977,0.7698903,1.0,-0.32696092,1.0,0.005652351,0.9500823,-1.0,0.36998528,0.06479651,0.71365726,0.8002431,0.48441625,0.568254,0.16023397,0.42371088,1.0,-0.67724764
3aHSDH%WP_427737837_1_SDR_family_NAD(P)-dependent_oxidoreductase__Bariatricus_sp__SGI_154_,-0.14516088,-1.0,1.0,-1.0,-0.20949262,-0.62492216,1.0,-1.0,0.81303364,0.32305992,-1.0,-1.0,-1.0,-0.7099353,0.7813604,0.8609676,1.0,-1.0,-0.9847883,1.0,1.0,-0.5629037,0.55443835,0.44962627,0.48327595,1.0,-1.0,0.22838831,-1.0,1.0,0.65177286,1.0,-0.74834514
3bHSDH%GENOME124823_1686,-1.0,-1.0,0.6000469,-1.0,1.0,1.0,1.0,-0.4274326,0.7962737,0.5940979,-1.0,-1.0,-1.0,0.40951547,1.0,1.0,0.7449351,-0.16300985,-1.0,0.18460344,-1.0,-1.0,1.0,-0.97948277,-0.6504311,0.87756014,0.15866576,1.0,0.20771629,0.54847324,1.0,1.0,-1.0
3bHSDH%MBS6646402_1_glucose_1-dehydrogenase__Clostridiaceae_bacterium_,0.50585854,0.25235888,-0.23940624,-0.8914773,0.18076758,0.3428597,0.566988,-0.93866533,0.04726079,-0.37362313,0.20575455,0.8984044,0.5530602,1.0,-0.38224676,0.041409776,0.041941293,-1.0,0.09867366,-0.50736153,0.48937476,-1.0,0.9396328,0.7443149,0.49860772,0.013958319,-0.83938295,-1.0,-0.6381376,-0.36912453,-0.45433798,0.3821405,0.10561892
3bHSDH%MBS6779006_1_aldo_keto_reductase__Eggerthella_sp__,-0.06545052,-0.18188652,0.56206053,-0.85888165,0.19911192,0.5413488,0.12764391,-0.80929756,1.0,0.2879185,-0.49509433,0.35987246,0.825033,1.0,0.9212899,0.05798695,-0.79754955,-1.0,-0.29958218,-0.06482636,0.025032563,-1.0,1.0,-0.41299996,-0.3810864,0.14247853,-1.0,0.7969821,-0.6957759,0.044941846,0.21853296,0.58005756,-0.30077153
3bHSDH%MEY8522072_1_aldo_keto_reductase__Lachnospiraceae_bacterium_38-10_,1.0,1.0,-0.20349102,0.34199792,0.01985649,-0.30541253,-0.7759863,1.0,-0.13860966,0.8529333,0.9130936,0.18497446,0.6711552,-1.0,-0.79352534,-1.0,-0.56827575,1.0,1.0,-1.0,0.33276245,0.33806768,-1.0,-0.5358192,-0.8957636,-0.25906247,-0.5037401,-1.0,0.84182143,-1.0,0.2306378,-0.45836708,1.0
3bHSDH%WP_100933575_1_SDR_family_NAD(P)-dependent_oxidoreductase___Clostridium__innocuum_,0.032390792,-1.0,1.0,-1.0,1.0,-0.03373535,0.44065276,-1.0,0.32024458,-0.4003563,-0.3059033,-1.0,-0.83101094,0.19555256,1.0,0.9294089,0.91601783,-0.74111277,-1.0,0.5814445,-0.35586506,-1.0,0.5197575,0.36286008,0.3513796,0.6454834,-0.56828463,0.059129074,-1.0,-0.26310506,1.0,1.0,-1.0
3bHSDH%WP_186937525_1_glucose_1-dehydrogenase__Eggerthella_hominis_,0.37696713,1.0,-0.9411999,0.21002808,-0.8007134,0.47544283,-0.35965112,1.0,-0.66128397,-0.48773265,0.40862527,0.5817507,-0.17228074,0.3407818,-1.0,-0.62736624,-0.040897023,-0.011441175,0.7169044,-1.0,-1.0,0.2512491,0.9501441,1.0,1.0,-0.12717961,-0.24552362,-1.0,1.0,-0.75113165,-1.0,-1.0,0.9737925
5AR%GENOME006039_2690,-0.24499899,-0.7307642,0.32926223,-0.8420424,0.522622,-0.039190646,0.7787248,-0.72643775,0.35366133,1.0,-0.5114515,-0.4058861,-0.7676212,-0.74301755,0.30105066,1.0,0.6434909,-0.45766026,-0.52944624,0.20373005,0.20934293,-0.62848365,0.086329564,0.45632824,0.030846557,0.7567472,0.20139802,0.7310794,-0.8895782,0.76488394,-0.47651997,0.89132667,-0.9009794
5AR%GENOME012336_2253,1.0,0.9940774,-0.7759204,0.28501406,-0.14477445,-1.0,-0.7725539,-0.18095829,-0.8359689,-1.0,0.5673328,0.87428045,0.256913,0.48334703,-0.31342468,-0.6164733,-0.3808563,-0.1988604,0.68100953,-0.39731824,-0.33320564,-0.50021595,-0.0021408424,1.0,1.0,-0.7302196,-1.0,-0.84380627,0.49966577,-0.3772208,0.16848835,0.044841636,0.81234205
5AR%GENOME021742_2120,0.06817763,0.16953743,0.14454988,-0.54457366,-0.03174617,-0.8874057,0.2123752,-0.88573074,0.2780169,0.1385344,0.11204873,0.074370086,-0.06911801,0.7118147,0.06916472,0.08889201,0.2037554,-0.14667967,0.027277013,-0.012392406,-0.31514817,-0.5462478,0.21740651,-0.48390907,-0.99249524,-0.050712477,-0.036881637,0.13613541,1.0,0.123532444,0.5864149,-0.1939526,0.15320888
5AR%GENOME078645_81,0.13759485,0.32573825,0.061609544,0.6353711,0.70237505,-1.0,0.6602969,1.0,-0.34090927,-0.7556149,0.27456063,0.059457134,-0.8670511,0.20266862,-0.51294553,0.3616942,0.22790061,0.7845763,0.26727867,0.40430418,0.40724477,0.85725677,-0.85714686,-0.8194928,-1.0,0.6581832,0.13750604,-0.66534245,-0.65997916,-0.029458102,0.2764802,-0.48397046,0.2952342
5AR%GENOME084343_2181,0.7000521,0.73912877,-0.04989683,0.7468419,-1.0,-1.0,-1.0,-0.69357246,0.17235744,1.0,0.46095547,0.8637139,1.0,1.0,-1.0,-1.0,-0.6740023,-0.30411467,0.68038714,-1.0,0.88340026,0.25809032,0.3031183,0.15607554,0.4116346,-1.0,-0.6217674,-1.0,-0.60291785,-0.948936,1.0,0.525988,0.80362254
5AR%GENOME086572_2986,0.4159459,0.553101,-1.0,0.7798972,0.12206788,1.0,0.040231984,0.7997089,-0.4156953,-0.23682842,-0.017938854,-0.65125203,0.5605129,-1.0,0.8750136,-0.37212563,0.121730335,0.23297703,0.5019931,-0.23060353,0.38256967,0.33845046,-0.43452284,-1.0,0.1202016,0.5651668,0.91693395,0.4759576,0.23850876,-0.4179259,-1.0,0.062698126,0.32674226
5AR%GENOME107567_81,-0.4202426,-0.3073344,-0.072255306,-0.46114546,0.72391206,0.479108,-0.40039027,0.3594404,0.5742834,0.20726433,-0.582654,-1.0,-0.3895657,-0.6860724,0.7309843,0.23657796,0.68169785,-0.46184224,-0.53209454,-0.49453804,0.29978144,-0.7267937,1.0,0.47328156,1.0,0.45986763,-1.0,0.658726,-0.9203658,0.7132176,-0.41874498,0.16644725,-0.61373276
5AR%GENOME140582_2251,-0.84678644,-0.64880204,1.0,-1.0,1.0,-0.45479155,1.0,-0.9796589,1.0,1.0,-0.7520582,-1.0,-1.0,-0.5660254,1.0,1.0,1.0,-1.0,-0.75459486,1.0,1.0,-1.0,0.7923253,-1.0,-1.0,1.0,-0.5691247,1.0,-1.0,1.0,-1.0,1.0,-1.0
5AR%GENOME142018_414,-0.40141916,0.13514018,-0.12988655,0.7916139,-1.0,0.5658813,-0.97173566,0.19702849,-0.47356904,0.07827912,0.7218458,1.0,0.4543715,-0.22288546,0.28046867,-0.9295574,-1.0,0.63070923,0.4585942,-0.36945784,-1.0,0.71147305,-0.55322784,1.0,-0.067658134,-1.0,0.039186005,0.38102552,0.7315033,-0.028290218,-0.0056741806,-0.45887017,0.4010953
5AR%GENOME170052_106,0.6231384,0.54777163,0.77168626,-0.6360801,-0.12777643,-1.0,-0.2579715,0.10406706,0.58256155,-0.06379267,0.35875311,0.34027675,0.8958145,0.9432559,-0.39396152,-0.26423785,-0.3682188,0.18417177,0.49135602,-0.64720875,-0.087818615,-0.39286458,1.0,-0.6519423,-0.6914366,-0.76585656,-1.0,-0.388338,-0.24040373,-0.6025074,0.8357659,-0.5988076,0.6180138
5AR%GENOME179594_130,1.0,1.0,-0.5261021,-0.13123699,-0.958495,0.13537046,-1.0,0.24648492,0.55297494,0.21340759,1.0,1.0,0.45369244,0.33727983,-0.43849584,-1.0,-1.0,0.16619085,1.0,-1.0,-1.0,0.43811518,0.9027507,1.0,1.0,-1.0,-0.39955053,-1.0,-0.2851793,-1.0,-0.90233153,0.12018453,0.98463875
5AR%GENOME179896_434,-0.6486809,-0.8179163,0.84653,-1.0,1.0,0.13704668,1.0,-1.0,0.036883038,-0.37235817,-0.4581027,-1.0,-0.67821133,-1.0,1.0,0.9883685,0.80371195,-1.0,-0.7703317,0.75497514,0.94702554,-0.5757925,-0.079538345,0.4906678,-0.23081192,1.0,-0.57883435,1.0,-0.9198038,1.0,0.7397575,0.18775862,-0.9994137
5AR%HIU55603_1_DUF1295_domain-containing_protein__Candidatus_Gallibacteroides_avistercoris_,-0.00930441,0.10961731,-0.8134309,1.0,-0.79924685,1.0,-0.51749194,1.0,-0.48674795,0.4667234,-0.4336702,-0.65539175,0.8229718,-1.0,0.39656618,-0.5100183,0.48303238,1.0,-0.06821721,-0.13173147,-1.0,0.3215382,0.30083737,0.03521149,-0.0073425346,-0.9904161,0.8986023,0.099434085,0.7568841,-1.0,-0.22602277,-0.24885148,0.38009277
5AR%MBD5276024_1_DUF1295_domain-containing_protein__Bacteroides_sp__,0.08186165,0.11686791,0.20623226,-0.08178756,0.38392347,-0.11421009,0.7233238,-0.43786988,0.57251036,0.53517944,-0.36265895,-1.0,-0.71318734,-0.121268824,0.19976339,0.9893304,0.81830055,-0.32437918,-0.26315498,0.766295,-0.12189097,-0.6226972,-0.046913933,-1.0,-0.7759811,0.33485493,0.13890585,0.542841,0.5574474,0.28656724,-0.05817556,0.4529608,-0.11769799
5AR%MBO5195293_1_DUF1295_domain-containing_protein__Bacteroidales_bacterium_,0.048507065,0.5068811,-1.0,1.0,-0.08303263,0.6507325,0.08470434,1.0,-1.0,-0.7003007,0.2518455,0.10321882,0.35645932,-1.0,-0.34502608,-0.55106837,-0.17866144,0.877965,0.5087447,-0.045108117,-0.2554348,1.0,-0.70636487,0.21731462,0.2712774,-0.1036047,1.0,-0.29378954,0.36054394,-0.61493576,-1.0,-1.0,0.5118716
5AR%MBP3601379_1_DUF1295_domain-containing_protein__Alistipes_sp__,1.0,0.72670424,0.5834894,-0.074688554,0.11475448,0.22810721,-0.19519213,0.0053734537,0.6023128,0.2565701,0.34593597,0.5529273,-0.0938644,-0.08981348,-0.37335488,-0.45936695,-0.84475183,-0.27484024,0.57488036,-0.81414986,-0.6407248,-1.0,0.47537646,-0.22370994,-0.39408565,-0.12591103,-0.7987332,-0.20203164,-0.47319517,-0.4078032,-0.057687886,0.471484,0.37058666
5AR%MBQ1253485_1_DUF1295_domain-containing_protein__Alistipes_sp__,-0.24006292,-0.3960365,0.34010562,-0.61308384,0.8285542,0.74980927,0.51083153,0.10192185,0.87064755,1.0,-0.23430456,-0.7725506,-0.99126977,-0.2284945,0.6661289,1.0,1.0,-0.05809148,-0.4604957,0.30007154,-0.3623417,-0.99529046,0.3381819,-0.7743471,-1.0,0.66259134,-0.9030921,-0.058870137,-0.020430986,0.28134912,0.21324737,0.45870486,-0.63615495
5AR%MBR4740186_1_DUF1295_domain-containing_protein__Bacteroidales_bacterium_,-0.787814,-0.651768,-0.23552498,-0.40286353,1.0,-1.0,1.0,0.35688534,0.7183101,0.73860013,-0.5691907,-0.91759884,-0.4769877,-0.30066067,1.0,1.0,1.0,0.5511563,-0.7884892,0.81573653,1.0,0.08914509,-1.0,-1.0,-1.0,1.0,1.0,1.0,0.41893992,1.0,-0.16552493,0.040597916,-0.58459526
5AR%MCD7962281_1_DUF1295_domain-containing_protein__Rikenellaceae_bacterium_,0.23014873,0.5498328,-0.46626005,-0.7517128,0.073970005,-1.0,-0.89503086,-0.47100288,-0.3479362,-0.024826815,0.90823317,1.0,0.5692993,0.8827909,-0.49722403,-1.0,-0.4684029,-0.5721653,1.0,-0.84460217,0.9556487,-0.05464317,0.08260431,-0.76675034,1.0,0.13825946,-0.39277002,-0.41881758,-0.66153526,-1.0,0.45718354,-0.6889403,1.0
5AR%MCH5217706_1_DUF1295_domain-containing_protein__Muribaculaceae_bacterium_,-0.5513047,-0.6383994,0.3626685,-0.82253563,0.6821589,0.90690917,-0.043511212,0.39995992,0.7201407,0.55437803,-0.36411792,-0.8576438,-1.0,-0.14003569,0.5942559,0.5879682,0.6445256,0.59236056,-0.53186387,0.9047376,0.063061975,0.82091254,-0.41169685,-1.0,-1.0,0.55835146,0.61985004,0.6228117,0.3285399,0.35485902,-0.020012785,0.5802976,-0.47200987
5AR%MCQ2341803_1_DUF1295_domain-containing_protein__Paludibacteraceae_bacterium_,0.57455826,0.7346194,-0.27297345,0.49224004,-0.008636754,0.71039563,-0.9689603,-0.87556255,0.04077376,-0.40305027,0.7446772,1.0,1.0,-0.6773981,0.68923444,-0.81914234,-0.4796212,-0.37116408,0.76571053,0.3757695,-1.0,-1.0,0.7333317,0.9791723,0.88461405,-0.5883777,-1.0,-0.2636333,-1.0,-0.8101885,1.0,-1.0,0.5413968
5AR%MCR5660240_1_DUF1295_domain-containing_protein__Bacteroidales_bacterium_,0.5534109,0.724631,-0.77328193,1.0,-1.0,0.042627,-1.0,0.80566096,-1.0,-0.7267229,0.6835726,0.8677972,1.0,0.42160454,-0.45446366,-1.0,-1.0,0.85497946,0.8400111,-0.9967108,-0.6534367,1.0,-0.64967644,1.0,0.88653344,-1.0,0.756265,-0.9120994,1.0,-0.5287269,0.3501916,-1.0,1.0
5AR%MDE7159808_1_DUF1295_domain-containing_protein__Muribaculaceae_bacterium_,0.7141226,0.9792651,-1.0,1.0,-0.4805525,0.862096,-0.82264555,1.0,-0.48422092,-1.0,0.5097112,0.7760407,-0.19428961,-0.7573945,-0.64512944,-0.8772421,-1.0,-0.105025746,0.7836647,-0.9075354,-0.018154822,0.82729626,-0.020255536,0.6820387,1.0,-0.6341237,1.0,-0.06557488,0.45939177,-0.32246184,-0.79860795,-1.0,0.61759466
5AR%WP_005657188_1_DUF1295_domain-containing_protein__Bacteroides_stercoris_,-0.09468939,0.23147728,-1.0,1.0,-0.98988986,1.0,-0.06451039,1.0,-0.61610407,0.49058348,-0.36836785,-0.26918095,-0.02455388,-0.39442992,0.006071873,-0.16656874,0.76613724,1.0,-0.13579544,-0.08097439,-0.83289135,1.0,0.00058931956,-0.19879569,-1.0,-0.9482458,0.9620117,-0.02137812,0.95203424,-0.5366549,-0.53916764,-0.56926924,0.33506545
5AR%WP_099292233_1_MULTISPECIES__DUF1295_domain-containing_protein__Butyricimonas_,1.0,1.0,-0.66451585,0.5704938,-1.0,0.22900301,-1.0,-0.008388269,0.39661038,1.0,0.097710855,-0.017003283,0.47609177,1.0,-1.0,-1.0,-1.0,-0.3521556,0.7005506,-0.2311169,0.84822816,1.0,0.4223287,-1.0,-1.0,-1.0,0.323144,-0.8178199,1.0,0.47647122,1.0,-0.8764933,0.91263413
5AR%WP_300108487_1_DUF1295_domain-containing_protein__uncultured_Alistipes_sp__,0.18016973,0.116825275,0.42868927,0.046304423,0.5402761,-1.0,0.6188763,0.5101808,-0.040951606,-0.10546047,0.43725958,0.2669264,-0.35870168,0.17028566,-0.4751196,0.59534407,-0.0168218,0.85077834,0.35878223,0.22215036,0.7452976,0.38677368,-1.0,-1.0,-1.0,0.5157351,0.17652254,-0.18899263,-0.1907191,0.2324751,1.0,-0.28848478,0.20263712
5AR%WP_302729833_1_DUF1295_domain-containing_protein__Bacteroides_sp__ET489_,-0.29007268,-0.21731238,1.0,-1.0,-1.0,-0.29249993,-0.5581636,-1.0,0.7878857,0.96000093,0.54704845,1.0,0.25917846,0.38849,-0.5699075,-0.33595997,-0.5935434,-0.08567004,0.15695569,-0.07414971,-0.46408516,0.4564783,0.044379648,0.9050747,-0.46493885,-1.0,-0.10344555,-0.1125579,-0.17052692,0.051723517,0.18080199,0.60786116,-0.25127122
5AR%WP_303226315_1_DUF1295_domain-containing_protein__Alistipes_indistinctus_,-1.0,-0.5461725,-0.47114357,0.46714723,0.12474399,1.0,0.9978973,0.5592777,-0.01752278,0.5760819,-1.0,-1.0,-1.0,-0.13518718,-0.07397277,0.48342565,0.6870327,0.13854922,-1.0,1.0,1.0,1.0,-0.4232654,-0.71050096,-0.61963236,0.32559615,-0.3474144,1.0,1.0,1.0,-0.44860774,-1.0,-0.6352994
5AR%WP_346709278_1_DUF1295_domain-containing_protein__Phocaeicola_salanitronis_,0.1541236,0.16451283,-0.12685923,0.26265523,0.3778513,-0.9582907,0.13152508,0.008991527,-0.040606435,0.14347728,0.19022441,0.1974857,0.35986203,-0.8852124,0.13722958,0.32807592,-0.19589497,-0.3849356,0.27789158,-0.24842225,0.07812514,-0.7333635,-0.36221236,0.1172272,1.0,0.10716235,-0.18013972,0.013997616,-1.0,-0.10128664,-0.35461032,0.99810565,-0.040291965
5AR%WP_418203978_1_DUF1295_domain-containing_protein__Bacteroides_sp__,-1.0,-1.0,1.0,-1.0,1.0,-0.67739534,1.0,-1.0,1.0,1.0,-1.0,-1.0,-1.0,-0.22094026,1.0,1.0,1.0,-1.0,-1.0,1.0,1.0,-1.0,1.0,-0.2740988,-0.16128428,1.0,-1.0,1.0,-1.0,1.0,0.70440996,0.9086923,-1.0
5BR%CAK7070565_1_MAG__NADPH_dehydrogenase__Parabacteroides_sp__,1.0,0.7238991,0.39651874,0.16122608,0.13315225,0.47922364,-0.39573932,0.7462478,-0.37105045,-0.61248046,0.5288101,-0.30219415,-0.43179968,-1.0,-0.3718379,-0.5615737,-0.5415698,0.29026097,0.6565169,-0.35575438,0.057142038,0.9190931,-0.737803,-0.4155884,-1.0,-0.12251337,0.031448606,-0.0008526593,0.66658074,-0.10282628,1.0,-0.3457295,0.6100555
5BR%GENOME006024_4796,-0.25250188,-0.23047762,0.80670226,0.62079465,0.20893171,-0.013569567,0.42347077,0.28383937,-0.077462606,0.34860623,-0.11412584,-1.0,-0.5564385,-1.0,0.46524793,-0.061856043,-0.27407923,-0.22572826,-0.16690496,0.85550296,0.79058176,0.9030953,-0.96025544,-0.76047957,-0.60144407,-0.0020888336,-0.984249,1.0,0.022669915,0.7907888,0.7671542,0.21727999,-0.046342846
5BR%GENOME006521_2122,-1.0,-1.0,0.7120609,-1.0,0.99517995,1.0,0.9701336,-1.0,0.83915865,0.40971598,-0.6362648,-0.71384686,-1.0,-0.22704828,0.9010274,1.0,1.0,-0.17811021,-0.95859975,1.0,0.84641105,-0.34496975,-0.14921114,-0.13883005,-0.012169809,0.9779729,0.7482184,1.0,-0.58062375,0.86800957,-0.44135043,0.2622668,-1.0
5BR%GENOME141824_1849,-1.0,-1.0,0.8564495,-1.0,1.0,0.119137354,1.0,-0.645686,0.7113978,0.8789039,-0.68880004,-0.79774565,-0.49379605,0.6139332,0.6002494,1.0,1.0,-0.47222683,-1.0,0.3021515,-0.014038896,-0.18513156,0.6074001,0.6026146,0.53997135,0.87754554,0.49472585,0.5495701,-1.0,0.47483233,-0.9423676,0.07285711,-1.0
5BR%HIX74022_1_NADH_flavin_oxidoreductase__Candidatus_Parabacteroides_intestinipullorum_,-0.08921789,-0.5664381,0.024848046,-0.6418999,0.7482083,-0.17399259,0.024048118,-0.6272921,0.48657346,0.6715634,-0.3733269,0.049571853,-0.8108917,0.04372681,0.4831341,0.63517696,0.09346403,-0.8236823,-0.3938705,-0.13790053,0.12713602,-1.0,1.0,1.0,1.0,0.5482278,-1.0,0.47634625,-1.0,0.080276616,-0.34921443,0.7918686,-0.8269607
5BR%MBE6202772_1_NADH_flavin_oxidoreductase__Rikenellaceae_bacterium_,-0.8553732,-0.5547207,0.5351534,-1.0,1.0,-0.6954319,0.80659604,-1.0,0.851741,0.53495866,-0.28978854,-0.5007322,-0.29817277,-0.4304032,1.0,0.53173256,1.0,-1.0,-0.39309955,0.3370869,0.5078532,-1.0,0.9804727,0.8094553,-0.13038133,1.0,0.07488782,0.57359415,-1.0,0.93153596,-0.04092793,-0.42818937,-0.69978493
5BR%MBO4402754_1_NADH_flavin_oxidoreductase__Bacteroidales_bacterium_,-0.32799777,-0.3732347,0.5326701,0.014057994,0.67551243,-0.97373515,-0.45492402,-0.50154877,0.09278384,-0.32886305,-0.8534017,-1.0,0.21925639,-0.1539168,0.308612,-0.3136244,0.28303733,-1.0,-0.658312,0.7108772,0.7909362,0.08837654,0.27365765,1.0,1.0,0.38257492,-0.7986876,1.0,0.4824847,0.64879936,-0.75165063,0.19037367,-0.76835144
5BR%MBO7234306_1_NADH_flavin_oxidoreductase__Paludibacteraceae_bacterium_,0.8537313,0.6903727,0.4501766,-1.0,0.6092392,-0.892621,-0.45919386,-0.23596394,-0.10444919,-0.8532213,0.5743061,0.24681346,0.06243807,1.0,0.095715046,-0.095144935,-0.06943958,-0.20265362,0.5945002,-0.352172,0.53339165,-0.5410594,-0.028351804,-0.2961528,-0.30883124,-0.13760696,-1.0,-0.8339071,-0.09540599,-0.5773407,0.8553245,0.3790453,0.5552025
5BR%MBO8446450_1_NADH_flavin_oxidoreductase__Candidatus_Enterocola_intestinipullorum_,-0.00825193,0.6804817,-0.7750022,0.4655179,-1.0,-0.29720744,-0.58461833,-0.028961651,-0.19503713,-0.47906142,0.33678365,0.5402037,1.0,1.0,-0.8630026,-0.9917014,-0.651986,0.59812564,0.38387576,0.84618276,0.37236318,1.0,-0.8816699,-1.0,-1.0,-1.0,1.0,-0.4749309,1.0,0.39663258,-0.21969627,-1.0,0.8690195
5BR%MBQ8101082_1_NADH_flavin_oxidoreductase__Paludibacteraceae_bacterium_,-0.27310795,0.082392804,-0.8708309,0.38974795,-0.42186314,0.3479348,-0.28913596,1.0,-0.6645765,-0.5395626,0.39494336,0.6480403,0.12801369,-1.0,0.015638774,0.031166038,0.5813705,1.0,0.33671284,0.78282344,0.48563248,1.0,-1.0,-0.5341972,-1.0,-0.23613752,1.0,-0.15439919,1.0,-0.5422989,-0.930789,-1.0,0.1476173
5BR%MCA9548846_1_NADH_flavin_oxidoreductase__Myxococcales_bacterium_,1.0,1.0,-0.83266175,0.2466189,-1.0,-1.0,-1.0,-0.48294592,0.114751875,1.0,1.0,1.0,1.0,1.0,-1.0,-1.0,-0.8744707,-0.2941675,1.0,-1.0,-0.30705673,-0.020464642,0.52802646,0.33650115,1.0,-1.0,-1.0,-1.0,0.011756348,-1.0,0.35803515,1.0,1.0
5BR%MCD8287651_1_NADH_flavin_oxidoreductase__Porphyromonadaceae_bacterium_,0.61164016,0.97732675,-0.70150995,0.36531055,-0.373471,0.2651649,-0.4770363,0.04514392,-0.5522353,-0.33799732,-0.09625815,0.100242354,1.0,-0.7376633,0.66233087,-0.34754306,0.9768327,-0.10309387,0.33661696,0.58983094,-0.15070187,-0.30751678,0.528845,-0.27992022,0.176383,-0.6959939,-0.93428767,-1.0,-0.43379027,-0.58848983,0.1204952,-0.68776673,0.79486734
5BR%MCF0197806_1_NADH_flavin_oxidoreductase__Bacteroidaceae_bacterium_,-0.72568834,0.23176663,0.017656602,0.16242573,-0.18150634,0.11597998,1.0,-0.25041914,0.45321983,1.0,-0.6231887,-0.695479,-0.26045084,-0.45304772,-0.1800781,0.87591165,0.88241863,-0.54837024,-0.7969937,0.4940722,0.86959887,-0.48788348,-0.38032272,-1.0,-1.0,0.45585155,0.19835423,0.22879109,0.2480975,1.0,-0.4550116,0.12034512,-0.24041595
5BR%MCH5231198_1_NADH_flavin_oxidoreductase__Muribaculaceae_bacterium_,-0.27139106,-0.2616455,0.8380739,0.088839605,-1.0,-0.22523215,-0.69715774,1.0,0.8838027,1.0,0.09158116,-0.42508125,-0.2614342,-0.1323005,-0.5343413,-0.83867425,-0.143206,0.7445988,0.24027026,-0.5004521,-0.73489565,0.44196722,0.3067481,0.58239007,-1.0,-0.7982223,0.30799255,0.06106809,0.5287387,-0.12841162,-0.43414903,0.9604174,-0.078656465
5BR%MCQ2066925_1_NADH_flavin_oxidoreductase__Bacteroidaceae_bacterium_,-0.7466956,-0.007518144,-0.5577718,0.77283406,-0.27374434,-0.5149484,-0.6773697,0.29239887,0.25191808,1.0,0.05908404,-0.16201897,0.5488278,0.034626182,-0.84161764,-0.59621245,-0.26983088,-0.24308464,0.25078446,-0.78903425,0.045783423,0.28162384,0.9230334,0.33849603,1.0,-0.5394541,-0.060485918,0.050353542,-0.5176178,-1.0,-0.16471067,-0.15584596,0.22262844
5BR%MCQ2271787_1_NADH_flavin_oxidoreductase__Bacteroidales_bacterium_,-0.14468068,-0.5921821,0.8475224,-1.0,1.0,0.6058452,0.4474725,-0.6567611,-0.22187705,-0.39711547,-0.5171933,-1.0,-0.55910736,-0.5984921,1.0,0.8007895,0.44312614,-0.7238684,-0.36787996,1.0,1.0,-1.0,-0.0463217,-0.8604788,-0.11505399,1.0,-1.0,0.78049606,-0.34946135,0.59045506,1.0,0.37908575,-0.26698348
5BR%MCR4591939_1_NADH_flavin_oxidoreductase__Bacteroidaceae_bacterium_,-1.0,-1.0,0.794229,-1.0,1.0,0.5421369,1.0,-1.0,1.0,0.67798954,-0.9485525,-1.0,-1.0,0.67525154,0.64939326,1.0,1.0,-1.0,-1.0,1.0,1.0,-0.98352,1.0,-0.17197013,0.0066038314,1.0,-0.35729712,1.0,-0.6646276,1.0,-0.48349702,0.5512462,-1.0
5BR%MDD2293891_1_NADH_flavin_oxidoreductase__Bacteroidales_bacterium_,-1.0,-0.25019982,1.0,0.08004934,0.4075353,1.0,1.0,-0.27522352,1.0,1.0,-1.0,-0.793755,0.36910278,1.0,-0.023828318,1.0,1.0,-0.3497032,-1.0,-1.0,-1.0,-1.0,1.0,-0.7469052,-0.69556993,0.12973282,-0.33675298,1.0,1.0,-1.0,0.25033617,-1.0,-0.15943958
5BR%MDD5892138_1_NADH_flavin_oxidoreductase__Bacteroidales_bacterium_,0.44782606,0.80478245,-0.6175949,-0.35029688,-0.6901003,0.41815805,-1.0,-0.14435318,-0.25519693,-0.4645094,0.9028947,0.92246693,0.69503635,-0.26232067,-0.04429014,-1.0,-0.7187018,-0.24587503,0.7780978,-0.62417257,-1.0,-0.19615084,0.5685361,1.0,0.8611794,-0.4463578,-0.7352829,-0.9528952,0.37251863,7.015587e-05,-0.41952264,-0.114793986,0.31438735
5BR%MDD5962634_1_NADH_flavin_oxidoreductase__bacterium_,-0.21095236,-0.2780232,0.4626706,-0.38042912,-0.30185735,0.711938,0.2677806,-1.0,0.12834877,0.54360974,-0.32835284,0.9052246,0.112286136,1.0,-1.0,0.3431904,0.899578,-0.8556323,-0.5900152,0.47139826,-0.69708014,-0.7008525,1.0,1.0,0.8390531,-0.1360903,0.13863713,-1.0,-0.5282316,-0.2113243,-0.2009109,0.38382578,-0.61640483
5BR%MDD6582580_1_NADH_flavin_oxidoreductase__Bacteroidales_bacterium_,-1.0,-0.8477505,0.40435016,-1.0,-0.25218734,0.46416792,0.5169494,0.14244896,1.0,1.0,-0.47413877,0.03750853,-0.78655714,0.93140155,-0.26063424,0.5078619,1.0,0.2755652,-0.6029697,-0.8418006,-0.4901853,-0.37802657,1.0,0.9419617,1.0,-0.56458366,-1.0,-0.30266234,-0.71171516,-0.21976186,-1.0,0.19221103,-0.71141785
5BR%MEI7492181_1_NADH_flavin_oxidoreductase__Bacteroidota_bacterium_,-0.9266921,-0.5712326,0.60221833,-1.0,1.0,1.0,1.0,-0.08121772,1.0,0.5239365,-0.67193943,-1.0,-1.0,-0.9581945,1.0,0.3723708,1.0,-0.9797694,-0.5388459,0.8471963,1.0,-0.8054389,1.0,-0.2185562,-0.5353613,1.0,0.04809284,0.9083988,-0.63227385,0.8077417,0.3185448,-1.0,-0.53581804
5BR%MEZ3591839_1_NADH_flavin_oxidoreductase__Muribaculaceae_bacterium_,-0.94634145,-0.9896947,0.90017164,-0.27603057,0.9978877,-0.05416886,0.6229372,-0.41752246,0.8976626,0.58687145,-0.6573999,-0.60124713,-0.73773825,0.0028763332,0.9260188,1.0,1.0,-0.19811843,-0.9163414,0.71919817,0.15016855,-0.5225,0.059359685,-0.77454954,-0.66587204,0.8832595,-0.52410865,0.65819955,-0.4733679,1.0,-0.26369864,0.20062807,-0.94787806
5BR%MFO0559492_1_NADH_flavin_oxidoreductase__Polyangiales_bacterium_,0.6777644,0.51724803,-0.18816184,-0.2843916,-0.60699975,-0.03290246,-0.68763727,0.24517773,0.9096461,0.81997633,0.26958424,0.050675537,-0.15688977,0.04732146,-0.4780192,-0.75000197,-0.6564625,-0.119081825,0.35691613,0.6020166,0.33404797,0.65603495,-0.34753507,-1.0,-0.85960245,-0.74015206,-0.16850953,1.0,0.2042993,0.21495295,-0.068436086,0.14893945,0.0675805
5BR%WP_259010233_1_NADH_flavin_oxidoreductase__Parabacteroides_distasonis_,-0.11608957,-0.23394406,0.23488912,-0.47340828,-0.116029784,0.3660163,0.17364317,-0.1322217,-0.21886091,-0.5124745,0.07929858,0.31255078,0.6673463,-0.75069034,0.45871255,0.29147258,-0.48700616,-0.43161514,-0.18042389,0.15107632,-0.94348854,-0.34824106,-0.07481651,1.0,0.31349385,-0.03939618,-0.52501893,0.10157508,0.08128754,0.34503362,0.4082636,0.46351784,-0.11946266
5BR%WP_279088787_1_NADH_flavin_oxidoreductase__Alistipes_putredinis_,0.036255438,-0.14345858,0.42049938,-0.3396369,0.62832606,-0.32194874,0.22025232,0.6954862,0.32684603,0.124503314,0.19208401,0.014886949,-0.48742005,0.6615973,0.16693917,0.21409476,-0.26112235,0.7293038,0.12380936,-0.4068058,0.40808576,0.2237082,-0.03972659,-1.0,-1.0,0.12991227,-0.23661944,-0.32966438,0.10618554,-0.24216221,0.31723657,-0.4041085,0.053259533
5BR%WP_295936477_1_NADH_flavin_oxidoreductase__uncultured_Alistipes_sp__,1.0,0.7772767,0.2019124,-0.060647804,0.68802655,-0.29077086,-0.2467836,0.33742192,-0.42589334,-0.91624105,0.59267324,0.3218565,-0.008245824,-0.064202905,0.02796151,-0.020799484,-0.7616606,0.31722105,0.6362522,-0.55799764,-0.55580956,-0.49892616,-0.37207994,-0.14900541,-0.490913,0.079332516,-1.0,-0.50398356,0.12091282,-0.23782414,1.0,-0.34771222,0.6741264
5BR%WP_297931268_1_NADH_flavin_oxidoreductase__uncultured_Alistipes_sp__,-0.3431671,-0.47063646,0.71963453,-0.67293674,0.32540667,0.18789037,-0.33127117,-0.77525353,0.35559842,0.29884934,-0.15913884,-0.24555084,-0.69542617,1.0,0.6616037,-0.21880504,0.5081216,-0.10443218,-0.3404009,1.0,0.77071,0.09488691,-0.07863973,-0.2731484,-1.0,0.18951002,-0.59567297,0.24242046,-0.42021605,0.12160205,0.4671136,0.46058622,-0.41121987
5BR%WP_300285921_1_NADH_flavin_oxidoreductase__uncultured_Alistipes_sp__,-0.5630358,-1.0,1.0,-1.0,1.0,-1.0,1.0,-1.0,1.0,0.66434413,-1.0,-0.67027664,-0.6874773,0.6132345,1.0,1.0,1.0,-1.0,-1.0,0.79545665,0.20642528,-1.0,0.8944879,-0.66836345,-0.63716567,1.0,-1.0,1.0,-1.0,0.93425155,0.22101381,1.0,-1.0
5BR%WP_300748828_1_NADH_flavin_oxidoreductase__uncultured_Alistipes_sp__,-0.17768095,-0.20896548,0.21066985,0.15895376,0.12910667,1.0,0.0034187385,-0.22184795,0.16680555,0.24054629,-0.5008625,-0.30533493,-0.8893058,0.89955413,0.12892592,-0.07090096,0.08082586,-0.15187073,-0.4957536,0.48895127,-0.4828261,0.36553228,-0.027638974,-0.5575567,-0.21826023,0.18496409,0.16693132,0.18739425,0.97542876,-0.0051901396,-0.13766964,0.18232507,-0.28527734
5BR%WP_302380465_1_NADH_flavin_oxidoreductase__uncultured_Alistipes_sp__,1.0,1.0,-1.0,0.39116183,-1.0,-0.35884622,-1.0,1.0,-1.0,-1.0,1.0,0.97880554,0.7708845,0.13280186,-0.9322058,-1.0,-1.0,1.0,1.0,-1.0,-0.5807556,1.0,0.111619316,0.43236476,1.0,-1.0,-0.3947374,-1.0,1.0,-1.0,0.31237316,-0.7284561,1.0
5BR%WP_394671717_1_NADH_flavin_oxidoreductase__Muribaculum_sp__,0.8385348,1.0,-1.0,0.99284244,-0.6099951,0.037237544,-0.69565105,0.5933317,-0.7541618,-0.85589105,0.49957892,0.27503875,1.0,-1.0,0.16709666,-1.0,-0.37799656,0.5833169,1.0,-0.51731145,-0.4043236,0.65075326,-0.45960116,-1.0,0.7413799,-0.85420036,0.8932859,-0.27126238,1.0,-1.0,-0.92397946,-0.43892598,1.0
5BR%WP_418992344_1_NADH_flavin_oxidoreductase__Alistipes_sp__,-0.20134617,-0.30867642,0.7161363,-0.5578956,0.84106934,0.07145959,1.0,0.027400285,0.3547868,-0.31290177,-0.25015944,-0.65016896,-0.46227223,-0.23913087,0.5072148,1.0,0.7662132,-0.017108308,-0.40442228,-0.067171745,-0.1195514,-0.55771613,0.030868344,-0.5102581,-1.0,0.770346,-0.45724398,0.44119558,-0.46734902,0.8218798,0.51741016,-0.19134225,-0.38802987
7aHSDH%EOW9602512_1_SDR_family_NAD(P)-dependent_oxidoreductase__Escherichia_coli_,-0.36516,-0.39125276,0.78251165,-0.32279003,-1.0,1.0,-0.30606994,-1.0,0.6348272,0.66084737,-0.34127182,-0.15954679,-0.21359906,-0.9197155,-0.116660625,0.022524796,0.92552775,-1.0,-0.6752985,1.0,1.0,0.6585033,0.5942355,0.43707126,-0.067534894,-1.0,-0.8512191,-1.0,-0.38151717,1.0,-0.119691804,-0.11285097,-0.51771605
7aHSDH%GENOME007043_1033,0.07922441,-0.09831565,-0.001511615,0.20897658,1.0,-1.0,1.0,-0.1363025,-0.9426437,-1.0,-1.0,-0.22182186,0.8302617,-0.32085755,1.0,1.0,0.28046218,-1.0,-1.0,0.053340685,-0.70825416,-1.0,-0.5845639,0.9311516,1.0,1.0,-1.0,0.94920623,-0.9259206,0.74343204,0.44858146,0.52102005,-0.23144174
7aHSDH%GENOME011662_3430,0.28509456,0.55378294,-1.0,0.8537527,-1.0,0.68842494,-0.5829897,0.13502191,-0.6310147,-0.44196457,0.3661235,0.90739125,1.0,0.09567116,-0.37870657,-0.54258835,-0.35075292,0.44804367,0.6474238,-0.790638,-0.7745071,0.6730683,0.021401703,0.3944539,0.69700795,-0.5901631,0.9268155,-0.69697315,0.3108994,-0.97872996,-1.0,-0.32177424,0.6124059
7aHSDH%GENOME011692_1576,-1.0,-1.0,0.80871654,0.51480365,1.0,-0.36023027,1.0,0.5715727,0.32813588,-0.4882003,-1.0,-1.0,-1.0,-1.0,1.0,1.0,0.37754986,-0.4415874,-1.0,1.0,1.0,-0.52774435,-0.620997,-0.7005975,-0.6003158,1.0,0.11521841,0.6640054,-0.6845975,1.0,-0.96563625,0.5681288,-1.0
7aHSDH%GENOME018142_1887,-0.7020243,-1.0,0.95946956,-1.0,1.0,0.2742507,1.0,-0.8897164,1.0,1.0,-0.95825136,-0.74802667,-1.0,-1.0,1.0,1.0,0.98241293,-1.0,-1.0,0.38848445,0.16058479,-1.0,1.0,1.0,0.36397564,1.0,-0.52323616,0.53610396,-1.0,1.0,-1.0,1.0,-1.0
7aHSDH%GENOME025100_397,-0.13691658,0.28420123,0.09484334,1.0,-0.88498914,0.1545834,-0.8124242,1.0,-0.20935565,0.42350948,0.62536764,-0.3221242,-0.3925506,-1.0,-0.9911035,-0.6554733,0.09420494,0.5731091,0.69322276,-0.05225794,0.3280487,1.0,-0.7327748,-0.3513705,0.26438636,-0.9632189,1.0,-1.0,0.44263285,-0.02601969,-1.0,-0.13112731,0.23947671
7aHSDH%GENOME042562_3253,0.48399818,0.260367,0.25558543,0.8641213,-0.3302531,-0.1037674,-0.6142978,0.50328344,0.14455687,-0.87744725,0.022073086,0.64832276,0.65988,0.2858052,-0.26095182,0.22323936,-0.1268185,-0.054988425,0.07558952,-0.56052685,-0.47046834,-0.4992136,0.17314722,0.08902029,-0.44711065,-0.100829534,0.083658166,-1.0,0.27598974,-0.83493733,0.18101273,1.0,0.07001208
7aHSDH%GENOME067790_2714,-0.30303398,-1.0,1.0,-1.0,0.4239085,-0.053042583,0.7194771,-1.0,1.0,1.0,-1.0,-1.0,-1.0,1.0,1.0,1.0,1.0,-1.0,-1.0,1.0,1.0,-1.0,0.78346574,-1.0,-1.0,0.9656398,-0.33371115,1.0,-0.9756127,1.0,-0.16613413,1.0,-0.6811732
7aHSDH%GENOME070302_884,-0.07121756,-0.6548186,0.5314316,-0.35433772,0.84991664,0.98152566,0.3963314,-0.85813856,0.65351975,0.25036713,-1.0,-1.0,-0.9293766,0.5258788,0.918094,0.87987965,1.0,-0.42771804,-1.0,1.0,1.0,-0.313155,0.26094767,-1.0,-1.0,0.9454395,0.50140834,0.9325485,-0.5384738,1.0,-1.0,0.6229296,-0.6186263
7aHSDH%GENOME080077_256,0.15755935,0.14254275,1.0,-0.693011,1.0,-0.7547237,0.6330631,-0.8637816,0.92917657,0.17362961,-0.68610984,-1.0,-0.23319767,-0.5452786,0.9425487,-0.09576256,0.41643056,-1.0,-0.40621883,1.0,1.0,-0.6791604,-0.03132284,-1.0,-0.92827106,0.68298423,-0.8828017,0.89840853,-0.8261114,1.0,0.074968494,0.7610273,-0.23119807
7aHSDH%GENOME086444_1757,0.58209425,0.3917383,-0.6642202,0.71705836,-0.09041678,-1.0,-0.41499847,0.7247591,-1.0,-1.0,-0.10381287,0.30571565,1.0,-0.25679567,1.0,0.44496092,-0.18762997,0.5623521,-0.07867666,0.3661406,-0.67979556,0.41298625,-1.0,0.474838,0.89174485,-0.058050994,-0.0037923157,0.71485347,0.012586496,0.76383865,0.13604349,0.40416133,0.57423294
7aHSDH%GENOME103762_694,-0.1115238,-0.15438382,0.45929116,-0.8567179,0.91546386,0.3757854,0.32000378,-1.0,0.17164084,-0.40634403,0.15958034,0.21630503,0.5792333,1.0,-0.027018877,0.85607386,-0.56355363,-0.65270746,-0.005690391,-0.024019664,0.7345973,-1.0,-0.42707792,-1.0,-0.14252587,0.7250327,-1.0,0.24203204,0.35119513,0.53088284,0.8218768,-0.25394216,-0.07643503
7aHSDH%GENOME122758_282,-0.07007173,-0.9671372,1.0,-1.0,1.0,0.42535013,1.0,-0.76014924,0.48768845,0.5023062,-1.0,-1.0,-1.0,-1.0,0.8204596,0.8484729,0.8948587,-0.36220035,-1.0,1.0,1.0,-0.94558895,0.08912136,-0.3261144,-0.8543315,1.0,0.20537733,1.0,-1.0,1.0,0.06035244,1.0,-1.0
7aHSDH%GENOME125242_1669,-0.52148044,-0.20526698,0.44130334,-0.5898804,0.083214454,0.92943513,1.0,0.24186349,0.73484,1.0,-0.2763084,-1.0,-1.0,-0.40625662,-0.3623896,0.27199832,0.04306807,-0.1766393,-0.084388636,0.039164744,0.5987886,0.70677066,-0.7291971,-1.0,-0.6988333,0.77836347,1.0,0.47519025,0.0853415,0.4200171,-1.0,0.22386673,-0.16303828
7aHSDH%GENOME150027_3593,-0.057953294,-0.6372729,0.34062856,0.54726756,-0.91833353,1.0,-0.49428082,-0.43372008,0.5568995,0.90810007,-1.0,-0.3566705,1.0,-1.0,0.83585787,-0.048897292,1.0,-0.6994689,-1.0,1.0,1.0,1.0,1.0,-0.5519393,-0.23388635,-0.8056894,-0.53525156,0.8635332,0.24470405,1.0,-1.0,-1.0,-0.47260794
7aHSDH%GENOME215422_1346,0.3151672,0.3219869,0.18016165,0.7273022,-0.9174652,1.0,-0.3855653,0.57969683,-0.1828941,0.021368368,-0.03043727,0.74015623,-0.1145295,1.0,-0.55615735,-0.21399918,-0.4782694,-0.07536852,-0.13041626,-0.35684827,-0.8325419,0.7633333,-0.3244749,-0.26771924,-0.91346514,-0.054602906,0.23104294,-0.6374024,0.48796645,0.19127463,-0.56717265,0.115758084,0.13575418
7aHSDH%HAY2965420_1_SDR_family_oxidoreductase__Escherichia_coli_,-0.5674562,-0.3404431,1.0,0.32846534,-1.0,1.0,-1.0,-0.511944,0.7078395,0.81746435,0.19303367,1.0,0.42574808,0.5336282,-0.6132164,-0.34763253,0.20546599,-0.7016568,-0.4309499,0.10479854,0.6740581,0.88748354,0.5618582,1.0,0.14862245,-1.0,-0.22192371,-1.0,-0.16834319,0.5141386,0.32299608,-0.4832941,-0.33266366
7aHSDH%MBE5948790_1_SDR_family_oxidoreductase__Lachnospiraceae_bacterium_,0.10732439,0.27905074,0.3205143,-1.0,0.57950664,-1.0,-0.43573782,-0.9004313,0.38254967,0.37688807,-0.023003636,0.63238823,1.0,1.0,-0.13018869,-1.0,-0.9944687,-0.8999945,0.25741592,-0.03718959,0.69979906,-0.9458729,0.46495524,-0.8537501,0.45275858,0.2736514,-1.0,0.67237717,0.37677312,-0.1984869,0.5555692,-0.35262847,0.33051765
7aHSDH%MBHC130__Clostridiales_bacterium_1_7_47FAA_,1.0,1.0,-0.9862928,1.0,-1.0,0.3493186,-1.0,1.0,-1.0,-1.0,1.0,0.9035979,1.0,-1.0,-0.90632504,-1.0,-1.0,1.0,1.0,-1.0,-1.0,1.0,-1.0,1.0,1.0,-1.0,1.0,-1.0,1.0,-1.0,0.46143487,-1.0,1.0
7aHSDH%MCI7810995_1_SDR_family_oxidoreductase__Clostridiales_bacterium_,0.7278452,1.0,-1.0,0.53316694,-0.9843681,0.6506268,-0.44196305,0.76563936,-0.81552404,-0.8529948,0.58648616,0.99798304,1.0,-0.1844183,-0.8921791,-0.6946861,-0.703925,0.76662225,0.71447116,-1.0,-0.55952376,0.596989,0.0134693505,0.36681345,-0.023821814,-0.7664896,0.51008886,-0.3041645,1.0,-0.3140722,-0.24916786,-1.0,0.89741415
7aHSDH%MCI9468093_1_SDR_family_oxidoreductase__Oscillospiraceae_bacterium_,0.81229925,0.76903677,-0.9715208,0.24889703,0.020761201,0.30983222,-0.77583975,-0.24856785,-0.5002049,-0.79167014,0.3324027,0.17224039,0.41414687,0.05032034,0.059011996,-0.49240234,-0.58303404,0.13735649,0.40870643,0.04206962,-0.09741448,0.384834,-0.045518823,-0.47051835,-0.0206193,-0.26505074,0.14061894,-0.35634857,0.7991605,-0.09132062,0.34174222,-0.63327616,0.5907839
7aHSDH%MEO8122524_1_7-alpha-hydroxysteroid_dehydrogenase__Burkholderiales_bacterium_,-0.15506442,-0.76639235,1.0,0.03468182,0.453368,-0.8986695,-1.0,-0.8572725,0.6616228,0.27465802,0.39691082,1.0,-0.38208127,0.8397155,-0.11809959,0.014793339,-0.12112838,-0.77889633,-0.33778864,0.7467325,0.15026115,0.5109383,-0.3455584,0.35357362,-0.5921896,-0.6396183,-0.6301759,-0.28855506,-1.0,0.5167405,0.93732774,1.0,-0.7674452
7aHSDH%WP_003507641_1_7alpha-hydroxysteroid_dehydrogenase___Clostridium__symbiosum_,0.48949254,0.6889006,-1.0,1.0,-0.401713,0.87383336,-0.25394288,0.4233147,0.13659516,0.22416158,0.9469461,1.0,1.0,-1.0,0.57857096,-0.65433276,-0.55747783,-0.2820111,0.65234077,-0.89832324,-1.0,-0.6240464,0.54333067,1.0,-0.06492824,-0.96455216,0.16782166,-0.7955825,0.44164473,-0.70892406,-1.0,-0.27334693,0.18281305
7aHSDH%WP_025075670_1_7alpha-hydroxysteroid_dehydrogenase__Bacteroides_faecichinchillae_,0.059120756,0.13237111,0.14698146,-1.0,1.0,0.7424383,0.8496826,0.37302324,-0.12458017,-0.28098196,0.32066587,-1.0,-0.797052,-1.0,1.0,0.5921151,0.5097971,0.24076562,0.2822962,0.21846844,-0.15031268,-0.3030568,-1.0,-1.0,0.3891493,1.0,1.0,0.4169266,-0.00044558794,0.2972372,-0.09964451,0.8543496,-0.17140467
7aHSDH%WP_071121323_1_7alpha-hydroxysteroid_dehydrogenase__Romboutsia_timonensis_,0.09516692,0.0059881327,0.47558028,-1.0,-0.07900336,0.001291841,-0.3541388,-0.5198245,0.40063882,-0.13134857,-0.016542222,0.04308807,0.48176497,1.0,-0.6006453,0.23110546,-0.13591905,0.3760252,-0.11735102,-0.7581438,-1.0,-0.62177545,0.19877356,-0.47998378,0.3995958,-0.50842017,1.0,-0.42160323,0.43385264,-1.0,1.0,0.67180246,0.32238227
7aHSDH%WP_221221011_1_7-alpha-hydroxysteroid_dehydrogenase__Phenylobacterium_haematophilum_,-0.9964231,-1.0,1.0,-1.0,0.9821604,-0.006027932,1.0,-1.0,1.0,0.94974935,-0.6111405,-0.9067411,-1.0,0.98302627,0.5788387,1.0,1.0,-0.6505154,-0.93782747,0.6291922,0.50686496,-1.0,0.8320568,-0.5172839,-1.0,1.0,-0.90337783,0.50437456,-1.0,1.0,0.39881074,0.7795623,-1.0
7aHSDH%WP_262434703_1_7alpha-hydroxysteroid_dehydrogenase__Jilunia_laotingensis_,0.3392144,-0.0088921,-0.12418641,-0.4187235,-0.70972127,1.0,-0.80417603,-0.038578466,0.43236038,0.29247892,0.39081833,0.5757577,0.117365725,-0.8578001,0.027939985,-0.74225473,-0.9051673,-0.49498987,0.48126605,-0.66386944,-0.4379502,0.0020688951,0.7695068,0.60983425,0.7522383,-0.6425393,0.43660036,-0.19324952,-0.22237378,-0.439689,0.1651127,0.6771608,0.029689973
7aHSDH%WP_288686302_1_SDR_family_NAD(P)-dependent_oxidoreductase__partial__uncultured_Bacteroides_sp__,0.43095207,0.48689842,-0.40601537,0.44489843,-0.85455275,0.7270735,-0.23123933,0.3851439,0.16624409,0.5919785,0.0045140954,-0.23297876,0.2861299,-0.23175152,-0.786306,-0.5695052,-0.028296623,0.077230416,0.4767061,-0.58662933,0.11552681,-0.13188206,0.40208423,-0.5634287,0.42514792,-0.62032443,0.6523152,-0.3389852,0.54499257,-0.6571433,-0.44208518,-0.38661554,0.56338024
7aHSDH%WP_303013929_1_7alpha-hydroxysteroid_dehydrogenase__uncultured_Bacteroides_sp__,1.0,1.0,-1.0,1.0,-1.0,0.87430555,-1.0,1.0,-0.49369478,-0.33466244,1.0,1.0,1.0,-1.0,-1.0,-1.0,-1.0,1.0,1.0,-1.0,-1.0,0.3796785,1.0,1.0,1.0,-1.0,0.3282538,-1.0,0.49310678,-1.0,-0.5601197,-0.8854176,1.0
7aHSDH%WP_342232791_1_7alpha-hydroxysteroid_dehydrogenase__Pseudoflavonifractor_phocaeensis_,-0.78304774,-1.0,1.0,0.23922126,0.46539497,0.7668992,1.0,0.39848077,1.0,0.730581,-1.0,-0.49001774,-1.0,1.0,0.15709528,0.66265017,-0.081298426,-0.23754443,-1.0,1.0,0.1654307,0.16891587,0.043448232,-1.0,-1.0,0.99428505,0.27699143,1.0,-0.26023135,0.7691133,-0.36180782,0.039652538,-0.96954435
7bHSDH%GENOME075272_507,0.24343628,-0.411368,1.0,-0.58341837,1.0,-1.0,1.0,-1.0,0.3346294,0.71324956,-0.3189007,-1.0,-0.7491952,-0.54120743,0.6497849,0.30636495,0.9302689,-1.0,-0.39098254,1.0,1.0,-0.8343846,-1.0,-1.0,-1.0,1.0,0.21872868,1.0,-1.0,1.0,0.830773,0.33046502,-0.5932466
7bHSDH%GENOME213756_525,-0.52589595,-0.16541654,0.0018959333,-1.0,0.6521778,-0.55381,0.5894625,-1.0,0.9130364,1.0,-0.08052844,-0.9144134,-0.4446253,0.20938893,0.3823079,0.5340754,1.0,-0.1517516,-0.09688376,1.0,1.0,-1.0,0.053580973,-0.77800685,-0.2660599,0.42141998,-0.20158802,0.76974654,-0.5744552,0.32804528,0.18827431,-0.11401729,-0.23398986
7bHSDH%WP_394860677_1_7beta-hydroxysteroid_dehydrogenase__Mediterraneibacter_gnavus_,-0.8177704,-1.0,0.16787831,0.64744335,0.23155479,0.7285771,-0.78647757,0.41044816,0.36659476,0.21999533,-0.24327129,-0.41272518,-0.8634753,1.0,0.99336666,0.17119612,-0.58452326,0.9265613,-1.0,-0.51832247,-1.0,0.64307874,0.7981041,-0.15917051,-0.0015462497,-0.9343657,0.43502256,0.20210037,0.08201411,-0.46421507,1.0,-0.11638814,-0.63914055
BSH1%UPI0001652BA3,0.664396,0.05704579,0.39227396,0.33643228,0.21685198,-0.56002116,-0.7278136,-0.72384965,-0.0868217,0.15657833,0.17787619,0.6921682,0.53945595,-0.24552742,0.48439315,-0.27896833,-0.08529917,-0.7689825,0.1728326,0.7027926,0.92579776,-0.2978064,-0.34988216,-0.48422986,-1.0,0.36114275,-1.0,-0.059930205,-0.27665347,1.0,-0.45246124,0.63731474,-0.21876206
BSH1%UPI0001B1C28E,-0.22724904,-0.05990368,-0.29295877,-0.03254701,0.82635915,-0.051966,1.0,0.08795896,0.06867375,0.23413375,-0.8815832,-1.0,-0.8054489,-0.19270183,0.20533833,1.0,1.0,-0.5146708,-0.5759199,0.08848503,0.16498251,-0.69387496,0.31359494,0.061695382,0.98132443,0.9732984,0.061148223,0.09190808,-1.0,0.4070882,-0.798356,0.15744206,-0.46257648
BSH1%UPI0001DE6025,-0.99929744,-1.0,1.0,-0.36614224,0.36855692,-0.13495606,0.48945615,-0.7261996,0.8637465,0.747673,-0.1401755,-0.1394457,0.100177795,0.43523625,0.36865112,0.4971691,0.09109301,-0.65482765,-0.7550713,0.93649125,-0.2646495,-0.07426048,0.18962917,0.68321025,-1.0,0.2339254,-1.0,0.35393775,-0.18645726,0.87052935,0.8299495,1.0,-0.9528077
BSH1%UPI00022FF9E1,0.37894043,0.086590126,-0.6138952,1.0,0.3095134,-0.7478628,0.24534461,0.5899534,-0.76537555,-1.0,-0.002348204,0.209853,0.19481543,-1.0,0.59311783,-0.17528099,-0.6576739,0.62075436,-0.0611526,0.03301384,-0.33447903,0.44715288,-0.6613396,1.0,0.3484739,0.16131851,-0.9577408,1.0,0.3768691,0.60153484,0.1692078,-0.24675506,-0.14215659
BSH1%UPI0002624191,-0.17645238,0.044098508,0.6813144,-0.6802798,0.6477151,-1.0,0.393243,0.3371805,0.11379323,-0.00012838107,-0.023280727,-1.0,-1.0,0.9029719,-0.87704456,0.21141215,0.0028691208,0.0971947,-0.10240398,-0.5297683,0.3783363,0.08553519,-0.15067302,-0.11689245,0.65724427,0.42782977,0.5188959,0.08662592,0.44607693,-0.264234,0.48666105,0.50916606,0.03248183
BSH1%UPI0002802AC4,0.21788819,0.14756714,-0.08637879,0.7011094,0.48531768,0.24869262,-0.84326005,0.45955434,-0.22168861,-0.75304544,0.09450563,-0.026849391,-0.7577137,-0.18195595,0.23437826,-0.4031809,0.47861168,0.36602813,0.044944357,0.81176543,0.77445334,0.7018801,-0.5476652,-1.0,-0.5073958,0.19356565,-0.047133237,-0.18147182,0.5082844,0.051833313,0.28999874,-0.35903412,0.14702673
BSH1%UPI000289C842,0.14258464,0.23400557,0.19409694,-0.5287947,0.520618,0.79872745,-0.44233066,-0.74216104,0.7863684,0.48730677,0.14649452,0.07490479,0.024026148,0.70073456,0.5629845,-0.074408114,-0.2904066,-0.5335922,0.24264684,-0.62567365,-0.60572547,-1.0,1.0,-0.8100817,0.4752656,0.06190318,-0.9184016,-0.2693345,-0.0447091,-0.5109117,0.21892184,-0.46178815,0.16660336
BSH1%UPI0002CB0E7D,0.6026857,0.81174725,-0.3247383,0.89517856,-1.0,-1.0,-1.0,-0.6459171,-0.46235508,-0.17259674,0.86676633,1.0,1.0,0.9448877,-1.0,-1.0,-1.0,-0.52069557,0.81355774,0.25577638,0.64785695,0.5425907,-0.4125435,0.96938044,0.33473238,-1.0,-1.0,-1.0,0.5328402,0.18171735,0.42827073,-0.08391108,0.80581564
BSH1%UPI0002F95F26,0.024807183,0.29955,-0.26453876,-0.49801347,-0.35735285,-1.0,-0.52369326,-1.0,-0.06710935,-0.4511432,0.4671624,0.98177713,1.0,1.0,-0.21103744,-0.67656916,-0.44774303,0.06581542,0.49833933,-0.27373624,0.35830465,-0.28425065,0.5050456,-0.12661591,1.0,-0.5115481,-0.5203999,-0.6685428,0.77746964,-0.8035172,0.56209624,-0.60132945,0.54183775
BSH1%UPI00033F0DE9,0.07557522,0.17287466,-0.27986267,1.0,-1.0,-1.0,-0.8403184,0.114584066,0.22939794,1.0,0.05778098,0.69921124,0.5259228,0.73803127,-1.0,-0.7926251,-0.875406,0.11653295,0.17376819,-1.0,-0.892133,0.80384505,0.581102,1.0,1.0,-1.0,1.0,-0.73627555,0.03986455,-0.6110715,0.28910816,0.5315285,0.3142973
BSH1%UPI00035D264B,-0.026508832,-0.23111093,-0.3070627,0.20113818,0.103419915,1.0,0.028258285,1.0,-0.047908362,0.1459918,-0.065381944,-0.25001925,-1.0,0.70036227,-0.30375358,0.11205562,-0.12935883,1.0,-0.2307037,0.06880784,0.18431063,1.0,-0.27046326,-1.0,-1.0,0.25665894,-0.28496,0.6932011,1.0,0.2527161,0.03840774,-0.48791054,-0.095620155
BSH1%UPI0003A10C39,1.0,1.0,-0.840654,-0.654241,-0.16756062,-0.49389625,-1.0,0.3464327,-0.5409262,-1.0,1.0,0.26836002,0.024152406,-0.12788849,-0.7358953,-1.0,-0.87809396,0.40667802,1.0,-0.7583041,0.15877943,-0.2917758,-0.09907309,-0.22455303,0.50410503,-0.8525957,-1.0,-0.99237,1.0,-0.83349407,0.9343236,-0.06730705,1.0
BSH1%UPI00041C4F56,0.41487634,0.5049943,-0.556929,0.7270487,-0.8531968,0.97114664,-0.9617468,1.0,-0.33484638,-0.6123406,0.6027593,0.23007399,-0.92711955,-1.0,0.03667201,-1.0,-1.0,1.0,0.61062133,-0.4430969,-0.24009481,1.0,0.49872625,1.0,-0.20897844,-1.0,0.45185024,-0.35676613,1.0,-1.0,0.2701478,-0.69030863,0.6997335
BSH1%UPI00044AC395,-1.0,-1.0,1.0,-1.0,1.0,0.11116057,1.0,-1.0,1.0,0.9271687,-0.6281642,-0.4745859,-1.0,1.0,0.46513665,0.7172879,0.24133551,-1.0,-1.0,0.2921588,0.72278935,-1.0,1.0,1.0,-0.52103066,1.0,-0.46957785,0.80427796,-1.0,0.8675373,0.95562255,1.0,-1.0
BSH1%UPI0004BCDDD9,-1.0,-1.0,0.9546353,0.06032382,0.5291825,0.51219815,-0.036616925,-0.9160515,0.5807519,0.85595554,-0.4409445,0.2148781,-1.0,1.0,0.60919553,0.20655724,0.50358593,-1.0,-1.0,0.42246187,0.13924597,-0.41820434,0.8481989,1.0,-0.7161247,0.7438649,-0.090205036,-0.16836557,-0.719224,1.0,-0.111742295,0.8180929,-1.0
BSH1%UPI0004D69CD5,-0.22538213,-0.6758496,1.0,-1.0,0.44175345,-0.76572907,0.17525473,-1.0,1.0,0.26479867,-0.4228736,-0.12748215,-0.48656756,0.79331493,0.42295906,0.5529171,-0.39155418,-0.99951655,-0.5760909,0.52163804,0.11119286,-0.9271305,0.42214817,-0.07039053,0.29692718,-0.046346817,-1.0,0.8944879,-0.31799552,0.28647405,0.017514609,1.0,-0.6061583
BSH1%UPI0004D6A0E9,-0.058379587,0.19329892,0.8525758,-0.73760444,-1.0,-0.2948264,-1.0,-1.0,0.6341978,0.68773144,0.63708436,1.0,-0.14578481,0.36023262,-0.8312642,-0.799121,-0.3783527,-0.76724654,0.44725972,0.4530728,1.0,0.15724191,0.059862833,0.717818,-0.24133658,-0.7171384,-0.29774398,-0.5734734,-0.26681653,0.599559,0.13651569,0.21604697,0.071108066
BSH1%UPI0004F8D610,0.60314506,0.47439387,0.10159965,-0.29779536,0.04685304,-0.14131066,-0.26398203,0.2601621,0.49033603,-0.29574716,0.48782435,0.33894846,0.52493304,-0.7938866,-0.22318019,0.0063678105,-0.38944694,0.123741016,0.2078211,0.06520926,0.10230837,0.8059179,-0.54207224,-0.5065776,-1.0,-0.45188394,-0.88603264,0.100568324,0.7789935,0.082385264,-0.24131443,0.6004933,0.17082684
BSH1%UPI0005DBBD01,-0.12151625,-0.7668139,0.81164044,-0.68863225,0.6282551,-1.0,0.5813265,-1.0,0.15539852,0.25571996,-0.3093413,-0.8155003,-0.51548886,0.50922304,0.3889498,1.0,0.347751,-0.314573,-0.65286666,0.5635271,0.8025574,-0.7789878,0.16001594,-0.85106486,-1.0,1.0,-0.48759723,1.0,-1.0,1.0,0.78132874,1.0,-0.8019014
BSH1%UPI00064A1F29,-1.0,-1.0,1.0,-0.49225134,1.0,-0.3118211,1.0,-1.0,1.0,0.86528134,-0.88222706,-1.0,-1.0,-1.0,1.0,1.0,1.0,-0.6359464,-1.0,1.0,1.0,-0.7441247,0.26436898,-1.0,-1.0,0.81567633,0.6729083,1.0,-0.4667189,0.4042892,-0.3298967,0.44605723,-1.0
BSH1%UPI00070D1B8F,-0.4654576,-0.7587979,1.0,-0.332045,0.3906119,-1.0,0.31774384,-1.0,1.0,0.20899142,-0.92208654,-0.16988003,-1.0,0.9167899,0.28316265,0.5829274,0.87034506,-1.0,-1.0,1.0,1.0,0.02213027,0.26176032,-0.432569,-0.9259984,0.874063,-1.0,1.0,-1.0,1.0,1.0,0.74336797,-0.8515795
BSH1%UPI00073AFD00,-0.5263277,-0.7879054,1.0,-0.60197175,-0.08132089,-0.34291336,-0.3365234,-0.46746826,0.2587674,0.22788529,-0.29854855,0.050398096,-0.7125991,1.0,-0.8036976,-0.23426045,-0.65511024,-0.7656333,-0.7039141,0.15057832,-0.52782196,0.33197302,0.120726064,1.0,0.761588,-0.29910225,-0.12777029,0.5828668,-0.054251898,0.5081093,1.0,1.0,-0.58550555
BSH1%UPI00076E9CCB,-0.49556535,-0.30428544,0.8183682,-0.15781641,0.06539783,0.70441836,0.36556074,-0.54950887,1.0,1.0,-0.91492236,-0.9149064,-1.0,0.9074447,-1.0,-0.20015189,0.520547,-0.89765805,-0.5898506,0.78551435,0.9205734,-0.40581587,1.0,-0.076056845,0.08769217,0.39924702,0.80268687,0.43550447,-0.6039647,0.036798734,-1.0,0.93003184,-0.6373717
BSH1%UPI0007933BD5,0.34239814,0.77928376,-1.0,1.0,-0.70394784,-0.09327213,-1.0,1.0,-0.5241326,-0.17511076,0.48807117,0.78810483,0.50877637,0.3142898,-0.5738821,-1.0,-0.9884386,1.0,0.74823445,-1.0,-1.0,1.0,0.38411298,0.08957464,1.0,-0.90835917,0.6883205,-0.8842793,1.0,-1.0,-1.0,-1.0,0.80462563
BSH1%UPI000801FF16,0.3007786,0.5466211,-0.005156625,-0.8265304,-0.6278053,-0.7119577,-0.9377007,-0.4065255,0.4082879,0.0065557384,1.0,1.0,0.8580448,1.0,0.21805455,-1.0,-0.7811665,-0.14192563,0.7320046,-0.20545164,0.16969351,0.16547774,0.20570251,0.24286328,-1.0,-1.0,-1.0,0.008879866,0.25553074,-1.0,0.48208275,-0.089751996,0.5986563
BSH1%UPI00093BFB8C,0.09540482,0.8543404,-1.0,1.0,-0.18417893,0.6698463,-0.6678331,1.0,-1.0,-1.0,1.0,-0.07702354,0.43180084,-1.0,0.25415242,-1.0,-1.0,1.0,1.0,-1.0,-1.0,0.80987316,0.94654566,0.09586801,1.0,-0.16577934,1.0,-1.0,1.0,-1.0,-1.0,-1.0,0.89175636
BSH1%UPI000949473C,0.6556741,0.6287608,-1.0,0.899207,-1.0,1.0,-1.0,0.6661688,-0.8013321,-0.07344072,0.3117535,1.0,0.36844432,0.114886105,-1.0,-0.64971733,-1.0,0.9616936,0.5772763,-0.5166852,-1.0,1.0,0.35474253,0.8947406,0.21749222,-1.0,1.0,-0.054517154,1.0,-0.34735048,-1.0,-0.48127544,0.57711047
BSH1%UPI00095B1DAC,-0.5416796,-0.75782543,1.0,-1.0,-0.31226048,0.3321755,-0.8809314,-1.0,0.99493927,0.7566349,0.4420976,1.0,-0.27373686,1.0,-0.28058547,-0.64558417,-0.73026735,-1.0,0.0033361667,-0.1130687,0.63269967,-0.82438076,0.70914394,1.0,-0.35898486,-0.34898576,-1.0,-0.7776318,-1.0,0.11220216,1.0,0.98246217,-0.5305106
BSH1%UPI00095C7CBB,-1.0,-1.0,0.28570712,-1.0,1.0,-0.08078627,1.0,-0.39386594,1.0,1.0,-0.94993323,-1.0,-1.0,0.2044334,1.0,1.0,1.0,-1.0,-1.0,0.021456964,0.8217923,-1.0,1.0,-1.0,-1.0,1.0,-0.5140752,1.0,-1.0,1.0,-1.0,1.0,-1.0
BSH1%UPI000A00C8F6,-1.0,-1.0,0.89769906,-1.0,-0.35938394,1.0,0.3981886,0.95929736,0.6607841,0.7522452,-0.26326093,0.23651798,-0.19805463,0.36020443,0.025915565,0.24601941,0.18685941,1.0,-0.72516865,0.21315473,0.2099184,1.0,-0.22177398,-0.56120545,-0.47304702,-0.6830921,0.42270827,-0.47199664,0.18602085,-0.32973343,-0.81235236,0.9765857,-0.7903839
BSH1%UPI000BCCCB22,-0.015177353,0.7539335,-1.0,0.43723822,0.018422766,0.50829476,1.0,1.0,-0.3794282,0.5915248,-0.233924,-1.0,-0.30578762,-0.2782747,-0.650007,-0.45378733,0.1262587,0.72794235,0.26934624,-0.08031561,-1.0,-0.03459162,-0.56411475,-0.6606018,-0.21193998,0.5503762,1.0,1.0,0.7835852,-0.20073362,-1.0,-0.37610695,0.67010504
BSH1%UPI000BD3EFD5,-0.9325968,-1.0,1.0,-0.390932,0.053332202,0.98406255,1.0,-0.058287524,0.5979037,0.6696748,-0.24593285,-0.13794976,-0.26867798,-0.10116067,0.3754115,1.0,0.8935526,-0.06735916,-0.8447752,0.44397634,-0.41348726,-0.18629564,-0.16173762,0.7119493,-1.0,-0.018976584,-1.0,0.29726702,0.095877655,0.9697145,0.64273226,0.16630685,-0.8983631
BSH1%UPI000CD30963,-0.027501544,-0.24151409,0.52509296,0.9704016,-0.8562428,0.7172341,-0.6127551,0.455895,0.55076104,1.0,0.21400042,0.20688365,0.45903876,0.94638,-0.20141524,-0.34473225,-0.9470159,0.41590735,0.07498403,-0.9960422,-0.8602469,-0.25505713,0.45460078,-1.0,-0.81273323,-0.84556186,0.33294982,-1.0,0.23386236,-0.19977234,0.6718818,0.36118117,0.10350769
BSH1%UPI000CF9C992,-0.8696261,-0.3491916,-0.75983447,-0.11884058,1.0,-0.993462,0.062687784,0.18093057,0.51831686,1.0,-0.55316347,-0.28451666,-0.93137103,-0.33275712,0.41915384,-0.17202179,0.60424817,-1.0,-0.30469424,1.0,1.0,0.7184754,0.33258012,0.4442535,0.12314908,0.90093875,-0.31917915,0.49974382,-0.48463318,0.945584,-1.0,-0.73130035,-0.65122795
BSH1%UPI000DCDF6FE,-0.32809034,-0.89874494,0.6064358,-0.3731392,0.78802055,1.0,0.22047924,-0.9655482,0.9657288,1.0,-0.09146842,0.40222606,-1.0,-0.49324426,1.0,0.08907165,0.45133477,-1.0,-0.44459295,0.4691208,1.0,-0.3849339,-0.5491074,0.17081743,-1.0,0.9032317,0.2226616,0.5445561,-0.56582516,0.98767334,-1.0,1.0,-1.0
BSH1%UPI000FBCBE5B,-0.5647289,-0.41288534,0.54584575,-1.0,0.93872976,-0.07592142,0.74739516,-1.0,0.034778256,-1.0,-0.45672297,-0.50501966,0.24932495,0.62982374,0.9585855,0.7413042,0.96097994,-1.0,-0.51789707,1.0,1.0,-0.79083115,-0.36297673,-1.0,-0.5188997,1.0,0.14585014,1.0,1.0,1.0,0.7840834,-0.5767553,-0.5729164
BSH2%UPI0000382136,0.16431841,-0.5513506,-0.5318762,-0.15474479,1.0,0.9145916,1.0,-0.65927106,0.29346138,0.8917356,-1.0,-1.0,-1.0,-1.0,1.0,1.0,1.0,-0.30560604,-0.60590535,1.0,1.0,1.0,-1.0,-1.0,-1.0,1.0,-0.044688832,1.0,-0.118831374,0.7563736,0.15774445,-1.0,-0.06764208
BSH2%UPI0001534663,1.0,1.0,-0.5393581,-1.0,0.59334135,-1.0,0.04030431,0.21160087,-0.06718594,-1.0,0.6913236,-0.028090494,0.18722315,-0.9082048,0.44549567,-0.22462815,0.0061849053,0.39658678,0.7703476,-0.3552863,-0.6897564,-0.65703696,-0.48406902,-0.82775587,0.29172534,0.20419429,0.060272846,-0.72001463,-0.21976489,-0.42565772,0.9483693,0.53092784,0.800251
BSH2%UPI0001599717,-1.0,-1.0,1.0,-0.069895044,1.0,-1.0,1.0,-1.0,1.0,0.8120573,-0.91235,-0.8481296,-0.7352051,1.0,0.955613,1.0,1.0,-1.0,-1.0,1.0,1.0,-1.0,-0.35522142,-1.0,-1.0,1.0,-0.66469854,1.0,-1.0,1.0,0.91589594,1.0,-1.0
BSH2%UPI00017C25E3,0.9549527,1.0,-0.9978898,-0.46514073,-1.0,0.7096798,-0.8504854,0.8399868,-1.0,-1.0,0.49796507,0.7367416,0.97209096,0.39599407,-0.39921722,-1.0,-0.7529724,0.5601167,0.6599791,-0.69673556,-0.93517905,-0.01706337,0.034619194,1.0,1.0,-1.0,-0.35518354,-1.0,0.46059915,-0.5993092,0.585181,-1.0,1.0
BSH2%UPI0001971EB2,1.0,1.0,0.18713367,-0.67471534,-1.0,-0.18600085,-1.0,0.023915123,-0.17870602,-0.9310058,0.8081601,0.9205315,0.02784486,1.0,-1.0,-1.0,-1.0,-0.3963387,0.8131325,-0.40367982,0.5501102,1.0,-0.5063585,0.5140213,0.73802036,-1.0,-0.35660887,0.085878685,1.0,-0.25090426,1.0,0.1643397,0.85003585
BSH2%UPI0001C1C05D,-0.68594915,-1.0,1.0,-0.028134521,1.0,-0.30568078,1.0,-1.0,0.13660756,-0.24878758,-1.0,-1.0,-1.0,-1.0,1.0,1.0,1.0,-0.55999964,-1.0,1.0,1.0,1.0,-1.0,-1.0,-1.0,1.0,-0.04343032,1.0,-0.61194444,1.0,-1.0,-0.39457834,-0.91148984
BSH2%UPI0001CF4F1D,1.0,0.6017967,0.34395614,-0.47156277,-0.7193415,-0.67093813,-0.40230268,0.61568856,-0.8223241,-0.46250045,1.0,0.67010605,0.090517275,-1.0,-0.7577036,-0.34249952,-1.0,1.0,1.0,-1.0,-1.0,0.40781346,-0.8859028,0.24526286,0.080916144,-0.72411364,-0.25362906,-0.7249235,-0.7124431,-0.8777823,1.0,1.0,0.62705714
BSH2%UPI0001E69B03,0.14593285,0.6300481,-0.56855685,0.61793196,0.18247645,-0.555127,0.012962369,0.2591618,-0.46962097,-0.5517081,-0.049863335,-0.8581771,0.49125957,-1.0,-0.027775548,-0.08536608,0.6248203,-0.23381186,0.17605898,0.39799798,0.33213168,0.4657811,-0.7335232,0.32896423,1.0,-0.08401174,0.25110328,-0.6328601,0.8388428,-0.12736662,-0.5988579,-0.40773788,0.29115224
BSH2%UPI0001FDAFAC,-0.57885927,-0.45295733,0.59059,-1.0,0.5141305,-0.39744207,-0.17317541,-1.0,0.906205,1.0,0.06385396,0.069495216,0.3210546,0.18774104,0.23354031,0.11374404,0.51534516,-1.0,-0.18235101,-0.07552147,0.590699,-1.0,1.0,0.098166704,0.6632924,0.31042865,-0.40551478,-0.05440966,-1.0,0.11342489,-0.18858112,0.28670675,-0.6676255
BSH2%UPI0002814877,-0.68022597,-0.76608896,1.0,-0.71023524,1.0,-0.2385648,0.41458353,-1.0,1.0,0.3587459,-0.44869924,-0.98237693,-0.60099345,-1.0,0.70665723,0.17403659,0.054713722,-1.0,-0.6026285,0.9231451,1.0,-1.0,1.0,-0.29345018,-0.73596036,1.0,-1.0,1.0,-0.8533721,0.8610903,0.56146497,0.8580959,-0.8609327
BSH2%UPI000335FD2D,0.24279399,0.39330214,-0.91146374,1.0,-1.0,-0.8002788,-1.0,0.68794525,-0.955379,-1.0,0.40499797,1.0,0.46402314,0.28108853,-1.0,-0.8412255,-1.0,0.82758844,0.42773238,0.4977531,-0.15892598,1.0,-0.8093234,0.44806543,0.28497943,-1.0,1.0,0.7017939,1.0,-0.15352777,-0.6696288,-0.26637593,0.34089363
BSH2%UPI00033874A8,-0.16503865,-0.26814252,0.89547205,-0.31243947,0.19137424,0.6145102,0.9242558,-0.27189678,0.35748932,-0.30554926,-0.3680266,-0.05209217,-0.28910875,-0.30789456,0.66854733,0.8946108,0.37663984,-0.90647805,-0.38589928,-0.30528942,0.06318483,-0.4950247,-0.46082094,-0.64289373,-0.81999314,0.89930487,0.7052959,1.0,0.6380835,0.96954066,-0.6096455,-0.5704342,-0.4386358
BSH2%UPI00033AD64E,1.0,1.0,-1.0,0.8931913,-1.0,1.0,-0.44131112,0.9006117,-1.0,-1.0,0.73800457,1.0,0.8446127,-0.4018148,-1.0,-0.9606969,-1.0,1.0,0.92000127,-0.6584221,-1.0,0.77556634,-1.0,1.0,0.27979022,-1.0,1.0,-0.4724273,0.9280263,-1.0,-0.2007474,-0.9410907,1.0
BSH2%UPI00033F049A,0.70405895,0.9831787,-1.0,1.0,-0.21893655,0.78749925,-0.22596325,0.9401575,-0.9323446,-0.33090082,0.16337608,0.04592013,0.06579488,-1.0,-0.56843615,-0.46443588,-0.26009744,0.8110589,0.51489824,0.4328059,0.68696976,1.0,-0.75978917,-0.1292321,-0.19804616,0.29255858,0.07801718,0.67503494,1.0,1.0,-1.0,-1.0,0.5727215
BSH2%UPI00038B932A,-1.0,-0.81134665,0.62660116,-0.89153874,1.0,-0.6965384,1.0,-1.0,0.46610713,0.06176435,-1.0,-0.45611578,0.83100086,-0.6689428,1.0,1.0,1.0,-1.0,-0.7067457,1.0,1.0,-1.0,1.0,-1.0,0.4728013,1.0,-1.0,1.0,-1.0,-1.0,-1.0,-1.0,-0.23932895
BSH2%UPI000396CDDF,1.0,0.94248474,-0.523941,0.32569337,-0.41170102,0.33354646,-0.6838749,0.25091988,-1.0,-0.7429678,1.0,-0.4282751,0.4268809,-1.0,-0.9346903,-1.0,-0.7268298,1.0,1.0,-1.0,-0.9136041,-0.7838775,-1.0,0.45959526,0.74381524,-0.25444317,1.0,-1.0,-0.24101101,0.118831895,1.0,1.0,0.50995123
BSH2%UPI000463FA77,-0.44107428,-0.67694247,1.0,-0.5777027,-0.33045244,-0.2588574,-1.0,-0.46570924,1.0,1.0,-0.92228466,-0.50311965,-0.36480206,1.0,0.00048965367,0.17306067,0.3037966,-0.64433116,-0.8628316,0.436197,0.18439588,-0.5759401,0.74366534,-0.16347957,0.76544917,-0.666335,0.09597163,0.7481785,-1.0,0.123284355,0.34550676,1.0,-0.6572641
BSH2%UPI0004B97954,-0.26936898,0.17346355,-0.38767743,-0.8613212,-0.00883726,1.0,-0.34035325,0.61696947,0.55940855,0.731366,-1.0,-1.0,-0.4919502,0.34726414,-0.8775993,-0.25234866,0.34749654,0.12990639,-0.15852267,0.15796229,0.7365112,0.14151786,0.57335603,-1.0,1.0,0.9669897,0.118982166,0.4546549,1.0,0.106853314,-1.0,-0.4187773,0.11639308
BSH2%UPI000508CF7A,-1.0,-1.0,1.0,-1.0,1.0,-0.8758181,0.029074535,-1.0,1.0,1.0,-0.20360033,-1.0,-0.8298693,-0.35656312,1.0,0.6837035,1.0,-1.0,-0.67418706,1.0,1.0,0.34288055,0.2426704,-0.7350339,-0.38630098,1.0,-0.928815,1.0,-1.0,0.29513952,0.8016556,1.0,-1.0
BSH2%UPI00050FFCF5,0.3540767,0.2717144,-0.39557618,-0.23991941,1.0,0.069977716,0.7866148,0.39471278,-0.6350484,-0.64137274,0.008663157,-0.5980595,0.27288365,-1.0,0.58655727,0.91967154,1.0,0.16843012,0.064041674,0.12845737,0.27937013,-0.48815718,-0.39427066,-1.0,-0.7857033,0.99810493,0.5903938,0.28939682,-0.17383915,-0.5147243,-0.49726006,-0.3988187,0.12126937
BSH2%UPI0005738721,-0.25072232,-0.39183718,1.0,0.25276083,0.24028562,-1.0,-0.16550587,-0.16466461,1.0,0.78540874,-0.24482092,-0.5857334,-0.2081349,0.7013044,0.27546158,-0.45167726,-1.0,-0.46048987,-0.28641436,-0.20169121,0.26575065,-0.49044767,1.0,0.26811394,0.8521873,-0.08635954,-1.0,-0.21415111,-0.9953443,0.52263737,0.9891172,0.28553978,-0.26590544
BSH2%UPI0005D317A6,-1.0,-1.0,1.0,-0.76750964,1.0,-0.6572067,0.99206173,-1.0,0.99587417,0.65082717,-1.0,-0.773388,-0.84810466,1.0,0.73773974,1.0,1.0,-1.0,-1.0,1.0,0.90861714,-0.31238085,-0.7407701,-0.89459485,-0.37581652,1.0,-0.22342134,1.0,-1.0,0.64283633,0.55090404,1.0,-1.0
BSH2%UPI0005DCCFF2,1.0,1.0,-1.0,1.0,-1.0,0.024019234,-1.0,1.0,-1.0,-1.0,1.0,1.0,1.0,-0.17391165,-1.0,-1.0,-1.0,1.0,1.0,-1.0,-1.0,1.0,-1.0,1.0,1.0,-1.0,1.0,-1.0,1.0,-1.0,1.0,-1.0,1.0
BSH2%UPI0006649122,-0.90452737,-0.8678082,0.70382845,-1.0,0.78768724,-0.049775764,1.0,-1.0,1.0,0.9534543,-1.0,-1.0,-1.0,-0.50048023,1.0,1.0,1.0,-1.0,-1.0,1.0,1.0,-1.0,0.7922964,-0.69500643,0.4401729,1.0,-1.0,1.0,-0.78506845,1.0,-0.03284901,-0.060194,-0.8795715
BSH2%UPI0006A496D2,-0.75544,-0.7035774,0.77490854,0.47616515,-1.0,0.6912233,-1.0,0.57878256,1.0,1.0,-1.0,0.48586178,0.42631194,1.0,-0.47113538,0.12942246,0.21107626,0.018350687,-0.9272604,-0.43036243,-1.0,0.19646052,0.76009977,-0.007289282,0.18759915,-1.0,0.30856243,1.0,-1.0,-0.52376497,0.09679828,0.73512393,-0.30630612
BSH2%UPI0006BFFEB7,-0.9676247,-0.46928668,-0.85826474,-0.056069255,0.31199956,-1.0,0.14711064,0.318485,0.34205538,0.43812725,0.2864883,0.5733236,-0.1020277,0.4516779,-0.5515605,-0.49339667,-0.4604902,0.9358726,0.26258242,-1.0,-1.0,0.32274878,1.0,1.0,1.0,-0.17791037,0.9861327,-1.0,-0.30794528,-0.9673458,-1.0,-0.83741856,-0.15892433
BSH2%UPI0006C043E9,0.40169424,-0.0257143,0.38395116,-1.0,-0.55205697,-0.05943176,-0.17285538,-0.3389914,0.69502795,0.46425125,-1.0,-1.0,0.23671876,0.6899002,1.0,-0.05068737,0.6103911,-0.6737772,-0.40357038,0.16451973,0.24562564,-1.0,0.3509958,-1.0,-0.44654655,0.51518494,-1.0,1.0,0.32996204,0.42588645,0.5160569,1.0,0.005640839
BSH2%UPI0006C0EB58,-0.5423593,-0.30377987,-0.14299357,-0.39999256,0.7041489,-0.27936113,0.31712005,0.31825784,-0.32229817,0.17642087,-0.019323053,-0.18823838,-0.5547812,-0.9678675,0.47550234,0.35109726,-0.06925926,0.24946451,-0.25320855,-0.45793444,0.0057867193,0.4352857,-0.30468792,0.8147267,1.0,0.24469468,-0.23816408,0.027369859,0.27094728,0.42387474,-1.0,0.21198207,-0.43225947
BSH2%UPI0006C1ADDE,0.12095134,0.057689436,-0.8813247,0.11455688,0.6917418,1.0,1.0,0.96092117,-0.7411384,-0.8368458,0.2966332,-0.95550716,-1.0,-1.0,1.0,1.0,-0.017271206,0.7816503,0.11559977,-0.13662308,-0.9486633,0.112011984,-1.0,-1.0,-1.0,1.0,1.0,1.0,0.6599248,1.0,0.058848504,0.32659137,-0.2851814
BSH2%UPI0006C23C60,0.79023933,0.7821773,-0.5619224,1.0,-0.7495804,-0.91120523,-1.0,0.94902396,-1.0,-0.6464946,0.76250887,0.2326251,1.0,-1.0,-0.24434951,-1.0,-1.0,1.0,0.94006485,0.42721805,0.24372506,1.0,-1.0,-1.0,0.33633745,-0.79640305,0.36764714,0.7577565,0.6323564,0.4014512,0.25039846,0.5960709,1.0
BSH2%UPI0006C28698,-0.46868694,-0.5093655,0.3541896,-0.16630994,0.06011617,0.085322745,-0.5246711,0.4314896,0.06608673,-0.08052372,0.14577328,1.0,0.3078432,1.0,0.04408658,0.543944,-0.43938184,0.5631428,-0.2483708,-1.0,-1.0,-1.0,0.96998847,1.0,1.0,-0.9865505,-1.0,-0.7297287,0.37643674,-0.8028302,-0.57761616,0.04050127,-0.3452954
BSH2%UPI0006C3C90B,-0.70886874,-0.4787491,0.35780722,-1.0,1.0,-0.7778223,0.6016375,-1.0,0.9012338,1.0,-0.05815909,-0.5712999,-0.91798353,-0.20662561,0.43215346,0.72559214,0.71680546,-0.92769134,-0.34649262,0.42108843,0.8269401,-1.0,0.9442079,-0.29955217,0.2786285,0.77070206,-0.19886982,0.81098634,-1.0,0.4630552,-0.41005945,0.23068517,-0.7606654
BSH2%UPI0006C45BC8,-1.0,-1.0,0.00049019745,-0.9293924,0.40743494,0.7746775,-1.0,-0.38751152,0.8527749,0.6991716,-1.0,0.10573267,-0.34241757,1.0,0.03013297,0.42619884,0.2685046,-0.88214964,-1.0,-0.82706505,-0.61023563,-0.9134935,1.0,0.84451544,1.0,-0.17707995,-0.6004861,-0.05533253,-0.6569734,-1.0,0.058328457,0.5730522,-0.7385196
BSH2%UPI0006C4A6B6,1.0,1.0,0.21487617,0.5795277,-0.16532502,-0.20160435,-1.0,0.5190708,-0.083430104,0.47071317,0.5676282,0.24978821,-0.40458965,0.6147658,-0.42877254,-1.0,-1.0,0.21706176,0.7979431,-0.4879582,-0.95737684,-0.6247497,0.18833365,-0.8854685,0.50335276,-0.622276,-0.6285904,-0.09414893,-0.09546317,-0.98844457,1.0,-0.7085274,0.99628884
BSH2%UPI0006C52F45,0.06320826,-0.49134502,1.0,-1.0,-0.22770114,-1.0,0.6261362,-1.0,1.0,1.0,-0.009420315,0.60666084,-0.8089374,1.0,-0.51553196,1.0,-0.5818745,-1.0,-0.56024617,-0.9039195,0.3985027,-1.0,0.654388,-0.7350838,-1.0,0.28746548,-1.0,0.277243,-0.70371974,1.0,1.0,1.0,-0.61063784
BSH2%UPI0006C5C844,0.10615474,0.31151876,0.6434661,-0.56318,0.07321175,-0.23359749,0.04547332,0.25894344,1.0,1.0,0.0565911,-0.95074403,-0.02992372,0.026875459,-0.24236754,0.09791774,-0.35914773,-0.60008204,0.04281069,-0.91972727,-0.24842998,-0.8617195,0.504838,-0.6975656,-1.0,0.2829369,-0.4363903,0.41453755,0.1250374,0.11401278,0.48816082,0.4578063,0.14264034
BSH2%UPI0006C706B0,0.7913015,0.9496197,-0.098351814,0.37723297,-0.8819258,-0.4922239,-0.1464702,-0.4474236,0.090774916,-0.02821291,-0.2065451,0.1888444,1.0,0.15614747,-0.6115832,-0.68680644,-0.67390734,-0.768229,0.2404781,-0.09026888,-0.24686328,-0.72167504,0.77612436,0.68443435,0.56342185,-1.0,-1.0,-0.9005508,0.46768746,-0.17080712,0.31108952,0.3508873,0.8239854
BSH2%UPI0006CAB5AD,-0.87385935,-0.8980283,0.0749365,0.53143007,-1.0,-0.6290318,-1.0,0.39036238,0.33833387,0.6441904,0.20425126,1.0,0.5646079,1.0,-1.0,-0.102974005,-1.0,0.27451783,-0.33358547,-1.0,-1.0,0.12296001,1.0,1.0,1.0,-1.0,0.26615342,-0.039061036,0.5744277,0.22406612,-0.19839087,0.25084835,-0.42713463
BSH2%UPI0006CABDF6,-0.07263679,0.53076047,-0.28223875,0.7262894,-1.0,-0.23231569,-0.84797907,0.47635096,-0.37586397,-0.010592115,0.72613454,-0.20242281,0.5978066,-0.24960028,-1.0,-1.0,-0.58966196,0.2841573,0.7426614,0.50483346,-0.22737727,0.6316783,-0.7139151,0.27737758,0.32464564,-0.5551821,0.64185023,-0.39864278,0.3303329,0.07494236,0.3909537,0.18526503,0.31389627
BSH2%UPI0006CABE2C,-1.0,-1.0,0.96795934,-1.0,1.0,-0.2738889,1.0,-0.20770982,0.17562246,1.0,-0.00086837856,-1.0,-1.0,-1.0,1.0,1.0,1.0,0.7414115,-0.3347606,1.0,1.0,0.5930777,-1.0,-1.0,-1.0,1.0,1.0,1.0,-1.0,1.0,0.1763326,1.0,-1.0
BSH2%UPI00082051E1,-0.11687538,0.2566649,-1.0,-0.67458785,-1.0,1.0,-1.0,1.0,-1.0,-1.0,0.36455473,1.0,0.7625914,0.6952688,-0.22014292,-1.0,-1.0,1.0,0.3525877,-0.55957294,-1.0,1.0,0.15936922,1.0,1.0,-1.0,0.92322373,-0.28145024,1.0,-1.0,-0.565704,-0.97156304,0.52264494
BSH2%UPI00082062C1,-0.5995928,-0.5343982,1.0,-1.0,0.22615795,-0.5325692,-0.23151249,-1.0,1.0,1.0,-0.28487614,0.0232766,-0.17054972,0.47251174,-0.95628947,0.12904286,0.7437751,-0.8995427,-0.33077803,0.6224441,1.0,-1.0,-0.16083296,-0.48891607,0.48150644,0.4481265,-0.76947737,-0.30529025,-1.0,0.5579499,0.4686198,1.0,-0.51739824
BSH2%UPI000820857A,-1.0,-1.0,1.0,-0.3250449,1.0,-0.643549,1.0,-0.055958483,0.53694266,0.12935193,-0.9320036,-1.0,-0.7656185,1.0,1.0,1.0,1.0,-0.50647366,-1.0,0.29375646,-0.23074265,-1.0,0.11167444,0.58812445,-1.0,1.0,-1.0,0.41544652,-1.0,0.6964727,-0.69202644,0.014109701,-1.0
BSH2%UPI000820B778,-0.29214457,-0.22386865,0.39113638,-0.22729422,0.006696101,-1.0,-1.0,-0.225,0.60259265,0.75659424,-0.111898094,0.82843614,1.0,1.0,-0.5700346,-1.0,-0.66839075,-0.506716,-0.16031891,-0.14259622,-0.7118441,-0.25887913,0.7021104,0.38678664,0.9270321,-0.73349303,-1.0,0.03302082,0.5435388,-0.64213914,0.39503384,0.07802995,-0.0881632
BSH2%UPI000820F666,1.0,1.0,-0.687791,0.012839518,-0.8523192,-0.8930302,-1.0,1.0,-0.76938534,-1.0,1.0,0.6006729,-1.0,-0.11419604,-1.0,-0.9938537,-0.8680665,1.0,1.0,0.28745896,0.6772849,1.0,-1.0,-0.36145574,-0.29618526,-0.96137786,0.9228259,-1.0,1.0,-0.15384756,-0.0021896483,-0.40233207,1.0
BSH2%UPI000821232B,0.6529332,0.82498634,-0.35347217,1.0,0.34746963,0.6667308,0.94734144,1.0,0.1985126,0.6918318,0.17472172,-0.3730294,-0.56566644,-0.67782396,-0.2426771,0.5134558,0.4282878,0.62295955,0.40515327,-0.74427295,0.01688711,-0.0219797,-0.23045152,-1.0,-1.0,0.2398615,0.5443142,-1.0,0.21754459,-1.0,-0.6918727,-0.5255575,0.609464
BSH2%UPI0008219BA0,-1.0,-1.0,0.55906105,-1.0,0.548194,1.0,0.50832087,-1.0,0.5627907,0.6521129,0.000548282,-1.0,-1.0,-1.0,0.6200372,0.55169094,0.97412974,-0.6841239,-0.27334988,1.0,1.0,0.2542848,0.2595836,0.6925175,-0.111181155,1.0,0.4445715,0.67940736,0.07076787,1.0,-1.0,-0.51174754,-1.0
BSH2%UPI000821B1D8,0.16381414,0.5652501,-0.58451533,0.13074358,-0.43847653,1.0,0.53189814,0.6240525,-0.27169773,1.0,0.33926567,-0.026136346,0.56626093,-0.9692097,-0.37977237,0.022979498,-0.17386548,0.39038882,0.5170964,-0.71686816,-1.0,-0.5676301,0.16905273,0.15891196,0.90265894,-0.2969427,0.85185236,-0.69905716,-0.20253988,-0.39686942,-0.18868661,-1.0,0.66023177
BSH2%UPI000821B9AC,-1.0,-1.0,0.03029423,-1.0,-0.33555523,1.0,0.14599153,-1.0,0.6323338,1.0,-1.0,-0.6950886,0.16670583,-0.60727626,1.0,1.0,1.0,-0.7177964,-1.0,0.8907949,0.5927403,-1.0,1.0,0.36468557,0.65344375,0.6910006,0.19631079,1.0,-0.4474259,1.0,-1.0,0.5263511,-1.0
BSH2%UPI000821FD65,-0.58520645,-0.050925612,-0.020972902,0.6942498,-1.0,0.42363745,-0.48915595,0.98335564,0.9017546,1.0,-0.3617702,0.8443652,0.24768087,0.07207375,-0.90457255,0.15449458,0.017600445,-0.13046397,-0.062148746,-1.0,-1.0,-0.14554073,1.0,1.0,1.0,-1.0,-0.42269078,-0.40375233,0.22940373,-0.20973362,-1.0,-0.77726495,-0.039981987
BSH2%UPI0008222B5A,-0.09409169,0.05227817,0.7339555,-0.14710489,0.08787528,-1.0,1.0,0.13992532,-0.10327874,-0.80057377,0.14246586,0.4658703,0.4864223,0.45920256,-0.6433922,0.2745696,-0.2726829,-0.24518365,-0.03683342,-0.22434597,-0.25968444,0.29249376,-0.37591946,0.79390335,0.7604707,-0.09630962,-1.0,-0.013684635,-0.4709318,0.3686414,0.2403585,0.1629794,-0.034689024
BSH2%UPI00082257EE,-1.0,-0.7018016,0.75087845,-1.0,1.0,1.0,1.0,-1.0,0.29193842,0.49320987,-1.0,-1.0,-1.0,-1.0,1.0,1.0,1.0,-0.59028697,-1.0,1.0,1.0,-1.0,-0.8061345,-1.0,-1.0,1.0,-0.84835243,1.0,-1.0,0.3411802,-1.0,-0.921644,-0.9444075
BSH2%UPI000822F9A5,0.42631638,0.47660896,-0.42986983,0.95574534,-1.0,-0.99455523,-0.78671014,0.47729665,-0.61827576,-0.24824353,0.63050663,1.0,1.0,-0.08763831,-0.93119293,-0.7499344,-0.49234366,-0.45987907,0.6302218,-0.43775395,0.014180603,-0.094932504,0.7949185,1.0,0.6749982,-1.0,-1.0,-1.0,1.0,-0.5525644,-0.26095745,-1.0,0.27359006
BSH2%UPI0008230885,0.7914912,0.44457656,0.024106413,0.45579934,-0.88167757,-0.03172402,-0.03140905,0.35407037,0.040872704,0.17793079,0.32337555,-0.29603893,-0.6282188,-1.0,-0.07077992,-0.14543918,-0.6378351,0.6536149,0.3027207,-0.09157156,-0.56196237,-0.49459088,0.18149382,0.9850101,0.3996335,-0.8115769,0.38092917,-0.632485,-0.13743679,-0.10363651,0.086605474,0.4219542,0.32140863
BSH2%UPI00082332C0,1.0,1.0,-1.0,0.342858,-1.0,0.4352668,-0.9582069,1.0,-1.0,-0.39515808,1.0,0.47654673,1.0,0.16526318,-0.755217,-1.0,-1.0,1.0,1.0,-1.0,-0.7724994,0.5985399,-0.4931689,-0.64851415,0.9407261,-1.0,1.0,-1.0,1.0,-1.0,0.13259521,-0.74027526,1.0
BSH2%UPI0008E59C2D,-0.23136503,-0.32929915,1.0,-1.0,1.0,0.5291607,1.0,-0.54841214,1.0,1.0,-0.2892069,-0.20622166,0.18396328,-0.3017231,1.0,0.7315391,0.13614689,-0.8825543,-0.43894893,-0.6174741,-0.9304688,-1.0,0.601067,-0.03188644,-0.35345006,0.73408014,-1.0,0.7635295,-1.0,0.35207346,0.14848876,-0.018880634,-0.47270352
BSH2%UPI00095B7069,-0.19566672,-0.102993876,0.41891944,0.09080408,-0.69491893,0.32099086,1.0,-0.36723948,-0.5015953,-0.5682949,-0.5026709,0.18132384,0.51330245,-0.6473297,0.08366446,1.0,-0.1367796,-0.27522302,-0.50144774,1.0,0.43146932,0.3582654,-0.30961895,0.288131,-0.8395411,-0.42377788,0.3116025,0.36500612,0.11379071,1.0,-0.15043478,-0.8456651,-0.13071732
BSH2%UPI000960BD65,-0.43634126,-0.27642876,0.1513339,1.0,1.0,0.4478629,0.37447748,-0.38094604,0.47162944,1.0,-1.0,-0.8269494,-0.38978654,-1.0,1.0,0.67218626,1.0,-1.0,-0.951378,0.3146814,-0.4987891,-0.9910429,0.6535005,-0.14321244,1.0,1.0,-0.008547198,-0.42697182,-1.0,0.77557516,-1.0,0.61258787,-0.7439236
BSH2%UPI0009611255,-0.95429635,-1.0,1.0,-0.7908222,1.0,-0.76904786,1.0,-0.6998222,1.0,1.0,-1.0,-1.0,-0.5352477,-0.023401283,1.0,1.0,0.73314804,-1.0,-1.0,1.0,1.0,-1.0,0.2869196,-1.0,-0.5065535,1.0,-1.0,1.0,-0.54938877,1.0,0.16882104,1.0,-1.0
BSH2%UPI000961A2BF,0.044037115,-0.32207555,0.29114398,0.8959697,0.4523067,0.77933025,-0.20346937,0.5150766,0.37602454,0.25238732,-0.43161148,-0.5006846,-0.4294358,0.23410933,0.3109922,-0.4539532,-0.14488064,-0.584914,-0.4019314,-0.5608034,0.010376318,-1.0,0.99698365,0.6978786,0.68657,0.6259742,-0.5750373,0.021787478,-1.0,0.446827,-0.3498275,0.2407722,-0.4435397
BSH2%UPI000965B48B,-0.20018122,0.029872797,-0.108441815,1.0,-1.0,1.0,-1.0,1.0,-0.52433926,-0.18249084,0.59498626,1.0,0.8048212,-1.0,-0.53223884,-0.04571491,-0.122127876,1.0,0.63348305,-1.0,-0.8481078,1.0,-0.60643584,0.6692301,1.0,-1.0,1.0,-1.0,-0.07969287,-0.8760794,-1.0,-0.45278588,0.1157001
BSH2%UPI000966A84B,-0.12450951,-0.2931436,0.30238464,0.39751706,-0.6072718,-1.0,-0.8097239,-0.543389,0.5470502,-0.1542456,0.2598008,0.60182667,1.0,0.020903224,-0.59790695,-0.3396605,-0.9532086,-0.14031155,0.20696542,0.103775926,-0.81308925,-0.8531425,1.0,0.63772184,1.0,-0.619552,0.07606116,-0.33750147,-1.0,-0.7397273,1.0,0.5344611,0.020981094
BSH2%UPI00096829BD,0.4097461,0.81244105,-1.0,1.0,-1.0,0.94312435,-0.57640773,1.0,-1.0,-1.0,0.53575486,0.9992467,1.0,-0.38978964,-0.8010574,-1.0,-0.9804697,1.0,0.70253307,-0.78279597,-1.0,1.0,-1.0,-0.37814602,1.0,-1.0,1.0,-0.53918856,1.0,-1.0,-0.880797,-0.82496053,1.0
BSH2%UPI0009698BA7,1.0,1.0,-1.0,-0.0302821,-0.88106555,-0.55082095,-0.0606024,0.4340523,-1.0,-0.5204583,1.0,0.8188235,1.0,-0.54525787,-0.34463918,-1.0,-0.6876383,0.91060203,1.0,-1.0,0.18593737,0.21077698,-0.8384098,-0.19145007,1.0,-0.922008,-0.69015455,-1.0,0.42015505,-1.0,1.0,-1.0,1.0
BSH2%UPI0009C3B121,-0.68852,-0.56289077,0.84805,-1.0,1.0,-0.0664723,1.0,0.019428715,1.0,1.0,-0.6870307,-1.0,-0.89939475,1.0,0.72481513,0.6227686,1.0,-0.46644148,-0.8341647,-0.17567179,-0.77505076,-0.9151633,0.29713124,-0.91808194,-1.0,1.0,0.6291885,0.07001199,-0.44803303,0.56005204,0.8957374,0.21476632,-0.5291352
BSH2%UPI000B3674FC,1.0,1.0,-1.0,1.0,-1.0,1.0,-1.0,1.0,-1.0,-1.0,1.0,1.0,1.0,-0.7566531,1.0,-1.0,-1.0,1.0,1.0,-1.0,-1.0,0.60663116,-0.41452742,1.0,1.0,-1.0,1.0,-1.0,0.106946275,-1.0,-0.314024,-1.0,1.0
BSH2%UPI000B38AD3B,0.13120669,0.023291247,-0.29065132,0.8838227,-0.20389673,-0.42601076,-0.044185143,0.63246053,-0.24188808,-0.27853835,0.038604848,-0.086576395,0.23491895,-0.2564672,0.07096667,-0.47754267,-0.7312924,0.24207208,0.10447459,0.44740674,0.4433424,0.78142595,-0.5241681,-0.7635388,-1.0,-0.03516096,0.8883976,0.19632581,0.7990691,0.6459235,-0.6725705,0.356889,0.0008030374
BSH2%UPI000B431D75,1.0,0.71924376,0.21576329,0.040573657,1.0,-1.0,0.6716075,-0.48526108,0.11661861,-0.5017924,0.7623032,0.6576314,0.74046206,-0.27717176,0.44664583,-0.12893845,-0.8678908,-0.39368454,0.52278167,-0.7059243,-1.0,-1.0,-0.42916724,0.5825057,-0.28611183,0.69066274,-1.0,-0.102004446,-0.8560566,-0.45598453,0.009223897,1.0,0.09275167
BSH2%UPI000C84F661,-0.13227445,-0.06499291,0.15352963,-1.0,1.0,0.84371364,0.2683325,0.23939648,0.63460004,0.8140665,-0.19760178,-0.3290526,-1.0,0.01675588,0.45258978,0.348211,0.26273075,0.015440611,-0.12122766,-0.26393068,-0.43580362,-0.3830694,0.9015831,-0.7147344,-0.48042598,1.0,-0.18035382,0.45384043,0.1392278,-0.7303737,-0.41766265,-0.8500724,-0.26113567
BSH2%UPI000D1261F9,-0.9718824,-1.0,0.8792471,-1.0,0.6759408,0.9088687,-0.6657833,0.046842378,0.5410571,-0.6732799,0.05981306,0.50548023,-0.65456784,0.1911462,1.0,1.0,0.71410954,0.0378233,-0.47941935,1.0,1.0,1.0,-0.59143144,-1.0,-1.0,0.4914593,0.36939546,0.41691306,0.47329348,0.23500143,-0.55106837,1.0,-1.0
BSH2%UPI000D58F0CE,0.82080036,0.69010186,-0.1737965,0.2185502,0.16333365,-1.0,-0.18020606,0.6365378,0.121519506,-0.06428774,0.40706733,0.5742428,0.3770916,1.0,-0.50177944,-1.0,-0.31132224,-0.0813352,0.5854815,-0.1602849,1.0,0.3241731,-0.23150654,-1.0,-1.0,0.00016949787,-0.9546567,-1.0,0.7827997,-0.58025914,1.0,0.055650707,0.5339494
BSH2%UPI000D6581CE,-0.65763044,-0.7249972,0.19114298,0.4078181,0.27587128,1.0,0.54021335,1.0,-0.2258701,-0.41562828,-0.38464835,-0.5097218,-0.60121095,0.44577172,0.49950612,1.0,1.0,0.87657195,-0.60698944,0.5724013,-0.4628111,1.0,-0.60695595,-1.0,-1.0,0.54976714,0.90651834,-0.48082015,0.06518822,-0.39088753,-1.0,0.66016144,-0.5421781
BSH2%UPI000D7ABA35,0.034053322,0.115355305,0.65678006,-0.5903947,-0.34940875,0.03101649,0.72866875,-0.28193787,1.0,1.0,-0.023733564,0.36121902,0.5745885,0.9289411,0.1544481,-0.008906701,-0.94930077,-0.5639313,0.15678404,-0.5131077,-0.45320225,-0.90845555,0.6964506,-1.0,-1.0,-0.4098157,0.027141104,0.6721896,-0.18860936,-0.16827674,0.3690936,-0.20844756,0.22500755
BSH2%UPI000D7ADB68,1.0,1.0,-0.3746577,-1.0,0.5108158,-1.0,-0.45746952,-1.0,-0.46619108,-1.0,0.61300254,0.03625573,1.0,-0.8918268,0.47154915,-0.6382693,-0.27554223,-0.3501476,0.8746471,-0.10407145,0.08555246,-1.0,-0.17819394,-0.43151957,1.0,-0.04434921,-1.0,-0.84556836,0.48985755,-0.46472526,1.0,0.456622,1.0
BSH2%UPI000D7AF0AB,-0.17338051,-0.3815791,0.6416158,0.8319056,0.889521,-1.0,0.6497952,0.1885675,0.94716984,0.25841117,-0.31530187,-0.39257994,-0.42998597,1.0,0.8645179,-0.0621396,-0.86200035,-0.8464965,-0.42690623,0.2786544,-0.04283931,-0.96651876,0.35573512,-0.7932086,-1.0,0.5891915,-0.8484647,-0.07405736,-0.21673186,0.5213491,1.0,1.0,-0.31143758
BSH2%UPI000DF74F5E,1.0,1.0,-0.31566888,1.0,-1.0,0.25327435,-0.7730805,1.0,-1.0,-1.0,0.83591676,1.0,1.0,0.69806474,-1.0,-1.0,-1.0,1.0,0.9074719,-1.0,-1.0,1.0,-0.9153138,0.6613839,-0.493077,-1.0,0.6665269,-1.0,1.0,-1.0,0.78396004,-1.0,1.0
BSH2%UPI000DF7AEC4,-0.25667295,-0.5776344,0.7378444,-0.45890075,1.0,-0.628492,0.045952715,-1.0,0.75563073,0.1596042,-0.46548885,-0.5641991,0.059925083,0.89621687,0.6651412,0.6454319,0.7829183,-1.0,-0.75885355,1.0,0.8095993,-1.0,0.9955977,1.0,0.68572855,1.0,-1.0,-0.467692,-1.0,0.82662135,0.8516453,1.0,-1.0
BSH2%UPI000DF86417,0.57277447,0.11803132,0.41530895,1.0,0.71516675,-0.81096315,0.81035185,0.81790924,0.47079867,0.8554773,0.01627678,-1.0,0.6008334,-0.69677436,0.67954415,-0.24972445,-0.18385029,0.14141773,0.07963486,-0.042981714,-0.062241144,-1.0,0.59532267,-0.5933149,0.5748677,0.35325772,-1.0,-0.6076645,-1.0,-0.28952792,0.55875915,0.8284113,0.036063917
BSH2%UPI000E40484B,-0.508901,-1.0,0.9300265,-0.7221398,0.85594714,-1.0,1.0,-0.2578077,0.66130036,-0.022802344,0.6235103,-0.55747575,-1.0,-0.80650413,0.57453877,1.0,0.2975229,0.08235689,-0.22157846,0.34421602,-0.36446488,-0.39488974,-0.35483515,0.69581187,-1.0,0.6846434,-0.3800497,0.6953213,-0.7162077,1.0,0.07834323,1.0,-1.0
BSH2%UPI000E42566B,-0.024588699,0.08885719,0.51428163,-1.0,0.7398854,-0.8818697,-0.39739063,-0.33246478,0.33812347,-0.29567352,0.3040082,0.1335058,0.041747253,-0.1021679,-0.08266665,-0.5073959,0.02517235,-0.6782968,0.223971,1.0,1.0,-0.033186723,-0.75046855,-0.99903405,-1.0,1.0,0.8194687,0.3699626,-0.87501323,0.9739618,0.7279724,-0.27790603,-0.06946185
BSH2%UPI000E4418E2,1.0,0.3640208,-0.43788576,0.042777404,-0.81843805,0.07755847,0.09561347,1.0,-0.6844904,-0.40551335,0.17814627,0.2601815,1.0,0.072602876,-0.08305494,-0.55989057,-0.39982957,1.0,0.30490315,-0.8447614,-1.0,0.40587574,0.3735153,0.21035816,0.298052,-1.0,-1.0,-0.82629,0.41792274,-1.0,0.52269024,0.5052735,0.58232445
BSH2%UPI000E4BF981,-0.3530168,0.035699807,0.25341606,0.04001622,-0.93844163,-1.0,-1.0,0.052498005,-0.5800995,-0.5982159,1.0,1.0,0.655115,-0.21803936,-1.0,-0.6582557,-0.35495907,0.9705972,1.0,-0.4413059,0.39512834,0.6820383,-1.0,0.5156529,0.076211445,-0.09885411,1.0,-1.0,0.37549698,0.23768853,-0.8593433,0.15906097,0.05272838
BSH2%UPI000E4E4D64,-0.32551706,-0.20602946,-0.48602414,-0.45456052,-0.3851516,1.0,-0.12538303,-0.060862858,-0.13289168,-0.35050488,-0.09275498,-0.14129132,-0.46013165,-0.09622073,0.21004212,0.039510727,-0.24395977,0.35859278,-0.11900728,0.49960932,0.3709565,0.74110246,-0.13568744,-0.16022617,0.63675255,-0.06088417,0.7910584,0.47665817,0.6943144,0.18189846,-1.0,-0.1570901,-0.24918614
BSH2%UPI000E53BC4B,-1.0,-1.0,0.0703527,-1.0,0.13320443,-0.86982375,-1.0,-1.0,1.0,0.8796631,0.059134003,0.47427338,0.7660373,1.0,0.14195329,0.25971603,0.61937857,-0.62268287,-0.2907892,0.111453004,1.0,-0.90662014,1.0,1.0,1.0,-0.32622334,-1.0,-1.0,-1.0,-0.7195884,-0.5335653,-0.32901204,-0.7944126
BSH2%UPI000E53DAEE,-1.0,-1.0,-0.540956,-0.06885975,-1.0,1.0,0.613697,1.0,-0.59802145,-0.017691612,-0.6752379,-0.15284264,-0.32519776,-0.47398835,0.095348574,1.0,1.0,1.0,-0.88444716,0.46012238,0.2964077,1.0,-0.25774723,-0.18842788,0.4398517,-0.24322681,0.9453257,-0.12671734,0.2530922,0.15160787,-1.0,-0.5185766,-0.69168305
BSH2%UPI000E54458D,1.0,1.0,-1.0,1.0,-0.83410245,-1.0,-0.70680404,0.7287456,-0.10371529,0.24092384,0.7602456,1.0,1.0,0.33514357,-0.9002614,-1.0,-1.0,0.06445106,1.0,0.5733581,0.37604588,-0.82577085,0.61777276,0.18008775,-0.41646945,-1.0,-1.0,-1.0,-1.0,-1.0,0.11612997,0.20905565,1.0
BSH2%UPI000E7D8CB5,0.2680861,0.6278546,-0.85278845,0.4450178,-1.0,-0.54902744,-0.1344148,0.1405411,0.3146982,1.0,-0.2034919,0.6495291,1.0,0.9036463,-1.0,-0.62335694,-0.74554944,0.3964198,0.20641138,-0.65169346,-0.1658408,0.35464028,-0.05288112,0.07220488,-0.3017768,-1.0,-0.8785907,0.255962,0.3674664,0.10745184,-0.3094747,-0.59638464,0.7385044
BSH2%UPI000E80FD85,-0.53224796,-0.39305028,-0.20263661,-1.0,1.0,0.5266861,-0.50986475,-0.10911069,0.7368464,0.22323433,-0.53095514,-1.0,-0.3752703,0.24788041,0.70087916,-0.3804954,-0.09398189,-0.91925347,-0.45982867,0.14015882,0.5260885,0.4526572,0.5909135,0.15220174,0.6601145,0.99280393,0.73670805,0.029831184,-0.13614929,0.398148,-0.9991582,1.0,-0.5696258
BSH2%UPI000E8B2418,1.0,1.0,0.036915436,0.13847195,-0.10247061,-1.0,0.024237445,1.0,-0.42665535,-1.0,0.7590609,0.121932216,0.6833425,-0.40572366,-0.50688356,-0.660794,-0.4592782,0.67762,0.9243725,-0.99651295,0.48899618,-0.07647883,-0.44539732,-1.0,0.27562335,0.036211368,-0.11044396,-0.61506134,-0.2945956,-0.29769707,0.23096313,-0.24832137,0.9309123
BSH2%UPI000E8E16B0,0.63362575,0.15993828,0.04457424,-0.29601988,0.8150282,0.03614806,-0.21265861,-0.09664041,-0.19000377,-0.44915277,0.13709727,-0.32225963,-0.58679086,-0.021042094,1.0,0.36413065,0.18669334,-0.30194837,-0.011212392,0.14439577,0.20383486,-0.35752183,-0.7313648,-1.0,-1.0,0.6314478,-0.09107927,0.83720523,-0.68574417,0.489317,0.6499314,0.87110513,-0.023835156
BSH2%UPI000E91045C,-0.94731164,-0.58757687,-1.0,0.32888117,-0.8538216,0.25319576,1.0,1.0,-0.052251905,1.0,-0.31648824,-1.0,-1.0,-0.9286075,-0.49213657,0.34291106,0.05048814,0.2490787,-0.30308628,0.240388,0.3469423,0.67395294,0.07793836,1.0,1.0,0.13339457,1.0,0.13988714,-0.10153618,0.5414339,-1.0,-0.3595162,-0.289424
BSH2%UPI000E92006C,-1.0,-0.92104316,0.6200139,0.94991946,-0.62089837,0.686833,1.0,0.14997482,0.7360672,0.41148034,-0.7816187,-1.0,-0.9265989,-0.7937005,-0.6510806,1.0,1.0,0.70159996,-1.0,1.0,0.9548083,0.9515108,-0.49760628,-1.0,-1.0,0.5726183,1.0,1.0,0.7594278,1.0,-0.5475379,-0.42812282,-1.0
BSH2%UPI000E9C22D0,1.0,1.0,-1.0,1.0,-1.0,0.38186836,-1.0,1.0,-1.0,-0.79075354,0.95603013,1.0,1.0,-0.8971202,-1.0,-1.0,-0.622229,1.0,1.0,-0.28671512,-0.54336756,1.0,-1.0,-0.40647584,0.09904669,-1.0,1.0,-1.0,1.0,-1.0,-1.0,-1.0,1.0
BSH2%UPI000EC98B2C,0.45580307,0.96309984,-1.0,1.0,-1.0,1.0,-0.48357362,1.0,-1.0,-0.9659834,0.9969138,1.0,1.0,-0.25694376,-0.33785152,-1.0,-1.0,1.0,1.0,-1.0,-1.0,0.46446353,-0.06716693,1.0,1.0,-0.7396145,1.0,-1.0,0.75115687,-0.94550055,-1.0,-1.0,1.0
BSH2%UPI000ECC9F84,0.4534786,0.5563417,-1.0,0.35572147,-0.36916286,0.6123905,-0.6398345,-0.03241013,-0.48596466,-0.56220424,0.35552886,0.38191116,0.54694504,0.28404108,-0.19166477,-0.60364765,-0.4765839,0.33289096,0.41197184,-0.7895727,-0.4056683,0.08795912,0.5275394,0.5888775,0.6141605,-0.5732986,-0.22645083,-0.28856307,0.58011967,-0.25391364,0.36044237,-1.0,0.5523926
BSH2%UPI000EE4CDBB,-0.4077088,-0.5213206,-0.055569034,-1.0,-0.64763945,-1.0,0.20834419,-0.67448264,0.31548676,0.14251527,0.39123955,0.41832545,-0.69343966,1.0,-0.32792917,0.45097113,0.5510959,0.60398793,0.2171284,-0.47708902,0.89843327,0.48257196,-0.7144046,-1.0,0.7710281,0.00052912376,-0.9290868,0.4961301,-0.8025639,-0.044983353,1.0,0.11865732,0.1606075
BSH2%UPI000EE93911,0.41978908,0.65672046,-0.61802334,-0.5448289,0.18192245,-1.0,-0.42543676,-0.20675585,-0.44585156,-0.15311483,0.22785889,-0.6948696,0.92193395,-0.075554244,0.058127068,-0.4441377,0.24442048,-0.34461147,0.47657153,0.2530924,0.55693257,-0.28375778,0.31412917,-0.47723672,0.4029928,0.09728874,0.370677,-0.25453052,-0.19893672,0.0046375985,0.9675733,-1.0,0.66123945
BSH3%UPI000156F498,-0.67655873,-0.77560836,1.0,-0.113986775,0.73650163,0.3177318,0.61798966,-0.51919293,0.28861532,-0.36009222,-0.24671534,-0.33610594,-0.051603988,0.06212882,0.21375376,0.49003825,0.5101908,-0.8517434,-0.7000988,1.0,1.0,0.49610367,-0.7953853,-0.19195531,-1.0,0.7453676,-0.9579455,-0.0005657652,0.05611544,1.0,0.7473435,-0.049675856,-0.7532325
BSH3%UPI00016547A5,1.0,0.8341437,-0.22453257,-0.15802701,0.38100228,-0.3888611,-0.30914927,0.6063895,-0.719614,-1.0,0.9624562,0.9020919,0.051288508,0.7085535,0.05823278,-0.28878772,-1.0,0.91992325,1.0,-0.36521444,0.23562355,0.38493773,-1.0,-1.0,-1.0,-0.017982632,-0.1576595,-0.7382624,0.83115035,-0.81752837,1.0,-0.78393364,1.0
BSH3%UPI00017EF3F1,0.8930335,0.40146062,-0.16942944,-1.0,0.5195284,-0.6622957,-1.0,-1.0,0.24250846,0.42810085,0.3653757,0.57026786,0.21348901,1.0,0.30686224,-0.84984756,-1.0,-1.0,0.39715648,-0.6871296,0.5582937,-1.0,0.8738426,-0.49602833,0.5853403,-0.048199534,-1.0,-0.16173989,-0.55895597,-0.17857821,1.0,0.6871211,0.49923226
BSH3%UPI0001A5F983,-0.27839062,-0.55515724,0.16389863,-1.0,-0.14960524,0.77320796,-1.0,-0.7933328,0.91362286,0.59430194,-0.37772214,-0.03145694,0.4951585,1.0,-0.12581682,-0.32799783,-0.81313413,-0.5350846,-0.44801626,-0.81902933,-0.5916541,-1.0,1.0,1.0,1.0,-0.010751988,-0.20706485,-0.27208176,-0.51431245,-0.18946409,0.3249051,0.91092324,-0.5532708
BSH3%UPI0002132A6C,-1.0,-1.0,0.42931366,-1.0,1.0,0.6765859,1.0,-0.8472652,0.051766533,0.77863353,-0.5812512,-1.0,-1.0,-0.9444591,0.40116623,0.7419827,0.67023826,-0.18993191,-0.9836746,0.66907686,1.0,0.39719236,-0.47916314,0.9977344,0.22944643,1.0,1.0,1.0,-0.63696414,0.7910535,-0.057344526,0.2207136,-1.0
BSH3%UPI000238BE2F,-0.3209804,-0.26903608,0.15385379,-0.35685888,-0.53943,0.43751788,-0.74298793,-0.14286554,0.5683287,0.83064026,-0.48092163,-0.62009805,-0.53539187,-0.12360918,-0.15334122,-0.750106,-0.36076474,-1.0,-0.28071845,0.89391595,1.0,0.6025271,0.7346038,0.3184072,0.6988902,-0.35240343,-1.0,1.0,-0.342797,0.8595543,0.52367836,0.08456811,-0.37188345
BSH3%UPI00033CE23D,0.4153735,-0.0831906,0.6409455,-0.13153383,0.87180614,0.7796406,0.01788135,-0.29113987,0.07058748,-0.94382757,-0.09319812,-0.94421554,-1.0,-1.0,0.90784043,0.67052096,0.41267678,0.1644865,-0.13651882,1.0,0.5892115,0.17189892,-1.0,-1.0,-0.9199531,0.8661528,0.79015404,0.727057,0.47136667,0.6482119,0.7133428,0.77134526,-0.09079618
BSH3%UPI00035F5DCE,-0.38621387,-0.4934958,-0.06777136,-0.90696263,0.50803846,0.80099165,0.43477553,0.003160594,0.60660535,-0.08754972,-0.79100436,-0.9292728,-0.5235083,0.019429943,0.47693175,0.9330212,0.8851771,0.13642026,-0.8778944,-0.15264013,-0.24074998,-0.65919405,1.0,0.24116564,0.9028903,0.13145086,-1.0,0.53705674,0.0017822816,0.61668545,-0.27838662,0.17947115,-0.6829463
BSH3%UPI0004DA32C0,0.12857991,-0.42900184,-0.036533825,-0.2412261,0.34387743,-0.47682744,0.3364154,-0.49715117,0.1409135,0.37874448,-0.18914829,0.22193609,-0.1908377,-0.44238248,0.58968973,0.82283163,0.12985635,-0.45016223,-0.1823209,0.18890345,-0.11160757,-0.65587723,-0.37876725,-0.17670241,0.20009477,0.48824763,-0.27904993,0.7286681,-1.0,0.6716595,-0.13130878,1.0,-0.61529195
BSH3%UPI00080CB216,-0.34981215,-0.52825725,0.44473857,-0.6319758,0.07908861,0.35213196,-0.029710371,-0.42728576,0.2537707,0.5191061,-0.88409567,-1.0,-0.36622685,0.6006666,0.8053742,-0.05386611,0.5453927,-0.58504343,-0.611441,0.7616656,0.7794924,0.19545422,-0.30974805,-0.4137787,-0.1197214,0.43438822,0.42432818,0.6483141,0.3086188,0.7772872,-0.6124196,0.6939943,-0.48175302
BSH3%UPI00092A5378,0.60424393,0.7185128,-0.9634406,-0.6293799,0.5007531,-0.10415893,-0.4011306,0.156905,-1.0,-1.0,1.0,-0.6231702,0.3069794,-0.30076212,0.1798411,-0.5743818,-0.9855852,1.0,0.89023656,-0.4800459,-0.71704006,1.0,-1.0,-0.7065933,-0.093026325,0.1755714,1.0,0.5385883,1.0,-0.33528283,1.0,-1.0,0.77899635
BSH3%UPI0009648BEC,-0.13759293,0.28529188,-0.5758797,-1.0,-0.634739,0.60225904,0.3368482,-0.48327824,-0.026259847,0.044162974,0.038992994,0.029877475,0.84036094,-0.33647326,-0.2623493,-0.15890022,0.5884982,-0.006644741,0.18392378,-1.0,-0.21780545,-1.0,1.0,1.0,1.0,-0.9131541,-0.21042797,-0.971539,0.094286636,-0.45496482,-0.0630767,-0.6897569,0.37782148
BSH3%UPI000CF406F5,1.0,1.0,-0.6295245,0.8056468,-1.0,-1.0,-1.0,-0.8136165,-0.8059901,-0.26936114,0.49424943,0.44091737,1.0,-0.9819029,-0.67114425,-1.0,-0.8697201,-0.10644818,0.99730575,0.1781392,-1.0,-0.1035764,0.87562996,0.18288408,1.0,-1.0,-1.0,-0.7778396,0.55205065,-0.691173,0.6814878,0.03988576,1.0
BSH3%UPI000E3F1C35,-0.01914555,-0.25845772,-0.20486563,-0.19794658,0.21369444,0.9602084,0.29003748,0.90468687,0.46202007,0.55133873,-0.22470944,-0.64428705,-1.0,0.163694,-0.41736194,-0.05388689,-0.115243174,0.844788,-0.27257583,0.53856564,0.80711687,0.66721374,-0.05819485,-1.0,-1.0,0.2881856,0.19086562,0.873125,1.0,0.34595707,0.3075806,-0.29257268,-0.16780524
BSH3%UPI000E5302B4,0.27791703,0.1664687,-1.0,1.0,0.31789723,0.49487534,-0.16834173,0.6525883,-1.0,-1.0,0.105217114,-0.11792595,0.76029867,-1.0,0.73857296,-0.57363987,-0.996549,0.57094264,0.117383726,0.20697865,-0.120925054,0.6824583,-0.70612687,0.43693435,0.27713126,0.19383377,-0.32147205,0.86288255,1.0,0.45404884,0.5569721,-1.0,0.13312703
BSH3%UPI000E902C94,0.469859,0.69395936,-0.5505972,-1.0,-0.39392358,-1.0,-1.0,-0.1593497,0.08943986,-0.077572405,1.0,1.0,-0.07965299,1.0,-1.0,-1.0,-1.0,-0.08418036,1.0,-0.6867014,-0.80204487,-0.06536242,1.0,1.0,1.0,-0.7494563,-0.9538115,-1.0,0.036037423,-1.0,-0.023441344,1.0,0.6178928
BSH3%UPI000ED2B3A0,0.13811147,0.5521002,0.1769219,-0.3279969,-0.84301907,-0.06420892,0.20094627,-0.4957653,-0.09815925,0.45134535,0.26338235,0.22908226,0.1192335,0.1315873,-0.6291518,-0.3210402,1.0,-0.011034096,0.41520014,-0.50880754,0.8213961,0.69032574,-0.4680501,-1.0,-1.0,0.03616116,1.0,-0.14440188,0.22708361,-0.118599154,-0.0038082327,-1.0,0.4715056
BSH3%UPI000EF23C17,-0.06096333,0.29159147,-0.9658673,0.8445084,0.09155274,1.0,1.0,1.0,-1.0,-0.44537675,-0.04001957,-1.0,-1.0,-1.0,-0.09303709,0.9957007,1.0,1.0,-0.11438406,0.5864154,-1.0,1.0,-1.0,-1.0,-1.0,0.83220315,1.0,-0.23903687,1.0,0.5031188,-1.0,0.38546506,0.4142298
BSH3%UPI000F9DAF5F,-0.49036813,-0.71182656,1.0,-0.036928415,-0.5390506,-1.0,-1.0,0.047742803,1.0,1.0,0.5718572,1.0,0.67887884,1.0,-0.9721519,-0.46232286,-1.0,-0.5727762,0.015426375,-1.0,-1.0,-0.97325575,1.0,1.0,0.60033745,-0.9085803,-1.0,-1.0,-0.6826645,-0.9107898,0.14093158,1.0,-0.6238358
BSH4%UPI0001653940,-1.0,-1.0,1.0,-0.6619181,1.0,1.0,1.0,-1.0,0.7075739,0.7299384,-1.0,-1.0,-1.0,-0.688047,1.0,1.0,1.0,-1.0,-1.0,0.92744935,1.0,-1.0,1.0,-1.0,-0.83847874,1.0,-1.0,1.0,-1.0,0.14223187,-1.0,0.3517025,-1.0
BSH4%UPI0001E65842,0.29258543,0.34377775,-0.8063804,1.0,-1.0,0.6160276,-0.24127784,1.0,-0.87269765,-0.15524428,0.013103711,1.0,1.0,0.6246884,-1.0,-0.12073899,-0.17414805,1.0,0.12905896,-0.6925947,-1.0,1.0,0.469352,1.0,0.7886717,-1.0,0.055446364,-1.0,0.47461146,-1.0,-0.37430522,-0.3432877,0.5151346
BSH4%UPI0001FAB233,0.49830368,0.5497479,-0.92374486,0.38445985,-0.41238606,1.0,-1.0,0.81217384,-0.07048184,0.25496343,1.0,1.0,0.47840753,-0.71499795,0.72564507,-1.0,-1.0,-0.04130264,1.0,-1.0,-1.0,0.1394439,0.80788034,1.0,0.749549,-1.0,1.0,-1.0,0.3306993,-1.0,-1.0,-0.8478519,0.5339745
BSH4%UPI00033C4A83,-0.39609575,-0.402563,-0.7217603,0.37715793,-0.6540107,-0.070835724,-0.3113359,0.3796375,-0.15451993,0.32140064,0.10182923,0.41740954,-0.25142893,-0.5051658,0.47734126,0.08349194,-0.14815663,0.64022243,-0.03346701,-0.21951054,-0.5728934,0.42258978,0.09029622,1.0,1.0,-0.13565117,-0.0204546,0.021415418,-0.08099775,0.13663673,-1.0,0.38671872,-0.45160866
BSH4%UPI00033DD6E6,-0.2204004,-0.38146746,0.23572624,0.98427993,-0.18806604,-1.0,-0.43604338,0.45906997,-0.32639068,-1.0,0.3276807,1.0,1.0,0.5277406,-0.24382593,-0.18991555,-0.2781424,0.62760633,0.06863124,-0.8666594,0.75385493,0.5573246,-0.07774509,0.44831452,0.47583768,-0.3341374,0.24743001,-1.0,-0.0315654,-0.40665367,-0.13061847,-0.013708182,-0.29066357
BSH4%UPI000463D8BF,-0.23280866,-0.1491955,0.13516963,-0.35707244,0.2524693,-0.3347515,0.8633583,0.15580721,-0.07971767,0.31817588,-0.46432185,-0.53280747,0.0797584,0.37411767,0.9529491,0.9215303,0.4562759,-0.109904334,-0.6537386,-1.0,-1.0,-0.7142289,-0.32475823,0.52653193,0.7473932,0.34281117,-0.10800566,0.19642736,-0.4087731,0.46752477,-0.06284591,0.38138843,-0.12876932
BSH4%UPI0006BEFACE,0.3538057,0.122984886,-0.82133734,1.0,-1.0,0.040688694,-1.0,0.75279355,-1.0,-0.59953386,1.0,1.0,0.46783465,-0.7100589,-0.3781872,-0.81542796,-0.9565778,0.6673218,0.8870889,-1.0,-1.0,0.97776014,-0.077501446,1.0,0.6381483,-1.0,1.0,-1.0,0.01931076,-0.48127788,-0.4377426,0.11315939,0.13065043
BSH4%UPI0006C4E127,1.0,1.0,-1.0,1.0,-1.0,0.1484375,-1.0,0.708454,-1.0,-0.8111166,0.8431204,1.0,1.0,-1.0,-1.0,-1.0,-1.0,0.5597604,1.0,-0.81550586,0.20628169,1.0,-0.83487576,0.2582862,1.0,-1.0,0.37908447,-1.0,1.0,-1.0,-0.15518147,-1.0,1.0
BSH4%UPI000822CCAE,1.0,1.0,-1.0,1.0,-1.0,-0.17048861,-0.67115915,1.0,-1.0,0.24664764,0.58087665,0.69974893,-0.1491805,1.0,-1.0,-1.0,-1.0,1.0,1.0,-1.0,-1.0,1.0,0.47784454,0.533735,1.0,-1.0,0.0040851096,-1.0,1.0,-1.0,0.32271814,-1.0,1.0
BSH4%UPI0008CBCA16,-1.0,-1.0,1.0,-0.30738357,0.65419775,1.0,0.8759276,-0.08011177,1.0,0.6704555,-0.54719484,-0.61789966,-0.51451766,0.021327054,0.810787,1.0,1.0,-0.6490671,-1.0,0.81481063,1.0,-1.0,0.9231381,-0.02753794,-1.0,0.7721466,-0.48057252,-1.0,-0.81870764,0.76544315,-0.1402802,1.0,-1.0
BSH4%UPI000B374259,-0.236299,0.050962593,-0.9967611,0.21299377,-0.008562584,-1.0,0.39547193,-0.3495899,-0.52274376,-0.9381849,0.15749292,0.43820775,1.0,-0.15297478,0.299897,0.04145596,-0.52230096,0.07720787,0.19919123,-0.08386876,0.2064622,-0.8998935,0.7207972,1.0,1.0,-0.13125855,-0.90923816,0.6125249,-0.14872302,0.147859,-1.0,-0.6137518,-0.015810484
BSH4%UPI000D27EFA9,1.0,1.0,-1.0,1.0,-1.0,-0.13282685,-1.0,1.0,-1.0,-0.3519431,0.7315275,0.23388326,-0.5927517,-0.7885459,-0.80062824,-1.0,-0.8086816,1.0,1.0,-1.0,-1.0,1.0,-0.3416428,1.0,0.8718438,-0.94211274,1.0,-1.0,1.0,-1.0,-1.0,-0.6399932,1.0
BSH4%UPI000D7B199F,-0.60242814,-0.5565825,0.85191363,-0.5377847,1.0,0.79313505,1.0,-0.85147697,0.6181051,0.4006535,-1.0,-1.0,-1.0,0.17812133,0.610163,0.3935255,0.65488446,-1.0,-1.0,1.0,1.0,-0.2763825,0.34303978,-0.84460354,-0.25090468,1.0,-0.31000346,1.0,-0.8875127,1.0,0.358131,-0.6106427,-0.6430307
BSH4%UPI000E447F2E,1.0,0.815081,0.052391138,-0.62153935,-0.9063339,-0.3280717,-0.9697699,0.27332312,-0.52263224,-0.15113515,1.0,1.0,-0.43543035,-0.71569467,-1.0,-0.21453762,-0.3429156,0.653864,0.9697784,-1.0,-0.9863805,-0.2562534,0.80680996,1.0,1.0,-1.0,-0.7616981,-0.94802475,-0.42182848,-1.0,-0.16274862,0.08263571,0.6887421
BSH4%UPI000E54B9B5,-0.5490359,-0.37461948,0.5291752,-0.017632565,-1.0,-1.0,-1.0,1.0,0.849653,1.0,0.8139047,1.0,0.4111785,1.0,-1.0,-0.32371643,-0.76317644,0.9847726,0.5725396,-1.0,-1.0,0.56520724,0.9084137,1.0,1.0,-1.0,0.47993687,-1.0,-0.63440835,-1.0,-0.03867573,0.36387098,0.28072286
BaiA%QinJ_2012__T2D-016__bin_41_fa_BDDCEIPF_01842__3alpha-hydroxy_bile_acid-CoA-ester_3-dehydrogenase_2,0.4139332,0.6510914,-0.98394555,0.80424947,-0.85275245,1.0,-0.04919371,1.0,-1.0,-0.9832065,0.68599623,-0.69882464,-0.38778594,-1.0,-0.68966544,-0.2759857,-0.33143255,1.0,0.8463352,-1.0,-1.0,1.0,-1.0,0.1830026,0.86273986,-0.20368667,1.0,-0.08077425,1.0,-0.9659579,-0.28993475,-0.6143142,0.7530584
BaiA%SRR3992974_bin_8_EOPEKEED_01051__3-oxoacyl-_acyl-carrier-protein__reductase_FabG,-0.38560784,-0.33075893,0.7579184,-0.43904158,0.18985914,0.24177897,0.24488094,-1.0,0.6660598,1.0,-0.33468482,0.20658673,0.103800416,0.85617006,0.31984392,-0.36662352,-0.15416808,-1.0,-0.3756661,-0.6088345,-0.47376925,-1.0,1.0,0.52578366,0.7907117,0.5068262,-1.0,0.73722535,-1.0,0.7899326,0.25610843,-0.37652174,-0.38201421
BaiA%SRR5558193_bin_68_NNEAJJHP_00384__3alpha-hydroxy_bile_acid-CoA-ester_3-dehydrogenase_2,0.21755639,0.23550227,-1.0,0.96620107,0.35945207,-0.46463835,0.28279367,-0.024423067,-0.37334833,-0.6030561,0.3996489,0.331163,0.3379188,-0.62474424,0.5565074,-0.4415612,-0.18087234,-0.40489784,0.33328435,-0.07345434,0.6530323,0.27139235,-0.01540594,0.07767449,-0.39217433,-0.03339706,0.735776,-0.27224666,0.23402515,-0.018240724,-0.4019812,-0.34717152,0.023161013
BaiA%bai_cluster_2%midas_uncultured_Eubacterium_73696%uncultured_Eubacterium_73696|FMDW01000013_861,0.3273624,0.7275927,-0.61537075,1.0,-1.0,1.0,-1.0,1.0,-0.5955915,0.06654694,0.8066905,1.0,1.0,0.13632368,-1.0,-1.0,-1.0,1.0,0.9955516,-1.0,-1.0,1.0,0.35205224,0.96958363,0.9100973,-1.0,1.0,-1.0,0.32770896,-1.0,-0.64376974,-1.0,0.98387223
BaiA%bai_cluster_3%midas_Clostridium_hylemonae_61789%Clostridium_hylemonae_61789|NZ_GG657759_1098,0.12087043,0.4413517,-0.78400487,0.78140146,0.002432486,0.14761299,-0.9317038,0.23186634,-0.58440024,-0.5337798,0.80552256,0.6936172,0.25383842,-0.4415999,-0.7057389,-0.28436565,-0.31501213,0.28850803,0.835118,-0.6156685,-0.2767908,-0.23744568,0.03962239,0.89954793,1.0,0.13645457,0.34368858,-1.0,-0.5701773,-0.8565645,-0.36385262,-0.11721415,0.30808705
BaiB%CosteaPI_2017__SID713A038-11-90-0__bin_26_fa_FGHNBBEK_00429__Bile_acid-coenzyme_A_ligase,0.44165853,-0.25519645,0.59929264,-0.5869823,0.89435285,0.19129394,0.8585106,-0.62907165,-0.15489866,-0.12409585,-0.6915164,-1.0,-0.98305595,0.4228299,0.41899887,0.6287959,0.6334014,0.12353975,-0.5529195,1.0,0.66746575,-0.469772,-0.46462038,-1.0,-1.0,0.9561252,0.6765018,1.0,-0.6135729,0.6887233,1.0,0.13561904,-0.03354726
BaiB%LiJ_2014__V1_FI04__bin_94_fa_MJMNNJHI_01032__Bile_acid-coenzyme_A_ligase,-0.43203667,-0.031558666,-1.0,-1.0,0.51153994,0.26141515,0.3971833,-0.13356546,-0.2656483,-0.2882933,-0.21405806,-0.8581834,0.30150214,-0.7659895,0.38981512,0.60128343,0.71871793,0.10736593,-0.18648914,0.9356174,1.0,0.6278448,-0.0013794467,-0.22968625,0.8248891,-0.07594599,-1.0,0.31400394,0.7108643,0.2037773,-0.7107181,-0.120615646,-0.15535341
BaiB%MDY5565236_1_bile_acid--CoA_ligase_BaiB__Candidatus_Limivicinus_sp__,-0.27045682,-0.28765923,0.5204873,-0.09594752,0.09491853,0.6427712,0.52552617,-1.0,0.5560407,1.0,-0.13285747,-0.6222161,-1.0,0.12291119,-0.4524497,0.024996297,0.1320046,-0.18184966,-0.20328528,1.0,1.0,0.53572935,-0.4480911,-0.56046605,-0.6829152,-0.0014132572,0.23666447,-0.54947567,-0.24725017,0.049057856,0.38824168,-0.31154913,-0.2317844
BaiB%SRR2992899_bin_23_LIJELFFN_00493__Bile_acid-coenzyme_A_ligase,-0.20723675,-0.17453644,-0.0074284608,-0.29057127,0.60808086,0.5811794,0.35327098,-0.74314904,-0.0699282,-0.094032966,-0.19708186,-0.47211748,-0.11082911,0.6321364,0.27239263,0.21101548,0.34734783,-0.46777338,-0.19857606,0.72257686,0.67305523,-0.49686873,0.108058706,-0.65050244,-0.28147286,0.60103834,-0.8853706,0.52791333,-0.13632447,0.61947787,0.7269519,-0.84243494,-0.15948448
BaiB%WP_286151641_1_bile_acid--CoA_ligase_BaiB__Sporofaciens_musculi_,-0.4885924,-0.47609022,0.10254261,0.17918876,0.38556784,-0.48203042,0.41732824,0.20531341,-0.05543198,-0.67529976,-0.18900993,0.35035864,0.43434832,0.82978773,0.1807273,0.6871239,0.5876304,0.05869179,-0.44956812,1.0,0.35373572,0.34693366,-0.4407511,0.49246225,-0.11903282,0.23119408,-0.5799152,-1.0,-1.0,-0.24143912,-0.55640256,0.46199447,-0.47739667
BaiB%bai_cluster_10%midas_Lachnoclostridium_nov_76594%Lachnoclostridium_nov_76594|ERS138182_8080_1_84_3_3065,-0.21896645,0.09548873,-0.9923547,0.4534918,-0.54957014,1.0,-0.090235904,0.45477495,-0.8384447,-0.7009234,0.6893092,0.6950564,-0.54122937,-0.7402377,-0.60761464,0.21848024,-0.59414417,1.0,0.6742423,-0.7140241,-0.8118534,0.63676256,-0.49405327,1.0,1.0,-0.13266689,1.0,-0.10112539,0.21105315,-0.49597543,-1.0,-0.5970897,0.23849845
BaiB%bai_cluster_2%midas_uncultured_Eubacterium_73696%uncultured_Eubacterium_73696|FMDW01000013_871,0.33605385,0.609229,-0.82719034,1.0,-0.7872653,1.0,0.07536351,0.33391595,-0.5260041,-0.83576864,0.5261129,0.39158666,0.3489964,-1.0,-0.83532983,0.06877,-0.097392306,0.5197554,0.6285865,-0.118251845,-0.8777365,0.4968399,-0.7408197,0.8244967,-0.16940688,-0.3795984,1.0,-0.0021478282,-0.015307128,-0.5398963,-0.6866148,-0.109005466,0.34367818
BaiCD%CosteaPI_2017__SID713A014-11-0-0__bin_55_fa_OLFEPFFO_00187__NADH_oxidase,-0.972063,-0.9669699,0.23829505,-0.52482945,0.9869796,0.3436409,1.0,-1.0,0.116940305,0.5223822,-0.6694613,-1.0,-0.8835841,-0.24247669,0.8389481,0.86560285,1.0,-0.77553827,-0.8505695,1.0,1.0,-0.08118532,0.1068791,-0.1090031,0.017707687,1.0,0.39792606,0.6557628,-1.0,1.0,-0.43102944,0.027250735,-1.0
BaiCD%HIT29267_1_FAD-dependent_oxidoreductase__Candidatus_Scatomorpha_stercoravium_,0.35152796,0.30534434,-0.40667465,0.031871036,0.66670597,0.27944335,0.51632845,0.1935857,-0.4634972,-0.3704187,0.24118303,-0.67348963,-0.5105862,-0.9277442,0.35781756,0.10122313,-0.17765766,0.49191368,0.18330176,0.09852904,0.48378026,0.32367224,-0.9209449,-0.71080244,-0.92157733,0.55235714,0.4199454,0.92211,0.43990546,0.5603128,-0.07190544,-0.41037875,0.096085735
BaiCD%MCI8583944_1_FAD-dependent_oxidoreductase__Dorea_sp__,-0.95190936,-1.0,1.0,-0.75552684,0.32166037,-0.6299936,1.0,-1.0,0.9496457,0.59404147,-0.48320323,0.2842948,-0.65798134,1.0,0.014834502,1.0,1.0,-0.7219232,-1.0,1.0,0.2729871,-0.87952924,-0.028109258,-0.6576321,-1.0,0.9428277,-0.33171117,-0.20075566,-1.0,0.8414668,0.20294389,1.0,-1.0
BaiCD%MEI3381486_1_FAD-dependent_oxidoreductase__Dorea_sp__,1.0,1.0,-1.0,1.0,-1.0,-0.5308539,-1.0,1.0,-1.0,-1.0,1.0,1.0,1.0,-0.32658496,-1.0,-1.0,-1.0,1.0,1.0,-0.7263511,-0.006699904,1.0,-1.0,0.08519295,0.8829674,-1.0,1.0,-1.0,0.99606127,-1.0,-0.6992343,-0.8255555,1.0
BaiCD%RaymondF_2016__P21E7__bin_22_fa_DDJCLBHB_00368__NADH_oxidase,0.94163185,0.585562,-0.618974,0.5567427,-0.019827407,0.7089012,-0.26349223,1.0,-1.0,-1.0,0.76108205,-0.11467091,-0.6006079,-1.0,0.4293668,-0.23431896,-0.8251562,1.0,0.59407413,-0.2826829,-1.0,0.8188538,-1.0,0.69639325,-0.6575159,-0.4208253,1.0,0.7853834,1.0,-0.30536044,1.0,-1.0,0.7439979
BaiCD%XieH_2016__YSZC12003_35390__bin_5_fa_PIKIEFGP_00577__NADH_oxidase,-1.0,-1.0,1.0,-0.34998143,1.0,0.87119955,1.0,0.16046907,1.0,0.7202254,-1.0,-1.0,-1.0,1.0,1.0,1.0,1.0,-0.59169596,-1.0,1.0,0.09360429,-0.7216829,-1.0,-1.0,-1.0,1.0,0.6334916,1.0,0.8311205,0.51578116,0.79014766,1.0,-1.0
BaiCD%bai_cluster_1%midas_Clostridium_hiranonis_61655%Clostridium_hiranonis_61655|NZ_DS995354_290,0.005541477,0.18342516,-0.62570876,0.7218024,-0.3766038,0.2767506,-0.90322715,0.6195946,-0.95583147,-0.66445345,0.5665587,0.79189247,0.46098676,-0.4623108,-0.061589465,-0.9268911,-0.36022547,0.6260261,0.7045722,-0.41941947,0.18895864,1.0,-0.690998,0.3391478,0.15249665,-0.3712884,1.0,-0.580527,0.34570903,-0.80233306,-0.54557806,-0.9468217,0.4995491
BaiCD%bai_cluster_10%midas_Lachnoclostridium_nov_76594%Lachnoclostridium_nov_76594|ERS138182_8080_1_84_3_3076,0.20827872,0.4450735,-1.0,0.39787048,-0.48716477,1.0,-0.65620726,0.6771896,-0.80835164,-0.75094014,0.730531,0.8374537,0.4328488,-0.16805096,-0.3845364,-0.5135955,-0.6928801,1.0,0.86380965,-1.0,-1.0,0.10140379,-0.06687123,1.0,1.0,-0.52995473,0.9651653,-0.5237976,0.24162568,-1.0,-0.89320135,-0.6136293,0.45031694
BaiCD%bai_cluster_11%midas_Romboutsia_sp_25236%Romboutsia_sp_25236|FJTZ01000011_2937,-1.0,-1.0,1.0,-0.18884268,-1.0,0.9603151,-0.73653686,-1.0,1.0,1.0,-1.0,-0.7765125,-0.9701,0.23989312,0.8765343,0.86763346,-0.19398205,-1.0,-1.0,1.0,0.35873893,-0.93464655,1.0,0.5040257,1.0,-0.013566337,0.72129864,1.0,0.49630982,1.0,-0.36548135,0.28216934,-1.0
BaiE%FengQ_2015__SID531416__bin_49_fa_CEDOFBAM_00064__Bile_acid_7-alpha_dehydratase,0.36405426,0.31759387,-1.0,1.0,-0.5215447,-0.1093549,0.3066454,-0.112679586,-0.46887225,-0.5645219,0.030272366,0.883519,-0.010798985,-0.49863312,-1.0,-0.19385701,-0.83644605,0.26716653,0.20467982,0.4007881,0.39421988,0.5627511,-0.26471683,0.42074823,-0.1548605,0.05820706,0.2854603,0.7158468,0.37049052,-0.05216869,-1.0,0.26933315,0.09254875
BaiE%LiJ_2017__H3M515915__bin_8_fa_COLEEGFP_01274__Bile_acid_7-alpha_dehydratase,0.004377931,0.026936108,0.1925798,-0.5025474,-0.07527833,0.20385817,0.035964537,-0.75058585,0.06832285,0.32040042,0.067945704,-0.46354795,0.016940596,0.51853764,-0.13742115,-0.053432465,-0.0116540035,0.07557308,0.019433795,-0.012913257,0.3578327,-0.28507528,-0.041382227,-0.5925581,-0.3695264,-0.07136778,-0.01757572,0.2728291,0.12231607,0.38426745,1.0,-0.465266,0.1712549
BaiE%MCI8938768_1_nuclear_transport_factor_2_family_protein__Dorea_sp__,0.42909163,0.18402229,-0.63802946,0.32231018,0.34656012,-0.36657158,0.60624814,-0.46127522,-0.066989414,-0.4180846,0.019097885,-0.18101592,0.14708649,-0.23350415,0.3080808,-0.000758944,-0.34024474,-0.29793346,-0.042564224,0.6559899,0.0423752,-0.54098374,-0.4282894,-0.03744357,-1.0,0.28052115,0.0949021,0.6930762,0.06990214,0.6937308,0.298438,0.34882635,-0.07265967
BaiE%bai_cluster_10%midas_Lachnoclostridium_nov_76594%Lachnoclostridium_nov_76594|ERS138182_8080_1_84_3_3079,-0.09888463,0.18537246,-0.8748527,0.55533785,0.060472015,0.77229977,-0.24212606,0.24409266,-0.94891965,-0.7982206,0.062678725,0.052375954,0.14452958,-0.96252066,0.017486176,0.0706172,0.0002161901,0.56955934,0.2994289,0.2617023,0.3666544,1.0,-1.0,-0.3216112,0.53201795,0.2021039,1.0,0.5202149,0.5471709,-0.563367,-0.7036505,-0.25156668,0.25655508
BaiE%bai_cluster_2%midas_uncultured_Eubacterium_73696%uncultured_Eubacterium_73696|FMDW01000013_166,-0.15212676,0.21913491,-1.0,1.0,-0.651121,1.0,-0.4983052,1.0,-1.0,-0.78816336,0.056218803,0.69361275,0.21064074,-0.4524177,-0.48549432,-0.64904046,-0.6472916,0.76230943,0.06280217,-0.21511333,-1.0,1.0,0.10298524,1.0,1.0,-0.9191739,1.0,-1.0,0.23757897,-0.717231,-1.0,-1.0,0.1832291
BaiE%fig|1950888_3_peg_203|__Bile_acid_7-alpha_dehydratase_(EC_4_2_1_106)_(BA7_alpha_dehydratase)_(Bile_acid-inducible_operon_protein_E)____Clostridiales_bacterium_UBA4701_|_1950888_3_,0.8035542,1.0,-1.0,1.0,-0.63273716,0.7973733,-0.9175925,0.6339531,-1.0,-1.0,0.28408793,0.5630769,0.7169704,-0.3488702,-0.43478292,-1.0,-0.81182355,0.33859795,0.62334716,-0.5088298,-1.0,0.962163,-0.06078066,0.6629406,0.83332914,-0.47320312,1.0,-0.09484959,0.9367859,-0.34131965,-0.02270336,-1.0,0.9171651
BaiF%ERR688512_bin_36_KMFCMBJN_00514__Bile_acid-CoA_transferase,0.08639039,0.18202254,-1.0,1.0,-0.993289,0.31334895,-0.83887106,0.49789587,-1.0,-1.0,0.58980995,1.0,1.0,-0.047828708,-0.036213234,-0.69342643,-1.0,1.0,0.7019722,-0.658235,-0.5540272,1.0,-0.4805069,0.39710888,1.0,-0.4207438,1.0,-0.48024353,0.7355561,-0.33571202,-1.0,-0.9003673,0.4148951
BaiF%KarlssonFH_2013__S54__bin_27_fa_BBGPADBL_00031__Bile_acid-CoA_transferase,0.4373188,0.4429648,0.3188894,0.3299526,0.384518,1.0,-0.568915,0.36951292,0.41302487,0.69030946,-0.018794598,-0.4682905,0.13206679,0.5728803,0.36437792,-0.23794909,-0.042195626,-0.70947194,0.062384095,-0.09919125,-1.0,-1.0,0.47859412,-0.4292468,0.010498891,-0.03754744,-1.0,0.03803491,0.21971437,-0.11264351,0.53188616,-1.0,0.34628573
BaiF%LiJ_2014__MH0358__bin_56_fa_NPCPOAJM_00305__Bile_acid-CoA_transferase,1.0,1.0,-1.0,1.0,-0.825876,0.30366233,-0.80235004,1.0,-1.0,-1.0,1.0,0.6951737,1.0,-1.0,-0.7938429,-1.0,-0.81575507,1.0,1.0,-1.0,-0.86322063,0.9605851,-1.0,0.20585121,0.4775838,-0.7737445,1.0,-1.0,0.684761,-0.70031476,-0.4936156,-1.0,1.0
BaiF%LiJ_2014__V1_FI37__bin_39_fa_IHFOFLIJ_00762__L-carnitine_CoA-transferase,0.2342861,0.29309028,-0.47080985,-0.4064419,0.79957265,-0.4275498,0.29780573,-0.7268578,-0.12790719,-0.10666841,-0.008532606,-0.5602819,0.16724579,-0.2621184,0.48513702,-0.2479685,-0.076918386,-0.53126997,0.04438463,-0.022717413,-0.35671154,-0.87161833,0.09685315,0.18338975,-0.04175344,0.4300022,-0.056499545,0.9419933,0.30490234,0.23193386,0.7613196,-0.22394922,0.17213011
BaiF%Obregon-TitoAJ_2015__NO11__bin_28_fa_ODBMCAMJ_01956__Bile_acid-CoA_transferase,-0.0035986763,0.07931364,1.0,-0.8732099,-0.59401834,0.92171764,-1.0,-0.807174,0.32984504,0.56874603,0.820042,0.2526928,0.2508324,-0.18753554,-0.90581566,-0.26218966,0.51188827,-0.68335253,0.40635204,-0.09251091,0.263099,0.26420817,-0.6234624,0.43064842,-0.1735357,-0.77793074,-0.06032075,-0.4091631,0.11791341,0.42815354,0.6281471,0.6370769,-0.22419624
BaiF%RaymondF_2016__P21E7__bin_22_fa_DDJCLBHB_00373__Bile_acid-CoA_transferase,0.4574604,0.25469914,0.18719518,0.38413346,-0.67715156,1.0,-0.0259638,0.16532387,0.10339064,0.21892461,0.3602366,-0.38923368,-0.011920738,-0.32140636,0.4553432,-0.4078742,0.033125397,-0.04695417,0.33959064,-0.024258476,-0.066128395,-0.66085434,-0.5178243,-0.4975582,-0.8528552,-0.5213171,1.0,-0.03428342,-0.36089277,-0.12803541,0.48312163,-0.032714088,0.27869758
BaiF%SRR4783510_bin_28_GHBMCCFK_00008__L-carnitine_CoA-transferase,1.0,1.0,-1.0,0.57571477,-1.0,0.101037666,-1.0,0.5796045,-1.0,-1.0,0.924045,1.0,1.0,0.23207222,-0.95361036,-1.0,-1.0,0.70334613,1.0,-1.0,-1.0,0.21971397,0.32099834,0.3813127,0.8182867,-1.0,0.35585713,-1.0,0.92834514,-1.0,0.8728496,-1.0,1.0
BaiF%SRR5127813_bin_22_DKEDJIEF_00985__Bile_acid-CoA_transferase,-1.0,-1.0,0.64620924,-1.0,1.0,0.45823824,0.718431,-1.0,0.7782473,1.0,-0.6885627,-1.0,-1.0,0.27857542,0.755715,0.8587654,1.0,-0.45210126,-0.9337362,0.6545798,1.0,-0.2006027,0.4571624,-1.0,-0.5500398,0.9395003,-0.052104864,0.53052187,-0.71130276,0.7814893,0.105636485,0.8252367,-1.0
BaiF%VogtmannE_2016__MMRS44587603ST-27-0-0__bin_19_fa_ANDGAOCL_00015__Bile_acid-CoA_transferase,0.27399433,-0.054754794,0.38811648,-0.48424307,0.44594872,-0.5432405,-0.39243945,-0.2503726,-0.015579838,-0.56746966,-0.03345554,-0.41465437,-0.17813465,-1.0,0.45387223,-0.34540883,-0.20002711,-0.40019625,-0.10189362,-0.23113137,0.15102425,0.39919552,0.043817237,0.5349448,-0.09025191,0.35180163,1.0,0.49096012,-0.5670356,0.04580735,1.0,0.7614373,-0.053868055
BaiF%bai_cluster_17%midas_Proteocatella_sphenisci_59007%Proteocatella_sphenisci_59007|AUID01000012_911,-0.8127893,-0.7351832,1.0,-0.6189785,0.3106804,-1.0,0.3805701,-0.5507596,0.85656524,0.31771272,-0.42663756,-1.0,-0.2671303,0.4093347,-0.22716,0.10711819,0.4958928,-0.2560794,-0.31657192,1.0,1.0,0.23542713,-0.9032758,-1.0,-1.0,0.90440387,0.8004661,1.0,0.20019105,0.63736206,1.0,0.85383683,-0.57500046
BaiF%bai_cluster_2%midas_uncultured_Eubacterium_73696%uncultured_Eubacterium_73696|FMDW01000013_892,1.0,1.0,-1.0,1.0,-0.96276236,0.18134867,-1.0,0.54520535,-1.0,-1.0,0.9116151,1.0,1.0,-1.0,-0.98298126,-1.0,-1.0,0.6271515,1.0,-0.7624785,-0.33821714,0.7944622,-0.2719406,1.0,1.0,-1.0,0.37511787,-0.88385546,0.8073239,-0.86647445,-0.30091968,-1.0,1.0
BaiF%bai_cluster_3%midas_Clostridium_hylemonae_61789%Dorea_sp_89094|KQ236743_10986,0.902836,0.69527954,-1.0,0.7086673,-0.75041145,1.0,-0.6598877,1.0,-1.0,-1.0,1.0,0.48869756,-0.34981528,-1.0,-0.4783209,-0.9629766,-0.68351746,1.0,1.0,-0.48565567,-0.049371075,1.0,-1.0,0.12121787,-0.7331586,-0.4984478,1.0,-0.1681155,1.0,-0.5619194,-1.0,-1.0,0.7156322
BaiF%bai_cluster_3%midas_Clostridium_hylemonae_61789%Dorea_sp_89094|KQ236743_13110,0.4446965,0.80573344,-1.0,0.32912815,-0.7711355,0.055808198,-0.7921121,0.9216061,-0.4092241,-0.42769817,0.53780776,1.0,0.8364161,0.30390745,-0.73897296,-0.5786645,-0.6885419,0.7724442,0.65768725,-1.0,-1.0,0.8300022,0.5112285,1.0,1.0,-0.6899553,0.3998894,-1.0,0.2604832,-1.0,-1.0,0.029816315,0.44163102
BaiF%fig|1950825_3_peg_1464|__L-carnitine_dehydratase_(EC_4_2_1_89)____Clostridiales_bacterium_UBA1701_|_1950825_3_,0.86397636,0.8898809,-1.0,0.68964714,-0.5301882,0.14830382,-1.0,0.12482598,-1.0,-1.0,0.85266405,0.8315734,0.6974093,-0.9585897,-0.5164553,-1.0,-1.0,0.78580326,0.97599185,-0.2394417,-0.33484384,1.0,-0.28037956,0.9507768,0.8631495,-0.583327,0.5230189,0.10998819,0.77479583,-1.0,1.0,-1.0,1.0
BaiG%LeChatelierE_2013__MH0251__bin_10_fa_BOBEKBFD_00006__Multidrug_resistance_protein_3,-0.28172487,-0.064840086,-0.25139233,-0.13374391,0.44332907,-0.03686013,0.045154795,-0.49695504,0.28233704,0.316075,-0.11294284,-0.32585695,-0.22007194,-0.44986188,0.20898917,-0.17881337,0.014235726,-0.59888947,-0.12688482,0.17916478,-0.23033512,-0.31890944,0.9060907,0.9845677,0.71685165,0.0072255484,0.0404046,0.10236723,-0.092472754,0.024954958,0.5541415,-0.9491999,-0.03914767
BaiG%MBE6987074_1_MFS_transporter__Oscillospiraceae_bacterium_,-0.31154627,-1.0,0.84836435,-1.0,1.0,-1.0,1.0,-1.0,0.23987234,0.29426226,-0.56372947,-0.9177652,-0.5741311,0.4343015,1.0,1.0,0.6079637,-0.7940066,-0.8173466,0.6322043,1.0,-1.0,0.15031062,-1.0,-1.0,1.0,-0.7211033,1.0,-1.0,1.0,0.588517,1.0,-1.0
BaiG%MBR4017991_1_MFS_transporter__Clostridia_bacterium_,-1.0,-0.67442214,0.5195462,0.7122486,-0.4837571,-0.07589768,0.4253679,1.0,0.9589778,0.8634337,-0.14645715,-0.338927,-0.9159506,0.93095386,-0.23504512,0.37041733,1.0,0.19534436,-0.6693802,0.33744362,0.11134417,1.0,0.52229285,-1.0,-0.97995985,-0.48971972,1.0,-0.3941829,0.43456414,0.45623377,-1.0,-0.7619066,-0.43763041
BaiG%MDY4488523_1_MFS_transporter__Candidatus_Limivicinus_sp__,1.0,1.0,-1.0,1.0,-1.0,0.60489786,-1.0,1.0,-1.0,-1.0,0.9469026,1.0,1.0,0.6624504,-1.0,-1.0,-1.0,0.89611465,1.0,-1.0,-1.0,0.5995046,0.064454615,0.7443344,-0.31328067,-1.0,0.89018846,-0.90409875,1.0,-0.8429663,0.99307317,-1.0,1.0
BaiG%MEE1256339_1_MFS_transporter__Lachnospiraceae_bacterium_,-0.21544403,-0.086681396,-0.39025614,0.2590242,-0.25605065,-1.0,-0.16722497,-0.72331125,-0.26273584,-0.009390197,0.06339011,0.9525514,0.9321507,-0.33658332,-0.7835088,0.34335452,0.28960305,-0.24834898,0.31570083,-0.24918984,0.6031639,-0.43532708,-0.12147486,0.5265499,0.5854756,0.50334585,-0.26618487,0.023540698,-0.2970124,-0.07051547,-0.62671393,0.15318368,0.018987413
BaiG%bai_cluster_10%midas_Lachnoclostridium_nov_76594%Lachnoclostridium_nov_76594|ERS138182_8080_1_84_3_3097,0.34912378,0.6320399,-1.0,1.0,-1.0,0.21799672,-0.96010065,0.51961505,-0.89295024,-0.8068257,0.7323603,1.0,1.0,0.025906852,-0.635852,-0.8193923,-0.8583218,0.70969915,1.0,-1.0,-0.9663094,0.82203245,0.14945804,1.0,1.0,-0.9763708,0.7617289,-0.8909417,0.0048885723,-1.0,-1.0,-0.5494498,0.612486
BaiH%ERR1018252_bin_5_JFGOJLKC_00141__NADH_oxidase,-0.9264765,-1.0,1.0,-0.069552876,0.0681361,0.24931507,0.71773094,-0.85339636,0.888381,0.63444155,-0.84858394,0.119283505,-0.121567,1.0,-0.025900172,0.048115328,0.7535334,-1.0,-0.93336457,1.0,1.0,-1.0,0.6525091,0.40430886,-0.07734444,0.17483453,-0.21079668,0.6030868,-1.0,0.63844234,-0.70212996,0.7605744,-1.0
BaiH%LiJ_2014__MH0370__bin_37_fa_CDDPILMH_00099__NADH_oxidase,-0.007292181,0.0049932185,0.00857101,-0.9341656,0.98052335,-0.50446165,0.5773042,-1.0,0.33248556,0.25396314,0.045729794,-0.6184047,-0.21287619,-0.57948583,0.960632,0.22182402,0.44053328,-1.0,0.07098131,0.91456604,1.0,-1.0,0.14990696,-0.37543955,-1.0,0.71258783,-0.6296191,0.49252418,-0.9523565,0.86814237,0.20389661,0.035607215,-0.14551604
BaiH%MEE0204071_1_FAD-dependent_oxidoreductase__Oscillospiraceae_bacterium_,-0.77569205,0.13807574,-1.0,0.92393035,-0.77958846,1.0,0.9882891,0.6831643,0.21815977,-0.17240715,-1.0,-0.516411,0.49797222,1.0,0.48646972,0.18342829,-0.046789292,0.13815193,-1.0,0.48972282,0.26215404,1.0,0.09626123,-1.0,-1.0,-1.0,-0.37046638,1.0,1.0,0.4673182,0.27841613,-1.0,0.45892683
BaiH%MFR3389927_1_7-beta-dihydroxy-3-oxo-5-beta-cholanoyl-CoA_4-oxidoreductase_BaiH___Clostridium__scindens_,-0.07358774,-0.06327026,-1.0,0.06670408,-0.5486521,1.0,-0.59245807,0.1671254,-1.0,-0.8412356,0.58299917,0.9321187,0.023132034,-0.4732152,0.06144503,-0.3586935,-0.97386456,0.67511225,0.49848986,-0.78519386,-0.49584022,0.8383835,-0.17818789,1.0,1.0,-0.20579131,0.98728096,-0.16863,0.23898718,-0.48720708,-0.38797736,-0.42759454,0.16835563
BaiH%Obregon-TitoAJ_2015__NO11__bin_28_fa_ODBMCAMJ_01962__NADH_oxidase,1.0,1.0,-1.0,1.0,-1.0,-0.28429478,-1.0,1.0,-1.0,-1.0,1.0,1.0,1.0,-0.20722026,-1.0,-1.0,-1.0,1.0,1.0,-1.0,-1.0,1.0,-0.92250615,0.770834,0.2653664,-1.0,1.0,-1.0,1.0,-1.0,-0.44888976,-1.0,1.0
BaiH%SRR5558156_bin_44_CPDFCOML_01071__NADH_oxidase,0.7535186,1.0,-1.0,0.93890256,-0.57003,-0.06746585,-1.0,0.71976566,-1.0,-0.53226185,0.6855287,1.0,1.0,-0.06815919,-0.36640024,-1.0,-1.0,-0.12374188,1.0,-1.0,-0.9658962,0.22109325,0.16582231,1.0,1.0,-0.5297388,0.64776534,-0.79209197,0.50949746,-0.95518595,-0.12136042,-1.0,1.0
BaiH%bai_cluster_1%midas_Clostridium_hiranonis_61655%Clostridium_hiranonis_61655|NZ_DS995354_308,0.14044811,0.25814041,-0.46519333,0.6046783,-1.0,-0.607505,-1.0,-0.32659134,-0.60441464,-0.1721367,0.72547096,1.0,0.9918704,0.17174567,-0.9001558,-0.7194409,-0.41524294,0.53508157,0.69238573,-0.4810223,0.6194613,1.0,-0.77865463,0.49389338,0.17662425,-1.0,0.8138978,-1.0,0.36813465,-0.14293075,-0.10066472,0.72003675,0.5307361
BaiH%bai_cluster_11%midas_Romboutsia_sp_25236%Romboutsia_sp_25236|FJTZ01000011_310,-1.0,-0.9036885,0.3332684,0.34659722,-0.31140104,1.0,-0.9920867,0.6572451,0.95339155,1.0,-1.0,-0.93995345,0.5484293,-0.809124,0.36129346,0.81731236,0.47110847,0.37477958,-1.0,-0.11348882,-0.48062366,0.54822755,1.0,-0.47599265,1.0,-0.68727183,0.6657542,0.64017487,0.8219513,-0.86921066,-0.632498,-0.65293944,-0.51686656
BaiH%bai_cluster_17%midas_Proteocatella_sphenisci_59007%Proteocatella_sphenisci_59007|AUID01000012_928,0.99157804,0.9536924,-1.0,1.0,-0.898792,-1.0,-0.52072555,-0.4034819,-1.0,0.04823761,-0.05191149,-0.11499912,1.0,-0.86767626,0.0036345515,-0.977101,0.40453807,-0.3014266,0.494426,-0.3194316,-0.25522617,0.42858005,0.44659597,0.42324576,1.0,-0.77543795,-1.0,0.2779335,-0.72695506,0.42811218,-1.0,-0.20664008,0.9919469
BaiH%bai_cluster_2%midas_uncultured_Eubacterium_73696%uncultured_Eubacterium_73696|FMDW01000013_836,1.0,1.0,-0.86917186,1.0,-1.0,0.9073926,-0.73482955,1.0,-1.0,-0.73235035,1.0,1.0,1.0,-0.95620406,-1.0,-1.0,-1.0,1.0,1.0,-1.0,-1.0,1.0,-0.4718319,1.0,0.5519478,-1.0,1.0,-1.0,0.5037054,-1.0,-0.09388815,-1.0,1.0
BaiH%bai_cluster_3%midas_Clostridium_hylemonae_61789%Clostridium_hylemonae_61789|NZ_GG657759_22762,0.16331978,0.3151905,-1.0,0.9160318,-1.0,1.0,-1.0,0.80642694,-1.0,-0.63188547,0.67383814,0.658687,-0.23760076,-0.684039,-1.0,-0.9724975,-1.0,1.0,0.75837,-0.8254731,-0.8051258,1.0,-0.19204718,1.0,1.0,-0.80398643,1.0,-1.0,0.7443214,-0.17207997,-0.5734076,-0.6940903,0.49782807
BaiI%LiJ_2014__V1_FI04__bin_94_fa_MJMNNJHI_00331__hypothetical_protein,-0.72204816,-0.53499454,0.5162773,-0.7804609,0.34115374,-0.13393772,0.024855876,-1.0,0.69945556,0.8343922,-0.35124975,-0.3285623,0.13601756,0.92290527,-0.06250461,-0.205061,0.19390239,-1.0,-0.40166268,0.7919834,0.88332105,-0.239456,0.89904267,0.0089609,-0.053960085,0.1829993,-0.9739927,0.36026683,0.20525897,0.5344872,0.72129995,-0.64852047,-0.44485193
BaiI%QinJ_2012__CON-070__bin_41_fa_AAAKDJOM_00400__hypothetical_protein,1.0,1.0,-1.0,0.30465055,-0.5259726,-0.49187982,-1.0,0.16774957,-0.69143987,-0.7771111,0.87693614,1.0,1.0,-0.10291611,-0.37784982,-1.0,-1.0,0.40904048,1.0,-1.0,-0.9946992,0.078051746,0.29236877,0.21885143,0.9686686,-0.7610191,-0.21287,-0.36923227,0.7333018,-0.9336495,0.6013845,-1.0,1.0
BaiI%WP_279004450_1_nuclear_transport_factor_2_family_protein__partial___Clostridium__scindens_,-1.0,-1.0,0.2725172,-0.6030508,0.5793886,0.8720184,0.8456667,-0.51569855,-0.17074902,-0.3318548,-0.13890448,-0.3545866,-1.0,-0.9025863,0.1351563,1.0,0.3152024,0.4544571,-0.39835015,0.4082874,0.41952214,0.29733226,-0.4075411,0.13151427,-0.056822553,1.0,1.0,1.0,-0.11162765,0.55732286,-0.2807313,0.4604971,-0.76128626
BaiI%bai_cluster_2%midas_uncultured_Eubacterium_73696%uncultured_Eubacterium_73696|FMDW01000003_2059,0.09319284,0.29323983,-0.36069778,1.0,-0.108500406,-0.5999499,-0.60247993,0.7459337,-0.6360038,-0.7978737,0.6596497,1.0,0.685246,-0.60846597,0.15769328,-0.7746414,-1.0,0.7141244,0.64594823,-0.68588096,-0.99758846,1.0,-1.0,-0.017762132,0.8990991,-0.2979983,0.7795958,0.19667557,0.6402515,-0.26960453,-0.8932197,-0.12509221,0.38409832
