Sample,3oxoDCA,3oxoLCA,7oxoDCA,Ala_DCA,Asn_CA,Asn_DCA,Asp_CA,Asp_DCA,CA,CDCA,DCA,GDCA,GLCA,GUDCA,Gln_CA,Glu_CA,Glu_CDCA,Glu_DCA,LCA,Phe_CA,Phe_CDCA,Phe_DCA,TCDCA,TDCA,TLCA,Thr_CA,Thr_DCA,Trp_CA,Trp_DCA,Tyr_CA,UDCA,isoCA_aMCA,isoLCA
12aHSDH%ERJ00208_1_oxidoreductase__short_chain_dehydrogenase_reductase_family_protein__Clostridium_sp__ATCC_29733_,0.0051056985,0.024324367,-0.051395956,0.046514176,0.03276105,-0.068005525,-0.009856297,-0.036606323,0.005431854,0.011211347,-0.027799254,0.021266274,0.073670685,-0.015673896,0.026611941,-0.043655053,-0.0028075525,-0.046179503,-0.0068445113,0.031654414,0.033894364,-0.048079554,0.034699287,0.04019492,0.060060576,0.0024907389,-0.038309984,-0.020565217,-0.012571094,0.009824732,-0.061554283,-0.05737628,0.015473485
12aHSDH%GENOME015584_936,0.013642175,0.024455573,-0.045724,0.05951824,-0.032227978,0.05950347,-0.020698499,0.096176006,-0.03335682,-0.042357877,0.01030016,0.015297061,0.039712172,-0.027788222,0.05227425,-0.0017044012,0.008933414,0.066736214,0.0042588823,-0.07178893,-0.03733338,0.028842118,0.00786395,0.047214307,0.014013613,-0.0850399,0.046004586,-0.0722664,0.016621947,-0.061803065,-0.061278008,-0.040656973,0.026026582
12aHSDH%GENOME051950_684,0.024147,0.024870073,0.032072727,0.035538744,-0.031025426,-0.06782681,-0.049683396,-0.002720587,0.018826006,-0.021352716,0.0084332535,0.024334472,0.04932736,-0.04395461,-0.016831798,-0.026269024,-0.04722485,-0.021403544,0.01466251,-0.044536214,-0.021254038,-0.039116256,0.05654128,0.03788116,0.040108085,-0.03499864,0.010067774,-0.009752957,0.009447221,-0.010204571,0.03801439,-0.017772354,0.022504602
12aHSDH%GENOME055489_1547,-0.008069018,-0.005545901,-0.0119979475,0.0044511724,0.06299611,-0.044094454,0.02675546,0.028745232,-0.010310959,-0.018403426,-0.008093072,-0.027865706,0.008884436,0.00015857205,0.031701908,0.030027894,0.03550289,0.010710964,-0.012542832,-0.0032690493,-0.008122443,-0.020520022,-0.01831507,-0.012381142,-0.027292674,0.033923123,0.020511106,0.014912819,-0.006837905,-0.026550269,0.012085334,-0.0070336233,-0.006543298
12aHSDH%GENOME077010_272,-0.0419008,-0.02333035,-0.020727556,-0.009757299,0.013360243,-0.052170053,0.025694506,-0.015841449,-0.0047560665,-0.0047742114,-0.00050521013,-0.017381676,-0.02338795,0.02060094,0.007346653,0.05135463,0.022940792,0.011399912,-0.014503212,0.0355865,0.009626621,-0.006552206,0.017642833,0.03459776,0.02539593,0.0035096318,-0.038538363,-0.029499963,0.0031514454,0.022342153,0.015960723,-0.013799175,-0.018544303
12aHSDH%GENOME126416_2228,0.0010057017,-0.010421333,0.037019588,-0.047591534,-0.017934537,-0.10200263,-0.0516328,-0.015552708,0.043020774,0.02442612,0.009469326,0.08572826,0.036706146,0.13591841,-0.06375436,-0.021975262,-0.064389855,-0.024014985,-0.0055873226,-0.04876191,-0.03029489,-0.03334527,0.07155215,0.065204665,0.01917978,-0.037082117,-0.07493679,-0.06336873,-0.009822158,-0.014132862,0.050777644,0.040555608,-0.012068462
12aHSDH%GENOME136792_1072,0.031040406,0.017697658,-0.045738198,0.037912745,-0.05876151,-0.008597006,0.031243946,-0.014356438,-0.052584957,-0.045923196,0.022390023,0.0045410143,0.0225256,-0.11204434,-0.010499841,-0.026293008,-0.045187265,0.006968237,0.03399231,0.080074094,0.07284832,0.055074908,-0.07874736,-0.029075587,-0.054065708,-0.010973782,0.08537248,0.079321936,0.041793913,0.025099175,-0.038214635,0.0012089307,0.030087136
12aHSDH%GENOME187328_883,0.017388325,0.0106917545,-0.047305994,0.08049342,-0.03916575,-0.039668303,-0.07694611,0.05481092,0.01831776,-0.0047658817,-0.0321689,0.02784801,0.09241444,0.11719448,-0.009981873,-0.054505166,0.020509219,0.015349805,-0.004617796,-0.030524783,-0.012337024,-0.012524251,0.11974094,0.048938103,0.053291343,-0.078676544,-0.032076705,-0.12444799,-0.0031476135,-0.08738086,-0.0429716,-0.05283101,0.014203218
12aHSDH%GENOME211747_1057,0.023314347,0.03105911,-0.06249656,0.018405363,-0.04747384,0.02312721,-0.025539408,0.054488897,-0.030320996,-0.023494218,0.0146111455,0.00039231367,-0.069385946,-0.023124116,-0.02779391,-0.030734556,-0.046249963,0.045781482,0.022779189,-0.014629968,-0.0026305886,0.060836773,0.007049131,0.028618295,0.049662188,-0.03471043,0.035442896,0.01498968,0.07236459,-0.021615865,-0.015978675,-0.058073554,0.031786844
12aHSDH%GENOME225739_454,-0.00795449,-0.0073940665,-0.03740103,0.02520019,-0.051256523,0.0013173239,0.026836764,0.024257014,-0.01701257,-0.008127018,-0.021154094,-0.023055065,-0.01685632,-0.060740925,-0.018048989,0.016947018,-0.003837764,0.035752617,-0.01986933,0.04435267,0.02170213,0.051589508,-0.00033970262,0.0019822686,-0.0022276058,-0.01732607,0.050031208,0.029785853,0.04281744,0.048372235,-0.029918991,-0.038057674,0.008246523
12aHSDH%MBE7001463_1_SDR_family_oxidoreductase__Oscillospiraceae_bacterium_,0.051741924,0.06021994,-0.050534233,0.020155754,-0.039204776,0.027001517,-0.057397768,0.04009018,-0.06379804,-0.029841976,0.04382413,0.015140415,0.061234668,-0.0015321373,-0.028554268,-0.066262476,-0.08236894,0.052394625,0.0592629,-0.047747802,-0.011164315,0.04059643,-0.037856456,-0.05178557,0.011985137,-0.047684107,0.065013506,-0.050609093,0.069013655,-0.04446554,0.025370564,-0.03217187,0.07352094
12aHSDH%MBP3571641_1_SDR_family_oxidoreductase__Clostridia_bacterium_,0.026286468,-0.008580763,-0.02215464,-0.0039137853,0.005557584,0.01581422,0.020164123,0.03417138,-0.01820796,-0.024601854,0.035091147,-0.016142162,-0.05034588,-0.077891305,0.036560025,-0.0010806869,0.02117662,0.037377097,0.016332163,0.014856003,-0.0013151021,0.032267798,-0.037472628,0.039550826,-0.0071792877,0.015446679,0.020294221,0.012328276,-0.01645643,0.008948609,-0.019745579,-0.020859031,-0.019689716
12aHSDH%MBR0327374_1_SDR_family_oxidoreductase__Clostridia_bacterium_,0.08348791,0.032045282,-0.061276253,-0.027684733,0.047663685,0.15146187,-0.015245177,0.013227697,-0.045265235,-0.016277688,-0.03596969,-0.09198377,-0.077604845,-0.14223224,0.10413384,0.025643826,0.016391857,0.022867268,-0.013928665,0.034038957,0.051205896,0.056915756,-0.13721374,-0.06857012,-0.045097366,0.028500611,0.05005796,0.08003742,0.034657642,0.12509266,-0.01439822,-0.015878126,0.0060062152
12aHSDH%MBR2336230_1_SDR_family_oxidoreductase__Clostridia_bacterium_,-0.0061977613,-0.0003314662,-0.028293677,-0.008447204,0.0087140985,0.03754319,0.00013748252,0.066388465,-0.010377464,-0.03974933,-0.01138396,-0.0036118133,-0.014035859,0.04408726,-0.008891413,0.0071966625,0.002092219,0.03599999,-0.011284411,0.0008221213,-0.024928078,0.051578723,-0.0009999073,0.0072501027,-0.01114958,0.004480535,-0.008840565,-0.008396332,0.029649474,-0.015685135,-0.04231986,-0.01858572,-0.0016362426
12aHSDH%MBR2608425_1_SDR_family_oxidoreductase__Bacteroidales_bacterium_,0.021517867,0.023675486,-0.027659388,0.0018589795,-0.03194404,-0.027082665,-0.024220135,-0.008993245,0.02193291,0.006483606,0.052872352,0.04403314,0.066622555,-0.012791548,0.021719314,-0.031996336,-0.041639052,0.0061578085,0.03736029,-0.006838934,-0.049218282,-0.037893,-0.0030976115,0.015754353,-0.03975738,-0.04298668,0.03126097,-0.02672775,0.023562064,-0.061461363,-0.0060001328,0.031927597,0.013685163
12aHSDH%MBR5144004_1_SDR_family_oxidoreductase__Clostridia_bacterium_,-0.00047883374,-0.013292461,0.032176655,-0.040880546,0.035835877,-0.0800624,0.043094687,-0.06881626,0.027587075,0.010959237,-0.04829284,-0.049083114,-0.03171992,0.0037836311,0.018589562,0.032573055,0.035109054,-0.0452888,-0.048761737,0.033734843,0.04306989,-0.011533331,0.027372614,-0.019431269,0.0033688543,0.03029238,-0.0038632378,0.047073044,-0.016488306,0.04576113,-0.025419526,0.059025764,-0.030438978
12aHSDH%MBR6823493_1_SDR_family_oxidoreductase__Bacillota_bacterium_,-0.018311549,-0.05838483,0.06720083,-0.04352581,0.004626877,0.051805135,-0.058053188,-0.057925597,0.073782794,0.047070168,-0.053097874,0.0021888488,-0.08668841,0.10552636,0.02794889,0.02395654,-0.011608765,-0.040656947,-0.07259965,0.04039121,0.018267762,-0.0025038146,0.04782787,-0.007564508,-0.041320875,-0.0003611795,-0.04418693,-0.0065831183,0.0071650213,0.04909435,0.00797896,0.1048548,-0.05723588
12aHSDH%MBR7146259_1_SDR_family_oxidoreductase__Oscillospiraceae_bacterium_,0.050656706,0.02438598,0.0049090977,0.02439154,-0.047783993,0.018052937,-0.06767271,0.025690319,-0.010879514,-0.021799523,0.040446986,0.004640052,-0.007746043,-0.020850865,0.0052866545,-0.025509806,-0.034050696,0.03125389,0.026909785,-0.07976763,-0.017230134,0.028394526,-0.033743665,0.024758197,0.020777322,-0.060938414,0.02973953,-0.029154956,0.03811069,-0.021984536,0.019720918,0.03047791,0.019037044
12aHSDH%MCI8718619_1_SDR_family_oxidoreductase__Lachnospiraceae_bacterium_,-0.061934885,-0.07487925,0.06469279,-0.063619874,0.06110671,0.023111887,0.02944696,-0.05926263,0.067710035,0.06385072,-0.041385617,-0.04385459,-0.06325674,0.038226426,0.08037049,0.04234277,0.026787156,-0.08478984,-0.056624137,0.05439963,0.032653607,-0.043016933,0.046119362,-0.0047376947,-0.02370701,0.053639855,-0.06568331,0.06489469,-0.0630465,0.06305954,0.0047124713,0.052798435,-0.07593408
12aHSDH%MFR3091303_1_SDR_family_NAD(P)-dependent_oxidoreductase__Eggerthella_lenta_,-0.009021256,0.0052538365,-0.023205351,0.0020791576,0.009487717,0.055528294,0.028275875,0.026075616,-0.020734899,-0.01937316,-0.013282325,-0.01726104,-0.03435487,-0.0009510375,0.0079201,0.0188025,0.043420874,0.0015396185,-0.016664967,0.009025361,-0.022278037,0.014095886,-0.0128461085,0.028829794,-0.014759229,0.037184715,-0.012879695,3.8568898e-05,0.056417104,0.025636885,-0.04697127,-0.06696177,-0.0013327515
12aHSDH%NCB62655_1_SDR_family_oxidoreductase__Clostridia_bacterium_,0.014255409,0.020173848,-0.013074943,0.034617826,0.004496274,0.056729622,0.03346159,0.03337027,-0.04840044,-0.040537294,0.0048463224,-0.007481182,-0.022132428,0.0017594851,-0.0015971771,0.018419681,0.025167832,0.039488673,0.012150991,0.00906686,-0.0011077275,0.039236993,-0.09109177,-0.04906998,-0.09004072,0.015301385,0.030014906,-0.005228377,0.08084339,-0.0022939816,0.011478316,-0.04660191,0.02253994
12aHSDH%WP_055231566_1_SDR_family_NAD(P)-dependent_oxidoreductase__Anaerostipes_hadrus_,-0.063624375,-0.06752829,0.03768823,-0.0071018543,0.03873595,-0.036423203,0.035111785,0.005213293,0.038186148,0.0038412395,0.0015986391,0.0029198537,-0.077170126,-0.016654732,0.022164786,0.0677996,0.04424105,-0.000757755,-0.034184884,-0.0110958135,-0.04121993,-0.0064090197,0.030742796,0.10528589,-0.0022947614,0.032333978,-0.017337264,0.008261202,-0.032427236,0.04341,-0.047600817,0.04993948,-0.08248069
12aHSDH%WP_103229430_1_SDR_family_NAD(P)-dependent_oxidoreductase__Clostridium_sp__chh4-2_,-0.032517448,-0.045012884,0.07009664,-0.026626572,0.055227198,0.022196753,0.056802694,-0.031666946,0.041372396,0.030813143,-0.013841015,-0.035900142,-0.038626246,0.019111907,0.0065187635,0.06699921,0.00991399,-0.010239163,-0.03621246,0.030908024,0.014329433,-0.05883573,0.0025997953,-0.032446124,-0.08302199,0.03750977,-0.024713064,0.022188103,0.0003444776,0.024470562,0.010503815,0.044742957,-0.04093111
12aHSDH%WP_130435990_1_SDR_family_NAD(P)-dependent_oxidoreductase__Cuneatibacter_caecimuris_,-0.035689544,-0.054616332,0.07447418,-0.015865155,0.0430557,-0.029282425,0.09683305,-0.04947794,0.03740295,0.039679784,-0.060666632,-0.07480646,-0.07946477,-0.014671391,0.05010927,0.057624135,0.0755088,-0.057970136,-0.056144886,0.11958068,0.11560271,-0.017100291,-0.034664813,-0.09090908,-0.062771805,0.07511613,0.02268483,0.07397799,-0.06158252,0.06760636,-0.051929288,0.044577617,-0.04606586
12aHSDH%WP_160708750_1_SDR_family_NAD(P)-dependent_oxidoreductase__Enterorhabdus_sp__P55_,-0.023569675,-0.02253244,0.005575093,-0.0017791094,0.026140433,0.068522364,0.007506029,-0.0587671,-0.006091182,-0.030537792,-0.029657323,0.0071369763,0.06059015,0.035526976,0.020146701,0.013091462,0.051822852,-0.037104324,-0.01104951,0.012008615,0.027132403,-0.060631543,0.040125895,-0.0138771245,0.029555839,0.04980206,0.011323967,-0.0138056325,-0.044392098,-0.029637141,-0.020181943,-0.021912927,-0.023230176
12aHSDH%WP_161844252_1_SDR_family_NAD(P)-dependent_oxidoreductase__Pseudoflavonifractor_sp__524-17_,0.0011599994,-0.016472233,0.010788405,-0.007502464,0.01612743,-0.041327428,0.013705466,-0.030699331,-0.031614438,-0.018504206,-4.2759584e-05,0.005113451,-0.007863205,-0.07238075,0.028713755,-0.0001950672,0.016632013,-0.030165255,-0.0048204614,0.03349685,0.06512091,-0.0011915959,-0.02933502,0.07295596,0.042024113,0.016357597,0.007328065,0.00031480155,-0.05505272,0.015946299,-0.007942971,0.023730522,-0.011634164
12aHSDH%WP_165061273_1_SDR_family_NAD(P)-dependent_oxidoreductase__Xiamenia_xianingshaonis_,-0.02536261,-0.030154683,0.048681986,-0.018104566,-0.020692235,-0.03229145,-0.00997771,-0.017747145,0.034643915,-0.04015605,-0.002916976,0.019058194,-0.017891822,0.047809623,0.016015094,0.037104305,-0.002003197,-0.020950222,-0.016244138,-0.0051686363,0.0004514617,-0.020402946,0.014234506,0.009349266,0.014031422,-0.0017526586,-0.028598942,-0.0036920626,0.00960314,0.031934213,0.020789385,0.03368473,-0.02966773
12aHSDH%WP_249318265_1_SDR_family_NAD(P)-dependent_oxidoreductase__Yeguia_hominis_,0.009864454,0.0046316683,0.0035697059,0.036721602,-0.023992436,0.015610036,0.0052645905,-0.0023850284,-0.0032757171,0.024801426,-0.020534351,-0.0030923216,0.042224173,-0.041204434,0.007878271,-0.005561795,0.017863529,-0.022013897,-0.016203899,0.0025241878,0.035439078,0.012640282,-0.038027845,-0.032346115,-0.05372834,0.0019645386,0.030594647,-0.0033342117,0.003440724,0.031298738,-0.005381539,0.021000609,0.005460681
12aHSDH%WP_251178417_1_SDR_family_NAD(P)-dependent_oxidoreductase__Adlercreutzia_agrestimuris_,0.016362613,0.016050708,-0.038420748,0.0945517,-0.046245985,-0.057242803,-0.06851262,0.03610324,-0.032838687,-0.0054704566,0.012490489,0.03565858,0.046597324,-0.00306052,-0.025446247,-0.0824233,-0.059957143,0.00610201,0.020802125,0.0033818802,0.016741995,0.064144954,-6.9833266e-05,0.03151975,0.06475042,-0.055858556,-0.033032574,-0.025782192,0.02479012,0.0011472263,-0.015457964,-0.012667412,0.01924582
12aHSDH%WP_256285936_1_SDR_family_NAD(P)-dependent_oxidoreductase__Pseudoflavonifractor_phocaeensis_,-0.05879719,-0.043166563,0.0037356114,-0.019927135,0.031562842,0.026027534,0.029893715,-0.011568551,0.012897917,0.0050200643,-0.03076647,-0.0100130495,-0.025216557,0.034397703,0.017904084,0.039629422,0.046060115,-0.028747378,-0.040417723,0.011659325,-0.0060869907,0.0062957425,0.0055091195,0.022491636,0.019245243,0.053990904,0.043330215,0.016826592,-0.026356377,0.038467277,-0.0706731,0.007660163,-0.049676687
12aHSDH%WP_278514144_1_SDR_family_NAD(P)-dependent_oxidoreductase__Methanobrevibacter_smithii_,0.09431832,0.0740934,0.013186195,-0.011023325,0.019870944,-0.09153759,-0.023455853,-0.010634855,-0.023317754,-0.053058643,0.036627527,0.011964369,0.024533883,-0.044658966,0.006940176,-0.04275031,-0.03142731,-0.010221678,0.04336635,-0.015292487,-0.027404351,-0.017114561,-0.05399474,-0.03910836,-0.01677828,-0.00033137132,0.0032136608,-0.028409602,0.035443183,-0.01735206,0.06992539,0.019340077,0.051426835
12aHSDH%WP_418471294_1_SDR_family_NAD(P)-dependent_oxidoreductase__Eggerthella_sp__,0.035831787,0.042393442,-0.025240857,0.016320927,0.025577523,0.009218181,0.013440834,0.039037436,-0.07643316,-0.065548874,0.028285518,-0.012030142,-0.0108739855,-0.0365392,-0.008023804,0.0010013044,0.022504365,0.023985071,0.030114148,-0.0028970004,0.025415985,0.016952777,-0.07770715,-0.009644959,-0.04495834,0.04105905,0.019325646,-0.007800846,0.03655767,-0.012852255,0.008638645,-0.049342416,0.035818063
12bHSDH%GENOME225741_180,0.034894444,0.043391973,-0.0068677957,0.005262438,-0.07545857,0.047408365,-0.011646169,0.05898322,-0.04122226,-0.018603714,0.049908455,0.032337483,0.04511443,-0.033928346,-0.08789862,-0.089182444,-0.046193205,0.059012946,0.06063447,-0.061961025,-0.041220423,0.04451173,-0.040308464,0.06943156,0.052147783,-0.0506333,0.04028496,-0.056035943,-0.0069868886,-0.052039184,-0.0041825846,-0.00095475686,0.043839563
12bHSDH%MDD6456291_1_SDR_family_NAD(P)-dependent_oxidoreductase__Lachnospiraceae_bacterium_,-0.018490372,-0.0041999076,0.0024491323,-0.043067373,0.004924533,-0.07397165,0.07597432,-0.0264874,-0.0013122183,0.0021210809,0.011232597,0.014170681,-0.00038078704,0.040599026,-0.04443171,0.0010433722,0.0137155345,0.0076171053,0.008586961,0.020101234,0.0020268273,-0.008797351,-0.0083556045,0.03558542,0.05444636,-0.0009420032,-0.009133729,-0.016261036,-0.052473184,-0.03352077,0.017553272,-0.013249356,0.0028843924
3aHSDH%3aHSDH%HJB56827_1_3-oxoacyl-ACP_reductase_FabG__Candidatus_Flavonifractor_intestinipullorum_,0.022308582,0.028576184,-0.009529966,0.040635828,-0.031658575,0.006678211,-0.063231334,0.009871415,-0.031967945,-0.0075956895,0.032131314,0.053041045,0.0011739251,0.0154609345,-0.09637819,-0.087365046,-0.082005605,0.048072323,0.03898915,0.0049232454,-0.00038536976,0.10256033,-0.029604947,0.03189099,-0.00069568155,-0.063534364,0.02425485,-0.009626522,0.06756702,-0.05261592,0.01722334,-0.026510349,0.033186007
3aHSDH%3aHSDH%MBO5160353_1_3-oxoacyl-ACP_reductase_FabG__Lachnospiraceae_bacterium_,-0.04917532,-0.057883974,0.0354448,-0.051201724,0.025339535,0.00775171,0.044948053,0.010086935,0.0033714497,0.011028579,-0.032067228,-0.0069884495,-0.07277915,0.02992138,0.0027483022,0.031937152,0.027095206,-0.022944253,-0.050460033,0.03094036,0.030989759,0.025717873,-0.011251774,0.008007893,-0.0030242957,0.03837097,0.0046601705,0.03071384,-0.05530773,0.06318945,0.03269463,0.032874424,-0.04013854
3aHSDH%3aHSDH%MBQ7891058_1_3-oxoacyl-ACP_reductase_FabG__Erysipelotrichaceae_bacterium_,0.06480053,0.06107491,-0.007795499,0.035263285,-0.040894307,-0.040027056,-0.012458822,0.017396031,-0.05236573,-0.038356207,0.048746977,0.0321916,0.014160408,0.017018551,-0.049501583,-0.02515757,-0.0392504,0.04977065,0.035235085,-0.019345544,-0.06317145,0.045307826,-0.10624764,-0.025005726,-0.04968021,-0.03827461,0.028972626,-0.05997597,0.03084216,-0.028411813,0.11290008,0.030999854,0.059763607
3aHSDH%3aHSDH%MBR6526164_1_3-oxoacyl-ACP_reductase_FabG__Clostridia_bacterium_,-0.036249027,-0.04400195,0.063008964,0.0044653104,0.06216304,-0.046741616,0.0843742,-0.035397176,0.028917937,0.04864168,-0.05195516,-0.027570093,-0.06716168,0.019682497,0.0033767258,0.06045398,0.02834558,-0.04366698,-0.06143708,0.07583645,0.05928838,-0.03608711,-0.051403534,-0.020612225,-0.07248857,0.067088716,-0.052599452,0.058693595,-0.08162966,0.10705804,0.028230911,0.049180325,-0.04523351
3aHSDH%3aHSDH%MCI8514525_1_3-oxoacyl-ACP_reductase_FabG__Lachnospiraceae_bacterium_,-0.04283208,-0.061409883,0.112534516,-0.04693171,0.07802165,0.016684052,0.040794645,-0.073517635,0.04281155,0.015416236,-0.036094867,-0.017563522,-0.016110262,0.12627126,0.016674222,0.068661064,0.049916074,-0.053274717,-0.06762826,0.03939325,0.017802833,-0.060368303,-0.0074914666,-0.021734776,-0.10609398,0.061568692,-0.073431715,-0.02611638,-0.049136415,0.027710227,0.09463957,0.07015959,-0.05958738
3aHSDH%3aHSDH%MCM1345206_1_3-oxoacyl-ACP_reductase_FabG__Muribaculaceae_bacterium_,-0.10599575,-0.03318591,-0.020117171,0.048873667,-0.011068744,0.026187003,0.021920163,0.02824448,0.0717996,0.0591644,-0.0970927,-0.079982765,0.02780405,0.09972041,0.025936244,-0.022147603,0.072516516,-0.052177757,-0.063138984,0.10500604,0.13613473,0.009440507,0.115524605,-0.11934829,-0.049208965,-0.018601075,-0.0643911,0.034582518,0.05887632,0.03981766,-0.13113044,-0.079592064,-0.011498889
3aHSDH%3aHSDH%MED9821234_1_SDR_family_NAD(P)-dependent_oxidoreductase__Christensenellales_bacterium_,-0.041750517,-0.029339753,0.040930666,0.012539568,0.014324502,0.019521473,0.0351647,-0.00015942715,0.022283787,0.025755348,-0.043511745,-0.06413479,-0.021048697,-0.00518531,0.00977535,0.036749426,0.07624268,-0.024473155,-0.04334884,0.064370334,0.056029893,0.007196301,0.002511133,-0.07577824,-0.08002213,0.0036030572,0.007826012,0.060317107,0.007638622,0.06394557,-0.027749192,0.0038619442,-0.033579048
3aHSDH%3aHSDH%WP_062304377_1_SDR_family_NAD(P)-dependent_oxidoreductase__Sellimonas_intestinalis_,-0.017327908,-0.027661296,0.050516874,-0.01494196,0.034288313,-0.057532586,0.07446447,-0.011566653,-0.016657956,-0.020789199,-0.028405933,-0.033447787,-0.013841766,0.026250632,0.052380636,0.061776947,0.059250962,-0.013445365,-0.04187148,0.014469636,-0.0005851845,-0.033812728,-0.05270832,0.007031888,-0.0005369132,0.030753246,-0.028798725,0.008491191,-0.08186901,0.030656898,0.0715735,0.03908875,-0.019752137
3aHSDH%3aHSDH%WP_117548394_1_SDR_family_NAD(P)-dependent_oxidoreductase__Longicatena_caecimuris_,0.050644062,0.057966527,-0.07302887,0.026632674,-0.034575917,-0.01697373,-0.03645328,0.013452164,-0.04245424,-0.007792943,0.028877562,0.03850425,0.014827416,-0.020616632,-0.08854464,-0.017738808,0.025301125,0.0051019685,0.048694644,-0.05109887,-0.0045571527,-0.0060271956,0.001501828,0.045516968,0.10798903,0.0017528838,-0.025830703,-0.06355091,0.013261463,-0.04697941,-0.05845901,-0.041040268,0.041813783
3aHSDH%3aHSDH%WP_117582908_1_MULTISPECIES__SDR_family_NAD(P)-dependent_oxidoreductase__unclassified_Collinsella_,-0.019778207,-0.026480673,0.022184378,0.018140882,0.027554242,0.027435487,0.022463417,-0.0021010975,-0.0106277475,-0.038267955,-0.012578194,-0.00389504,-0.017617175,-0.045591723,0.04387149,0.05551376,0.05015223,-0.005904728,-0.02654688,-0.020102303,-0.021816514,-0.018917225,0.004682684,0.032330766,0.035572294,0.017433066,0.021201039,-0.0007875548,-0.0024699299,0.0062096776,-0.047027778,0.012536402,-0.035732105
3aHSDH%3aHSDH%WP_226969791_1_SDR_family_oxidoreductase___Ruminococcus__lactaris_,0.06382381,0.052103654,-0.01949329,0.014336214,-0.11695454,-0.066127785,-0.075780116,-0.0036088796,-0.02403165,-0.013445928,0.063741654,0.0878113,0.035852678,0.035124823,-0.11836774,-0.07123214,-0.07817416,0.037247345,0.06702807,-0.064508066,-0.054575227,-0.009034935,0.007775011,0.107823685,0.08934834,-0.08079237,-0.027422456,-0.06634036,-0.0012445236,-0.0426044,0.03548031,0.030014725,0.04350177
3aHSDH%3aHSDH%WP_270387972_1_SDR_family_NAD(P)-dependent_oxidoreductase__Blautia_hansenii_,-0.09382026,-0.059687525,0.04710707,-0.068549536,0.0094912145,0.07916019,0.03619297,-0.05999419,0.022386014,0.033588827,-0.07416607,-0.04833198,-0.08473135,0.017315237,0.0065256893,0.05456201,0.07341478,-0.052440595,-0.09667171,0.093864985,0.109852485,0.019312376,0.015932137,0.023249475,0.032709587,0.020900996,-0.012478732,0.05483595,-0.0069968533,0.10523074,-0.039077736,-0.018075414,-0.057100877
3aHSDH%CAG5237306_1_short_chain_dehydrogenase__Streptococcus_pneumoniae_,-0.071640946,-0.06950469,0.033435263,-0.005649732,-0.036034904,0.002239343,-0.09595727,-0.06317233,0.08395423,0.060764212,-0.0057568806,0.041845463,0.018079093,0.23450795,-0.045204125,-0.053520594,-0.06755189,-0.07780797,-0.011524273,0.0022902645,-0.016813524,-0.07917662,0.11167386,0.08007968,0.06768752,-0.055156417,-0.06874884,-0.032301117,-0.01420008,-0.060739115,0.1870183,0.013037035,-0.045957137
3aHSDH%GENOME060426_131,0.055144086,0.060844317,-0.060962014,0.05471396,-0.09242554,0.005486741,-0.061224874,0.065969184,-0.07118383,-0.034850467,0.033262495,0.07373173,0.052876256,-0.022181278,-0.045248553,-0.045133613,-0.07780357,0.0400142,0.03807444,-0.0972274,-0.09309444,0.03327663,-0.033589,0.05905559,0.0850754,-0.08400103,0.004216762,-0.018204337,0.06457655,-0.028618287,0.026263824,-0.024470074,0.069517665
3aHSDH%GENOME084620_3418,-0.015627766,-0.03005435,0.04613066,0.033494588,0.023080101,0.042289857,0.0065501966,0.024032397,0.036191043,0.011736387,-0.008033987,0.0009938077,-0.012160045,0.00011020366,0.021338636,0.025059748,0.009796226,-0.01220145,-0.029243067,-0.05886972,-0.10825164,-0.017528469,0.018290944,0.051793713,-0.0022578514,0.021131696,0.03332947,-0.020605443,-0.019498711,-0.022336071,-0.022901623,0.058628786,-0.039608214
3aHSDH%GENOME084674_3322,-0.05010922,-0.051012233,0.040655136,0.014931002,0.02690043,0.007054173,0.09224258,-0.05907881,0.028734338,0.041450962,-0.02694261,-0.04748627,-0.008331455,-0.07066354,0.016891256,0.08483702,0.059032477,-0.001561046,-0.03798659,0.057508804,0.015908282,-0.027939027,-0.039037384,-0.030559035,-0.03651732,0.06239799,0.010043588,0.05699483,-0.016031602,0.046273977,-0.06313218,0.04298214,-0.054175053
3aHSDH%MBQ9141038_1_SDR_family_oxidoreductase__Lachnospiraceae_bacterium_,0.015237701,0.013528305,0.041866247,-0.014005586,-0.052503057,-0.10077644,-0.059078127,-0.028657911,0.003891929,-0.012834646,0.034767315,0.091431454,0.060296796,0.074899465,-0.117456585,-0.032425534,-0.017413048,0.012183155,0.032421257,-0.022216065,-0.04438274,-0.0166389,0.084198065,0.07786497,0.04875313,-0.048651323,-0.049868464,-0.11176859,-0.01722942,-0.064905204,0.08662718,-0.033117164,0.02117882
3aHSDH%MBS5502136_1_3-oxoacyl-ACP_reductase_FabG__Eggerthella_sp__,0.00075436046,-0.000937854,0.027179303,-0.016291441,-0.00053517835,-0.06099992,0.013912909,-0.017911255,0.04252461,0.00763133,0.00039817204,0.019728323,0.025157863,0.04010545,0.019818703,0.000404181,-0.034118127,-0.033641793,0.00036401412,-0.019198552,0.0034206924,-0.047324095,0.056083985,-0.0052520945,-0.020191707,-0.02235875,-0.047602955,0.0092637725,-0.015212352,-0.0011158545,0.020709522,0.003261514,-0.0021995415
3aHSDH%MCI6529002_1_SDR_family_oxidoreductase__Clostridiales_bacterium_,0.012708588,0.008881651,0.027770016,-0.056720924,0.03540463,-0.030659351,0.03292355,-0.07042301,-0.0003717827,0.015358963,0.010784674,0.004396801,0.005695683,-0.05869368,0.026287567,-0.0008198196,-0.003319233,-0.03898389,0.009176659,0.021102335,0.018312387,-0.06901362,-0.03689481,-0.024763806,-0.0076518087,0.027245946,0.03412109,0.008827315,0.0062953345,0.009910083,0.046020374,0.03322495,0.0026329774
3aHSDH%MCI6633699_1_3-oxoacyl-ACP_reductase_FabG__Clostridiales_bacterium_,0.009937421,0.011132016,-0.03136039,-0.028866366,0.010315776,0.020568045,-0.007870417,-0.009604544,-0.0010058279,-0.015586615,0.0076150913,-0.007991698,0.035182565,0.034410946,0.024372306,0.0031478873,-0.03141491,0.006434868,0.0106261335,-0.014077557,-0.033796884,-0.0140626915,-0.00829377,-0.005827885,0.03400848,-0.002176169,-0.051864237,-0.01015719,0.03376637,-0.022580864,-0.031320453,0.03418487,0.007650835
3aHSDH%MCI6899085_1_SDR_family_oxidoreductase__Mycoplasmatota_bacterium_,-0.022566278,-0.04505242,0.055103626,-0.052809115,0.07823929,-0.04389426,0.018819626,-0.031300977,0.04535225,0.03480582,-0.027847236,-0.03796441,-0.052606627,0.08963433,0.008279863,0.054401226,0.053859416,-0.024548845,-0.05828118,0.009262407,-0.010521481,-0.056706134,0.031706333,-0.035172038,-0.017749641,0.041128162,-0.036937512,0.02313159,-0.06813765,0.021551896,0.06696254,0.06734861,-0.053312473
3aHSDH%MCI7742844_1_SDR_family_oxidoreductase__Clostridiales_bacterium_,0.030402986,0.02532534,-0.022513352,0.005561028,-0.008086574,-0.012947203,-0.038798273,-0.009932102,-0.02684829,-0.026203692,0.012594999,-0.0013074216,-0.0010727809,-0.009752213,-0.004394949,-0.04078526,-0.029296791,-0.0036226169,0.018375296,-0.0142033575,0.028630255,0.03881309,-0.011449283,0.009759781,0.010643837,-0.004828172,0.0013307211,0.01237622,0.012383164,-0.0020733722,0.054455668,-0.022548955,0.02423777
3aHSDH%MCI8568452_1_3-oxoacyl-ACP_reductase_FabG__Bacilli_bacterium_,-0.08736177,-0.057033196,0.06967421,-0.053221766,0.06625638,0.019023493,0.004838224,-0.06579066,0.084621355,0.08075408,-0.020005496,-0.033407204,-0.043388605,0.09286877,-0.0060773296,0.028556144,0.0291243,-0.056153245,-0.029897245,0.034413826,0.01286318,-0.07360744,0.11006723,-0.028570117,0.018825969,0.04673231,-0.036766604,0.028097894,-0.068890594,-0.043579236,0.06924779,-0.030163432,-0.051531248
3aHSDH%MCI8931631_1_SDR_family_oxidoreductase__Lachnospiraceae_bacterium_,-0.03332337,-0.048708364,0.088287264,0.016688948,-0.021106936,0.043895993,0.030028269,-0.058072783,0.0528194,0.06690564,-0.11731122,-0.036200535,-0.008936257,0.028665029,0.019941337,0.054346513,0.10608793,-0.03177725,-0.07963525,-0.031224282,-0.029943481,-0.10208845,0.09522704,0.019902335,0.024505733,0.009151291,-0.006478025,-0.008194581,-0.033431016,0.004130474,0.009931485,0.030359862,-0.023895884
3aHSDH%MCM1266841_1_3-oxoacyl-ACP_reductase_FabG__Bacteroidales_bacterium_,-0.0050559547,-0.04747357,0.035637103,-0.029358186,0.07720027,-0.033005178,0.08755869,-0.070970185,-0.005586771,0.023035202,-0.020293903,-0.051637553,-0.08377904,-0.09051486,0.05078146,0.028753348,0.005987417,-0.06375184,-0.042814497,0.048011594,0.06881044,-0.015619788,-0.044829365,0.016163139,-0.063927695,0.092278816,-0.012527917,0.11858799,-0.046278726,0.11144319,0.028107531,0.092302874,-0.060580067
3aHSDH%MCR4878926_1_SDR_family_NAD(P)-dependent_oxidoreductase__Bacteroidales_bacterium_,-0.14907351,-0.055900935,-0.057590827,-0.015188119,0.053487416,0.05123919,0.07306129,0.014570155,0.03893609,0.03252678,-0.027661778,0.015477372,-0.007843752,0.10878225,0.026566157,0.051114514,0.04693132,-0.033774063,-0.017301558,-0.019123537,-0.03199485,-0.09904606,0.13224682,0.046338808,0.045852967,0.04468332,-0.047176853,0.066421576,0.0017971656,-0.1002906,-0.091168754,-0.08278503,-0.03545833
3aHSDH%MDE7008868_1_3-oxoacyl-ACP_reductase_FabG__Lachnospiraceae_bacterium_,-0.02900568,-0.02734838,0.10385327,-0.01557008,-0.052066803,-0.057351418,0.026494093,-0.06379676,0.025429387,0.038012132,-0.0062498837,0.03262029,-0.011818395,0.100628,-0.027168693,0.06706539,0.06285952,-0.041135672,-0.03878879,-0.032392845,-0.0041448204,-0.08373114,-0.08145382,-0.021590231,-0.04755936,-0.012905961,-0.08365481,-0.0007228529,-0.031452898,0.0049862536,0.2215098,0.123075,-0.017069347
3aHSDH%MDE7282987_1_SDR_family_oxidoreductase__Lachnospiraceae_bacterium_,0.02026266,0.025183585,0.027226297,-0.0083851805,-0.08913387,-0.09667706,-0.08442401,0.003947139,0.015400136,0.005281586,0.0465028,0.11950077,0.061551057,0.113320075,-0.14533699,-0.056114655,-0.053195618,0.026511088,0.0469097,-0.08835678,-0.08226415,-0.015363838,0.088984124,0.09377394,0.11437525,-0.09036238,-0.034204174,-0.14579326,-0.037468545,-0.0820324,0.061533634,0.0017318204,0.039290305
3aHSDH%MDE7415347_1_SDR_family_oxidoreductase__Lachnospiraceae_bacterium_,0.056716,0.07193987,-0.041881725,0.109511614,-0.1301107,-0.015690826,-0.12238558,0.108614534,-0.022537392,-0.03274034,0.054558624,0.0688782,0.09608078,0.089944184,-0.09122192,-0.14686967,-0.092316605,0.07320909,0.07372803,-0.10016874,-0.121956155,0.02257985,0.022571735,-0.004984571,0.046943832,-0.12088351,0.062145654,-0.10178307,0.02804458,-0.11426607,0.08510941,-0.006251225,0.10028407
3aHSDH%MFR0796835_1_SDR_family_NAD(P)-dependent_oxidoreductase__Oscillospiraceae_bacterium_,0.002755831,-0.010863639,0.017740972,0.009232371,0.016954625,-0.030882426,-0.031417385,-0.020004699,-0.0066595185,-0.052458543,-0.00039209012,-0.01569508,-0.029691543,-0.031578902,0.011983319,-0.011110282,-0.008226845,-0.008030036,-0.010226437,0.036499895,0.031176174,0.06135077,-0.006927554,0.018499287,0.019156015,0.0039460873,0.009794068,0.0033138373,-0.0052955598,0.019061277,0.048080824,0.011258043,-0.009576109
3aHSDH%NBI02399_1_3-oxoacyl-ACP_reductase_FabG__Lachnospiraceae_bacterium_,0.0049303416,0.003933857,0.034221515,0.028662667,-0.0033417866,0.030217767,0.04410901,-0.01671412,0.03293295,0.03139402,-0.05271784,-0.027499482,-0.03147553,0.06890844,-0.052739825,0.019220026,0.041291714,0.008682659,-0.043829255,-0.01557276,-0.021550793,-0.024332087,0.030014751,-0.048591062,-0.020218892,-0.002014452,0.0043186033,0.03322577,0.010503842,-0.017478587,-0.024682524,0.0034007234,0.003819704
3aHSDH%WP_008977467_1_SDR_family_NAD(P)-dependent_oxidoreductase__Faecalimonas_umbilicata_,-0.04210741,-0.06896728,0.08449841,-0.024867672,0.08022563,-0.02159181,0.08978833,-0.044611458,0.041157603,0.040421758,-0.061148148,-0.069836445,-0.078575514,-0.010675167,0.04742761,0.07532863,0.07562764,-0.03008929,-0.06438288,0.076237686,0.0824018,-0.10526017,0.012466856,-0.02315237,-0.030336263,0.07012793,-0.052300323,0.07195615,-0.109357595,0.04239476,0.013256506,0.07384933,-0.0668397
3aHSDH%WP_020436139_1_MULTISPECIES__SDR_family_NAD(P)-dependent_oxidoreductase__Mediterraneibacter_,-0.011250837,-0.05284236,0.08084931,-0.03467475,0.028750438,-0.06495451,0.043582793,-0.101333685,0.09676528,0.046266295,-0.021680046,0.004987783,-0.040873796,0.0008783748,0.04015635,0.03849231,-0.012389636,-0.11475259,-0.045265824,0.0577094,0.0076634805,-0.10405388,0.058477387,0.007150257,-0.048775636,0.051971197,-0.05727592,0.022373714,-0.08333142,0.08507287,0.055316854,0.10667139,-0.05662051
3aHSDH%WP_021919520_1_SDR_family_oxidoreductase__Evtepia_gabavorous_,0.08040942,0.08163596,-0.038270533,0.11464481,-0.09411663,0.04723659,-0.082046226,0.09173935,-0.059721045,-0.054554004,0.06294516,0.06282175,0.07720919,-0.012471923,-0.106513,-0.0812053,-0.07427666,0.10100071,0.07569094,-0.07133185,-0.03910074,0.07542825,-0.087363064,-0.009436641,-0.06875541,-0.086624786,0.038114626,-0.08339431,0.11537759,-0.104541264,0.052232932,-0.016232062,0.08640861
3aHSDH%WP_037602854_1_3-oxoacyl-ACP_reductase__Streptococcus_sp__oral_taxon_056_,-0.01858425,-0.020096958,-0.028479233,-0.022192629,-0.03316278,0.043257147,-0.06834757,0.012973667,0.03520836,0.03820174,-0.015132155,0.009263681,0.0075481785,0.13182604,-0.027458116,-0.044649582,-0.047063947,-0.018834386,-0.0061691278,-0.0333056,-0.004898174,-0.0156741,0.065676585,-0.0146826,0.037552956,-0.017080352,0.002430403,-0.025682759,0.06537128,-0.0021806934,0.0012675454,0.016794017,-0.024481252
3aHSDH%WP_044950032_1_SDR_family_NAD(P)-dependent_oxidoreductase__Mediterraneibacter_gnavus_,-0.053664703,-0.0857557,0.07715015,-0.09214802,0.13608702,-0.0006085162,0.11072461,-0.044979416,0.047185443,0.033994917,-0.04174258,-0.103929065,-0.13434288,-0.03109697,0.07078782,0.122268476,0.112709016,-0.019299233,-0.07829909,0.08682803,0.056733843,-0.013888375,-0.04606937,-0.10693587,-0.096777536,0.11931174,0.0033476236,0.09225369,-0.05761463,0.07943076,0.0013108483,0.11304062,-0.09999875
3aHSDH%WP_087213392_1_MULTISPECIES__SDR_family_NAD(P)-dependent_oxidoreductase__Sellimonas_,-0.037975147,-0.06688059,0.10673582,-0.03738962,0.050999694,-0.12176701,0.05310144,-0.064877756,0.06232813,0.052637424,-0.06837442,-0.058670577,-0.074753635,0.084023945,0.015771016,0.049516138,0.06456365,-0.04968159,-0.07795498,0.1094392,0.10250554,-0.015231644,-0.03511425,-0.068778194,-0.10620489,0.06155462,0.017554434,0.08793647,-0.051512938,0.085336536,0.013324955,0.066256925,-0.061666965
3aHSDH%WP_104968339_1_3-oxoacyl-ACP_reductase__Streptococcus_pluranimalium_,-0.09743448,-0.036305845,0.0020281035,-0.04756154,0.04910256,-0.0066808923,0.06237361,-0.059160575,0.06501844,0.04720301,-0.068317465,-0.03478056,-0.0070669744,0.053904973,0.03079403,0.08314208,0.056345116,-0.0512275,-0.0605952,0.023026116,-0.018361673,-0.078934215,0.13522579,0.05222924,0.039497133,0.0424071,-0.11666646,0.11666132,0.04593431,-0.0069694947,-0.08598662,-0.12779683,-0.03751184
3aHSDH%WP_109137584_1_SDR_family_oxidoreductase__Bifidobacterium_catulorum_,-0.0054166443,0.006292312,0.035128728,-0.06466066,0.013158878,-0.017172486,0.00080547715,-0.014937787,0.004755968,0.0174542,-0.005513245,-0.017580137,0.0077362573,0.1455999,0.017140182,0.010872793,0.043869987,-0.00065897556,-0.0061012167,-0.05733585,-0.034241322,-0.05697994,0.035284076,0.0005515186,0.009039823,0.0012463516,-0.09059565,-0.024436252,0.030296244,-0.078022406,0.054954033,-0.037351742,0.01378783
3aHSDH%WP_117562420_1_SDR_family_NAD(P)-dependent_oxidoreductase__Enterocloster_aldenensis_,0.02077291,0.012643989,0.0376506,-0.019713238,0.038068283,0.056828238,0.03800474,0.0207406,-0.020175459,-0.005786257,0.019641938,-0.05137978,-0.047101907,-0.04718653,0.04637858,0.015646499,0.035701405,0.024522737,0.017446639,0.007822089,0.011666375,0.020565998,-0.09528767,-0.055329747,-0.08206581,0.030323157,0.05737607,-0.03343414,0.019788373,-0.018997429,-0.0028257084,0.012287053,0.01466536
3aHSDH%WP_138309742_1_MULTISPECIES__SDR_family_NAD(P)-dependent_oxidoreductase__unclassified_Clostridium_,-0.034029912,-0.022963807,0.0037156297,0.056985877,0.016483214,0.031664792,0.008185766,0.03509929,-0.012794337,-0.012720839,-0.010538556,0.01041964,-0.05831657,-0.008645856,0.0057346188,0.0147366235,0.0053617996,0.008896563,-0.013154435,0.014032037,0.015796268,0.02996003,0.003184093,0.03497169,0.0095966,0.01183574,0.022502536,-0.02895098,-0.01724199,0.01818855,-0.06859434,-0.005380445,-0.023595344
3aHSDH%WP_182279434_1_SDR_family_NAD(P)-dependent_oxidoreductase__Collinsella_intestinalis_,-0.042119667,-0.030292658,0.011342823,0.03736995,0.00086646056,-0.0040578796,0.035661362,0.015432205,0.0089471415,0.028275631,-0.01360385,-0.0028902271,-0.041052204,-0.028580206,-0.014159655,0.04935757,0.061665464,-0.004645198,-0.024739807,-0.024598924,-0.019447317,0.008268187,0.026352344,0.040486444,0.01741981,0.0085451845,0.053954944,-0.0067426055,-0.008751538,-0.000269965,-0.08925308,0.012668615,-0.0377282
3aHSDH%WP_191282235_1_SDR_family_oxidoreductase__Pseudolysinimonas_yzui_,-0.13076997,-0.068347365,-0.019892119,-0.04429648,0.032589942,0.06356863,0.086978346,-0.02229342,0.04947474,0.025226578,-0.07457632,-0.049208328,0.0005459936,0.055051714,0.05548694,0.091634266,0.06572688,-0.05813507,-0.07532078,-0.0023155832,-0.024634909,-0.09999485,0.09807972,-0.015153391,0.022634283,0.052908458,-0.045894127,0.082446605,0.08529063,0.06750316,-0.06584504,-0.01612316,-0.06935347
3aHSDH%WP_231385278_1_SDR_family_NAD(P)-dependent_oxidoreductase__Candidatus_Stoquefichus_massiliensis_,0.002564078,-0.019732736,0.013899911,-0.04779916,0.04136158,-0.016796103,0.027406005,-0.03097535,0.033531096,0.040035676,-0.023229474,0.00017211394,-0.018665137,0.01947622,0.041218825,0.020159457,0.028843425,-0.015410433,-0.025723688,0.005531648,0.0066812397,-0.021942127,0.0145281395,-0.03750707,-0.023186363,0.036374077,-0.021809451,0.023222484,-0.043714058,0.0109987715,-0.052755695,0.05371213,-0.0312514
3aHSDH%WP_270208025_1_SDR_family_oxidoreductase__Eggerthella_lenta_,-0.03363103,-0.02162432,-0.010087135,0.035076223,0.0004324328,0.016731566,0.022095852,-0.0003058042,-0.007399797,-0.026076311,-0.021273602,0.033250414,-0.019893955,0.07277232,0.0102123115,0.019634413,-0.006737353,-0.046489075,-0.024334518,-0.02264795,-0.06336982,-0.028978243,0.06843507,0.083229,0.042325452,0.025557382,-0.02143156,-0.03764602,0.06688432,0.011848874,-0.04925982,-0.06407192,-0.016655311
3aHSDH%WP_289544896_1_SDR_family_NAD(P)-dependent_oxidoreductase__Enorma_phocaeensis_,-0.026703961,-0.02190643,0.058481537,-0.04454756,-0.0365329,-0.059003484,-0.0020509611,-0.013072492,0.05135907,0.053980775,-0.0010859815,0.07077851,0.02315659,0.059384163,-0.04746177,-0.0021852916,0.018541522,-0.007990935,-0.012766651,-0.026558734,0.015075595,0.031560265,0.01722941,0.016891008,-0.03794507,-0.034760468,0.022909269,-0.02285384,-0.033360984,-0.034747716,0.009645872,-0.00518708,-0.007858822
3aHSDH%WP_316269050_1_SDR_family_NAD(P)-dependent_oxidoreductase__Claveliimonas_bilis_,0.02389379,0.034579962,-0.0142517015,0.08669549,-0.04570622,-0.004911573,-0.04947354,0.0448011,-0.04137998,-0.061238173,0.0357143,0.04911392,0.051786236,-0.039203547,-0.05232731,-0.01558507,-0.009631562,0.021349847,0.03775418,-0.025612736,-0.032642275,0.044846736,-0.03515914,0.029580284,0.04662076,-0.04077079,0.0027896217,-0.06357171,-0.0043653264,-0.025760196,-0.011417605,0.0033671188,0.022811668
3aHSDH%WP_377204125_1_MULTISPECIES__SDR_family_oxidoreductase__unclassified_Pseudarthrobacter_,0.013974472,-0.015418947,0.022110367,-0.07955602,0.035657268,0.08385216,0.035857707,0.016462838,-0.021496616,-0.06514223,0.0016022346,-0.086740434,-0.061652895,-0.1172674,0.046483316,0.034480028,0.033593923,0.047704566,-0.014266837,0.047764424,0.00024663855,0.041456543,-0.08137448,0.016144192,0.0028273752,0.03114021,0.034918357,0.021137351,0.024795586,0.006991759,0.018488491,0.06870186,-0.029551487
3aHSDH%WP_427737837_1_SDR_family_NAD(P)-dependent_oxidoreductase__Bariatricus_sp__SGI_154_,-0.0063340496,-0.05116272,0.05096131,-0.059357014,-0.009141145,-0.027268283,0.07475968,-0.07908346,0.03547647,0.014096619,-0.049774304,-0.05117787,-0.05311348,-0.030977804,0.034094416,0.03756805,0.064838976,-0.052747365,-0.04297093,0.06601574,0.08913169,-0.024562128,0.024192743,0.019619301,0.021087594,0.04541988,-0.0440792,0.009965653,-0.08287814,0.057952218,0.028439904,0.04434752,-0.032653805
3bHSDH%GENOME124823_1686,-0.048563052,-0.06782841,0.026182856,-0.07428003,0.07268302,0.084825575,0.07006609,-0.018650888,0.034745153,0.025923276,-0.05282085,-0.10587122,-0.07300704,0.01786908,0.1015518,0.073467344,0.03250501,-0.0071128835,-0.06764726,0.008055113,-0.07097083,-0.047179386,0.04548008,-0.042739425,-0.028381357,0.03829206,0.006923331,0.10509955,0.009063635,0.023932457,0.070169024,0.05207088,-0.061684664
3bHSDH%MBS6646402_1_glucose_1-dehydrogenase__Clostridiaceae_bacterium_,0.022072978,0.0110116005,-0.010446416,-0.038899332,0.007887737,0.014960575,0.024740344,-0.040958367,0.0020622099,-0.016302928,0.008978035,0.039201595,0.024132608,0.04921412,-0.016679218,0.0018069026,0.0018300952,-0.046912275,0.004305594,-0.02213856,0.021353714,-0.070498474,0.041000582,0.03247795,0.021756591,0.00060906686,-0.036626212,-0.064703606,-0.027844934,-0.016106633,-0.019824896,0.01667458,0.0046086484
3bHSDH%MBS6779006_1_aldo_keto_reductase__Eggerthella_sp__,-0.0028559128,-0.0079365615,0.024525335,-0.03747703,0.008688186,0.023621585,0.005569702,-0.035313446,0.0438801,0.012563234,-0.021603286,0.015702922,0.036000058,0.047860317,0.040200196,0.0025302423,-0.034800824,-0.056081828,-0.013072174,-0.0028286779,0.0010922881,-0.059426732,0.05429178,-0.018021123,-0.016628586,0.0062170057,-0.08661118,0.034776065,-0.030359965,0.0019610233,0.009535617,0.02531063,-0.013124071
3bHSDH%MEY8522072_1_aldo_keto_reductase__Lachnospiraceae_bacterium_38-10_,0.050880753,0.06521818,-0.008879267,0.014922972,0.00086643174,-0.013326581,-0.03385992,0.052746005,-0.006048189,0.037217475,0.039842553,0.008071302,0.029285647,-0.07102432,-0.03462523,-0.057960235,-0.024796534,0.04395156,0.055511173,-0.06170191,0.014519985,0.014751477,-0.05332644,-0.023380302,-0.039086364,-0.011304109,-0.02198054,-0.051394735,0.036732614,-0.05407959,0.010063808,-0.020000704,0.06141691
3bHSDH%WP_100933575_1_SDR_family_NAD(P)-dependent_oxidoreductase___Clostridium__innocuum_,0.001413362,-0.057908975,0.05490769,-0.04924566,0.079167776,-0.0014720315,0.019227745,-0.058592785,0.013973772,-0.017469421,-0.013347995,-0.07096341,-0.036260903,0.008532874,0.09636242,0.040554468,0.039970152,-0.032338224,-0.04503642,0.02537115,-0.0155280605,-0.08846556,0.022679456,0.015833287,0.015332338,0.028165465,-0.024796922,0.0025800786,-0.067014344,-0.0114805065,0.14497676,0.09216788,-0.051377334
3bHSDH%WP_186937525_1_glucose_1-dehydrogenase__Eggerthella_hominis_,0.016448842,0.049673017,-0.041068964,0.009164509,-0.03493888,0.020745799,-0.015693264,0.049467668,-0.028854918,-0.021282062,0.017830236,0.02538451,-0.007517416,0.014869907,-0.0719843,-0.02737493,-0.0017845288,-0.0004992321,0.0312819,-0.07889069,-0.05070921,0.010963175,0.04145924,0.08140087,0.06438827,-0.005549442,-0.010713346,-0.05545197,0.056304827,-0.032775395,-0.05390584,-0.07444898,0.04249113
5AR%GENOME006039_2690,-0.010690454,-0.031886667,0.0143672535,-0.036742255,0.022804447,-0.0017100716,0.033979412,-0.031697884,0.015431901,0.043662842,-0.022317026,-0.017710714,-0.033494912,-0.03242134,0.013136252,0.04670839,0.028078524,-0.019969862,-0.023102222,0.008889697,0.009134613,-0.027423687,0.0037669635,0.01991174,0.0013459799,0.033020426,0.008787939,0.03190042,-0.038816467,0.03337547,-0.0207928,0.03889276,-0.039313953
5AR%GENOME012336_2253,0.045520645,0.043376256,-0.033857044,0.0124365,-0.006317188,-0.08376214,-0.03371015,-0.007896058,-0.03647724,-0.06479091,0.02475539,0.038148955,0.011210319,0.021090696,-0.013676188,-0.02689962,-0.016618546,-0.008677212,0.029715639,-0.017336857,-0.014539324,-0.021826766,-9.341499e-05,0.059418865,0.06977683,-0.031862903,-0.061558172,-0.036819223,0.021802759,-0.016459912,0.0073519363,0.0019566508,0.03544629
5AR%GENOME021742_2120,0.0029749097,0.0073977127,0.0063073887,-0.023762302,-0.0013852343,-0.03872167,0.009266925,-0.038648583,0.012131181,0.006044905,0.004889211,0.0032451153,-0.0030159426,0.03105981,0.003017981,0.003878775,0.008890803,-0.006400321,0.001190224,-0.00054073875,-0.013751392,-0.02383535,0.009486465,-0.021115221,-0.04330722,-0.0022128231,-0.0016093187,0.0059402264,0.052662577,0.0053902995,0.025588028,-0.008463061,0.0066852216
5AR%GENOME078645_81,0.006003908,0.014213487,0.0026883131,0.027724218,0.030647915,-0.04735081,0.028811848,0.058844276,-0.014875469,-0.032971017,0.011980367,0.0025943934,-0.037833504,0.008843382,-0.022382217,0.015782412,0.009944372,0.03423474,0.011662621,0.017641686,0.017769998,0.03740613,-0.037401333,-0.035758313,-0.062740415,0.028719619,0.0060000326,-0.02903201,-0.028797984,-0.001285395,0.012064126,-0.0211179,0.012882452
5AR%GENOME084343_2181,0.030546553,0.032251652,-0.0021772324,0.032588214,-0.07176756,-0.045850843,-0.06954542,-0.030263817,0.007520763,0.059180323,0.020113647,0.037687887,0.06490664,0.07651215,-0.09626796,-0.06562688,-0.02940988,-0.013269949,0.02968848,-0.0445447,0.038546894,0.0112616895,0.013226472,0.006810307,0.017961547,-0.07082417,-0.027130626,-0.06302269,-0.02630813,-0.041406523,0.059417404,0.02295132,0.03506582
5AR%GENOME086572_2986,0.018149668,0.02413439,-0.05356885,0.03403057,0.005326394,0.049061462,0.00175551,0.034895048,-0.018138735,-0.010333934,-0.0007827563,-0.028417177,0.024457805,-0.06730913,0.038180944,-0.016237585,0.005311665,0.0101658795,0.021904312,-0.010062313,0.016693307,0.01476818,-0.018960267,-0.07325117,0.005244959,0.024660874,0.040010124,0.02076826,0.010407255,-0.018236065,-0.075499415,0.002735813,0.014257296
5AR%GENOME107567_81,-0.018337155,-0.01341044,-0.0031528377,-0.020121938,0.031587675,0.020905728,-0.017470904,0.015684068,0.025058677,0.009043914,-0.025423925,-0.054178733,-0.016998578,-0.029936554,0.03189627,0.010323005,0.029745672,-0.020152342,-0.023217779,-0.021579012,0.013080869,-0.031713415,0.06214959,0.020651493,0.07647377,0.02006618,-0.066535704,0.0287433,-0.040159874,0.031121027,-0.018271806,0.0072628735,-0.026780037
5AR%GENOME140582_2251,-0.036949262,-0.028310273,0.07220621,-0.065292224,0.09769596,-0.019844687,0.072910696,-0.04274711,0.1063698,0.06427277,-0.032815825,-0.10376719,-0.075773545,-0.02469834,0.062029075,0.066837214,0.07297503,-0.056599453,-0.03292651,0.06749087,0.06453103,-0.069698565,0.034572866,-0.10918383,-0.09157583,0.08579052,-0.024833579,0.0706736,-0.06943118,0.046816695,-0.05076728,0.048004437,-0.054756977
5AR%GENOME142018_414,-0.017515799,0.0058967997,-0.005667559,0.034541823,-0.052510034,0.024692053,-0.04240138,0.008597276,-0.020664036,0.003415685,0.031497516,0.04806275,0.019826358,-0.009725537,0.012238163,-0.040560946,-0.045381036,0.0275208,0.020010615,-0.016121177,-0.04999696,0.031044902,-0.024139924,0.04975269,-0.0029522413,-0.050657474,0.001709869,0.01662593,0.031918917,-0.0012344348,-0.0002475911,-0.020022657,0.017501667
5AR%GENOME170052_106,0.027190449,0.023901844,0.033672288,-0.027755156,-0.0055754846,-0.058855366,-0.011256505,0.0045409333,0.02541989,-0.0027835732,0.01565408,0.014847869,0.039088584,0.041158676,-0.017190387,-0.011529936,-0.016067112,0.008036277,0.021440165,-0.028240751,-0.0038319377,-0.017142523,0.04661615,-0.028447298,-0.030170618,-0.03341791,-0.074212015,-0.016945006,-0.010489942,-0.026290223,0.036468383,-0.02612878,0.026966838
5AR%GENOME179594_130,0.066608675,0.061746687,-0.0229563,-0.0057264846,-0.04182363,0.005906848,-0.060324654,0.010755292,0.024128888,0.009311973,0.06847244,0.08460006,0.019796727,0.014717099,-0.01913363,-0.056648355,-0.06350862,0.0072516855,0.05449285,-0.086324826,-0.08391058,0.019117018,0.039391242,0.044699196,0.049006008,-0.08764317,-0.017434262,-0.11530068,-0.012443708,-0.06821885,-0.039372955,0.0052442146,0.042964403
5AR%GENOME179896_434,-0.028304989,-0.03568952,0.03693807,-0.06267465,0.09056652,0.005979989,0.06443169,-0.04599042,0.0016093798,-0.016247733,-0.019989168,-0.065634206,-0.029593538,-0.06356602,0.070344254,0.04312715,0.03506972,-0.048436347,-0.033613183,0.032943103,0.041323163,-0.025124526,-0.0034706309,0.021410136,-0.010071406,0.06731194,-0.025257256,0.05934806,-0.04013535,0.055150505,0.032279085,0.008192789,-0.043609105
5AR%HIU55603_1_DUF1295_domain-containing_protein__Candidatus_Gallibacteroides_avistercoris_,-0.000405995,0.0047831167,-0.035493802,0.049259793,-0.034874886,0.057552557,-0.022580598,0.05969143,-0.021239094,0.02036533,-0.018923063,-0.028597815,0.03591012,-0.047148045,0.01730404,-0.02225449,0.021076966,0.048031278,-0.0029766366,-0.0057480615,-0.046719298,0.014030219,0.013126944,0.0015364423,-0.0003203892,-0.043216497,0.03921023,0.0043387753,0.0330264,-0.047106374,-0.009862432,-0.010858556,0.016585229
5AR%MBD5276024_1_DUF1295_domain-containing_protein__Bacteroides_sp__,0.0035720074,0.0050994945,0.00899888,-0.0035687746,0.01675238,-0.0049835215,0.031562008,-0.019106315,0.02498131,0.023352386,-0.01582451,-0.06828361,-0.031119706,-0.005291527,0.008716613,0.043169122,0.03570629,-0.014154184,-0.011482686,0.033437043,-0.0053186743,-0.027171196,-0.0020470747,-0.061394878,-0.033859693,0.01461129,0.0060611134,0.023686698,0.024324043,0.012504271,-0.0025384724,0.019764801,-0.005135715
5AR%MBO5195293_1_DUF1295_domain-containing_protein__Bacteroidales_bacterium_,0.0021165905,0.022117598,-0.06895731,0.08168148,-0.0036231028,0.02839451,0.0036960475,0.0717352,-0.048828963,-0.030557401,0.0109892,0.004503921,0.01555399,-0.049328577,-0.015055104,-0.024045695,-0.007795836,0.038309727,0.022198915,-0.0019682785,-0.011145818,0.07263709,-0.03082201,0.009482455,0.011837104,-0.0045207585,0.067475,-0.012819415,0.015732221,-0.026832528,-0.058160044,-0.0639098,0.022335356
5AR%MBP3601379_1_DUF1295_domain-containing_protein__Alistipes_sp__,0.04842446,0.03170951,0.025460377,-0.0032590118,0.005007276,0.009953387,-0.008517147,0.00023446897,0.02628173,0.011195356,0.015094808,0.024126811,-0.004095744,-0.003918983,-0.016291223,-0.020044332,-0.03686048,-0.011992568,0.025084725,-0.035525173,-0.027957825,-0.04850543,0.020742903,-0.009761513,-0.017195804,-0.0054940884,-0.03485247,-0.0088155875,-0.020647723,-0.017794365,-0.0025171929,0.020573057,0.016170433
5AR%MBQ1253485_1_DUF1295_domain-containing_protein__Alistipes_sp__,-0.01047507,-0.017280929,0.014840403,-0.026751721,0.036153704,0.032717694,0.022289975,0.004447328,0.037990432,0.043658584,-0.010223806,-0.033710003,-0.043253746,-0.009970286,0.029066324,0.044192925,0.04953687,-0.0025348035,-0.020093586,0.013093527,-0.015810667,-0.04342919,0.014756462,-0.033788394,-0.049086656,0.028911965,-0.03940614,-0.00256878,-0.0008914997,0.012276581,0.009304983,0.020015443,-0.027758421
5AR%MBR4740186_1_DUF1295_domain-containing_protein__Bacteroidales_bacterium_,-0.034376018,-0.028439693,-0.010277059,-0.017578823,0.07193313,-0.09664919,0.12002894,0.0155725805,0.031343237,0.032228585,-0.024836458,-0.040039137,-0.020813208,-0.013119234,0.046038385,0.054761086,0.045958266,0.024049532,-0.03440548,0.035594407,0.05742654,0.003889818,-0.061763663,-0.11470284,-0.1633525,0.0877055,0.05068406,0.044854987,0.018280312,0.061263055,-0.0072226287,0.0017714773,-0.025508631
5AR%MCD7962281_1_DUF1295_domain-containing_protein__Rikenellaceae_bacterium_,0.010042468,0.023991782,-0.02034511,-0.032800753,0.0032276579,-0.06937072,-0.03905439,-0.020552063,-0.015182087,-0.0010833103,0.03963047,0.04717727,0.024841197,0.038520306,-0.021696215,-0.048518106,-0.020438613,-0.024966255,0.0631555,-0.03685395,0.04169943,-0.0023843376,0.0036044132,-0.03345691,0.06658624,0.0060329083,-0.017138397,-0.018274974,-0.028865883,-0.056040872,0.01994906,-0.030061694,0.047451466
5AR%MCH5217706_1_DUF1295_domain-containing_protein__Muribaculaceae_bacterium_,-0.024056008,-0.02785636,0.015824927,-0.035891086,0.02976579,0.039572697,-0.001898598,0.017452126,0.031423114,0.024190111,-0.015888171,-0.03742302,-0.058378853,-0.0061104135,0.025930172,0.025655808,0.028123671,0.025847467,-0.023207713,0.03947794,0.0027516896,0.03582026,-0.017964263,-0.06342415,-0.066389784,0.024363492,0.027046962,0.027176192,0.014335736,0.015484162,-0.0008732516,0.025321104,-0.020596003
5AR%MCQ2341803_1_DUF1295_domain-containing_protein__Paludibacteraceae_bacterium_,0.02507067,0.032054886,-0.011911111,0.02147874,-0.00037686207,0.030997891,-0.04228028,-0.038204897,0.0017791502,-0.017586973,0.032493755,0.056163616,0.078421265,-0.029558053,0.03007453,-0.03574302,-0.02092812,-0.016195629,0.03341154,0.016396584,-0.050300054,-0.08348929,0.031998698,0.042725876,0.038599856,-0.025673678,-0.088722944,-0.011503557,-0.078146,-0.03535232,0.05839233,-0.048615318,0.023623679
5AR%MCR5660240_1_DUF1295_domain-containing_protein__Bacteroidales_bacterium_,0.024147911,0.031619046,-0.033741914,0.054168247,-0.064157836,0.0018600158,-0.0904193,0.035154764,-0.058481116,-0.031710327,0.029827476,0.03786606,0.070029385,0.018396582,-0.01983038,-0.084596194,-0.05685893,0.03730676,0.036653623,-0.043491162,-0.028512506,0.075274356,-0.028348427,0.044142514,0.03868361,-0.0634552,0.032999385,-0.039799172,0.070390895,-0.02307083,0.015280501,-0.06575331,0.050523058
5AR%MDE7159808_1_DUF1295_domain-containing_protein__Muribaculaceae_bacterium_,0.031160517,0.042729925,-0.05492897,0.05054062,-0.020968758,0.03761729,-0.03589588,0.052339997,-0.021128828,-0.06161179,0.02224109,0.033862293,-0.008477766,-0.03304867,-0.028150022,-0.038278185,-0.05180076,-0.0045827655,0.034194965,-0.039600022,-0.00079217996,0.03609881,-0.0008838439,0.029760545,0.07764618,-0.027669787,0.043769293,-0.0028613394,0.020045416,-0.014070522,-0.034847006,-0.0662795,0.026948549
5AR%WP_005657188_1_DUF1295_domain-containing_protein__Bacteroides_stercoris_,-0.004131742,0.010100438,-0.046989217,0.045172147,-0.043193534,0.05825028,-0.0028148908,0.06775681,-0.026883509,0.021406457,-0.016073616,-0.011745627,-0.0010714008,-0.017210826,0.00026494428,-0.007268175,0.03343016,0.055145636,-0.005925392,-0.0035332923,-0.036342952,0.046843883,2.5714775e-05,-0.008674388,-0.045241017,-0.04137641,0.041977078,-0.0009328276,0.041541714,-0.023416767,-0.023526412,-0.024839886,0.0146204755
5AR%WP_099292233_1_MULTISPECIES__DUF1295_domain-containing_protein__Butyricimonas_,0.04721904,0.04684862,-0.02899594,0.02489332,-0.08760629,0.009992475,-0.05501601,-0.0003660195,0.01730597,0.06138631,0.0042635826,-0.0007419329,0.020774115,0.07985987,-0.08048203,-0.09340739,-0.0529171,-0.015366199,0.030568307,-0.010084714,0.03701217,0.047960676,0.01842818,-0.06552588,-0.07191904,-0.060822815,0.014100287,-0.035685316,0.072133176,0.020790672,0.081679605,-0.03824551,0.039822504
5AR%WP_300108487_1_DUF1295_domain-containing_protein__uncultured_Alistipes_sp__,0.00786165,0.005097634,0.018705722,0.002020479,0.023574779,-0.069977485,0.027004473,0.022261579,-0.0017869105,-0.0046017347,0.019079685,0.01164725,-0.015651835,0.007430361,-0.020731695,0.025977653,-0.000734014,0.037123445,0.01565535,0.0096934615,0.032520827,0.016876748,-0.04491692,-0.057610236,-0.10687821,0.022503939,0.0077025057,-0.008246634,-0.008321968,0.0101439785,0.043721028,-0.012587943,0.008842007
5AR%WP_302729833_1_DUF1295_domain-containing_protein__Bacteroides_sp__ET489_,-0.012657231,-0.009482358,0.04556577,-0.05315567,-0.04774411,-0.012763143,-0.024355292,-0.050518733,0.034379147,0.04188934,0.023870287,0.06418288,0.011309171,0.01695164,-0.024867736,-0.014659508,-0.02589908,-0.0037381854,0.0068487125,-0.0032354994,-0.02025021,0.019918287,0.001936492,0.03949265,-0.020287462,-0.044278625,-0.004513814,-0.004911429,-0.007440889,0.0022569394,0.007889238,0.02652383,-0.010964141
5AR%WP_303226315_1_DUF1295_domain-containing_protein__Alistipes_indistinctus_,-0.06335066,-0.023832066,-0.020558203,0.020383824,0.005443165,0.11346033,0.043542936,0.024403907,-0.000764601,0.025137153,-0.05138946,-0.06216991,-0.06382266,-0.00589885,-0.0032277787,0.021094127,0.029978456,0.006045552,-0.05675216,0.05642956,0.04871168,0.079526424,-0.018469052,-0.031002486,-0.027037464,0.014207286,-0.015159318,0.06842514,0.053985238,0.07585223,-0.019574858,-0.06441148,-0.02772109
5AR%WP_346709278_1_DUF1295_domain-containing_protein__Phocaeicola_salanitronis_,0.0067251353,0.007178466,-0.005535463,0.011460879,0.016487423,-0.041814715,0.005739056,0.00039234248,-0.0017718491,0.006260586,0.008300383,0.008617227,0.015702467,-0.038625967,0.0059879697,0.01431549,-0.0085478155,-0.016796544,0.012125712,-0.010839827,0.0034089661,-0.032000087,-0.015805023,0.005115172,0.045668557,0.0046759956,-0.00786034,0.0006107816,-0.056522965,-0.004419611,-0.015473311,0.043552026,-0.0017581272
5AR%WP_418203978_1_DUF1295_domain-containing_protein__Bacteroides_sp__,-0.059022423,-0.0761198,0.102716066,-0.106490605,0.092163,-0.029557934,0.09486988,-0.12329769,0.077404305,0.068784356,-0.07438742,-0.083777994,-0.067058794,-0.009640659,0.0673494,0.086792745,0.074438125,-0.11171445,-0.07376164,0.101019934,0.11187014,-0.12110886,0.049601816,-0.011960216,-0.007037589,0.09975628,-0.061248437,0.088743106,-0.117537186,0.07540396,0.030736709,0.039650504,-0.07760021
5BR%CAK7070565_1_MAG__NADPH_dehydrogenase__Parabacteroides_sp__,0.04727794,0.031587113,0.017301971,0.0070350496,0.0058100563,0.020910773,-0.017267961,0.03256229,-0.01619067,-0.026725393,0.023074463,-0.013186147,-0.018841444,-0.051578082,-0.01622503,-0.024504092,-0.02363123,0.012665446,0.028646909,-0.015523231,0.002493375,0.040104337,-0.032193802,-0.01813407,-0.054103404,-0.0053458326,0.00137225,-3.7205522e-05,0.029086042,-0.0044867927,0.05628989,-0.015085799,0.026619582
5BR%GENOME006024_4796,-0.01101784,-0.010056819,0.0352002,0.02708818,0.00911667,-0.0005921038,0.018478014,0.012385242,-0.0033800567,0.015211323,-0.004979845,-0.047295634,-0.02428002,-0.050652474,0.020300947,-0.002699069,-0.011959361,-0.009849582,-0.007282845,0.037329603,0.034496788,0.03940628,-0.041900445,-0.033183288,-0.026243823,-9.11456e-05,-0.042947397,0.057593346,0.0009891946,0.03450582,0.033474535,0.009480944,-0.0020221556
5BR%GENOME006521_2122,-0.050548002,-0.054683123,0.031070556,-0.07748596,0.043424364,0.045978714,0.042331476,-0.0580396,0.036616426,0.017877828,-0.027763216,-0.031148484,-0.06751737,-0.00990718,0.039316047,0.047131017,0.046003226,-0.0077717835,-0.0418282,0.07114952,0.036932882,-0.015052646,-0.006510781,-0.006057806,-0.0005310258,0.042673543,0.032648277,0.044288505,-0.025335336,0.037875324,-0.019258188,0.011443931,-0.049832985
5BR%GENOME141824_1849,-0.07325638,-0.059082683,0.037370905,-0.07191296,0.055751625,0.005198521,0.070561245,-0.028174305,0.031041622,0.038350698,-0.030055573,-0.03480938,-0.021546636,0.026788782,0.026191695,0.063420326,0.04952577,-0.02060547,-0.044148933,0.013184287,-0.00061258284,-0.008078158,0.026503714,0.026294898,0.02356148,0.038291425,0.021587208,0.023980318,-0.065934464,0.02071916,-0.041119915,0.003179097,-0.059166044
5BR%HIX74022_1_NADH_flavin_oxidoreductase__Candidatus_Parabacteroides_intestinipullorum_,-0.0038929945,-0.02471635,0.0010842367,-0.0280091,0.032647833,-0.007592112,0.0010493321,-0.027371693,0.02123148,0.029303458,-0.016290002,0.0021630523,-0.035383005,0.0019080057,0.021081405,0.027715748,0.0040782737,-0.03594112,-0.017186416,-0.0060172463,0.0055475403,-0.06344576,0.052213665,0.05551347,0.0534456,0.023921747,-0.045508195,0.02078522,-0.06558462,0.003502845,-0.015237862,0.03455294,-0.03608417
5BR%MBE6202772_1_NADH_flavin_oxidoreductase__Rikenellaceae_bacterium_,-0.03732394,-0.024205064,0.02335125,-0.050863147,0.051451154,-0.030344952,0.035195567,-0.049903065,0.03716545,0.023342753,-0.012644832,-0.021849291,-0.013010676,-0.018780509,0.047648255,0.023201983,0.06930895,-0.06279459,-0.017152775,0.014708681,0.022160016,-0.0840711,0.04278262,0.035320327,-0.0056891483,0.048933387,0.0032677066,0.025028601,-0.06907488,0.04064728,-0.0017858774,-0.018683909,-0.030534897
5BR%MBO4402754_1_NADH_flavin_oxidoreductase__Bacteroidales_bacterium_,-0.01431208,-0.016285978,0.02324289,0.00061341614,0.029475775,-0.042488627,-0.019850466,-0.021884924,0.004048594,-0.014349837,-0.037237916,-0.058015574,0.009567183,-0.0067161117,0.013466188,-0.013684903,0.012350245,-0.05512662,-0.028725239,0.031018903,0.03451225,0.0038562824,0.011940965,0.053457987,0.07073516,0.016693536,-0.034850482,0.060088385,0.021053068,0.028310157,-0.03279804,0.008306895,-0.033526774
5BR%MBO7234306_1_NADH_flavin_oxidoreductase__Paludibacteraceae_bacterium_,0.037252296,0.030124197,0.019643314,-0.053636104,0.026583962,-0.038949236,-0.02003678,-0.0102962125,-0.0045576077,-0.037230045,0.025059666,0.010769628,0.0027244657,0.047778793,0.004176496,-0.0041516195,-0.0030299744,-0.008842727,0.02594083,-0.015366915,0.023274377,-0.023608956,-0.0012371221,-0.012922535,-0.013475754,-0.0060044364,-0.09636563,-0.036387276,-0.0041630105,-0.025192082,0.037321817,0.016539523,0.024226086
5BR%MBO8446450_1_NADH_flavin_oxidoreductase__Candidatus_Enterocola_intestinipullorum_,-0.00036007035,0.029692605,-0.03381698,0.020312728,-0.06183518,-0.012968553,-0.025509639,-0.0012637326,-0.008510384,-0.020903695,0.014695449,0.023571618,0.06054624,0.057366084,-0.037656847,-0.04327258,-0.028449204,0.026099024,0.016750298,0.03692292,0.01624795,0.08119475,-0.03847139,-0.07545404,-0.06441035,-0.056926075,0.0473337,-0.020723462,0.11611795,0.017306939,-0.009586378,-0.057517268,0.037919395
5BR%MBQ8101082_1_NADH_flavin_oxidoreductase__Paludibacteraceae_bacterium_,-0.011916979,0.003595184,-0.037998434,0.01700653,-0.018407866,0.015182027,-0.012616357,0.058021285,-0.028998585,-0.023543645,0.01723323,0.028277034,0.005585837,-0.05934376,0.00068239303,0.0013599203,0.025367917,0.060123593,0.014692359,0.034158256,0.021190422,0.057711754,-0.050061155,-0.023309529,-0.04966403,-0.010303787,0.08066366,-0.00673716,0.05454729,-0.023663042,-0.040614687,-0.04628636,0.006441234
5BR%MCA9548846_1_NADH_flavin_oxidoreductase__Myxococcales_bacterium_,0.05315955,0.060729865,-0.036332935,0.010761138,-0.079278655,-0.10679903,-0.11998783,-0.021073194,0.005007162,0.052087907,0.046844058,0.05495489,0.08815969,0.05690466,-0.06795097,-0.0660168,-0.038157254,-0.012835907,0.054272663,-0.06298185,-0.013398324,-0.00089296827,0.02304027,0.014683123,0.07298068,-0.11126341,-0.074484766,-0.102297805,0.0005129846,-0.050988603,0.015622751,0.0901255,0.047412075
5BR%MCD8287651_1_NADH_flavin_oxidoreductase__Porphyromonadaceae_bacterium_,0.026688727,0.042645346,-0.030610166,0.015940212,-0.01629629,0.011570388,-0.02081533,0.0019698408,-0.024096614,-0.0147484075,-0.004200194,0.0043740436,0.04716003,-0.032187708,0.028900601,-0.015164933,0.042623788,-0.0044984687,0.014688175,0.025737088,-0.006575829,-0.013418398,0.023075987,-0.012214231,0.007696417,-0.030369475,-0.04076735,-0.051085766,-0.018928302,-0.02567857,0.0052577704,-0.030010486,0.034683786
5BR%MCF0197806_1_NADH_flavin_oxidoreductase__Bacteroidaceae_bacterium_,-0.031665184,0.010113064,0.00077044027,0.007087396,-0.007919972,0.00506075,0.047430333,-0.010926961,0.019776106,0.061468314,-0.027192643,-0.030347008,-0.011364691,-0.019768596,-0.007857651,0.03822013,0.03850406,-0.023927962,-0.03477657,0.021558685,0.037944674,-0.021288643,-0.016595263,-0.04479648,-0.052756548,0.01989094,0.008655124,0.009983228,0.010825656,0.05881649,-0.019854289,0.005251222,-0.010490474
5BR%MCH5231198_1_NADH_flavin_oxidoreductase__Muribaculaceae_bacterium_,-0.011842065,-0.011416819,0.036569092,0.0038764882,-0.044985548,-0.009827934,-0.030420259,0.048559017,0.038564455,0.054688744,0.003996115,-0.018548287,-0.0114076,-0.005772891,-0.023315813,-0.03659529,-0.006248749,0.032490335,0.010484117,-0.02183707,-0.03206694,0.019285101,0.013384857,0.025412409,-0.049284,-0.03483018,0.013439158,0.002664687,0.023071347,-0.0056032008,-0.018943956,0.04190751,-0.0034321502
5BR%MCQ2066925_1_NADH_flavin_oxidoreductase__Bacteroidaceae_bacterium_,-0.03258183,-0.00032805186,-0.024338197,0.03372237,-0.011944748,-0.022469614,-0.029556816,0.012758733,0.010992367,0.0656243,0.0025781135,-0.007069647,0.02394793,0.0015109027,-0.03672372,-0.026015544,-0.011773986,-0.010606922,0.010942901,-0.034429263,0.0019977454,0.012288568,0.040276274,0.014770168,0.071523696,-0.02353891,-0.0026392841,0.002197161,-0.022586092,-0.048549928,-0.0071870987,-0.0068002893,0.009714322
5BR%MCQ2271787_1_NADH_flavin_oxidoreductase__Bacteroidales_bacterium_,-0.006313096,-0.02583968,0.036981374,-0.050538287,0.056276396,0.026435867,0.019525323,-0.028657565,-0.009681536,-0.017328009,-0.022567568,-0.050488364,-0.024396474,-0.026115015,0.056917347,0.0349422,0.01933567,-0.03158577,-0.016052326,0.045530714,0.054445166,-0.053035595,-0.0020212329,-0.037546724,-0.0050203446,0.052473053,-0.06525002,0.0340567,-0.015248636,0.02576432,0.057063226,0.016541287,-0.011649741
5BR%MCR4591939_1_NADH_flavin_oxidoreductase__Bacteroidaceae_bacterium_,-0.084979564,-0.080359966,0.034655932,-0.09902144,0.092704795,0.023655973,0.06047842,-0.06423786,0.056929458,0.029583862,-0.04138979,-0.07388028,-0.08302747,0.029464388,0.02833607,0.07985526,0.06919461,-0.05694046,-0.07416421,0.06232461,0.05707022,-0.042915586,0.06322064,-0.007503863,0.00028815612,0.08812376,-0.015590548,0.04726926,-0.029000819,0.056861978,-0.021097241,0.024053456,-0.07029729
5BR%MDD2293891_1_NADH_flavin_oxidoreductase__Bacteroidales_bacterium_,-0.08910369,-0.010917391,0.062879294,0.0034929279,0.017782675,0.094555706,0.10763427,-0.012009293,0.057645723,0.06770908,-0.104385756,-0.03463525,0.016105684,0.056274578,-0.0010397412,0.06441684,0.096588545,-0.0152591895,-0.07662588,-0.07185213,-0.06432623,-0.049602456,0.04407717,-0.032590974,-0.030350976,0.0056608506,-0.014694111,0.053050466,0.06758185,-0.053806104,0.01092334,-0.06361227,-0.006957096
5BR%MDD5892138_1_NADH_flavin_oxidoreductase__Bacteroidales_bacterium_,0.01954075,0.03511643,-0.02694856,-0.015285095,-0.030112311,0.018246196,-0.047856256,-0.006298806,-0.0111354375,-0.020268722,0.039397527,0.040251557,0.030327694,-0.0114462795,-0.0019325863,-0.044532213,-0.03136033,-0.01072868,0.033952054,-0.027235573,-0.046548482,-0.00855898,0.024807895,0.05692991,0.037577294,-0.019476682,-0.03208384,-0.041579284,0.016254734,3.0612293e-06,-0.01830574,-0.0050089997,0.013718193
5BR%MDD5962634_1_NADH_flavin_oxidoreductase__bacterium_,-0.00920484,-0.012131455,0.020188486,-0.016599905,-0.013171451,0.031065192,0.011684523,-0.04759386,0.0056004585,0.02372024,-0.014327573,0.039499193,0.0048995703,0.05331292,-0.07068644,0.014975006,0.039252803,-0.037335247,-0.025745127,0.020569315,-0.030416872,-0.03058148,0.04538347,0.052196413,0.036611818,-0.005938257,0.0060493876,-0.074130796,-0.02304922,-0.0092210695,-0.008766684,0.016748117,-0.026896631
5BR%MDD6582580_1_NADH_flavin_oxidoreductase__Bacteroidales_bacterium_,-0.050252732,-0.036991328,0.017643692,-0.054777674,-0.011004115,0.020253822,0.022556925,0.006215716,0.045268003,0.06585799,-0.020688897,0.0016366729,-0.034321174,0.040641416,-0.011372694,0.022160394,0.054685187,0.012024201,-0.026310394,-0.036731705,-0.021389082,-0.016495071,0.059595957,0.041102204,0.06694699,-0.024635432,-0.045397907,-0.013206576,-0.031055469,-0.00958924,-0.047097612,0.008387068,-0.031042494
5BR%MEI7492181_1_NADH_flavin_oxidoreductase__Bacteroidota_bacterium_,-0.04043592,-0.024925556,0.026277607,-0.047339726,0.043743685,0.06250731,0.045961436,-0.0035439099,0.045717616,0.022861805,-0.029319866,-0.06004058,-0.09031996,-0.041810516,0.04672974,0.016248284,0.060235836,-0.04275193,-0.023512373,0.036967143,0.044868235,-0.035145074,0.054128613,-0.009536631,-0.023360323,0.04566554,0.0020985159,0.039637696,-0.027589072,0.035245556,0.013899603,-0.051770154,-0.023380252
5BR%MEZ3591839_1_NADH_flavin_oxidoreductase__Muribaculaceae_bacterium_,-0.041293312,-0.043185018,0.03927871,-0.012044507,0.043542515,-0.0023636413,0.02718167,-0.018218461,0.039169226,0.025607951,-0.02868544,-0.02623523,-0.03219098,0.0001255079,0.04040654,0.047192648,0.05656748,-0.008644836,-0.03998427,0.031381987,0.006552558,-0.022799123,0.0025901413,-0.033797227,-0.029055117,0.03854075,-0.022869317,0.02872033,-0.02065526,0.049320232,-0.0115064075,0.008754343,-0.041360363
5BR%MFO0559492_1_NADH_flavin_oxidoreductase__Polyangiales_bacterium_,0.029574037,0.022569956,-0.008210382,-0.012409339,-0.026486244,-0.0014356886,-0.030004837,0.010698253,0.039692122,0.03577941,0.011763223,0.0022112112,-0.006845836,0.0020648572,-0.020858219,-0.0327261,-0.028644534,-0.0051960982,0.0155739235,0.026268808,0.014576078,0.02862588,-0.015164584,-0.054035727,-0.037508484,-0.032296304,-0.0073528606,0.044468373,0.008914536,0.009379405,-0.002986187,0.006498926,0.002948854
5BR%WP_259010233_1_NADH_flavin_oxidoreductase__Parabacteroides_distasonis_,-0.005065532,-0.010208076,0.010249313,-0.020657022,-0.0050629233,0.015971007,0.007576865,-0.0057694525,-0.009549927,-0.022361664,0.0034601686,0.013638055,0.029119447,-0.03275614,0.020015778,0.012718314,-0.021250362,-0.018833391,-0.00787274,0.0065921675,-0.041168828,-0.01519539,-0.003264595,0.050652064,0.013679206,-0.0017190401,-0.022909038,0.0044321967,0.0035469565,0.015055434,0.017814454,0.020225456,-0.005212716
5BR%WP_279088787_1_NADH_flavin_oxidoreductase__Alistipes_putredinis_,0.0015819947,-0.0062597697,0.018348359,-0.014819949,0.02741681,-0.014048132,0.009610641,0.030347323,0.014261824,0.005432663,0.008381526,0.00064958737,-0.021268422,0.028868591,0.0072843386,0.009341958,-0.011393991,0.031822942,0.0054023825,-0.017750844,0.017806694,0.009761437,-0.0017334572,-0.049252585,-0.04703673,0.005668681,-0.010324815,-0.014384802,0.0046333726,-0.010566672,0.013842518,-0.017633148,0.002323963
5BR%WP_295936477_1_NADH_flavin_oxidoreductase__uncultured_Alistipes_sp__,0.049019676,0.033916224,0.008810384,-0.002646348,0.030021822,-0.012687695,-0.010768325,0.0147233,-0.018583722,-0.03997989,0.02586111,0.014044107,-0.00035980396,-0.0028014735,0.0012200917,-0.000907579,-0.03323482,0.013841841,0.027762666,-0.024348052,-0.024252575,-0.021770487,-0.016235592,-0.0065018046,-0.021420835,0.0034616494,-0.055052195,-0.021991165,0.005275993,-0.010377382,0.048552364,-0.015172314,0.029415295
5BR%WP_297931268_1_NADH_flavin_oxidoreductase__uncultured_Alistipes_sp__,-0.014973989,-0.020536074,0.031401027,-0.029363383,0.0141990185,0.008198537,-0.014454914,-0.033827946,0.0155164255,0.013040198,-0.0069439737,-0.010714534,-0.030344702,0.043793473,0.028868869,-0.00954749,0.022171728,-0.0045568654,-0.014853287,0.051421408,0.03362969,0.0041403603,-0.00343142,-0.011918744,-0.048285708,0.00826921,-0.025992002,0.010577941,-0.018335996,0.0053060674,0.020382356,0.020097535,-0.01794345
5BR%WP_300285921_1_NADH_flavin_oxidoreductase__uncultured_Alistipes_sp__,-0.02456789,-0.046129905,0.058034472,-0.06504812,0.07644365,-0.04454329,0.0573174,-0.07064576,0.05501111,0.028988447,-0.045276817,-0.029247312,-0.029997857,0.026758296,0.05408278,0.08525157,0.056928262,-0.06964765,-0.044222895,0.034709502,0.009007302,-0.095250264,0.0390307,-0.02916383,-0.027802525,0.08397105,-0.077946946,0.044639915,-0.09262249,0.040765774,0.009643869,0.08732986,-0.061490145
5BR%WP_300748828_1_NADH_flavin_oxidoreductase__uncultured_Alistipes_sp__,-0.0077530527,-0.0091181435,0.009192512,0.0069358973,0.0056335293,0.049332485,0.00014917558,-0.009680266,0.007278508,0.010496162,-0.021854978,-0.013323193,-0.03880458,0.039251763,0.0056256424,-0.0030937411,0.003526811,-0.006626832,-0.021632053,0.021335235,-0.021067966,0.015949886,-0.0012060179,-0.024328811,-0.009523717,0.00807085,0.007283996,0.008176889,0.04256253,-0.00022647012,-0.0060071717,0.007955697,-0.012447987
5BR%WP_302380465_1_NADH_flavin_oxidoreductase__uncultured_Alistipes_sp__,0.08163047,0.09042302,-0.094675176,0.017068224,-0.047102787,-0.015658142,-0.09044244,0.059724517,-0.069669574,-0.1155061,0.05802082,0.042709872,0.033637304,0.0057947673,-0.040676508,-0.08567688,-0.06361654,0.04527443,0.07503621,-0.04812542,-0.025341088,0.049652055,0.004870474,0.018866101,0.06437985,-0.06862147,-0.017224243,-0.061843365,0.0951091,-0.0744591,0.0136303045,-0.031785954,0.081957474
5BR%WP_394671717_1_NADH_flavin_oxidoreductase__Muribaculum_sp__,0.0365892,0.051472772,-0.07713896,0.04332237,-0.026616946,0.0016248486,-0.030354517,0.025889842,-0.032907613,-0.03734654,0.02179897,0.012001229,0.08619697,-0.051441878,0.0072912103,-0.047287617,-0.016493762,0.02545285,0.04456958,-0.022572722,-0.017642533,0.028395414,-0.020054553,-0.04952666,0.03234988,-0.037272766,0.03897825,-0.011836449,0.046178307,-0.04485321,-0.040317554,-0.019152397,0.045979653
5BR%WP_418992344_1_NADH_flavin_oxidoreductase__Alistipes_sp__,-0.008785677,-0.0134689985,0.031248383,-0.0243436,0.036699798,0.0031181169,0.062492523,0.0011956028,0.015481011,-0.013653371,-0.010915629,-0.028369918,-0.020171104,-0.0104344,0.022132158,0.049363103,0.03343347,-0.0007465157,-0.01764684,-0.002931018,-0.005216588,-0.024335768,0.0013469305,-0.022264952,-0.05708878,0.033613805,-0.019951697,0.01925143,-0.020392628,0.03586247,0.02257703,-0.008349159,-0.016931562
7aHSDH%EOW9602512_1_SDR_family_NAD(P)-dependent_oxidoreductase__Escherichia_coli_,-0.015933642,-0.017072191,0.03414465,-0.014084842,-0.047014065,0.06253981,-0.013355266,-0.055198614,0.027700486,0.028835868,-0.014891289,-0.006961774,-0.009320328,-0.040131498,-0.00509045,0.0009828624,0.040385112,-0.050089046,-0.029466439,0.091996394,0.09845391,0.028733585,0.025929278,0.019071467,-0.0029468639,-0.06236586,-0.03714268,-0.043855082,-0.016647382,0.057940207,-0.0052227145,-0.004924217,-0.022590376
7aHSDH%GENOME007043_1033,0.0034569323,-0.0042899726,-6.595885e-05,0.009118628,0.057041213,-0.059080027,0.053819846,-0.005947517,-0.041131962,-0.04880136,-0.04689378,-0.0096791275,0.03622821,-0.014000519,0.049737643,0.059857324,0.012237879,-0.044685498,-0.053098038,0.002327504,-0.03090445,-0.062230702,-0.025507264,0.04063051,0.05840019,0.055067025,-0.046811976,0.041418318,-0.040402256,0.032439426,0.01957371,0.022734547,-0.010098888
7aHSDH%GENOME011662_3430,0.012440012,0.024164146,-0.055592462,0.03725323,-0.045430943,0.030039208,-0.025438573,0.005891639,-0.02753413,-0.019284986,0.015975684,0.039593734,0.046455804,0.0041745813,-0.016524743,-0.023675673,-0.015304994,0.019550245,0.028250135,-0.034499243,-0.033795375,0.029369123,0.00093385665,0.017211873,0.030413724,-0.025751581,0.040441304,-0.030412205,0.0135659985,-0.042706575,-0.046048842,-0.014040519,0.026722139
7aHSDH%GENOME011692_1576,-0.055653773,-0.05050799,0.03528809,0.022463296,0.12390559,-0.015718535,0.09072236,0.024940398,0.014318106,-0.021302467,-0.048505425,-0.066618875,-0.05335053,-0.06674752,0.083349444,0.04842731,0.01647427,-0.019268528,-0.05402095,0.078949645,0.048454557,-0.023027958,-0.02709701,-0.030570354,-0.026194591,0.10543469,0.005027519,0.028973667,-0.029872198,0.06472601,-0.042135235,0.024790123,-0.056533795
7aHSDH%GENOME018142_1887,-0.03063261,-0.054458603,0.041866153,-0.06031522,0.052036453,0.011966842,0.0481986,-0.038822494,0.054692134,0.059364185,-0.041812997,-0.03263991,-0.06883906,-0.068001434,0.04570053,0.06585365,0.04286728,-0.05587361,-0.046453148,0.016951397,0.007007067,-0.09454701,0.06903213,0.07603631,0.015881963,0.04866364,-0.022831244,0.02339273,-0.05639027,0.07013369,-0.09988179,0.08069346,-0.07086544
7aHSDH%GENOME025100_397,-0.005974312,0.012401031,0.0041384595,0.081171185,-0.038616225,0.006745198,-0.035449874,0.062853865,-0.009135168,0.018479703,0.02728772,-0.014055789,-0.017128821,-0.10526332,-0.04324649,-0.028601373,0.004110603,0.025007436,0.030248558,-0.0022802588,0.014314302,0.11616526,-0.031974398,-0.015331942,0.011536416,-0.042029757,0.09332557,-0.05340973,0.019314146,-0.001135361,-0.0513266,-0.0057216994,0.010449491
7aHSDH%GENOME042562_3253,0.021119108,0.011361033,0.01115239,0.037705664,-0.01441049,-0.004527858,-0.026804693,0.021960614,0.006307693,-0.038287137,0.0009631522,0.02828936,0.028793655,0.01247102,-0.011386551,0.009740979,-0.005533685,-0.0023994027,0.003298325,-0.024458414,-0.02052874,-0.02178303,0.0075552245,0.0038843723,-0.019509533,-0.004399665,0.003650398,-0.06430686,0.012042726,-0.03643223,0.007898434,0.04495794,0.003054955
7aHSDH%GENOME067790_2714,-0.013222793,-0.055981707,0.12846683,-0.05799743,0.018497115,-0.0023144966,0.031394158,-0.0617223,0.069302514,0.05396518,-0.109262615,-0.06660451,-0.04619574,0.064946,0.050926927,0.05671453,0.080322474,-0.063913554,-0.08980355,0.08956476,0.09489022,-0.058211073,0.03418628,-0.11992495,-0.07912066,0.04213539,-0.014561381,0.04908315,-0.042570554,0.06765689,-0.007249211,0.05061041,-0.029722778
7aHSDH%GENOME070302_884,-0.003107556,-0.028572803,0.023188852,-0.015461416,0.037085846,0.042828564,0.017293796,-0.037444606,0.028516129,0.010924691,-0.07268249,-0.052453805,-0.040553056,0.022946555,0.040060744,0.038393274,0.06167828,-0.018663343,-0.053386908,0.050183777,0.079249084,-0.01366442,0.011386369,-0.07805911,-0.04367786,0.041253958,0.021878796,0.04069146,-0.023496134,0.052812543,-0.07390613,0.027181337,-0.026993565
7aHSDH%GENOME080077_256,0.0068750526,0.006219808,0.04934302,-0.030239318,0.073538244,-0.032932132,0.027623508,-0.037690837,0.040544327,0.0075762738,-0.029938187,-0.09084964,-0.0101755075,-0.02379306,0.041127816,-0.004178569,0.018170817,-0.07346305,-0.017725231,0.082793206,0.107560664,-0.02963495,-0.0013667623,-0.0838485,-0.040504817,0.029801803,-0.038520776,0.039201774,-0.036047112,0.044457722,0.0032712268,0.033207186,-0.010088256
7aHSDH%GENOME086444_1757,0.0253995,0.017093377,-0.02898304,0.031288616,-0.003945308,-0.07078635,-0.018108329,0.031624638,-0.07767257,-0.11488393,-0.004529842,0.013339806,0.049300455,-0.011205199,0.047315817,0.01941573,-0.008187175,0.024538059,-0.0034330315,0.01597643,-0.029662667,0.018020526,-0.08951011,0.020719407,0.038911007,-0.002533037,-0.00016547651,0.031192407,0.0005492078,0.03332986,0.0059362147,0.017635453,0.025056474
7aHSDH%GENOME103762_694,-0.004866306,-0.0067364895,0.020041026,-0.037382618,0.03994598,0.016397279,0.013963264,-0.04369754,0.0074894945,-0.017730694,0.0069632377,0.009438402,0.025274662,0.063383006,-0.0011789602,0.037354514,-0.024590487,-0.028480686,-0.00024829843,-0.0010480905,0.032053925,-0.068807095,-0.01863541,-0.06815251,-0.006219072,0.031636573,-0.044125643,0.010560992,0.015324289,0.023164906,0.035862338,-0.011080686,-0.0033352184
7aHSDH%GENOME122758_282,-0.0030575579,-0.04220073,0.06995954,-0.04930701,0.067840636,0.01856002,0.0517824,-0.033168875,0.021280132,0.021917975,-0.050462514,-0.08785676,-0.0814598,-0.05910014,0.035800498,0.037022848,0.03904688,-0.0158045,-0.05146388,0.06680569,0.05098212,-0.041260477,0.0038887823,-0.014229899,-0.03727849,0.05760647,0.008961575,0.075700164,-0.05702817,0.061121613,0.0026334599,0.073395506,-0.052369162
7aHSDH%GENOME125242_1669,-0.022754636,-0.00895676,0.019256134,-0.025739247,0.0036310365,0.04055561,0.054309856,0.0105536375,0.032064512,0.048809405,-0.01205663,-0.049411133,-0.043691177,-0.01772688,-0.015812756,0.011868561,0.0018792617,-0.0077076005,-0.0036822718,0.0017089413,0.026127953,0.030839715,-0.031818286,-0.04609806,-0.030493371,0.033963647,0.06332339,0.020734778,0.0037238495,0.018327314,-0.045460545,0.009768355,-0.0071141245
7aHSDH%GENOME150027_3593,-0.0025287739,-0.027807204,0.01486322,0.023879848,-0.040071197,0.116316125,-0.021567788,-0.01892524,0.024300136,0.03962466,-0.07173715,-0.015563206,0.044100165,-0.06120115,0.036472395,-0.002133618,0.05787063,-0.030521106,-0.05304108,0.06671523,0.06868068,0.08190749,0.063551605,-0.024083698,-0.010205558,-0.035156004,-0.023355534,0.03768,0.010677584,0.08777742,-0.19055624,-0.09662016,-0.020622099
7aHSDH%GENOME215422_1346,0.013752221,0.014049798,0.007861298,0.031735603,-0.040033307,0.06329394,-0.016824022,0.02529489,-0.007980526,0.00093240204,-0.0013281207,0.032296486,-0.004997459,0.045661297,-0.024267752,-0.0093377875,-0.020869136,-0.0032886819,-0.005690673,-0.015570963,-0.036327705,0.03330781,-0.014158361,-0.011681845,-0.039858766,-0.0023825807,0.010081486,-0.027812853,0.021292264,0.008346208,-0.0247484,0.0050510676,0.005923591
7aHSDH%HAY2965420_1_SDR_family_oxidoreductase__Escherichia_coli_,-0.024760772,-0.014855128,0.045302648,0.014332482,-0.06649897,0.049180955,-0.051559597,-0.022338515,0.030886354,0.0356698,0.008422963,0.05769075,0.018577384,0.023284702,-0.026757505,-0.015168836,0.008965444,-0.030616576,-0.018804364,0.0045728516,0.029412314,0.038725067,0.024516504,0.058132157,0.0064850943,-0.09225788,-0.009683572,-0.095737144,-0.0073456024,0.022434276,0.014093832,-0.021088386,-0.014515674
7aHSDH%MBE5948790_1_SDR_family_oxidoreductase__Lachnospiraceae_bacterium_,0.004683066,0.012176292,0.013985541,-0.05266878,0.02528659,-0.10956218,-0.019013284,-0.039290037,0.016692435,0.016445393,-0.0010037564,0.027594063,0.04880283,0.089833364,-0.0056807427,-0.044547252,-0.04339333,-0.03927098,0.0112322625,-0.0016227562,0.030535512,-0.041272867,0.020288177,-0.03725312,0.019755978,0.011940693,-0.06540657,0.029338967,0.016440377,-0.008660913,0.024242086,-0.015386833,0.014422034
7aHSDH%MBHC130__Clostridiales_bacterium_1_7_47FAA_,0.067890435,0.06675589,-0.043036576,0.08727362,-0.05426972,0.015242407,-0.061222114,0.091369174,-0.08528147,-0.07642262,0.052991454,0.03942821,0.08739937,-0.059504434,-0.03954721,-0.07425828,-0.05078561,0.07542821,0.05988838,-0.09514152,-0.0916979,0.0680806,-0.04469423,0.08039314,0.06695299,-0.07240809,0.07561485,-0.113171615,0.056362014,-0.10426078,0.020134566,-0.05238016,0.07722951
7aHSDH%MCI7810995_1_SDR_family_oxidoreductase__Clostridiales_bacterium_,0.031759296,0.044246644,-0.07165292,0.023264572,-0.042952593,0.028389895,-0.019284919,0.033408433,-0.035585135,-0.03722016,0.02559114,0.043546677,0.046733994,-0.008047035,-0.038929954,-0.03031241,-0.030715548,0.033451322,0.031175725,-0.05395873,-0.024414644,0.026049426,0.0005877309,0.01600579,-0.0010394574,-0.033445533,0.022257566,-0.0132721225,0.054405585,-0.0137044415,-0.010872361,-0.062743425,0.039158385
7aHSDH%MCI9468093_1_SDR_family_oxidoreductase__Oscillospiraceae_bacterium_,0.035444424,0.033556677,-0.042392004,0.010860544,0.00090590847,0.013519431,-0.033853523,-0.01084618,-0.021826284,-0.034544278,0.014504287,0.0075156554,0.018071169,0.0021957122,0.00257497,-0.021485822,-0.025440507,0.0059935073,0.017833777,0.0018356948,-0.0042506503,0.016792111,-0.0019861995,-0.02053092,-0.0008997167,-0.011565406,0.0061358633,-0.015549159,0.034871116,-0.0039847465,0.014911815,-0.027632806,0.02577867
7aHSDH%MEO8122524_1_7-alpha-hydroxysteroid_dehydrogenase__Burkholderiales_bacterium_,-0.006766187,-0.03344129,0.06173615,0.0015133304,0.019782571,-0.039213162,-0.057888776,-0.037406817,0.028869703,0.011984617,0.01731908,0.061914433,-0.016671997,0.036640722,-0.005153239,0.0006455027,-0.005285399,-0.033986896,-0.014739302,0.032583438,0.006556598,0.022294631,-0.015078333,0.015428075,-0.025840009,-0.027909543,-0.027497528,-0.01259101,-0.065347336,0.02254781,0.040900003,0.06527159,-0.03348723
7aHSDH%WP_003507641_1_7alpha-hydroxysteroid_dehydrogenase___Clostridium__symbiosum_,0.021358853,0.030059962,-0.05296941,0.05469167,-0.017528621,0.038129445,-0.011080718,0.018471204,0.005960287,0.00978122,0.041319694,0.055371437,0.071007095,-0.076637655,0.025245761,-0.028551605,-0.02432537,-0.0123054655,0.028464686,-0.039198052,-0.066389054,-0.027230069,0.023708062,0.060962394,-0.0028331236,-0.04208793,0.0073228455,-0.034714993,0.01927103,-0.03093368,-0.1001712,-0.011927408,0.00797699
7aHSDH%WP_025075670_1_7alpha-hydroxysteroid_dehydrogenase__Bacteroides_faecichinchillae_,0.0025797156,0.005775972,0.00641349,-0.046740793,0.06496127,0.032396063,0.037075635,0.016276753,-0.0054360167,-0.01226056,0.013992155,-0.06893058,-0.034779117,-0.10731738,0.04902344,0.025836756,0.022244835,0.010505732,0.012317907,0.009532802,-0.0065588467,-0.013223789,-0.06185577,-0.06447335,0.016980408,0.057340536,0.050057273,0.01819246,-1.944309e-05,0.0129698515,-0.004347957,0.037279278,-0.0074791894
7aHSDH%WP_071121323_1_7alpha-hydroxysteroid_dehydrogenase__Romboutsia_timonensis_,0.004152579,0.0002612903,0.020751797,-0.05205119,-0.0034472866,5.636908e-05,-0.015452735,-0.02268238,0.01748175,-0.0057313535,-0.0007218147,0.0018801345,0.021021664,0.093196705,-0.026208969,0.010084215,-0.005930785,0.016407741,-0.005120575,-0.033081368,-0.07778012,-0.027130976,0.008673422,-0.020943942,0.017436238,-0.022184756,0.04671164,-0.018396525,0.018931024,-0.052392367,0.053221002,0.02931389,0.014067049
7aHSDH%WP_221221011_1_7-alpha-hydroxysteroid_dehydrogenase__Phenylobacterium_haematophilum_,-0.04347861,-0.052762274,0.08207383,-0.09251738,0.04285626,-0.00026302692,0.07135344,-0.07157383,0.057765137,0.041442014,-0.026666924,-0.039565362,-0.0630617,0.042894043,0.025257446,0.07113997,0.055204015,-0.028385034,-0.040921807,0.027454603,0.022116894,-0.10253653,0.036306538,-0.02257152,-0.052525565,0.07436946,-0.039418608,0.022008225,-0.044917345,0.069693424,0.017401982,0.034015957,-0.051535226
7aHSDH%WP_262434703_1_7alpha-hydroxysteroid_dehydrogenase__Jilunia_laotingensis_,0.014801514,-0.000388004,-0.005418835,-0.018270869,-0.030968465,0.047882862,-0.03508997,-0.0016833593,0.01886591,0.012762226,0.017053235,0.025123006,0.0051212166,-0.03742984,0.0012191525,-0.032388054,-0.03949669,-0.021598728,0.020999894,-0.028967736,-0.01910982,9.027559e-05,0.03357719,0.026609926,0.03282368,-0.028037002,0.01905092,-0.008432383,-0.009703211,-0.019185692,0.007204641,0.029547699,0.0012955127
7aHSDH%WP_288686302_1_SDR_family_NAD(P)-dependent_oxidoreductase__partial__uncultured_Bacteroides_sp__,0.018804459,0.02124566,-0.017716354,0.019413004,-0.03728814,0.031725623,-0.010090056,0.016805634,0.0072540087,0.025830796,0.00019697114,-0.010165955,0.012485188,-0.010112405,-0.034310218,-0.024850182,-0.0012347143,0.003369925,0.02080092,-0.025597388,0.005040976,-0.0057546324,0.017544819,-0.024585035,0.018551197,-0.027067661,0.028463569,-0.014791513,0.023780579,-0.028674243,-0.019290248,-0.016869849,0.02458292
7aHSDH%WP_303013929_1_7alpha-hydroxysteroid_dehydrogenase__uncultured_Bacteroides_sp__,0.054268662,0.047344986,-0.057829574,0.070325285,-0.078312136,0.03815005,-0.07698093,0.069856316,-0.021542218,-0.014602891,0.050410435,0.07920883,0.06334922,-0.055904288,-0.04536196,-0.07037547,-0.07821965,0.044299535,0.063889496,-0.099676535,-0.07127969,0.016567152,0.05062423,0.06368912,0.10573139,-0.097525045,0.014323252,-0.080360346,0.02151656,-0.08471909,-0.024440646,-0.03863492,0.04878683
7aHSDH%WP_342232791_1_7alpha-hydroxysteroid_dehydrogenase__Pseudoflavonifractor_phocaeensis_,-0.034168042,-0.051891442,0.05395295,0.010438344,0.020307364,0.033463407,0.047444653,0.017387584,0.056704417,0.031878673,-0.047194038,-0.021381771,-0.06820124,0.048580796,0.0068548038,0.028914534,-0.0035474312,-0.010365177,-0.049254436,0.065290086,0.0072185164,0.0073705907,0.0018958501,-0.06079071,-0.0628803,0.043385316,0.012086434,0.058901906,-0.011355113,0.03356002,-0.01578737,0.001730226,-0.042305764
7bHSDH%GENOME075272_507,0.010622266,-0.017949915,0.050027404,-0.025457278,0.05200528,-0.06588053,0.08578574,-0.06910405,0.014601449,0.03112242,-0.013915133,-0.07744758,-0.032690898,-0.023615418,0.028353162,0.013368138,0.040591992,-0.07775616,-0.0170604,0.106444284,0.08993114,-0.03640811,-0.055830196,-0.076973796,-0.07778049,0.07845406,0.009544157,0.052693456,-0.049449563,0.09739171,0.03625052,0.014419737,-0.02588613
7bHSDH%GENOME213756_525,-0.022947304,-0.007217899,8.272845e-05,-0.09199229,0.028457575,-0.024165327,0.025721014,-0.06674876,0.039840057,0.044545345,-0.0035138333,-0.039900143,-0.019401085,0.00913662,0.016681885,0.023304213,0.044875164,-0.006621633,-0.0042274925,0.048051182,0.06497345,-0.05862458,0.002337989,-0.033948086,-0.011609441,0.018388528,-0.00879623,0.03358765,-0.025066173,0.014314152,0.0082152905,-0.004975109,-0.0102100745
7bHSDH%WP_394860677_1_7beta-hydroxysteroid_dehydrogenase__Mediterraneibacter_gnavus_,-0.035683155,-0.047099967,0.0073253177,0.028250987,0.010103821,0.031791233,-0.034317702,0.017909776,0.015996248,0.009599428,-0.010615067,-0.018009134,-0.037677474,0.15224431,0.043345243,0.007470089,-0.025505489,0.04043021,-0.05372848,-0.022616837,-0.11865731,0.028060539,0.034825023,-0.0069453553,-6.747012e-05,-0.040770754,0.018982073,0.008818586,0.00357866,-0.020255879,0.12844762,-0.00507856,-0.027888699
BSH1%UPI0001652BA3,0.02899071,0.0024891752,0.017116752,0.014680117,0.009462268,-0.024436349,-0.031757917,-0.031584952,-0.0037884375,0.0068322467,0.007761572,0.030202542,0.023538992,-0.010713512,0.021136343,-0.012172696,-0.0037220025,-0.03355431,0.0075414963,0.030666135,0.040396895,-0.01299469,-0.015266999,-0.021129219,-0.062669754,0.01575835,-0.050986476,-0.0026150357,-0.012071688,0.044104833,-0.019743005,0.02780903,-0.009545614
BSH1%UPI0001B1C28E,-0.00991594,-0.0026138783,-0.012783164,-0.0014201786,0.036057923,-0.0022675202,0.052972674,0.0038380616,0.0029965576,0.0102163525,-0.03846761,-0.050664835,-0.03514551,-0.008408484,0.008959874,0.04812917,0.054719638,-0.022457499,-0.025130086,0.0038610166,0.00719896,-0.030277016,0.013683616,0.0026920587,0.042819783,0.04246957,0.0026681835,0.0040103802,-0.049484685,0.017763166,-0.034836013,0.006869935,-0.02018438
BSH1%UPI0001DE6025,-0.04360403,-0.0469518,0.06338882,-0.015976502,0.016081866,-0.0058887657,0.021357266,-0.031687494,0.03768931,0.032624476,-0.006116514,-0.00608467,0.0043712268,0.018991398,0.016085977,0.021693818,0.003974815,-0.0285732,-0.0329473,0.040863503,-0.011547899,-0.003240333,0.008274409,0.029811665,-0.08590721,0.010207262,-0.07166836,0.015443963,-0.008136004,0.037985276,0.036214586,0.04393782,-0.041575465
BSH1%UPI00022FF9E1,0.016534947,0.003778333,-0.026787125,0.0579473,0.013505519,-0.03263276,0.010705535,0.025742434,-0.033396922,-0.049935635,-0.00010246314,0.00915687,0.00850071,-0.08129934,0.02588051,-0.007648331,-0.028697394,0.027086422,-0.0026683745,0.0014405486,-0.014594888,0.019511376,-0.028857345,0.045134854,0.015205549,0.0070390827,-0.04179072,0.05563529,0.016444566,0.026247784,0.0073833293,-0.01076708,-0.006202958
BSH1%UPI0002624191,-0.0076994444,0.0019242245,0.029728942,-0.029683795,0.028262844,-0.047903266,0.017159035,0.014712765,0.004965332,-5.601868e-06,-0.0010158472,-0.07196722,-0.052601214,0.039400898,-0.038269565,0.009224903,0.00012519318,0.0042410605,-0.0044683656,-0.023116272,0.016508587,0.0037323013,-0.0065745697,-0.0051005655,0.028678648,0.018668218,0.022641862,0.003779895,0.019464428,-0.011529768,0.021235302,0.022217302,0.0014173345
BSH1%UPI0002802AC4,0.009507483,0.0064390455,-0.0037691116,0.03059269,0.021176685,0.010851624,-0.03679539,0.02005251,-0.009673313,-0.0328589,0.0041237236,-0.0011715648,-0.0330626,-0.007939591,0.010227022,-0.017592672,0.02088407,0.015971523,0.001961133,0.03542113,0.03379303,0.03062632,-0.023897199,-0.05135177,-0.022140058,0.008446177,-0.002056644,-0.007918466,0.02217883,0.0022617304,0.012654004,-0.015666341,0.0064154654
BSH1%UPI000289C842,0.0062216357,0.01021076,0.008469359,-0.02307379,0.022717005,0.03485222,-0.01930096,-0.032383963,0.03431294,0.021263478,0.006392243,0.003268447,0.0010483734,0.030576333,0.024565654,-0.0032467747,-0.012671801,-0.02328313,0.010587819,-0.027301073,-0.026430642,-0.06728136,0.06383899,-0.035347663,0.020738065,0.0027011258,-0.040074166,-0.011752326,-0.0019508676,-0.02229347,0.009552586,-0.020149982,0.007269685
BSH1%UPI0002CB0E7D,0.026298001,0.035420336,-0.014169853,0.039060835,-0.07840305,-0.07363487,-0.09154157,-0.028184392,-0.02017472,-0.0075312043,0.037821077,0.08890427,0.08455409,0.041229878,-0.046969794,-0.07006265,-0.058221765,-0.022720387,0.035499338,0.011160722,0.028269034,0.023675773,-0.018001206,0.04229861,0.014605942,-0.07271809,-0.051386494,-0.05670432,0.023250315,0.00792918,0.018687459,-0.0036614337,0.035161514
BSH1%UPI0002F95F26,0.0010824536,0.013070771,-0.011543066,-0.021730661,-0.01559298,-0.08043721,-0.022851191,-0.058334805,-0.0029282952,-0.019685492,0.020384485,0.04283954,0.045293756,0.05880334,-0.009208553,-0.029521884,-0.019537127,0.0028718351,0.02174488,-0.011944395,0.01563451,-0.012403187,0.022037506,-0.0055248453,0.04620028,-0.022321241,-0.022707487,-0.029171657,0.033924643,-0.03506122,0.024526892,-0.026238821,0.02364292
BSH1%UPI00033F0DE9,0.0032977008,0.0075433315,-0.0122117195,0.0638163,-0.07953776,-0.047544636,-0.03666703,0.0049998397,0.010009707,0.04774059,0.002521255,0.030509863,0.022948476,0.032203764,-0.09978816,-0.03458595,-0.03819807,0.0050848788,0.0075823204,-0.048743214,-0.038927943,0.035075527,0.025356205,0.06378946,0.05861124,-0.07656481,0.05033349,-0.032127153,0.0017394773,-0.026663914,0.012615144,0.023193078,0.013714263
BSH1%UPI00035D264B,-0.0011567046,-0.010084453,-0.013398584,0.008776601,0.0045126956,0.054744095,0.0012330414,0.0705215,-0.0020904664,0.0063703065,-0.0028529207,-0.010909512,-0.06510022,0.030560087,-0.013254193,0.004889512,-0.005644532,0.05656423,-0.010066683,0.0030024087,0.008042336,0.049882602,-0.011801579,-0.060661364,-0.0939365,0.011199233,-0.012434141,0.030247614,0.0572643,0.011027187,0.0016759096,-0.021289824,-0.0041723554
BSH1%UPI0003A10C39,0.07839484,0.08253976,-0.036681674,-0.028547602,-0.007311455,-0.021551007,-0.06681237,0.015116482,-0.023603147,-0.045020506,0.05143349,0.011709806,0.0010538826,-0.005580374,-0.03211056,-0.056116775,-0.038315356,0.017745268,0.06162201,-0.033088364,0.0069282902,-0.012731545,-0.0043230234,-0.009798301,0.021996465,-0.037202746,-0.07020641,-0.043301754,0.044058666,-0.036369253,0.040768918,-0.0029369218,0.0618703
BSH1%UPI00041C4F56,0.018103,0.022035267,-0.02430142,0.031724542,-0.037228975,0.04237568,-0.041965522,0.06675497,-0.014610917,-0.02671929,0.026301214,0.010039207,-0.04045457,-0.06478934,0.0016001717,-0.05289521,-0.05110863,0.04875253,0.02664427,-0.019334394,-0.010476462,0.06457025,0.021761764,0.05187385,-0.009118709,-0.056329176,0.019716343,-0.015567378,0.05859894,-0.052132435,0.011787815,-0.030121401,0.03053265
BSH1%UPI00044AC395,-0.047650084,-0.07149836,0.095587775,-0.07334399,0.05741342,0.0048504565,0.058421154,-0.0773069,0.054929193,0.040456716,-0.027409747,-0.020708406,-0.08904015,0.046681892,0.020296091,0.031298634,0.010530599,-0.08724312,-0.05139594,0.012748258,0.031538688,-0.0672349,0.046956554,0.058284454,-0.02273501,0.06063685,-0.020489883,0.035094418,-0.048795838,0.03785472,0.041698292,0.070440315,-0.06874072
BSH1%UPI0004BCDDD9,-0.05667921,-0.0685996,0.041655213,0.002632211,0.023090713,0.022349605,-0.001597768,-0.03997162,0.025340926,0.03734935,-0.019240474,0.009376138,-0.061354537,0.068632945,0.026582057,0.0090130605,0.021973815,-0.06193342,-0.049646854,0.018433992,0.0060759545,-0.018248215,0.037010893,0.09341438,-0.031247878,0.032458313,-0.0039360686,-0.007346579,-0.031383112,0.044495534,-0.00487584,0.035697225,-0.06282266
BSH1%UPI0004D69CD5,-0.009834479,-0.029490486,0.05062384,-0.050137553,0.019275773,-0.03341235,0.007647185,-0.044098135,0.04992249,0.011554407,-0.018451957,-0.0055626435,-0.021231223,0.03461605,0.018455686,0.024126366,-0.017085344,-0.04361359,-0.025137544,0.022761513,0.0048518656,-0.04045505,0.018420303,-0.0030714686,0.012956324,-0.0020223288,-0.048110973,0.0390307,-0.013875634,0.012500205,0.00076424447,0.08003964,-0.02644953
BSH1%UPI0004D6A0E9,-0.002547375,0.008434538,0.037201878,-0.032185137,-0.047570996,-0.012864658,-0.061487522,-0.058638774,0.027673021,0.030008946,0.027798977,0.04729053,-0.0063612745,0.015718637,-0.036271952,-0.034869395,-0.016509302,-0.03347856,0.019516038,0.019769689,0.04519045,0.0068612015,0.002612096,0.031321764,-0.010530646,-0.03129211,-0.012991965,-0.025023332,-0.011642456,0.02616157,0.0059568193,0.009427142,0.0031027782
BSH1%UPI0004F8D610,0.026318045,0.020700028,0.0044332687,-0.012994207,0.0020444177,-0.0061660465,-0.011518774,0.011352091,0.02139566,-0.012904835,0.021286063,0.014789909,0.022905288,-0.034640994,-0.009738398,0.0002778574,-0.016993396,0.0053994004,0.009068209,0.0028453856,0.0044641937,0.035165977,-0.023653151,-0.022104356,-0.07726358,-0.019717814,-0.038661756,0.004388267,0.033991136,0.0035948553,-0.010529679,0.026202338,0.0074539757
BSH1%UPI0005DBBD01,-0.0053023235,-0.033459682,0.035415675,-0.030048253,0.027413715,-0.073824756,0.025365999,-0.06943575,0.0067807655,0.0111582605,-0.013498011,-0.0355841,-0.022493195,0.022219788,0.016971704,0.052602407,0.015174006,-0.013726294,-0.028487632,0.024589328,0.03501934,-0.03399089,0.0069822455,-0.037135947,-0.044773478,0.05771603,-0.021276152,0.07181678,-0.04703877,0.06712724,0.034093034,0.046995986,-0.034990717
BSH1%UPI00064A1F29,-0.06769356,-0.07206851,0.06528879,-0.021479232,0.057405077,-0.013606217,0.09913125,-0.054736532,0.061038986,0.03775628,-0.0384957,-0.04780828,-0.04427509,-0.045983404,0.05816668,0.103993356,0.065953225,-0.027749322,-0.052855156,0.08386871,0.05835996,-0.03246965,0.011535658,-0.057430245,-0.09606218,0.03559178,0.029362142,0.082291186,-0.020365134,0.017641032,-0.014394938,0.019463567,-0.06630033
BSH1%UPI00070D1B8F,-0.020310096,-0.033109907,0.074730664,-0.014488679,0.017044228,-0.12781428,0.013864653,-0.07200439,0.044154916,0.009119275,-0.040234957,-0.007412662,-0.059100457,0.04000384,0.012355714,0.025435854,0.037977234,-0.07438621,-0.04428031,0.09900418,0.066141985,0.00096564734,0.011421829,-0.018875012,-0.04040565,0.038139466,-0.04987759,0.045915082,-0.05545087,0.080750726,0.04546068,0.032436628,-0.037158404
BSH1%UPI00073AFD00,-0.022966145,-0.034380004,0.044700198,-0.026266849,-0.0035484114,-0.014962917,-0.014684094,-0.02039783,0.011291235,0.009943703,-0.013027072,0.0021991052,-0.031094039,0.049679093,-0.035069093,-0.010221882,-0.028585529,-0.03340817,-0.03071507,0.006570438,-0.023031346,0.014485539,0.005267844,0.07951937,0.033231653,-0.013051232,-0.005575217,0.02543321,-0.0023672646,0.02217119,0.049211554,0.04405172,-0.02554835
BSH1%UPI00076E9CCB,-0.021623839,-0.013277399,0.03570924,-0.00688627,0.0028536138,0.030737074,0.015951129,-0.023977647,0.052131128,0.050970424,-0.03992235,-0.039921653,-0.060641427,0.039596066,-0.05054186,-0.008733565,0.022713905,-0.03916903,-0.025737947,0.034275673,0.040168934,-0.017707648,0.047238253,-0.0033187168,0.0038264205,0.017421018,0.03502499,0.0190031,-0.02635381,0.0016057013,-0.07647694,0.040581647,-0.027811516
BSH1%UPI0007933BD5,0.014940436,0.0340038,-0.061913606,0.043820027,-0.030716544,-0.0040699,-0.05697879,0.086694755,-0.022870362,-0.007640903,0.021296833,0.034388706,0.022200298,0.013713937,-0.025041165,-0.059887312,-0.043130208,0.045906257,0.032648977,-0.056210265,-0.054264277,0.070725024,0.01676065,0.0039085615,0.055230584,-0.039635967,0.03003465,-0.03858525,0.060378607,-0.07082112,-0.046439387,-0.04593666,0.035109587
BSH1%UPI000801FF16,0.013124379,0.023851639,-0.00022500772,-0.036065396,-0.027394088,-0.03106605,-0.040916275,-0.017738612,0.017815515,0.0002860576,0.045769572,0.06073999,0.037440516,0.046491586,0.009514742,-0.045582652,-0.034085955,-0.00619288,0.03194079,-0.008964818,0.0074045234,0.007220569,0.008975765,0.010597263,-0.05076747,-0.047259416,-0.06771221,0.0003874702,0.011150003,-0.050751537,0.02103553,-0.0039163004,0.026122179
BSH1%UPI00093BFB8C,0.0041629593,0.037278876,-0.14892931,0.1411496,-0.00803659,0.029228533,-0.029140687,0.17299145,-0.08250754,-0.07690579,0.046693373,-0.0033608982,0.018841494,-0.07190247,0.011089861,-0.04398568,-0.051520105,0.08503505,0.056022402,-0.079903364,-0.11361027,0.035338562,0.041302223,0.0041831704,0.096087314,-0.0072337296,0.09639448,-0.04752718,0.09115083,-0.06170826,-0.13948393,-0.049180172,0.03891151
BSH1%UPI000949473C,0.028610134,0.027435781,-0.06519968,0.039236616,-0.06420521,0.09646619,-0.073104136,0.029068068,-0.034965876,-0.003204563,0.013603266,0.046529535,0.016076952,0.0050130193,-0.068170965,-0.028350212,-0.06584631,0.041963197,0.02518927,-0.022545395,-0.07893084,0.051115442,0.0154790785,0.039041724,0.009490205,-0.044032775,0.078803584,-0.0023788388,0.04767706,-0.01515653,-0.065666735,-0.021000303,0.025182035
BSH1%UPI00095B1DAC,-0.02363602,-0.033067476,0.07382312,-0.060733262,-0.013625388,0.014494373,-0.038439166,-0.051366545,0.043413863,0.033015527,0.01929079,0.055784043,-0.0119444225,0.06941595,-0.012243259,-0.028169863,-0.031864986,-0.053101268,0.00014557259,-0.004933717,0.027607651,-0.035971597,0.030943273,0.06211841,-0.015664192,-0.015227884,-0.05053369,-0.03393172,-0.06624348,0.004895906,0.079938404,0.04286943,-0.023148665
BSH1%UPI00095C7CBB,-0.054645386,-0.04782339,0.01246674,-0.05707652,0.08964852,-0.0035250837,0.092993066,-0.017186217,0.08434431,0.074747674,-0.04145004,-0.08191896,-0.08011406,0.008920387,0.07064872,0.0974474,0.092163324,-0.04801816,-0.053456444,0.0009362679,0.03585865,-0.053814694,0.052782364,-0.08840224,-0.06671356,0.08698125,-0.022431511,0.05812271,-0.06929556,0.06122896,-0.09438504,0.07056112,-0.07047378
BSH1%UPI000A00C8F6,-0.05086996,-0.048871074,0.039170817,-0.059528466,-0.015681606,0.0725573,0.017374834,0.04185864,0.028833108,0.032823984,-0.011487308,0.010320388,-0.008642051,0.015717408,0.0011308176,0.01073498,0.008153552,0.05692814,-0.031642508,0.00930094,0.009159723,0.050067768,-0.0096770385,-0.024488023,-0.020641258,-0.029806511,0.018444743,-0.020595426,0.008116961,-0.014387815,-0.03544674,0.04261301,-0.034488153
BSH1%UPI000BCCCB22,-0.00066225906,0.03289765,-0.06286302,0.019078752,0.0008038716,0.022179281,0.05561554,0.06613579,-0.016556231,0.025810998,-0.0102072,-0.065205105,-0.013342947,-0.012142429,-0.028362852,-0.019800868,0.0055092587,0.031763535,0.011752838,-0.0035045466,-0.06980696,-0.0015093944,-0.024614971,-0.028825153,-0.009247934,0.024015492,0.06155738,0.05804564,0.034191493,-0.008758948,-0.0562496,-0.016411308,0.029239824
BSH1%UPI000BD3EFD5,-0.04069357,-0.044085454,0.070278496,-0.017058196,0.002327134,0.04293926,0.044040136,-0.002543358,0.026089342,0.02922105,-0.010731203,-0.006019395,-0.0117236795,-0.004414114,0.016380964,0.049374405,0.038989887,-0.0029391958,-0.0368615,0.019372769,-0.018042387,-0.008128952,-0.0070573706,0.031065684,-0.09575406,-0.00082803733,-0.064350314,0.0129711535,0.0041835913,0.04231319,0.028045421,0.0072567477,-0.03919979
BSH1%UPI000CD30963,-0.0012000212,-0.010538392,0.022912266,0.04234317,-0.037361886,0.031296283,-0.026737377,0.019892836,0.024032285,0.0811056,0.0093378415,0.009027303,0.020030012,0.041294996,-0.008788691,-0.015042284,-0.04132274,0.018147986,0.0032719045,-0.04346199,-0.037536602,-0.011129337,0.019836362,-0.053734083,-0.03546336,-0.036895826,0.014528161,-0.043953136,0.010204511,-0.008717003,0.029317351,0.015760027,0.0045165257
BSH1%UPI000CF9C992,-0.037945863,-0.015236867,-0.03315514,-0.0051855715,0.048309132,-0.043349404,0.0027353617,0.0078948485,0.022616593,0.044773545,-0.024137115,-0.012414795,-0.040640082,-0.014519752,0.018289646,-0.0075061168,0.02636618,-0.048321463,-0.013295237,0.054570846,0.06058471,0.03135045,0.0145120295,0.019384863,0.0053735715,0.03931218,-0.013927282,0.021806166,-0.021146817,0.04126026,-0.0676173,-0.03191006,-0.028416129
BSH1%UPI000DCDF6FE,-0.014316119,-0.039216455,0.026461635,-0.016281812,0.03438503,0.069621354,0.009620543,-0.042131394,0.042139273,0.049312457,-0.003991196,0.017551009,-0.05966903,-0.02152256,0.08052048,0.0038866133,0.019693851,-0.056624327,-0.019399675,0.02046994,0.044309884,-0.01679647,-0.023960128,0.0074535655,-0.07774788,0.03941223,0.009715769,0.023761535,-0.024689604,0.043096818,-0.07056057,0.056046247,-0.056090232
BSH1%UPI000FBCBE5B,-0.024641769,-0.018016122,0.02381781,-0.06861412,0.04096118,-0.003312807,0.032612354,-0.11182018,0.0015175383,-0.07205765,-0.019928964,-0.022036375,0.010879216,0.027482161,0.041827578,0.032346576,0.041932058,-0.070930146,-0.022598276,0.077896215,0.07361651,-0.03450767,-0.015838375,-0.070415385,-0.022642026,0.06306661,0.006364125,0.050566964,0.051062964,0.06949554,0.034213234,-0.025166536,-0.024999028
BSH2%UPI0000382136,0.0071699824,-0.02405801,-0.023208251,-0.0067522405,0.04670012,0.039907917,0.09718755,-0.028767087,0.012805096,0.038910605,-0.08978269,-0.072103456,-0.050769173,-0.06180712,0.07767572,0.05287864,0.047699746,-0.013335024,-0.02643849,0.12270472,0.08339602,0.07155147,-0.08581499,-0.12957278,-0.07515618,0.081810236,-0.0019499832,0.07260412,-0.0051851696,0.033004124,0.00688313,-0.04400482,-0.0029515408
BSH2%UPI0001534663,0.058526278,0.051505256,-0.02353472,-0.04733323,0.025890265,-0.068538874,0.001758666,0.009233138,-0.0029316375,-0.052719187,0.030165687,-0.0012257199,0.008169424,-0.039629232,0.019439064,-0.009801579,0.00026987641,0.01730494,0.033613876,-0.015502807,-0.030097304,-0.028669601,-0.0211222,-0.03611887,0.012729344,0.008909954,0.0026299867,-0.031417612,-0.009589372,-0.01857344,0.0413818,0.02316687,0.034918703
BSH2%UPI0001599717,-0.06399825,-0.06984209,0.09179072,-0.0030498484,0.06822633,-0.15209761,0.07087429,-0.12950402,0.059013847,0.035433866,-0.039810106,-0.03700787,-0.032080445,0.09773758,0.041697875,0.070904024,0.058553897,-0.10901328,-0.050543014,0.1308371,0.1315585,-0.044911146,-0.0154999755,-0.13081835,-0.09696631,0.10591721,-0.029003913,0.09848278,-0.12774341,0.06965771,0.039964832,0.06481353,-0.058218397
BSH2%UPI00017C25E3,0.041669063,0.049409337,-0.04354261,-0.02029627,-0.044509836,0.030966654,-0.037110664,0.03665256,-0.06173544,-0.054451462,0.02172855,0.03214749,0.042416885,0.017279077,-0.017419718,-0.053493056,-0.032855716,0.024440518,0.028797982,-0.030401837,-0.040806245,-0.0007445548,0.0015105976,0.09179532,0.0649719,-0.050146595,-0.015498322,-0.049837373,0.0200981,-0.02615067,0.02553419,-0.066506594,0.048730675
BSH2%UPI0001971EB2,0.056428038,0.050514624,0.008165519,-0.029440993,-0.049314484,-0.008116089,-0.123839274,0.0010435289,-0.0077977814,-0.040624145,0.035263814,0.040167104,0.0012150017,0.049611762,-0.07610598,-0.07105682,-0.061484255,-0.017294114,0.035480782,-0.017614443,0.024003888,0.04583083,-0.022094795,0.022429157,0.032203287,-0.08113523,-0.015560516,0.0037472895,0.04958463,-0.010948129,0.06287169,0.0071709114,0.037091047
BSH2%UPI0001C1C05D,-0.029931176,-0.060719833,0.050669145,-0.001227641,0.11611989,-0.0133382855,0.2006219,-0.05063094,0.005960828,-0.010855768,-0.12626417,-0.092231,-0.048702817,-0.11904399,0.1285349,0.15929753,0.124843255,-0.02443541,-0.07857267,0.146995,0.14196542,0.043798227,-0.12620804,-0.13089943,-0.1287282,0.13070355,-0.0018950684,0.10328437,-0.026702004,0.08036456,-0.0914281,-0.017217303,-0.039772574
BSH2%UPI0001CF4F1D,0.0775307,0.02625921,0.015008419,-0.020576494,-0.03138824,-0.029276175,-0.017554352,0.026865378,-0.035881855,-0.020181062,0.055676226,0.029239867,0.003949693,-0.05720142,-0.03306216,-0.01494486,-0.048431445,0.060393013,0.049617127,-0.05337752,-0.050171547,0.017794812,-0.038656093,0.010701968,0.0035307505,-0.03159647,-0.011067024,-0.03163181,-0.03108723,-0.038301755,0.070486724,0.07326488,0.027361441
BSH2%UPI0001E69B03,0.0063677346,0.027491951,-0.0248088,0.026963267,0.007962302,-0.024222793,0.0005656089,0.011308444,-0.020491764,-0.02407361,-0.002175771,-0.03744629,0.021435957,-0.0505779,-0.0012119773,-0.003724922,0.027263837,-0.010202307,0.0076822783,0.017366517,0.014492461,0.020324212,-0.032007053,0.014354251,0.04446154,-0.003665826,0.010956813,-0.027614653,0.036602642,-0.0055576023,-0.026130976,-0.017791515,0.012704337
BSH2%UPI0001FDAFAC,-0.025258344,-0.01976465,0.02577021,-0.048729893,0.022433922,-0.01734226,-0.0075564547,-0.045905024,0.03954197,0.053590395,0.0027862475,0.003032402,0.014009117,0.008192021,0.010190458,0.0049631856,0.022486925,-0.046134263,-0.007956829,-0.0032953557,0.025774967,-0.052278996,0.051420994,0.0042834734,0.028942557,0.013545456,-0.01769451,-0.0023741485,-0.061044402,0.0049492596,-0.008228678,0.012510359,-0.029131629
BSH2%UPI0002814877,-0.029681446,-0.03342805,0.07616201,-0.030990893,0.06148236,-0.010409701,0.018090222,-0.045537647,0.053328536,0.015653765,-0.01957885,-0.04286571,-0.02622416,-0.04595025,0.030834766,0.007594032,0.002387416,-0.04901854,-0.026295507,0.040281147,0.05392899,-0.05251567,0.04515892,-0.012804606,-0.0321134,0.05191951,-0.08397522,0.075552456,-0.037236623,0.037573405,0.024499347,0.037442744,-0.037566528
BSH2%UPI000335FD2D,0.010594239,0.017161615,-0.039771434,0.06272467,-0.06893581,-0.034919914,-0.044534918,0.030018276,-0.041687664,-0.05749658,0.01767196,0.046134643,0.020247504,0.01226521,-0.067454755,-0.03670661,-0.052522935,0.036111563,0.018663969,0.021719301,-0.006934685,0.10886532,-0.03531457,0.019551195,0.012434988,-0.05335654,0.047521815,0.030622557,0.059216317,-0.006699136,-0.029219043,-0.011623231,0.014874787
BSH2%UPI00033874A8,-0.0072014094,-0.011700315,0.039073642,-0.013633199,0.008350555,0.02681396,0.040329613,-0.011864131,0.015598934,-0.013332547,-0.016058726,-0.0022730255,-0.012615169,-0.013434882,0.029171852,0.03903606,0.016434561,-0.039553884,-0.016838593,-0.013321208,0.00275705,-0.021600248,-0.020107778,-0.028052466,-0.035780143,0.039240886,0.030775366,0.052098326,0.027842574,0.042305604,-0.026601689,-0.024890719,-0.019139735
BSH2%UPI00033AD64E,0.054381195,0.05319048,-0.0689128,0.03897412,-0.043954954,0.0683751,-0.019256473,0.03929791,-0.0649371,-0.04995744,0.032202598,0.04627814,0.036854412,-0.017533062,-0.054210793,-0.04191971,-0.061721858,0.070131004,0.040143967,-0.028730042,-0.05262545,0.033841595,-0.044317454,0.051711246,0.012208559,-0.059204493,0.054841712,-0.020614218,0.040494137,-0.056783553,-0.00875955,-0.0410642,0.052643463
BSH2%UPI00033F049A,0.030721392,0.042900693,-0.054584928,0.045657434,-0.009553228,0.034362283,-0.009859836,0.041023478,-0.040682565,-0.014438754,0.007128864,0.0020037105,0.0028709387,-0.11678539,-0.024803534,-0.020265514,-0.01134927,0.0353903,0.022467423,0.01888535,0.02997571,0.051790122,-0.03315316,-0.005639002,-0.008641683,0.012765702,0.0034042553,0.029454939,0.06142507,0.047766376,-0.11106676,-0.07964262,0.024990523
BSH2%UPI00038B932A,-0.10502436,-0.035402857,0.027341545,-0.038902014,0.112873346,-0.030393235,0.106141016,-0.07899117,0.020338438,0.002695068,-0.063260496,-0.01990247,0.036260463,-0.02918911,0.08014685,0.10708796,0.079532795,-0.065090835,-0.030838626,0.094647214,0.072417036,-0.07951433,0.04860208,-0.06472561,0.020630537,0.08275645,-0.10434289,0.15232469,-0.061216526,-0.077180944,-0.044197667,-0.096095555,-0.010443044
BSH2%UPI000396CDDF,0.09737099,0.041125026,-0.022862,0.014211528,-0.017964445,0.014554195,-0.029840667,0.010948811,-0.057955485,-0.032419167,0.06679693,-0.01868765,0.018626815,-0.111708164,-0.040784918,-0.050051156,-0.03171499,0.045587648,0.05597799,-0.052615784,-0.039864827,-0.03420425,-0.08388415,0.020054296,0.032456145,-0.011102548,0.061105046,-0.09954608,-0.01051644,0.0051851925,0.13074887,0.11398623,0.022251563
BSH2%UPI000463FA77,-0.019246139,-0.029538173,0.054455575,-0.025207877,-0.014419189,-0.011295162,-0.06029682,-0.020321077,0.060746435,0.05744855,-0.040243603,-0.02195347,-0.015918024,0.072940186,2.1365884e-05,0.0075514484,0.013256069,-0.028115187,-0.037649386,0.01903332,0.008046056,-0.025130965,0.032449603,-0.0071333796,0.033400133,-0.029075317,0.004187692,0.032646533,-0.06252729,0.0053794743,0.0150760785,0.054535247,-0.028679512
BSH2%UPI0004B97954,-0.011753831,0.0075690276,-0.016916184,-0.03758348,-0.00038561109,0.05361039,-0.014851207,0.02692127,0.024409616,0.031912927,-0.06429535,-0.045254845,-0.021466093,0.015152762,-0.03829377,-0.011011154,0.015162903,0.0056684245,-0.006917087,0.006892635,0.032137435,0.0061750873,0.02501821,-0.058473453,0.068714745,0.042194292,0.0051917494,0.019838724,0.050510373,0.004662511,-0.098050244,-0.018273216,0.005078776
BSH2%UPI000508CF7A,-0.07172857,-0.073616706,0.068133436,-0.052428402,0.05945269,-0.038216047,0.0012686582,-0.074383184,0.07393797,0.07644586,-0.008884037,-0.07544521,-0.036211085,-0.015558519,0.061129127,0.029833186,0.060211323,-0.06915527,-0.029417941,0.066046916,0.08069095,0.014961486,0.010588847,-0.032072976,-0.016856123,0.05031707,-0.04052855,0.064995326,-0.06077836,0.012878321,0.03497999,0.052398227,-0.074530154
BSH2%UPI00050FFCF5,0.015450026,0.011856172,-0.017260842,-0.010468808,0.05237092,0.0030534558,0.03432369,0.017223168,-0.027710138,-0.027986098,0.00037801414,-0.026096137,0.011907193,-0.043693896,0.025594242,0.04012958,0.04853829,0.0073493957,0.0027944383,0.005605197,0.012190228,-0.021300586,-0.017203877,-0.049253784,-0.034283917,0.043551996,0.025761647,0.012627739,-0.007585417,-0.022459833,-0.021697788,-0.017402329,0.005291551
BSH2%UPI0005738721,-0.0109401895,-0.017097693,0.048723176,0.01102914,0.010484788,-0.07785581,-0.007221797,-0.0071850885,0.051233876,0.034271065,-0.010682684,-0.025558295,-0.009081901,0.030601198,0.01201968,-0.019708795,-0.050816927,-0.020093331,-0.012497601,-0.008800733,0.011595946,-0.02140053,0.054134347,0.011699068,0.037184924,-0.0037682715,-0.05999764,-0.009344417,-0.043431535,0.022805119,0.04315982,0.012459438,-0.011602701
BSH2%UPI0005D317A6,-0.04475655,-0.05857253,0.05714112,-0.033490043,0.05028907,-0.028677009,0.0432883,-0.05033078,0.04345466,0.02839864,-0.06466464,-0.033746544,-0.03700678,0.07942296,0.03219104,0.047709417,0.052864246,-0.044578824,-0.051547695,0.056716558,0.039647225,-0.013630641,-0.03232327,-0.039035365,-0.016398637,0.0518765,-0.00974892,0.044064756,-0.050688177,0.028049963,0.024038525,0.05072045,-0.045940462
BSH2%UPI0005DCCFF2,0.1174735,0.14012387,-0.102148406,0.14974612,-0.14288601,0.0010480718,-0.14607063,0.082363404,-0.12883814,-0.109107964,0.08546266,0.12678033,0.18912907,-0.0075885803,-0.0886363,-0.15481658,-0.09850004,0.06768179,0.11523618,-0.12684491,-0.085776985,0.10501234,-0.063775964,0.058646623,0.049613368,-0.15595816,0.0665121,-0.1226712,0.13156511,-0.15589577,0.0892037,-0.12596281,0.14534585
BSH2%UPI0006649122,-0.03946877,-0.03786654,0.030711334,-0.061423663,0.034370486,-0.00217195,0.05547298,-0.06318206,0.05638046,0.04160368,-0.050868493,-0.09043701,-0.054692954,-0.021838298,0.060108736,0.057744406,0.057210445,-0.06742455,-0.0519846,0.077248335,0.0927211,-0.0664776,0.034571607,-0.030326389,0.019206807,0.057417754,-0.06732585,0.060917187,-0.034256216,0.075378016,-0.0014333562,-0.0026265464,-0.038379826
BSH2%UPI0006A496D2,-0.032963388,-0.030700378,0.03381289,0.020777317,-0.054992057,0.030161312,-0.04414247,0.025254996,0.046451326,0.052576955,-0.048576012,0.021200426,0.018601988,0.08660583,-0.020557845,0.005647308,0.009210247,0.00080072647,-0.040460717,-0.01877873,-0.05630915,0.008572493,0.033166714,-0.00031806555,0.00818583,-0.05447332,0.013464025,0.04569362,-0.045981884,-0.02285432,0.0042237625,0.032076903,-0.013365572
BSH2%UPI0006BFFEB7,-0.042222,-0.020477178,-0.037450112,-0.0024465644,0.013614003,-0.05135359,0.006419127,0.013896992,0.014925479,0.019117545,0.012500827,0.025016796,-0.004451947,0.019708823,-0.02406717,-0.021529209,-0.020093346,0.04083651,0.011457702,-0.052543864,-0.05376342,0.014083042,0.09025384,0.06206308,0.120129146,-0.0077630635,0.04302959,-0.064662315,-0.013437096,-0.04220983,-0.073338516,-0.036540497,-0.006934613
BSH2%UPI0006C043E9,0.017527802,-0.0011220354,0.016753588,-0.050519228,-0.024088832,-0.0025932863,-0.0075424905,-0.014791784,0.030327326,0.020257458,-0.05500305,-0.05034922,0.010329149,0.030103581,0.061193276,-0.0022117274,0.026634224,-0.029400058,-0.017609667,0.0071787667,0.010717798,-0.052937195,0.015315592,-0.069759876,-0.019484919,0.022479935,-0.04669712,0.07290196,0.014397791,0.018583423,0.022517981,0.04403569,0.00024613625
BSH2%UPI0006C0EB58,-0.023665678,-0.01325534,-0.00623948,-0.01745355,0.030725317,-0.012189835,0.013837434,0.013887081,-0.01406338,0.0076980693,-0.0008431554,-0.008213723,-0.024207704,-0.042232595,0.020748395,0.015320019,-0.0030221064,0.010885306,-0.0110486755,-0.019981826,0.0002525017,0.018993555,-0.013294962,0.035550345,0.06658454,0.010677176,-0.010392215,0.0011942752,0.0118227,0.018495642,-0.044583723,0.009249771,-0.018861506
BSH2%UPI0006C1ADDE,0.0052776737,0.0025172604,-0.03845633,0.0049986537,0.030183937,0.09365137,0.07369814,0.041929495,-0.032339342,-0.036515504,0.012943497,-0.041693255,-0.057095073,-0.09204431,0.04908696,0.046418376,-0.00075362367,0.034107067,0.0050441595,-0.005961505,-0.041394625,0.004887608,-0.07682266,-0.05037095,-0.07381977,0.06351768,0.049253955,0.069422,0.028795611,0.0549774,0.002567836,0.0142507125,-0.012443801
BSH2%UPI0006C23C60,0.034481846,0.034130063,-0.024519306,0.044635028,-0.032707706,-0.039760154,-0.078765266,0.041410364,-0.057339545,-0.028209591,0.033271834,0.010150523,0.04842932,-0.05472922,-0.010662114,-0.05562468,-0.046328053,0.053211108,0.041019436,0.018641526,0.010634867,0.06338698,-0.08939546,-0.08149046,0.014675979,-0.034750797,0.016042167,0.033064466,0.027592674,0.017517198,0.0109260585,0.026009366,0.04682062
BSH2%UPI0006C28698,-0.020451007,-0.022226004,0.015454953,-0.0072568823,0.0026231504,0.0037230314,-0.022893857,0.018827913,0.0028836739,-0.0035136275,0.006360771,0.0698798,0.013432642,0.067899376,0.001923704,0.023734825,-0.019172288,0.024572559,-0.010837582,-0.07760435,-0.04609313,-0.04653731,0.042325143,0.0848933,0.044640508,-0.043047823,-0.080567285,-0.031841483,0.016425699,-0.035031244,-0.0252041,0.0017672603,-0.0150668565
BSH2%UPI0006C3C90B,-0.030931266,-0.020890066,0.015612806,-0.04873998,0.050284304,-0.033940032,0.026252262,-0.045011863,0.039325055,0.044047073,-0.0025377537,-0.024928493,-0.040055923,-0.0090160435,0.018856881,0.031660985,0.031277582,-0.040479522,-0.015119097,0.018374061,0.036083274,-0.048652023,0.041200217,-0.0130708655,0.012157867,0.033629343,-0.008677622,0.035387136,-0.04627733,0.020205269,-0.017892815,0.010065875,-0.033191398
BSH2%UPI0006C45BC8,-0.05157214,-0.0489365,2.1389613e-05,-0.040553745,0.017778296,0.03380281,-0.051035184,-0.016908944,0.037210565,0.030508135,-0.04523854,0.004613612,-0.0149412835,0.14006959,0.0013148427,0.018597053,0.011716113,-0.038492322,-0.05677062,-0.036088724,-0.02662744,-0.039860003,0.12109921,0.036850166,0.09736214,-0.0077268276,-0.026202023,-0.0024144177,-0.02866683,-0.051898565,0.002545144,0.025004955,-0.032225072
BSH2%UPI0006C4A6B6,0.05191581,0.046138816,0.009376055,0.025287509,-0.0072139055,-0.008796942,-0.044134058,0.022649491,-0.0036404466,0.020539422,0.024768278,0.01089943,-0.017654143,0.026825115,-0.018709356,-0.05782859,-0.04432234,0.009471422,0.034817997,-0.021291902,-0.04177484,-0.027260758,0.00821788,-0.03863714,0.02196364,-0.02715282,-0.027428346,-0.004108159,-0.0041655055,-0.04313047,0.06739074,-0.03091637,0.043472752
BSH2%UPI0006C52F45,0.0027580727,-0.021439686,0.09941226,-0.049035706,-0.009935668,-0.048471708,0.027321257,-0.0676048,0.07406137,0.054266855,-0.0004110525,0.026471455,-0.03529773,0.06403759,-0.022495076,0.046355866,-0.02538991,-0.069746025,-0.024446167,-0.039442245,0.017388541,-0.057307586,0.028554017,-0.03207515,-0.089827165,0.012543466,-0.054806944,0.012097411,-0.03070659,0.046990447,0.0793393,0.08605237,-0.02664499
BSH2%UPI0006C5C844,0.0046320288,0.013593024,0.028077442,-0.024574183,0.0031945717,-0.010192953,0.001984214,0.011298915,0.05017425,0.0648856,0.002469335,-0.041485418,-0.0013057122,0.0011727022,-0.010575632,0.00427261,-0.015671298,-0.026184391,0.001868031,-0.040132012,-0.0108401645,-0.03760086,0.022028446,-0.030438058,-0.05082323,0.0123458635,-0.019041754,0.018088216,0.005455968,0.004974912,0.021300744,0.019976234,0.0062240665
BSH2%UPI0006C706B0,0.034528192,0.04143636,-0.0042915507,0.016460443,-0.038482558,-0.021478035,-0.006391181,-0.019523188,0.003960935,-0.0012310615,-0.009012531,0.008240166,0.05374997,0.0068134456,-0.02668624,-0.029968584,-0.029405735,-0.033521432,0.010493186,-0.003938854,-0.010771802,-0.031490065,0.033865944,0.029865079,0.024584735,-0.060832676,-0.06519561,-0.039295252,0.020407395,-0.007453115,0.013574294,0.015310857,0.035954345
BSH2%UPI0006CAB5AD,-0.038130578,-0.039185185,0.0032698307,0.023188785,-0.126048,-0.027447604,-0.044226628,0.01703334,0.014763093,0.028109046,0.008912439,0.12240195,0.02463649,0.08360722,-0.097907044,-0.0044932384,-0.056936756,0.0119785,-0.014555898,-0.09764652,-0.122178964,0.0053653214,0.059383344,0.15110122,0.08421523,-0.07034035,0.011613522,-0.0017044161,0.025064973,0.009777055,-0.008656723,0.010945689,-0.018637886
BSH2%UPI0006CABDF6,-0.0031694837,0.023159565,-0.0123154,0.03169141,-0.045841563,-0.0101370225,-0.0370013,0.020785425,-0.016400706,-0.0004621836,0.031684652,-0.008832656,0.026085103,-0.01089123,-0.056515586,-0.044853494,-0.025729716,0.012399115,0.032405797,0.022028249,-0.009921536,0.027563084,-0.031151462,0.012103284,0.01416581,-0.024225198,0.028006934,-0.017394653,0.014413973,0.0032700864,0.017059142,0.008083981,0.0136967655
BSH2%UPI0006CABE2C,-0.046354502,-0.05203143,0.042236604,-0.07741293,0.091411084,-0.011951055,0.12279625,-0.009063353,0.0076632313,0.045174085,-3.7891426e-05,-0.15342313,-0.12465328,-0.13678905,0.07771316,0.09232429,0.07935217,0.03235126,-0.014607174,0.08717285,0.06561503,0.025878761,-0.114219606,-0.13340494,-0.07847322,0.10136533,0.1018509,0.14757185,-0.055522736,0.072845094,0.0076942174,0.048290297,-0.053948484
BSH2%UPI00082051E1,-0.0050998204,0.011199492,-0.070459165,-0.02943543,-0.052388724,0.05522457,-0.05455272,0.051500387,-0.044069324,-0.048181586,0.015907232,0.047732938,0.033275437,0.030337837,-0.009605867,-0.04993894,-0.062090766,0.04552569,0.015385054,-0.02441679,-0.08671145,0.06107969,0.0069540255,0.084473915,0.09762498,-0.046826527,0.040284578,-0.012280993,0.06941238,-0.05326293,-0.024684316,-0.04239385,0.022805447
BSH2%UPI00082062C1,-0.026163043,-0.023318298,0.111769445,-0.052471183,0.009868331,-0.023238491,-0.010101975,-0.04369875,0.06045869,0.04745948,-0.012430482,0.0010156671,-0.007441884,0.020617902,-0.04172739,0.0056307446,0.032454394,-0.039251264,-0.014433396,0.027160153,0.08471189,-0.062264375,-0.0070178956,-0.0213337,0.021010382,0.019553859,-0.033575904,-0.013321245,-0.12020769,0.02434597,0.020448077,0.060922906,-0.022576509
BSH2%UPI000820857A,-0.07289479,-0.07365468,0.045682613,-0.014183233,0.122473486,-0.02808106,0.09454302,-0.0024417308,0.023429325,0.0056442306,-0.040667687,-0.05355526,-0.033407524,0.048545886,0.12801379,0.07784513,0.07695425,-0.022099819,-0.06309329,0.012817971,-0.010068383,-0.0719725,0.0048728795,0.025662627,-0.0528235,0.102451056,-0.055626627,0.01812788,-0.049514476,0.030390367,-0.030196358,0.0006156724,-0.0680281
BSH2%UPI000820B778,-0.012747636,-0.0097684385,0.017067114,-0.009917912,0.00029218226,-0.087121546,-0.045402437,-0.009817804,0.02629394,0.033013754,-0.0048826383,0.03614855,0.058409587,0.09881114,-0.024873283,-0.049966846,-0.029165022,-0.022110393,-0.006995465,-0.006222141,-0.031061094,-0.011296109,0.030636368,0.016877314,0.040450756,-0.03200574,-0.05128331,0.0014408532,0.023717146,-0.02801954,0.017237177,0.0034048124,-0.0038469734
BSH2%UPI000820F666,0.05625466,0.06722206,-0.030011544,0.0005602483,-0.03719068,-0.038967095,-0.09275612,0.067360304,-0.033571888,-0.050894074,0.052608643,0.026210174,-0.04648026,-0.0049829083,-0.0950427,-0.043366496,-0.03787781,0.04944086,0.0547799,0.012543181,0.029553114,0.08810891,-0.066341154,-0.015772007,-0.01292395,-0.04194942,0.040267218,-0.060524758,0.09071392,-0.00671309,-9.554462e-05,-0.017555634,0.05206164
BSH2%UPI000821232B,0.028490536,0.03599802,-0.015423647,0.048757013,0.0151617285,0.029092591,0.041336946,0.061534774,0.008662035,0.030187864,0.0076239277,-0.01627702,-0.024682678,-0.029576635,-0.010589139,0.022404484,0.018688204,0.027182644,0.017678736,-0.032476116,0.00073686376,-0.0009590773,-0.01005568,-0.088990904,-0.053220917,0.010466281,0.02375098,-0.053215645,0.0094924895,-0.05437723,-0.030189648,-0.022932537,0.026593769
BSH2%UPI0008219BA0,-0.060004998,-0.046728972,0.024394453,-0.062298223,0.023920273,0.07548992,0.022180421,-0.04598316,0.024557196,0.028454743,2.3924113e-05,-0.056207046,-0.081950486,-0.10916809,0.02705513,0.024072861,0.042505845,-0.02985153,-0.011927537,0.06438456,0.094725005,0.011095637,0.0113268485,0.030217785,-0.0048513548,0.07573054,0.019398738,0.029645726,0.0030879339,0.084117316,-0.0648454,-0.022329943,-0.055723384
BSH2%UPI000821B1D8,0.0071479785,0.02466451,-0.025505144,0.0057049547,-0.019132785,0.052654654,0.023209209,0.027230337,-0.011855446,0.046499066,0.014803751,-0.0011404513,0.02470862,-0.04229116,-0.016571248,0.0010027032,-0.007586566,0.017034493,0.022563338,-0.031280316,-0.055485245,-0.024768362,0.007376563,0.0069340738,0.03938724,-0.012957002,0.03717031,-0.030503139,-0.008837764,-0.017317273,-0.008233281,-0.07874969,0.028809005
BSH2%UPI000821B9AC,-0.054848894,-0.06901657,0.0013218792,-0.05334461,-0.014641847,0.048741497,0.006370295,-0.06323567,0.027591687,0.0535261,-0.058194064,-0.030329974,0.007274157,-0.02649831,0.07120838,0.0644867,0.051369853,-0.03132082,-0.055710636,0.038869556,0.025864037,-0.0625068,0.06633085,0.01591294,0.028512813,0.030151594,0.0085659595,0.061893247,-0.019523289,0.064916894,-0.07987789,0.022967165,-0.05676229
BSH2%UPI000821FD65,-0.0255353,-0.002222123,-0.000915146,0.030293373,-0.054898486,0.018485287,-0.021344166,0.042908415,0.03934778,0.070670225,-0.01578573,0.03684361,0.010807477,0.0031449154,-0.03947074,0.006741323,0.0007679899,-0.0056927544,-0.0027118411,-0.058457363,-0.052474584,-0.0063506244,0.070903316,0.048238073,0.045252986,-0.043870278,-0.01844398,-0.017617606,0.01000996,-0.009151661,-0.086394794,-0.033915713,-0.0017446014
BSH2%UPI0008222B5A,-0.0041056615,0.0022811415,0.03202592,-0.0064188754,0.00383441,-0.10879207,0.043950025,0.006105597,-0.0045065354,-0.034932785,0.006216453,0.020328104,0.021224884,0.02003716,-0.028074216,0.011980759,-0.011898433,-0.010698511,-0.0016072148,-0.009789266,-0.011331249,0.012762873,-0.016403127,0.034641724,0.0331829,-0.00420244,-0.052709475,-0.00059712474,-0.020548962,0.016085552,0.010487968,0.007111555,-0.0015136447
BSH2%UPI00082257EE,-0.056667935,-0.030622892,0.032764345,-0.084817894,0.17214298,0.06210958,0.17669359,-0.094342,0.012738642,0.021521058,-0.07155561,-0.12686628,-0.06708148,-0.15869883,0.09639982,0.1350681,0.15347706,-0.025756987,-0.048086654,0.12635894,0.13605334,-0.053349067,-0.035175428,-0.1331541,-0.06162146,0.16391462,-0.03701759,0.13335085,-0.081234805,0.014887292,-0.04794185,-0.040215645,-0.041208927
BSH2%UPI000822F9A5,0.018602181,0.020796683,-0.018757235,0.04170365,-0.050381027,-0.043397106,-0.03432785,0.02082669,-0.02697827,-0.010832028,0.02751196,0.05127254,0.075149536,-0.00382407,-0.04063231,-0.03272315,-0.021483261,-0.020066679,0.02749953,-0.019101257,0.0006187662,-0.00414235,0.034686018,0.08893998,0.029453335,-0.07264722,-0.04932887,-0.058170233,0.052605506,-0.024110973,-0.011386796,-0.04604136,0.011938017
BSH2%UPI0008230885,0.03453647,0.01939896,0.0010518758,0.019888662,-0.038471725,-0.0013842677,-0.0013705242,0.015449749,0.0017834677,0.007763954,0.014110391,-0.012917565,-0.027412131,-0.05436479,-0.0030884596,-0.006346193,-0.027831735,0.02852028,0.013209123,-0.0039956965,-0.024521053,-0.021581318,0.007919426,0.042980608,0.017437883,-0.035412904,0.016621726,-0.027598284,-0.0059970114,-0.0045221467,0.0037790027,0.01841184,0.014024565
BSH2%UPI00082332C0,0.04976434,0.06605617,-0.06605703,0.0149605,-0.047861446,0.01899273,-0.041811056,0.046705075,-0.052285742,-0.0172426,0.046321824,0.020793967,0.055536456,0.007211207,-0.032953657,-0.06286791,-0.07972035,0.05227778,0.06322524,-0.07478565,-0.033707768,0.026117101,-0.02151927,-0.028297711,0.04104829,-0.049001127,0.061727084,-0.06414552,0.05735068,-0.062169146,0.00578575,-0.03230168,0.074662976
BSH2%UPI0008E59C2D,-0.01009554,-0.014368865,0.064235836,-0.047768835,0.05830329,0.02308976,0.04730605,-0.023929792,0.05935497,0.07656102,-0.012619452,-0.008998417,0.00802718,-0.013165592,0.044539567,0.031920478,0.0059407265,-0.03850998,-0.0191534,-0.026943289,-0.040600713,-0.119028665,0.02622737,-0.0013913548,-0.015422683,0.032031357,-0.063514486,0.03331637,-0.06509065,0.015362616,0.0064792605,-0.0008238505,-0.02062627
BSH2%UPI00095B7069,-0.008537856,-0.0044941055,0.018279418,0.0039622076,-0.03032257,0.014006335,0.049741153,-0.016024379,-0.021886954,-0.024797369,-0.021933887,0.007912009,0.02239779,-0.028246028,0.0036506725,0.051636234,-0.005968335,-0.0120092705,-0.021880515,0.052729532,0.018827029,0.015632799,-0.013510126,0.0125725055,-0.03663311,-0.018491415,0.013596678,0.015926927,0.004965222,0.04669199,-0.0065641743,-0.03690033,-0.0057038097
BSH2%UPI000960BD65,-0.019039614,-0.012061882,0.006603407,0.05792552,0.0722909,0.019542357,0.016340207,-0.016622461,0.020579403,0.05600171,-0.04748409,-0.03608368,-0.017008213,-0.06820801,0.08192769,0.029330637,0.04876156,-0.050934184,-0.04151308,0.013731024,-0.021764506,-0.043243848,0.02851529,-0.00624903,0.04402791,0.065601386,-0.0003729543,-0.018630782,-0.07339305,0.03384198,-0.10119833,0.02673008,-0.032460872
BSH2%UPI0009611255,-0.041640423,-0.054476876,0.068234175,-0.03450728,0.04747665,-0.03355716,0.049682032,-0.030536521,0.05006274,0.048954558,-0.0771652,-0.047752377,-0.023355365,-0.0010211077,0.05312584,0.045840446,0.031990685,-0.06245348,-0.07440702,0.088496454,0.061721314,-0.049234986,0.012519646,-0.047495384,-0.022103302,0.046711672,-0.0777801,0.06752778,-0.023972407,0.08101409,0.0073664533,0.044868145,-0.05177246
BSH2%UPI000961A2BF,0.0019215457,-0.014053665,0.012703977,0.039095357,0.01973626,0.034005832,-0.008878322,0.022475205,0.016407713,0.011012841,-0.018833231,-0.021847216,-0.018738296,0.010215287,0.013570048,-0.019808106,-0.0063218214,-0.02552254,-0.01753815,-0.02447048,0.00045276742,-0.04615048,0.04350307,0.030451715,0.029958267,0.027314188,-0.025091574,0.0009506898,-0.051911402,0.019497156,-0.015264613,0.01050602,-0.019353716
BSH2%UPI000965B48B,-0.008734845,0.0013034901,-0.0047318246,0.0682247,-0.04544709,0.06874326,-0.046819054,0.05682329,-0.022879379,-0.007962931,0.025962038,0.04981727,0.03511812,-0.06843576,-0.023224074,-0.0019947558,-0.0053290115,0.049123302,0.027641835,-0.047509648,-0.03700692,0.06686301,-0.026461639,0.029201645,0.070933126,-0.046721496,0.079007454,-0.093091615,-0.0034773734,-0.03822745,-0.07079397,-0.01975717,0.0050485376
BSH2%UPI000966A84B,-0.0054329336,-0.0127912285,0.0131944595,0.017345533,-0.026498115,-0.06830214,-0.03533205,-0.02371061,0.023870364,-0.0067304582,0.011336327,0.026260518,0.052138306,0.0009121056,-0.026089482,-0.01482098,-0.04159296,-0.006122451,0.009030871,0.00452823,-0.035478894,-0.037226606,0.057116684,0.027826793,0.081087865,-0.027033959,0.003318905,-0.014726771,-0.04678336,-0.03227777,0.049983345,0.023321042,0.0009155035
BSH2%UPI00096829BD,0.017879143,0.03545061,-0.08301247,0.06681528,-0.08466691,0.041152935,-0.02515137,0.10239447,-0.079654545,-0.07438584,0.023377495,0.04360182,0.06925925,-0.01700835,-0.03495389,-0.044331413,-0.04278249,0.10176377,0.03065481,-0.034157056,-0.048963755,0.10036822,-0.053413954,-0.016500283,0.051276136,-0.082823955,0.100217514,-0.023527324,0.06052188,-0.049403723,-0.038433302,-0.035996895,0.05010061
BSH2%UPI0009698BA7,0.04511288,0.05554341,-0.068151146,-0.00132135,-0.03844502,-0.0240349,-0.0026443668,0.018939735,-0.074431345,-0.022710033,0.05925732,0.035729107,0.06945497,-0.023792157,-0.015038223,-0.04558755,-0.030004881,0.039733835,0.07243493,-0.05759821,0.008113319,0.009197188,-0.036583748,-0.008353864,0.0563166,-0.04023153,-0.030114679,-0.048078418,0.018333334,-0.063358754,0.066166,-0.07607462,0.07674104
BSH2%UPI0009C3B121,-0.030043356,-0.024561562,0.037004396,-0.047897674,0.05356816,-0.002900498,0.045304548,0.0008477659,0.04788554,0.07275844,-0.029978368,-0.052899007,-0.03924481,0.05905311,0.03162708,0.027174313,0.047121,-0.020353029,-0.036398515,-0.007665383,-0.033819098,-0.039932862,0.012965228,-0.04006022,-0.084465615,0.04834418,0.027454441,0.003054951,-0.019549781,0.024437694,0.03908522,0.009371261,-0.02308865
BSH2%UPI000B3674FC,0.06566279,0.07790115,-0.10070781,0.0720647,-0.052059535,0.07348359,-0.08562377,0.061037485,-0.10903509,-0.04399004,0.09678796,0.06315574,0.09057757,-0.03301632,0.044502087,-0.10612178,-0.06319916,0.07070777,0.09887474,-0.19458438,-0.12442792,0.02647016,-0.018087775,0.13382357,0.12192414,-0.07561639,0.08010061,-0.13994324,0.0046665673,-0.103778765,-0.013702339,-0.09032286,0.08046689
BSH2%UPI000B38AD3B,0.005725163,0.0010163062,-0.01268248,0.038565326,-0.00889697,-0.018588847,-0.0019280049,0.027597217,-0.01055471,-0.012153933,0.0016845104,-0.0037777338,0.010250615,-0.011190866,0.0030966082,-0.020837424,-0.031909715,0.010562739,0.004558716,0.019522453,0.019345107,0.034097277,-0.02287191,-0.033316776,-0.053401407,-0.0015342374,0.03876495,0.008566615,0.03486713,0.02818467,-0.029347405,0.01557274,3.5040284e-05
BSH2%UPI000B431D75,0.053868495,0.031383976,0.009414763,0.0017704187,0.060312524,-0.08601757,0.029305382,-0.021174215,0.0050886166,-0.021895552,0.03326286,0.028695539,0.03230983,-0.012094303,0.019489251,-0.005626189,-0.037870143,-0.0171783,0.022811415,-0.030802784,-0.06551614,-0.07939623,-0.018726578,0.025417455,-0.0124844005,0.030136852,-0.04825509,-0.004450932,-0.03735376,-0.019896742,0.00040248185,0.05917307,0.00404719
BSH2%UPI000C84F661,-0.005771754,-0.0028359452,0.006699217,-0.07477124,0.075694926,0.03681518,0.011708605,0.010445991,0.027690575,0.035521537,-0.0086222915,-0.014358107,-0.047860686,0.00073113764,0.019748613,0.015194077,0.011464174,0.0006737462,-0.005289731,-0.011516533,-0.019016154,-0.016715113,0.039340295,-0.03118721,-0.020963237,0.057017535,-0.007869682,0.019803185,0.006075161,-0.031869628,-0.018224578,-0.03709264,-0.011394572
BSH2%UPI000D1261F9,-0.042407785,-0.05880982,0.038365673,-0.04629303,0.029494466,0.0396582,-0.029051246,0.0020439525,0.023608858,-0.029378356,0.0026099242,0.022056472,-0.028561862,0.008340605,0.047721267,0.05162552,0.031159947,0.0016504079,-0.020919314,0.055807214,0.07799044,0.088280246,-0.025806926,-0.08229006,-0.11714858,0.021444673,0.016118456,0.01819187,0.020652013,0.010254214,-0.024045696,0.047115855,-0.061595917
BSH2%UPI000D58F0CE,0.035815366,0.030112378,-0.0075835558,0.00953637,0.0071270126,-0.08994095,-0.007863235,0.027775127,0.0053024655,-0.0028051753,0.017762255,0.025056904,0.016454274,0.0516628,-0.02189499,-0.04787482,-0.013584449,-0.003549036,0.025547303,-0.0069939815,0.04924732,0.014145191,-0.010101715,-0.04736188,-0.07895428,7.3959864e-06,-0.041656148,-0.071609944,0.03415722,-0.025319425,0.063167185,0.0024283011,0.023298714
BSH2%UPI000D6581CE,-0.028695498,-0.031635027,0.008340464,0.017795015,0.012037557,0.050793823,0.023572039,0.044533234,-0.009855771,-0.01813581,-0.01678401,-0.022241551,-0.02623365,0.01945111,0.021795793,0.053890362,0.046786603,0.03824894,-0.026485793,0.024976552,-0.020194618,0.05097662,-0.026484333,-0.043959808,-0.046960745,0.023988917,0.039555643,-0.020980436,0.0028444675,-0.017056255,-0.0503146,0.028805938,-0.02365777
BSH2%UPI000D7ABA35,0.0014859061,0.0050334926,0.028658392,-0.025761686,-0.015246341,0.0013533948,0.031795233,-0.01230227,0.061489668,0.05174547,-0.0010356066,0.015761679,0.025071988,0.040534053,0.0067392946,-0.00038864109,-0.04142244,-0.024606965,0.0068412228,-0.022389295,-0.019775338,-0.039640173,0.030389402,-0.058846794,-0.06996818,-0.01788218,0.0011842935,0.029330783,-0.00822991,-0.0073427027,0.016105283,-0.009095544,0.009818134
BSH2%UPI000D7ADB68,0.07466285,0.066020995,-0.016348071,-0.077215895,0.022289287,-0.07076521,-0.01996154,-0.067117766,-0.020342102,-0.06739666,0.026748173,0.0015820073,0.070236206,-0.038914584,0.0205759,-0.027850682,-0.012023199,-0.0152785815,0.03816495,-0.004541125,0.0037330547,-0.063396506,-0.007775437,-0.01882922,0.053567216,-0.0019351637,-0.084986694,-0.03689611,0.02137478,-0.02027814,0.09371724,0.019924559,0.04631998
BSH2%UPI000D7AF0AB,-0.0075654043,-0.016650084,0.027996704,0.03629994,0.03881397,-0.075526744,0.02835361,0.008228084,0.04132946,0.01127569,-0.013758099,-0.017130103,-0.018762304,0.044365548,0.037722968,-0.002711442,-0.037613116,-0.03693661,-0.01862792,0.012158997,-0.0018692799,-0.042173743,0.015522391,-0.034611408,-0.054964922,0.025709186,-0.037022494,-0.0032314698,-0.009457027,0.022748902,0.06213413,0.046290003,-0.013589481
BSH2%UPI000DF74F5E,0.0517963,0.05285674,-0.013774113,0.08444824,-0.105900325,0.011051547,-0.033733126,0.05966803,-0.052200142,-0.058453068,0.036474966,0.07423119,0.08204302,0.030459836,-0.07075092,-0.04385853,-0.06231196,0.066973574,0.03959725,-0.05698076,-0.07432301,0.05178416,-0.03993943,0.02885928,-0.021515261,-0.103595465,0.029083693,-0.05581141,0.09989695,-0.05113177,0.03420785,-0.06769071,0.061237674
BSH2%UPI000DF7AEC4,-0.011199843,-0.025204895,0.03219561,-0.02002399,0.07589065,-0.027424052,0.0020051324,-0.0618187,0.03297171,0.00696428,-0.02031146,-0.02461865,0.0026148122,0.03910614,0.029023228,0.028163219,0.034162395,-0.07273785,-0.033112336,0.0496332,0.03532661,-0.11779721,0.043442596,0.07193447,0.02992155,0.044148322,-0.14545661,-0.020407593,-0.11980091,0.036069363,0.037161276,0.06063223,-0.049892254
BSH2%UPI000DF86417,0.024992835,0.00515026,0.018121876,0.04761605,0.031206077,-0.035386123,0.03535945,0.035689212,0.020543152,0.03732848,0.00071023224,-0.05127057,0.026217178,-0.03040353,0.029651696,-0.010896648,-0.00802225,0.006170718,0.0034748423,-0.0018754936,-0.0027158728,-0.07139756,0.025976717,-0.02588911,0.025084173,0.015414289,-0.06680803,-0.026515251,-0.13418035,-0.01263346,0.024381282,0.036147468,0.0015736377
BSH2%UPI000E40484B,-0.022205735,-0.047333617,0.040581413,-0.031510342,0.037348986,-0.046061207,0.05472832,-0.011249359,0.028855633,-0.0009949731,0.027206676,-0.02432528,-0.07009063,-0.035191555,0.025069818,0.057081494,0.012982318,0.0035936174,-0.009668507,0.015019758,-0.01590331,-0.01723089,-0.01548312,0.030361533,-0.060218696,0.0298742,-0.01658335,0.030340128,-0.031251498,0.056331683,0.0034184821,0.10268515,-0.067868024
BSH2%UPI000E42566B,-0.0010729202,0.0038772556,0.022440517,-0.04703796,0.032284666,-0.038480107,-0.017340016,-0.014506997,0.014753912,-0.012901622,0.013265302,0.0058254837,0.0018216283,-0.004458064,-0.0036071334,-0.022140063,0.0010983876,-0.029597268,0.009772904,0.052073445,0.054401487,-0.0014480922,-0.03274646,-0.04359254,-0.045939274,0.045112155,0.03575726,0.016143203,-0.03818093,0.042498518,0.031764846,-0.012126342,-0.0030309462
BSH2%UPI000E4418E2,0.045737322,0.015883934,-0.019107008,0.0018665787,-0.035712287,0.0033842397,0.004172064,0.04892884,-0.029867524,-0.017694447,0.0077733565,0.011352938,0.053185128,0.0031680039,-0.003624076,-0.02443065,-0.017446438,0.05982851,0.013304353,-0.036860898,-0.062159542,0.017710261,0.016298223,0.009178912,0.013005406,-0.04611475,-0.043763205,-0.036054906,0.018235927,-0.07593908,0.022807425,0.022047453,0.025409544
BSH2%UPI000E4BF981,-0.015403777,0.0015577499,0.01105773,0.0017460951,-0.040948607,-0.045610383,-0.045094162,0.002290734,-0.025312461,-0.026102962,0.07493357,0.09338209,0.028585738,-0.009514079,-0.04887811,-0.02872278,-0.015488528,0.042351704,0.049841166,-0.019256245,0.017241301,0.029760528,-0.084981896,0.022500353,0.0033254626,-0.004313468,0.06153556,-0.06269479,0.016384693,0.010371464,-0.037497174,0.0069405753,0.0023007863
BSH2%UPI000E4E4D64,-0.014203834,-0.008990031,-0.021207511,-0.019834606,-0.01680597,0.062471226,-0.0054710493,-0.0026557317,-0.005798687,-0.01529417,-0.0040473347,-0.0061652022,-0.0200777,-0.0041985614,0.009165122,0.0017240382,-0.010645108,0.015647084,-0.0051928456,0.021800296,0.01618657,0.032337774,-0.005920679,-0.0069914185,0.027784498,-0.0026566617,0.034517586,0.02079883,0.030296192,0.007937082,-0.057114583,-0.006854577,-0.010873159
BSH2%UPI000E53BC4B,-0.055750996,-0.046439636,0.0030698183,-0.0603842,0.0058123334,-0.037954487,-0.048101597,-0.077750094,0.05631186,0.038383823,0.0025802937,0.02069477,0.033425797,0.054832675,0.006194087,0.011332628,0.027026389,-0.027170572,-0.012688495,0.004863217,0.047985863,-0.039560087,0.14305061,0.060374204,0.07848719,-0.014234653,-0.08986984,-0.05918045,-0.044061217,-0.031399015,-0.023281954,-0.014356337,-0.034663945
BSH2%UPI000E53DAEE,-0.04910518,-0.053903285,-0.023604447,-0.0030046736,-0.044125795,0.07064175,0.026778476,0.072219305,-0.026094478,-0.000771968,-0.029463794,-0.0066692405,-0.014189902,-0.020682333,0.0041605053,0.061697092,0.05609286,0.06356833,-0.038592573,0.020077296,0.0129336575,0.09387125,-0.011246719,-0.008221991,0.01919279,-0.010613126,0.04124899,-0.0055292714,0.011043599,0.0066153617,-0.07694019,-0.022627927,-0.030181374
BSH2%UPI000E54458D,0.06865927,0.060648277,-0.058182158,0.09877681,-0.0363958,-0.08938895,-0.030841172,0.031798586,-0.004525584,0.010512636,0.03317308,0.08429051,0.085429996,0.014623884,-0.039282624,-0.06992648,-0.081279956,0.0028123017,0.049920443,0.0250183,0.016408645,-0.036032252,0.02695632,0.007858072,-0.018172514,-0.05493694,-0.111081526,-0.08534831,-0.07176675,-0.05443623,0.005067295,0.009122077,0.057710096
BSH2%UPI000E7D8CB5,0.011697853,0.027396237,-0.037211157,0.019418214,-0.07423913,-0.02395664,-0.0058651483,0.006132467,0.013731756,0.06940022,-0.008879305,0.028342,0.062336005,0.039430324,-0.045136258,-0.027199985,-0.032531817,0.017297653,0.009006696,-0.02843644,-0.007236412,0.0154746175,-0.002307451,0.0031506373,-0.013167935,-0.06538312,-0.03833703,0.011168822,0.01603428,0.0046886276,-0.013503832,-0.026023058,0.03222441
BSH2%UPI000E80FD85,-0.023224473,-0.017150626,-0.008841985,-0.07975164,0.045320023,0.022981782,-0.02224779,-0.004761011,0.03215206,0.00974076,-0.02316806,-0.04431146,-0.016374802,0.010816184,0.030582642,-0.016602797,-0.0041008703,-0.040111337,-0.02006448,0.0061157863,0.022955706,0.019751554,0.025784325,0.0066412752,0.02880389,0.04332069,0.032146025,0.0013016744,-0.0059408317,0.017373063,-0.043597955,0.044851683,-0.024855442
BSH2%UPI000E8B2418,0.045367856,0.044519857,0.0016107935,0.0060421797,-0.0044712727,-0.06255033,0.0010575933,0.044264913,-0.018616972,-0.04922218,0.033121385,0.005320474,0.029817438,-0.017703624,-0.022117706,-0.02883354,-0.02004046,0.029567735,0.040334705,-0.04348253,0.021337194,-0.00333713,-0.019434772,-0.05312163,0.012026738,0.0015800718,-0.0048191873,-0.02683801,-0.012854587,-0.012989918,0.010078004,-0.010835425,0.040620066
BSH2%UPI000E8E16B0,0.02764806,0.006978857,0.0019449829,-0.012916735,0.0355635,0.0015773093,-0.009279292,-0.004216874,-0.008290755,-0.01959864,0.0059821964,-0.014061699,-0.025604436,-0.0009181652,0.044447258,0.015888726,0.008146306,-0.013175422,-0.0004892492,0.006300664,0.00889427,-0.0156003535,-0.031912874,-0.051115073,-0.05251203,0.027553027,-0.0039742156,0.036531188,-0.029922232,0.021351194,0.028359551,0.0380104,-0.0010400396
BSH2%UPI000E91045C,-0.041335646,-0.025638733,-0.04948526,0.014350628,-0.037256237,0.011048118,0.051146273,0.056706723,-0.0022799955,0.053556915,-0.013809865,-0.04866252,-0.10508828,-0.0405195,-0.021474225,0.014962817,0.0022030342,0.010868471,-0.013225075,0.010489255,0.015138719,0.029407725,0.0034008161,0.06276879,0.078859374,0.00582063,0.07596705,0.0061039315,-0.0044304994,0.023625297,-0.046430975,-0.015687376,-0.012628925
BSH2%UPI000E92006C,-0.06044797,-0.04018943,0.027054112,0.04144944,-0.027092705,0.029969744,0.07466041,0.0065441043,0.03211806,0.017954815,-0.03410569,-0.051577445,-0.040431853,-0.034632873,-0.028409697,0.09816439,0.050335374,0.030614093,-0.059182744,0.07354802,0.04166276,0.041518874,-0.021712894,-0.065565564,-0.11144151,0.024986021,0.053030133,0.044394545,0.033137392,0.0893941,-0.023891645,-0.018681005,-0.049683314
BSH2%UPI000E9C22D0,0.07187631,0.09090365,-0.1145648,0.13481897,-0.09984396,0.016662706,-0.087745145,0.07109192,-0.06597791,-0.034504283,0.041716076,0.063668124,0.094671085,-0.03914556,-0.090644814,-0.08381018,-0.027150767,0.05224853,0.061515994,-0.012510724,-0.023709673,0.09923003,-0.07448124,-0.017736446,0.0043218713,-0.08311902,0.10987815,-0.06765644,0.08888326,-0.05624888,-0.04910086,-0.0646513,0.07249923
BSH2%UPI000EC98B2C,0.019888824,0.04202456,-0.121905014,0.085961446,-0.055148546,0.047908533,-0.021100583,0.06757177,-0.07466641,-0.042150382,0.04350002,0.09073891,0.07932285,-0.011211661,-0.014742046,-0.07232867,-0.07323673,0.055418946,0.055309784,-0.05815544,-0.057461046,0.020266721,-0.002930808,0.04587374,0.058577776,-0.032272846,0.045077022,-0.05793128,0.032776494,-0.04125662,-0.056535434,-0.08350764,0.045812543
BSH2%UPI000ECC9F84,0.019787397,0.024275796,-0.05107168,0.0155217955,-0.016108306,0.026721468,-0.02791898,-0.0014142059,-0.021204915,-0.024531605,0.01551339,0.016664574,0.023865776,0.012394044,-0.008363232,-0.026339976,-0.02079559,0.014525592,0.017976262,-0.03445276,-0.017701209,0.0038380686,0.023019014,0.025695486,0.0267987,-0.025015702,-0.009881111,-0.012591359,0.02531334,-0.011079442,0.01572779,-0.052948494,0.024103478
BSH2%UPI000EE4CDBB,-0.017790245,-0.02274766,-0.0024247374,-0.05197857,-0.028259544,-0.06447498,0.009091034,-0.029430838,0.013766166,0.0062186094,0.017071616,0.0182535,-0.030258022,0.08605914,-0.014309087,0.019677984,0.024046896,0.026354823,0.00947433,-0.02081763,0.039202854,0.021056876,-0.03117282,-0.05782825,0.03364357,2.3088149e-05,-0.040540412,0.021648481,-0.035019625,-0.0019628345,0.06745228,0.005177575,0.007008058
BSH2%UPI000EE93911,0.018317364,0.028655792,-0.026967254,-0.023773437,0.007938129,-0.053023938,-0.0185638,-0.009021726,-0.019454593,-0.006681117,0.009942551,-0.030320415,0.0402283,-0.0032967858,0.0025363564,-0.01937981,0.010665211,-0.015037013,0.02079505,0.011043608,0.024301577,-0.012381682,0.013706928,-0.020824075,0.017584465,0.004245164,0.016174374,-0.011106359,-0.008680541,0.00020236016,0.042219758,-0.05441155,0.028852975
BSH3%UPI000156F498,-0.029521428,-0.033843428,0.08832801,-0.004973777,0.032137018,0.013864127,0.026965786,-0.02265482,0.012593639,-0.01571251,-0.010765347,-0.014665877,-0.0022517238,0.0027109715,0.009327078,0.021382665,0.022262014,-0.037165556,-0.030548591,0.0759163,0.050982542,0.021647329,-0.034706388,-0.00837591,-0.10517652,0.03252388,-0.041799653,-2.4686986e-05,0.0024485798,0.052415594,0.0326101,-0.0021675904,-0.032867063
BSH3%UPI00016547A5,0.0446598,0.0363976,-0.009797408,-0.0068954593,0.016624914,-0.016967831,-0.013489631,0.026459618,-0.031400133,-0.066175416,0.041996475,0.039362498,0.002237958,0.030917509,0.002540969,-0.012601162,-0.055174757,0.04014056,0.04563539,-0.015936017,0.01028136,0.016796637,-0.049486537,-0.05291749,-0.0621021,-0.0007846665,-0.006879423,-0.032213848,0.036266986,-0.035672594,0.06144626,-0.0342067,0.044545457
BSH3%UPI00017EF3F1,0.038967237,0.017517608,-0.0073930006,-0.049126707,0.022669459,-0.028899066,-0.059975967,-0.04772336,0.01058178,0.018680047,0.015943054,0.02488346,0.009315526,0.06724818,0.013389837,-0.037082832,-0.04806627,-0.044703547,0.017329799,-0.029982686,0.024360972,-0.054043163,0.038129847,-0.021644041,0.025541142,-0.0021031715,-0.073469855,-0.0070574693,-0.024389869,-0.0077922046,0.046742458,0.029982314,0.021783844
BSH3%UPI0001A5F983,-0.012147487,-0.024224114,0.007151665,-0.054632407,-0.006527978,0.033738688,-0.048948377,-0.034616828,0.039865647,0.025932178,-0.016481787,-0.0013726137,0.021606086,0.050194826,-0.0054899775,-0.014312083,-0.035480853,-0.02334825,-0.01954905,-0.03573809,-0.025816642,-0.054199453,0.0736192,0.044489335,0.0962165,-0.00046915963,-0.00903521,-0.011872203,-0.022441862,-0.008267206,0.0141771315,0.03974785,-0.024141798
BSH3%UPI0002132A6C,-0.0678083,-0.058422327,0.018732967,-0.044404693,0.04515723,0.029522615,0.078361645,-0.03697015,0.0022588165,0.03397543,-0.025362713,-0.0588703,-0.07892534,-0.041211177,0.017504763,0.03237618,0.029245637,-0.00828762,-0.042922333,0.02919496,0.050802883,0.017331364,-0.020908134,0.04353583,0.010011823,0.056652218,0.08336684,0.06340968,-0.027793732,0.03451737,-0.0025022104,0.009630769,-0.052478205
BSH3%UPI000238BE2F,-0.014005879,-0.011739305,0.006713362,-0.015571425,-0.02353786,0.019090956,-0.032420047,-0.006233893,0.024798844,0.036244728,-0.020984864,-0.027057784,-0.023361657,-0.0053936476,-0.0066909962,-0.03273064,-0.015741857,-0.05295878,-0.012249061,0.03900574,0.061644033,0.026291082,0.03205421,0.013893599,0.030495856,-0.015377014,-0.0757311,0.060623664,-0.01495784,0.037506383,0.022850541,0.003690103,-0.016227018
BSH3%UPI00033CE23D,0.018124692,-0.0036299955,0.027967455,-0.0057394374,0.03804099,0.034019373,0.0007802471,-0.012703797,0.0030800626,-0.04118362,-0.004066671,-0.04120055,-0.04482171,-0.06767179,0.039613333,0.029257972,0.018007021,0.0071773166,-0.0059569557,0.05463637,0.025710061,0.0075007556,-0.05519372,-0.10304803,-0.040141866,0.037794307,0.034478124,0.031724904,0.020567937,0.028284522,0.03112649,0.03365741,-0.003961863
BSH3%UPI00035F5DCE,-0.016852321,-0.021533534,-0.002957182,-0.03957503,0.022168098,0.03495102,0.018971294,0.00013791153,0.026469033,-0.0038202046,-0.034515228,-0.040548526,-0.02284312,0.0008478195,0.020810768,0.04071209,0.038624424,0.005952656,-0.038306646,-0.006660404,-0.01050505,-0.028763726,0.046935104,0.010523187,0.039397337,0.0057358174,-0.052405972,0.023434304,7.77693e-05,0.026908876,-0.012147313,0.007831167,-0.029800149
BSH3%UPI0004DA32C0,0.0056105442,-0.01871936,-0.001594142,-0.010525825,0.015004984,-0.020806216,0.014679381,-0.021693036,0.0061487164,0.016526397,-0.008253426,0.009684112,-0.008327143,-0.019303221,0.025730927,0.035904,0.005666241,-0.019642688,-0.007955515,0.008242743,-0.004869961,-0.028618997,-0.01652739,-0.0077103544,0.008731073,0.021304533,-0.012176257,0.031795204,-0.049610093,0.029307654,-0.0057296176,0.055824794,-0.02684807
BSH3%UPI00080CB216,-0.015263944,-0.02305034,0.019406028,-0.027576067,0.003451007,0.0153651675,-0.0012964028,-0.01864448,0.011073206,0.022651032,-0.038577236,-0.055665,-0.015980193,0.026209898,0.03514225,-0.002350431,0.02379804,-0.025528187,-0.026680037,0.03323504,0.034012906,0.008528584,-0.013515759,-0.018055104,-0.005224006,0.018954394,0.018515427,0.028288985,0.013466485,0.033916682,-0.026722737,0.030282224,-0.021021143
BSH3%UPI00092A5378,0.026365995,0.03135208,-0.042039428,-0.027462795,0.021850204,-0.004544942,-0.017503208,0.0068465006,-0.047274794,-0.08975795,0.04647233,-0.027191836,0.013394949,-0.01312366,0.00784731,-0.02506297,-0.0430057,0.06236466,0.038845193,-0.020946654,-0.03128782,0.056717873,-0.05083982,-0.030831976,-0.0040591746,0.0076610027,0.046585526,0.02350113,0.09883029,-0.014629961,0.04634074,-0.050621513,0.033991262
BSH3%UPI0009648BEC,-0.0060038245,0.012448622,-0.02512833,-0.053420424,-0.027696637,0.026279384,0.014698266,-0.021087695,-0.0011458402,0.0019270375,0.0017014471,0.0013036942,0.036668885,-0.014681905,-0.01144753,-0.006933561,0.025678935,-0.0002899412,0.008025456,-0.05134967,-0.009503872,-0.05462275,0.061690144,0.04539106,0.10239905,-0.039845195,-0.009181959,-0.0423928,0.0041141678,-0.019852247,-0.002752332,-0.030097324,0.016486121
BSH3%UPI000CF406F5,0.076475374,0.078974955,-0.027469106,0.035154145,-0.05095405,-0.065036274,-0.06191916,-0.0355019,-0.035169125,-0.011753488,0.021566419,0.019239292,0.067830265,-0.042845026,-0.029285168,-0.059704,-0.037949964,-0.004644833,0.043517124,0.007773048,-0.044529203,-0.0045195236,0.03820784,0.00798009,0.04800926,-0.068521425,-0.06933229,-0.03394079,0.024088556,-0.030159118,0.029736508,0.0017404025,0.06474463
BSH3%UPI000E3F1C35,-0.0008354101,-0.011277721,-0.008939248,-0.008637337,0.00932449,0.041898392,0.012655694,0.039475728,0.020160101,0.024057493,-0.009805126,-0.028113265,-0.075999945,0.007142736,-0.018211458,-0.0023513376,-0.0050286,0.03686206,-0.01189376,0.023500143,0.03521829,0.029113661,-0.002539314,-0.05802315,-0.093610056,0.012574889,0.008328361,0.038098536,0.06226005,0.015095728,0.0134211825,-0.012766317,-0.007322129
BSH3%UPI000E5302B4,0.012126822,0.0072638094,-0.05815817,0.06269645,0.013871346,0.02159373,-0.0073455386,0.028475486,-0.051005583,-0.06034893,0.0045911158,-0.005145662,0.033175394,-0.062591314,0.0322274,-0.025030596,-0.043484103,0.024912903,0.005122002,0.0090314485,-0.005276527,0.029778853,-0.030811625,0.019065494,0.012092535,0.008457876,-0.014027332,0.03765161,0.054762002,0.019812278,0.024303302,-0.047283508,0.0058089565
BSH3%UPI000E902C94,0.02050215,0.030280698,-0.024025137,-0.044352785,-0.017188732,-0.096898586,-0.047375783,-0.0069531742,0.0039026805,-0.0033848477,0.04449129,0.06518896,-0.0034756332,0.05233944,-0.051345933,-0.057362698,-0.06855907,-0.0036731837,0.04480061,-0.029964002,-0.034996975,-0.0028520687,0.06903331,0.053086463,0.062390994,-0.03270229,-0.041619267,-0.06685087,0.0015724816,-0.05277964,-0.0010228558,0.046078682,0.026961558
BSH3%UPI000ED2B3A0,0.006026451,0.024090718,0.0077199317,-0.014312043,-0.036784872,-0.002801736,0.008768228,-0.021632563,-0.0042831483,0.019694313,0.011492606,0.009995933,0.005202716,0.0057417704,-0.027452843,-0.014008489,0.0642664,-0.0004814693,0.018117128,-0.022201657,0.03584136,0.030122146,-0.020423219,-0.06029973,-0.051289666,0.0015778808,0.068043105,-0.006300931,0.009908722,-0.005175037,-0.00016617104,-0.049999885,0.020574
BSH3%UPI000EF23C17,-0.0026601157,0.012723502,-0.042145316,0.03684986,0.003994875,0.055518866,0.070129655,0.133018,-0.06029257,-0.019433875,-0.0017462415,-0.09574059,-0.06645648,-0.063391745,-0.0040596444,0.04344709,0.046562012,0.11821142,-0.0049911127,0.025588052,-0.057764158,0.084501736,-0.10793971,-0.08034121,-0.08683153,0.036312923,0.104218096,-0.010430299,0.060518008,0.021953432,-0.04438655,0.016819647,0.018074788
BSH3%UPI000F9DAF5F,-0.02139706,-0.031060329,0.066095464,-0.0016113599,-0.023521302,-0.060502615,-0.05713418,0.0020832422,0.057089828,0.053410396,0.02495281,0.12302766,0.029622665,0.13000447,-0.04241954,-0.020173313,-0.04399438,-0.02499291,0.00067312503,-0.1402538,-0.09204762,-0.04246771,0.0924232,0.07159697,0.026195537,-0.039645616,-0.054323673,-0.05833885,-0.029787853,-0.039742026,0.0061495053,0.04631658,-0.027220879
BSH4%UPI0001653940,-0.11077451,-0.09678524,0.048178606,-0.02888259,0.17577986,0.06470385,0.17751707,-0.068566285,0.030874765,0.031850632,-0.08157151,-0.08888342,-0.06654041,-0.030022714,0.1603359,0.17938673,0.15000628,-0.059257135,-0.07525622,0.04046896,0.04962223,-0.17259476,0.05401114,-0.06508395,-0.036586758,0.20404038,-0.061267808,0.10001128,-0.12380941,0.006206243,-0.12133446,0.015346429,-0.094371594
BSH4%UPI0001E65842,0.012766873,0.015000634,-0.035186157,0.056947924,-0.07637455,0.026880171,-0.010528083,0.044890016,-0.038079888,-0.0067740353,0.00057177636,0.047765676,0.07252402,0.027258083,-0.070083715,-0.005268408,-0.0075988956,0.063462235,0.005631447,-0.030221153,-0.071612835,0.062158216,0.020480027,0.054435145,0.034413442,-0.0783616,0.0024193847,-0.09205984,0.020709522,-0.077230446,-0.016332692,-0.014979252,0.022477735
BSH4%UPI0001FAB233,0.021743326,0.023988077,-0.040307317,0.016775785,-0.017994337,0.06956195,-0.06290884,0.03543895,-0.0030754528,0.01112525,0.061366457,0.05462594,0.020875163,-0.031198712,0.031663295,-0.07070702,-0.05555267,-0.0018022277,0.05233719,-0.072148725,-0.07362382,0.006084591,0.035251606,0.074352644,0.032706335,-0.04433695,0.0579903,-0.05565764,0.01442996,-0.078278705,-0.04965796,-0.03699575,0.023299811
BSH4%UPI00033C4A83,-0.017283514,-0.01756571,-0.031493783,0.016457168,-0.028537553,-0.0030908945,-0.013585044,0.016565364,-0.006742429,0.014024217,0.0044432865,0.018213535,-0.010971023,-0.022042751,0.020828636,0.0036431446,-0.006464768,0.027935905,-0.0014603224,-0.009578274,-0.024998024,0.018439572,0.003940047,0.044034056,0.0536759,-0.005919096,-0.0008925301,0.000934455,-0.0035343114,0.0059621013,-0.05946241,0.01687435,-0.019705802
BSH4%UPI00033DD6E6,-0.009617102,-0.016645214,0.01028584,0.042948745,-0.008206203,-0.065230705,-0.019026617,0.020031374,-0.014241955,-0.060145475,0.014298244,0.06724882,0.049321786,0.023027796,-0.010639268,-0.0082869055,-0.012136656,0.027385404,0.0029947027,-0.037816413,0.032894224,0.024318684,-0.0033923825,0.019562064,0.020763028,-0.014579982,0.010796531,-0.057068363,-0.0013773463,-0.017744206,-0.005699496,-0.0005981522,-0.012683013
BSH4%UPI000463D8BF,-0.010158533,-0.0065100994,0.0058980845,-0.015580744,0.011016419,-0.014606777,0.03767237,0.006798599,-0.0034784556,0.013883505,-0.020260539,-0.023248887,0.0034802326,0.016324507,0.041581634,0.040210687,0.019909456,-0.004795641,-0.028525678,-0.054928165,-0.04874887,-0.031165157,-0.014170723,0.022975056,0.032612268,0.014958458,-0.004712793,0.008571046,-0.017836686,0.020400297,-0.0027422616,0.016641764,-0.005618809
BSH4%UPI0006BEFACE,0.0154382,0.005366407,-0.035838798,0.058288228,-0.053520918,0.0017754384,-0.046478402,0.03284791,-0.048003107,-0.026160471,0.05053118,0.07706306,0.020413818,-0.030983198,-0.01650208,-0.035580944,-0.04173997,0.029118378,0.038707845,-0.06435219,-0.080839865,0.042664256,-0.0033817512,0.11832105,0.027845401,-0.045065228,0.044143658,-0.044939075,0.00084261893,-0.02100041,-0.019100761,0.0049376744,0.005700891
BSH4%UPI0006C4E127,0.063939765,0.08151377,-0.07450169,0.068241194,-0.07265691,0.0064770235,-0.062067088,0.030913169,-0.071434885,-0.035392817,0.036789294,0.056110848,0.07789895,-0.04551719,-0.06772371,-0.09067642,-0.049738616,0.024424968,0.0639967,-0.03558434,0.009001037,0.074744955,-0.036429543,0.011270238,0.074864954,-0.080802925,0.016541231,-0.090360716,0.07311134,-0.0594867,-0.006771295,-0.05308768,0.08481064
BSH4%UPI000822CCAE,0.0501028,0.056734607,-0.05870817,0.06716827,-0.09232311,-0.007439217,-0.02928582,0.07638198,-0.049361516,0.010762393,0.02534637,0.030533325,-0.0065094447,0.056140576,-0.1126148,-0.077926114,-0.069635555,0.07339533,0.04594604,-0.060544915,-0.060576085,0.0644303,0.020850597,0.023289358,0.06358843,-0.07616115,0.00017825248,-0.072455466,0.0674997,-0.06799524,0.014081705,-0.05857049,0.07615233
BSH4%UPI0008CBCA16,-0.05030615,-0.06569752,0.0678605,-0.0134125855,0.028545715,0.07307331,0.038220827,-0.003495652,0.045105968,0.029255116,-0.023876676,-0.026961857,-0.022450816,0.0009305993,0.035378437,0.05227104,0.057532366,-0.02832184,-0.04661026,0.035554007,0.047007527,-0.07338856,0.04028084,-0.0012016094,-0.076494314,0.033692375,-0.020969631,-0.048697766,-0.03572405,0.033399872,-0.0061210827,0.059769858,-0.06699213
BSH4%UPI000B374259,-0.010310832,0.0022237368,-0.043493357,0.009293917,-0.0003736257,-0.06230101,0.017256293,-0.015254246,-0.02280976,-0.040937405,0.0068721543,0.019121058,0.05236809,-0.006675007,0.013085911,0.0018089178,-0.02279044,0.0033689411,0.008691647,-0.003659587,0.009008913,-0.03926657,0.031451758,0.050213914,0.0793536,-0.0057274257,-0.039674323,0.026727334,-0.0064894827,0.0064517814,-0.055619024,-0.02678087,-0.0006898855
BSH4%UPI000D27EFA9,0.05044115,0.060147393,-0.09809644,0.114451215,-0.058760274,-0.005795858,-0.06173168,0.11638583,-0.059774887,-0.015356927,0.031919975,0.0102054225,-0.025864534,-0.034407955,-0.03493516,-0.05331619,-0.035286568,0.08143047,0.046376575,-0.055036698,-0.06551441,0.070706785,-0.0149074765,0.046289887,0.03804263,-0.041108795,0.051786713,-0.06255684,0.06278735,-0.051162906,-0.060297374,-0.027925903,0.046518646
BSH4%UPI000D7B199F,-0.026286762,-0.024286304,0.037172984,-0.023466067,0.08422904,0.0346082,0.07187613,-0.03715393,0.026970822,0.01748239,-0.06426881,-0.1082558,-0.077389725,0.0077722683,0.02662427,0.017171362,0.028575677,-0.07306883,-0.05156126,0.11748701,0.09647386,-0.012059864,0.014968433,-0.03685401,-0.010948148,0.049336173,-0.013526904,0.053890303,-0.038726337,0.047797117,0.015626933,-0.0266452,-0.028058443
BSH4%UPI000E447F2E,0.052691426,0.035565805,0.002286071,-0.027120674,-0.039547596,-0.014315306,-0.042315606,0.011926369,-0.022804894,-0.0065947347,0.05001121,0.04483845,-0.018999867,-0.031229112,-0.0655691,-0.009361282,-0.014963015,0.028531153,0.04231598,-0.07689964,-0.043040406,-0.011181536,0.0352049,0.09772831,0.06758743,-0.04552404,-0.03323646,-0.041366763,-0.018406354,-0.054009043,-0.007101485,0.0036057832,0.030053046
BSH4%UPI000E54B9B5,-0.023957008,-0.016346404,0.023090394,-0.0007693914,-0.064169385,-0.07309735,-0.060459055,0.044002242,0.037074342,0.048452683,0.035514478,0.06979204,0.017941644,0.090806395,-0.07139804,-0.014125265,-0.033300966,0.042970244,0.024982587,-0.09448766,-0.10447284,0.024662642,0.039638348,0.0976535,0.06612561,-0.08072147,0.020941895,-0.07474755,-0.02768221,-0.076264925,-0.0016876033,0.015877396,0.012249254
BaiA%QinJ_2012__T2D-016__bin_41_fa_BDDCEIPF_01842__3alpha-hydroxy_bile_acid-CoA-ester_3-dehydrogenase_2,0.018061845,0.028410168,-0.042934157,0.035093173,-0.037209585,0.10475231,-0.002146552,0.08103223,-0.06291032,-0.042901907,0.029933231,-0.030492995,-0.016920919,-0.103341706,-0.030093336,-0.012042549,-0.014461956,0.085509196,0.03692957,-0.051319238,-0.07093519,0.09034817,-0.07938154,0.007985261,0.037645385,-0.008887804,0.1472157,-0.003524559,0.051194612,-0.042149268,-0.0126512125,-0.026805408,0.032859467
BaiA%SRR3992974_bin_8_EOPEKEED_01051__3-oxoacyl-_acyl-carrier-protein__reductase_FabG,-0.016825877,-0.0144325625,0.033071533,-0.019157441,0.008284444,0.0105499495,0.010685303,-0.05064934,0.02906331,0.06990473,-0.014603867,0.009014348,0.0045292987,0.037358712,0.01395629,-0.015997503,-0.006727076,-0.047535934,-0.016392073,-0.026566302,-0.020672772,-0.072776414,0.054816842,0.022942405,0.034502458,0.022115203,-0.05191919,0.032168597,-0.072107226,0.03446846,0.0111752115,-0.016429408,-0.01666907
BaiA%SRR5558193_bin_68_NNEAJJHP_00384__3alpha-hydroxy_bile_acid-CoA-ester_3-dehydrogenase_2,0.0094930045,0.010276068,-0.048999224,0.04215988,0.015684579,-0.020274349,0.012339613,-0.0010656929,-0.016290937,-0.026314162,0.017438555,0.014450193,0.01474498,-0.02726052,0.024283025,-0.019267384,-0.007892308,-0.01766759,0.0145427575,-0.0032051571,0.02849486,0.01184212,-0.00067223335,0.0033893022,-0.017112404,-0.0014572702,0.032105356,-0.011879398,0.010211614,-0.0007959283,-0.017540324,-0.01514872,0.0010106235
BaiA%bai_cluster_2%midas_uncultured_Eubacterium_73696%uncultured_Eubacterium_73696|FMDW01000013_861,0.014284355,0.03174828,-0.026851509,0.10226925,-0.08482045,0.066540085,-0.052651506,0.061374556,-0.025988448,0.0029037548,0.035199687,0.075169735,0.06381795,0.0059484406,-0.058870748,-0.059482846,-0.050445084,0.050990306,0.04344058,-0.059562262,-0.054039467,0.050327744,0.015361689,0.042307477,0.03971181,-0.08427003,0.057941303,-0.08297563,0.014299477,-0.07673974,-0.028090691,-0.097291954,0.042930957
BaiA%bai_cluster_3%midas_Clostridium_hylemonae_61789%Clostridium_hylemonae_61789|NZ_GG657759_1098,0.005274143,0.019258244,-0.034209806,0.034096207,0.00010614077,0.0064410465,-0.040654603,0.010117415,-0.02550012,-0.023291314,0.035148725,0.03026577,0.01107616,-0.019269073,-0.030794697,-0.012408206,-0.013745456,0.012588957,0.03644011,-0.0268645,-0.01207768,-0.010360868,0.0017289105,0.03925149,0.06166599,0.005954152,0.014996743,-0.04898289,-0.024879508,-0.037375923,-0.015876595,-0.005114603,0.013443282
BaiB%CosteaPI_2017__SID713A038-11-90-0__bin_26_fa_FGHNBBEK_00429__Bile_acid-coenzyme_A_ligase,0.01927163,-0.011135417,0.026149947,-0.02561279,0.039024808,0.008347051,0.03746084,-0.027449343,-0.0067589544,-0.0054148836,-0.0301741,-0.06332223,-0.04289534,0.01845005,0.018282885,0.027437313,0.027638271,0.0053906185,-0.02412647,0.046477214,0.029124659,-0.020498354,-0.020273564,-0.067944296,-0.07009976,0.041720223,0.029518943,0.058437385,-0.02677306,0.030052226,0.052998252,0.0059176944,-0.0014638242
BaiB%LiJ_2014__V1_FI04__bin_94_fa_MJMNNJHI_01032__Bile_acid-coenzyme_A_ligase,-0.018851785,-0.0013770525,-0.05346084,-0.064740464,0.022320885,0.011406768,0.017330969,-0.0058280868,-0.01159148,-0.012579587,-0.009340356,-0.037446562,0.013155951,-0.03342371,0.017009461,0.026236814,0.031361032,0.0046848785,-0.008137395,0.04082537,0.048665605,0.027395811,-6.0191724e-05,-0.010022287,0.035993777,-0.0033138795,-0.051290106,0.013701464,0.031018341,0.0088917585,-0.031011961,-0.005263026,-0.0067787976
BaiB%MDY5565236_1_bile_acid--CoA_ligase_BaiB__Candidatus_Limivicinus_sp__,-0.011801299,-0.0125519205,0.0227113,-0.00418664,0.00414174,0.02804712,0.02293117,-0.0501344,0.024262661,0.044302154,-0.0057971943,-0.027150204,-0.051210936,0.0053631915,-0.019742502,0.0010907056,0.0057599796,-0.007934953,-0.00887029,0.08513,0.078071296,0.023376383,-0.019552315,-0.02445576,-0.02979879,-6.166704e-05,0.01032678,-0.023976197,-0.010788684,0.0021406242,0.016940804,-0.013594348,-0.01011384
BaiB%SRR2992899_bin_23_LIJELFFN_00493__Bile_acid-coenzyme_A_ligase,-0.009042711,-0.007615843,-0.00032413856,-0.012678986,0.026533417,0.02535958,0.0154148685,-0.032427076,-0.0030512952,-0.004103099,-0.008599605,-0.020600699,-0.0048359935,0.027583074,0.011885767,0.009207594,0.015156413,-0.020411145,-0.0086648045,0.031529415,0.029368555,-0.02168071,0.004715108,-0.02838447,-0.01228198,0.026226118,-0.03863287,0.023035333,-0.0059484756,0.027030723,0.031720318,-0.036759384,-0.006959055
BaiB%WP_286151641_1_bile_acid--CoA_ligase_BaiB__Sporofaciens_musculi_,-0.021319576,-0.020774048,0.0044744145,0.007818845,0.016824132,-0.021033246,0.018209986,0.008958787,-0.0024187572,-0.029466493,-0.008247389,0.0152877895,0.018952653,0.036207527,0.0078859795,0.029982436,0.025641067,0.0025609978,-0.019616764,0.0481978,0.015435147,0.015138342,-0.019232037,0.021488436,-0.00519396,0.0100880815,-0.02530442,-0.049575195,-0.044152822,-0.01053512,-0.02427845,0.020158984,-0.020831054
BaiB%bai_cluster_10%midas_Lachnoclostridium_nov_76594%Lachnoclostridium_nov_76594|ERS138182_8080_1_84_3_3065,-0.009554532,0.004166621,-0.043301087,0.019787973,-0.023980321,0.0514494,-0.0039374153,0.019843962,-0.03658527,-0.030584572,0.03007779,0.030328566,-0.023616374,-0.03230004,-0.026513075,0.009533317,-0.025925295,0.059929796,0.029420352,-0.03115622,-0.03542497,0.027784934,-0.02155786,0.044034053,0.049682308,-0.005788878,0.062480077,-0.0044125747,0.009209238,-0.021641733,-0.044335365,-0.026053824,0.010406805
BaiB%bai_cluster_2%midas_uncultured_Eubacterium_73696%uncultured_Eubacterium_73696|FMDW01000013_871,0.014663604,0.026583519,-0.036094192,0.044737834,-0.034352075,0.07388198,0.003288463,0.014570317,-0.022952022,-0.036468502,0.022956772,0.017086761,0.015228349,-0.057392593,-0.036449354,0.0030007572,-0.0042496826,0.022679366,0.027428173,-0.0051598824,-0.038299758,0.021679454,-0.032325435,0.035976656,-0.0073920162,-0.016563658,0.048971348,-9.371981e-05,-0.00066792173,-0.023558205,-0.029960223,-0.0047564195,0.014996289
BaiCD%CosteaPI_2017__SID713A014-11-0-0__bin_55_fa_OLFEPFFO_00187__NADH_oxidase,-0.042415664,-0.042193428,0.01039793,-0.022900768,0.043066546,0.014994662,0.053780288,-0.058447037,0.0051026535,0.022793984,-0.029211733,-0.05772132,-0.038554914,-0.010580394,0.036607236,0.03777031,0.0478874,-0.03384037,-0.037114333,0.047773056,0.07359845,-0.003542496,0.004663636,-0.004756316,0.0007726694,0.04939526,0.017363379,0.028614003,-0.047233734,0.06194227,-0.018807834,0.0011890773,-0.04643497
BaiCD%HIT29267_1_FAD-dependent_oxidoreductase__Candidatus_Scatomorpha_stercoravium_,0.015338812,0.013323605,-0.01774512,0.0013906826,0.029091505,0.012193424,0.02252983,0.008447051,-0.020224554,-0.016163103,0.010523946,-0.02938751,-0.022279268,-0.04048183,0.015613257,0.0044168397,-0.0077520367,0.021464499,0.007998315,0.004299284,0.0211096,0.014123336,-0.040185142,-0.031015642,-0.04021274,0.02410193,0.018324185,0.04023598,0.019195138,0.024449073,-0.0031375713,-0.017906748,0.004192671
BaiCD%MCI8583944_1_FAD-dependent_oxidoreductase__Dorea_sp__,-0.041536268,-0.06375138,0.06576826,-0.032967176,0.01403555,-0.027489575,0.058784634,-0.0503018,0.04143749,0.025920814,-0.021084422,0.012405115,-0.02871081,0.07704177,0.0006472988,0.066259705,0.045335174,-0.03150089,-0.046572108,0.05944083,0.011911707,-0.03837798,-0.0012265387,-0.028695572,-0.05777083,0.04113999,-0.014474113,-0.00875991,-0.091950186,0.03671714,0.008855393,0.0939796,-0.05140079
BaiCD%MEI3381486_1_FAD-dependent_oxidoreductase__Dorea_sp__,0.050756708,0.06788133,-0.044943657,0.08112276,-0.06642987,-0.023163645,-0.08845056,0.064092286,-0.06223842,-0.0672413,0.052942105,0.05834362,0.08463777,-0.014250432,-0.06202386,-0.0957665,-0.06401196,0.051874246,0.07183713,-0.031694103,-0.0002923482,0.1089993,-0.055124313,0.0037173675,0.038528007,-0.07230516,0.04662349,-0.0888604,0.04346282,-0.055408295,-0.030510869,-0.036022857,0.07044507
BaiCD%RaymondF_2016__P21E7__bin_22_fa_DDJCLBHB_00368__NADH_oxidase,0.04108781,0.025550814,-0.027008737,0.024293294,-0.0008651627,0.030932683,-0.011497401,0.054198932,-0.0491387,-0.058744982,0.033209577,-0.0050036293,-0.026207335,-0.07854083,0.018735286,-0.010224435,-0.036005434,0.083190605,0.025922239,-0.01233478,-0.08007465,0.03573043,-0.057769317,0.0303869,-0.028690498,-0.01836258,0.062077057,0.03426996,0.05094508,-0.013324306,0.04853737,-0.052730285,0.032464113
BaiCD%XieH_2016__YSZC12003_35390__bin_5_fa_PIKIEFGP_00577__NADH_oxidase,-0.06491191,-0.0846764,0.06448568,-0.01527133,0.07986898,0.03801452,0.05495462,0.0070020175,0.05852938,0.03142681,-0.079419,-0.09551007,-0.061629586,0.1032687,0.08138647,0.07161339,0.06499385,-0.025818467,-0.08547947,0.043991912,0.004084394,-0.031490408,-0.046627812,-0.093132466,-0.07752561,0.08476577,0.027642205,0.062004697,0.036265682,0.02250595,0.034477845,0.052863408,-0.0724172
BaiCD%bai_cluster_1%midas_Clostridium_hiranonis_61655%Clostridium_hiranonis_61655|NZ_DS995354_290,0.0002418006,0.0080037,-0.027302606,0.031495623,-0.01643299,0.012075925,-0.039412033,0.027035816,-0.041707408,-0.028993217,0.024721613,0.03455398,0.020115012,-0.020172786,-0.002687437,-0.0404446,-0.015718326,0.027316453,0.030743787,-0.018301237,0.0082451515,0.08713204,-0.03015148,0.014798608,0.0066541433,-0.016201053,0.067330964,-0.025331113,0.015084906,-0.03500955,-0.023806127,-0.041314267,0.021797668
BaiCD%bai_cluster_10%midas_Lachnoclostridium_nov_76594%Lachnoclostridium_nov_76594|ERS138182_8080_1_84_3_3076,0.009088176,0.019420642,-0.051721334,0.017360954,-0.021257281,0.05485174,-0.028633397,0.029548954,-0.03527217,-0.03276704,0.03187649,0.036542032,0.018887222,-0.0073328507,-0.016779125,-0.022410579,-0.030233607,0.045729443,0.037692063,-0.04980867,-0.050612446,0.0044247224,-0.0029179053,0.060557637,0.04626997,-0.023124408,0.042114686,-0.022855744,0.010543261,-0.047397867,-0.03897456,-0.02677552,0.019649439
BaiCD%bai_cluster_11%midas_Romboutsia_sp_25236%Romboutsia_sp_25236|FJTZ01000011_2937,-0.098399766,-0.08048882,0.04612172,-0.008240092,-0.05265052,0.04190305,-0.032138556,-0.061764177,0.0970063,0.092332475,-0.076387115,-0.03388288,-0.042330008,0.010467662,0.0382473,0.037858915,-0.008464346,-0.06586451,-0.060790822,0.05223491,0.015653461,-0.04078301,0.08230196,0.021993004,0.047704104,-0.00059196283,0.03147364,0.09213672,0.021656323,0.05959451,-0.015947664,0.01231237,-0.062647104
BaiE%FengQ_2015__SID531416__bin_49_fa_CEDOFBAM_00064__Bile_acid_7-alpha_dehydratase,0.015885394,0.01385811,-0.050171703,0.04829848,-0.022757439,-0.0047716666,0.013380376,-0.0049167383,-0.020459093,-0.024632737,0.0013209252,0.038552076,-0.00047121034,-0.0217577,-0.0468843,-0.00845889,-0.036498062,0.011657728,0.0089311395,0.017488264,0.01720166,0.024555469,-0.011550836,0.018359218,-0.006757289,0.0025398468,0.01245597,0.031235749,0.016166238,-0.0022763645,-0.049251847,0.011752268,0.0040383358
BaiE%LiJ_2017__H3M515915__bin_8_fa_COLEEGFP_01274__Bile_acid_7-alpha_dehydratase,0.00019102964,0.0011753486,0.00840316,-0.021928499,-0.0032847463,0.008895287,0.0015693014,-0.03275158,0.0029812462,0.013980572,0.0029647895,-0.02022677,0.0007391976,0.022626227,-0.005996329,-0.0023315088,-0.0005085188,0.0032976076,0.00084798754,-0.00056346593,0.015613918,-0.01243917,-0.0018057005,-0.025856085,-0.016124168,-0.0031141106,-0.0007669111,0.0119048115,0.0053372234,0.01676739,0.055341743,-0.020301735,0.007472654
BaiE%MCI8938768_1_nuclear_transport_factor_2_family_protein__Dorea_sp__,0.01872328,0.008029755,-0.027840216,0.014063903,0.015122042,-0.015995236,0.026453447,-0.0201276,-0.002923062,-0.01824299,0.0008333302,-0.007898573,0.0064180726,-0.01018888,0.013443009,-3.3116285e-05,-0.014846473,-0.013000233,-0.0018572765,0.028623914,0.0018490285,-0.023605656,-0.018688275,-0.0016338384,-0.045248136,0.012240453,0.0041410234,0.030242164,0.0030501578,0.030270724,0.01302225,0.015220928,-0.003170482
BaiE%bai_cluster_10%midas_Lachnoclostridium_nov_76594%Lachnoclostridium_nov_76594|ERS138182_8080_1_84_3_3079,-0.0043148,0.008088669,-0.038173925,0.024231993,0.0026386774,0.033699058,-0.010565095,0.010650907,-0.041405812,-0.034830105,0.0027349666,0.0022854083,0.006306503,-0.041999288,0.0007630038,0.0030813592,9.433387e-06,0.024852542,0.013065486,0.011419297,0.01599885,0.046287198,-0.048871484,-0.014033404,0.023214437,0.00881874,0.04462216,0.022699416,0.02387563,-0.024582343,-0.030703567,-0.0109770335,0.0111947
BaiE%bai_cluster_2%midas_uncultured_Eubacterium_73696%uncultured_Eubacterium_73696|FMDW01000013_166,-0.0066380035,0.009561883,-0.04485073,0.08118656,-0.028411463,0.055842336,-0.02174339,0.05783401,-0.043647785,-0.03439126,0.00245309,0.030265575,0.009191243,-0.019741105,-0.021184392,-0.028320678,-0.028244367,0.033263132,0.002740353,-0.009386403,-0.058984432,0.051784888,0.0044937287,0.093426906,0.0864537,-0.040107865,0.04843612,-0.044242825,0.010366684,-0.03129615,-0.06066319,-0.050324388,0.007995144
BaiE%fig|1950888_3_peg_203|__Bile_acid_7-alpha_dehydratase_(EC_4_2_1_106)_(BA7_alpha_dehydratase)_(Bile_acid-inducible_operon_protein_E)____Clostridiales_bacterium_UBA4701_|_1950888_3_,0.035062835,0.04555665,-0.086657666,0.059725065,-0.027609289,0.034793135,-0.04003886,0.027662344,-0.04789214,-0.05124843,0.012396088,0.024569685,0.03128478,-0.015222842,-0.018971616,-0.051601224,-0.035423666,0.014774615,0.027199559,-0.022202628,-0.060191557,0.04198368,-0.002652145,0.028927205,0.036362056,-0.02064807,0.05931052,-0.004138732,0.04087636,-0.014893375,-0.000990654,-0.06071431,0.040020213
BaiF%ERR688512_bin_36_KMFCMBJN_00514__Bile_acid-CoA_transferase,0.0037696178,0.007942497,-0.07475417,0.04698804,-0.043341853,0.013672883,-0.036603875,0.02172553,-0.052929826,-0.045525584,0.025736172,0.0615555,0.04907095,-0.0020869907,-0.0015801531,-0.030257445,-0.045427516,0.04683978,0.030630335,-0.028721878,-0.024174802,0.072890766,-0.020966768,0.017327722,0.05365013,-0.018359024,0.06499997,-0.020955276,0.03209576,-0.014648688,-0.08300271,-0.039287247,0.018103817
BaiF%KarlssonFH_2013__S54__bin_27_fa_BBGPADBL_00031__Bile_acid-CoA_transferase,0.019082269,0.01932863,0.013914639,0.014397378,0.016778322,0.061116137,-0.02482443,0.01612358,0.018022211,0.030121436,-0.0008200964,-0.020433709,0.0057626925,0.024997454,0.015899517,-0.010382834,-0.001841193,-0.030957587,0.0027221104,-0.004328179,-0.064526476,-0.04762273,0.020883305,-0.01873005,0.0004581158,-0.0016383708,-0.059438214,0.0016596413,0.009587168,-0.0049151643,0.023208687,-0.047448266,0.01511007
BaiF%LiJ_2014__MH0358__bin_56_fa_NPCPOAJM_00305__Bile_acid-CoA_transferase,0.06731986,0.08006378,-0.088545434,0.091440305,-0.03603684,0.01325021,-0.035010293,0.06509037,-0.07738947,-0.04940527,0.051470444,0.030333687,0.0514211,-0.062879995,-0.034639087,-0.052722238,-0.035595216,0.060180344,0.06582013,-0.04561625,-0.03766636,0.04191483,-0.06800165,0.008982253,0.02083922,-0.0337621,0.047206093,-0.07476133,0.029879332,-0.030558014,-0.021538762,-0.046405625,0.07107105
BaiF%LiJ_2014__V1_FI37__bin_39_fa_IHFOFLIJ_00762__L-carnitine_CoA-transferase,0.010223,0.012788903,-0.02054364,-0.017734965,0.034889102,-0.018656002,0.01299466,-0.031716213,-0.00558119,-0.004654443,-0.0003723176,-0.024447724,0.0072977175,-0.011437454,0.021168802,-0.010820027,-0.0033563096,-0.023181798,0.0019367094,-0.0009912672,-0.015564997,-0.038032793,0.004226157,0.0080021545,-0.0018218984,0.018763011,-0.0024653398,0.041103583,0.013304318,0.010120361,0.03321994,-0.009771954,0.007510843
BaiF%Obregon-TitoAJ_2015__NO11__bin_28_fa_ODBMCAMJ_01956__Bile_acid-CoA_transferase,-0.00015702711,0.003460826,0.050781555,-0.03810224,-0.025919804,0.04021886,-0.087249584,-0.035220787,0.014392685,0.024817055,0.035782278,0.01102617,0.010944993,-0.008183055,-0.039524984,-0.011440563,0.022336084,-0.029817874,0.017731044,-0.0040366845,0.011480243,0.011528641,-0.027204584,0.018791208,-0.007572176,-0.033944763,-0.002632077,-0.017853703,0.005145115,0.018682346,0.027409002,0.02779865,-0.009782732
BaiF%RaymondF_2016__P21E7__bin_22_fa_DDJCLBHB_00373__Bile_acid-CoA_transferase,0.019961141,0.011113717,0.008168203,0.016761543,-0.029547296,0.06446483,-0.0011329222,0.007213855,0.0045114183,0.009552707,0.01571881,-0.01698409,-0.0005201577,-0.014024466,0.019868758,-0.017797463,0.0014454164,-0.0020488305,0.014817931,-0.001058511,-0.0028854918,-0.028836172,-0.022595102,-0.021710796,-0.03721407,-0.02274751,0.05891226,-0.0014959462,-0.015747443,-0.0055867853,0.02108086,-0.001427469,0.012160881
BaiF%SRR4783510_bin_28_GHBMCCFK_00008__L-carnitine_CoA-transferase,0.0545365,0.06271274,-0.06918167,0.025121134,-0.049805373,0.004408747,-0.058260273,0.025290862,-0.04537628,-0.058181435,0.040320415,0.06524667,0.082176484,0.010126399,-0.04161049,-0.05092243,-0.05514799,0.030690288,0.049959388,-0.06397794,-0.049457062,0.00958715,0.014006662,0.01663846,0.035705686,-0.056553856,0.015527714,-0.046628453,0.04050805,-0.05011334,0.03808652,-0.06368338,0.06404218
BaiF%SRR5127813_bin_22_DKEDJIEF_00985__Bile_acid-CoA_transferase,-0.04928485,-0.047230445,0.028197138,-0.077701904,0.046363425,0.019995082,0.03134851,-0.050346073,0.033958577,0.07303957,-0.030045217,-0.063420415,-0.044218034,0.0121555505,0.032975387,0.03747196,0.059747554,-0.019727297,-0.040743288,0.028562386,0.060750276,-0.008753235,0.019948138,-0.04640285,-0.024000816,0.0409948,-0.0022735794,0.023149155,-0.031037472,0.03410004,0.004609415,0.036008943,-0.044389293
BaiF%VogtmannE_2016__MMRS44587603ST-27-0-0__bin_19_fa_ANDGAOCL_00015__Bile_acid-CoA_transferase,0.011955656,-0.0023892082,0.016935341,-0.021129794,0.019458832,-0.023704128,-0.017123973,-0.01092493,-0.00067982136,-0.02476136,-0.001459822,-0.018093314,-0.00777285,-0.04805126,0.019804573,-0.0150718065,-0.0087281205,-0.017462438,-0.0044460963,-0.010085345,0.006589896,0.017418772,0.0019119515,0.023342147,-0.003938114,0.015350753,0.052068535,0.021422891,-0.024742423,0.0019987894,0.043872014,0.033225078,-0.0023505157
BaiF%bai_cluster_17%midas_Proteocatella_sphenisci_59007%Proteocatella_sphenisci_59007|AUID01000012_911,-0.035465807,-0.032079488,0.051410124,-0.027008932,0.013556441,-0.06499103,0.016606057,-0.024032224,0.037375957,0.013863295,-0.018616196,-0.064733,-0.0116561465,0.017861191,-0.009912056,0.0046740687,0.021638127,-0.011173945,-0.013813517,0.0794087,0.06435395,0.010272789,-0.039414156,-0.07712361,-0.071237765,0.03946338,0.034928087,0.048026845,0.008735274,0.027811093,0.07784788,0.037256904,-0.025089964
BaiF%bai_cluster_2%midas_uncultured_Eubacterium_73696%uncultured_Eubacterium_73696|FMDW01000013_892,0.05930311,0.07906114,-0.09479469,0.05038971,-0.042009834,0.007913092,-0.05026277,0.023789864,-0.059911236,-0.05171476,0.03977804,0.050941583,0.076083854,-0.053015016,-0.04289208,-0.08400824,-0.060733978,0.02736556,0.062542334,-0.033270508,-0.014757998,0.03466611,-0.011866042,0.050133,0.052475058,-0.0443258,0.01636815,-0.038566757,0.035227325,-0.03780834,-0.013130536,-0.076145165,0.0676599
BaiF%bai_cluster_3%midas_Clostridium_hylemonae_61789%Dorea_sp_89094|KQ236743_10986,0.039394967,0.030338306,-0.05713017,0.030922474,-0.032743968,0.059656754,-0.028793992,0.06415347,-0.063033834,-0.044707302,0.05169486,0.021324165,-0.01526408,-0.06777076,-0.020871382,-0.04201918,-0.029825069,0.08071906,0.050319325,-0.021191433,-0.0021542914,0.11933481,-0.08670166,0.0052893036,-0.031991147,-0.021749614,0.10704852,-0.007335667,0.05314009,-0.024519177,-0.046266135,-0.045032244,0.031226387
BaiF%bai_cluster_3%midas_Clostridium_hylemonae_61789%Dorea_sp_89094|KQ236743_13110,0.019404192,0.035157926,-0.066020966,0.014361404,-0.033648256,0.0024351731,-0.034563564,0.040213995,-0.017856365,-0.018662475,0.023467073,0.048801325,0.036496755,0.013260907,-0.032244854,-0.025249844,-0.03004431,0.03370536,0.028697977,-0.075786255,-0.08569017,0.036216885,0.022307295,0.060197134,0.089699686,-0.030105984,0.01744905,-0.05412969,0.011366103,-0.052315284,-0.08597094,0.0013010255,0.019270431
BaiF%fig|1950825_3_peg_1464|__L-carnitine_dehydratase_(EC_4_2_1_89)____Clostridiales_bacterium_UBA1701_|_1950825_3_,0.037699338,0.038829673,-0.06704888,0.030092536,-0.023134597,0.006471191,-0.053884853,0.0054467423,-0.0551346,-0.060015794,0.03720573,0.036285445,0.030431235,-0.04182776,-0.022535365,-0.05097566,-0.059420053,0.03428828,0.042587098,-0.010447963,-0.0146108065,0.047228325,-0.012234274,0.04148685,0.03766326,-0.025453292,0.022821765,0.0047993003,0.033807974,-0.045498185,0.046888385,-0.058356095,0.046342082
BaiG%LeChatelierE_2013__MH0251__bin_10_fa_BOBEKBFD_00006__Multidrug_resistance_protein_3,-0.0122929765,-0.002829277,-0.010969426,-0.0058358735,0.019344525,-0.0016083802,0.0019703154,-0.021684477,0.012319688,0.013791834,-0.004928225,-0.014218666,-0.00960277,-0.019629583,0.009119177,-0.007802465,0.00062117144,-0.026132355,-0.0055365795,0.007817799,-0.0100506,-0.013915513,0.039536983,0.042961303,0.031279597,0.00031528453,0.001763042,0.004466762,-0.00403502,0.0010889018,0.024179792,-0.041418042,-0.0017081964
BaiG%MBE6987074_1_MFS_transporter__Oscillospiraceae_bacterium_,-0.013594223,-0.04765158,0.037018113,-0.05281693,0.054410078,-0.08165287,0.053135514,-0.07205865,0.010466754,0.012840041,-0.024598159,-0.040046398,-0.02505203,0.01895061,0.043689266,0.065135606,0.026528304,-0.034646228,-0.035664663,0.027586035,0.04808523,-0.045904107,0.006558757,-0.05218645,-0.06060937,0.08634696,-0.031465117,0.08793865,-0.049027577,0.07683765,0.025679756,0.060096916,-0.0472504
BaiG%MBR4017991_1_MFS_transporter__Clostridia_bacterium_,-0.06894197,-0.029428199,0.022670235,0.031078745,-0.02110859,-0.0033117714,0.018560795,0.06788412,0.041844696,0.03767566,-0.006390612,-0.014788974,-0.039967217,0.04062188,-0.01025612,0.016163044,0.05249318,0.00852379,-0.029208194,0.014724247,0.004858468,0.065432645,0.022790086,-0.04501123,-0.04276024,-0.021368766,0.048265763,-0.017200047,0.01896207,0.019907618,-0.09229562,-0.033245556,-0.019095866
BaiG%MDY4488523_1_MFS_transporter__Candidatus_Limivicinus_sp__,0.063381664,0.06191879,-0.10620299,0.0697253,-0.06542988,0.026394527,-0.06961226,0.04583611,-0.046267968,-0.054491144,0.0413178,0.056618642,0.058537114,0.028905815,-0.045322943,-0.0761483,-0.083381504,0.039101683,0.049179133,-0.04440919,-0.06423741,0.026159195,0.0028124568,0.0324788,-0.013669903,-0.062276617,0.038843095,-0.039450064,0.07622052,-0.03678257,0.043332435,-0.049508866,0.05833359
BaiG%MEE1256339_1_MFS_transporter__Lachnospiraceae_bacterium_,-0.0094008325,-0.0037823156,-0.017028704,0.01130244,-0.0111726895,-0.04708786,-0.007296809,-0.03156146,-0.0114643965,-0.00040973828,0.0027660078,0.041564282,0.040674105,-0.014686707,-0.03418816,0.014982168,0.012636738,-0.01083663,0.013775507,-0.0108733205,0.026318867,-0.018995361,-0.0053005177,0.022975838,0.025547044,0.02196334,-0.011614893,0.0010271909,-0.012960043,-0.0030769205,-0.027346466,0.006684122,0.0008285098
BaiG%bai_cluster_10%midas_Lachnoclostridium_nov_76594%Lachnoclostridium_nov_76594|ERS138182_8080_1_84_3_3097,0.015233907,0.027578862,-0.07136186,0.0501478,-0.057027765,0.009512219,-0.04189369,0.02267324,-0.038963605,-0.035205588,0.03195631,0.068620004,0.059972253,0.0011304374,-0.027745202,-0.035753928,-0.0374526,0.0309675,0.04457387,-0.05949132,-0.04216461,0.03586913,0.0065215547,0.057132296,0.08838114,-0.042603634,0.0332378,-0.03887596,0.00021331132,-0.066217855,-0.059214577,-0.023975069,0.026725635
BaiH%ERR1018252_bin_5_JFGOJLKC_00141__NADH_oxidase,-0.04042651,-0.043837152,0.05270194,-0.003034918,0.0029730976,0.010878785,0.031317964,-0.03723768,0.038764227,0.027683659,-0.037027694,0.0052048983,-0.005304538,0.046400722,-0.0011301459,0.0020994972,0.032880194,-0.066815674,-0.04072707,0.04523146,0.06256036,-0.050819367,0.02847203,0.01764189,-0.0033749004,0.00762885,-0.009198047,0.026315505,-0.06329731,0.027858231,-0.030637221,0.033187427,-0.04484984
BaiH%LiJ_2014__MH0370__bin_37_fa_CDDPILMH_00099__NADH_oxidase,-0.00031819203,0.00021787752,0.00037399333,-0.040762022,0.04278483,-0.022012027,0.025190488,-0.064620964,0.014507904,0.0110816015,0.0019954052,-0.026983894,-0.009288786,-0.025285684,0.041916877,0.009679222,0.019222531,-0.044022918,0.003097247,0.039906804,0.08808871,-0.045537543,0.006541143,-0.016382188,-0.046270374,0.031093547,-0.027473234,0.021491138,-0.041555777,0.03788112,0.008896965,0.0015537096,-0.006349547
BaiH%MEE0204071_1_FAD-dependent_oxidoreductase__Oscillospiraceae_bacterium_,-0.03384708,0.0060248915,-0.052310836,0.040315412,-0.034017097,0.09987265,0.043123685,0.029809661,0.009519333,-0.0075229323,-0.08228589,-0.022533432,0.021728862,0.04912605,0.021226954,0.008003836,-0.002041636,0.006028216,-0.05259723,0.021368902,0.01143901,0.05188129,0.0042003286,-0.053094257,-0.074680895,-0.043671094,-0.016165184,0.06315089,0.1480248,0.020391284,0.0121486,-0.10178226,0.020025128
BaiH%MFR3389927_1_7-beta-dihydroxy-3-oxo-5-beta-cholanoyl-CoA_4-oxidoreductase_BaiH___Clostridium__scindens_,-0.003210978,-0.0027607782,-0.05318264,0.0029106117,-0.023940263,0.044066593,-0.025851721,0.007292465,-0.044964533,-0.03670705,0.025438987,0.04067271,0.001009359,-0.020648597,0.0026811347,-0.01565148,-0.042494275,0.029458312,0.021751449,-0.03426169,-0.021635832,0.0365826,-0.007775173,0.064618714,0.066069916,-0.008979639,0.043079697,-0.0073581175,0.010428131,-0.021259129,-0.01692927,-0.018657954,0.007346145
BaiH%Obregon-TitoAJ_2015__NO11__bin_28_fa_ODBMCAMJ_01962__NADH_oxidase,0.07930427,0.09599727,-0.12404605,0.13284658,-0.10294349,-0.012405113,-0.09183761,0.10874978,-0.09661124,-0.08246588,0.08153181,0.10586104,0.085721426,-0.009041991,-0.09005406,-0.09250791,-0.06885085,0.10160037,0.09873626,-0.08695626,-0.06536921,0.12993075,-0.040253267,0.033635102,0.01157918,-0.08816338,0.08034396,-0.12491738,0.07216761,-0.11609474,-0.019587165,-0.084675744,0.100291654
BaiH%SRR5558156_bin_44_CPDFCOML_01071__NADH_oxidase,0.032879546,0.047109794,-0.061276216,0.04096872,-0.02487308,-0.0029438513,-0.063570336,0.03140675,-0.051269345,-0.023225078,0.02991283,0.06575325,0.0824891,-0.002974105,-0.01598776,-0.07819991,-0.057714753,-0.005399438,0.04416372,-0.091806725,-0.04214658,0.009647335,0.0072356043,0.06061243,0.08288272,-0.023114987,0.028265037,-0.034562685,0.022231763,-0.04167924,-0.005295524,-0.073323354,0.046947654
BaiH%bai_cluster_1%midas_Clostridium_hiranonis_61655%Clostridium_hiranonis_61655|NZ_DS995354_308,0.0061284094,0.011263876,-0.020298565,0.026384948,-0.07077137,-0.02650829,-0.07279706,-0.014250712,-0.026373444,-0.0075111305,0.0316557,0.060987648,0.043279953,0.0074940687,-0.039278015,-0.031392578,-0.018118996,0.023348115,0.030212035,-0.020989258,0.027029999,0.062927954,-0.03397635,0.021550883,0.007706944,-0.058325075,0.035514176,-0.06953135,0.01606344,-0.006236738,-0.0043924735,0.031418577,0.023158502
BaiH%bai_cluster_11%midas_Romboutsia_sp_25236%Romboutsia_sp_25236|FJTZ01000011_310,-0.06463856,-0.039432164,0.014542062,0.015123662,-0.013587887,0.04903906,-0.043289393,0.028678684,0.041600943,0.050881177,-0.06752972,-0.041014574,0.02393054,-0.035305873,0.015764927,0.03566317,0.02055667,0.01635339,-0.046881318,-0.0049520493,-0.020971863,0.023921737,0.076639436,-0.02076979,0.08495367,-0.02998889,0.029049976,0.027933829,0.03586559,-0.037927736,-0.027598852,-0.028490808,-0.02255331
BaiH%bai_cluster_17%midas_Proteocatella_sphenisci_59007%Proteocatella_sphenisci_59007|AUID01000012_928,0.043267198,0.041614067,-0.10123371,0.048720695,-0.039218508,-0.053331766,-0.022721697,-0.017605806,-0.05326437,0.002104833,-0.0022651416,-0.0050179507,0.100585915,-0.03786078,0.00015859252,-0.042635497,0.017651891,-0.013152655,0.021574125,-0.013938298,-0.011136714,0.018700955,0.019487076,0.018468196,0.07626178,-0.033835992,-0.054750018,0.012127541,-0.031720456,0.01868054,-0.05006489,-0.009016675,0.04328329
BaiH%bai_cluster_2%midas_uncultured_Eubacterium_73696%uncultured_Eubacterium_73696|FMDW01000013_836,0.049793463,0.063161395,-0.03792604,0.0509085,-0.070402645,0.039593793,-0.032064058,0.05759661,-0.05599359,-0.03195588,0.05265117,0.057355843,0.057106446,-0.041723665,-0.04944767,-0.072935246,-0.05007334,0.059004616,0.0657701,-0.06381102,-0.071451105,0.05695801,-0.020588236,0.068264335,0.024084067,-0.08120509,0.04673629,-0.064310834,0.021979026,-0.066105984,-0.00409678,-0.07410779,0.06742134
BaiH%bai_cluster_3%midas_Clostridium_hylemonae_61789%Clostridium_hylemonae_61789|NZ_GG657759_22762,0.0071264077,0.013753239,-0.044996653,0.03997076,-0.053740997,0.055235896,-0.061913352,0.035188187,-0.050536286,-0.027572123,0.029402716,0.0287416,-0.010367635,-0.029847827,-0.049225945,-0.042434625,-0.04981805,0.04694296,0.033091236,-0.036019262,-0.03513141,0.064969346,-0.0083799185,0.0935465,0.06375772,-0.035081696,0.07576381,-0.04871077,0.032478232,-0.007508655,-0.025020462,-0.030286413,0.021722572
BaiI%LiJ_2014__V1_FI04__bin_94_fa_MJMNNJHI_00331__hypothetical_protein,-0.031506345,-0.02334432,0.0225276,-0.034055166,0.014886136,-0.0058443304,0.0010845783,-0.06315282,0.030520525,0.036408443,-0.015326673,-0.014336713,0.0059350836,0.040270682,-0.0027273693,-0.008947773,0.00846087,-0.04686713,-0.017526425,0.03455795,0.038543437,-0.010448587,0.039229445,0.00039100606,-0.0023545313,0.007985117,-0.042499866,0.01572013,0.008956411,0.02332218,0.031473696,-0.028297989,-0.019410975
BaiI%QinJ_2012__CON-070__bin_41_fa_AAAKDJOM_00400__hypothetical_protein,0.06043177,0.06487414,-0.06254721,0.013293331,-0.02295065,-0.021463022,-0.059118614,0.0073197,-0.030170761,-0.033909,0.038264833,0.04414286,0.06130299,-0.004490712,-0.016487358,-0.06866091,-0.057998076,0.017848354,0.051663257,-0.05670399,-0.043403387,0.0034057635,0.01275742,0.009549513,0.04226755,-0.03320683,-0.009288516,-0.016111335,0.031997394,-0.040739503,0.026241224,-0.052438866,0.05804645
BaiI%WP_279004450_1_nuclear_transport_factor_2_family_protein__partial___Clostridium__scindens_,-0.04464853,-0.046218168,0.011891203,-0.026313933,0.02528144,0.03805025,0.0369004,-0.022502346,-0.00745058,-0.014480379,-0.0060610534,-0.015472275,-0.07279148,-0.03938407,0.005897503,0.055520035,0.013753758,0.019830093,-0.017381884,0.017815493,0.018305717,0.012974,-0.017782928,0.005738584,-0.0024794342,0.049088523,0.05723894,0.05263332,-0.0048708376,0.024318608,-0.012249622,0.020093648,-0.033218488
BaiI%bai_cluster_2%midas_uncultured_Eubacterium_73696%uncultured_Eubacterium_73696|FMDW01000003_2059,0.0040664403,0.012795428,-0.015738934,0.048241604,-0.004734381,-0.026178626,-0.026289023,0.032548584,-0.027751826,-0.03481497,0.028783608,0.045310277,0.029900493,-0.026550222,0.006880897,-0.033801235,-0.05523921,0.031160593,0.02818575,-0.029928202,-0.04352946,0.06531062,-0.062888324,-0.0007750451,0.039231908,-0.013003062,0.034017418,0.008581877,0.027937174,-0.011764109,-0.03897536,-0.005458359,0.01676001
