Family,3oxoDCA,3oxoLCA,7oxoDCA,Ala_CA,Ala_CDCA,Ala_DCA,Arg_CA,Arg_DCA,Asn_CA,Asn_CDCA,Asn_DCA,Asp_CA,Asp_CDCA,Asp_DCA,CA,CDCA,DCA,GCA,GCDCA,GDCA,GLCA,GUDCA,Gln_CA,Gln_CDCA,Gln_UDCA,Glu_CA,Glu_CDCA,Glu_DCA,His_CA,His_CDCA,His_DCA,IleLeu_CA,LCA,Lys_CA,Lys_CDCA,Lys_DCA,Met_CA,Met_CDCA,Phe_CA,Phe_CDCA,Phe_DCA,TCA,TCDCA,TDCA,TLCA,TUDCA,Thr_CA,Thr_CDCA,Thr_DCA,Trp_CA,Trp_CDCA,Trp_DCA,Tyr_CA,Tyr_CDCA,Tyr_UDCA,UDCA,Val_CA,Val_CDCA,Val_DCA,isoCA_aMCA,isoDCA_isoCDCA,isoLCA,isoUDCA,isoalloLCA
12aHSDH%GENOME015584_936,-1.0,-1.0,1.0,1.0,-0.77822095,-1.0,1.0,-1.0,1.0,1.0,-0.53010166,1.0,1.0,-1.0,1.0,1.0,-1.0,1.0,1.0,-0.80337363,-1.0,1.0,1.0,-0.00998412,-0.42790172,1.0,1.0,-1.0,1.0,-0.7510622,-1.0,0.28851518,-1.0,1.0,-1.0,1.0,1.0,0.9053608,-0.54541457,-0.46663934,-1.0,1.0,1.0,-0.47235408,-0.92010796,1.0,1.0,1.0,-1.0,1.0,-0.26737827,-1.0,0.85814023,-0.79824185,-1.0,0.52609724,-0.99905217,1.0,-1.0,1.0,-1.0,-1.0,1.0,-1.0
12aHSDH%GENOME077010_272,-1.0,-1.0,1.0,1.0,1.0,-1.0,1.0,-1.0,1.0,1.0,1.0,1.0,1.0,-0.20615672,1.0,1.0,-1.0,1.0,1.0,-1.0,-1.0,1.0,1.0,1.0,-1.0,1.0,1.0,-1.0,1.0,1.0,-1.0,1.0,-1.0,1.0,-1.0,1.0,1.0,1.0,1.0,1.0,1.0,1.0,1.0,1.0,1.0,1.0,1.0,1.0,0.74546367,1.0,1.0,-1.0,1.0,1.0,1.0,1.0,1.0,1.0,-1.0,1.0,-1.0,-1.0,1.0,-1.0
12aHSDH%GENOME126416_2228,1.0,1.0,-1.0,-1.0,-1.0,1.0,-1.0,1.0,-1.0,-1.0,-1.0,-1.0,-1.0,-0.58281296,-1.0,-1.0,1.0,-0.5164203,-1.0,1.0,1.0,-1.0,-1.0,-1.0,0.5411098,-1.0,-1.0,0.88713807,-1.0,-1.0,-1.0,-1.0,1.0,-1.0,1.0,-1.0,-1.0,-1.0,-1.0,-1.0,-1.0,-1.0,-1.0,1.0,-0.66717327,-1.0,-1.0,-1.0,0.08450453,-1.0,-1.0,1.0,-1.0,-1.0,-1.0,-0.9028323,-1.0,-1.0,-0.24737637,-1.0,1.0,1.0,-1.0,1.0
12aHSDH%GENOME136792_1072,1.0,1.0,-0.4853194,-1.0,0.6794562,1.0,-1.0,-1.0,0.5098443,0.22859287,-0.40346563,0.017041553,-1.0,-0.5790654,-1.0,-0.5947927,0.965656,-1.0,-1.0,-1.0,1.0,-1.0,1.0,-0.75310105,1.0,0.6629539,-1.0,1.0,1.0,1.0,1.0,0.95120645,1.0,-1.0,-0.06971373,-1.0,-1.0,-1.0,1.0,1.0,1.0,-1.0,-1.0,-1.0,-0.34259593,-0.12618236,-1.0,-1.0,0.3881651,1.0,0.8926112,1.0,0.0197667,1.0,1.0,1.0,1.0,-1.0,1.0,-0.350446,1.0,1.0,1.0,1.0
12aHSDH%GENOME187328_883,1.0,-1.0,1.0,1.0,1.0,1.0,1.0,0.18131326,1.0,1.0,1.0,1.0,1.0,0.08980489,1.0,1.0,0.5686215,1.0,1.0,0.5006905,0.31249723,1.0,1.0,0.618972,1.0,1.0,1.0,0.46127006,1.0,1.0,1.0,1.0,-1.0,1.0,1.0,1.0,1.0,-0.031443153,1.0,1.0,1.0,1.0,1.0,1.0,1.0,1.0,1.0,1.0,1.0,1.0,1.0,1.0,1.0,1.0,0.92701846,1.0,1.0,1.0,0.8997204,1.0,0.66525227,-1.0,1.0,-1.0
12aHSDH%GENOME211747_1057,-1.0,-0.7874189,-1.0,-0.33123392,-1.0,0.5095418,-1.0,-1.0,-1.0,0.04270978,-0.40480724,-1.0,-0.50620216,1.0,-1.0,-1.0,-1.0,-1.0,-1.0,-1.0,1.0,-1.0,1.0,1.0,-1.0,-0.6064209,1.0,0.006556675,0.53772336,1.0,1.0,-0.11378816,-1.0,0.021224512,0.13220996,0.27691704,0.8557535,1.0,-1.0,1.0,1.0,-1.0,-1.0,-1.0,-1.0,1.0,-0.08299441,-1.0,-1.0,1.0,1.0,-1.0,0.5559799,1.0,1.0,-1.0,-0.6796571,-1.0,-0.47063693,-1.0,-1.0,-1.0,-1.0,1.0
12aHSDH%GENOME225739_454,1.0,-1.0,1.0,1.0,1.0,1.0,1.0,-0.38685197,1.0,1.0,1.0,1.0,1.0,-1.0,1.0,1.0,0.50451314,1.0,1.0,0.80720544,0.5831814,1.0,1.0,-0.1569751,1.0,1.0,0.9737295,-1.0,1.0,1.0,-0.6619469,1.0,-1.0,1.0,-0.9747804,1.0,1.0,-0.93660146,1.0,1.0,-0.411391,1.0,1.0,-0.32808378,-0.90179616,1.0,1.0,1.0,0.35581645,1.0,0.67236865,0.56489223,1.0,1.0,-0.040262777,1.0,0.23036484,1.0,-1.0,1.0,1.0,-1.0,1.0,-1.0
12aHSDH%MBE7001463_1_SDR_family_oxidoreductase__Oscillospiraceae_bacterium_,1.0,1.0,0.63062924,1.0,1.0,1.0,0.31675532,-1.0,1.0,1.0,1.0,1.0,-1.0,-1.0,0.9712205,1.0,1.0,-1.0,-1.0,1.0,1.0,-1.0,1.0,1.0,1.0,0.31221992,-0.24584624,0.012301215,-0.71272886,1.0,1.0,-0.65903604,1.0,-1.0,-0.086952165,-1.0,1.0,-1.0,0.103516296,1.0,0.71573216,-1.0,-1.0,-1.0,-1.0,-1.0,0.98281485,0.43692166,0.29520997,0.58141017,-1.0,1.0,-0.41444442,-0.38984016,-0.3168918,1.0,0.1570097,-1.0,-0.047953777,-1.0,1.0,1.0,0.37995175,1.0
12aHSDH%MBP3571641_1_SDR_family_oxidoreductase__Clostridia_bacterium_,0.15113328,-1.0,1.0,1.0,1.0,1.0,1.0,-0.14698787,1.0,1.0,0.5534073,1.0,1.0,-1.0,1.0,1.0,-0.9512224,1.0,1.0,0.5941368,0.7219664,1.0,1.0,0.205911,0.49281767,1.0,1.0,-0.91491246,0.20104526,1.0,-1.0,1.0,-1.0,1.0,-0.9576223,1.0,1.0,0.2856472,1.0,1.0,-1.0,1.0,1.0,0.31904233,0.0458708,1.0,1.0,1.0,-0.3556976,1.0,-0.03979543,-0.82824373,1.0,1.0,-0.18429579,1.0,0.092266634,1.0,-1.0,1.0,-0.73321676,-1.0,1.0,-0.07021294
12aHSDH%MBR0327374_1_SDR_family_oxidoreductase__Clostridia_bacterium_,-1.0,-1.0,-1.0,-1.0,-1.0,-1.0,-1.0,-1.0,-1.0,-1.0,-1.0,-1.0,-1.0,1.0,-1.0,-1.0,-1.0,-1.0,-1.0,-1.0,-1.0,-1.0,-1.0,-1.0,-1.0,-1.0,0.60822797,-0.67519665,-1.0,-1.0,-1.0,-1.0,-1.0,1.0,-1.0,1.0,1.0,1.0,-1.0,-1.0,-1.0,-1.0,-1.0,-1.0,-1.0,-0.5611677,-1.0,-1.0,-1.0,-1.0,-1.0,-1.0,-1.0,-1.0,-1.0,-1.0,-1.0,-1.0,-0.32081518,-1.0,-1.0,-1.0,-1.0,-0.31562388
12aHSDH%MBR6823493_1_SDR_family_oxidoreductase__Bacillota_bacterium_,-1.0,-1.0,-0.5051783,-0.18249069,-1.0,-1.0,0.97293645,-1.0,-0.44912106,-0.23484133,-0.23449238,0.5731032,1.0,0.7772668,-1.0,-1.0,-1.0,-1.0,-0.9644036,-1.0,-1.0,-0.04605695,0.29563555,-0.2942415,-1.0,1.0,1.0,-0.44177473,1.0,1.0,0.07000935,1.0,-1.0,1.0,-0.86871004,1.0,1.0,1.0,-1.0,0.5223367,-0.24737214,-0.43075234,0.7682414,-0.9595558,0.25344685,1.0,1.0,1.0,-0.4059397,0.36663866,1.0,-1.0,0.8901935,0.89098406,0.6443148,-1.0,0.28557488,1.0,0.6275829,-0.41950396,-1.0,-1.0,-1.0,-1.0
12aHSDH%WP_055231566_1_SDR_family_NAD(P)-dependent_oxidoreductase__Anaerostipes_hadrus_,-0.7615617,-1.0,1.0,1.0,1.0,0.3663817,1.0,-0.85275567,1.0,1.0,1.0,1.0,1.0,0.15818465,1.0,1.0,-1.0,1.0,1.0,0.4047632,-1.0,1.0,1.0,1.0,-0.07047203,1.0,1.0,-1.0,1.0,1.0,-1.0,1.0,-1.0,1.0,-0.7157697,1.0,1.0,1.0,1.0,1.0,1.0,1.0,1.0,1.0,1.0,1.0,1.0,1.0,1.0,1.0,1.0,-0.81918895,1.0,1.0,1.0,1.0,1.0,1.0,-1.0,1.0,-0.9794232,-1.0,1.0,-1.0
12aHSDH%WP_103229430_1_SDR_family_NAD(P)-dependent_oxidoreductase__Clostridium_sp__chh4-2_,1.0,-1.0,1.0,1.0,1.0,-0.041188095,1.0,-1.0,1.0,1.0,1.0,1.0,1.0,-1.0,1.0,1.0,-1.0,0.794974,1.0,-1.0,-1.0,1.0,1.0,-0.026987826,1.0,1.0,1.0,-1.0,1.0,1.0,-1.0,1.0,-1.0,0.61262465,-1.0,-0.3264526,1.0,-1.0,1.0,1.0,1.0,1.0,1.0,-1.0,-0.43850163,1.0,1.0,1.0,-1.0,1.0,1.0,0.05353842,1.0,1.0,1.0,1.0,1.0,1.0,-1.0,1.0,-0.09418814,-1.0,1.0,-1.0
12aHSDH%WP_130435990_1_SDR_family_NAD(P)-dependent_oxidoreductase__Cuneatibacter_caecimuris_,1.0,-1.0,1.0,-1.0,1.0,1.0,1.0,0.6256109,1.0,0.7891322,1.0,1.0,1.0,1.0,1.0,1.0,-0.5016625,0.55225825,1.0,-1.0,-0.7438031,1.0,-0.58992255,-1.0,0.97964865,1.0,-1.0,1.0,1.0,0.24405353,1.0,1.0,-1.0,1.0,0.609162,0.97201216,-1.0,1.0,1.0,1.0,1.0,1.0,1.0,1.0,1.0,1.0,1.0,-0.9953975,1.0,1.0,1.0,1.0,1.0,1.0,1.0,1.0,1.0,1.0,1.0,1.0,1.0,-1.0,1.0,-1.0
12aHSDH%WP_160708750_1_SDR_family_NAD(P)-dependent_oxidoreductase__Enterorhabdus_sp__P55_,0.8831755,-1.0,1.0,1.0,1.0,0.8907912,1.0,-1.0,1.0,1.0,1.0,1.0,1.0,-1.0,1.0,1.0,-1.0,1.0,1.0,-0.23045954,-1.0,1.0,1.0,1.0,0.88181025,1.0,1.0,-1.0,1.0,1.0,-1.0,1.0,-1.0,1.0,-1.0,1.0,1.0,1.0,1.0,1.0,-0.4258749,1.0,1.0,1.0,-0.21589501,1.0,1.0,1.0,0.442387,1.0,1.0,-0.13604125,1.0,1.0,0.24172725,1.0,1.0,1.0,-1.0,1.0,-1.0,-1.0,1.0,-1.0
12aHSDH%WP_161844252_1_SDR_family_NAD(P)-dependent_oxidoreductase__Pseudoflavonifractor_sp__524-17_,1.0,-0.54684734,1.0,-1.0,1.0,1.0,1.0,0.22689685,1.0,0.18587764,1.0,1.0,1.0,0.65406,1.0,0.442224,-0.41198593,-1.0,-0.8449432,-1.0,-0.9957778,0.21904796,-0.40900478,-1.0,1.0,1.0,-1.0,1.0,1.0,0.74076813,1.0,1.0,-0.92068315,0.70271176,0.7430773,-0.693053,-1.0,0.44600803,1.0,1.0,1.0,1.0,0.28554806,1.0,1.0,1.0,0.3102651,-1.0,1.0,1.0,1.0,0.48709098,1.0,1.0,1.0,0.870449,1.0,1.0,1.0,1.0,1.0,-1.0,1.0,-1.0
12aHSDH%WP_418471294_1_SDR_family_NAD(P)-dependent_oxidoreductase__Eggerthella_sp__,-1.0,-1.0,1.0,1.0,1.0,0.22037786,1.0,-1.0,1.0,1.0,1.0,1.0,1.0,-0.45893937,1.0,1.0,-1.0,1.0,1.0,-1.0,1.0,-0.13773763,1.0,1.0,-0.5626938,1.0,1.0,-0.80504817,1.0,1.0,-0.13114889,1.0,-1.0,1.0,-1.0,1.0,1.0,1.0,1.0,1.0,0.2575143,1.0,1.0,-1.0,-1.0,1.0,1.0,1.0,-1.0,1.0,0.71618223,-1.0,1.0,1.0,1.0,1.0,-0.16894437,0.39749944,-1.0,0.9977657,-1.0,-1.0,0.57516754,-0.48404554
12bHSDH%GENOME225741_180,-1.0,1.0,-1.0,-1.0,-1.0,-1.0,-1.0,0.62381715,-1.0,-1.0,-0.58237946,-1.0,-0.4745841,1.0,-1.0,-1.0,0.9579151,1.0,-0.7446962,0.63272005,-1.0,-1.0,-1.0,1.0,-1.0,-1.0,-0.6167759,-1.0,-1.0,-1.0,-1.0,-1.0,1.0,-0.89604455,-1.0,-1.0,1.0,1.0,-1.0,-1.0,-1.0,1.0,0.85576653,1.0,0.61810464,-1.0,-1.0,1.0,-0.62605125,-1.0,-1.0,-1.0,-1.0,-1.0,-1.0,-1.0,-1.0,-1.0,-0.67004347,-1.0,0.083396204,1.0,-1.0,-1.0
3aHSDH%3aHSDH%HJB56827_1_3-oxoacyl-ACP_reductase_FabG__Candidatus_Flavonifractor_intestinipullorum_,1.0,1.0,-1.0,-1.0,0.6567885,1.0,-1.0,1.0,-1.0,-1.0,0.15554333,-1.0,-1.0,1.0,-1.0,-1.0,1.0,-1.0,-1.0,1.0,1.0,-1.0,-1.0,-0.5414763,1.0,-1.0,-1.0,1.0,-1.0,-0.3734994,1.0,-1.0,1.0,-1.0,1.0,-1.0,-1.0,-1.0,-0.30464107,-0.36142537,1.0,-1.0,-1.0,0.9374286,1.0,-1.0,-1.0,-1.0,1.0,-1.0,-1.0,1.0,-1.0,-1.0,-1.0,1.0,-0.8677231,-1.0,1.0,-1.0,1.0,1.0,-1.0,1.0
3aHSDH%3aHSDH%MBO5160353_1_3-oxoacyl-ACP_reductase_FabG__Lachnospiraceae_bacterium_,1.0,-0.29914883,1.0,1.0,1.0,1.0,1.0,-1.0,1.0,1.0,1.0,1.0,1.0,-0.45375976,1.0,1.0,-0.20351043,-1.0,0.32450545,-0.43707436,1.0,0.026428394,1.0,0.09606054,1.0,1.0,0.7490264,0.663958,1.0,1.0,1.0,1.0,-1.0,-1.0,-0.7556973,-0.49909034,-0.3146472,-1.0,1.0,1.0,1.0,-0.21564366,-0.6318964,-1.0,-0.29227406,1.0,1.0,1.0,0.58522177,1.0,1.0,1.0,1.0,1.0,1.0,1.0,1.0,1.0,-0.779571,1.0,1.0,-0.38558328,1.0,1.0
3aHSDH%3aHSDH%MBQ7891058_1_3-oxoacyl-ACP_reductase_FabG__Erysipelotrichaceae_bacterium_,1.0,1.0,-1.0,-1.0,-1.0,1.0,-1.0,1.0,-1.0,-1.0,-1.0,-1.0,-1.0,1.0,-1.0,-1.0,1.0,-1.0,-1.0,1.0,1.0,-1.0,-1.0,-1.0,0.6883481,-1.0,-1.0,1.0,-1.0,-1.0,1.0,-1.0,1.0,-1.0,1.0,-1.0,-1.0,-1.0,-1.0,-1.0,0.59722805,-1.0,-1.0,-0.9871075,0.26106817,-1.0,-1.0,-1.0,0.54764366,-1.0,-1.0,1.0,-1.0,-1.0,-1.0,-1.0,-1.0,-1.0,1.0,-1.0,1.0,1.0,-1.0,1.0
3aHSDH%3aHSDH%MBR6526164_1_3-oxoacyl-ACP_reductase_FabG__Clostridia_bacterium_,0.16830976,-1.0,1.0,0.36955827,1.0,0.48821428,1.0,-1.0,1.0,1.0,1.0,1.0,1.0,-0.87065345,1.0,1.0,-1.0,-0.8602476,-0.34317204,-1.0,-1.0,0.6553177,1.0,-0.5131374,1.0,1.0,0.8271276,0.20037085,1.0,1.0,1.0,1.0,-1.0,1.0,-0.8615956,0.6547022,-0.5832821,-1.0,1.0,1.0,1.0,-0.052997727,-0.15616907,-0.26659554,1.0,1.0,1.0,0.72603756,0.22753532,1.0,1.0,1.0,1.0,1.0,1.0,0.989605,1.0,1.0,1.0,1.0,-0.8470239,-1.0,1.0,-1.0
3aHSDH%3aHSDH%MCI8514525_1_3-oxoacyl-ACP_reductase_FabG__Lachnospiraceae_bacterium_,-1.0,1.0,-1.0,-1.0,-1.0,-0.07064177,-1.0,1.0,-1.0,-1.0,-1.0,-1.0,-1.0,1.0,-1.0,-1.0,0.3927268,-1.0,-1.0,0.4407243,1.0,-1.0,-1.0,-0.39794555,-1.0,-1.0,-1.0,1.0,-1.0,-1.0,1.0,-1.0,1.0,-1.0,1.0,-1.0,-1.0,1.0,-1.0,-1.0,-1.0,-1.0,-1.0,-1.0,-0.27555904,-1.0,-1.0,-1.0,0.6541706,-1.0,-1.0,-1.0,-1.0,-1.0,-1.0,-1.0,-1.0,-1.0,1.0,-1.0,-0.8119674,1.0,-1.0,1.0
3aHSDH%3aHSDH%MCM1345206_1_3-oxoacyl-ACP_reductase_FabG__Muribaculaceae_bacterium_,-1.0,-1.0,1.0,1.0,1.0,1.0,1.0,-1.0,1.0,1.0,1.0,1.0,1.0,-0.55045784,1.0,1.0,-1.0,1.0,1.0,-1.0,-1.0,1.0,1.0,-1.0,-1.0,1.0,1.0,-1.0,1.0,1.0,-1.0,1.0,-1.0,1.0,-1.0,1.0,0.77901477,1.0,1.0,1.0,1.0,1.0,1.0,0.70438457,1.0,1.0,1.0,1.0,-0.41312748,1.0,1.0,-1.0,1.0,1.0,1.0,0.5798123,1.0,1.0,-1.0,1.0,-1.0,-1.0,1.0,-1.0
3aHSDH%3aHSDH%WP_062304377_1_SDR_family_NAD(P)-dependent_oxidoreductase__Sellimonas_intestinalis_,1.0,0.4224523,1.0,-1.0,1.0,1.0,-0.115234196,-0.16546349,0.8568687,0.6831844,1.0,1.0,0.9434767,0.16422659,0.8592609,-0.33389577,0.5364935,-0.9747724,-1.0,-0.3188995,-0.5535485,-1.0,0.21948056,0.48820743,1.0,1.0,0.17913005,1.0,1.0,-0.8138539,1.0,1.0,0.7511227,-0.243003,0.63595104,-0.18518811,-0.5483869,0.43314713,1.0,0.39184904,1.0,-0.68981135,-1.0,1.0,1.0,-0.28259513,0.07051126,-0.23547095,1.0,-0.07921641,1.0,1.0,1.0,1.0,0.602865,0.6627396,1.0,1.0,1.0,1.0,1.0,0.71327597,1.0,-1.0
3aHSDH%3aHSDH%WP_117582908_1_MULTISPECIES__SDR_family_NAD(P)-dependent_oxidoreductase__unclassified_Collinsella_,-1.0,1.0,0.4328908,0.5625496,-0.615635,-1.0,-1.0,-1.0,1.0,1.0,1.0,1.0,0.52654487,1.0,0.047571976,-0.9987023,0.23039207,-1.0,-1.0,-1.0,-0.7660888,-1.0,1.0,1.0,-0.38714296,1.0,1.0,0.45416564,1.0,1.0,1.0,1.0,1.0,-0.7646133,-0.6887823,-1.0,1.0,1.0,0.36213133,0.8609138,1.0,-1.0,-1.0,-1.0,0.68381983,-0.8341141,1.0,1.0,-0.29562232,-1.0,-1.0,-1.0,1.0,1.0,1.0,-1.0,0.5263304,-0.6833974,1.0,-1.0,-0.004613788,0.67682934,-1.0,-1.0
3aHSDH%3aHSDH%WP_226969791_1_SDR_family_oxidoreductase___Ruminococcus__lactaris_,-1.0,-1.0,1.0,0.46760648,-1.0,-1.0,1.0,-1.0,1.0,0.11963618,-1.0,1.0,1.0,-1.0,1.0,-0.34792283,-1.0,1.0,1.0,-1.0,-1.0,1.0,0.80358535,-0.44122234,-1.0,1.0,1.0,-1.0,1.0,0.38163346,-1.0,1.0,-1.0,1.0,-1.0,1.0,1.0,1.0,-1.0,-0.5189702,-1.0,1.0,1.0,-0.60925835,-0.1724117,1.0,1.0,0.75120395,-1.0,1.0,1.0,-1.0,1.0,0.5155415,1.0,-1.0,-1.0,0.68548524,-1.0,1.0,-1.0,-1.0,0.110734105,-1.0
3aHSDH%GENOME060426_131,1.0,-0.83292174,1.0,0.9290693,-0.70558774,1.0,1.0,-1.0,1.0,1.0,0.371852,1.0,-0.6316376,-1.0,1.0,1.0,-1.0,-1.0,-1.0,-1.0,0.60328555,-1.0,1.0,0.3711327,1.0,1.0,0.33894354,0.89825535,1.0,1.0,1.0,1.0,-1.0,1.0,-1.0,0.57596743,0.26652384,-0.90613157,1.0,1.0,1.0,-0.61283076,-1.0,-1.0,0.075951904,1.0,1.0,-0.60848844,-0.3659331,1.0,1.0,-0.06283817,1.0,1.0,1.0,1.0,1.0,-1.0,0.06536437,1.0,1.0,-0.22904174,1.0,1.0
3aHSDH%GENOME084620_3418,-1.0,-1.0,1.0,1.0,1.0,0.49821475,1.0,-0.29610962,1.0,1.0,1.0,1.0,1.0,1.0,1.0,1.0,-1.0,1.0,1.0,-0.9183128,-1.0,1.0,1.0,1.0,-0.038436342,1.0,1.0,0.8587635,1.0,1.0,0.24083687,1.0,-1.0,1.0,0.5299508,1.0,1.0,1.0,1.0,1.0,1.0,1.0,1.0,1.0,1.0,1.0,1.0,1.0,1.0,1.0,1.0,-0.36379984,1.0,1.0,1.0,0.31335512,1.0,1.0,1.0,1.0,-1.0,-1.0,1.0,-1.0
3aHSDH%GENOME084674_3322,-1.0,-1.0,1.0,0.9298254,0.46117285,-1.0,1.0,0.2946843,1.0,0.7125619,0.8753462,1.0,1.0,-0.21714109,1.0,1.0,-0.28410032,1.0,1.0,-0.6028496,-1.0,1.0,0.26349476,-0.29396594,-0.5990755,1.0,0.5061012,-0.9370707,1.0,-1.0,-1.0,1.0,-0.79275715,1.0,-0.5661516,1.0,1.0,1.0,0.64092267,-1.0,-1.0,1.0,1.0,1.0,0.46429628,0.4948791,1.0,1.0,0.67426765,0.11100502,0.8269299,-0.684285,1.0,-0.30611566,-1.0,-0.085649185,0.20651022,1.0,-0.029800573,1.0,-0.3256007,-1.0,1.0,-1.0
3aHSDH%MBQ9141038_1_SDR_family_oxidoreductase__Lachnospiraceae_bacterium_,-1.0,1.0,-1.0,-1.0,-1.0,-1.0,-1.0,1.0,-1.0,-1.0,-1.0,-1.0,-1.0,0.64508116,-1.0,-1.0,1.0,1.0,0.80509794,1.0,-0.051456686,-0.41380998,-1.0,-1.0,-1.0,-1.0,-1.0,0.22331458,-1.0,-1.0,-1.0,-1.0,1.0,-1.0,0.005303107,-1.0,-1.0,1.0,-1.0,-1.0,-1.0,0.3680688,0.7140442,1.0,0.68899924,-1.0,-1.0,-0.89151394,-0.11579213,-1.0,-1.0,-1.0,-1.0,-1.0,-1.0,-1.0,-1.0,-1.0,-0.8678679,-1.0,0.5387858,1.0,-1.0,1.0
3aHSDH%MCI7742844_1_SDR_family_oxidoreductase__Clostridiales_bacterium_,-1.0,-0.9237869,0.3440122,1.0,0.53887403,-0.49189934,0.040353708,-1.0,1.0,1.0,1.0,1.0,0.8302494,0.38346103,1.0,0.442163,-0.56402946,0.45912763,0.3439174,-0.1921311,-0.103747465,-1.0,1.0,1.0,-0.48376945,1.0,1.0,-0.31205156,0.8559979,1.0,0.5715406,0.61893696,0.035109315,0.24592094,-0.38344297,1.0,1.0,1.0,0.15258366,1.0,-0.42029336,0.27502787,0.36099994,0.042941205,0.640828,-0.77292,1.0,1.0,-0.32757407,-1.0,-0.45773336,-1.0,1.0,1.0,-0.16798918,-1.0,0.8167524,1.0,-0.887509,-1.0,-0.7211927,-0.63396174,-1.0,-0.43448278
3aHSDH%MCI8931631_1_SDR_family_oxidoreductase__Lachnospiraceae_bacterium_,1.0,1.0,-1.0,-0.9793852,0.3473631,-0.097082,-1.0,-1.0,0.9533374,0.804485,1.0,-0.116730444,-1.0,0.25520438,-1.0,-1.0,1.0,-1.0,-1.0,0.27600768,1.0,-1.0,1.0,1.0,1.0,-1.0,-1.0,0.25415105,-1.0,0.19656198,1.0,-1.0,1.0,-1.0,-0.5720432,-1.0,-0.18658076,-1.0,-0.6315688,-1.0,1.0,-1.0,-1.0,-0.2735933,0.9346158,-1.0,-1.0,-1.0,-0.055827267,-1.0,-1.0,-0.30710113,-1.0,-1.0,-0.4346666,0.22319119,1.0,-1.0,0.25994524,-1.0,1.0,1.0,-1.0,1.0
3aHSDH%MCM1266841_1_3-oxoacyl-ACP_reductase_FabG__Bacteroidales_bacterium_,1.0,1.0,-1.0,-1.0,-1.0,-1.0,-1.0,-0.66245526,-1.0,-1.0,-1.0,-1.0,-1.0,-0.2836957,-1.0,-1.0,1.0,-1.0,-1.0,1.0,-0.2806767,-1.0,-1.0,-1.0,-0.23349819,-1.0,-1.0,-0.08750555,-1.0,-1.0,-1.0,-1.0,1.0,-1.0,-0.5711445,-1.0,-0.11090117,-1.0,-1.0,-1.0,-1.0,-1.0,-1.0,0.6318432,-0.9680713,-1.0,-1.0,-0.93228984,-0.18847026,-1.0,-1.0,-1.0,-1.0,-1.0,-1.0,-0.846364,-0.84324694,-1.0,-0.84821856,-1.0,1.0,1.0,-1.0,1.0
3aHSDH%MCR4878926_1_SDR_family_NAD(P)-dependent_oxidoreductase__Bacteroidales_bacterium_,-1.0,-1.0,-1.0,-1.0,-1.0,-1.0,-1.0,-1.0,-1.0,-1.0,-1.0,-1.0,-1.0,1.0,-1.0,-1.0,-1.0,-1.0,-1.0,-1.0,-1.0,-1.0,-1.0,-1.0,-1.0,-1.0,-1.0,0.6141663,-1.0,-1.0,-1.0,-1.0,-1.0,0.31777397,-1.0,-0.6454691,-1.0,1.0,-1.0,-1.0,-1.0,-1.0,-1.0,-1.0,-0.44983855,-0.33462548,-1.0,-1.0,-1.0,-1.0,-1.0,-1.0,-1.0,-1.0,-1.0,-1.0,-1.0,-1.0,0.6990416,-1.0,-1.0,-0.68003744,-1.0,1.0
3aHSDH%MDE7008868_1_3-oxoacyl-ACP_reductase_FabG__Lachnospiraceae_bacterium_,-1.0,-1.0,1.0,-1.0,1.0,-1.0,1.0,0.0987835,0.26327324,-0.121370636,1.0,1.0,1.0,0.5602699,1.0,0.9955369,-1.0,1.0,1.0,-0.7291503,-1.0,1.0,-1.0,-1.0,-1.0,1.0,-0.47761264,1.0,1.0,-1.0,-1.0,1.0,-1.0,1.0,-1.0,1.0,-1.0,1.0,1.0,0.030673824,0.59749705,1.0,1.0,1.0,1.0,1.0,1.0,-0.6463592,0.54185265,1.0,1.0,-1.0,1.0,1.0,1.0,-1.0,1.0,1.0,1.0,1.0,-1.0,-1.0,1.0,-1.0
3aHSDH%MDE7282987_1_SDR_family_oxidoreductase__Lachnospiraceae_bacterium_,-1.0,1.0,-1.0,-1.0,-1.0,-1.0,-1.0,1.0,-1.0,-1.0,-1.0,-1.0,-1.0,0.372705,-1.0,-1.0,1.0,1.0,-1.0,1.0,-1.0,-1.0,-1.0,-1.0,-1.0,-1.0,-1.0,-0.49606663,-1.0,-1.0,-1.0,-1.0,1.0,-1.0,-0.5527078,-1.0,-1.0,1.0,-1.0,-1.0,-1.0,-0.86690676,-0.5534117,1.0,0.3962352,-1.0,-1.0,-1.0,-1.0,-1.0,-1.0,-1.0,-1.0,-1.0,-1.0,-1.0,-1.0,-1.0,-1.0,-1.0,0.984385,1.0,-1.0,1.0
3aHSDH%MDE7415347_1_SDR_family_oxidoreductase__Lachnospiraceae_bacterium_,-1.0,1.0,-1.0,-1.0,-1.0,1.0,-1.0,1.0,-1.0,-1.0,0.31250408,-1.0,-0.9788343,1.0,-1.0,-1.0,1.0,-1.0,-1.0,1.0,1.0,-1.0,-1.0,1.0,-1.0,-1.0,-0.79418755,1.0,-1.0,-1.0,-0.19494873,-1.0,1.0,-1.0,1.0,-1.0,-0.5662154,1.0,-1.0,-1.0,1.0,-1.0,-1.0,1.0,1.0,-1.0,-1.0,-1.0,1.0,-1.0,-1.0,-1.0,-1.0,-1.0,-0.7760671,-1.0,-1.0,-1.0,1.0,-1.0,1.0,1.0,-1.0,1.0
3aHSDH%NBI02399_1_3-oxoacyl-ACP_reductase_FabG__Lachnospiraceae_bacterium_,1.0,-1.0,1.0,1.0,1.0,0.3337393,1.0,-1.0,1.0,1.0,1.0,1.0,1.0,-1.0,1.0,1.0,-1.0,1.0,1.0,-1.0,-1.0,1.0,1.0,-0.009267698,1.0,1.0,1.0,-1.0,1.0,1.0,-1.0,1.0,-1.0,1.0,-1.0,1.0,1.0,-1.0,1.0,1.0,0.20357522,1.0,1.0,-1.0,-1.0,1.0,1.0,1.0,-0.85681003,1.0,1.0,1.0,1.0,1.0,1.0,1.0,1.0,1.0,-1.0,1.0,-0.02897861,-1.0,1.0,-1.0
3aHSDH%WP_044950032_1_SDR_family_NAD(P)-dependent_oxidoreductase__Mediterraneibacter_gnavus_,1.0,-1.0,1.0,1.0,1.0,1.0,1.0,-1.0,1.0,1.0,1.0,1.0,1.0,-1.0,1.0,1.0,-1.0,1.0,1.0,-1.0,-1.0,1.0,1.0,-0.6118292,1.0,1.0,1.0,-1.0,1.0,1.0,-1.0,1.0,-1.0,1.0,-1.0,1.0,1.0,-1.0,1.0,1.0,1.0,1.0,1.0,-1.0,-1.0,1.0,1.0,1.0,-0.7802723,1.0,1.0,0.7579165,1.0,1.0,1.0,1.0,1.0,1.0,-1.0,1.0,-1.0,-1.0,1.0,-1.0
3aHSDH%WP_104968339_1_3-oxoacyl-ACP_reductase__Streptococcus_pluranimalium_,-0.28267616,-1.0,0.7104341,1.0,1.0,1.0,0.70083696,-1.0,1.0,1.0,1.0,1.0,0.72835124,-0.96658576,0.4983955,1.0,-1.0,-0.58657235,-0.31317782,-1.0,0.315899,-0.45741534,1.0,-0.19147922,-0.32669857,1.0,1.0,-0.47780773,0.7871253,1.0,1.0,1.0,-1.0,-0.6833764,-0.6675182,-1.0,0.70119864,-1.0,1.0,1.0,0.78398633,-0.8526373,-0.41184112,-1.0,-1.0,0.7008331,0.84600246,1.0,-0.17888328,1.0,1.0,1.0,1.0,1.0,0.9197291,-0.26012194,1.0,0.44127077,-1.0,0.4784265,-0.86674625,-1.0,0.026238827,1.0
3aHSDH%WP_109137584_1_SDR_family_oxidoreductase__Bifidobacterium_catulorum_,1.0,0.7935176,1.0,1.0,1.0,0.08540141,0.52003574,1.0,0.9139736,0.6078681,1.0,0.4567354,0.85802335,-0.56406754,1.0,1.0,1.0,1.0,1.0,1.0,-0.57811105,1.0,-0.50796664,-0.5060715,0.8168805,-0.72454226,-0.37505403,-0.6754492,-1.0,-1.0,-1.0,-1.0,1.0,-1.0,0.9721437,-0.5005993,0.8274578,-0.03500695,-0.27772737,-1.0,-0.81652987,1.0,1.0,1.0,-0.1943825,-1.0,0.5563176,1.0,1.0,-1.0,-1.0,0.6553737,-1.0,-1.0,-1.0,1.0,-0.2953732,1.0,0.07019766,1.0,1.0,0.93059003,1.0,-1.0
3aHSDH%WP_117562420_1_SDR_family_NAD(P)-dependent_oxidoreductase__Enterocloster_aldenensis_,1.0,-1.0,1.0,1.0,1.0,0.66313344,1.0,-1.0,1.0,1.0,1.0,1.0,1.0,-1.0,1.0,1.0,-1.0,1.0,1.0,-1.0,-1.0,1.0,1.0,0.24689512,1.0,1.0,1.0,-1.0,1.0,1.0,-0.5463222,1.0,-1.0,1.0,-1.0,1.0,1.0,-0.8087822,1.0,1.0,1.0,1.0,1.0,-0.9740217,0.61240077,1.0,1.0,1.0,-0.7522779,1.0,1.0,-1.0,1.0,1.0,1.0,1.0,1.0,1.0,-1.0,1.0,-1.0,-1.0,1.0,-1.0
3aHSDH%WP_182279434_1_SDR_family_NAD(P)-dependent_oxidoreductase__Collinsella_intestinalis_,-1.0,-1.0,1.0,1.0,1.0,-1.0,1.0,-1.0,1.0,1.0,1.0,1.0,1.0,0.8155308,1.0,1.0,-1.0,1.0,1.0,-1.0,-1.0,0.6013473,1.0,1.0,-0.8776849,1.0,1.0,-0.70220935,1.0,1.0,0.26451182,1.0,-1.0,1.0,-1.0,1.0,1.0,1.0,1.0,1.0,1.0,1.0,1.0,0.21779251,1.0,1.0,1.0,1.0,0.28109792,1.0,1.0,-1.0,1.0,1.0,1.0,-0.3817795,1.0,1.0,-0.3975145,1.0,-1.0,-1.0,1.0,-1.0
3aHSDH%WP_377204125_1_MULTISPECIES__SDR_family_oxidoreductase__unclassified_Pseudarthrobacter_,0.6325334,-1.0,1.0,1.0,1.0,0.47544795,1.0,-0.5707626,1.0,1.0,1.0,1.0,1.0,-1.0,1.0,1.0,-1.0,1.0,1.0,-0.40532574,-1.0,1.0,1.0,-1.0,0.7466022,1.0,1.0,-1.0,1.0,0.24269812,-1.0,1.0,-1.0,1.0,-1.0,1.0,1.0,-0.21402912,1.0,1.0,0.14774269,1.0,1.0,1.0,0.76241904,1.0,1.0,1.0,0.082557276,1.0,1.0,0.52039,1.0,1.0,0.6911398,1.0,1.0,1.0,-1.0,1.0,-0.97787696,-1.0,1.0,-1.0
3aHSDH%WP_427737837_1_SDR_family_NAD(P)-dependent_oxidoreductase__Bariatricus_sp__SGI_154_,1.0,-0.25955203,1.0,-1.0,0.38497663,-0.50467527,-0.04357862,-1.0,1.0,0.6852466,0.19497165,1.0,-0.07576559,-1.0,0.11914171,-0.26196048,-0.8794787,-1.0,-1.0,-1.0,-1.0,-0.6793506,0.89352447,-0.6946424,1.0,1.0,-0.22656932,-0.62266034,1.0,1.0,-0.11747526,1.0,-1.0,-1.0,-1.0,-1.0,-1.0,-1.0,1.0,1.0,1.0,-0.2482248,-0.8580844,-0.74495524,-0.24115738,1.0,-0.078793526,-1.0,-0.98811054,0.5130261,1.0,0.015919149,1.0,1.0,1.0,1.0,1.0,0.16433811,0.61851126,1.0,1.0,0.11035996,1.0,-1.0
3bHSDH%GENOME124823_1686,1.0,0.5312039,1.0,1.0,1.0,1.0,1.0,-0.67868596,1.0,1.0,1.0,1.0,1.0,-1.0,1.0,1.0,1.0,0.39883184,1.0,0.815289,1.0,1.0,1.0,0.43387204,1.0,1.0,0.48808047,-0.13069606,1.0,1.0,1.0,1.0,-1.0,-0.101906285,1.0,1.0,-0.5005877,-1.0,1.0,1.0,1.0,0.6816445,0.86839753,-1.0,-1.0,1.0,1.0,1.0,1.0,1.0,1.0,1.0,1.0,1.0,1.0,1.0,1.0,1.0,-1.0,1.0,1.0,0.31473872,1.0,1.0
3bHSDH%MBS6646402_1_glucose_1-dehydrogenase__Clostridiaceae_bacterium_,1.0,-1.0,1.0,1.0,1.0,1.0,1.0,-1.0,1.0,1.0,0.4520859,1.0,1.0,-1.0,1.0,1.0,-1.0,-0.26928034,1.0,-1.0,-1.0,1.0,1.0,-1.0,0.9136681,1.0,1.0,-1.0,1.0,1.0,0.56299937,1.0,-1.0,1.0,-1.0,1.0,0.90061927,-1.0,1.0,1.0,1.0,1.0,1.0,-1.0,-0.459167,1.0,1.0,0.9747419,-1.0,1.0,1.0,0.6495051,1.0,1.0,1.0,1.0,1.0,1.0,-1.0,1.0,-1.0,-1.0,1.0,-1.0
3bHSDH%WP_100933575_1_SDR_family_NAD(P)-dependent_oxidoreductase___Clostridium__innocuum_,1.0,-1.0,1.0,1.0,1.0,-1.0,1.0,-1.0,1.0,1.0,1.0,1.0,1.0,-1.0,1.0,1.0,-1.0,1.0,1.0,-1.0,-1.0,1.0,1.0,-0.69094515,1.0,1.0,1.0,-1.0,1.0,1.0,-1.0,1.0,-1.0,1.0,-1.0,1.0,1.0,-1.0,1.0,1.0,0.7380013,1.0,1.0,-1.0,-1.0,1.0,1.0,1.0,-1.0,1.0,1.0,-1.0,1.0,1.0,1.0,1.0,1.0,1.0,-1.0,1.0,-1.0,-1.0,1.0,-1.0
5AR%GENOME006039_2690,-1.0,-0.5082584,1.0,-0.18998311,1.0,-1.0,1.0,1.0,-0.46169594,-0.20334865,1.0,0.37334773,1.0,1.0,1.0,1.0,-0.13847266,1.0,1.0,1.0,-1.0,1.0,-1.0,0.2948235,-1.0,1.0,0.70052814,0.6264122,0.82105917,-1.0,-0.97574925,1.0,0.13444823,1.0,0.76640946,1.0,0.6349092,1.0,1.0,-1.0,-0.29480785,1.0,1.0,1.0,1.0,1.0,0.82506835,1.0,0.530363,-0.29696333,1.0,-1.0,1.0,1.0,-0.0046801046,-0.88661253,-0.6633655,1.0,1.0,1.0,-0.67831576,-1.0,1.0,-1.0
5AR%GENOME012336_2253,1.0,1.0,-1.0,-1.0,-1.0,1.0,-1.0,1.0,-1.0,-1.0,-1.0,-1.0,-1.0,1.0,-1.0,-1.0,1.0,-1.0,-1.0,1.0,1.0,-1.0,-1.0,-1.0,1.0,-1.0,-1.0,1.0,-1.0,-0.62909734,1.0,-1.0,1.0,-1.0,1.0,-1.0,-1.0,-1.0,-1.0,-1.0,1.0,-1.0,-1.0,-1.0,-1.0,-1.0,-1.0,-1.0,1.0,-1.0,-1.0,1.0,-1.0,-1.0,-1.0,1.0,-1.0,-1.0,1.0,-1.0,1.0,1.0,-1.0,1.0
5AR%GENOME013886_753,1.0,-0.20061766,1.0,1.0,1.0,1.0,1.0,1.0,1.0,1.0,1.0,1.0,1.0,0.16664454,1.0,1.0,1.0,1.0,1.0,1.0,1.0,1.0,1.0,0.2664321,1.0,1.0,0.9547782,1.0,1.0,0.76805294,1.0,1.0,0.0641913,-0.0930676,1.0,1.0,1.0,-0.161162,1.0,1.0,1.0,1.0,1.0,1.0,0.15706833,0.18215074,1.0,1.0,1.0,1.0,1.0,1.0,1.0,1.0,-0.36260843,1.0,1.0,1.0,0.25830927,1.0,1.0,-0.1362918,1.0,-0.20946294
5AR%GENOME021742_2120,1.0,-0.19804658,0.28060788,1.0,1.0,-1.0,-0.2821362,-1.0,1.0,0.7763214,1.0,0.04247057,0.80118185,-1.0,0.6037817,0.7981068,1.0,1.0,1.0,1.0,-1.0,-0.5555732,0.5416828,0.18808687,0.14875102,-1.0,0.16145688,-1.0,-1.0,-1.0,-1.0,-1.0,0.86609834,-1.0,-1.0,-1.0,1.0,-0.74833065,-1.0,-1.0,-1.0,1.0,1.0,1.0,-1.0,-1.0,0.51938814,1.0,-0.17084858,-1.0,-1.0,-0.6777728,-1.0,-1.0,-1.0,0.104659714,-0.27244955,1.0,-1.0,-1.0,1.0,0.82161725,-1.0,0.5652924
5AR%GENOME078645_81,-1.0,1.0,-1.0,-1.0,-1.0,-1.0,-1.0,0.31582105,-1.0,-1.0,-1.0,-1.0,-1.0,0.48430368,-1.0,-1.0,0.8831175,-1.0,-1.0,1.0,0.22112134,-1.0,-1.0,0.5006398,-1.0,-1.0,-0.616365,-1.0,-1.0,-1.0,-1.0,-1.0,1.0,-1.0,0.016996758,-1.0,-0.2708063,-1.0,-1.0,-1.0,-1.0,-1.0,-1.0,-1.0,-1.0,-1.0,-1.0,-1.0,-1.0,-1.0,-1.0,-1.0,-1.0,-1.0,-1.0,-1.0,-1.0,-1.0,-1.0,-1.0,0.17109697,1.0,-1.0,1.0
5AR%GENOME084343_2181,-1.0,-0.60992724,-1.0,-0.34230044,-1.0,-1.0,-1.0,-1.0,-1.0,-1.0,-1.0,-1.0,-1.0,-0.8617136,-1.0,-1.0,-1.0,-1.0,-1.0,-1.0,-1.0,-1.0,-0.48379824,0.538422,-0.3940332,-1.0,1.0,-1.0,-1.0,0.71130484,-0.21270841,-1.0,-1.0,-0.7008739,-1.0,-0.47739497,1.0,-1.0,-1.0,-1.0,-1.0,-1.0,-1.0,-1.0,-1.0,-1.0,-1.0,-0.21740702,-1.0,-1.0,-1.0,-1.0,-1.0,-1.0,0.42275304,-1.0,-1.0,-1.0,-1.0,-1.0,-1.0,-0.4789968,-1.0,1.0
5AR%GENOME086572_2986,1.0,-1.0,1.0,-0.06840426,1.0,1.0,1.0,1.0,1.0,0.7143957,0.39843222,1.0,0.39468324,-0.77571607,1.0,1.0,1.0,1.0,1.0,-0.15847571,-0.2620222,1.0,0.35117233,-1.0,0.69813156,1.0,-0.7895457,0.70002234,1.0,0.63625926,1.0,1.0,-1.0,1.0,0.42472646,1.0,-1.0,-1.0,1.0,1.0,1.0,1.0,1.0,1.0,1.0,0.9977657,0.9404536,-1.0,0.73941183,1.0,1.0,1.0,1.0,1.0,1.0,1.0,1.0,1.0,1.0,1.0,0.85858434,-1.0,1.0,-1.0
5AR%GENOME107567_81,1.0,0.9440798,-0.2623165,0.22789624,0.7719069,0.63828737,-0.85920244,0.66776055,1.0,1.0,1.0,1.0,-0.4769468,-0.8745507,0.032454964,0.6534385,1.0,1.0,1.0,1.0,1.0,0.09229583,1.0,1.0,1.0,-0.11753822,0.13228434,0.2404795,-0.731355,0.61660296,0.6401697,-0.44145316,1.0,-1.0,-0.13751441,-1.0,0.13852748,-1.0,1.0,1.0,0.7624188,0.38455403,0.3414901,1.0,0.62629026,-0.46653467,-0.352067,-0.7812203,-0.03089176,-0.553065,-0.28834742,1.0,-0.10187166,0.64029527,-0.37257534,1.0,0.21677521,-0.24326763,-1.0,-0.60959,1.0,1.0,-0.1651248,1.0
5AR%GENOME140582_2251,1.0,0.10692529,1.0,1.0,1.0,-1.0,1.0,0.882518,1.0,1.0,1.0,0.605268,1.0,-0.4972272,1.0,1.0,1.0,1.0,1.0,1.0,-1.0,1.0,0.35940617,1.0,1.0,0.823366,1.0,-1.0,-0.35062915,-1.0,-1.0,0.54121464,1.0,-0.025472337,-0.8209348,-0.03017589,1.0,-1.0,1.0,-0.5839454,0.45561886,1.0,1.0,1.0,0.16514383,-0.6460776,1.0,1.0,0.29990742,-0.5939587,-0.27509773,0.4184112,0.99479187,0.49422866,0.30903685,1.0,0.806059,1.0,-0.523335,1.0,1.0,-0.035099186,1.0,-1.0
5AR%GENOME142018_414,-1.0,1.0,-1.0,-1.0,-1.0,-1.0,-1.0,1.0,-1.0,-1.0,-1.0,-1.0,-1.0,0.6261933,-1.0,-1.0,1.0,-1.0,-1.0,0.1569386,-1.0,-1.0,-1.0,-1.0,-1.0,-1.0,-1.0,0.5676635,-1.0,-1.0,0.53672606,-1.0,1.0,-1.0,1.0,-1.0,-1.0,1.0,-1.0,-1.0,-1.0,-1.0,-1.0,0.98550826,0.48671848,-1.0,-1.0,-1.0,0.33577317,-1.0,-1.0,-0.6918785,-1.0,-1.0,-1.0,-1.0,-1.0,-1.0,1.0,-1.0,0.27160484,1.0,-1.0,1.0
5AR%GENOME170052_106,1.0,1.0,-1.0,-1.0,-1.0,-0.29556262,-1.0,1.0,-1.0,-1.0,-1.0,-1.0,-1.0,1.0,-1.0,-1.0,1.0,-1.0,-1.0,1.0,1.0,-1.0,-1.0,0.18432859,-0.037323594,-1.0,-1.0,0.53906447,-1.0,-1.0,-0.29536158,-1.0,1.0,-1.0,1.0,-1.0,-1.0,-1.0,-1.0,-1.0,-1.0,-1.0,-1.0,-1.0,-1.0,-1.0,-1.0,-1.0,-0.9023073,-1.0,-1.0,0.42201632,-1.0,-1.0,-1.0,-1.0,-1.0,-1.0,1.0,-1.0,1.0,1.0,-1.0,1.0
5AR%GENOME179594_130,1.0,-1.0,1.0,1.0,1.0,1.0,1.0,-0.38394135,1.0,1.0,1.0,1.0,1.0,-0.5335983,1.0,1.0,1.0,1.0,1.0,1.0,-0.1553991,1.0,1.0,1.0,0.9535849,1.0,1.0,-1.0,1.0,1.0,-0.90908945,1.0,-1.0,1.0,-0.39796203,0.8238058,1.0,-0.9464672,1.0,1.0,0.28040832,1.0,1.0,1.0,-0.197413,1.0,1.0,1.0,0.6457215,1.0,1.0,1.0,1.0,1.0,0.10640489,1.0,1.0,1.0,-1.0,1.0,1.0,-1.0,1.0,-1.0
5AR%GENOME179896_434,-0.6997724,-1.0,1.0,1.0,1.0,1.0,1.0,-0.88503486,1.0,1.0,1.0,1.0,1.0,1.0,1.0,1.0,-1.0,1.0,1.0,-0.30072978,-1.0,1.0,1.0,1.0,1.0,1.0,1.0,-0.06883817,1.0,1.0,-0.005637801,1.0,-1.0,1.0,-0.04320632,1.0,1.0,1.0,1.0,1.0,1.0,1.0,1.0,1.0,1.0,1.0,1.0,1.0,1.0,1.0,1.0,0.7410049,1.0,1.0,1.0,1.0,1.0,1.0,-1.0,1.0,-1.0,-1.0,1.0,-1.0
5AR%HIU55603_1_DUF1295_domain-containing_protein__Candidatus_Gallibacteroides_avistercoris_,-1.0,-1.0,1.0,0.14662074,-0.46414927,-1.0,1.0,0.7352024,0.8847434,0.119484894,0.4843273,1.0,1.0,0.64968497,1.0,1.0,-0.5182886,1.0,1.0,0.5045339,-0.5495371,1.0,0.4803547,-0.44261768,-1.0,0.92280126,0.13953015,0.32467547,1.0,-0.5193855,-0.7569902,1.0,-0.71834236,1.0,0.21457773,1.0,-0.39398706,1.0,1.0,-0.7267595,-0.71039385,1.0,1.0,1.0,1.0,1.0,1.0,1.0,0.60318136,1.0,1.0,0.007829568,1.0,0.26194823,-0.84985185,-0.7147145,0.3802922,1.0,-0.34612933,1.0,-1.0,-1.0,0.5348806,-1.0
5AR%MBD5276024_1_DUF1295_domain-containing_protein__Bacteroides_sp__,1.0,0.692909,0.064307846,1.0,1.0,1.0,0.09688538,-1.0,1.0,1.0,1.0,0.57516557,-1.0,-0.9110329,0.043532595,1.0,1.0,-0.47294283,-0.5758932,-0.11253674,1.0,-0.8918538,1.0,1.0,1.0,0.10354554,1.0,-1.0,-1.0,1.0,1.0,-0.42543957,0.50839627,-1.0,-0.5934698,-1.0,1.0,-1.0,-0.3079866,1.0,-0.23096089,-0.87723535,-1.0,-1.0,-1.0,-0.6618473,1.0,0.62035465,-1.0,1.0,-1.0,1.0,0.84687173,1.0,1.0,1.0,0.4435782,-1.0,-1.0,-1.0,0.39678508,0.99680763,-1.0,1.0
5AR%MBP3601379_1_DUF1295_domain-containing_protein__Alistipes_sp__,1.0,1.0,-1.0,-1.0,-1.0,-0.22878061,-1.0,1.0,-1.0,-1.0,-1.0,-1.0,-1.0,-0.2873969,-1.0,-1.0,1.0,-1.0,-1.0,1.0,0.7890659,-1.0,-1.0,-1.0,0.69412136,-1.0,-1.0,0.8578116,-1.0,-1.0,0.954388,-1.0,1.0,-1.0,0.9248962,-1.0,-1.0,-1.0,-1.0,-1.0,-0.5291294,-1.0,-1.0,0.60257596,0.137727,-1.0,-1.0,-1.0,-0.26292118,-1.0,-1.0,1.0,-1.0,-1.0,-1.0,-0.18736249,-1.0,-1.0,1.0,-1.0,1.0,1.0,-1.0,1.0
5AR%MBQ1253485_1_DUF1295_domain-containing_protein__Alistipes_sp__,1.0,1.0,-0.60874695,1.0,0.8734737,-1.0,-1.0,1.0,1.0,0.8573923,1.0,-0.87763613,-0.9329448,-1.0,-0.2219377,1.0,1.0,1.0,1.0,1.0,-0.086206056,0.042521816,0.94870627,1.0,1.0,-1.0,-1.0,-1.0,-1.0,-1.0,-1.0,-1.0,1.0,-1.0,0.02234596,-1.0,0.7505192,-1.0,-1.0,-1.0,-1.0,0.3862656,-0.14925809,-0.4479324,-1.0,-1.0,-1.0,0.9708599,-0.6127968,-1.0,-1.0,1.0,-1.0,-1.0,-1.0,1.0,-1.0,-0.31109244,-1.0,-1.0,1.0,1.0,-0.5833437,1.0
5AR%MBR4740186_1_DUF1295_domain-containing_protein__Bacteroidales_bacterium_,-0.13664445,-1.0,1.0,1.0,1.0,1.0,1.0,-0.40984976,1.0,1.0,1.0,1.0,1.0,-0.081618555,1.0,1.0,-0.6117138,0.7670871,0.9058431,0.11188288,1.0,0.48736507,1.0,0.9816406,0.5951781,1.0,0.96184903,0.48623404,0.6385985,1.0,0.3349772,1.0,-0.8464989,0.42617136,-0.18903348,0.518511,1.0,0.73605597,1.0,1.0,1.0,0.8032992,0.42533508,-1.0,-0.122287154,1.0,1.0,0.7358321,0.538945,1.0,1.0,-1.0,1.0,1.0,1.0,0.51109874,0.5084591,0.88083357,-0.44741672,1.0,-0.58297366,-0.7990625,1.0,0.01102323
5AR%MCH5217706_1_DUF1295_domain-containing_protein__Muribaculaceae_bacterium_,0.14369985,1.0,-0.4168929,1.0,0.42278126,-0.56228733,-0.6089456,0.8077944,-0.71234894,-0.3335403,-0.10166263,-1.0,0.4131145,0.7830113,-0.34289536,0.67910916,1.0,1.0,1.0,1.0,0.73995763,1.0,-1.0,0.3390531,-0.39880458,-1.0,-0.5897234,-1.0,-1.0,-1.0,-1.0,-1.0,1.0,-1.0,0.74058414,-1.0,1.0,0.67610466,-1.0,-1.0,-1.0,1.0,1.0,0.92452884,-1.0,-1.0,-0.21783319,1.0,0.70761824,-1.0,-1.0,-0.6168135,-1.0,-1.0,-1.0,1.0,-1.0,0.5667066,-1.0,-1.0,1.0,1.0,-0.30123875,1.0
5AR%MCQ2341803_1_DUF1295_domain-containing_protein__Paludibacteraceae_bacterium_,-1.0,-1.0,-0.00049379905,1.0,-0.7196134,-1.0,0.05965795,-1.0,0.023021046,0.7061595,-0.20368814,-1.0,-0.6286489,-1.0,-0.3094347,0.21888687,-1.0,0.69577163,0.21252981,-1.0,-1.0,1.0,0.14053816,-0.06382429,-0.09966549,-0.34491065,0.15898344,-1.0,-1.0,-0.3329677,-1.0,-0.44171447,-1.0,-0.21709372,-1.0,-0.63119525,1.0,-0.25519207,-1.0,0.21495646,-1.0,0.8273664,0.93816787,-1.0,-1.0,1.0,0.27416924,0.12542,-1.0,0.058027457,-0.2295877,-1.0,-0.045551423,0.6442104,0.6809073,0.44213256,-0.038299076,1.0,-1.0,-1.0,-1.0,-0.91878366,-0.2390441,0.9835025
5AR%MCR5660240_1_DUF1295_domain-containing_protein__Bacteroidales_bacterium_,-1.0,1.0,-1.0,-1.0,-1.0,-1.0,-1.0,1.0,-1.0,-1.0,-1.0,-1.0,-1.0,1.0,-1.0,-1.0,1.0,-1.0,-1.0,0.0880902,-1.0,-1.0,-1.0,-1.0,-1.0,-1.0,-1.0,1.0,-1.0,-1.0,1.0,-1.0,1.0,-0.5545347,1.0,-0.73017526,-1.0,0.6182712,-1.0,-1.0,-0.8178953,-1.0,-1.0,1.0,1.0,-1.0,-1.0,-1.0,0.46522036,-1.0,-1.0,0.23126917,-1.0,-1.0,-1.0,-1.0,-1.0,-1.0,1.0,-1.0,0.46292883,1.0,-1.0,-0.057762258
5AR%WP_005657188_1_DUF1295_domain-containing_protein__Bacteroides_stercoris_,-1.0,0.07185179,-1.0,-1.0,-1.0,-1.0,-0.1554312,0.13436198,-0.6069562,-1.0,-0.6894555,1.0,-0.9444401,1.0,-1.0,-1.0,-0.52283895,1.0,0.13240248,-0.29880816,-0.6651171,-1.0,-0.22580834,0.122901894,-1.0,-0.7084256,-0.27563512,0.56456435,-0.12662162,-0.85864884,-0.09143868,-1.0,0.7756059,1.0,0.34592667,1.0,-0.6315419,1.0,-1.0,-1.0,-1.0,0.80539405,0.75757056,-0.023407755,-0.15497103,-0.55123603,-0.4193391,-1.0,-0.7320859,0.46455285,-0.7641883,-1.0,0.05144103,-1.0,-0.99429244,-1.0,-0.69625705,-1.0,-0.056244887,-1.0,-1.0,-0.113881126,-1.0,-1.0
5AR%WP_149192684_1_MULTISPECIES__DUF1295_domain-containing_protein__Bacteroidaceae_,-1.0,-1.0,1.0,1.0,0.2453949,-0.66621053,1.0,-1.0,1.0,1.0,0.5343856,-0.46424612,1.0,-1.0,1.0,1.0,-1.0,-0.1007448,0.7810194,-1.0,-0.79240227,1.0,1.0,0.12626457,-1.0,1.0,1.0,-1.0,1.0,1.0,-1.0,1.0,-1.0,1.0,-1.0,1.0,1.0,0.84559476,1.0,1.0,-0.4403407,1.0,1.0,-1.0,0.0011685827,1.0,1.0,0.32842875,-0.934866,1.0,1.0,-0.9058955,1.0,1.0,1.0,0.33209154,0.99582076,1.0,-1.0,1.0,-1.0,-1.0,1.0,-1.0
5AR%WP_300108487_1_DUF1295_domain-containing_protein__uncultured_Alistipes_sp__,-1.0,1.0,-1.0,-0.04693048,-1.0,-1.0,-1.0,0.14714399,-1.0,-1.0,-1.0,-1.0,-1.0,0.3587777,-1.0,-1.0,0.6199373,-0.30167103,-1.0,1.0,-0.48862755,-1.0,-1.0,1.0,-1.0,-1.0,0.4012252,-1.0,-1.0,-1.0,-1.0,-1.0,1.0,-1.0,-0.077060096,-1.0,1.0,-0.32209292,-1.0,-1.0,-1.0,-1.0,-1.0,-1.0,-1.0,-1.0,-1.0,-0.24432902,-1.0,-1.0,-1.0,-1.0,-1.0,-1.0,-1.0,-1.0,-1.0,-1.0,-1.0,-1.0,-0.76658124,1.0,-1.0,1.0
5AR%WP_302729833_1_DUF1295_domain-containing_protein__Bacteroides_sp__ET489_,1.0,1.0,-1.0,-1.0,-1.0,-1.0,-1.0,1.0,-1.0,-1.0,-1.0,-1.0,-1.0,-0.75515705,-1.0,-1.0,1.0,-1.0,-1.0,1.0,-1.0,-1.0,-1.0,-0.3291748,-0.73983485,-1.0,-1.0,0.22923669,-1.0,-1.0,1.0,-1.0,1.0,-1.0,1.0,-1.0,-1.0,-1.0,-1.0,-1.0,-1.0,-1.0,-1.0,1.0,0.5616367,-1.0,-1.0,-1.0,0.36008838,-1.0,-1.0,0.64917886,-1.0,-1.0,-1.0,-1.0,-1.0,-1.0,1.0,-1.0,1.0,1.0,-1.0,1.0
5AR%WP_346709278_1_DUF1295_domain-containing_protein__Phocaeicola_salanitronis_,-0.78713685,-0.49486315,1.0,-0.33485883,1.0,-1.0,1.0,1.0,-0.24523325,-0.018699119,1.0,0.7950861,1.0,1.0,1.0,1.0,0.039666016,1.0,1.0,1.0,-1.0,1.0,-1.0,0.6387009,-0.98813224,1.0,0.8114314,0.86229616,1.0,-1.0,-0.7797493,1.0,0.30406642,1.0,0.98493564,1.0,0.45679927,1.0,1.0,-1.0,0.20301335,1.0,1.0,1.0,1.0,1.0,1.0,1.0,0.55378306,0.063765496,1.0,-1.0,1.0,1.0,0.56115186,-0.46128547,-0.46832123,1.0,1.0,1.0,-0.41261125,-1.0,1.0,-1.0
5AR%WP_418203978_1_DUF1295_domain-containing_protein__Bacteroides_sp__,-1.0,-1.0,1.0,0.9499742,1.0,-0.97229713,1.0,1.0,1.0,1.0,1.0,1.0,1.0,1.0,1.0,1.0,-1.0,1.0,1.0,-0.7987536,-1.0,1.0,-0.72568786,0.49662417,-0.22648339,1.0,1.0,0.61624277,1.0,-0.96747,-0.34309718,1.0,-1.0,1.0,0.8018404,1.0,0.6415767,1.0,1.0,1.0,1.0,1.0,1.0,1.0,1.0,1.0,1.0,1.0,1.0,1.0,1.0,-0.4411631,1.0,1.0,1.0,0.78151625,1.0,1.0,1.0,1.0,-1.0,-1.0,1.0,-1.0
5BR%CAK7070565_1_MAG__NADPH_dehydrogenase__Parabacteroides_sp__,1.0,1.0,-1.0,-1.0,-1.0,-0.624667,-1.0,1.0,-1.0,-1.0,-1.0,-1.0,-1.0,-0.30209747,-1.0,-1.0,1.0,-1.0,-1.0,1.0,1.0,-1.0,-1.0,-0.31744167,1.0,-1.0,-1.0,-0.30589807,-1.0,-1.0,0.49514613,-1.0,1.0,-1.0,0.52686876,-1.0,-1.0,-1.0,-1.0,-1.0,-1.0,-1.0,-1.0,-1.0,-1.0,-1.0,-1.0,-1.0,-1.0,-1.0,-1.0,1.0,-1.0,-1.0,-1.0,0.33100128,-1.0,-1.0,0.5693133,-1.0,1.0,1.0,-1.0,1.0
5BR%GENOME006024_4796,1.0,-1.0,1.0,-0.36575043,1.0,1.0,1.0,1.0,0.0074123843,-0.1633064,0.39706612,1.0,1.0,-0.80355805,1.0,1.0,0.6331151,1.0,1.0,0.84085375,-1.0,1.0,-1.0,-1.0,0.88785297,1.0,-0.28389338,0.8885524,1.0,-1.0,0.31555477,1.0,-1.0,1.0,0.9779877,1.0,-1.0,-1.0,1.0,0.23812006,0.4369646,1.0,1.0,1.0,1.0,1.0,0.47730795,-0.23714915,0.35770407,1.0,1.0,1.0,1.0,1.0,0.21242617,1.0,0.45150498,1.0,1.0,1.0,1.0,-1.0,1.0,-1.0
5BR%GENOME006521_2122,-0.373028,-0.37421227,1.0,1.0,1.0,0.91052467,1.0,1.0,-0.1648477,0.25642744,0.7805307,0.14362098,1.0,1.0,1.0,1.0,0.81627965,1.0,1.0,1.0,0.71168786,1.0,-0.7055388,0.44347534,-0.77756196,-0.08255713,0.28209054,-0.22018325,-1.0,-1.0,-1.0,-0.1700451,0.5677575,1.0,1.0,1.0,1.0,1.0,0.3326141,-0.9644366,-1.0,1.0,1.0,1.0,0.014709866,1.0,0.8995777,1.0,1.0,0.69287497,-0.47544628,-0.500132,0.003968063,-0.3476057,-1.0,0.5960475,-1.0,1.0,-0.47342235,0.6674539,0.4163996,-0.20167275,0.77193844,-1.0
5BR%GENOME141824_1849,-1.0,-1.0,1.0,1.0,-0.5566688,-1.0,1.0,-1.0,1.0,1.0,-1.0,1.0,-0.5030606,-1.0,1.0,1.0,-1.0,-0.28842446,1.0,-1.0,-1.0,1.0,1.0,-1.0,-1.0,1.0,1.0,-1.0,1.0,1.0,0.037015192,1.0,-1.0,1.0,-1.0,1.0,1.0,-1.0,1.0,1.0,-1.0,0.90348125,1.0,-1.0,-1.0,1.0,1.0,-0.19920027,-1.0,1.0,1.0,-0.30167177,1.0,1.0,1.0,-1.0,1.0,1.0,-1.0,0.7379553,-1.0,-1.0,-0.57112175,-1.0
5BR%HIX74022_1_NADH_flavin_oxidoreductase__Candidatus_Parabacteroides_intestinipullorum_,-1.0,0.59331584,1.0,-1.0,0.57560694,-1.0,-0.10552094,1.0,-1.0,-1.0,1.0,-0.41312563,1.0,1.0,1.0,-0.3496803,0.73132133,1.0,1.0,1.0,-1.0,1.0,-1.0,-0.29364935,-1.0,1.0,-0.6207999,1.0,0.38727653,-1.0,-0.9236644,0.6134448,1.0,1.0,1.0,0.8725966,-1.0,1.0,0.96124226,-1.0,-0.14663328,1.0,1.0,1.0,1.0,1.0,-0.56469333,0.007598536,0.9056818,-1.0,1.0,-1.0,-0.14348951,-0.14084576,-0.35213217,-1.0,-0.99788743,1.0,1.0,1.0,0.30041218,-0.28302217,1.0,-1.0
5BR%MBO4402754_1_NADH_flavin_oxidoreductase__Bacteroidales_bacterium_,-1.0,-1.0,1.0,-0.80823946,0.5075706,0.47632745,1.0,0.42582068,-0.13928674,-0.4929323,-1.0,1.0,0.8052042,-0.49038732,1.0,1.0,-1.0,0.8965581,1.0,-1.0,-1.0,1.0,-0.6012544,-1.0,-1.0,1.0,0.31512332,-0.7029492,1.0,0.579191,-0.20252897,1.0,-1.0,1.0,-0.026275495,1.0,-1.0,1.0,1.0,1.0,0.60464394,1.0,1.0,1.0,1.0,1.0,1.0,-1.0,-0.03354923,1.0,1.0,0.622979,1.0,1.0,1.0,-1.0,1.0,1.0,-0.16665056,1.0,-1.0,-1.0,0.25903305,-1.0
5BR%MBO7234306_1_NADH_flavin_oxidoreductase__Paludibacteraceae_bacterium_,1.0,1.0,-1.0,-1.0,-1.0,1.0,-1.0,1.0,-1.0,-1.0,-1.0,-1.0,-1.0,1.0,-1.0,-1.0,1.0,-1.0,-1.0,1.0,1.0,-1.0,-1.0,-0.82496357,1.0,-1.0,-1.0,1.0,-1.0,-1.0,1.0,-1.0,1.0,-1.0,1.0,-1.0,-1.0,-1.0,-1.0,-1.0,0.72696936,-1.0,-1.0,-1.0,-1.0,-1.0,-1.0,-1.0,0.6296061,-1.0,-1.0,1.0,-1.0,-1.0,-1.0,0.8962216,-1.0,-1.0,1.0,-1.0,1.0,1.0,-1.0,1.0
5BR%MBO8446450_1_NADH_flavin_oxidoreductase__Candidatus_Enterocola_intestinipullorum_,1.0,-0.9368459,1.0,1.0,1.0,-1.0,1.0,0.79070276,1.0,1.0,0.7684574,1.0,0.8699609,-0.9317093,1.0,1.0,0.60925245,1.0,1.0,0.049488507,-1.0,1.0,1.0,-1.0,0.073773645,1.0,-0.25656274,-0.6023143,1.0,0.09751688,-0.28425476,1.0,-0.94894266,1.0,-0.55183905,0.8547631,-0.15999536,-0.8379413,1.0,0.92323667,-0.19849032,1.0,1.0,1.0,0.42252746,0.78174746,1.0,0.11453973,-0.12627612,1.0,1.0,1.0,1.0,1.0,0.0635469,0.8607134,1.0,1.0,-0.68068194,1.0,0.4223521,-1.0,1.0,-1.0
5BR%MBQ8101082_1_NADH_flavin_oxidoreductase__Paludibacteraceae_bacterium_,-1.0,-1.0,-0.7876273,0.78206027,-0.21191274,-0.22413072,-0.09302304,-1.0,1.0,1.0,0.584055,1.0,-0.31282115,0.4007072,-1.0,-0.9130585,-1.0,-1.0,-1.0,-1.0,-0.56930953,-1.0,1.0,1.0,-0.38153568,1.0,1.0,-0.45825502,1.0,1.0,1.0,1.0,-1.0,-0.025465388,-0.9635913,-0.2982896,1.0,0.5595116,-0.2093125,1.0,1.0,-1.0,-1.0,-1.0,-1.0,-0.15839891,1.0,0.75937355,-1.0,0.79450583,0.5567461,-0.4183827,1.0,1.0,1.0,-1.0,0.76618886,-0.7860976,-0.2676808,-1.0,-1.0,-1.0,-1.0,0.27463293
5BR%MCD8287651_1_NADH_flavin_oxidoreductase__Porphyromonadaceae_bacterium_,-1.0,-1.0,-1.0,-0.21760842,-1.0,-1.0,0.5558682,-0.7507491,0.2447034,-0.21156405,-0.6559506,1.0,-0.750733,0.9071966,-1.0,-1.0,-1.0,-0.7477547,-0.7618574,-1.0,-0.19011971,-1.0,1.0,0.78721535,-1.0,0.35830984,1.0,0.39849764,1.0,1.0,1.0,-0.39101586,-0.81391287,1.0,0.28839335,1.0,0.6804554,1.0,-1.0,-0.31450364,-1.0,-0.28268343,0.10585058,-1.0,-1.0,0.050612997,1.0,-0.12489086,-1.0,1.0,0.2418949,-0.9050094,0.9682595,0.16522509,0.5154663,-1.0,-1.0,-1.0,-0.72485703,-1.0,-1.0,-1.0,-1.0,-0.9465623
5BR%MCH5231198_1_NADH_flavin_oxidoreductase__Muribaculaceae_bacterium_,0.44052947,-1.0,1.0,1.0,1.0,0.45951483,1.0,-1.0,1.0,1.0,1.0,1.0,1.0,-1.0,1.0,1.0,-1.0,1.0,1.0,-0.91301596,-1.0,1.0,1.0,1.0,1.0,1.0,1.0,-1.0,1.0,1.0,0.01057083,1.0,-1.0,1.0,-1.0,1.0,1.0,0.21974927,1.0,1.0,0.7382461,1.0,1.0,0.7158101,0.3675272,1.0,1.0,1.0,0.22655465,1.0,1.0,0.05086824,1.0,1.0,1.0,1.0,1.0,1.0,-1.0,1.0,-1.0,-1.0,1.0,-1.0
5BR%MCQ2066925_1_NADH_flavin_oxidoreductase__Bacteroidaceae_bacterium_,-1.0,-1.0,-1.0,0.04617964,-1.0,-1.0,-1.0,-1.0,-1.0,-1.0,-1.0,-1.0,-1.0,-1.0,-1.0,-1.0,-1.0,-1.0,-1.0,-1.0,-1.0,-1.0,0.0331463,0.3630922,0.31678367,-1.0,1.0,-1.0,-0.5218252,1.0,0.38402218,-1.0,-1.0,-0.37285852,-1.0,0.055367824,0.8998946,-1.0,-1.0,-1.0,-1.0,-1.0,-1.0,-1.0,-1.0,-0.40181285,-0.7332073,-0.4306915,-1.0,-1.0,-1.0,-1.0,-1.0,-0.7860313,0.95452124,-1.0,-1.0,-1.0,-1.0,-1.0,-1.0,-0.7736902,-1.0,1.0
5BR%MCQ2271787_1_NADH_flavin_oxidoreductase__Bacteroidales_bacterium_,1.0,1.0,0.7770407,-1.0,0.487819,-1.0,0.5723039,1.0,-1.0,-1.0,-0.030840417,0.25500652,0.5690988,0.18912642,0.5897618,-0.066236295,1.0,1.0,1.0,0.9568728,-1.0,1.0,-1.0,-1.0,0.1595555,0.24289916,-1.0,0.8804324,0.5746404,-1.0,-0.07555026,0.73783404,0.9026602,0.87059075,0.8586563,0.018209696,-1.0,0.0060039097,1.0,-1.0,0.18858671,1.0,1.0,1.0,1.0,0.07398233,-1.0,-1.0,0.13603815,-0.6872821,1.0,0.9916039,0.15381725,-0.12031226,-0.54897916,0.15066111,0.030308649,1.0,1.0,1.0,1.0,-0.02642477,1.0,-1.0
5BR%MCR4591939_1_NADH_flavin_oxidoreductase__Bacteroidaceae_bacterium_,-1.0,-1.0,1.0,1.0,1.0,-1.0,1.0,-0.97592115,1.0,1.0,1.0,1.0,1.0,0.10742486,1.0,1.0,-1.0,1.0,1.0,-0.6680094,-1.0,1.0,1.0,1.0,-1.0,1.0,1.0,-1.0,1.0,-1.0,-1.0,1.0,-1.0,1.0,-1.0,1.0,1.0,1.0,1.0,0.70310915,-1.0,1.0,1.0,1.0,1.0,1.0,1.0,1.0,0.66554344,1.0,1.0,-1.0,1.0,1.0,0.13517572,0.68851435,0.68698865,1.0,-1.0,1.0,-1.0,-1.0,1.0,-1.0
5BR%MDD5892138_1_NADH_flavin_oxidoreductase__Bacteroidales_bacterium_,-0.10155975,1.0,-1.0,-1.0,-1.0,-1.0,-1.0,1.0,-1.0,-1.0,-1.0,-1.0,-1.0,0.5156445,-1.0,-1.0,1.0,0.37090605,-1.0,1.0,-1.0,-1.0,-1.0,0.05966833,-1.0,-1.0,-1.0,0.61849153,-1.0,-1.0,-1.0,-1.0,1.0,-1.0,1.0,-1.0,-1.0,1.0,-1.0,-1.0,-1.0,-1.0,-1.0,1.0,1.0,-1.0,-1.0,-1.0,0.959377,-1.0,-1.0,-1.0,-1.0,-1.0,-1.0,-1.0,-1.0,-1.0,1.0,-1.0,1.0,1.0,-1.0,-1.0
5BR%MEI7492181_1_NADH_flavin_oxidoreductase__Bacteroidota_bacterium_,1.0,1.0,-1.0,-1.0,-1.0,-0.89807266,-1.0,1.0,-1.0,-1.0,-1.0,-1.0,-1.0,-0.2713911,-1.0,-1.0,1.0,-1.0,-1.0,1.0,0.90492356,-1.0,-1.0,-0.3207808,0.9219921,-1.0,-1.0,-0.29458234,-1.0,-1.0,0.2685231,-1.0,1.0,-1.0,0.8531084,-1.0,-1.0,-1.0,-1.0,-1.0,-1.0,-1.0,-1.0,-1.0,-1.0,-1.0,-1.0,-1.0,0.17467332,-1.0,-1.0,-0.015164584,-1.0,-1.0,-1.0,-0.011508014,-1.0,-1.0,0.6318523,-1.0,1.0,1.0,-1.0,1.0
5BR%MEZ3591839_1_NADH_flavin_oxidoreductase__Muribaculaceae_bacterium_,0.21531971,-0.41296732,1.0,1.0,1.0,0.8541183,1.0,0.9386186,0.5752556,0.917102,0.72596383,-0.15680335,1.0,0.44976246,1.0,1.0,0.5509252,1.0,1.0,1.0,0.7813875,1.0,-0.17302312,0.23144053,0.070079476,-0.49356094,0.6666272,-1.0,-1.0,-1.0,-1.0,-1.0,-0.011497817,1.0,0.97408646,1.0,1.0,0.9530956,-0.85607517,-0.9010987,-1.0,1.0,1.0,1.0,-1.0,1.0,1.0,1.0,1.0,1.0,-1.0,0.00020348605,-0.37292057,-1.0,-1.0,1.0,-1.0,1.0,-1.0,1.0,0.3825756,-0.3964478,1.0,0.20317656
5BR%WP_149192683_1_MULTISPECIES__NADH_flavin_oxidoreductase__Bacteroidaceae_,-1.0,-1.0,1.0,1.0,-0.11134118,-1.0,1.0,-1.0,0.7133769,1.0,0.11005565,-1.0,1.0,-1.0,0.7647813,1.0,-1.0,-1.0,-0.7798265,-1.0,-1.0,1.0,0.82289,-0.2416159,-0.77966267,1.0,1.0,-1.0,1.0,1.0,-1.0,1.0,-1.0,1.0,-1.0,1.0,0.8486969,1.0,0.81912273,1.0,0.7396602,0.13635847,0.6635177,-1.0,-0.103150144,1.0,1.0,0.82120854,-1.0,1.0,1.0,-1.0,1.0,1.0,1.0,0.0982959,1.0,1.0,-0.6211351,1.0,-1.0,-1.0,1.0,-1.0
5BR%WP_259010233_1_NADH_flavin_oxidoreductase__Parabacteroides_distasonis_,-1.0,-1.0,1.0,0.9361156,-1.0,-1.0,1.0,-0.961734,0.5105855,0.2942517,-0.9583866,0.17392118,0.69117105,-1.0,0.6028149,0.44095466,-1.0,-0.06465086,0.32343554,-1.0,-1.0,0.8452647,0.30548933,-0.5512082,-0.78832865,0.8447977,1.0,-1.0,1.0,1.0,-0.090575114,1.0,-1.0,1.0,-1.0,1.0,0.3805836,0.14910688,-0.17810515,0.6437498,-0.5952664,0.8036017,1.0,-0.91966474,-0.010974033,1.0,1.0,0.17295039,-1.0,1.0,1.0,-0.10131722,1.0,1.0,1.0,-0.78050405,0.622301,0.7086636,-0.66814333,0.66994935,-1.0,-1.0,0.85650575,-1.0
5BR%WP_279088787_1_NADH_flavin_oxidoreductase__Alistipes_putredinis_,1.0,1.0,-1.0,-1.0,-1.0,-0.21074842,-1.0,1.0,-1.0,-1.0,-1.0,-1.0,-1.0,1.0,-1.0,-1.0,1.0,-1.0,-1.0,1.0,1.0,-1.0,-1.0,0.69491494,0.15988736,-1.0,-1.0,-0.29745826,-1.0,-1.0,-1.0,-1.0,1.0,-1.0,1.0,-1.0,-1.0,-1.0,-1.0,-1.0,-1.0,-1.0,-1.0,-1.0,-1.0,-1.0,-1.0,-1.0,-0.24674381,-1.0,-1.0,0.40434793,-1.0,-1.0,-1.0,-0.20565851,-1.0,-1.0,0.21375206,-1.0,1.0,1.0,-1.0,1.0
5BR%WP_295936477_1_NADH_flavin_oxidoreductase__uncultured_Alistipes_sp__,1.0,1.0,-1.0,-1.0,-1.0,0.6617194,-1.0,1.0,-1.0,-1.0,-1.0,-1.0,-1.0,1.0,-1.0,-1.0,1.0,-1.0,-1.0,1.0,1.0,-1.0,-1.0,-1.0,0.37912318,-1.0,-1.0,1.0,-1.0,-1.0,1.0,-1.0,1.0,-1.0,1.0,-1.0,-1.0,-1.0,-1.0,-1.0,-1.0,-1.0,-1.0,-1.0,-1.0,-1.0,-1.0,-1.0,-0.43778569,-1.0,-1.0,1.0,-1.0,-1.0,-1.0,-1.0,-1.0,-1.0,1.0,-1.0,1.0,1.0,-1.0,1.0
5BR%WP_300285921_1_NADH_flavin_oxidoreductase__uncultured_Alistipes_sp__,0.4013278,-0.19705088,1.0,0.123376004,1.0,-1.0,1.0,1.0,-0.124420725,-0.11584313,1.0,0.72407895,1.0,1.0,1.0,1.0,0.69384617,1.0,1.0,1.0,-1.0,1.0,-1.0,0.32031178,-0.8546015,1.0,0.34901568,0.49504074,0.8748622,-1.0,-1.0,1.0,0.49912918,1.0,0.73938787,1.0,0.42871785,1.0,1.0,-1.0,-0.46107632,1.0,1.0,1.0,1.0,1.0,0.9496362,1.0,0.85424304,-0.30228168,1.0,-1.0,1.0,1.0,-0.38718483,0.1667141,-0.51756096,1.0,1.0,1.0,0.5231336,-1.0,1.0,-1.0
5BR%WP_300748828_1_NADH_flavin_oxidoreductase__uncultured_Alistipes_sp__,-0.52241504,-1.0,1.0,1.0,1.0,-0.9172311,1.0,-1.0,1.0,1.0,1.0,1.0,1.0,-1.0,1.0,1.0,-1.0,1.0,1.0,-1.0,-1.0,-0.3117733,1.0,0.6864536,0.56882024,1.0,1.0,-1.0,1.0,1.0,-0.9734604,1.0,-1.0,0.6206383,-1.0,0.52224606,1.0,0.40428448,1.0,1.0,-0.46405005,1.0,1.0,-0.27216673,-0.17480415,0.66109765,1.0,1.0,-0.5539392,0.1067503,0.5412089,-0.65086323,1.0,1.0,0.19477062,-0.25599167,1.0,1.0,-1.0,1.0,-1.0,-1.0,0.1740381,-1.0
5BR%WP_302380465_1_NADH_flavin_oxidoreductase__uncultured_Alistipes_sp__,1.0,1.0,-1.0,-1.0,-1.0,1.0,-1.0,1.0,-1.0,-1.0,-1.0,-1.0,-1.0,0.31266072,-1.0,-1.0,1.0,-1.0,-1.0,1.0,1.0,-1.0,-1.0,-1.0,1.0,-1.0,-1.0,1.0,-1.0,-1.0,1.0,-1.0,1.0,-1.0,1.0,-1.0,-1.0,-1.0,-1.0,-1.0,1.0,-1.0,-1.0,-0.91267407,-0.6710119,-1.0,-1.0,-1.0,0.28170437,-1.0,-1.0,1.0,-1.0,-1.0,-1.0,0.7395119,-1.0,-1.0,1.0,-1.0,1.0,1.0,-1.0,1.0
5BR%WP_394671717_1_NADH_flavin_oxidoreductase__Muribaculum_sp__,1.0,-1.0,1.0,1.0,1.0,1.0,1.0,1.0,1.0,1.0,1.0,1.0,1.0,-0.36313933,1.0,1.0,0.9322521,1.0,1.0,1.0,-0.8058863,1.0,1.0,-0.4702523,0.96517617,1.0,0.9927197,0.28455466,1.0,0.73793954,0.39156932,1.0,-1.0,1.0,0.6099573,1.0,0.5076258,-0.68122643,1.0,1.0,1.0,1.0,1.0,1.0,1.0,1.0,1.0,1.0,1.0,1.0,1.0,1.0,1.0,1.0,1.0,1.0,1.0,1.0,0.39619476,1.0,0.8170524,-1.0,1.0,-1.0
5BR%WP_418992344_1_NADH_flavin_oxidoreductase__Alistipes_sp__,0.038378265,1.0,-1.0,-1.0,-1.0,-1.0,-1.0,1.0,-1.0,-1.0,-1.0,-1.0,-1.0,0.7726697,-1.0,-1.0,1.0,-1.0,-1.0,1.0,1.0,-1.0,-1.0,1.0,-0.09051559,-1.0,-1.0,-1.0,-1.0,-1.0,-1.0,-1.0,1.0,-1.0,1.0,-1.0,-0.6464674,-1.0,-1.0,-1.0,-1.0,-1.0,-1.0,-1.0,-1.0,-1.0,-1.0,-1.0,-1.0,-1.0,-1.0,-0.16958116,-1.0,-1.0,-1.0,-1.0,-1.0,-1.0,-0.35980248,-1.0,1.0,1.0,-1.0,1.0
7aHSDH%GENOME025100_397,0.4733147,-1.0,1.0,1.0,1.0,-1.0,1.0,-0.98753554,1.0,1.0,1.0,1.0,1.0,-1.0,1.0,1.0,-1.0,1.0,1.0,-1.0,-1.0,1.0,1.0,0.9652721,1.0,1.0,1.0,-1.0,1.0,1.0,-1.0,1.0,-1.0,1.0,-1.0,1.0,1.0,1.0,1.0,1.0,-0.97666484,1.0,1.0,0.90746623,-0.032181412,1.0,1.0,1.0,0.2319799,1.0,1.0,-1.0,1.0,1.0,1.0,1.0,1.0,1.0,-1.0,1.0,-0.597631,-1.0,1.0,-1.0
7aHSDH%GENOME067790_2714,1.0,-0.25131547,1.0,-1.0,1.0,1.0,1.0,0.7016301,-0.038992707,-0.7823461,0.32990694,1.0,1.0,0.2814577,1.0,1.0,-0.19425517,-0.68697184,0.1104231,-1.0,-0.5929285,1.0,-1.0,-1.0,1.0,1.0,-1.0,1.0,1.0,-1.0,0.736777,1.0,-1.0,-0.1707612,0.40707728,0.30215558,-1.0,-1.0,1.0,0.3552269,1.0,1.0,0.83335,1.0,1.0,1.0,-0.3670792,-1.0,1.0,1.0,1.0,0.7714037,1.0,1.0,0.3590178,1.0,1.0,1.0,1.0,1.0,1.0,-0.25486577,1.0,-1.0
7aHSDH%GENOME086444_1757,-0.08152466,0.66466826,0.21719752,-0.4607474,0.7704106,1.0,0.2099932,1.0,-1.0,-1.0,0.4747079,-0.013784684,0.8349967,1.0,0.20808944,0.16678432,0.36031464,-0.3507491,-0.1515725,0.90142596,0.41959533,0.8262572,-1.0,-1.0,0.4340915,-0.44890627,-1.0,1.0,1.0,-1.0,1.0,0.22344016,0.3690286,-0.04984015,1.0,0.7076232,-1.0,0.05659107,0.07302411,-0.7740334,1.0,-0.21493681,0.3381411,1.0,1.0,0.05731697,-0.64452213,-0.039305326,1.0,0.69805735,1.0,1.0,-0.5709431,-0.8864915,-1.0,-0.36317864,-0.5910021,1.0,1.0,1.0,-0.00788134,0.33058074,0.49066532,-1.0
7aHSDH%GENOME150027_3593,1.0,-1.0,1.0,1.0,1.0,1.0,1.0,-1.0,1.0,1.0,1.0,1.0,1.0,-1.0,1.0,1.0,-1.0,1.0,1.0,-1.0,-1.0,1.0,1.0,1.0,1.0,1.0,1.0,-1.0,1.0,1.0,-1.0,1.0,-1.0,1.0,-1.0,1.0,1.0,0.6825981,1.0,1.0,1.0,1.0,1.0,1.0,0.062019523,1.0,1.0,1.0,-0.18814135,1.0,1.0,-0.10048844,1.0,1.0,1.0,1.0,1.0,1.0,-1.0,1.0,-0.39067855,-1.0,1.0,-1.0
7aHSDH%MBE5948790_1_SDR_family_oxidoreductase__Lachnospiraceae_bacterium_,1.0,1.0,-1.0,0.39568272,0.14268059,1.0,-1.0,1.0,-1.0,-1.0,-1.0,-1.0,-1.0,-0.30548632,-1.0,-0.4404494,1.0,0.8024681,0.22308068,1.0,1.0,0.3513203,-0.6429604,-1.0,0.8413428,-1.0,-1.0,-0.105650194,-1.0,-1.0,-0.8303483,-1.0,1.0,-1.0,0.73274976,-1.0,-0.63384277,-1.0,-1.0,-1.0,-1.0,-1.0,-1.0,-0.20151746,-1.0,-1.0,-1.0,-0.13377632,-0.30690467,-0.5268682,-1.0,1.0,-1.0,-1.0,-1.0,0.41550183,-1.0,-0.6735247,-1.0,-1.0,1.0,1.0,-1.0,1.0
7aHSDH%MBHC130__Clostridiales_bacterium_1_7_47FAA_,1.0,-1.0,1.0,1.0,1.0,1.0,1.0,-1.0,1.0,1.0,-0.1359519,1.0,1.0,-1.0,1.0,1.0,-1.0,-0.21301273,0.9960236,-1.0,-1.0,1.0,1.0,-1.0,1.0,1.0,1.0,-1.0,1.0,1.0,1.0,1.0,-1.0,1.0,-1.0,1.0,1.0,-1.0,1.0,1.0,1.0,1.0,1.0,-1.0,-0.36169848,1.0,1.0,1.0,-0.7930284,1.0,1.0,0.75367457,1.0,1.0,1.0,1.0,1.0,1.0,-1.0,1.0,-0.7810909,-1.0,1.0,-1.0
7aHSDH%MCI7810995_1_SDR_family_oxidoreductase__Clostridiales_bacterium_,-1.0,0.82400745,-1.0,0.74966264,-1.0,1.0,-1.0,-1.0,-0.7593383,0.6032159,0.24924488,-1.0,-1.0,1.0,-1.0,-1.0,-0.8238997,-1.0,-1.0,-0.4311689,1.0,-1.0,1.0,1.0,-0.28373876,-0.88142866,1.0,0.7187878,-0.21004137,1.0,1.0,-1.0,0.46279246,-1.0,0.9951894,0.23239103,1.0,-0.64985454,-1.0,1.0,1.0,-1.0,-1.0,-1.0,-0.8718658,-1.0,-0.6631147,-0.19574896,-1.0,-0.66054046,-0.6146914,0.10310782,-0.52796566,1.0,1.0,-1.0,-0.4176959,-1.0,-0.9415166,-1.0,-1.0,1.0,-1.0,1.0
7aHSDH%MCI9468093_1_SDR_family_oxidoreductase__Oscillospiraceae_bacterium_,-1.0,-1.0,0.37446913,1.0,1.0,1.0,0.105899595,-1.0,1.0,1.0,1.0,1.0,0.36928284,0.1296672,0.8521868,1.0,-1.0,-1.0,0.077012,-0.74132824,1.0,-1.0,1.0,1.0,-0.4681051,1.0,1.0,-0.15498547,1.0,1.0,1.0,1.0,-1.0,-0.0404193,-0.7510868,1.0,1.0,0.32437044,1.0,1.0,0.8387871,-0.31568134,-0.13493998,-1.0,0.1269299,0.5740201,1.0,1.0,-1.0,0.005384079,0.5790403,-1.0,1.0,1.0,1.0,-1.0,0.8908748,-0.6581321,-1.0,-1.0,-1.0,-1.0,-1.0,1.0
7aHSDH%MEO8122524_1_7-alpha-hydroxysteroid_dehydrogenase__Burkholderiales_bacterium_,1.0,-1.0,1.0,1.0,1.0,1.0,1.0,-1.0,1.0,1.0,1.0,1.0,1.0,-1.0,1.0,1.0,-1.0,1.0,1.0,-1.0,-1.0,1.0,1.0,1.0,1.0,1.0,1.0,-1.0,1.0,1.0,-1.0,1.0,-1.0,1.0,-1.0,1.0,1.0,0.6935926,1.0,1.0,1.0,1.0,1.0,-0.8729998,-0.9122165,1.0,1.0,1.0,-1.0,1.0,1.0,-0.6581032,1.0,1.0,1.0,1.0,1.0,1.0,-1.0,1.0,-1.0,-1.0,1.0,-1.0
7aHSDH%WP_003507641_1_7alpha-hydroxysteroid_dehydrogenase___Clostridium__symbiosum_,-1.0,-1.0,1.0,0.9015119,1.0,-1.0,1.0,-1.0,1.0,1.0,0.009847956,1.0,1.0,-1.0,1.0,1.0,-1.0,1.0,1.0,-1.0,-1.0,1.0,1.0,-1.0,0.44257337,1.0,0.18579435,-1.0,1.0,1.0,-0.67499995,1.0,-1.0,1.0,-1.0,1.0,-0.5270253,1.0,1.0,1.0,0.84547096,1.0,1.0,0.49753255,1.0,1.0,1.0,1.0,-0.43536684,1.0,1.0,-1.0,1.0,1.0,1.0,0.42451474,1.0,1.0,-0.2540814,1.0,-1.0,-1.0,1.0,-1.0
7aHSDH%WP_021989220_1_7alpha-hydroxysteroid_dehydrogenase__uncultured_Culturomica_sp__,-0.6645688,-1.0,1.0,1.0,1.0,0.65231144,1.0,-1.0,1.0,1.0,1.0,1.0,1.0,-0.5210905,1.0,1.0,-1.0,1.0,1.0,-0.785708,-1.0,1.0,1.0,0.7485711,-0.7623081,1.0,1.0,-1.0,1.0,1.0,-0.5692389,1.0,-1.0,1.0,-0.8546315,1.0,1.0,1.0,1.0,1.0,-0.055053998,1.0,1.0,1.0,0.62041366,1.0,1.0,1.0,0.36193457,1.0,1.0,-0.2515171,1.0,1.0,0.64213973,0.68364286,1.0,1.0,-1.0,1.0,-1.0,-1.0,1.0,-1.0
7aHSDH%WP_025075670_1_7alpha-hydroxysteroid_dehydrogenase__Bacteroides_faecichinchillae_,1.0,-0.21529323,0.8382733,-0.8401068,0.89282066,0.5095329,0.727017,1.0,0.4835225,-0.04021685,-0.09757455,0.6389499,-0.6327768,-0.76253825,0.8844495,0.5619805,1.0,0.70778364,0.93688756,0.032602817,-0.2049156,0.44368446,-0.26264277,-1.0,0.44351575,0.6733674,-1.0,0.44757846,1.0,-0.26990184,1.0,1.0,-0.30962655,0.14922363,0.10133255,-0.54301995,-1.0,-1.0,1.0,0.96201265,1.0,0.5017738,0.024037436,1.0,1.0,-0.37546057,-0.4752415,-1.0,0.40161338,0.09323693,1.0,1.0,1.0,1.0,0.8582407,0.56243414,1.0,0.68380684,0.6464632,1.0,1.0,-0.69653714,1.0,-1.0
7aHSDH%WP_262434703_1_7alpha-hydroxysteroid_dehydrogenase__Jilunia_laotingensis_,1.0,-1.0,1.0,1.0,1.0,0.687703,1.0,0.30902627,1.0,1.0,1.0,1.0,1.0,-0.95331895,1.0,1.0,0.12058131,1.0,1.0,0.81955653,-1.0,1.0,1.0,1.0,1.0,1.0,1.0,-1.0,1.0,1.0,-1.0,1.0,-1.0,1.0,-1.0,1.0,1.0,1.0,1.0,1.0,1.0,1.0,1.0,1.0,1.0,1.0,1.0,1.0,1.0,1.0,1.0,1.0,1.0,1.0,1.0,1.0,1.0,1.0,-1.0,1.0,0.116822,-1.0,1.0,-1.0
7aHSDH%WP_288686302_1_SDR_family_NAD(P)-dependent_oxidoreductase__partial__uncultured_Bacteroides_sp__,1.0,-1.0,1.0,0.9138373,1.0,1.0,1.0,1.0,1.0,1.0,0.6582721,1.0,0.8943136,-0.844816,1.0,1.0,0.6825554,1.0,1.0,-0.023764262,-0.38903427,1.0,0.88061994,-1.0,0.10716845,1.0,0.1780309,0.13923502,1.0,0.82079864,1.0,1.0,-1.0,1.0,0.29008356,1.0,0.12642488,-1.0,1.0,1.0,1.0,1.0,1.0,1.0,1.0,1.0,1.0,-0.16073854,0.47460508,1.0,1.0,1.0,1.0,1.0,1.0,1.0,1.0,1.0,0.016109027,1.0,0.05314,-1.0,1.0,-1.0
7aHSDH%WP_303013929_1_7alpha-hydroxysteroid_dehydrogenase__uncultured_Bacteroides_sp__,0.9088543,0.15293838,-0.94706154,-1.0,-0.25152132,1.0,0.10674847,1.0,-0.5956709,-1.0,-1.0,0.4257215,-1.0,-0.7230805,-0.46191424,-0.6476919,0.6462876,-1.0,-1.0,-0.79065835,0.2061161,-0.53195244,-0.6469239,-1.0,0.11355687,-0.05791516,-1.0,1.0,1.0,0.6953005,1.0,1.0,-0.22694439,0.4264428,0.6667433,0.12838821,-1.0,-1.0,1.0,0.7063619,1.0,-1.0,-1.0,-0.20980065,1.0,-0.9095757,-1.0,-1.0,0.24534439,-0.07670964,1.0,1.0,0.86664546,0.72117364,0.93391246,-0.26591858,0.86908686,-0.8432065,1.0,0.118836075,-0.10891031,-0.07490182,-0.023250695,-0.04875728
7aHSDH%WP_342232791_1_7alpha-hydroxysteroid_dehydrogenase__Pseudoflavonifractor_phocaeensis_,-0.48216727,-1.0,1.0,-1.0,1.0,-0.6376742,1.0,0.46377355,0.22920747,0.14365427,1.0,0.5056732,1.0,1.0,1.0,1.0,-0.8453968,1.0,1.0,-0.3269019,-1.0,1.0,-1.0,-0.4263537,0.28861582,1.0,0.8850139,0.9138987,1.0,-1.0,-0.82558787,1.0,-1.0,1.0,0.02870234,0.74121845,-0.9597612,1.0,1.0,-0.48865896,0.9183653,1.0,1.0,1.0,0.9412661,1.0,1.0,1.0,1.0,0.45558995,1.0,-0.18066311,1.0,1.0,0.63243634,0.69264567,1.0,1.0,1.0,1.0,0.45184326,-1.0,1.0,-1.0
7bHSDH%GENOME075272_507,0.13096853,-1.0,1.0,1.0,1.0,-0.4614402,1.0,-1.0,1.0,1.0,1.0,1.0,1.0,-0.9989497,1.0,1.0,-1.0,1.0,1.0,-1.0,-1.0,1.0,1.0,1.0,0.30998313,1.0,1.0,-1.0,1.0,1.0,-1.0,1.0,-1.0,1.0,-1.0,1.0,1.0,1.0,1.0,1.0,0.9280568,1.0,1.0,-0.16333367,-0.433751,1.0,1.0,1.0,-0.23031808,1.0,1.0,-0.15297855,1.0,1.0,1.0,1.0,1.0,1.0,-1.0,1.0,-1.0,-1.0,1.0,-1.0
BSH1%UPI0001652BA3,-1.0,1.0,-1.0,-1.0,-1.0,-1.0,-1.0,1.0,-1.0,-1.0,-1.0,-1.0,-1.0,1.0,-1.0,-1.0,1.0,-1.0,-1.0,0.5901173,0.15759753,-1.0,-1.0,-1.0,-1.0,-1.0,-1.0,1.0,-1.0,-1.0,1.0,-1.0,1.0,-1.0,1.0,-1.0,-1.0,1.0,-1.0,-1.0,0.16061087,-1.0,-1.0,1.0,1.0,-1.0,-1.0,-1.0,0.35540172,-1.0,-1.0,-0.99426377,-1.0,-1.0,-1.0,-1.0,-1.0,-1.0,1.0,-1.0,0.411741,1.0,-1.0,-0.44039035
BSH1%UPI0001B1C28E,-0.62594855,-1.0,1.0,1.0,1.0,-0.8743503,1.0,0.20626925,1.0,1.0,1.0,1.0,1.0,0.24924625,1.0,1.0,-1.0,1.0,1.0,0.23613548,-1.0,1.0,-0.82377625,-0.19979137,-0.81154585,1.0,1.0,-0.29323766,1.0,-1.0,-1.0,1.0,-1.0,1.0,-0.07329133,1.0,1.0,1.0,1.0,1.0,0.20111267,1.0,1.0,1.0,1.0,1.0,1.0,1.0,0.18516003,1.0,1.0,-1.0,1.0,1.0,1.0,0.17677891,1.0,1.0,0.3631262,1.0,-1.0,-1.0,1.0,-1.0
BSH1%UPI0001DE6025,-1.0,-1.0,-0.24662572,1.0,-1.0,-1.0,0.2387643,-1.0,-0.6274421,-0.039236255,-1.0,-1.0,0.84238523,-1.0,-0.81323,-1.0,-1.0,-1.0,-1.0,-1.0,-1.0,-0.66212314,-0.18606968,0.73657703,-0.93864584,-0.7518007,1.0,-1.0,-0.29489645,1.0,-1.0,-1.0,-1.0,-0.3775068,-1.0,-0.5121435,1.0,-0.4033909,-1.0,-0.9323544,-1.0,-1.0,-0.9733148,-1.0,-1.0,-0.028378148,0.79523474,1.0,-1.0,-0.7765647,-0.728109,-1.0,-0.5518323,-0.5781576,0.46021578,-1.0,-0.49975875,-0.65122163,-1.0,-1.0,-1.0,-1.0,-0.76640314,0.6792824
BSH1%UPI0002624191,1.0,-1.0,1.0,1.0,1.0,1.0,1.0,1.0,1.0,1.0,1.0,1.0,1.0,-1.0,1.0,1.0,0.41512153,1.0,1.0,0.9386416,-0.7824095,1.0,1.0,-1.0,0.9776784,1.0,0.272908,-0.07462522,1.0,0.33868548,-0.035851683,1.0,-1.0,1.0,-0.64383554,1.0,0.14612429,-1.0,1.0,1.0,1.0,1.0,1.0,1.0,1.0,1.0,1.0,1.0,0.9499654,1.0,1.0,1.0,1.0,1.0,1.0,1.0,1.0,1.0,-0.53313744,1.0,1.0,-1.0,1.0,-1.0
BSH1%UPI0002802AC4,0.53326845,1.0,-1.0,-0.9048243,-1.0,0.66408545,-1.0,1.0,-1.0,-1.0,-1.0,-1.0,-1.0,1.0,-1.0,-1.0,1.0,-0.7585673,-1.0,1.0,1.0,-0.19865146,-1.0,-0.30805877,0.01620541,-1.0,-1.0,0.2175029,-1.0,-1.0,-1.0,-1.0,1.0,-1.0,1.0,-1.0,-0.757324,-1.0,-1.0,-1.0,-1.0,-1.0,-1.0,-0.073318265,-1.0,-1.0,-1.0,-0.27484566,0.9249432,-1.0,-1.0,0.5949258,-1.0,-1.0,-1.0,0.39230946,-1.0,-1.0,-0.020419044,-1.0,1.0,1.0,-1.0,1.0
BSH1%UPI000289C842,1.0,1.0,-0.52147156,1.0,0.19875103,0.33777937,-0.22755264,1.0,0.6675881,0.40035388,0.021181079,-0.9272587,-1.0,-0.8911086,0.056604657,1.0,1.0,1.0,0.6402226,1.0,0.6045296,0.6154159,1.0,0.5420464,1.0,-1.0,-1.0,-1.0,-1.0,-0.8476104,-0.8301558,-1.0,1.0,-1.0,0.8485238,-1.0,0.6939794,-1.0,-1.0,-1.0,-1.0,-0.5199917,-0.92090505,-1.0,-1.0,-1.0,-0.36786413,0.95352685,0.26906598,-0.6583125,-1.0,1.0,-1.0,-1.0,-1.0,1.0,-0.6906611,-0.5943344,-1.0,-1.0,1.0,1.0,-0.020615749,1.0
BSH1%UPI0002CB0E7D,1.0,1.0,-1.0,-1.0,-1.0,-0.7935897,-1.0,1.0,-1.0,-1.0,-1.0,-1.0,-1.0,-0.011026555,-1.0,-1.0,1.0,-1.0,-1.0,0.95172125,0.07381681,-1.0,-1.0,-1.0,0.3095547,-1.0,-1.0,1.0,-1.0,-1.0,1.0,-1.0,1.0,-1.0,1.0,-1.0,-1.0,-1.0,-1.0,-1.0,-0.5423949,-1.0,-1.0,0.7981086,0.82705504,-1.0,-1.0,-1.0,0.3739388,-1.0,-1.0,1.0,-1.0,-1.0,-1.0,-1.0,-1.0,-1.0,1.0,-1.0,1.0,1.0,-1.0,1.0
BSH1%UPI0002F95F26,1.0,0.1896143,0.8384264,1.0,1.0,-1.0,-0.22776303,-1.0,1.0,1.0,1.0,0.42142203,1.0,-0.8643992,0.9396922,1.0,1.0,1.0,1.0,1.0,-0.35479838,-0.35241377,0.88267547,1.0,0.122613095,-1.0,0.7793657,-1.0,-1.0,-1.0,-1.0,-1.0,0.8392447,-1.0,-1.0,-0.7800183,1.0,0.6527642,-1.0,-1.0,-1.0,1.0,1.0,1.0,-1.0,-1.0,1.0,1.0,0.01925828,-1.0,-1.0,-1.0,-1.0,-1.0,-1.0,-0.12062182,-0.63831663,1.0,-1.0,-1.0,1.0,0.7693488,-1.0,0.9033078
BSH1%UPI00033F0DE9,-1.0,-1.0,-1.0,0.30073768,-1.0,-1.0,-1.0,-1.0,-1.0,-0.32781878,-1.0,-1.0,-1.0,-0.6017854,-1.0,-1.0,-1.0,-1.0,-1.0,-1.0,-1.0,-1.0,0.5398979,1.0,-0.44753182,-0.7085126,1.0,-1.0,0.08717544,1.0,0.078294106,-1.0,-1.0,0.79613966,-1.0,0.78136855,1.0,-0.59279215,-1.0,-0.32247728,-1.0,-1.0,-1.0,-1.0,-1.0,0.61185724,-0.2724113,0.36173657,-1.0,-0.98191684,-1.0,-1.0,-0.38110214,0.3192254,1.0,-1.0,-0.8641843,-1.0,-1.0,-1.0,-1.0,-1.0,-1.0,1.0
BSH1%UPI00035D264B,-0.36819252,0.48820478,-0.94949895,-1.0,0.16800424,1.0,0.09460355,1.0,-1.0,-1.0,-1.0,-1.0,-0.39017403,1.0,-1.0,-0.37203142,0.6019756,0.3375435,1.0,1.0,1.0,1.0,-1.0,-1.0,0.123218276,-1.0,-1.0,1.0,-0.5995963,-1.0,-0.6041322,-1.0,0.23796587,1.0,1.0,1.0,-1.0,0.9820424,-0.27093622,-0.7168841,0.35699424,-0.21421759,0.5927197,1.0,-0.3681889,-0.02400016,-1.0,-1.0,1.0,1.0,1.0,1.0,-1.0,-1.0,-0.41152775,0.32894924,-0.9964909,0.33685878,1.0,0.47773305,-0.06591372,0.5086482,0.6450592,0.27587423
BSH1%UPI0003A10C39,1.0,1.0,-1.0,-1.0,-1.0,1.0,-1.0,1.0,-1.0,-1.0,-1.0,-1.0,-1.0,0.72174174,-1.0,-1.0,1.0,-1.0,-1.0,1.0,1.0,-1.0,-1.0,-0.6335569,1.0,-1.0,-1.0,1.0,-1.0,-0.48163015,1.0,-1.0,1.0,-1.0,1.0,-1.0,-1.0,-1.0,-1.0,-1.0,1.0,-1.0,-1.0,-1.0,-0.49820358,-1.0,-1.0,-1.0,0.9758845,-1.0,-1.0,1.0,-1.0,-1.0,-1.0,1.0,-1.0,-1.0,1.0,-1.0,1.0,1.0,-1.0,1.0
BSH1%UPI00041C4F56,1.0,1.0,-1.0,-1.0,-1.0,-0.47217733,-1.0,1.0,-1.0,-1.0,-1.0,-1.0,-1.0,-1.0,-1.0,-1.0,1.0,1.0,-1.0,1.0,-0.16588438,-1.0,-1.0,-1.0,0.7041435,-1.0,-1.0,0.3407665,-1.0,-1.0,-0.6813043,-1.0,1.0,-1.0,1.0,-1.0,-1.0,-1.0,-1.0,-1.0,-1.0,-1.0,-1.0,1.0,-0.8277996,-1.0,-1.0,-1.0,0.79966384,-1.0,-1.0,1.0,-1.0,-1.0,-1.0,-0.23534127,-1.0,-1.0,1.0,-1.0,1.0,1.0,-1.0,1.0
BSH1%UPI00044AC395,1.0,-1.0,1.0,1.0,1.0,1.0,1.0,1.0,1.0,1.0,1.0,1.0,1.0,0.34348854,1.0,1.0,0.041584056,1.0,1.0,1.0,-0.36780074,1.0,1.0,1.0,1.0,1.0,1.0,0.003158357,1.0,1.0,-0.32394674,1.0,-1.0,1.0,0.72860646,1.0,1.0,1.0,1.0,1.0,1.0,1.0,1.0,1.0,1.0,1.0,1.0,1.0,1.0,1.0,1.0,1.0,1.0,1.0,1.0,1.0,1.0,1.0,-1.0,1.0,0.6283055,-1.0,1.0,-1.0
BSH1%UPI0004BCDDD9,1.0,-1.0,1.0,1.0,1.0,1.0,1.0,0.72441894,1.0,1.0,1.0,1.0,1.0,0.038931943,1.0,1.0,-0.2245114,1.0,1.0,0.8074684,-1.0,1.0,1.0,1.0,1.0,1.0,1.0,-0.3997142,1.0,1.0,0.19737491,1.0,-1.0,1.0,0.3560241,1.0,1.0,1.0,1.0,1.0,1.0,1.0,1.0,1.0,1.0,1.0,1.0,1.0,1.0,1.0,1.0,1.0,1.0,1.0,1.0,1.0,1.0,1.0,-1.0,1.0,-0.18668629,-1.0,1.0,-1.0
BSH1%UPI0004D69CD5,1.0,1.0,-1.0,-1.0,-0.37183714,1.0,-1.0,1.0,-1.0,-1.0,-1.0,-1.0,-1.0,0.2208793,-1.0,-0.922142,1.0,-1.0,-0.98147154,1.0,1.0,-0.8649796,-1.0,-1.0,1.0,-1.0,-1.0,1.0,-0.064915285,-1.0,1.0,-0.18784621,1.0,-1.0,1.0,-1.0,-1.0,-1.0,1.0,-0.7752509,1.0,-1.0,-1.0,1.0,1.0,-1.0,-1.0,-1.0,0.6506673,-1.0,0.68683326,1.0,-0.5659984,-0.6147825,0.3962523,0.99905306,0.026691644,-0.61453855,1.0,0.26718786,1.0,1.0,0.3493717,0.44662547
BSH1%UPI0004D6A0E9,-1.0,1.0,-1.0,-1.0,-1.0,-1.0,-1.0,1.0,-1.0,-1.0,-1.0,-1.0,-1.0,-0.08760757,-1.0,-1.0,1.0,-1.0,-1.0,0.23241948,-1.0,-1.0,-1.0,-0.66401184,-1.0,-1.0,-1.0,0.39049923,-1.0,-1.0,1.0,-1.0,1.0,-1.0,1.0,-1.0,-1.0,-1.0,-1.0,-1.0,-1.0,-1.0,-1.0,0.3717584,0.12650043,-1.0,-1.0,-1.0,0.1577127,-1.0,-1.0,-0.52595675,-1.0,-1.0,-1.0,-1.0,-1.0,-1.0,1.0,-1.0,1.0,1.0,-1.0,1.0
BSH1%UPI0004F8D610,1.0,1.0,-1.0,-1.0,-1.0,0.028950864,-1.0,1.0,-1.0,-1.0,-1.0,-1.0,-1.0,-0.11585917,-1.0,-1.0,1.0,-1.0,-1.0,1.0,1.0,-1.0,-1.0,-1.0,1.0,-1.0,-1.0,1.0,-1.0,-1.0,1.0,-1.0,1.0,-1.0,1.0,-1.0,-1.0,-1.0,-1.0,-1.0,0.8206618,-1.0,-1.0,-1.0,-0.670934,-1.0,-1.0,-1.0,-0.795526,-1.0,-1.0,1.0,-1.0,-1.0,-0.8768643,-0.5426605,-1.0,-1.0,1.0,-1.0,1.0,1.0,-1.0,1.0
BSH1%UPI0005DBBD01,0.72580993,0.821079,1.0,0.7043891,1.0,0.61482024,1.0,0.031024765,1.0,1.0,1.0,1.0,1.0,1.0,1.0,1.0,1.0,0.6230992,-0.1647583,0.70607775,1.0,-1.0,1.0,1.0,-0.72467834,1.0,1.0,1.0,1.0,1.0,1.0,0.8608704,1.0,1.0,1.0,1.0,1.0,1.0,1.0,0.5723447,1.0,-0.031549264,-0.88262665,-0.08365829,0.86927587,-0.575806,1.0,1.0,1.0,1.0,-1.0,-0.5500796,1.0,0.9252675,1.0,0.78921884,-0.60616165,0.2819047,1.0,1.0,1.0,0.724275,0.62912774,-1.0
BSH1%UPI00070D1B8F,1.0,-1.0,1.0,1.0,1.0,1.0,1.0,1.0,1.0,1.0,1.0,1.0,1.0,0.7561359,1.0,1.0,0.9130327,1.0,1.0,1.0,1.0,1.0,0.91137516,-1.0,0.8031713,1.0,1.0,1.0,1.0,-0.027418915,1.0,1.0,-1.0,1.0,1.0,1.0,0.46067566,0.19165793,1.0,1.0,1.0,1.0,1.0,1.0,1.0,1.0,1.0,1.0,1.0,1.0,1.0,1.0,1.0,1.0,-0.112788014,1.0,0.4365094,1.0,0.683606,1.0,0.99787045,-1.0,1.0,-1.0
BSH1%UPI00073AFD00,1.0,-1.0,1.0,1.0,1.0,0.92687535,1.0,-1.0,1.0,1.0,-0.24397258,1.0,1.0,-1.0,1.0,1.0,-1.0,1.0,1.0,-1.0,-1.0,1.0,1.0,-1.0,0.73976535,1.0,1.0,-1.0,1.0,1.0,0.096152596,1.0,-1.0,1.0,-1.0,1.0,0.64850366,-1.0,1.0,1.0,1.0,1.0,1.0,-0.891158,-0.39399967,1.0,1.0,1.0,-1.0,1.0,1.0,1.0,1.0,1.0,1.0,1.0,1.0,1.0,-1.0,1.0,-1.0,-1.0,1.0,-1.0
BSH1%UPI00076E9CCB,1.0,-1.0,1.0,0.18508124,1.0,1.0,1.0,0.84258735,1.0,1.0,0.7789276,1.0,1.0,-1.0,1.0,1.0,0.034712493,1.0,1.0,-0.35720202,-0.78670895,1.0,0.8609743,-1.0,1.0,1.0,-0.15764111,0.5324755,1.0,1.0,1.0,1.0,-1.0,1.0,-0.34387192,1.0,-0.78376865,-1.0,1.0,1.0,1.0,1.0,1.0,1.0,1.0,1.0,1.0,0.0870349,0.7010167,1.0,1.0,1.0,1.0,1.0,1.0,1.0,1.0,1.0,0.6830611,1.0,0.495196,-1.0,1.0,-1.0
BSH1%UPI0007933BD5,0.7789412,-1.0,1.0,-0.69379735,0.6941972,0.10203643,1.0,-0.28956145,1.0,0.7659934,0.25145617,0.77247065,0.035666093,-1.0,1.0,1.0,-0.8321654,-1.0,-0.055176515,-1.0,-1.0,1.0,0.33986247,-1.0,0.7492244,1.0,-0.47304484,-0.079883896,1.0,1.0,1.0,1.0,-1.0,1.0,-0.7380923,1.0,-1.0,-1.0,1.0,1.0,1.0,0.26177803,-0.18583111,-0.4448729,1.0,1.0,1.0,-1.0,0.19892149,1.0,1.0,1.0,1.0,1.0,1.0,0.9757622,1.0,1.0,1.0,1.0,-0.9241719,-1.0,1.0,-1.0
BSH1%UPI000801FF16,1.0,1.0,-1.0,-1.0,-1.0,1.0,-1.0,1.0,-1.0,-1.0,-1.0,-1.0,-1.0,0.9998999,-1.0,-1.0,1.0,-1.0,-1.0,1.0,1.0,-1.0,-1.0,-1.0,1.0,-1.0,-1.0,1.0,-1.0,-1.0,1.0,-1.0,1.0,-1.0,1.0,-1.0,-1.0,-1.0,-1.0,-1.0,0.78557193,-1.0,-1.0,1.0,1.0,-1.0,-1.0,-1.0,1.0,-1.0,-1.0,1.0,-1.0,-1.0,-1.0,-1.0,-0.11242222,-1.0,1.0,-1.0,1.0,1.0,-1.0,1.0
BSH1%UPI00093BFB8C,-0.50696987,-1.0,1.0,1.0,1.0,0.6639694,1.0,-1.0,1.0,1.0,1.0,1.0,1.0,-1.0,1.0,1.0,-1.0,1.0,1.0,-1.0,-1.0,1.0,1.0,-0.08099159,-0.16753516,1.0,1.0,-1.0,1.0,1.0,0.8636798,1.0,-1.0,1.0,-1.0,1.0,1.0,0.42907625,1.0,1.0,1.0,1.0,1.0,-0.90310454,-0.3819519,1.0,1.0,1.0,-0.42367133,1.0,1.0,1.0,1.0,1.0,1.0,1.0,1.0,1.0,-1.0,1.0,-1.0,-1.0,1.0,-1.0
BSH1%UPI00095B1DAC,1.0,0.6806527,1.0,1.0,1.0,-0.06059625,0.30962595,1.0,1.0,1.0,1.0,1.0,1.0,-0.03667411,1.0,1.0,1.0,1.0,1.0,1.0,-1.0,1.0,0.433812,1.0,0.79355544,0.39582992,1.0,-0.5320682,-1.0,-1.0,-1.0,-0.06251816,1.0,-1.0,1.0,-1.0,1.0,0.4935329,1.0,-1.0,-0.4628334,1.0,1.0,1.0,1.0,-1.0,0.7679857,1.0,1.0,-1.0,-1.0,1.0,-0.05859688,-0.48388243,-1.0,0.7472896,1.0,1.0,0.019564096,1.0,1.0,0.4087835,1.0,-1.0
BSH1%UPI00095C7CBB,1.0,-1.0,1.0,1.0,1.0,0.9486799,1.0,1.0,1.0,1.0,1.0,1.0,1.0,-0.42775324,1.0,1.0,1.0,1.0,1.0,1.0,-0.3061101,1.0,1.0,1.0,1.0,1.0,1.0,-0.6317681,1.0,-0.28452906,-1.0,1.0,-0.8994878,1.0,-0.3521823,1.0,1.0,0.304129,1.0,1.0,1.0,1.0,1.0,1.0,1.0,1.0,1.0,1.0,1.0,1.0,1.0,0.6860846,1.0,1.0,1.0,1.0,1.0,1.0,-1.0,1.0,1.0,-1.0,1.0,-1.0
BSH1%UPI000963C515,1.0,-0.02310255,1.0,1.0,1.0,1.0,1.0,1.0,1.0,1.0,1.0,1.0,1.0,0.052086215,1.0,1.0,1.0,1.0,1.0,1.0,1.0,1.0,1.0,0.35969943,1.0,1.0,1.0,0.4898243,-0.07466715,0.13916272,0.34328994,1.0,0.20224836,-0.34403554,1.0,0.85539913,1.0,-0.5195808,1.0,1.0,1.0,1.0,1.0,1.0,-0.44694975,0.009115809,1.0,1.0,1.0,1.0,1.0,1.0,1.0,1.0,-0.16014722,1.0,1.0,1.0,-0.84821355,1.0,1.0,-0.15129043,1.0,-0.04325915
BSH1%UPI000BCCCB22,-1.0,-0.7598964,-0.6738038,0.5512015,-1.0,-1.0,0.15185022,-1.0,-0.47596872,-0.62389106,-0.32070294,-0.22584805,0.5921502,-0.12031916,-0.7553946,-1.0,-1.0,-1.0,-1.0,-1.0,-1.0,-0.75032043,-0.38629356,0.3133439,-1.0,-0.059659176,0.75434613,-1.0,1.0,0.37616724,0.3988103,0.4426572,-0.9040912,1.0,-0.73596716,1.0,0.6714208,1.0,-1.0,-0.7228355,-0.4172399,-0.3020046,0.3769488,-0.14478786,0.0019833501,0.641482,0.55896485,0.9829769,-0.015165496,-1.0,0.44670382,-1.0,-0.23081262,0.07123279,-0.13630463,-1.0,0.34247914,0.7930885,1.0,-1.0,-1.0,-1.0,-0.37034154,-1.0
BSH1%UPI000BD3EFD5,-1.0,-1.0,0.9139579,1.0,-1.0,-1.0,1.0,-1.0,0.57921594,0.7646296,-1.0,-1.0,0.9694776,-1.0,0.2189883,0.09315998,-1.0,-1.0,-1.0,-1.0,-1.0,0.26207677,0.25106028,-0.0518783,0.20234795,0.08865792,1.0,-1.0,0.5046292,1.0,-1.0,-0.49334884,-1.0,0.122062,-1.0,-0.61157495,1.0,-1.0,-1.0,-0.5216433,-1.0,-1.0,-0.6065594,-1.0,-1.0,0.046255734,1.0,1.0,-1.0,-0.49155027,-0.15900086,-1.0,0.30866244,0.0149257975,0.41752484,0.5960513,-0.09067591,0.7035958,-1.0,-0.45665506,-1.0,-1.0,1.0,-0.01788308
BSH2%UPI0001599717,-1.0,-1.0,1.0,1.0,-0.49733204,-1.0,1.0,-1.0,1.0,1.0,1.0,1.0,1.0,-0.6866663,1.0,1.0,-1.0,-1.0,-1.0,-1.0,-1.0,-1.0,1.0,1.0,-1.0,1.0,1.0,-1.0,1.0,1.0,1.0,1.0,-1.0,1.0,-1.0,1.0,1.0,1.0,1.0,1.0,1.0,0.6461588,-0.0072236233,-1.0,-1.0,1.0,1.0,1.0,-1.0,1.0,1.0,-1.0,1.0,1.0,1.0,-0.9323083,1.0,0.84342414,-0.054688666,1.0,-1.0,-1.0,1.0,-1.0
BSH2%UPI00017C25E3,1.0,-1.0,1.0,1.0,1.0,-1.0,1.0,-1.0,1.0,1.0,1.0,1.0,1.0,-0.46905777,1.0,1.0,0.8775046,1.0,1.0,0.5851068,-1.0,1.0,1.0,1.0,0.56080693,1.0,1.0,-1.0,1.0,0.4610346,-1.0,1.0,-0.35264337,1.0,-0.96624357,1.0,1.0,1.0,1.0,0.73751473,-0.81822795,1.0,1.0,0.9379327,-0.5166557,1.0,1.0,1.0,0.753621,0.50420696,0.614698,-0.34705544,1.0,1.0,-0.8661225,1.0,1.0,1.0,-0.9874123,1.0,1.0,-1.0,1.0,-1.0
BSH2%UPI0001C1C05D,1.0,-1.0,1.0,1.0,1.0,0.4599699,1.0,-1.0,1.0,1.0,1.0,1.0,1.0,-0.6466289,1.0,1.0,0.6988918,1.0,1.0,1.0,-0.08933305,1.0,1.0,1.0,0.5740158,1.0,1.0,-1.0,1.0,0.83802366,-1.0,1.0,-0.7429652,0.93935454,-1.0,0.668386,1.0,0.08691037,1.0,1.0,-0.34912282,1.0,1.0,1.0,0.3163179,1.0,1.0,1.0,0.3078577,1.0,0.97329783,0.3282804,1.0,1.0,0.015682928,1.0,0.6750985,1.0,-1.0,1.0,0.76380056,-1.0,1.0,-1.0
BSH2%UPI0001CF4F1D,0.77737564,1.0,-1.0,-1.0,-1.0,0.042314004,-1.0,1.0,-1.0,-1.0,-1.0,-1.0,-1.0,1.0,-1.0,-1.0,1.0,-1.0,-1.0,1.0,1.0,-1.0,-1.0,-1.0,-0.6469189,-1.0,-1.0,1.0,-1.0,-1.0,-0.80303586,-1.0,1.0,-1.0,1.0,-1.0,-1.0,-1.0,-1.0,-1.0,-1.0,-1.0,-1.0,-0.64334255,-1.0,-1.0,-1.0,-1.0,0.01882953,-1.0,-1.0,-1.0,-1.0,-1.0,-1.0,-1.0,-1.0,-1.0,1.0,-1.0,1.0,1.0,-1.0,1.0
BSH2%UPI000335FD2D,0.25522006,0.29241642,-0.4017895,-1.0,1.0,1.0,0.4188975,1.0,-0.8931219,-0.46103194,0.83211887,0.6619439,-0.07384026,1.0,-0.479755,-0.017988883,0.97490007,-1.0,-1.0,0.14899981,1.0,0.3613436,-0.56112534,-1.0,0.34315264,-0.5078899,-1.0,1.0,1.0,0.17529848,1.0,1.0,0.44734368,-0.1451322,1.0,0.10228889,-1.0,0.41897103,1.0,1.0,1.0,-1.0,-1.0,0.8868773,0.97321415,0.027843526,-0.9092451,-0.38791236,1.0,1.0,1.0,1.0,1.0,0.91031766,0.834344,0.6512485,1.0,0.75442696,1.0,1.0,1.0,0.29637215,0.9414776,-0.16141903
BSH2%UPI00033AD64E,-1.0,-0.6462847,-1.0,1.0,-0.6091923,0.8944055,-1.0,-1.0,-0.8377322,0.3364787,-1.0,-1.0,-0.22740912,0.2772494,-1.0,-1.0,-1.0,-1.0,-1.0,-0.9815802,1.0,-1.0,1.0,0.55856276,-0.42670172,-1.0,1.0,-0.8113785,-0.35315177,1.0,1.0,-1.0,-1.0,-1.0,-0.53337425,-0.69010264,1.0,0.6185585,-1.0,1.0,0.38053715,-1.0,-1.0,-1.0,-1.0,-0.13269506,0.0423862,0.4131203,-1.0,0.41574377,-0.70144403,-0.030775772,-0.9987853,0.34503728,1.0,-1.0,-0.5861379,-1.0,-1.0,-1.0,-1.0,-0.42633548,-1.0,1.0
BSH2%UPI00033F049A,-0.40268382,1.0,-1.0,-1.0,-1.0,0.41541204,-1.0,-0.4913003,-1.0,-1.0,-1.0,-1.0,-1.0,0.70872366,-1.0,-1.0,0.94760364,-1.0,-1.0,-0.7770023,1.0,-1.0,-1.0,-1.0,-0.26859662,-1.0,-1.0,1.0,-1.0,0.40712172,1.0,-1.0,1.0,-1.0,-0.09523023,-1.0,-1.0,-1.0,-1.0,-1.0,-1.0,-1.0,-1.0,-1.0,-1.0,-1.0,-1.0,-1.0,-1.0,-1.0,-1.0,-0.09661557,-1.0,-1.0,-1.0,-1.0,-1.0,-1.0,0.9789747,-1.0,0.9103556,1.0,-1.0,1.0
BSH2%UPI00038B932A,1.0,1.0,-1.0,0.23180906,-0.25739208,1.0,-1.0,0.7580847,-0.8989112,0.09999467,-0.66144353,-1.0,-1.0,0.95506066,-1.0,-0.60339457,1.0,-1.0,-1.0,1.0,1.0,-0.97186846,0.7047416,0.9182926,0.81785953,-1.0,0.34450957,1.0,-1.0,1.0,1.0,-1.0,1.0,-1.0,1.0,-1.0,0.45130226,-0.5996834,-0.8210681,1.0,1.0,-1.0,-1.0,-1.0,-1.0,-0.97274554,-1.0,-0.4798502,0.4788824,0.8487193,-1.0,1.0,-1.0,-1.0,0.46836698,0.692891,-1.0,-1.0,0.6790516,-1.0,0.6603741,1.0,-1.0,1.0
BSH2%UPI000396CDDF,-1.0,1.0,-1.0,-1.0,-1.0,-0.5649367,-1.0,-0.24808955,-1.0,-1.0,-1.0,-1.0,-1.0,0.95060664,-1.0,-1.0,-0.7853503,-1.0,-1.0,-0.27907538,1.0,-1.0,-1.0,-0.5609899,-0.7598535,-1.0,-1.0,1.0,-1.0,-0.41242382,-0.5535958,-1.0,1.0,-1.0,-0.060103685,-1.0,-0.6791364,0.99904114,-1.0,-1.0,-1.0,-1.0,-1.0,-1.0,-1.0,-1.0,-1.0,-1.0,-1.0,-1.0,-1.0,-1.0,-1.0,-1.0,-1.0,-1.0,-1.0,-1.0,0.69760823,-1.0,-1.0,1.0,-1.0,1.0
BSH2%UPI00050FFCF5,-1.0,1.0,-1.0,-1.0,-1.0,-1.0,-1.0,-1.0,-0.4335185,0.0153609235,0.8707125,-0.6591518,-1.0,1.0,-1.0,-1.0,-1.0,-1.0,-1.0,-1.0,0.15660767,-1.0,1.0,1.0,-1.0,-0.10261602,1.0,1.0,0.226054,1.0,1.0,-1.0,1.0,-1.0,-0.8315321,-1.0,1.0,1.0,-1.0,-1.0,1.0,-1.0,-1.0,-1.0,-1.0,-1.0,-0.17443596,-0.5669917,-0.6370546,-1.0,-1.0,-1.0,-1.0,-0.3024514,1.0,-1.0,-1.0,-1.0,1.0,-1.0,-1.0,1.0,-1.0,1.0
BSH2%UPI0005D317A6,0.93397534,-1.0,1.0,1.0,1.0,1.0,1.0,-1.0,1.0,1.0,1.0,1.0,1.0,-0.31120622,1.0,1.0,-1.0,1.0,1.0,-1.0,0.033186562,1.0,1.0,1.0,1.0,1.0,1.0,0.21632545,1.0,1.0,1.0,1.0,-1.0,0.9943857,-0.39094403,0.43693373,1.0,0.39696676,1.0,1.0,1.0,1.0,1.0,0.4812573,1.0,1.0,1.0,1.0,1.0,1.0,1.0,1.0,1.0,1.0,1.0,1.0,1.0,1.0,-0.42356417,1.0,-0.46192706,-1.0,1.0,-1.0
BSH2%UPI0005DCCFF2,1.0,1.0,-1.0,-1.0,-1.0,1.0,-1.0,-0.040000916,-1.0,-1.0,-1.0,-1.0,-1.0,-0.88687146,-1.0,-1.0,1.0,-1.0,-1.0,-1.0,1.0,-1.0,-1.0,-1.0,1.0,-1.0,-1.0,1.0,-1.0,1.0,1.0,-1.0,1.0,-1.0,1.0,-1.0,-1.0,-1.0,-1.0,-1.0,1.0,-1.0,-1.0,-1.0,-0.6110167,-1.0,-1.0,-1.0,-0.38523468,-1.0,-1.0,1.0,-1.0,-1.0,-0.023555279,-0.008625787,-1.0,-1.0,1.0,-1.0,1.0,1.0,-1.0,1.0
BSH2%UPI0006BFFEB7,-1.0,-1.0,1.0,1.0,-1.0,-1.0,1.0,-1.0,1.0,0.61314017,0.69139016,1.0,1.0,-0.9037259,1.0,-0.10097787,-1.0,1.0,1.0,-1.0,-1.0,1.0,0.0866508,1.0,-1.0,1.0,1.0,-1.0,0.51098657,-1.0,-1.0,-1.0,-1.0,1.0,-1.0,1.0,1.0,1.0,-1.0,-1.0,-1.0,1.0,1.0,1.0,0.7489917,1.0,1.0,1.0,-1.0,-1.0,-1.0,-1.0,0.29321304,-1.0,-1.0,-1.0,-1.0,1.0,-1.0,1.0,-1.0,-1.0,-0.24663018,-1.0
BSH2%UPI0006C0EB58,0.017712947,-1.0,1.0,1.0,1.0,1.0,1.0,-1.0,1.0,1.0,1.0,1.0,1.0,-1.0,1.0,1.0,-1.0,1.0,1.0,-1.0,-1.0,1.0,1.0,1.0,1.0,1.0,1.0,-1.0,1.0,1.0,0.6608913,1.0,-1.0,1.0,-1.0,1.0,1.0,0.72037166,1.0,1.0,1.0,1.0,1.0,-1.0,-0.8344072,1.0,1.0,1.0,-0.20593569,1.0,1.0,-1.0,1.0,1.0,1.0,1.0,1.0,1.0,-1.0,1.0,-1.0,-1.0,1.0,-1.0
BSH2%UPI0006C1ADDE,-1.0,-1.0,1.0,1.0,0.6292456,-1.0,1.0,-1.0,1.0,1.0,-0.2567246,1.0,1.0,-0.21168487,1.0,1.0,-1.0,0.60801286,0.5384592,-1.0,-1.0,1.0,1.0,0.2992393,-0.89805526,1.0,1.0,-1.0,1.0,1.0,-0.8947792,1.0,-1.0,1.0,-0.9496868,1.0,1.0,1.0,0.789419,1.0,0.24757944,1.0,1.0,-1.0,-0.9318076,1.0,1.0,1.0,-0.6741247,1.0,0.5702742,-1.0,1.0,1.0,1.0,-0.052372135,0.53946275,1.0,-0.9068348,1.0,-1.0,-1.0,0.80510336,-1.0
BSH2%UPI0006C28698,-1.0,0.28707275,-1.0,-1.0,-1.0,-0.048419774,-1.0,-0.95854205,-0.954896,-1.0,-1.0,-0.373345,-1.0,0.04554672,-1.0,-1.0,-1.0,-1.0,-1.0,-1.0,0.37166178,-1.0,-0.13139349,-0.70269686,0.10365962,-1.0,-1.0,1.0,-0.82223994,0.45084625,0.59752345,-1.0,0.08535798,-0.86087817,-0.23836802,-0.5569058,-0.85328555,0.69456154,-1.0,-1.0,-0.18090226,-1.0,-1.0,-1.0,0.3297218,-0.33208123,-1.0,-1.0,-0.34819975,-1.0,-1.0,-1.0,-1.0,-1.0,-0.13521744,-0.7289839,-1.0,-1.0,1.0,-1.0,-0.35368723,1.0,-0.94452715,1.0
BSH2%UPI0006C45BC8,1.0,0.4095251,1.0,0.64632803,1.0,1.0,1.0,1.0,1.0,1.0,1.0,1.0,0.78867215,-0.05020096,1.0,1.0,1.0,1.0,1.0,1.0,1.0,1.0,1.0,0.14956954,1.0,1.0,-0.75806695,1.0,1.0,0.7763511,1.0,1.0,0.1752456,1.0,1.0,1.0,-0.06457153,-0.3166714,1.0,1.0,1.0,1.0,1.0,1.0,1.0,1.0,1.0,0.85114586,1.0,1.0,1.0,1.0,1.0,1.0,1.0,1.0,1.0,1.0,1.0,1.0,1.0,0.5797355,1.0,-0.41903034
BSH2%UPI0006C4A6B6,1.0,1.0,-1.0,1.0,-1.0,-1.0,-1.0,-0.82959193,-0.05487541,-1.0,-1.0,-1.0,-1.0,-1.0,-1.0,-1.0,1.0,1.0,-0.47386724,1.0,-1.0,-1.0,-0.9303861,0.14363426,1.0,-1.0,-1.0,-1.0,-1.0,-1.0,-1.0,-1.0,1.0,-1.0,-1.0,-1.0,1.0,-1.0,-1.0,-1.0,-1.0,-0.87826985,-1.0,-0.30452305,-1.0,-1.0,-1.0,1.0,-1.0,-1.0,-1.0,-1.0,-1.0,-1.0,-1.0,0.8755303,-1.0,-1.0,-1.0,-1.0,1.0,1.0,-1.0,1.0
BSH2%UPI0006C706B0,-0.4143662,-1.0,1.0,1.0,0.58709663,-0.074398115,1.0,-0.30743793,1.0,1.0,0.84019774,1.0,1.0,-1.0,1.0,1.0,-1.0,1.0,1.0,-0.25179788,-0.7520228,1.0,0.73193014,-0.66477174,0.467133,1.0,0.20148328,-0.81367517,1.0,-0.8812042,-1.0,1.0,-1.0,1.0,-1.0,1.0,0.55186737,1.0,1.0,1.0,-0.477417,1.0,1.0,1.0,1.0,1.0,1.0,1.0,0.0019642354,1.0,1.0,-0.98949134,1.0,1.0,0.40659478,0.59280455,0.8606046,1.0,-1.0,1.0,-1.0,-1.0,1.0,-1.0
BSH2%UPI0006CAB5AD,-0.39289525,0.52793616,0.0040224623,-1.0,-0.7510055,1.0,1.0,1.0,-1.0,-1.0,-1.0,-1.0,-0.012161138,1.0,-0.28588885,0.45866048,-0.38383842,-0.043073803,1.0,1.0,1.0,1.0,-1.0,-1.0,-0.68891245,-1.0,-1.0,1.0,-0.19239494,-1.0,-0.9542726,-0.050264,-0.21976458,1.0,1.0,1.0,-1.0,1.0,0.21616715,-0.3997658,1.0,1.0,1.0,1.0,1.0,1.0,-0.93577474,-1.0,1.0,1.0,1.0,-0.38190418,-0.38560894,-1.0,0.99170476,0.5334733,-1.0,-0.3330178,1.0,1.0,-0.49179196,0.036412347,1.0,-0.95285696
BSH2%UPI0006CABDF6,-1.0,-1.0,-1.0,-1.0,-1.0,-1.0,-1.0,-1.0,-1.0,-1.0,-1.0,-1.0,-1.0,0.97337437,-1.0,-1.0,-1.0,-1.0,-1.0,-1.0,-1.0,-1.0,-0.93059576,0.12567666,-1.0,-1.0,0.81081206,-0.26365998,1.0,1.0,0.57491136,-1.0,-1.0,1.0,-1.0,1.0,-0.24106026,1.0,-1.0,-1.0,-1.0,-1.0,-1.0,-1.0,-1.0,0.122001916,-1.0,-1.0,-1.0,-1.0,-0.42731225,-1.0,-1.0,-1.0,0.7934561,-1.0,-1.0,-1.0,1.0,-1.0,-1.0,-1.0,-1.0,-1.0
BSH2%UPI0006CABE2C,1.0,-1.0,1.0,-0.536216,0.59828866,1.0,1.0,1.0,1.0,0.030131187,0.3539606,1.0,1.0,0.3272494,1.0,1.0,-0.67016804,1.0,1.0,0.48075113,0.78941,1.0,0.706893,-0.9692442,0.62180215,1.0,-0.25819567,1.0,1.0,-0.9390571,-0.0901119,1.0,-1.0,1.0,1.0,1.0,-0.6087338,1.0,1.0,0.5070469,-0.29587153,1.0,1.0,1.0,1.0,1.0,1.0,0.55014163,1.0,1.0,1.0,-0.7401943,1.0,0.9489897,-0.3556778,1.0,0.2793777,1.0,0.76689684,1.0,0.7834996,-1.0,1.0,-1.0
BSH2%UPI00082051E1,-1.0,-1.0,1.0,1.0,1.0,-1.0,1.0,-1.0,1.0,1.0,1.0,1.0,1.0,-1.0,1.0,1.0,-1.0,1.0,1.0,-1.0,-1.0,1.0,1.0,1.0,-0.7051278,1.0,1.0,-1.0,1.0,1.0,-1.0,1.0,-1.0,1.0,-1.0,1.0,1.0,1.0,1.0,1.0,0.3080743,1.0,1.0,-0.23347522,0.052259877,1.0,1.0,1.0,-0.5796717,1.0,1.0,-1.0,1.0,1.0,1.0,0.60921586,1.0,1.0,-1.0,1.0,-1.0,-1.0,1.0,-1.0
BSH2%UPI000820857A,-1.0,-1.0,1.0,1.0,1.0,-1.0,1.0,-1.0,1.0,1.0,1.0,1.0,1.0,1.0,1.0,0.96002847,-1.0,1.0,1.0,-1.0,-1.0,0.9377749,1.0,0.3181281,-1.0,1.0,1.0,-0.7986019,1.0,1.0,-0.8310677,1.0,-1.0,1.0,-0.6877758,1.0,1.0,1.0,1.0,1.0,1.0,1.0,1.0,0.5804288,0.9091181,1.0,1.0,1.0,0.5895118,1.0,1.0,-1.0,1.0,1.0,1.0,-1.0,1.0,1.0,0.104882844,1.0,-1.0,-1.0,0.66632265,-1.0
BSH2%UPI000820B778,0.23515783,0.54790336,-1.0,0.09899494,-0.10984723,1.0,-1.0,1.0,-1.0,-0.9672539,-1.0,-1.0,-1.0,-0.19808345,-1.0,-1.0,0.7009766,-0.3680386,-0.4200408,1.0,1.0,-0.28012127,-0.3903343,-1.0,0.50510454,-1.0,-1.0,0.14178298,-1.0,-0.46652463,-0.62493324,-1.0,0.6385205,-1.0,0.36979797,-1.0,-0.31314373,-1.0,-1.0,-0.37766534,-0.6433352,-1.0,-1.0,-0.52613634,-0.7659567,-1.0,-1.0,-0.05745723,-0.44776466,-0.41115436,-1.0,0.9811309,-1.0,-1.0,-1.0,-0.46291935,-0.80322206,-0.5310702,-0.9449998,-1.0,0.29502565,1.0,-1.0,1.0
BSH2%UPI000820F666,1.0,1.0,-1.0,-1.0,-1.0,1.0,-1.0,1.0,-1.0,-1.0,-1.0,-1.0,-1.0,0.47436982,-1.0,-1.0,1.0,0.4524353,0.0997571,1.0,1.0,1.0,-1.0,-1.0,0.37129754,-1.0,-1.0,1.0,-1.0,-1.0,-1.0,-1.0,1.0,-1.0,1.0,-1.0,-1.0,-1.0,-1.0,-1.0,-1.0,-1.0,-1.0,1.0,0.48186788,-1.0,-1.0,-1.0,1.0,-1.0,-1.0,1.0,-1.0,-1.0,-1.0,0.7456319,-1.0,-1.0,0.9042655,-1.0,1.0,1.0,-1.0,1.0
BSH2%UPI000821232B,-1.0,1.0,-1.0,-1.0,-1.0,1.0,-1.0,0.42164692,-1.0,-1.0,-1.0,-1.0,-1.0,0.33900428,-1.0,-1.0,-1.0,-1.0,-1.0,-1.0,1.0,-1.0,-1.0,-1.0,-1.0,-1.0,-1.0,1.0,-1.0,1.0,1.0,-1.0,-0.79276806,-1.0,0.49108785,-0.2641241,-1.0,-1.0,-1.0,0.011109176,0.50665116,-1.0,-1.0,-1.0,-1.0,-1.0,-1.0,-1.0,-1.0,1.0,-1.0,0.06407578,-1.0,-1.0,1.0,-1.0,-1.0,-1.0,0.7514097,-1.0,-1.0,1.0,-1.0,1.0
BSH2%UPI0008219BA0,-1.0,-1.0,1.0,1.0,1.0,-1.0,1.0,-1.0,1.0,1.0,1.0,1.0,1.0,-1.0,1.0,1.0,-1.0,1.0,1.0,-1.0,-1.0,1.0,1.0,1.0,-0.85614955,1.0,1.0,-1.0,1.0,1.0,-1.0,1.0,-1.0,1.0,-1.0,1.0,1.0,1.0,1.0,1.0,-1.0,1.0,1.0,1.0,0.94123745,1.0,1.0,1.0,-0.045171153,1.0,1.0,-1.0,1.0,1.0,1.0,1.0,1.0,1.0,-1.0,1.0,-1.0,-1.0,1.0,-1.0
BSH2%UPI0008222B5A,1.0,-1.0,1.0,1.0,1.0,1.0,1.0,-1.0,1.0,1.0,1.0,1.0,1.0,-1.0,1.0,1.0,-1.0,1.0,1.0,-0.2860735,1.0,1.0,1.0,0.85967827,1.0,1.0,1.0,-0.99401104,1.0,1.0,1.0,1.0,-1.0,1.0,-0.8161602,1.0,1.0,-1.0,1.0,1.0,1.0,1.0,1.0,-1.0,-1.0,1.0,1.0,1.0,-0.6826326,1.0,1.0,1.0,1.0,1.0,1.0,1.0,1.0,1.0,-1.0,1.0,-1.0,-1.0,1.0,1.0
BSH2%UPI00082257EE,-1.0,1.0,-1.0,-1.0,-1.0,-1.0,-1.0,0.74571246,-1.0,-1.0,-1.0,-1.0,-1.0,0.8251921,-1.0,-1.0,0.43165278,-1.0,-1.0,0.6139251,1.0,-1.0,-1.0,-1.0,-1.0,-1.0,-1.0,1.0,-1.0,-1.0,-0.9664099,-1.0,1.0,-1.0,0.010687441,-1.0,-1.0,-0.4236231,-1.0,-1.0,-1.0,-1.0,-1.0,-1.0,-1.0,-1.0,-1.0,-1.0,-1.0,-1.0,-1.0,-1.0,-1.0,-1.0,-1.0,-1.0,-1.0,-1.0,0.9085555,-1.0,-0.048269413,1.0,-1.0,1.0
BSH2%UPI00082332C0,1.0,1.0,-1.0,0.53847593,-1.0,-0.41318426,-1.0,-1.0,-0.59814817,0.13133535,-1.0,-1.0,-1.0,-1.0,-1.0,-1.0,-1.0,-1.0,-1.0,-1.0,0.5771658,-1.0,1.0,0.9865508,1.0,-1.0,-0.31104767,-1.0,-1.0,1.0,1.0,-1.0,0.6258829,-1.0,-1.0,-1.0,-0.113760546,-1.0,-1.0,1.0,0.29479444,-1.0,-1.0,-1.0,-1.0,-1.0,-1.0,-1.0,-1.0,-1.0,-1.0,1.0,-1.0,-1.0,1.0,-0.106974214,-0.46099204,-1.0,-0.94687986,-1.0,-0.6907886,1.0,-1.0,1.0
BSH2%UPI00095B7069,1.0,-1.0,1.0,1.0,1.0,1.0,1.0,-0.4170236,1.0,1.0,1.0,1.0,1.0,-1.0,1.0,1.0,0.54000944,1.0,1.0,1.0,1.0,1.0,1.0,1.0,1.0,1.0,1.0,-1.0,0.9750076,1.0,0.34961712,1.0,-1.0,1.0,-0.24653493,1.0,1.0,-1.0,1.0,1.0,-0.3037391,1.0,1.0,-1.0,-1.0,1.0,1.0,1.0,-0.06725976,1.0,0.674672,1.0,1.0,1.0,0.72138363,1.0,0.72251457,1.0,-1.0,1.0,1.0,-1.0,1.0,1.0
BSH2%UPI000960BD65,1.0,-0.900383,1.0,1.0,1.0,0.10447062,0.29968607,-1.0,1.0,1.0,-0.5403312,1.0,0.25114003,-1.0,1.0,1.0,0.49222183,1.0,1.0,1.0,0.9145143,0.6382181,1.0,0.6052981,1.0,-0.6046563,0.8924751,-1.0,-1.0,0.48530382,-1.0,-1.0,-0.56727904,-0.743798,-1.0,-0.2968428,1.0,-1.0,-0.49584162,1.0,-1.0,1.0,1.0,-0.60554206,-1.0,0.08757276,1.0,1.0,-1.0,0.36716878,-1.0,-0.24263382,-0.4703998,0.017213214,-1.0,1.0,-0.35498965,1.0,-1.0,-0.5396272,0.37160274,-0.050861787,-0.28825852,1.0
BSH2%UPI000965B48B,-1.0,-1.0,1.0,1.0,1.0,-1.0,1.0,-1.0,1.0,1.0,1.0,1.0,1.0,-1.0,1.0,1.0,-1.0,1.0,1.0,-1.0,-1.0,1.0,1.0,0.19099854,0.28172493,1.0,1.0,-1.0,1.0,1.0,-1.0,1.0,-1.0,1.0,-1.0,1.0,1.0,1.0,1.0,1.0,-1.0,1.0,1.0,0.12590536,-0.55159885,1.0,1.0,1.0,-1.0,1.0,1.0,-1.0,1.0,1.0,1.0,1.0,1.0,1.0,-1.0,1.0,-1.0,-1.0,1.0,-1.0
BSH2%UPI00096829BD,1.0,1.0,1.0,0.89924496,1.0,1.0,1.0,1.0,1.0,1.0,1.0,1.0,0.088031076,1.0,1.0,1.0,1.0,-1.0,0.461095,1.0,1.0,1.0,1.0,0.97242206,1.0,1.0,0.28226313,1.0,1.0,1.0,1.0,1.0,0.8250921,1.0,1.0,1.0,-0.682822,0.6756011,1.0,1.0,1.0,-0.9448529,-1.0,-1.0,0.988396,1.0,1.0,0.21409947,1.0,1.0,1.0,1.0,1.0,1.0,1.0,1.0,-0.11827634,-0.43746793,1.0,1.0,1.0,1.0,1.0,1.0
BSH2%UPI000D1261F9,1.0,-1.0,1.0,0.8805323,1.0,1.0,1.0,0.75492376,0.73522615,1.0,0.72278523,1.0,0.024613874,1.0,0.8426446,1.0,-0.8647133,-1.0,0.1332977,0.53721017,1.0,1.0,1.0,-0.89046896,1.0,1.0,0.054440122,1.0,1.0,1.0,1.0,1.0,-1.0,1.0,1.0,1.0,-1.0,-1.0,1.0,1.0,1.0,-1.0,-0.7760269,-1.0,0.23764469,1.0,1.0,-0.33585057,1.0,1.0,1.0,1.0,1.0,1.0,1.0,1.0,0.866406,0.32570827,1.0,1.0,-1.0,-1.0,1.0,1.0
BSH2%UPI000E40484B,-0.47406504,-1.0,1.0,1.0,1.0,1.0,1.0,0.5515182,1.0,1.0,0.28251827,1.0,1.0,0.7971455,1.0,1.0,-0.8795407,1.0,1.0,0.35926563,1.0,1.0,1.0,-0.22982047,-0.04633321,1.0,1.0,0.3155569,1.0,1.0,-0.031773273,1.0,-1.0,1.0,0.5463935,1.0,1.0,1.0,1.0,1.0,1.0,1.0,1.0,0.5543419,0.87100255,1.0,1.0,1.0,0.9239379,1.0,1.0,0.9491262,1.0,1.0,1.0,1.0,-0.22548307,1.0,-0.71704686,1.0,-1.0,-1.0,1.0,-1.0
BSH2%UPI000E4418E2,-0.19023703,1.0,-1.0,-1.0,-1.0,-0.7267747,-1.0,1.0,-1.0,-1.0,-1.0,-1.0,-1.0,1.0,-1.0,-1.0,1.0,-1.0,-1.0,1.0,1.0,-1.0,-1.0,-1.0,-1.0,-1.0,-1.0,1.0,-1.0,-1.0,-1.0,-1.0,1.0,-1.0,1.0,-1.0,-1.0,1.0,-1.0,-1.0,-1.0,-1.0,-1.0,1.0,-0.55160195,-1.0,-1.0,-1.0,0.89032006,-1.0,-1.0,-1.0,-1.0,-1.0,-1.0,-1.0,-1.0,-1.0,1.0,-1.0,1.0,1.0,-1.0,1.0
BSH2%UPI000E4BF981,-1.0,1.0,-1.0,-1.0,-1.0,-1.0,-1.0,-0.35268965,-1.0,-1.0,-1.0,-1.0,-0.5298203,1.0,-1.0,-1.0,-0.7272907,-1.0,-1.0,0.5158266,0.73894703,-1.0,-1.0,0.6647951,-0.99017197,-1.0,-0.49897516,1.0,-1.0,-1.0,-1.0,-1.0,1.0,-1.0,-0.945695,-1.0,0.093346365,1.0,-1.0,-1.0,-1.0,-1.0,-1.0,-0.83833385,-0.87340254,-1.0,-1.0,-0.5175387,-0.020869344,-1.0,-1.0,-1.0,-1.0,-1.0,-0.995022,-0.8842293,-1.0,-1.0,0.36087263,-1.0,-0.4004666,1.0,-1.0,1.0
BSH2%UPI000E4E4D64,-1.0,-1.0,-0.19606726,0.35129985,0.12431221,-0.24672307,0.8206819,-1.0,0.20693287,1.0,1.0,-0.3683947,1.0,1.0,-1.0,-0.80079585,-1.0,-1.0,-1.0,-1.0,0.1873516,-0.15317245,1.0,1.0,-1.0,1.0,1.0,-0.11593527,1.0,1.0,0.83300143,1.0,-1.0,1.0,-0.38313738,1.0,1.0,1.0,0.17976072,1.0,1.0,-1.0,-0.39086452,-1.0,-0.005188579,1.0,1.0,0.57468265,-1.0,1.0,1.0,-1.0,1.0,1.0,1.0,-1.0,0.65706754,-0.34617177,-0.34142092,-1.0,-1.0,-1.0,-1.0,-1.0
BSH2%UPI000E53DAEE,0.86175156,-1.0,1.0,1.0,1.0,1.0,1.0,1.0,1.0,1.0,1.0,1.0,1.0,1.0,1.0,1.0,-0.9530403,1.0,1.0,1.0,1.0,1.0,1.0,0.94245243,0.14333002,1.0,1.0,1.0,1.0,1.0,1.0,1.0,-1.0,1.0,1.0,1.0,1.0,1.0,1.0,1.0,1.0,1.0,1.0,1.0,1.0,1.0,1.0,1.0,1.0,1.0,1.0,1.0,1.0,1.0,1.0,1.0,1.0,1.0,1.0,1.0,-1.0,-1.0,1.0,-1.0
BSH2%UPI000E7D8CB5,-1.0,1.0,-1.0,-1.0,-1.0,0.57909304,-1.0,-0.005357693,-1.0,-1.0,-1.0,-1.0,-1.0,1.0,-1.0,-1.0,-0.34207222,-1.0,-1.0,0.81857276,1.0,-1.0,-1.0,-0.018796116,-1.0,-1.0,-1.0,1.0,-1.0,-0.88060427,1.0,-1.0,1.0,-1.0,0.8487848,-1.0,-1.0,1.0,-1.0,-1.0,0.07641087,-1.0,-1.0,-1.0,0.014498305,-1.0,-1.0,-1.0,-0.3847078,-1.0,-1.0,-1.0,-1.0,-1.0,-1.0,-1.0,-1.0,-1.0,1.0,-1.0,-1.0,1.0,-1.0,1.0
BSH2%UPI000E80FD85,0.8972968,-0.025832206,1.0,0.05991183,1.0,1.0,1.0,0.73114264,0.3465097,1.0,0.39263597,-0.4649246,1.0,1.0,1.0,1.0,-0.05234548,-1.0,0.25168148,-0.21911642,1.0,1.0,1.0,-0.2532525,0.86950034,0.88106596,0.9393175,1.0,1.0,1.0,1.0,1.0,-0.57665,1.0,1.0,1.0,-0.4678095,1.0,1.0,1.0,1.0,-0.64012593,-0.4799852,-0.22702843,1.0,1.0,1.0,1.0,1.0,1.0,1.0,1.0,1.0,1.0,1.0,1.0,0.8051211,1.0,1.0,1.0,-0.30181316,-0.864854,1.0,0.6240419
BSH2%UPI000E92006C,0.03486691,-0.8462658,0.917807,0.21745446,1.0,1.0,1.0,0.19261858,0.36462477,1.0,0.8741292,1.0,0.80116546,1.0,0.48140967,1.0,-0.95448375,-1.0,-0.00049861637,0.15658873,1.0,0.5029976,1.0,-0.71008563,0.77840966,1.0,0.79826266,1.0,1.0,1.0,1.0,1.0,-1.0,1.0,1.0,1.0,-0.75231254,-0.27495435,1.0,1.0,1.0,-1.0,-0.8616037,-1.0,-0.33750996,0.6730111,1.0,0.6022813,1.0,1.0,1.0,1.0,1.0,1.0,1.0,1.0,1.0,1.0,1.0,1.0,-1.0,-1.0,0.811919,1.0
BSH2%UPI000EC98B2C,1.0,-1.0,1.0,1.0,-0.3050193,-1.0,1.0,-1.0,1.0,1.0,-0.49786818,1.0,1.0,-1.0,1.0,1.0,-1.0,1.0,1.0,-1.0,-1.0,1.0,1.0,0.21148692,1.0,1.0,1.0,-1.0,0.013660168,0.011903363,-1.0,-0.62102973,-1.0,1.0,-1.0,1.0,1.0,-1.0,-0.5661226,-0.7247113,-1.0,1.0,1.0,-1.0,-1.0,1.0,1.0,1.0,-1.0,-0.0008146881,-1.0,-1.0,0.8089977,-0.3787463,-0.77510154,1.0,0.17686886,1.0,-1.0,1.0,0.59241045,-1.0,1.0,-1.0
BSH2%UPI000ECC9F84,-1.0,0.7097945,-1.0,0.77852255,-1.0,-1.0,-1.0,-1.0,-0.0819015,0.69728625,0.59897697,-1.0,-1.0,0.7713028,-1.0,-1.0,-0.4148347,-1.0,-1.0,-0.21666004,0.83105874,-1.0,1.0,1.0,-0.7898712,-1.0,1.0,-0.46505716,-1.0,1.0,0.20909946,-1.0,1.0,-1.0,-0.60698026,-1.0,1.0,1.0,-1.0,-0.22558673,-0.8238179,-1.0,-1.0,-1.0,-0.10686894,-1.0,-0.15539183,1.0,-1.0,-1.0,-1.0,-1.0,-1.0,-0.42010388,-0.23542207,-1.0,-0.8063098,-1.0,-1.0,-1.0,-1.0,1.0,-1.0,1.0
BSH2%UPI000EE4CDBB,1.0,-1.0,1.0,1.0,1.0,-1.0,1.0,-1.0,1.0,1.0,1.0,1.0,0.64935786,-1.0,1.0,1.0,-0.59743917,0.5496262,-0.3942522,-1.0,-1.0,-1.0,1.0,1.0,1.0,1.0,1.0,-1.0,1.0,1.0,0.7055203,0.7478154,-0.8453296,-0.7941029,-1.0,-0.91280216,1.0,-1.0,0.36425367,1.0,-0.21178713,-0.29922688,-0.81538105,-1.0,-1.0,0.3027752,1.0,1.0,-1.0,0.2214457,-1.0,0.03322412,1.0,1.0,1.0,1.0,0.9997093,-0.24483237,-1.0,-1.0,-0.26165548,-0.5923827,0.14787823,1.0
BSH3%UPI000156F498,-1.0,-1.0,0.55067265,1.0,-1.0,-1.0,0.9127821,-1.0,0.5767075,1.0,-0.8674247,-1.0,0.9038647,-1.0,-0.11460304,-0.09754597,-1.0,-1.0,-1.0,-1.0,-1.0,-0.8690511,1.0,1.0,-0.80810344,0.38892668,1.0,-1.0,0.7460674,1.0,-1.0,0.0044214325,-1.0,-0.333014,-1.0,-0.4640543,1.0,-0.6688548,-1.0,1.0,-1.0,-1.0,-1.0,-1.0,-1.0,0.24645321,1.0,1.0,-1.0,-0.41597793,-0.022565456,-1.0,0.92565894,1.0,1.0,-0.7570425,0.34852448,-0.2344215,-1.0,-1.0,-1.0,-1.0,-0.6715107,0.9457218
BSH3%UPI00016547A5,0.78913134,1.0,-1.0,-1.0,-1.0,1.0,-1.0,1.0,-1.0,-1.0,-1.0,-1.0,-1.0,0.608163,-1.0,-1.0,1.0,-1.0,-1.0,1.0,1.0,-1.0,-1.0,-0.16677123,-0.11623235,-1.0,-1.0,-0.01577254,-1.0,-0.77025586,1.0,-1.0,1.0,-1.0,1.0,-1.0,-1.0,-1.0,-1.0,-1.0,-0.8472469,-1.0,-1.0,-1.0,-1.0,-1.0,-1.0,-1.0,-1.0,-1.0,-1.0,1.0,-1.0,-1.0,-1.0,-0.8059143,-1.0,-1.0,0.5708396,-1.0,1.0,1.0,-1.0,1.0
BSH3%UPI00017EF3F1,-0.43489367,1.0,-1.0,-1.0,-1.0,-0.25837252,-1.0,1.0,-1.0,-1.0,-1.0,-1.0,-0.88277555,1.0,-1.0,-1.0,1.0,-1.0,-1.0,1.0,0.78560317,0.3987688,-1.0,-1.0,-0.76503456,-1.0,-1.0,1.0,-1.0,-1.0,1.0,-1.0,1.0,-0.2256499,1.0,-0.2382822,-1.0,1.0,-1.0,-1.0,0.8033446,-0.9761442,-0.9291444,1.0,1.0,-0.9897142,-1.0,-1.0,1.0,-1.0,0.1798293,-0.05727665,-1.0,-1.0,-1.0,-1.0,-1.0,-0.49186972,1.0,0.5304738,0.69318444,1.0,0.090406686,-1.0
BSH3%UPI0001A5F983,-1.0,-1.0,1.0,1.0,1.0,-1.0,1.0,0.42427173,1.0,1.0,1.0,1.0,1.0,0.6529294,1.0,1.0,-0.92263496,1.0,1.0,1.0,-1.0,1.0,0.469321,0.67934406,-1.0,1.0,1.0,-1.0,1.0,-1.0,-1.0,1.0,-1.0,1.0,-0.9265978,1.0,1.0,1.0,1.0,1.0,-1.0,1.0,1.0,1.0,1.0,1.0,1.0,1.0,0.6466927,1.0,1.0,-1.0,1.0,1.0,-1.0,-1.0,1.0,1.0,-1.0,1.0,-1.0,-1.0,1.0,-1.0
BSH3%UPI0002132A6C,0.98513615,-1.0,1.0,1.0,1.0,1.0,1.0,0.98989266,1.0,1.0,1.0,1.0,1.0,1.0,1.0,1.0,-0.63981223,1.0,1.0,0.5460945,1.0,1.0,1.0,1.0,1.0,1.0,1.0,1.0,1.0,1.0,1.0,1.0,-1.0,1.0,1.0,1.0,0.6597747,1.0,1.0,1.0,1.0,1.0,1.0,1.0,1.0,1.0,1.0,1.0,1.0,1.0,1.0,1.0,1.0,1.0,1.0,1.0,1.0,1.0,1.0,1.0,-0.55211437,-1.0,1.0,-1.0
BSH3%UPI00033CE23D,1.0,1.0,-1.0,-1.0,-1.0,1.0,-1.0,1.0,-1.0,-1.0,-1.0,-1.0,-1.0,1.0,-1.0,-1.0,1.0,-0.4884915,-0.8627763,1.0,1.0,0.16050272,-1.0,-0.011936593,0.822369,-1.0,-1.0,1.0,-1.0,-1.0,-0.91531384,-1.0,1.0,-1.0,1.0,-1.0,-0.90929693,-1.0,-1.0,-1.0,-1.0,-1.0,-1.0,0.021289404,-1.0,-1.0,-1.0,-0.27640572,1.0,-1.0,-1.0,1.0,-1.0,-1.0,-1.0,1.0,-1.0,-1.0,0.4298077,-1.0,1.0,1.0,-1.0,1.0
BSH3%UPI00035F5DCE,1.0,-0.92898756,1.0,1.0,1.0,1.0,1.0,0.39628294,1.0,1.0,1.0,1.0,1.0,-1.0,1.0,1.0,1.0,1.0,1.0,1.0,0.46006158,1.0,1.0,1.0,1.0,1.0,1.0,-0.33750334,1.0,1.0,-0.30238247,1.0,-0.013904618,0.63583803,-0.23722544,0.040497158,1.0,-1.0,1.0,1.0,1.0,1.0,1.0,1.0,0.9478983,1.0,1.0,1.0,0.5862825,1.0,1.0,1.0,1.0,1.0,0.14459084,1.0,1.0,1.0,-1.0,1.0,1.0,-1.0,1.0,-1.0
BSH3%UPI0004DA32C0,-1.0,1.0,0.354384,-1.0,0.22228146,-1.0,-0.7328111,1.0,-1.0,-1.0,0.8231133,-1.0,1.0,1.0,0.7758822,-1.0,0.60844046,1.0,0.4175644,1.0,-0.733318,0.67339957,-1.0,0.46784338,-1.0,0.48840395,-0.37231672,1.0,-0.22151427,-1.0,0.12900722,0.050786022,1.0,1.0,1.0,0.30496445,-0.6792543,1.0,0.0429764,-1.0,0.26435146,1.0,1.0,1.0,1.0,0.471329,-0.83084035,-0.08817327,0.9352962,-1.0,0.8174729,-1.0,-0.5136902,-0.25356713,-0.061675295,-1.0,-1.0,0.49013066,1.0,1.0,-0.17143863,0.18560198,0.1974147,-1.0
BSH3%UPI00080CB216,0.39765188,-0.32503253,0.11575908,-0.8196049,0.70482713,1.0,1.0,1.0,0.3783311,0.15374313,-0.6117232,1.0,-1.0,0.15700296,0.36400118,0.69482046,1.0,-0.3517166,0.55755603,-0.028666755,0.8940066,-0.17884272,0.29846746,-1.0,-0.6023009,1.0,-1.0,1.0,1.0,1.0,1.0,1.0,-0.12265884,1.0,1.0,1.0,-1.0,-1.0,1.0,1.0,1.0,-0.3260106,-0.16933765,0.46024248,1.0,-0.47221738,0.12909876,-1.0,0.9369224,1.0,1.0,1.0,1.0,1.0,1.0,-0.16600445,1.0,0.31437585,1.0,0.30028355,0.029568318,-0.6249325,0.25238645,-0.93583614
BSH3%UPI00092A5378,1.0,0.15195487,1.0,1.0,1.0,1.0,1.0,1.0,1.0,1.0,1.0,1.0,1.0,1.0,1.0,1.0,1.0,1.0,1.0,1.0,1.0,1.0,1.0,1.0,1.0,1.0,1.0,1.0,1.0,1.0,1.0,1.0,0.57786345,0.9363432,1.0,0.62211037,0.4345756,0.78202534,1.0,1.0,1.0,1.0,1.0,1.0,1.0,1.0,1.0,1.0,1.0,1.0,1.0,1.0,1.0,1.0,1.0,1.0,1.0,1.0,1.0,1.0,1.0,-0.395494,1.0,-1.0
BSH3%UPI0009648BEC,1.0,1.0,-1.0,-1.0,0.8917555,1.0,-1.0,1.0,-1.0,-1.0,-0.37913132,-1.0,-1.0,1.0,-1.0,-1.0,1.0,-1.0,-1.0,1.0,1.0,-1.0,-1.0,0.3109106,1.0,-1.0,-1.0,1.0,-1.0,-1.0,1.0,-1.0,1.0,-1.0,1.0,-1.0,-1.0,-1.0,-1.0,-1.0,0.69014597,-1.0,-1.0,-0.8558293,-1.0,-1.0,-1.0,-0.27750212,1.0,-1.0,-1.0,1.0,-1.0,-1.0,-1.0,0.6037458,-1.0,-1.0,1.0,-1.0,1.0,1.0,-1.0,1.0
BSH3%UPI000E3F1C35,-0.8904328,-0.11816004,-0.8004629,-1.0,0.13944158,1.0,-0.023032133,1.0,-1.0,-1.0,-1.0,-1.0,-0.19953531,0.71758115,-1.0,-0.40689847,0.1176248,0.6049212,1.0,1.0,1.0,1.0,-1.0,-1.0,-0.025608622,-1.0,-1.0,1.0,-0.93117285,-1.0,-0.96182185,-1.0,-0.14181916,0.7839238,1.0,1.0,-1.0,0.6862242,-0.5400495,-0.6156827,-0.38104063,-0.20695181,0.67571217,0.57819885,-0.94759375,-0.13372275,-1.0,-0.8449111,1.0,1.0,1.0,1.0,-1.0,-1.0,-0.66015095,0.09022435,-1.0,0.43693048,0.7015819,0.33094352,-0.67623633,0.0549342,0.3704662,0.27518594
BSH3%UPI000E4DFA31,-1.0,-1.0,-1.0,1.0,0.0208708,0.21252209,-1.0,-1.0,1.0,1.0,0.9432436,0.13557392,-1.0,0.6755808,-1.0,-1.0,-1.0,-1.0,-1.0,-0.9340657,1.0,-1.0,1.0,1.0,-1.0,0.57084143,1.0,-0.1320023,-0.47935113,1.0,0.965116,-0.013999935,-0.96313924,-1.0,-0.55744565,-0.8240665,1.0,1.0,-1.0,1.0,-0.085662864,-1.0,-1.0,-1.0,-0.78494966,0.31817535,0.35712343,-0.56816876,-1.0,0.9017887,-0.3368765,-1.0,0.86036384,1.0,1.0,-1.0,-0.47747195,-1.0,-1.0,-1.0,-1.0,-0.94834334,-1.0,1.0
BSH3%UPI000E5302B4,1.0,0.17560701,0.93447137,1.0,1.0,1.0,0.6810586,-0.38575426,1.0,1.0,1.0,0.8939683,0.63203543,-1.0,0.7819804,1.0,0.8152913,0.47498697,0.6672955,0.9840174,0.8472285,0.4387143,1.0,0.103897795,1.0,0.0491152,0.27661365,-0.29835907,0.13988791,1.0,1.0,0.12769315,-0.005458218,-1.0,0.42180753,-0.96247786,0.8907063,-1.0,0.7804149,1.0,0.76150244,-0.73723656,-0.18964326,-0.13722025,-1.0,-0.6433852,1.0,1.0,1.0,0.9229648,-0.2286828,1.0,0.2240292,0.38494465,-0.55602133,1.0,0.6615133,1.0,-0.23441708,0.64735335,1.0,0.5758333,1.0,1.0
BSH3%UPI000E555DC1,0.20113665,1.0,-0.9595861,-1.0,-0.86099154,1.0,0.25502148,1.0,-1.0,-1.0,-1.0,-1.0,-1.0,0.33651796,-0.3549347,0.029965883,1.0,0.78999704,1.0,1.0,1.0,1.0,-1.0,-1.0,-0.9358821,-1.0,-1.0,1.0,-1.0,-1.0,-0.24594828,-1.0,0.9278678,0.54637575,1.0,1.0,-1.0,-0.88422585,-1.0,-1.0,-1.0,-0.32177156,0.34250078,0.94361407,0.21328911,-1.0,-1.0,-1.0,1.0,0.59174865,-0.39759886,-0.047790203,-1.0,-1.0,-1.0,-0.059973665,-1.0,-0.44641328,1.0,-0.03175897,0.19743702,1.0,-0.08728803,0.74735785
BSH3%UPI000E902C94,-0.047532324,-0.70158863,-0.13161494,1.0,0.61996764,1.0,-0.20325258,-0.019098742,-0.19440486,0.12082354,0.9333528,0.19394606,-0.010257709,0.28081426,0.18731603,0.5256688,-0.10694071,-0.34553954,-0.36553338,0.16258436,0.944451,-0.6527058,-0.18205895,0.22787954,-0.76977444,0.06565669,-0.5975494,-0.070843734,-0.84334445,-0.08479997,1.0,0.08778259,-0.13771158,-0.8463001,0.75780946,-0.4070715,-0.8697852,-1.0,-0.22035258,0.8394207,-0.3699841,-0.1517993,-0.16024332,-0.42388827,-0.4470869,-0.1399843,-0.78865856,0.6342941,0.2592203,-0.11683301,0.34746656,0.48856074,-0.44045398,0.3363191,-1.0,-0.9805242,-0.45896742,-0.7403401,0.12991852,-0.91932595,-0.507865,0.02257198,-0.9401929,1.0
BSH3%UPI000ED2B3A0,-0.41708753,-0.032616533,-1.0,1.0,-0.14914934,-0.7577016,-1.0,-1.0,0.45023206,0.44615933,0.14561361,-0.28465346,-0.10558919,-1.0,-1.0,-1.0,-0.68809664,-0.64671147,-1.0,-0.64817894,-0.084823996,-1.0,0.8470729,0.7271783,0.32612115,-0.92750627,0.14062566,-1.0,-1.0,0.7396577,-0.63063914,-1.0,0.030941404,-1.0,-1.0,-1.0,0.61158645,-0.7418419,-1.0,0.099351645,-1.0,-1.0,-0.91789794,-1.0,-1.0,-1.0,-0.3697108,0.5163539,-0.97532046,-1.0,-1.0,-0.8893073,-1.0,-0.745316,-1.0,-1.0,-0.14093845,-0.16574417,-1.0,-1.0,-0.896057,0.76861775,-1.0,1.0
BSH3%UPI000EF23C17,-1.0,-1.0,-1.0,-0.4395405,-1.0,-1.0,-1.0,-0.8643668,-1.0,-1.0,-1.0,-1.0,-0.04403867,0.45640925,-1.0,-1.0,-1.0,-0.54399055,-1.0,-1.0,-1.0,-0.991887,-1.0,-0.36981803,-1.0,-1.0,1.0,-1.0,-0.47215283,-1.0,-1.0,-1.0,-1.0,1.0,-1.0,1.0,1.0,1.0,-1.0,-1.0,-1.0,-1.0,-0.110196084,-1.0,-1.0,-0.65747803,-0.16021279,0.83340865,-1.0,-1.0,-1.0,-1.0,-1.0,-1.0,-1.0,-1.0,-1.0,-0.77304924,-1.0,-1.0,-1.0,-1.0,-1.0,-1.0
BSH4%UPI0001FAB233,-1.0,-1.0,1.0,0.64399374,-0.2905445,-1.0,1.0,-1.0,1.0,0.70849675,-1.0,1.0,1.0,-1.0,1.0,0.7567465,-1.0,0.8414504,0.59833986,-1.0,-1.0,1.0,0.6408311,-1.0,-0.13736843,1.0,-0.26441884,-1.0,1.0,0.28221726,-1.0,1.0,-1.0,1.0,-1.0,0.42433405,-0.71395993,0.68622094,1.0,0.87591845,-0.41338667,1.0,1.0,0.14261219,1.0,1.0,1.0,0.22759905,-1.0,0.660673,1.0,-1.0,1.0,1.0,1.0,-0.2161423,1.0,1.0,-0.79585266,1.0,-1.0,-1.0,1.0,-1.0
BSH4%UPI0006BEFACE,1.0,1.0,-1.0,-1.0,-0.1677437,1.0,-1.0,1.0,-1.0,-1.0,-0.6965756,-0.9737819,-1.0,1.0,-1.0,-0.953985,1.0,-1.0,-1.0,0.8825624,1.0,-1.0,-0.98285395,-0.82031053,0.73006135,-1.0,-1.0,1.0,-0.9328425,1.0,1.0,-0.62641305,1.0,-1.0,1.0,-0.67235696,-1.0,-1.0,0.11915661,-0.11582042,1.0,-1.0,-1.0,-1.0,-0.8445889,-1.0,-1.0,-1.0,1.0,1.0,-0.5773911,1.0,-1.0,-1.0,0.60220873,1.0,-0.5475257,-1.0,1.0,-1.0,1.0,1.0,-0.2280594,1.0
BSH4%UPI000822CCAE,-0.7901409,1.0,-1.0,-1.0,-1.0,-1.0,-1.0,1.0,-1.0,-1.0,-1.0,-1.0,-1.0,1.0,-1.0,-1.0,1.0,-1.0,-1.0,-0.38000694,0.07137855,-1.0,-1.0,-1.0,-0.056708038,-1.0,-1.0,1.0,-1.0,-1.0,1.0,-1.0,1.0,-1.0,1.0,-1.0,-1.0,-1.0,-1.0,-1.0,0.8720123,-1.0,-1.0,0.8464214,1.0,-1.0,-1.0,-1.0,1.0,-1.0,-1.0,0.5691571,-1.0,-1.0,-1.0,-1.0,-1.0,-1.0,1.0,-1.0,1.0,1.0,-1.0,1.0
BSH4%UPI0008CBCA16,0.119666316,-0.14372492,1.0,0.9620973,1.0,-1.0,0.66744226,0.025757931,1.0,1.0,1.0,1.0,1.0,1.0,1.0,1.0,0.617887,1.0,1.0,0.52275723,-1.0,1.0,0.20124353,1.0,1.0,1.0,1.0,0.35002467,1.0,-1.0,-1.0,1.0,0.77335685,0.32088384,-1.0,-0.46195707,1.0,1.0,1.0,0.2847712,1.0,1.0,1.0,1.0,1.0,1.0,1.0,1.0,0.98263586,-1.0,1.0,-1.0,1.0,1.0,1.0,0.7427418,1.0,1.0,1.0,1.0,1.0,-0.9900197,1.0,-1.0
BSH4%UPI000D27EFA9,1.0,1.0,-1.0,-1.0,-1.0,1.0,-1.0,1.0,-1.0,-1.0,-1.0,-1.0,-1.0,1.0,-1.0,-1.0,1.0,-1.0,-1.0,1.0,0.9550706,-1.0,-1.0,-1.0,0.85655534,-1.0,-1.0,1.0,-1.0,-1.0,1.0,-1.0,1.0,-1.0,1.0,-1.0,-1.0,-1.0,-0.8837215,-1.0,0.017251508,-1.0,-1.0,1.0,1.0,-1.0,-1.0,-1.0,1.0,-1.0,-1.0,1.0,-1.0,-1.0,-1.0,-0.74770796,-1.0,-1.0,1.0,-1.0,1.0,1.0,-1.0,1.0
BSH4%UPI000E54B9B5,-1.0,-0.22673972,-0.5993871,-1.0,-0.6676426,-1.0,-1.0,1.0,-1.0,-1.0,0.37945712,-0.5145938,0.8196527,1.0,-0.5018728,-1.0,0.63976777,1.0,0.8398806,0.9894101,-1.0,0.13864961,-1.0,-1.0,-1.0,-1.0,-1.0,0.7213822,-1.0,-1.0,-1.0,-1.0,1.0,-0.8870602,1.0,-1.0,-1.0,1.0,-0.051260315,-1.0,-0.501498,1.0,1.0,1.0,1.0,-0.5057911,-1.0,-0.9198007,0.90232515,-1.0,0.026847208,-0.5032091,-1.0,-1.0,-1.0,-1.0,-1.0,0.8228232,1.0,1.0,0.064061105,0.07794962,-0.97388244,-1.0
BaiA%SRR3992974_bin_8_EOPEKEED_01051__3-oxoacyl-_acyl-carrier-protein__reductase_FabG,-1.0,-1.0,1.0,1.0,1.0,-1.0,1.0,-1.0,1.0,1.0,1.0,1.0,1.0,0.0037074068,1.0,1.0,-1.0,1.0,1.0,-1.0,-1.0,1.0,1.0,1.0,-1.0,1.0,1.0,-1.0,1.0,0.85535735,-1.0,1.0,-1.0,1.0,-1.0,1.0,1.0,1.0,-0.26586726,1.0,-1.0,1.0,1.0,-0.06198568,-0.45244494,1.0,1.0,1.0,-1.0,0.16047469,1.0,-1.0,1.0,1.0,0.19100147,-1.0,0.67983705,1.0,-1.0,1.0,-1.0,-1.0,0.09995011,-1.0
BaiB%CosteaPI_2017__SID713A038-11-90-0__bin_26_fa_FGHNBBEK_00429__Bile_acid-coenzyme_A_ligase,1.0,-1.0,1.0,1.0,1.0,1.0,1.0,-1.0,1.0,1.0,1.0,1.0,0.88435715,-0.6638257,1.0,1.0,-1.0,-0.594705,1.0,-0.35033855,1.0,0.5193852,1.0,0.6592468,1.0,1.0,1.0,-0.020265399,1.0,1.0,1.0,1.0,-1.0,0.13779685,-0.002992868,1.0,1.0,-1.0,1.0,1.0,1.0,0.29229736,0.49302426,-1.0,-0.8475979,1.0,1.0,1.0,-0.43678874,1.0,1.0,1.0,1.0,1.0,1.0,1.0,1.0,0.63662547,-1.0,0.6183226,-0.60194826,-1.0,0.7165821,1.0
BaiB%bai_cluster_2%midas_uncultured_Eubacterium_73696%uncultured_Eubacterium_73696|FMDW01000013_871,1.0,1.0,-0.7278788,1.0,1.0,1.0,-1.0,-0.871634,1.0,1.0,1.0,0.31140763,-1.0,0.12212983,-0.49076524,0.91061956,1.0,-1.0,-1.0,0.50769514,1.0,-1.0,1.0,1.0,1.0,0.1460903,0.21316999,1.0,-0.631919,1.0,1.0,-0.27428415,1.0,-1.0,1.0,-0.8415499,0.44258606,-1.0,0.7937147,1.0,1.0,-1.0,-1.0,-1.0,-0.52917975,-1.0,0.009407162,-0.2322507,0.5322645,-0.24198689,-0.39505556,1.0,0.035479944,1.0,1.0,1.0,0.38671595,-1.0,0.29111266,-1.0,1.0,1.0,-0.87245667,1.0
BaiB%fig|1950888_3_peg_94|__Long-chain-fatty-acid--CoA_ligase_(EC_6_2_1_3)____Clostridiales_bacterium_UBA4701_|_1950888_3_,-1.0,-1.0,1.0,1.0,1.0,-1.0,1.0,-1.0,1.0,1.0,1.0,1.0,1.0,-0.47324055,1.0,1.0,-1.0,1.0,1.0,-1.0,-1.0,1.0,1.0,0.43015942,-1.0,1.0,1.0,-1.0,1.0,1.0,-1.0,1.0,-1.0,1.0,-1.0,1.0,1.0,1.0,1.0,1.0,0.67847633,1.0,1.0,-1.0,-0.46736777,1.0,1.0,1.0,-0.9178433,1.0,1.0,-1.0,1.0,1.0,1.0,-1.0,1.0,1.0,-1.0,1.0,-1.0,-1.0,1.0,-1.0
BaiCD%MEI3381486_1_FAD-dependent_oxidoreductase__Dorea_sp__,0.5272739,0.38255835,0.0905225,1.0,0.3777315,1.0,-0.0388681,-1.0,0.80530316,1.0,1.0,0.48319575,-0.46813056,0.35184953,0.33408788,0.5135129,-0.04987475,-1.0,-1.0,-1.0,1.0,-1.0,1.0,1.0,0.84511983,1.0,1.0,0.5056495,1.0,1.0,1.0,0.8142129,0.44727686,-0.7807421,0.37983477,0.42356172,0.88152975,0.09309861,0.34550428,1.0,1.0,-1.0,-1.0,-1.0,0.13412914,-0.4812427,1.0,1.0,0.32278502,-0.44792625,0.31801397,0.4866585,0.9372245,1.0,1.0,0.58367884,0.12055244,-0.9833415,0.71874964,-1.0,-0.083611585,0.6094554,-0.83525586,1.0
BaiCD%RaymondF_2016__P21E7__bin_22_fa_DDJCLBHB_00368__NADH_oxidase,1.0,1.0,-1.0,-1.0,-1.0,-0.6878725,-1.0,1.0,-1.0,-1.0,-1.0,-1.0,-1.0,-0.98410034,-1.0,-1.0,1.0,-1.0,-1.0,1.0,1.0,-1.0,-1.0,-0.07140156,1.0,-1.0,-1.0,0.44770712,-1.0,-1.0,-0.46496865,-1.0,1.0,-1.0,0.05223237,-1.0,-1.0,-1.0,-1.0,-1.0,-1.0,-1.0,-1.0,1.0,0.8189996,-1.0,-1.0,-1.0,0.64036244,-1.0,-1.0,1.0,-1.0,-1.0,-1.0,1.0,-1.0,-1.0,1.0,-1.0,1.0,1.0,-0.98044074,1.0
BaiCD%XieH_2016__YSZC12003_35390__bin_5_fa_PIKIEFGP_00577__NADH_oxidase,-1.0,-1.0,1.0,-0.29263923,1.0,-1.0,1.0,-1.0,0.76939785,0.8876538,1.0,1.0,1.0,0.5429446,1.0,0.59849757,-1.0,1.0,1.0,-1.0,-1.0,1.0,-0.37557217,-0.73368555,-1.0,1.0,1.0,-1.0,1.0,-1.0,-1.0,1.0,-1.0,1.0,-1.0,0.8096438,-0.18105124,1.0,1.0,0.3099338,0.36402425,1.0,1.0,1.0,1.0,1.0,1.0,1.0,0.7220437,0.61212754,1.0,-1.0,1.0,1.0,0.6935659,-1.0,1.0,1.0,0.10283625,1.0,-1.0,-1.0,1.0,-1.0
BaiE%LiJ_2017__H3M515915__bin_8_fa_COLEEGFP_01274__Bile_acid_7-alpha_dehydratase,-0.9787666,-1.0,0.9992683,1.0,1.0,1.0,1.0,-1.0,1.0,1.0,1.0,1.0,1.0,-0.11317341,0.97739315,1.0,-1.0,-1.0,-0.95602787,-1.0,0.28345814,-0.68578655,1.0,1.0,0.44909808,1.0,1.0,-0.58507186,1.0,1.0,1.0,1.0,-1.0,0.69893676,-0.19781046,1.0,1.0,-0.40585083,1.0,1.0,1.0,-1.0,-0.9787174,-1.0,-0.5031133,0.82347363,1.0,1.0,-0.46158972,0.40657595,1.0,0.04333805,1.0,1.0,1.0,-0.2542321,1.0,0.46580294,-0.63723433,-1.0,-1.0,-1.0,-0.70747304,1.0
BaiE%MCI8938768_1_nuclear_transport_factor_2_family_protein__Dorea_sp__,-0.93722606,-1.0,1.0,1.0,1.0,1.0,1.0,-1.0,1.0,1.0,1.0,1.0,1.0,-0.9747072,1.0,1.0,-1.0,1.0,1.0,-1.0,0.076507814,1.0,1.0,1.0,0.49731362,1.0,1.0,-1.0,1.0,1.0,0.8107322,1.0,-1.0,1.0,-0.78060406,1.0,1.0,0.17435358,1.0,1.0,1.0,1.0,1.0,-1.0,-0.7518697,1.0,1.0,1.0,-0.5680133,1.0,1.0,-0.2192965,1.0,1.0,1.0,0.737333,1.0,1.0,-1.0,1.0,-1.0,-1.0,1.0,-1.0
BaiE%fig|1950888_3_peg_203|__Bile_acid_7-alpha_dehydratase_(EC_4_2_1_106)_(BA7_alpha_dehydratase)_(Bile_acid-inducible_operon_protein_E)____Clostridiales_bacterium_UBA4701_|_1950888_3_,1.0,1.0,-1.0,-0.3795304,-1.0,1.0,-1.0,-0.49278384,-1.0,-0.62019604,-0.56467533,-1.0,-1.0,0.6013633,-1.0,-1.0,1.0,-1.0,-1.0,0.92403567,1.0,-1.0,0.674092,1.0,0.80440944,-1.0,-0.16165073,1.0,-1.0,1.0,1.0,-1.0,1.0,-1.0,1.0,-1.0,-0.1745777,-1.0,-1.0,0.46129823,1.0,-1.0,-1.0,-1.0,-1.0,-1.0,-1.0,-1.0,-0.46163303,-1.0,-1.0,1.0,-1.0,-0.9964642,0.29050374,0.08118618,-0.75304025,-1.0,0.22669631,-1.0,1.0,1.0,-1.0,1.0
BaiF%KarlssonFH_2013__S54__bin_27_fa_BBGPADBL_00031__Bile_acid-CoA_transferase,0.9904334,-1.0,1.0,1.0,1.0,1.0,1.0,0.8665606,1.0,1.0,1.0,1.0,1.0,0.5035192,1.0,1.0,0.86777616,1.0,1.0,1.0,0.5940908,1.0,0.20678797,0.13721597,-0.8020553,0.65269977,0.29373205,-0.51683414,0.47530487,-1.0,-1.0,0.92235374,-0.4136934,1.0,0.13241765,1.0,1.0,1.0,0.9651346,0.9353764,-0.789941,1.0,1.0,1.0,0.8802572,1.0,1.0,1.0,0.8105051,1.0,1.0,0.588834,1.0,0.83334047,-1.0,0.71969396,-0.2939352,1.0,-1.0,1.0,0.22855532,-1.0,1.0,-1.0
BaiF%LiJ_2014__MH0358__bin_56_fa_NPCPOAJM_00305__Bile_acid-CoA_transferase,-0.93237895,-0.23778546,-1.0,1.0,-0.87829804,1.0,-1.0,-1.0,0.64467216,1.0,0.49816748,-0.5047073,-1.0,-0.47223252,-1.0,-0.73276615,-1.0,-1.0,-1.0,-1.0,1.0,-1.0,1.0,1.0,0.78156626,0.32194924,1.0,-0.14351483,0.12246453,1.0,1.0,-0.24818714,-0.36689138,-1.0,-0.15938991,0.05013768,1.0,-1.0,-0.8075062,1.0,0.7599299,-1.0,-1.0,-1.0,-0.5505807,-1.0,0.49969092,0.19695248,-1.0,-1.0,-0.9494052,-0.25653479,0.076665044,1.0,1.0,-1.0,0.15125568,-1.0,-0.9134338,-1.0,-1.0,0.39654163,-1.0,1.0
BaiF%LiJ_2014__V1_FI37__bin_39_fa_IHFOFLIJ_00762__L-carnitine_CoA-transferase,1.0,-1.0,1.0,1.0,1.0,1.0,1.0,-0.53748703,1.0,1.0,1.0,1.0,1.0,-0.39727494,1.0,1.0,-0.15289205,1.0,1.0,0.2103597,0.8258343,1.0,1.0,0.64056873,1.0,1.0,1.0,-0.32432014,1.0,1.0,1.0,1.0,-1.0,1.0,0.4600716,1.0,1.0,-0.8718124,1.0,1.0,0.42970175,1.0,1.0,0.06375156,-0.14798738,0.71472156,1.0,1.0,0.4123163,0.7245759,1.0,0.64383715,1.0,1.0,0.20062497,1.0,1.0,1.0,-1.0,1.0,0.17155696,-1.0,1.0,0.2713208
BaiF%RaymondF_2016__P21E7__bin_22_fa_DDJCLBHB_00373__Bile_acid-CoA_transferase,1.0,1.0,-0.029152866,0.09656851,1.0,0.6101271,-1.0,0.8421128,-0.13441011,-0.3150662,0.84756994,0.33202866,0.38136858,0.5076429,-0.21500489,-0.17179453,1.0,-0.35863426,-1.0,1.0,1.0,-0.7432659,-0.4588085,0.18741253,1.0,-0.78397435,-1.0,1.0,-0.91537255,-0.5824359,0.9278277,-1.0,1.0,-1.0,0.539719,-1.0,-0.51012886,-0.38301867,-0.8427902,-1.0,0.5767342,-1.0,-1.0,1.0,1.0,-1.0,-0.37555623,1.0,1.0,-1.0,-1.0,1.0,-1.0,-1.0,-1.0,1.0,0.22374915,1.0,1.0,0.5715102,1.0,1.0,0.050891936,1.0
BaiF%SRR4783510_bin_28_GHBMCCFK_00008__L-carnitine_CoA-transferase,-1.0,1.0,-1.0,-1.0,-1.0,1.0,-1.0,-0.031741053,-1.0,-1.0,-1.0,-1.0,-1.0,1.0,-1.0,-1.0,1.0,-1.0,-1.0,1.0,1.0,-1.0,-1.0,1.0,-1.0,-1.0,-1.0,1.0,-1.0,-0.65805626,1.0,-1.0,1.0,-1.0,1.0,-1.0,-1.0,-1.0,-1.0,-1.0,-0.93640924,-1.0,-1.0,-1.0,-1.0,-1.0,-1.0,-1.0,-1.0,-1.0,-1.0,-0.51987875,-1.0,-1.0,-1.0,-1.0,-1.0,-1.0,1.0,-1.0,1.0,1.0,-1.0,1.0
BaiF%bai_cluster_2%midas_uncultured_Eubacterium_73696%uncultured_Eubacterium_73696|FMDW01000013_892,-1.0,1.0,-1.0,-1.0,-1.0,0.48922056,-1.0,0.03641939,-1.0,-1.0,-1.0,-1.0,-1.0,1.0,-1.0,-1.0,1.0,-1.0,-1.0,1.0,1.0,-1.0,-1.0,1.0,-1.0,-1.0,-1.0,1.0,-1.0,-1.0,1.0,-1.0,1.0,-1.0,1.0,-1.0,-0.504818,-1.0,-1.0,-1.0,-1.0,-1.0,-1.0,-1.0,-1.0,-1.0,-1.0,-1.0,-1.0,-1.0,-1.0,-1.0,-1.0,-1.0,-1.0,-1.0,-1.0,-1.0,-0.27686456,-1.0,0.6872074,1.0,-1.0,1.0
BaiF%fig|1950825_3_peg_1464|__L-carnitine_dehydratase_(EC_4_2_1_89)____Clostridiales_bacterium_UBA1701_|_1950825_3_,1.0,1.0,-1.0,-1.0,-0.67052203,1.0,-1.0,0.51982445,-1.0,-0.99879545,0.6212123,-1.0,-1.0,1.0,-1.0,-1.0,1.0,-1.0,-1.0,1.0,1.0,-1.0,-0.26947135,1.0,1.0,-1.0,-1.0,1.0,-1.0,0.75823826,1.0,-1.0,1.0,-1.0,1.0,-1.0,-1.0,-1.0,-1.0,-0.24060576,1.0,-1.0,-1.0,-0.5854002,0.364611,-1.0,-1.0,-1.0,0.46548817,-1.0,-1.0,1.0,-1.0,-1.0,-0.46055287,1.0,-0.86964357,-1.0,1.0,-1.0,1.0,1.0,-1.0,1.0
BaiG%LeChatelierE_2013__MH0251__bin_10_fa_BOBEKBFD_00006__Multidrug_resistance_protein_3,-1.0,-1.0,1.0,1.0,1.0,0.3372923,1.0,-1.0,1.0,1.0,1.0,1.0,1.0,-0.83498216,1.0,1.0,-1.0,-0.8661309,0.6607854,-1.0,0.32226005,-0.64762956,1.0,1.0,0.15925317,1.0,1.0,-1.0,1.0,1.0,0.32374325,1.0,-1.0,0.93432385,-1.0,1.0,1.0,1.0,1.0,1.0,0.748992,0.90267146,1.0,-1.0,0.23336089,1.0,1.0,1.0,-1.0,0.6374572,1.0,-1.0,1.0,1.0,1.0,0.28891954,1.0,0.87181216,-1.0,-0.11041841,-1.0,-1.0,-0.048376087,-0.053312633
BaiG%MBR4017991_1_MFS_transporter__Clostridia_bacterium_,1.0,-1.0,1.0,1.0,1.0,1.0,1.0,-1.0,1.0,1.0,1.0,1.0,1.0,-1.0,1.0,1.0,-1.0,1.0,1.0,-1.0,-1.0,1.0,1.0,1.0,1.0,1.0,1.0,-1.0,1.0,1.0,-0.6688682,1.0,-1.0,1.0,-1.0,1.0,1.0,-0.6266308,1.0,1.0,1.0,1.0,1.0,-0.44081923,-0.32521486,1.0,1.0,1.0,0.18595444,1.0,1.0,1.0,1.0,1.0,1.0,1.0,1.0,1.0,-1.0,1.0,-0.632872,-1.0,1.0,-1.0
BaiG%MDY4488523_1_MFS_transporter__Candidatus_Limivicinus_sp__,1.0,1.0,-1.0,-0.8794784,-1.0,1.0,-1.0,-0.31525016,-1.0,-1.0,-1.0,-1.0,-1.0,0.65550375,-1.0,-1.0,1.0,-1.0,-1.0,0.649216,1.0,-1.0,0.605382,1.0,1.0,-1.0,-0.8300117,1.0,-1.0,1.0,1.0,-1.0,1.0,-1.0,1.0,-1.0,-1.0,-1.0,-1.0,0.7715921,1.0,-1.0,-1.0,-1.0,-1.0,-1.0,-1.0,-1.0,-0.7930856,-1.0,-1.0,1.0,-1.0,-1.0,0.50790125,-0.21747488,-1.0,-1.0,0.46374494,-1.0,1.0,1.0,-1.0,1.0
BaiH%MEE0204071_1_FAD-dependent_oxidoreductase__Oscillospiraceae_bacterium_,1.0,1.0,-1.0,0.47836512,-0.5588859,0.79431564,-1.0,-0.86890393,-0.23852344,0.22762062,1.0,-1.0,-1.0,0.4744074,-1.0,-1.0,1.0,-1.0,-1.0,1.0,1.0,-1.0,0.74852717,1.0,0.29692176,-1.0,0.15423444,0.12330323,-1.0,-0.37240374,0.35826373,-1.0,1.0,-1.0,0.1267337,-1.0,1.0,-1.0,-1.0,-1.0,-0.74558824,-1.0,-1.0,-0.16373815,-0.31126907,-1.0,-1.0,0.24494882,-0.3788319,-1.0,-1.0,0.523601,-1.0,-1.0,-1.0,-0.17529245,-0.500826,-1.0,-1.0,-1.0,1.0,1.0,-1.0,1.0
BaiH%Obregon-TitoAJ_2015__NO11__bin_28_fa_ODBMCAMJ_01962__NADH_oxidase,1.0,1.0,-1.0,1.0,1.0,1.0,-1.0,-0.4821354,0.3650737,1.0,1.0,-0.35442135,-0.7808356,1.0,-1.0,-0.31745175,1.0,-1.0,-1.0,1.0,1.0,-1.0,1.0,1.0,1.0,-0.3539346,1.0,1.0,-1.0,1.0,1.0,-0.3085526,1.0,-1.0,1.0,-1.0,1.0,0.11612943,0.33896533,1.0,1.0,-1.0,-1.0,-0.48650515,1.0,-1.0,-0.1828047,0.5416645,1.0,-0.53593206,-0.959233,1.0,-0.37570372,1.0,1.0,0.08266686,0.19709922,-1.0,0.93140626,-1.0,1.0,1.0,-1.0,1.0
BaiH%bai_cluster_2%midas_uncultured_Eubacterium_73696%uncultured_Eubacterium_73696|FMDW01000013_836,0.6303282,-0.27819848,1.0,1.0,1.0,1.0,1.0,-0.67812395,1.0,1.0,1.0,1.0,1.0,1.0,1.0,1.0,0.7039252,0.8124753,1.0,1.0,1.0,-0.25687817,1.0,1.0,0.59981424,1.0,1.0,1.0,1.0,1.0,1.0,1.0,0.48928955,0.6442619,1.0,0.89070517,1.0,1.0,1.0,1.0,1.0,1.0,0.93836135,0.55716366,1.0,1.0,1.0,1.0,0.9452953,1.0,1.0,0.17843899,1.0,1.0,1.0,1.0,-0.10742942,0.9981648,0.18430501,0.9522491,0.59563667,-0.24659902,0.34109953,0.16858645
BaiI%QinJ_2012__CON-070__bin_41_fa_AAAKDJOM_00400__hypothetical_protein,-1.0,1.0,-1.0,-1.0,-1.0,1.0,-1.0,-0.7890299,-1.0,-1.0,-1.0,-1.0,-1.0,1.0,-1.0,-1.0,-0.24799532,-1.0,-1.0,0.33452237,1.0,-1.0,-0.74194044,1.0,-1.0,-1.0,0.044053156,1.0,-1.0,1.0,1.0,-1.0,1.0,-1.0,1.0,-0.81801313,-0.36776364,-0.06636585,-1.0,-0.12732486,0.7803022,-1.0,-1.0,-1.0,-0.08056914,-1.0,-1.0,-1.0,-0.7327244,-1.0,-1.0,-0.12487159,-1.0,-1.0,-0.39476097,-1.0,-1.0,-1.0,0.7029817,-1.0,-1.0,1.0,-1.0,1.0
