Family,3oxoDCA,3oxoLCA,7oxoDCA,Ala_CA,Ala_CDCA,Ala_DCA,Arg_CA,Arg_DCA,Asn_CA,Asn_CDCA,Asn_DCA,Asp_CA,Asp_CDCA,Asp_DCA,CA,CDCA,DCA,GCA,GCDCA,GDCA,GLCA,GUDCA,Gln_CA,Gln_CDCA,Gln_UDCA,Glu_CA,Glu_CDCA,Glu_DCA,His_CA,His_CDCA,His_DCA,IleLeu_CA,LCA,Lys_CA,Lys_CDCA,Lys_DCA,Met_CA,Met_CDCA,Phe_CA,Phe_CDCA,Phe_DCA,TCA,TCDCA,TDCA,TLCA,TUDCA,Thr_CA,Thr_CDCA,Thr_DCA,Trp_CA,Trp_CDCA,Trp_DCA,Tyr_CA,Tyr_CDCA,Tyr_UDCA,UDCA,Val_CA,Val_CDCA,Val_DCA,isoCA_aMCA,isoDCA_isoCDCA,isoLCA,isoUDCA,isoalloLCA
12aHSDH%GENOME015584_936,-0.008323374,-0.0125830425,0.010672232,0.008828189,-0.0028886837,-0.00815475,0.010598425,-0.005028952,0.007394643,0.0048061544,-0.0019676879,0.007405101,0.009353955,-0.0064874715,0.0125292,0.007954562,-0.009863478,0.015091879,0.011073644,-0.002982048,-0.009655914,0.008997093,0.0050901566,-3.7060123e-05,-0.0015883313,0.006353989,0.0068535185,-0.0070173806,0.0038511462,-0.002787873,-0.0133275045,0.0010709414,-0.010756377,0.011274675,-0.009504419,0.009287614,0.010157734,0.0033606149,-0.002024528,-0.0017321217,-0.011029747,0.011350401,0.011035804,-0.0017533343,-0.003415355,0.007571772,0.01113875,0.01039537,-0.004556546,0.004951594,-0.0009924832,-0.0076381583,0.0031853365,-0.0029629993,-0.003725202,0.0019528238,-0.0037083884,0.007702334,-0.0088739805,0.009626512,-0.006974392,-0.011494538,0.006808481,-0.012444831
12aHSDH%GENOME077010_272,-0.012608486,-0.025727654,0.032047886,0.020839615,0.021480775,-0.005809681,0.031855725,-0.006846223,0.023910554,0.022660479,0.015862854,0.02268157,0.026203742,-0.0007652345,0.032181278,0.024785468,-0.013686302,0.02751072,0.025458694,-0.008169357,-0.019841291,0.021531342,0.015586865,0.004371306,-0.0038558007,0.03025464,0.02111176,-0.007969824,0.026627364,0.007938667,-0.00878045,0.031527456,-0.021648133,0.028903926,-0.0075808936,0.022966225,0.021852113,0.02042136,0.024416193,0.02018035,0.004117283,0.03379038,0.03196081,0.011934813,0.0088384375,0.029632596,0.029890068,0.025311498,0.0027670916,0.014817262,0.022268178,-0.007643791,0.031982973,0.02802434,0.011339574,0.0049808454,0.013500924,0.030493975,-0.007105979,0.033690147,-0.012019102,-0.030321123,0.020100148,-0.044825584
12aHSDH%GENOME126416_2228,0.0060272748,0.01210489,-0.018505616,-0.00799628,-0.010042745,0.0056008566,-0.020624235,0.01300235,-0.015635243,-0.014567851,-0.013475398,-0.014475658,-0.010183959,-0.0021633473,-0.01586833,-0.012259327,0.012026882,-0.001916904,-0.0059366943,0.015889563,0.011700031,-0.0037608421,-0.013283088,-0.008373581,0.0020085492,-0.025711946,-0.013353925,0.0032929739,-0.028251188,-0.016693138,-0.004008901,-0.027890045,0.011949905,-0.019757014,0.0050319014,-0.0120881125,-0.0089607155,-0.015914194,-0.019288806,-0.018131824,-0.012660279,-0.014734375,-0.01184777,0.004335663,-0.002476485,-0.021048412,-0.019278787,-0.008641619,0.00031367294,-0.010050813,-0.021357095,0.0052706883,-0.02659992,-0.029110668,-0.023179717,-0.0033512295,-0.012858777,-0.01270759,-0.000918238,-0.015781451,0.008306006,0.01676265,-0.012126301,0.028996516
12aHSDH%GENOME136792_1072,0.022388997,0.010708469,-0.0018014604,-0.004798038,0.0025220779,0.013264052,-0.005542511,-0.006133627,0.0018924945,0.0008485154,-0.0014976268,6.325665e-05,-0.009517815,-0.0021494366,-0.0071891416,-0.0022078152,0.003584425,-0.025116866,-0.019251414,-0.005318933,0.010553428,-0.012019469,0.004014951,-0.0027954408,0.012005214,0.0024608232,-0.009257333,0.0073380456,0.0063401354,0.015416138,0.015505464,0.0035307896,0.004104317,-0.013370696,-0.00025877086,-0.0113060335,-0.0135827195,-0.013590377,0.0052093305,0.01004591,0.015239185,-0.016888455,-0.019742968,-0.009857487,-0.0012716842,-0.00046837714,-0.005341883,-0.014532292,0.0014408326,0.0039722454,0.0033132895,0.0070636845,7.3372146e-05,0.00643536,0.014658148,0.011639715,0.0038930562,-0.011879116,0.007164169,-0.0013008228,0.011405128,0.013037677,0.005458741,0.018847933
12aHSDH%GENOME187328_883,0.0076669683,-0.0075337994,0.013041126,0.00917619,0.015541427,0.011684636,0.014463515,0.00067301793,0.012284357,0.012579415,0.011534317,0.01219115,0.008958049,0.00033334736,0.015722644,0.016778594,0.00211067,0.009539175,0.010155384,0.0018585165,0.0011599605,0.0070052976,0.010677849,0.0022975663,0.005602515,0.012690309,0.006116607,0.0017121915,0.013266426,0.007583727,0.009566615,0.014608519,-0.0047362144,0.007425908,0.004716411,0.0068814354,0.0062776213,-0.00011671405,0.017661287,0.014397996,0.010643759,0.006661808,0.0066266228,0.0044842716,0.0042438176,0.0061499383,0.012512145,0.012096992,0.006957935,0.009726299,0.012541793,0.010485418,0.013194843,0.012898657,0.0034410062,0.009695373,0.0056380634,0.012193595,0.003339678,0.013527285,0.0024693543,-0.0068398905,0.009846694,-0.008866056
12aHSDH%GENOME211747_1057,-0.021525202,-0.0029228255,-0.010210443,-0.0012295094,-0.006256455,0.0018913716,-0.006798661,-0.009164278,-0.0063090487,0.00015853472,-0.0015026067,-0.010214402,-0.0018789753,0.0046029766,-0.014186845,-0.009518854,-0.015201883,-0.021857386,-0.013751941,-0.010604649,0.008579841,-0.00701853,0.004646426,0.005802814,-0.0058945753,-0.0022509778,0.0093356455,2.4337765e-05,0.0019959789,0.014508477,0.005111171,-0.00042237103,-0.0068392525,7.878341e-05,0.000490751,0.0010278902,0.003176477,0.009614116,-0.008049376,0.0117253605,0.005253521,-0.014856402,-0.010744217,-0.017504621,-0.0053022504,0.0052455384,-0.0003080675,-0.005035618,-0.0070851217,0.007535743,0.0056864335,-0.0055497503,0.0020637456,0.009212398,0.016564546,-0.01297215,-0.0025228239,-0.013458675,-0.0017469604,-0.016182909,-0.019461732,-0.004303833,-0.012673087,0.009814485
12aHSDH%GENOME225739_454,0.011524491,-0.00969589,0.01697404,0.014907356,0.010141227,0.005631849,0.014830091,-0.0014359584,0.013818247,0.010876068,0.003884477,0.012991966,0.00814571,-0.006673285,0.019441491,0.018334903,0.0018727058,0.018954514,0.015731988,0.0029962712,0.002164715,0.011110277,0.0114421025,-0.00058267696,0.004564468,0.0100172255,0.003614393,-0.004354918,0.0069037755,0.0058410126,-0.002457085,0.00798325,-0.0060846186,0.007964853,-0.003618294,0.009460275,0.008286367,-0.0034765773,0.010358808,0.008567156,-0.001527045,0.013113149,0.010467683,-0.0012178164,-0.0033473833,0.006918614,0.013184659,0.0123181725,0.0013207574,0.010022466,0.0024957696,0.0020968274,0.008688674,0.0052752453,-0.00014945168,0.013157644,0.00085509283,0.010892703,-0.006999276,0.016021157,0.0046182345,-0.0063431896,0.013069452,-0.0038965887
12aHSDH%MBE7001463_1_SDR_family_oxidoreductase__Oscillospiraceae_bacterium_,0.023366794,0.00955193,0.002340837,0.010997386,0.004886055,0.00815792,0.0011757662,-0.005074844,0.010906679,0.009867886,0.005358933,0.006621084,-0.005437279,-0.005318763,0.0036050798,0.0059919655,0.0117637515,-0.0041764844,-0.0063091926,0.004209503,0.008069827,-0.009227029,0.013248823,0.0065780077,0.009743718,0.0011589312,-0.00091255835,4.5660963e-05,-0.0026455831,0.010956147,0.009985371,-0.0024462803,0.008330176,-0.007333174,-0.00032275834,-0.0039352486,0.0058526737,-0.008500433,0.00038424283,0.005721523,0.002656731,-0.008740835,-0.012459438,-0.010009232,-0.008530193,-0.008920172,0.003648117,0.0016218125,0.0010957919,0.0021581403,-0.009384546,0.009964956,-0.001538379,-0.0014470503,-0.0011762728,0.012497601,0.00058280537,-0.0075397748,-0.00017799994,-0.0038307114,0.013532068,0.011529518,0.0014103454,0.019353053
12aHSDH%MBP3571641_1_SDR_family_oxidoreductase__Clostridia_bacterium_,0.00056099263,-0.011803103,0.012354365,0.015214902,0.008292489,0.0041875453,0.010397957,-0.00054560526,0.012026273,0.010911558,0.0020541963,0.008622468,0.008201792,-0.0044088284,0.01426172,0.014373761,-0.003530849,0.014539332,0.013116289,0.0022053802,0.0026798719,0.00734007,0.011936448,0.0007643224,0.0018292932,0.0065302867,0.006650482,-0.0033960696,0.00074626127,0.0055930894,-0.0066909287,0.0039676116,-0.010001546,0.006317328,-0.0035546047,0.010311501,0.012389291,0.0010602959,0.0047935336,0.011711186,-0.0051086824,0.011737258,0.011033564,0.0011842554,0.00017026813,0.0069516925,0.012108202,0.011901549,-0.0013203163,0.009204494,-0.00014771691,-0.0030743636,0.0076065855,0.004918577,-0.0006840888,0.005012313,0.00034248515,0.007879839,-0.0111347055,0.010377165,-0.0027216321,-0.011051545,0.0064227427,-0.00026062387
12aHSDH%MBR0327374_1_SDR_family_oxidoreductase__Clostridia_bacterium_,-0.058178388,-0.011223024,-0.02399529,-0.0095031755,-0.031779118,-0.020097723,-0.013256439,-0.0088334195,-0.018441841,-0.017439866,-0.020600855,-0.011140022,-0.009282848,0.006245009,-0.027021535,-0.031252805,-0.028344613,-0.01634899,-0.01717037,-0.013958615,-0.009259798,-0.01366654,-0.010035984,-0.004153917,-0.023070555,-0.014955529,0.0022576854,-0.002506267,-0.0071521895,-0.0054253475,-0.008647832,-0.019874107,-0.009865217,0.008366142,-0.0076048146,0.0041963817,0.0049376134,0.02612075,-0.037112445,-0.018288298,-0.018664662,-0.014725502,-0.007158308,-0.013346298,-0.0071167964,-0.0020830021,-0.007758907,-0.0043764357,-0.009335766,-0.009933044,-0.015598166,-0.024239933,-0.019426323,-0.022592843,-0.010871558,-0.034207955,-0.014831398,-0.017300477,-0.001190836,-0.02908154,-0.036296576,-0.008720042,-0.026119845,-0.0011715664
12aHSDH%MBR6823493_1_SDR_family_oxidoreductase__Bacillota_bacterium_,-0.030030923,-0.013011821,-0.0018751747,-0.00067738845,-0.0053205704,-0.005974652,0.0036114494,-0.0070946678,-0.0016670955,-0.00087170914,-0.00087041385,0.0021273056,0.005186379,0.0028851419,-0.0047284146,-0.008022433,-0.019655729,-0.0057626707,-0.0035797763,-0.012514213,-0.008619342,-0.0001709591,0.0010973716,-0.0010921969,-0.006955079,0.005078533,0.007883781,-0.0016398266,0.011547104,0.0038371664,0.0002598682,0.005759483,-0.012318039,0.011200407,-0.0032245705,0.0062225293,0.0044707824,0.016782619,-0.0060446896,0.0019388653,-0.0009182223,-0.0015989125,0.0028516403,-0.0035617817,0.000940771,0.008686836,0.0058093416,0.004611045,-0.0015068103,0.0013609285,0.007825606,-0.01108012,0.0033043153,0.0033072496,0.0023916366,-0.014218477,0.0010600273,0.0038012636,0.0023295293,-0.0015571596,-0.021272095,-0.012650498,-0.0039963922,-0.015194697
12aHSDH%WP_055231566_1_SDR_family_NAD(P)-dependent_oxidoreductase__Anaerostipes_hadrus_,-0.002826846,-0.01950727,0.02965447,0.023490883,0.02617754,0.0013599747,0.026827894,-0.0031653496,0.025541237,0.024661718,0.020757344,0.023897279,0.02423078,0.00058716664,0.03142302,0.026408141,-0.004059161,0.030572416,0.027769193,0.0015024432,-0.008202353,0.018195847,0.01869327,0.009856711,-0.0002615856,0.026149377,0.02007584,-0.004250031,0.018867726,0.0071896506,-0.007060573,0.02555544,-0.013018781,0.019989582,-0.0026568703,0.017067362,0.022440396,0.01494545,0.025675278,0.020410245,0.005238918,0.030692682,0.028244719,0.012104174,0.008295082,0.021276088,0.02846873,0.026207495,0.006020167,0.013867588,0.015398193,-0.003040753,0.02751251,0.024685629,0.007162888,0.007009377,0.011963528,0.027440423,-0.0077020763,0.02801991,-0.0036355276,-0.021937098,0.016773775,-0.033467326
12aHSDH%WP_103229430_1_SDR_family_NAD(P)-dependent_oxidoreductase__Clostridium_sp__chh4-2_,0.011141501,-0.013472735,0.019692048,0.011754441,0.016150655,-0.00015288636,0.01274612,-0.015828565,0.019555248,0.018560821,0.008242444,0.012968154,0.010495255,-0.011012064,0.015703341,0.014830779,-0.011407485,0.0029508695,0.0065988447,-0.014891757,-0.009961626,0.005797293,0.016903803,-0.000100176294,0.0072507244,0.01863086,0.00978208,-0.012380401,0.015042412,0.014464205,-0.0038762772,0.022271516,-0.01617135,0.0022740054,-0.011842761,-0.0012117616,0.0072606253,-0.013271975,0.019426374,0.019366425,0.005339433,0.010567664,0.008284372,-0.0065260716,-0.0016276771,0.016092421,0.014912184,0.0077329944,-0.004361584,0.010499605,0.01481808,0.00019872961,0.020470886,0.022244787,0.013547132,0.009211126,0.015846506,0.013658228,-0.011413642,0.019955307,-0.0003496176,-0.013701659,0.014816036,-0.009944636
12aHSDH%WP_130435990_1_SDR_family_NAD(P)-dependent_oxidoreductase__Cuneatibacter_caecimuris_,0.009200583,-0.004382697,0.017121723,-0.008041068,0.013586299,0.007926296,0.013757429,0.0023222093,0.004890358,0.002929185,0.009011808,0.010855066,0.011862475,0.0045750733,0.012590326,0.008949859,-0.0018621243,0.002049931,0.005787358,-0.0058221277,-0.0027609277,0.01155184,-0.0021897375,-0.0067423163,0.0036363644,0.017559547,-0.0041634915,0.009369448,0.023407985,0.00090590393,0.005870366,0.02571283,-0.005189045,0.00926023,0.0022611525,0.0036080184,-0.012884388,0.006918559,0.025816321,0.011180367,0.019736499,0.013275182,0.0100756725,0.015459793,0.017939353,0.01914145,0.006328878,-0.0036948228,0.009926351,0.01189902,0.027899187,0.0038803525,0.017775802,0.019232988,0.01634369,0.008173263,0.010964626,0.01602904,0.014124422,0.02886797,0.0044927034,-0.0069505554,0.019940693,-0.03222918
12aHSDH%WP_160708750_1_SDR_family_NAD(P)-dependent_oxidoreductase__Enterorhabdus_sp__P55_,0.003278265,-0.017569406,0.025147282,0.021769797,0.019430256,0.0033065337,0.022894053,-0.0070264637,0.019682087,0.019604916,0.011943865,0.016875427,0.017775768,-0.0064357235,0.026767086,0.02604226,-0.008510116,0.0242821,0.024119165,-0.00085544435,-0.006564486,0.018419057,0.016295359,0.004375865,0.0032731974,0.017372113,0.0147016235,-0.008744111,0.014422339,0.00665219,-0.009044416,0.017636586,-0.01692236,0.01577131,-0.0060048047,0.017077345,0.018168848,0.0040902835,0.015793627,0.015749313,-0.0015808078,0.024286835,0.024237845,0.0045810165,-0.0008013821,0.017434927,0.023469202,0.024403617,0.0016420993,0.013861019,0.01238668,-0.0005049725,0.019703407,0.016029762,0.000897269,0.010866313,0.008122998,0.021584563,-0.0129546365,0.023243604,-0.0037471198,-0.01897509,0.015217696,-0.015824363
12aHSDH%WP_161844252_1_SDR_family_NAD(P)-dependent_oxidoreductase__Pseudoflavonifractor_sp__524-17_,0.00983106,-0.0020298464,0.010544333,-0.014728726,0.008539272,0.007517798,0.0052954582,0.00084222,0.0037728187,0.00068996043,0.0061601843,0.010615757,0.0043927673,0.0024278096,0.0065505314,0.0016414942,-0.0015292533,-0.0055579413,-0.0031363505,-0.008625675,-0.0036962342,0.0008130856,-0.0015181876,-0.00784063,0.0068755304,0.016915422,-0.0055923965,0.010513873,0.019967595,0.0027496621,0.009873588,0.022950249,-0.00341749,0.0026084005,0.0027582336,-0.002572548,-0.016891219,0.0016555402,0.023996241,0.008780037,0.01723731,0.0050748424,0.0010599277,0.009103374,0.01228963,0.011092966,0.0011516751,-0.010204992,0.0070751505,0.0053964388,0.022981215,0.0018080362,0.0134614445,0.017307505,0.014161562,0.0032310255,0.013468274,0.007914417,0.014784993,0.02307066,0.007962404,-0.0037291741,0.016001213,-0.028183108
12aHSDH%WP_418471294_1_SDR_family_NAD(P)-dependent_oxidoreductase__Eggerthella_sp__,-0.0047804085,-0.009297932,0.012554936,0.014975959,0.0039221565,0.00081802206,0.011713903,-0.013255767,0.014570533,0.015168991,0.007968942,0.01136372,0.007484443,-0.0017035401,0.011716993,0.013562603,-0.00798301,0.0067331796,0.006318771,-0.0048054126,0.004959168,-0.00051126926,0.017734187,0.011011861,-0.002088667,0.012156005,0.013081002,-0.0029882637,0.007980419,0.016534971,-0.00048681244,0.0079999,-0.008016935,0.009728908,-0.006815875,0.0062723784,0.016017087,0.0094882855,0.0037938484,0.015133232,0.0009558691,0.008564605,0.006440989,-0.011086837,-0.0053240536,0.011011346,0.016715549,0.012306012,-0.004216213,0.0144346785,0.0026584016,-0.0047331047,0.011908997,0.012485683,0.01117547,0.0037476453,-0.00062710576,0.0014754809,-0.009698809,0.0037036133,-0.008615267,-0.009580242,0.0021349683,-0.0017967318
12bHSDH%GENOME225741_180,-0.022118874,0.0042543137,-0.011878159,-0.0057297177,-0.022646548,-0.031886823,-0.014193453,0.002315551,-0.008983446,-0.013876578,-0.0021617382,-0.0065405583,-0.0017616119,0.0060640275,-0.008406719,-0.020668807,0.0035556916,0.013247992,-0.002764243,0.0023485979,-0.019432848,-0.01061227,-0.012737351,0.006192235,-0.014468733,-0.011300328,-0.0022894144,-0.006519861,-0.016565863,-0.027232647,-0.023712242,-0.026323209,0.014098057,-0.0033260337,-0.0073287813,-0.0042552627,0.0057638655,0.025266653,-0.02856269,-0.036972504,-0.023779223,0.005665958,0.0031765255,0.009834663,0.0022943467,-0.014625734,-0.006298672,0.005236078,-0.0023238438,-0.02736858,-0.029682416,-0.022482924,-0.021640394,-0.030291546,-0.028013466,-0.01803042,-0.013107365,-0.0042272857,-0.0024871388,-0.012989449,0.00030955893,0.007236033,-0.01591631,-0.01622118
3aHSDH%3aHSDH%HJB56827_1_3-oxoacyl-ACP_reductase_FabG__Candidatus_Flavonifractor_intestinipullorum_,0.019496392,0.015401939,-0.011067158,-0.00490468,0.0024379378,0.0162273,-0.0138865635,0.009979125,-0.007954912,-0.0058442038,0.0005773623,-0.0053750263,-0.0104824845,0.005474984,-0.010181443,-0.0051322086,0.015688637,-0.010219824,-0.0082723005,0.012077558,0.018759258,-0.0071593695,-0.0042184917,-0.0020099096,0.007078326,-0.01304127,-0.011944283,0.011090129,-0.010853214,-0.001386395,0.012381474,-0.009558153,0.013646244,-0.017782107,0.0112532815,-0.011861294,-0.010299447,-0.010518862,-0.0011307992,-0.0013415773,0.00791999,-0.014073534,-0.01399902,0.0034796475,0.0037310987,-0.013183526,-0.013487901,-0.006468664,0.007404427,-0.0041039633,-0.006958549,0.015477359,-0.011259201,-0.00893458,-0.0056927586,0.0060459357,-0.0032209072,-0.0074549015,0.008192647,-0.008822946,0.015833529,0.017299451,-0.0043182494,0.02285098
3aHSDH%3aHSDH%MBO5160353_1_3-oxoacyl-ACP_reductase_FabG__Lachnospiraceae_bacterium_,0.017993111,-0.0011104125,0.009262967,0.0057730842,0.0125796525,0.011625328,0.0043449234,-0.006047874,0.007063949,0.0077724974,0.006624192,0.0069906535,0.004567519,-0.0016843139,0.008038502,0.010218216,-0.00075541175,-0.0037704986,0.001204534,-0.0016223793,0.0061060935,9.8099736e-05,0.0069768727,0.00035656776,0.006617887,0.007889523,0.0027803162,0.0024645503,0.0066869855,0.010299696,0.005156945,0.00903806,-0.005737109,-0.0041864486,-0.002805078,-0.0018525769,-0.001167941,-0.012209508,0.011963508,0.012827298,0.009056422,-0.00080044917,-0.0023455403,-0.0038787299,-0.0010848941,0.0042886524,0.0056965114,0.0041222023,0.0021722887,0.008470519,0.008022927,0.0070604575,0.007882643,0.009447362,0.0071226195,0.010756063,0.0056455624,0.0045131305,-0.002893695,0.010059637,0.006482321,-0.0014312492,0.0090013,0.0047137127
3aHSDH%3aHSDH%MBQ7891058_1_3-oxoacyl-ACP_reductase_FabG__Erysipelotrichaceae_bacterium_,0.019147238,0.035261326,-0.03931739,-0.03505474,-0.028734993,0.0064047,-0.042887572,0.010440091,-0.02958858,-0.031655002,-0.019683905,-0.025289364,-0.03168605,0.0065592416,-0.039575897,-0.037040383,0.020836802,-0.042225663,-0.041553717,0.007700888,0.020131215,-0.03504406,-0.024833126,-0.009679063,0.002555084,-0.03420707,-0.033182126,0.018068502,-0.03204204,-0.013300577,0.013448322,-0.03701105,0.031440914,-0.039701235,0.009162311,-0.032062348,-0.034366757,-0.01814134,-0.027764829,-0.031994987,0.0022168548,-0.04171824,-0.04396965,-0.003664051,0.00096906064,-0.03477428,-0.041165434,-0.037048277,0.0020328022,-0.026147911,-0.0320802,0.004006071,-0.04121321,-0.03860406,-0.015125691,-0.006608586,-0.01339376,-0.03807463,0.019933809,-0.0328795,0.023334939,0.04239855,-0.020039147,0.04159468
3aHSDH%3aHSDH%MBR6526164_1_3-oxoacyl-ACP_reductase_FabG__Clostridia_bacterium_,0.00062475016,-0.007821933,0.010146511,0.0013717659,0.0063193627,0.0018122059,0.010717664,-0.00549707,0.0089087235,0.0068503106,0.0051185247,0.011762154,0.006983051,-0.0032317843,0.008607983,0.0069915825,-0.0068995804,-0.003193159,-0.0012738226,-0.011781191,-0.008927259,0.0024324784,0.006521546,-0.0019047182,0.0062947804,0.012773449,0.0030702204,0.0007437579,0.01686491,0.007852882,0.008450771,0.016585203,-0.008889167,0.0043615242,-0.0031981624,0.0024301934,-0.002165089,-0.004670956,0.01268534,0.01033825,0.009335044,-0.00019672261,-0.00057968503,-0.0009895777,0.0038777387,0.006990612,0.008586874,0.0026949837,0.0008445899,0.0069124587,0.015168702,0.0038919828,0.012511493,0.012298553,0.009457576,0.0036733216,0.009071619,0.009100338,0.0054575074,0.013428555,-0.0031440738,-0.00873136,0.010151892,-0.013238427
3aHSDH%3aHSDH%MCI8514525_1_3-oxoacyl-ACP_reductase_FabG__Lachnospiraceae_bacterium_,-0.014232163,0.016052945,-0.02935122,-0.01912202,-0.022458682,-0.00026221568,-0.027514128,0.0046802284,-0.024012787,-0.023108149,-0.012762599,-0.018823676,-0.014149164,0.012056641,-0.029591408,-0.03067884,0.0014577652,-0.02780137,-0.027477682,0.0016359276,0.010936327,-0.02373102,-0.019192716,-0.0014771367,-0.008211226,-0.02404129,-0.012270986,0.0126817,-0.019549673,-0.010511048,0.005356074,-0.026877489,0.01440247,-0.014877751,0.004663569,-0.012104176,-0.013492665,0.0065348675,-0.027086234,-0.023307888,-0.0038633142,-0.026598088,-0.025389858,-0.00478248,-0.0010228495,-0.01811182,-0.022896433,-0.014776076,0.0024282201,-0.01565137,-0.020970251,-0.0044539436,-0.026189627,-0.02659636,-0.010223405,-0.01971508,-0.014333282,-0.026725456,0.012899421,-0.027199632,-0.003013947,0.018180735,-0.022266492,0.019096548
3aHSDH%3aHSDH%MCM1345206_1_3-oxoacyl-ACP_reductase_FabG__Muribaculaceae_bacterium_,-0.009639522,-0.024577003,0.024566526,0.012812379,0.015142566,0.0044372235,0.031363178,-0.011053642,0.011337824,0.01368406,0.0070038736,0.015951388,0.021280913,-0.0020432482,0.022265082,0.023320697,-0.025477111,0.011715982,0.021877434,-0.014829898,-0.009251337,0.026133358,0.011114651,-0.003815556,-0.006278612,0.024268221,0.013119722,-0.006167401,0.030831354,0.013795239,-0.0054368745,0.032669663,-0.030799987,0.034296263,-0.0063313935,0.025318341,0.0028916302,0.008217354,0.021049088,0.023674948,0.0045259143,0.028672075,0.031409472,0.00261461,0.0052575707,0.04215574,0.020074971,0.008204459,-0.0015334907,0.02926775,0.03831307,-0.0046604937,0.029015252,0.027449217,0.018103244,0.0021522092,0.011335122,0.016448759,-0.009281387,0.027188426,-0.022383772,-0.030995298,0.017641477,-0.029674523
3aHSDH%3aHSDH%WP_062304377_1_SDR_family_NAD(P)-dependent_oxidoreductase__Sellimonas_intestinalis_,0.004653118,0.0015681036,0.003846856,-0.0045227157,0.004893546,0.0039220373,-0.0004277386,-0.00061418506,0.0031806165,0.0025359166,0.007634821,0.0075735194,0.0035020974,0.0006095938,0.0031894965,-0.00123939,0.0019914138,-0.003618264,-0.004428506,-0.0011837252,-0.0020547204,-0.0041823946,0.00081469136,0.0018121804,0.007030651,0.005003365,0.000664914,0.0046216906,0.008738742,-0.00302095,0.008771476,0.008070253,0.0027880974,-0.0009020045,0.002360591,-0.000687401,-0.002035561,0.0016078018,0.009466428,0.0014545071,0.010428728,-0.0025605154,-0.005106668,0.005013755,0.007936647,-0.0010489668,0.0002617312,-0.0008740462,0.0050680423,-0.00029404394,0.005864599,0.0038645256,0.0039309952,0.0045559737,0.0022377786,0.0024600276,0.0068931966,0.0052556293,0.011928192,0.008591962,0.007095782,0.0026476139,0.0071291137,-0.012943435
3aHSDH%3aHSDH%WP_117582908_1_MULTISPECIES__SDR_family_NAD(P)-dependent_oxidoreductase__unclassified_Collinsella_,-0.0064539486,0.0038243541,0.0016068503,0.0020881316,-0.0022851797,-0.008996632,-0.0040339706,-0.010883992,0.010149998,0.010500949,0.014771658,0.008627513,0.0019544854,0.0043942775,0.00017658273,-0.0037070897,0.0008551939,-0.008142058,-0.00949189,-0.0069228415,-0.00284365,-0.016464584,0.013049466,0.020114914,-0.0014370385,0.010494309,0.0116374735,0.0016858205,0.006188882,0.011765476,0.011932295,0.0050768848,0.007917237,-0.0028381732,-0.0025566956,-0.005946725,0.010810546,0.01398426,0.0013441977,0.0031956318,0.007121154,-0.0052081523,-0.008793517,-0.0064183385,0.0025382754,-0.0030961537,0.009181651,0.005661336,-0.0010973224,-0.0046558185,-0.007240465,-0.0065006004,0.005590846,0.009054381,0.010630789,-0.0043013482,0.0019536894,-0.0025367076,0.0040628924,-0.0062571885,-1.712595e-05,0.0025123274,-0.005170336,-0.00761812
3aHSDH%3aHSDH%WP_226969791_1_SDR_family_oxidoreductase___Ruminococcus__lactaris_,-0.031885143,-0.020247627,0.0056839413,0.0017357117,-0.015031521,-0.018509556,0.014023632,-0.008106929,0.0044965893,0.00044407832,-0.0077125784,0.008165146,0.00847936,-0.0052677453,0.0047926162,-0.0012914571,-0.024188733,0.007845084,0.0055474658,-0.01651879,-0.019042281,0.009429507,0.002982834,-0.0016377761,-0.0114246635,0.007302201,0.0077975816,-0.0078123296,0.008620528,0.0014165879,-0.01673671,0.003969529,-0.019539142,0.02468352,-0.012528373,0.018014153,0.008179067,0.019713067,-0.008168602,-0.0019263689,-0.01404461,0.014987651,0.016802698,-0.0022615101,-0.0006399761,0.02123676,0.010554048,0.002788399,-0.00798558,0.009303194,0.0071119415,-0.020385476,0.0070138974,0.001913642,0.004389917,-0.012883598,-0.005935101,0.0025444573,-0.009322074,0.008526094,-0.026131496,-0.022089908,0.00041103468,-0.02507149
3aHSDH%GENOME060426_131,0.010542723,-0.0030917278,0.005775571,0.0034486186,-0.0026190758,0.007693788,0.0066782977,-0.010326135,0.012313945,0.007925372,0.00138028,0.011190968,-0.0023445797,-0.0037177366,0.0052546915,0.005873947,-0.0038790228,-0.011340924,-0.0088725425,-0.010698864,0.0022393398,-0.008086044,0.012722896,0.00137761,0.008172903,0.011065986,0.0012581268,0.00333424,0.010240417,0.014463936,0.00961148,0.009182262,-0.005253868,0.003738334,-0.0045467187,0.0021379374,0.0009893116,-0.003363476,0.0085563725,0.012753058,0.006539849,-0.0022747705,-0.0062246937,-0.006920499,0.0002819264,0.007285165,0.006772294,-0.0022586524,-0.0013583095,0.007249019,0.0042295493,-0.00023324942,0.010220276,0.010928606,0.011818246,0.008358869,0.0051250216,-0.005691543,0.00024262644,0.0068867444,0.0043080184,-0.00085018156,0.0074879825,0.004118419
3aHSDH%GENOME084620_3418,-0.007345666,-0.009974374,0.0154792,0.005147174,0.008226751,0.0018493267,0.016991317,-0.0010991313,0.010254494,0.0074897124,0.009340765,0.013653704,0.012153674,0.005204491,0.016604656,0.01167156,-0.004844018,0.010255762,0.009781488,-0.0034086914,-0.0040493347,0.00841011,0.006867685,0.0052272095,-0.00014267211,0.015003588,0.007741985,0.00318765,0.0162903,0.004540951,0.000893964,0.017437669,-0.00627039,0.017580153,0.001967128,0.014140696,0.0062043504,0.01834198,0.013640616,0.008502165,0.008728912,0.013137646,0.011205435,0.005958071,0.006522451,0.013098985,0.01604513,0.011840981,0.007487932,0.011213289,0.014821624,-0.0013503911,0.015456583,0.012125617,0.0068494,0.001163145,0.0044588656,0.013302526,0.005295598,0.017561944,-0.004970389,-0.012538629,0.010014797,-0.025506878
3aHSDH%GENOME084674_3322,-0.0049245246,-0.007441523,0.008733043,0.0034514253,0.0017118306,-0.0077901892,0.008950126,0.0010938406,0.005942209,0.0026449633,0.0032492033,0.007905078,0.0067093377,-0.0008060075,0.010439228,0.004480994,-0.0010545539,0.013718912,0.0077907755,-0.0022377216,-0.012463821,0.0047504567,0.000978068,-0.0010911741,-0.0022237124,0.0057242215,0.0018786005,-0.0034783192,0.0050272946,-0.005576011,-0.00676746,0.0038841888,-0.0029426406,0.008320706,-0.002101502,0.006426602,0.0052242447,0.007779143,0.0023790451,-0.004124829,-0.005362083,0.009805364,0.008962405,0.0064997496,0.0017234245,0.0018369451,0.007877064,0.009262002,0.0025028186,0.0004120403,0.0030694867,-0.002540002,0.0043826033,-0.0011362728,-0.006747918,-0.00031792177,0.00076654664,0.012042977,-0.00011061695,0.012386376,-0.0012085994,-0.007520603,0.005916479,-0.019274764
3aHSDH%MBQ9141038_1_SDR_family_oxidoreductase__Lachnospiraceae_bacterium_,-0.010744937,0.0045575052,-0.015701072,-0.009358329,-0.017629893,-0.011347946,-0.015463591,0.01303858,-0.01878297,-0.020484498,-0.014643544,-0.013008787,-0.0057826815,0.002394481,-0.010521105,-0.014929098,0.0067630834,0.012876566,0.0029884484,0.014621279,-0.00019100241,-0.001536024,-0.018948061,-0.00865983,-0.011044362,-0.023185577,-0.011990296,0.0008289229,-0.02603736,-0.030127667,-0.019572724,-0.030654995,0.009725463,-0.009024734,1.968464e-05,-0.005353666,-0.003819357,0.00585433,-0.026322968,-0.031310555,-0.022061262,0.0013662371,0.0026504656,0.012629313,0.002557501,-0.016192684,-0.017474893,-0.0033092166,-0.0004298096,-0.015540929,-0.024975397,-0.00878851,-0.027411127,-0.035663567,-0.031602096,-0.011739679,-0.018377233,-0.0075410986,-0.0032214446,-0.011010923,0.0019999228,0.0086537395,-0.014164927,0.003854239
3aHSDH%MCI7742844_1_SDR_family_oxidoreductase__Clostridiales_bacterium_,-0.0068877935,-0.0034290107,0.0012769412,0.0071819653,0.0020002502,-0.0018258845,0.0001497892,-0.0052311737,0.0065660626,0.0075646555,0.008695109,0.005034313,0.0030818083,0.0014233716,0.0037919593,0.0016412678,-0.0020936248,0.0017042389,0.0012765893,-0.0007131727,-0.00038510092,-0.00540537,0.0074476064,0.008383225,-0.001795707,0.0068637836,0.00981134,-0.0011583063,0.0031773844,0.0049281246,0.0021215053,0.0022974364,0.0001303225,0.0009128356,-0.0014233046,0.0058592926,0.011906437,0.0087872185,0.0005663763,0.004066074,-0.0015600898,0.0010208779,0.0013399981,0.00015939375,0.0023786938,-0.002869007,0.00756178,0.00992611,-0.0012159244,-0.0070643113,-0.0016990636,-0.004584438,0.0041809278,0.0060664355,-0.00062356016,-0.004059206,0.0030317085,0.004252887,-0.0032943506,-0.0048162187,-0.0026770001,-0.0023532067,-0.005840147,-0.0016127595
3aHSDH%MCI8931631_1_SDR_family_oxidoreductase__Lachnospiraceae_bacterium_,0.01822742,0.017249765,-0.0063416646,-0.0036353865,0.0012893794,-0.00036035932,-0.02094429,-0.0063223834,0.0035386994,0.0029861734,0.008334285,-0.00043329253,-0.007114238,0.0009472948,-0.0102202175,-0.012044583,0.011145009,-0.0147632845,-0.017866325,0.0010245148,0.005310097,-0.02320308,0.0044528954,0.010079213,0.00605773,-0.0041271206,-0.004258802,0.000943385,-0.011546604,0.0007296197,0.004286739,-0.008001525,0.015390748,-0.025362963,-0.002123371,-0.022321627,-0.0006925704,-0.0089363195,-0.0023443245,-0.0044891723,0.0043924027,-0.0106841745,-0.016696537,-0.0010155528,0.0034692066,-0.010574206,-0.007884683,-0.006067006,-0.0002072256,-0.013590163,-0.017374165,-0.0011399308,-0.008962069,-0.004799326,-0.0016134419,0.00082846486,0.004107638,-0.011886692,0.00096489245,-0.009127358,0.018517576,0.017633703,-0.0049190037,0.015559712
3aHSDH%MCM1266841_1_3-oxoacyl-ACP_reductase_FabG__Bacteroidales_bacterium_,0.010450167,0.013042146,-0.015622859,-0.008411788,-0.005178598,-0.006312034,-0.022321068,-0.0024589722,-0.008614863,-0.009598897,-0.0038606825,-0.0072072237,-0.010520004,-0.001053052,-0.014441824,-0.018039845,0.008153528,-0.005373099,-0.011300916,0.008296933,-0.0010418457,-0.016976649,-0.0100302305,-0.003969622,-0.0008667235,-0.01555523,-0.009941716,-0.00032481243,-0.02147688,-0.014831062,-0.007953182,-0.024480242,0.012762669,-0.023872223,-0.0021200352,-0.02001465,-0.0004116548,-0.007832965,-0.017125098,-0.021704335,-0.010770516,-0.011644376,-0.01326372,0.0023453431,-0.0035933903,-0.0202375,-0.015425753,-0.003460573,-0.000699584,-0.024407879,-0.029190542,-0.003890162,-0.023217943,-0.02505446,-0.022525935,-0.0031416244,-0.0031300539,-0.010295761,-0.0031485083,-0.014824595,0.014475767,0.018084718,-0.011605739,0.017026313
3aHSDH%MCR4878926_1_SDR_family_NAD(P)-dependent_oxidoreductase__Bacteroidales_bacterium_,-0.060309194,-0.0056497864,-0.036255654,-0.026086908,-0.039408058,-0.016784713,-0.025205228,-0.011650106,-0.030277142,-0.028191919,-0.026849639,-0.021751733,-0.01961847,0.008902887,-0.04233652,-0.04567504,-0.033303298,-0.040033847,-0.032688525,-0.0209789,-0.004151404,-0.02247532,-0.020121073,-0.010836866,-0.024769241,-0.020494174,-0.0073613687,0.0022797282,-0.0077102925,-0.005766694,-0.005426522,-0.022207212,-0.008993938,0.0011795473,-0.0094141355,-0.0023959212,-0.00848768,0.022582281,-0.04128791,-0.021718377,-0.012945933,-0.027048513,-0.018721094,-0.016854215,-0.0016697587,-0.0012420986,-0.020940762,-0.022026153,-0.011106843,-0.015402479,-0.0142239975,-0.030577686,-0.024611669,-0.023038542,-0.0038107038,-0.040678088,-0.012925725,-0.029754369,0.0025947772,-0.036877096,-0.038400963,-0.0025242355,-0.032214068,0.0043117357
3aHSDH%MDE7008868_1_3-oxoacyl-ACP_reductase_FabG__Lachnospiraceae_bacterium_,-0.0057544694,-0.009997302,0.014891496,-0.0072472324,0.006521818,-0.0049231895,0.012121036,0.00036667514,0.0009772457,-0.00045051647,0.0044837687,0.010423717,0.01304795,0.0020796696,0.011570936,0.0036953401,-0.011971419,0.012539871,0.013327344,-0.002706538,-0.0077727307,0.013707868,-0.008003424,-0.007865623,-0.008735525,0.015541672,-0.0017728535,0.0041315584,0.014107418,-0.009029919,-0.008255472,0.01706838,-0.010623208,0.015877493,-0.004347201,0.0075601405,-0.005817665,0.012677184,0.012645504,0.000113858376,0.0022178532,0.022689698,0.02110266,0.015405922,0.013668729,0.021619974,0.0046690623,-0.002399225,0.0020113066,0.006083526,0.018696988,-0.011011954,0.010971441,0.010021883,0.005612139,-0.0041392865,0.007068296,0.014275746,0.004512047,0.02455009,-0.0064339163,-0.013282787,0.013336068,-0.0389483
3aHSDH%MDE7282987_1_SDR_family_oxidoreductase__Lachnospiraceae_bacterium_,-0.013560878,0.009675816,-0.02396907,-0.014976886,-0.026908489,-0.020359943,-0.02521553,0.012975771,-0.024791311,-0.027806347,-0.020847447,-0.019394688,-0.013576419,0.0013834463,-0.019571276,-0.026282884,0.008236722,0.008751678,-0.0037570978,0.013089146,-0.0046280217,-0.008104928,-0.026450686,-0.011767648,-0.013626798,-0.030756598,-0.01802738,-0.001841353,-0.034897715,-0.03754083,-0.024733597,-0.042109143,0.015408364,-0.014555249,-0.0020515998,-0.009583362,-0.007273336,0.006539664,-0.037929192,-0.042623658,-0.030759988,-0.0032178771,-0.0020542126,0.0124861,0.0014707881,-0.023203878,-0.025411267,-0.009221881,-0.004500238,-0.026799805,-0.036150623,-0.01556583,-0.03785541,-0.0466522,-0.038691532,-0.017306965,-0.021352284,-0.013701579,-0.004631428,-0.019086115,0.0036539454,0.016060121,-0.020360157,0.005748284
3aHSDH%MDE7415347_1_SDR_family_oxidoreductase__Lachnospiraceae_bacterium_,-0.005830001,0.01810217,-0.014165269,-0.009664345,-0.003813209,0.0040336796,-0.022749601,0.009683709,-0.012379411,-0.009646285,0.001159986,-0.0092265485,-0.0036333415,0.018677676,-0.01617797,-0.01914247,0.009150203,-0.013095133,-0.013887587,0.010764136,0.016527627,-0.013201603,-0.010876912,0.0088399025,-0.0037274912,-0.014578867,-0.00294795,0.013562193,-0.017880777,-0.009407836,-0.0007236315,-0.014302183,0.019600207,-0.011024897,0.008336726,-0.008204776,-0.0021017387,0.016990801,-0.011585626,-0.011918954,0.007118212,-0.0074998657,-0.01052252,0.008770944,0.011091382,-0.0069075357,-0.013403136,-0.007335281,0.0069617573,-0.0072319787,-0.013962496,-0.00621402,-0.015201788,-0.012453418,-0.0028806885,-0.010835721,-0.00753259,-0.012339289,0.01054746,-0.011509116,0.0061820624,0.016821599,-0.010303289,0.0075054914
3aHSDH%NBI02399_1_3-oxoacyl-ACP_reductase_FabG__Lachnospiraceae_bacterium_,0.014522458,-0.022635894,0.03189415,0.027497929,0.026211703,0.0012388092,0.028385231,-0.016792383,0.03043149,0.029022602,0.011353561,0.019111253,0.015752275,-0.013463788,0.031662155,0.03133299,-0.008873531,0.021239504,0.021081863,-0.009942233,-0.010310235,0.01583717,0.026545119,-3.440083e-05,0.0046177604,0.02554646,0.0149846645,-0.017712412,0.016997369,0.015851384,-0.010953813,0.025179336,-0.022022309,0.010745125,-0.013137549,0.007800555,0.02073321,-0.007982333,0.024189198,0.025019972,0.00075565226,0.024011502,0.020073734,-0.006323676,-0.0072891153,0.020885266,0.027488958,0.021043235,-0.0031803988,0.017127048,0.011840842,0.004227683,0.028528595,0.024947423,0.010662275,0.019832782,0.013766361,0.02338182,-0.019442702,0.027054572,-0.0001075659,-0.022789368,0.021801407,-0.010724388
3aHSDH%WP_044950032_1_SDR_family_NAD(P)-dependent_oxidoreductase__Mediterraneibacter_gnavus_,0.007600701,-0.0432323,0.05190238,0.037859466,0.038274698,0.007179941,0.052421164,-0.020129904,0.044280432,0.041523002,0.017041512,0.034291793,0.028642492,-0.017190278,0.051484704,0.051220525,-0.022767896,0.034326,0.03903991,-0.018012185,-0.015321133,0.032899503,0.037708327,-0.002271053,0.005062472,0.047006115,0.024663908,-0.020539435,0.041990634,0.02791332,-0.009455566,0.051193565,-0.042570133,0.03484215,-0.015304956,0.027593356,0.025550604,-0.0064645684,0.04636065,0.045707203,0.0060267835,0.042627536,0.039887805,-0.004275549,-0.004456712,0.044236165,0.045586273,0.028624363,-0.002896298,0.036788177,0.04128779,0.0028133155,0.05364769,0.050052408,0.025279539,0.022861078,0.023853738,0.038391203,-0.02463373,0.047830883,-0.012463838,-0.045942437,0.035974417,-0.03476413
3aHSDH%WP_104968339_1_3-oxoacyl-ACP_reductase__Streptococcus_pluranimalium_,-0.0010492676,-0.0085439095,0.002637065,0.0051910104,0.0071626753,0.00763342,0.0026014415,-0.007991939,0.0068509905,0.007941824,0.0060036737,0.00542756,0.002703572,-0.0035878762,0.0018499977,0.004098381,-0.005425578,-0.0021773018,-0.0011624868,-0.0038783979,0.0011725876,-0.0016978831,0.008455642,-0.000710753,-0.0012126747,0.006101232,0.0041204114,-0.0017735778,0.0029217356,0.00783934,0.0051405192,0.006555363,-0.009079498,-0.0025366293,-0.0024777653,-0.0040128226,0.002602784,-0.008100718,0.006580277,0.012152154,0.002910084,-0.00316491,-0.0015287158,-0.0066604856,-0.0058297147,0.002601427,0.0031402821,0.0044851126,-0.0006639981,0.008149702,0.0055400296,0.0049108667,0.006052193,0.0072731604,0.0034139487,-0.0009655484,0.0059304684,0.0016379559,-0.0042421846,0.0017758745,-0.0032172813,-0.006925217,9.739608e-05,0.006637331
3aHSDH%WP_109137584_1_SDR_family_oxidoreductase__Bifidobacterium_catulorum_,0.009121192,0.0029454632,0.005072953,0.004904026,0.009046011,0.00031700206,0.0019303242,0.0056588147,0.0033925849,0.0022563497,0.004083418,0.0016953592,0.0031849027,-0.0020937661,0.006642553,0.0044750064,0.009449231,0.015061094,0.0086424835,0.011401414,-0.0021458943,0.005399466,-0.0018855247,-0.0018784902,0.0030321842,-0.0026894333,-0.0013921655,-0.0025072044,-0.0061740214,-0.0069868057,-0.0055949898,-0.005275869,0.0062619313,-0.0039166464,0.0036085069,-0.001858178,0.0030714462,-0.00012994253,-0.0010308981,-0.007266719,-0.0030308827,0.005831981,0.0052253143,0.009253152,-0.0007215297,-0.006398999,0.0020649992,0.009352153,0.005260551,-0.006198392,-0.007762192,0.002432686,-0.0048257844,-0.0072029913,-0.011401286,0.005506567,-0.0010963978,0.008679194,0.00026056715,0.008493544,0.010541154,0.0034542633,0.0050602155,-0.0040672184
3aHSDH%WP_117562420_1_SDR_family_NAD(P)-dependent_oxidoreductase__Enterocloster_aldenensis_,0.004343009,-0.017230757,0.02616378,0.013271391,0.016287817,0.0024614895,0.021375911,-0.01282665,0.021491135,0.019138739,0.008148854,0.017521057,0.014865382,-0.009536567,0.02269248,0.02027247,-0.014445061,0.0057449536,0.010154006,-0.015498026,-0.008311648,0.011205077,0.018764729,0.0009164517,0.0064775874,0.025691953,0.01323783,-0.007533906,0.023936333,0.015204978,-0.0020278972,0.028241385,-0.01904243,0.014659884,-0.009051807,0.01139302,0.009888772,-0.0030021241,0.024348302,0.02193076,0.008375901,0.015529722,0.013183687,-0.0036154776,0.0022731745,0.023346132,0.02124431,0.010828364,-0.0027923854,0.016233386,0.021368528,-0.003885957,0.026808493,0.026896236,0.018997641,0.010858519,0.015857898,0.01828621,-0.0069885785,0.025955038,-0.0047405167,-0.0186333,0.01982086,-0.018601717
3aHSDH%WP_182279434_1_SDR_family_NAD(P)-dependent_oxidoreductase__Collinsella_intestinalis_,-0.01071924,-0.011555653,0.017465878,0.011972989,0.007912423,-0.0065454897,0.016317766,-0.011342645,0.016931426,0.015988074,0.016567169,0.01719405,0.015711568,0.0030271742,0.01740627,0.01242618,-0.0078036548,0.010912555,0.010189872,-0.008087944,-0.008063643,0.0022321453,0.014252681,0.01307808,-0.0032578844,0.021616297,0.016732983,-0.0026065356,0.017924175,0.008601166,0.0009818432,0.018725837,-0.0064522903,0.01642742,-0.006008156,0.009954822,0.0150440205,0.019289277,0.013196651,0.012381626,0.004906804,0.015647953,0.012945664,0.0008084255,0.005528298,0.014339646,0.021956569,0.015714435,0.0010434092,0.007860678,0.00979182,-0.008326738,0.019732058,0.0201617,0.011640361,-0.0014171299,0.0038274222,0.013544764,-0.0014755367,0.012478633,-0.008733566,-0.013969603,0.0064206803,-0.028781908
3aHSDH%WP_377204125_1_MULTISPECIES__SDR_family_oxidoreductase__unclassified_Pseudarthrobacter_,0.002347905,-0.015783213,0.019988304,0.012093689,0.013206991,0.0017648184,0.020083727,-0.0021186175,0.014889648,0.011733681,0.0061656516,0.016392713,0.013811468,-0.0058732834,0.02060744,0.018693227,-0.0059673293,0.022398943,0.02180631,-0.0015045314,-0.006563367,0.01860877,0.009515843,-0.0037515336,0.0027713177,0.01683295,0.005857001,-0.0040789605,0.016060261,0.00090087275,-0.006149663,0.017661309,-0.013143121,0.014558357,-0.00493753,0.011944107,0.0045214565,-0.0007944561,0.018514758,0.012788005,0.0005484071,0.0217446,0.021464884,0.007045122,0.0028300283,0.016399723,0.01470173,0.005347972,0.0003064449,0.013364873,0.019334028,0.001931639,0.017243847,0.0154909445,0.0025654465,0.006651801,0.005487774,0.015666507,-0.007203747,0.021943226,-0.003629788,-0.015990073,0.014034403,-0.026346171
3aHSDH%WP_427737837_1_SDR_family_NAD(P)-dependent_oxidoreductase__Bariatricus_sp__SGI_154_,0.010063959,-0.00096343295,0.0041052364,-0.004626082,0.0014289974,-0.0018733076,-0.00016175977,-0.0067065274,0.004156685,0.0025435714,0.00072371657,0.0041043265,-0.0002812348,-0.004415379,0.00044224292,-0.0009723729,-0.003264543,-0.007789229,-0.0065021603,-0.009845102,-0.0056508523,-0.002521686,0.0033166795,-0.0025784478,0.0045858272,0.0082492195,-0.0008410042,-0.0023112572,0.007861094,0.004547571,-0.0004360572,0.009525725,-0.00378126,-0.005890269,-0.0056509227,-0.0083291335,-0.0072199153,-0.005760104,0.008205189,0.0045159445,0.0059275418,-0.0009213873,-0.0031851293,-0.0027652043,-0.00089515373,0.006073388,-0.00029247423,-0.0066351565,-0.0036677741,0.0019043051,0.008192376,5.9090395e-05,0.005123802,0.008528493,0.010010298,0.005449531,0.009613629,0.00061000773,0.0022958561,0.0075173355,0.0053684353,0.00040964587,0.00841575,-0.005662335
3bHSDH%GENOME124823_1686,0.032792997,0.0019717794,0.015072478,0.011289085,0.020835109,0.022965241,0.012304897,-0.002519219,0.012072965,0.015070818,0.009129484,0.0063199764,0.0068298257,-0.0038590573,0.01412958,0.02541873,0.00631454,0.0014804266,0.010614158,0.0030262768,0.012470683,0.009611384,0.014490312,0.0016104926,0.013056823,0.007789384,0.0018117091,-0.0004851316,0.0109003475,0.016621081,0.011224392,0.015324464,-0.0038716253,-0.00037826662,0.004338235,0.0039602905,-0.0018581348,-0.020176802,0.02057128,0.022334863,0.013405602,0.0025302009,0.0032234106,-0.0064958124,-0.0059810276,0.008260236,0.007951004,0.005599548,0.0050279163,0.017666955,0.017626008,0.01607259,0.013208622,0.016379606,0.011103582,0.023496917,0.0102166375,0.0038096788,-0.005076966,0.010246928,0.013075249,0.0011682807,0.017744638,0.016865743
3bHSDH%MBS6646402_1_glucose_1-dehydrogenase__Clostridiaceae_bacterium_,0.0092878165,-0.02133093,0.02248381,0.011900037,0.015850358,0.0062859952,0.022079868,-0.016605617,0.02061552,0.01825318,0.0016781008,0.016278682,0.007106109,-0.012758022,0.018684234,0.019743385,-0.017399654,-0.0009995435,0.0074269073,-0.01943147,-0.008240995,0.008533898,0.017932847,-0.008883447,0.0033914507,0.025138846,0.0068699233,-0.010730036,0.02427542,0.021317901,0.0020898012,0.02988627,-0.025094673,0.009586498,-0.01121052,0.005881384,0.0033430147,-0.015160402,0.024188368,0.025810003,0.006856035,0.010964964,0.009745722,-0.010134704,-0.001704385,0.023219261,0.018073203,0.003618151,-0.0044055786,0.01711248,0.024766646,0.0024109022,0.026488109,0.028296521,0.018186126,0.011310152,0.01708311,0.013846856,-0.010363497,0.022553155,-0.006052905,-0.02041862,0.017762028,-0.010340769
3bHSDH%WP_100933575_1_SDR_family_NAD(P)-dependent_oxidoreductase___Clostridium__innocuum_,0.007512883,-0.03591969,0.04362206,0.025495818,0.02772935,-0.0039103017,0.037851498,-0.025681026,0.0366589,0.034213748,0.012392094,0.028791651,0.024194641,-0.019902172,0.039398465,0.03632126,-0.026686333,0.021658804,0.025685431,-0.026224436,-0.021922706,0.021624759,0.031133369,-0.0025647238,0.005498251,0.04149456,0.02168709,-0.022118995,0.03587183,0.02228164,-0.011033949,0.04418785,-0.039315082,0.023056079,-0.019321019,0.016757613,0.01971329,-0.008580377,0.03763832,0.03763601,0.002739392,0.03413132,0.03090693,-0.00816961,-0.0045389505,0.038448926,0.035053354,0.018194575,-0.010980827,0.026470028,0.036081526,-0.0062190215,0.043195184,0.044359855,0.023033028,0.015388147,0.024164163,0.030391904,-0.023024634,0.042254426,-0.012029838,-0.039626274,0.030820334,-0.034340013
5AR%GENOME006039_2690,-0.004506531,-0.0018866078,0.008985441,-0.0007051996,0.006404936,-0.0053475816,0.0041700373,0.0042855446,-0.0017137723,-0.0007548112,0.0050175544,0.001385832,0.010264157,0.0046988297,0.010609489,0.003960324,-0.0005139976,0.012984166,0.01006278,0.004368002,-0.0059914333,0.009453132,-0.007535992,0.0010943573,-0.0047741276,0.0071935817,0.0026002952,0.0023251837,0.0030476952,-0.011429603,-0.0036218902,0.0055346675,0.0004990593,0.009392351,0.0028448405,0.0053737503,0.0023567239,0.008493414,0.005390872,-0.0046741543,-0.0010942993,0.013822242,0.012544829,0.011550468,0.0057483534,0.007658031,0.0030625768,0.00499304,0.001968658,-0.0011023002,0.0073808213,-0.0062250663,0.004211811,0.004047196,-1.7372111e-05,-0.003291023,-0.0024623508,0.008702851,0.005254163,0.0141467415,-0.0025178448,-0.0062041907,0.0053419964,-0.023548447
5AR%GENOME012336_2253,0.021184608,0.033732783,-0.034350764,-0.026469968,-0.020402914,0.014349434,-0.031276956,0.011156856,-0.02581393,-0.023501117,-0.01585713,-0.019921817,-0.030723965,0.006062399,-0.037273638,-0.026095824,0.020673843,-0.03931011,-0.03331032,0.008915628,0.023745667,-0.023089195,-0.016736533,-0.007083958,0.008244804,-0.030520184,-0.028332317,0.016105803,-0.02107678,-0.0023351507,0.023699276,-0.023677588,0.026306674,-0.031266954,0.012738361,-0.026963849,-0.030148763,-0.024656907,-0.017313939,-0.014895604,0.009561027,-0.042228624,-0.041258045,-0.010433887,-0.00431186,-0.028719312,-0.03380386,-0.032764927,0.0042817453,-0.011343218,-0.01861109,0.017866177,-0.029596664,-0.02560842,-0.0048642163,0.003761204,-0.006774579,-0.030672891,0.0200641,-0.032505084,0.02012949,0.036193196,-0.015444019,0.050244913
5AR%GENOME013886_753,0.012635304,-0.000744674,0.0117966775,0.008809872,0.020678503,0.014701142,0.007990593,0.0048153475,0.008129448,0.008712911,0.010751082,0.006859687,0.00866171,0.000618569,0.012440521,0.01483309,0.005936262,0.01113966,0.011691494,0.010889486,0.008932782,0.00969122,0.0048330496,0.0009889711,0.005808389,0.0057281125,0.0035440477,0.004156574,0.004938667,0.002850941,0.0063925744,0.007129245,0.0002382721,-0.00034545825,0.006641079,0.004407478,0.0040794946,-0.00059821835,0.01185933,0.009168543,0.006961236,0.0056485534,0.0057304557,0.0054383366,0.000583023,0.00067612657,0.0075920504,0.012078382,0.009374555,0.0074352007,0.005740662,0.00821392,0.007630284,0.007927164,-0.0013459687,0.009902774,0.0050459118,0.011558698,0.00095881993,0.013149556,0.008015177,-0.00050590246,0.010634077,-0.0007775069
5AR%GENOME021742_2120,0.0053173467,-0.00073513045,0.0010415902,0.009291287,0.005108438,-0.0065022926,-0.0010472633,-0.004204064,0.0048433756,0.0028816327,0.0045060636,0.00015764679,0.0029739123,-0.0062318025,0.0022411814,0.002962498,0.0048540924,0.016220286,0.00880276,0.0065581584,-0.0061774724,-0.002062236,0.0020106758,0.0006981609,0.0005521499,-0.0040440117,0.0005993129,-0.010450716,-0.008950085,-0.008125791,-0.011845518,-0.009854122,0.0032148762,-0.006243257,-0.0053988136,-0.0046996023,0.0072470014,-0.0027777336,-0.0073908567,-0.0062412648,-0.013014039,0.0072094738,0.0074554994,0.0039075464,-0.0059677237,-0.0094587365,0.0019279204,0.011287493,-0.000634174,-0.0093324445,-0.012304791,-0.0025158294,-0.0065843277,-0.008097363,-0.017512321,0.0003884871,-0.0010113074,0.006921016,-0.010155755,-0.0043446375,0.005326963,0.0030497666,-0.0038823972,0.0020983128
5AR%GENOME078645_81,-0.0070282733,0.01095703,-0.021321058,-0.0042633303,-0.013832233,-0.007158243,-0.021308428,0.0011722983,-0.01788588,-0.015352018,-0.012824079,-0.023944832,-0.0132465325,0.00179769,-0.021419644,-0.018705606,0.0032780499,-0.010747207,-0.013718192,0.004932363,0.0008207818,-0.010938721,-0.012850817,0.0018583282,-0.004337868,-0.021134136,-0.0022878894,-0.006139546,-0.02274973,-0.013330216,-0.009370777,-0.02524552,0.009975566,-0.014808756,6.309038e-05,-0.011740899,-0.0010052078,-0.0062471535,-0.02513253,-0.017493464,-0.013762918,-0.015999192,-0.013198641,-0.00947707,-0.014233911,-0.018164875,-0.017926522,-0.0057209022,-0.0075538377,-0.015499545,-0.024434157,-0.007628768,-0.022567358,-0.020906307,-0.013320995,-0.008840509,-0.009691174,-0.015830684,-0.0048928144,-0.027581383,0.000635096,0.014538067,-0.017688941,0.029598247
5AR%GENOME084343_2181,-0.021554042,-0.002263993,-0.014971477,-0.0012705873,-0.019613562,-0.012120027,-0.01014076,-0.01641809,-0.009073978,-0.005991527,-0.012971899,-0.017453494,-0.008794033,-0.0031986004,-0.015308669,-0.013000723,-0.016481942,-0.023660198,-0.020217907,-0.017647855,-0.014355592,-0.011209702,-0.0017958139,0.0019985721,-0.0014626145,-0.009519484,0.006841771,-0.013262055,-0.0047290404,0.0026402972,-0.0007895538,-0.01125592,-0.007550581,-0.0026015786,-0.008264485,-0.0017720456,0.0059403027,-0.007318509,-0.02198652,-0.00744676,-0.009838599,-0.019982932,-0.014497788,-0.024305707,-0.019828495,-0.004185897,-0.0055951118,-0.00080699456,-0.0148097025,-0.00867112,-0.00907146,-0.0106107835,-0.008031869,-0.006157602,0.0015692199,-0.0088063665,-0.005372191,-0.014324408,-0.0053386246,-0.023998773,-0.01858587,-0.0017779915,-0.012779457,0.020467423
5AR%GENOME086572_2986,0.008926423,-0.0050566834,0.009728114,-0.00025391023,0.0075795455,0.0057976334,0.011884886,0.0064495276,0.0054745097,0.0026517701,0.0014789433,0.0072267647,0.0014650273,-0.0028793856,0.0122851785,0.010328519,0.0044714944,0.0062637604,0.008902553,-0.0005882471,-0.000972602,0.008252161,0.0013035189,-0.007946251,0.0025913992,0.008463228,-0.00293072,0.0025984177,0.012019451,0.002361735,0.006301133,0.015761454,-0.0041772993,0.009584599,0.001576545,0.007343514,-0.004963474,-0.009837673,0.017893694,0.008899077,0.0078061656,0.0065465258,0.004492771,0.0052100723,0.008107106,0.0037036133,0.003490876,-0.004480807,0.0027446277,0.0074768364,0.014581675,0.011436756,0.013180542,0.011045467,0.0069160396,0.0061395485,0.0072600455,0.0075155795,0.0041573807,0.015140545,0.003186985,-0.0070015136,0.01045631,-0.013610485
5AR%GENOME107567_81,0.011120497,0.003504336,-0.0009736943,0.0008459296,0.0028652465,0.0023692632,-0.0031892792,0.002478665,0.0041775983,0.0049226964,0.004593394,0.0050098533,-0.001770382,-0.0032462506,0.0001204698,0.0024255028,0.008549696,0.005500331,0.005527394,0.008192869,0.0040345206,0.00034259353,0.0049035694,0.00402003,0.006252183,-0.00043629092,0.00049102714,0.0008926375,-0.0027147215,0.0022887727,0.0023762502,-0.001638633,0.004420549,-0.0038765564,-0.0005104407,-0.0047150166,0.0005142011,-0.008346265,0.0064916825,0.0037487561,0.0028300276,0.0014274287,0.0012675794,0.0041356515,0.002324731,-0.0017317332,-0.0013068399,-0.002899817,-0.00011466733,-0.0020529258,-0.0010703187,0.0061757984,-0.0003781381,0.0023767164,-0.0013829649,0.0044248286,0.0008046494,-0.00090298674,-0.00407803,-0.002262741,0.009135454,0.004632778,-0.0006129279,0.0052978056
5AR%GENOME140582_2251,0.009354523,0.00039689668,0.010795947,0.0077511547,0.009382856,-0.0058669746,0.004353872,0.0032758245,0.007402098,0.006588991,0.0099255415,0.0022466984,0.009485774,-0.001845661,0.013501521,0.00994552,0.007849667,0.014363197,0.009486941,0.00560976,-0.005845981,0.008165465,0.0013340822,0.0091930255,0.0085471235,0.0030562577,0.0068182624,-0.005150975,-0.0013015027,-0.0039357953,-0.006213929,0.0020089382,0.0041561397,-9.455094e-05,-0.0030472332,-0.00011201009,0.009545009,-0.0039391033,0.006896434,-0.0021675508,0.0016912147,0.008490333,0.004950373,0.0048889457,0.0006129985,-0.0023981796,0.0063463286,0.010067645,0.0011132284,-0.0022047192,-0.0010211371,0.0015531033,0.0036925746,0.0018345307,0.001147116,0.009659781,0.0029920158,0.011194226,-0.0019425706,0.0112951575,0.009417014,-0.0001302849,0.010106188,-0.0067269695
5AR%GENOME142018_414,-0.012733507,0.011516638,-0.024620466,-0.021879623,-0.026956217,-0.013439073,-0.014536887,0.009387087,-0.021138841,-0.02298539,-0.015156219,-0.01566164,-0.015840296,0.0023243711,-0.023077104,-0.0251375,0.0057908315,-0.0118892975,-0.01600075,0.00058254146,-0.007693305,-0.013103333,-0.02101865,-0.006384535,-0.0086467285,-0.02175275,-0.012760615,0.0021071138,-0.013964024,-0.01809066,0.001992277,-0.022748508,0.013237499,-0.004459973,0.0063056173,-0.0042328066,-0.014368589,0.004445727,-0.023013141,-0.031247055,-0.010017884,-0.017192282,-0.014602392,0.0036581147,0.0018066536,-0.017615432,-0.019503854,-0.014093238,0.0012463587,-0.019428153,-0.017190522,-0.0025681884,-0.02200066,-0.027952041,-0.016773913,-0.012758758,-0.012268177,-0.016762933,0.01185942,-0.021233646,0.0010081718,0.013516805,-0.015075204,0.0047972356
5AR%GENOME170052_106,0.004139429,0.027524106,-0.034355685,-0.018672071,-0.021017272,-0.0010971009,-0.033586733,0.010196998,-0.027901644,-0.024408137,-0.013977714,-0.031093322,-0.023500688,0.005841773,-0.036045287,-0.028378226,0.015349576,-0.022165675,-0.023667652,0.010382019,0.010656817,-0.017142078,-0.02074278,0.0006842105,-0.0001385417,-0.033657786,-0.015984247,0.002000957,-0.031174388,-0.014953145,-0.0010963547,-0.03421047,0.02452527,-0.027375732,0.008417025,-0.02281145,-0.016343396,-0.011393793,-0.029397387,-0.02414654,-0.0068315296,-0.028903808,-0.026251923,-0.008460329,-0.010505536,-0.028337821,-0.03173627,-0.020746028,-0.0033492805,-0.01958037,-0.027731802,0.0015664853,-0.033879396,-0.029673642,-0.014715949,-0.0066982703,-0.0128631,-0.025185032,0.0050701154,-0.037332863,0.011677586,0.0308456,-0.02241457,0.043150857
5AR%GENOME179594_130,0.018969003,-0.007960731,0.019135837,0.020095987,0.01591351,0.0055525117,0.019170217,-0.0014251545,0.021285426,0.020233395,0.016034286,0.017619824,0.011318529,-0.0019806672,0.022794478,0.025139077,0.0061155423,0.024699328,0.020393098,0.005598545,-0.000576827,0.013107551,0.016851855,0.0063816714,0.0035396183,0.015430805,0.0037490008,-0.004868293,0.004513332,0.005913653,-0.0033744553,0.012614986,-0.0037155517,0.0045099086,-0.001477198,0.0030578903,0.010471557,-0.003513198,0.017963951,0.015955158,0.0010408495,0.023248758,0.01922654,0.0050041866,-0.00073277863,0.011643078,0.016071452,0.013507352,0.002396858,0.014251906,0.009361467,0.010296583,0.015471402,0.014443511,0.00039496503,0.015071476,0.003835872,0.014208368,-0.010647901,0.014375449,0.0047631087,-0.006585868,0.009644104,-0.004142489
5AR%GENOME179896_434,-0.0025974899,-0.024324054,0.04117268,0.027284259,0.039062794,0.008765403,0.03702413,-0.0032851668,0.035571378,0.035127763,0.0349154,0.03352767,0.036124863,0.00467181,0.038479496,0.036893662,-0.009181095,0.0358595,0.036777392,-0.0011162809,-0.0046262234,0.028124409,0.028644372,0.016655996,0.004235594,0.040237103,0.02779866,-0.00025552086,0.03664064,0.020639056,-2.0926991e-05,0.04713184,-0.019818598,0.028893642,-0.00016037782,0.019698963,0.02232537,0.024020081,0.045343045,0.041424345,0.022661805,0.042440347,0.039708346,0.017648375,0.017733483,0.036642507,0.040686425,0.030371396,0.010598186,0.027541354,0.03737198,0.002750541,0.0456644,0.048799407,0.024247501,0.008940422,0.023677997,0.040079847,-0.006718418,0.040576786,-0.006647698,-0.032092087,0.025846744,-0.04439909
5AR%HIU55603_1_DUF1295_domain-containing_protein__Candidatus_Gallibacteroides_avistercoris_,-0.007958119,-0.004841548,0.004166087,0.0005442425,-0.0017228788,-0.0043552127,0.011223911,0.0027290026,0.0032840848,0.0004435168,0.0017977777,0.010749552,0.005737243,0.00241157,0.0044389395,0.0056854533,-0.0019238391,0.015596834,0.014174169,0.0018727828,-0.0020398304,0.0096652005,0.0017830319,-0.0016429556,-0.0074066604,0.0034253523,0.0005179229,0.001205165,0.00787724,-0.0019279105,-0.002809877,0.00533407,-0.0026664198,0.014832868,0.00079649256,0.011480001,-0.0014624433,0.01148303,0.0053496445,-0.0026976634,-0.0026369158,0.014103458,0.014870087,0.0069184806,0.003768541,0.007141675,0.006718489,0.0042644804,0.002238953,0.008519521,0.005940073,2.9062629e-05,0.007282519,0.00097232737,-0.0031545707,-0.0026529536,0.0014116092,0.00825954,-0.0012847998,0.0041394206,-0.00467767,-0.0066750864,0.0019854268,-0.016152287
5AR%MBD5276024_1_DUF1295_domain-containing_protein__Bacteroides_sp__,0.0109170135,0.0025720135,0.00023870471,0.0130399475,0.0044193882,0.0038559856,0.0003596295,-0.0065351706,0.010071572,0.011606398,0.004723349,0.0021349608,-0.006672244,-0.0033816693,0.00016158893,0.008000794,0.004063581,-0.0017555197,-0.002137662,-0.00041772588,0.0046015917,-0.003310478,0.016658014,0.010967383,0.0054334044,0.00038435138,0.0046027903,-0.00683779,-0.0052435077,0.01600376,0.00378714,-0.001579192,0.0018871196,-0.008681043,-0.0022029046,-0.007125639,0.00819363,-0.00971337,-0.0011432174,0.010655374,-0.0008573053,-0.0032562157,-0.004685603,-0.01409597,-0.013777602,-0.0024567153,0.006569843,0.0023026986,-0.0061339885,0.006566778,-0.0045465464,0.0057226797,0.003143509,0.007852975,0.005940623,0.00626425,0.0016465209,-0.006722557,-0.009942143,-0.0115652075,0.0014728293,0.003700057,-0.0043334905,0.022882905
5AR%MBP3601379_1_DUF1295_domain-containing_protein__Alistipes_sp__,0.0123055065,0.016013538,-0.016145345,-0.014579483,-0.008711316,-0.0008492123,-0.017216915,0.01053048,-0.014275555,-0.015532158,-0.0100798635,-0.01491627,-0.016302502,-0.0010667905,-0.015466857,-0.014265385,0.01491279,-0.008684441,-0.010000319,0.007049463,0.002928939,-0.009627534,-0.01456196,-0.009530952,0.0025765137,-0.017353024,-0.017620442,0.0031841167,-0.014830546,-0.011648997,0.0035425993,-0.01465498,0.014241945,-0.016616173,0.0034331284,-0.015402037,-0.016872264,-0.01741429,-0.00808352,-0.013877188,-0.001964079,-0.014320509,-0.014496319,0.0022367057,0.0005112298,-0.020246753,-0.021118106,-0.018686714,-0.00097593886,-0.013652354,-0.01097674,0.008527978,-0.015705155,-0.014957261,-0.008178272,-0.0006954721,-0.0037975812,-0.010446833,0.0054708337,-0.012960167,0.012661991,0.016226918,-0.0076475954,0.014839658
5AR%MBQ1253485_1_DUF1295_domain-containing_protein__Alistipes_sp__,0.022174263,0.010789227,-0.0022596119,0.009356583,0.0032422529,-0.004330106,-0.008529049,0.005939073,0.0040574367,0.0031825602,0.004025542,-0.0032577035,-0.003463004,-0.0041861027,-0.00082381204,0.0042333878,0.01849972,0.01323534,0.0037873492,0.011389321,-0.00031998885,0.00015783701,0.0035215092,0.005286554,0.006336149,-0.009617455,-0.005795662,-0.008948919,-0.020763123,-0.006064117,-0.009389279,-0.01777544,0.013800613,-0.018879406,8.294612e-05,-0.014641682,0.0027858573,-0.015713673,-0.0074008284,-0.008707395,-0.011780438,0.0014337819,-0.0005540321,-0.0016626832,-0.013141507,-0.01479778,-0.004427074,0.0036037413,-0.0022746446,-0.008079241,-0.018391531,0.007036995,-0.012915446,-0.013192632,-0.015190376,0.011387419,-0.004493624,-0.0011547462,-0.009974006,-0.0082534375,0.017349713,0.01418265,-0.0021653173,0.020949446
5AR%MBR4740186_1_DUF1295_domain-containing_protein__Bacteroidales_bacterium_,-0.0005072115,-0.0051526497,0.008441302,0.006429855,0.0062694703,0.007635266,0.005276045,-0.001521324,0.009360265,0.008358984,0.0055219047,0.007381679,0.005158884,-0.00030296046,0.007475793,0.007630293,-0.0022706247,0.0028473558,0.003362405,0.00041529883,0.010323939,0.0018090537,0.00821541,0.0036437584,0.0022092457,0.0073536546,0.003570294,0.0018048554,0.002370418,0.0072906637,0.0012434041,0.0058367904,-0.003142125,0.0015819083,-0.00070167467,0.0019246645,0.0053185434,0.0027321712,0.006246506,0.010396795,0.00479031,0.0029817717,0.0015788041,-0.004490193,-0.0004539185,0.0051658126,0.007463409,0.00273134,0.0020005137,0.011453689,0.0042669405,-0.003865446,0.006222795,0.0080400035,0.0060106684,0.0018971509,0.0018873528,0.003269572,-0.0016607691,0.008386394,-0.0021639438,-0.0029660454,0.0055203116,4.0917203e-05
5AR%MCH5217706_1_DUF1295_domain-containing_protein__Muribaculaceae_bacterium_,0.00053340045,0.0053395163,-0.0015474675,0.0043512634,0.0015693246,-0.0020871582,-0.0022603492,0.0029984575,-0.0026441729,-0.0012380704,-0.0003773622,-0.006368122,0.0015334424,0.002906465,-0.0012727956,0.0025207899,0.005835787,0.011330546,0.008192257,0.011359467,0.0027466537,0.00869859,-0.004557702,0.0012585334,-0.0014803254,-0.009773511,-0.0021889983,-0.004119372,-0.013527679,-0.010585466,-0.013062052,-0.013306551,0.007117508,-0.006326271,0.0027489793,-0.006485288,0.0037847632,0.0025096375,-0.010613761,-0.010668817,-0.011177927,0.0056089037,0.0069420757,0.003431765,-0.0060302126,-0.0043269307,-0.0008085765,0.0075285644,0.0026266128,-0.0045290063,-0.0148873115,-0.002289554,-0.010149547,-0.012017163,-0.012782011,0.0038768284,-0.0069054444,0.002103562,-0.00599621,-0.0052712597,0.0039800634,0.0062114135,-0.0011181701,0.007668465
5AR%MCQ2341803_1_DUF1295_domain-containing_protein__Paludibacteraceae_bacterium_,-0.004285609,-0.0037780688,-1.8329359e-06,0.0039318856,-0.0026711377,-0.007935942,0.00022144474,-0.005511214,8.5451975e-05,0.002621198,-0.0007560714,-0.010191872,-0.002333486,-0.0046577663,-0.0011485928,0.0008124876,-0.0056147217,0.0025826395,0.0007888908,-0.0063616126,-0.008143562,0.0049602166,0.0005216645,-0.0002369098,-0.000369949,-0.0012802762,0.0005901317,-0.01204799,-0.0042380695,-0.001235945,-0.013941165,-0.0016396029,-0.004828908,-0.00080583163,-0.0074304785,-0.002342938,0.004702346,-0.0009472492,-0.0046329666,0.00079789833,-0.0075203422,0.003071107,0.0034823916,-0.005443022,-0.0048301686,0.0052345307,0.0010176906,0.00046554737,-0.0077953655,0.00021539252,-0.0008522081,-0.005345465,-0.00016908263,0.002391249,0.0025274644,0.0016411549,-0.0001421626,0.00388381,-0.009169771,-0.0048451615,-0.005803868,-0.0034104392,-0.0008873094,0.0036506695
5AR%MCR5660240_1_DUF1295_domain-containing_protein__Bacteroidales_bacterium_,-0.0057584704,0.009761578,-0.015655825,-0.016477264,-0.016310088,-0.0072017796,-0.009345632,0.0070251734,-0.013747114,-0.015878558,-0.009938935,-0.008921882,-0.01300911,0.0037458946,-0.014301092,-0.016103132,0.006123639,-0.010880016,-0.011495409,0.0003269826,-0.0044401814,-0.0116190445,-0.014028362,-0.0064054625,-0.006955838,-0.011928331,-0.010362545,0.005449867,-0.0050877053,-0.009144062,0.0070420313,-0.0113548525,0.009782213,-0.002058381,0.0047130487,-0.0027103424,-0.012091935,0.0022949649,-0.011966556,-0.018342575,-0.003035951,-0.011725405,-0.011303823,0.0040261615,0.0045517376,-0.013006216,-0.0126986625,-0.013215873,0.0017268546,-0.012896973,-0.0086848,0.00085844955,-0.01121309,-0.0141776595,-0.007983405,-0.00914697,-0.0077730697,-0.012437228,0.010797105,-0.012663837,0.0017183486,0.008929279,-0.010572005,-0.00021440811
5AR%WP_005657188_1_DUF1295_domain-containing_protein__Bacteroides_stercoris_,-0.013205081,0.00026670715,-0.006837532,-0.0070933397,-0.012381626,-0.010119812,-0.0005769461,0.00049873913,-0.0022529648,-0.004916418,-0.0025591946,0.004839266,-0.0035056737,0.00514196,-0.0071276873,-0.008151707,-0.0019407294,0.0038453075,0.0004914657,-0.001109148,-0.0024688526,-0.0050671725,-0.0008381795,0.00045620036,-0.009121302,-0.0026296098,-0.0010231319,0.0020956101,-0.00047000762,-0.0031872245,-0.00033941187,-0.0038350695,0.0028789768,0.0086276205,0.0012840475,0.0055190297,-0.0023442246,0.012864513,-0.0041370336,-0.008771678,-0.0047340677,0.0029895476,0.0028120312,-8.6887405e-05,-0.000575238,-0.0020461367,-0.0015565476,-0.004318422,-0.0027174344,0.0017243768,-0.0028365958,-0.005422913,0.0001909443,-0.004526574,-0.0036907208,-0.011077028,-0.0025844413,-0.004624064,-0.00020877577,-0.006734573,-0.0050007547,-0.0004227161,-0.008382789,-0.009336658
5AR%WP_149192684_1_MULTISPECIES__DUF1295_domain-containing_protein__Bacteroidaceae_,-0.009448021,-0.011027553,0.007182513,0.008695174,0.00091088295,-0.0024729113,0.010186009,-0.006516834,0.004443654,0.006456326,0.0019835895,-0.0017232383,0.0039659454,-0.004086053,0.0055349725,0.007792272,-0.01049186,-0.0003739553,0.0028990712,-0.012317226,-0.0029413232,0.010714512,0.006401043,0.00046868232,-0.004275983,0.008334457,0.00489789,-0.00966231,0.008084046,0.0094005605,-0.0064305128,0.011479087,-0.011397201,0.008758158,-0.0056965523,0.005740427,0.004434354,0.003138769,0.004598927,0.010876026,-0.0016345036,0.005245439,0.006091269,-0.007321853,4.33767e-06,0.015089445,0.00875848,0.0012190968,-0.0034701354,0.011782941,0.0127157355,-0.0033625995,0.010433717,0.011835856,0.010711708,0.0012326929,0.0036963937,0.005147101,-0.0054579205,0.0037221878,-0.012367053,-0.011745256,0.003944732,-0.004220888
5AR%WP_300108487_1_DUF1295_domain-containing_protein__uncultured_Alistipes_sp__,-0.012377897,0.0073903394,-0.019047197,-0.00017420157,-0.012749571,-0.009244232,-0.017739454,0.0005461848,-0.014889462,-0.012579995,-0.010528635,-0.020862538,-0.011215658,0.0013317494,-0.01822503,-0.015371418,0.0023011495,-0.0011197748,-0.006333038,0.007093204,-0.0018137399,-0.0071000205,-0.00961439,0.004777788,-0.007519958,-0.020291748,0.0014893105,-0.009845052,-0.023631997,-0.013644688,-0.014491137,-0.025072346,0.00856442,-0.010134599,-0.0002860399,-0.007790883,0.0043928935,-0.0011955788,-0.026106305,-0.017284328,-0.018359685,-0.009568187,-0.0060400027,-0.009702511,-0.017744748,-0.017707268,-0.013929982,-0.0009069265,-0.007922755,-0.014275207,-0.025231674,-0.009655107,-0.021095531,-0.020555802,-0.017015323,-0.011397462,-0.010186954,-0.0129037,-0.009667333,-0.027778018,-0.002845478,0.010253309,-0.019336915,0.02638815
5AR%WP_302729833_1_DUF1295_domain-containing_protein__Bacteroides_sp__ET489_,0.0055779545,0.015916247,-0.022706687,-0.016995095,-0.017872375,-0.007799192,-0.018330803,0.0069241063,-0.015817393,-0.016016193,-0.0085863015,-0.015307887,-0.016704677,-0.0028030726,-0.019609265,-0.021285344,0.0126016,-0.01484331,-0.018315295,0.0038195408,-0.0046650423,-0.015851721,-0.016031986,-0.0012218661,-0.0027461979,-0.020054212,-0.01377575,0.0008509052,-0.01938723,-0.01459409,0.004330815,-0.023758268,0.01613217,-0.018779336,0.0043824404,-0.016484814,-0.01118249,-0.008598864,-0.020190906,-0.02576316,-0.009200458,-0.02083286,-0.019448064,0.0050213747,0.002084743,-0.019601494,-0.020940477,-0.015129489,0.0013366145,-0.024327116,-0.018980555,0.0024096915,-0.025005504,-0.025565213,-0.016763804,-0.0055942256,-0.010345075,-0.018470742,0.01063349,-0.018715363,0.0108156875,0.019413883,-0.01333095,0.017122945
5AR%WP_346709278_1_DUF1295_domain-containing_protein__Phocaeicola_salanitronis_,-0.0029217785,-0.0018368858,0.010498923,-0.0012429648,0.006914512,-0.004503973,0.0057819206,0.0053428872,-0.00091028295,-6.940938e-05,0.0069536995,0.0029512853,0.011505096,0.0057146684,0.012650024,0.005574392,0.00014723655,0.013759489,0.010754435,0.0044987965,-0.005150819,0.01058295,-0.00736746,0.0023707983,-0.0036678547,0.009389748,0.0030119577,0.003200763,0.00470799,-0.010788555,-0.0028943566,0.0074092257,0.0011286662,0.010633256,0.0036559892,0.0059866626,0.0016955963,0.009449728,0.008037956,-0.0040129162,0.0007535666,0.015366747,0.013200504,0.012384611,0.0067260517,0.009232857,0.004186157,0.0043274043,0.002055591,0.00023669159,0.009563188,-0.0057247235,0.0058725756,0.006035763,0.0020829435,-0.0017122487,-0.0017383647,0.009278268,0.006555969,0.016111042,-0.0015315744,-0.005785046,0.007390303,-0.02583728
5AR%WP_418203978_1_DUF1295_domain-containing_protein__Bacteroides_sp__,-0.0055716336,-0.009494976,0.019931156,0.0035262154,0.01176083,-0.0036090764,0.019025857,0.004065887,0.0050997566,0.0046362123,0.010181546,0.009430489,0.019251278,0.0037634606,0.020193212,0.013717448,-0.004616541,0.018162964,0.016411748,-0.002964899,-0.010725818,0.0205338,-0.0026936857,0.0018434227,-0.0008406852,0.017621014,0.005457021,0.0022874356,0.018373337,-0.0035911584,-0.0012735447,0.021956896,-0.0069962614,0.02289107,0.0029763568,0.014681064,0.0023814728,0.014321173,0.019195078,0.0071354224,0.008397665,0.022650685,0.021017328,0.014208864,0.009658237,0.021178503,0.012969705,0.007893564,0.0040120413,0.0118853655,0.024197757,-0.0016375562,0.019087713,0.017759088,0.0116626015,0.0029009155,0.0038100304,0.01843151,0.008758229,0.028420914,-0.0069050086,-0.015737578,0.016862907,-0.039849203
5BR%CAK7070565_1_MAG__NADPH_dehydrogenase__Parabacteroides_sp__,0.008968248,0.020473193,-0.025288524,-0.013743994,-0.019235283,-0.0023187057,-0.02425394,0.003911527,-0.01898835,-0.017363606,-0.014099083,-0.020602671,-0.019430628,-0.0011213577,-0.026972454,-0.02000354,0.011041814,-0.02027071,-0.020157492,0.0043286104,0.0048303856,-0.014076953,-0.014046448,-0.0011783139,0.0051920805,-0.025795393,-0.015914826,-0.0011354651,-0.022814402,-0.008202449,0.0018379362,-0.026386952,0.01623099,-0.022958698,0.0019556878,-0.02034647,-0.015546521,-0.020966316,-0.023409298,-0.018079214,-0.006726363,-0.024416186,-0.022357427,-0.010941374,-0.012418862,-0.019889027,-0.02540272,-0.019705178,-0.0063194297,-0.01495965,-0.020482585,0.0046198424,-0.026633257,-0.023437422,-0.008829358,0.0012286459,-0.009986346,-0.021794436,0.0021132377,-0.028614344,0.009802244,0.0243393,-0.013538623,0.037975118
5BR%GENOME006024_4796,0.010073628,-0.004102825,0.010741894,-0.0013576315,0.00743262,0.0039407453,0.012681669,0.0075447545,2.751408e-05,-0.00060617813,0.0014738723,0.0060762293,0.0075202556,-0.0029827326,0.012639812,0.010595577,0.0023500642,0.013150936,0.012213473,0.0031211707,-0.0037678236,0.011763331,-0.004995458,-0.0056622205,0.0032956274,0.007585362,-0.0010537858,0.0032982237,0.008748604,-0.0060826866,0.0011713099,0.009301197,-0.0044116215,0.011145767,0.0036301992,0.010317957,-0.007403918,-0.0050690407,0.012838151,0.0008838795,0.0016219718,0.013423026,0.011884126,0.011666095,0.0073412536,0.008297257,0.0017717226,-0.0008802755,0.0013277641,0.0045202468,0.013477001,0.00606182,0.0075847567,0.004194715,0.0007885061,0.00766656,0.0016759443,0.008980067,0.0039287945,0.017178817,0.004730654,-0.005265693,0.0127845155,-0.016192371
5BR%GENOME006521_2122,-0.0013846452,-0.0013890411,0.0044590514,0.004958434,0.0055176597,0.0033797827,0.0064943787,0.004687285,-0.0006118993,0.0009518348,0.0028972572,0.00053310767,0.0054034935,0.0043036556,0.006491291,0.008250215,0.003029954,0.013844294,0.013020256,0.009193054,0.002641719,0.0135964835,-0.0026188942,0.0016461391,-0.0028862376,-0.00030644436,0.0010470938,-0.0008172997,-0.0043830653,-0.008771646,-0.0077249003,-0.00063119153,0.0021074628,0.0064290073,0.0062542125,0.005800424,0.003945385,0.00627366,0.0012346325,-0.0035798987,-0.0060706646,0.011415142,0.012452253,0.0067908126,5.460165e-05,0.0037631085,0.0033391484,0.0072105182,0.005631002,0.0025718873,-0.0017648123,-0.0018564435,1.4729078e-05,-0.0012902799,-0.007982791,0.0022124727,-0.0040664454,0.005341407,-0.0017572996,0.0024775267,0.0015456364,-0.00074859045,0.0028653636,-0.0048199445
5BR%GENOME141824_1849,-0.017477041,-0.023101771,0.0050313277,0.006774711,-0.0020663028,-0.0071793515,0.015709713,-0.011730475,0.0058901054,0.005870568,-0.0098892115,0.0063172956,-0.001867314,-0.013267349,0.0054648165,0.0051724706,-0.020895768,-0.0010706047,0.0053902934,-0.019945905,-0.013093145,0.0046233605,0.007768169,-0.012472596,-0.005475724,0.009803195,0.005434184,-0.0132726105,0.01664943,0.013785554,0.00013739694,0.016384382,-0.02494272,0.016047046,-0.0107072685,0.013718158,0.003915273,-0.009328543,0.0059901085,0.015162047,-0.0053066285,0.003353638,0.007623924,-0.013288805,-0.0045822947,0.012194007,0.009040416,-0.00073941285,-0.012795907,0.0100749675,0.016120903,-0.0011197774,0.015909612,0.014362806,0.00708331,-0.008618798,0.0067410124,0.004925902,-0.01365263,0.002739221,-0.023276128,-0.023397872,-0.0021199507,-0.0071091997
5BR%HIX74022_1_NADH_flavin_oxidoreductase__Candidatus_Parabacteroides_intestinipullorum_,-0.003952686,0.002202333,0.0059257825,-0.008742022,0.0021365993,-0.0074164355,-0.0003916839,0.008038655,-0.0066725127,-0.0064296518,0.0038833502,-0.0015334839,0.0077259005,0.007315532,0.0073666763,-0.0012979807,0.0027145967,0.011081643,0.007042065,0.005516471,-0.0052429615,0.0069311536,-0.014143703,-0.001089999,-0.004595437,0.004810982,-0.0023043514,0.0056077186,0.0014375343,-0.016724387,-0.003428556,0.00227705,0.005571148,0.006811367,0.0045954925,0.0032389972,-0.0041013663,0.009820121,0.0035680416,-0.011756664,-0.00054428907,0.01175624,0.009396432,0.014284501,0.008558263,0.0043002036,-0.002096089,2.8205057e-05,0.0033618063,-0.005610515,0.0056385724,-0.007841268,-0.00053261966,-0.0005228063,-0.0013070818,-0.004002184,-0.003704065,0.006943566,0.010267899,0.01374699,0.001115102,-0.0010505519,0.0054061003,-0.027565
5BR%MBO4402754_1_NADH_flavin_oxidoreductase__Bacteroidales_bacterium_,-0.017298259,-0.017775586,0.006029718,-0.0030001095,0.0018840549,0.0017680831,0.015536355,0.0015806067,-0.0005170194,-0.0018297187,-0.0058445293,0.005786908,0.002988843,-0.001820272,0.005502565,0.004006117,-0.013115198,0.0033279401,0.009591727,-0.009907173,-0.007406674,0.010565108,-0.0022318002,-0.014483392,-0.00864177,0.008212015,0.0011697083,-0.002609282,0.01788218,0.002149903,-0.00075176865,0.01940989,-0.01760339,0.016737638,-9.753219e-05,0.014327638,-0.005127745,0.0045875325,0.011575618,0.011348142,0.002244382,0.010208356,0.013942777,0.005335867,0.010359801,0.013961863,0.0050646346,-0.0042116414,-0.00012453161,0.012254859,0.022477323,0.00231244,0.015813665,0.012353466,0.004137975,-0.009654585,0.009407655,0.010886404,-0.0006185913,0.012451973,-0.016304012,-0.020310385,0.00096150656,-0.020717366
5BR%MBO7234306_1_NADH_flavin_oxidoreductase__Paludibacteraceae_bacterium_,0.023346798,0.032079555,-0.02986048,-0.022122849,-0.018274713,0.008314567,-0.029508565,0.014372289,-0.023191934,-0.02212222,-0.011188732,-0.020654464,-0.027605422,0.0043580034,-0.031289577,-0.022525653,0.024310438,-0.024987997,-0.024527067,0.012782356,0.017274987,-0.020176541,-0.017059138,-0.003062188,0.0059802295,-0.029909639,-0.02743359,0.0101967575,-0.026637966,-0.009376608,0.013332405,-0.027207417,0.028355386,-0.031000592,0.011693562,-0.027107721,-0.026846793,-0.0228035,-0.017731598,-0.019200422,0.0026984424,-0.030767554,-0.031132504,-0.0052026603,-0.0049183047,-0.030187853,-0.033399817,-0.02857841,0.0023370392,-0.014868376,-0.021270081,0.013787717,-0.030000923,-0.026751652,-0.011745567,0.003326691,-0.009862787,-0.02634044,0.013779189,-0.02851826,0.023124823,0.03561058,-0.015389942,0.043454103
5BR%MBO8446450_1_NADH_flavin_oxidoreductase__Candidatus_Enterocola_intestinipullorum_,0.0040204553,-0.0034774847,0.00789888,0.0041975398,0.005148721,-0.004836516,0.0096661225,0.002935015,0.0074628275,0.003989931,0.0028524422,0.008274542,0.0032292136,-0.003458418,0.0076056044,0.007151237,0.0022614882,0.013968107,0.01067515,0.00018369673,-0.0072511043,0.0062492746,0.0040565105,-0.0039463653,0.00027384088,0.00655686,-0.000952337,-0.0022357344,0.0066212206,0.00036197357,-0.0010551271,0.0078603225,-0.0035223865,0.007437461,-0.002048375,0.0031728009,-0.0005938879,-0.00311036,0.009332409,0.0034269684,-0.00073677755,0.012173512,0.01027848,0.00476176,0.0015683825,0.0029017737,0.0046777516,0.00042516078,-0.0004687252,0.004941529,0.007104157,0.0056388765,0.009709892,0.006556171,0.00023588017,0.003194888,0.003926976,0.008445498,-0.0025266279,0.009348188,0.0015677316,-0.0062177605,0.0064544757,-0.013154461
5BR%MBQ8101082_1_NADH_flavin_oxidoreductase__Paludibacteraceae_bacterium_,-0.013088694,-0.0050465227,-0.002923599,0.0029029348,-0.0007866003,-0.0008319523,-0.00034529285,-0.013576277,0.0062511433,0.0074576945,0.0021679576,0.003753392,-0.001161163,0.0014873877,-0.004792733,-0.003389188,-0.010192901,-0.013880115,-0.010897492,-0.0136709465,-0.0021132238,-0.013660477,0.012265545,0.004474385,-0.0014162249,0.006104774,0.0076162564,-0.0017009999,0.008404022,0.016897399,0.010212619,0.0055842185,-0.005869491,-9.4525145e-05,-0.0035767609,-0.0011072232,0.0057505695,0.002076855,-0.00077694847,0.010238175,0.004275065,-0.010899026,-0.009853505,-0.014049213,-0.005204569,-0.000587962,0.0058159805,0.0028187237,-0.0045533604,0.0029491317,0.0020665897,-0.0015529976,0.0056057977,0.00901922,0.010519261,-0.00683165,0.0028440217,-0.002917921,-0.0009936062,-0.009728399,-0.0123230815,-0.005692147,-0.006921512,0.0010194118
5BR%MCD8287651_1_NADH_flavin_oxidoreductase__Porphyromonadaceae_bacterium_,-0.020176442,-0.0053993682,-0.006687296,-0.0008077422,-0.014518353,-0.0055255652,0.002063331,-0.0027867106,0.0009083162,-0.00078530604,-0.0024348274,0.005404077,-0.002786651,0.0033674291,-0.0064317393,-0.005011765,-0.008468794,-0.0027755958,-0.0028279435,-0.0070815957,-0.00070570665,-0.005464783,0.005749351,0.00292207,-0.009030593,0.0013300127,0.006308743,0.0014791861,0.005029783,0.0064673517,0.0059439163,-0.0014514144,-0.0030211688,0.013435717,0.0010704892,0.01225245,0.0025257869,0.011001954,-0.0070789102,-0.0011674082,-0.0046027503,-0.0010492945,0.00039290747,-0.008969169,-0.00436405,0.00018787073,0.0039827265,-0.00046358322,-0.0044407602,0.0058360114,0.0008978913,-0.0033593103,0.003594089,0.00061330013,0.0019133626,-0.013866757,-0.0054964237,-0.007212733,-0.0026906016,-0.0121109,-0.014731828,-0.0055884137,-0.011167044,-0.0035135509
5BR%MCH5231198_1_NADH_flavin_oxidoreductase__Muribaculaceae_bacterium_,0.0016352043,-0.013282879,0.020676045,0.019758826,0.01563801,0.0017056762,0.018132154,-0.00691901,0.016112281,0.0147767505,0.012186292,0.01406659,0.013746854,-0.0037258735,0.020977395,0.019783136,-0.004348617,0.015884787,0.013753736,-0.00338903,-0.0072641415,0.007466106,0.010408994,0.0054623215,0.0040760147,0.0170194,0.010142339,-0.006121757,0.013016966,0.009498718,3.9237933e-05,0.015807124,-0.009939853,0.010060573,-0.005020021,0.0067796754,0.011202296,0.0008156888,0.013195774,0.01536287,0.0027403005,0.01652238,0.014349908,0.0026570205,0.0013642267,0.011031508,0.018341683,0.017619612,0.0008409497,0.00931642,0.011133492,0.00018881816,0.01738665,0.016542222,0.006100473,0.0061208266,0.0055272295,0.017729096,-0.0072017247,0.017776653,-0.0041230996,-0.013532474,0.009249497,-0.013788363
5BR%MCQ2066925_1_NADH_flavin_oxidoreductase__Bacteroidaceae_bacterium_,-0.016562026,-0.004101909,-0.010214713,0.00017141452,-0.016149774,-0.008791756,-0.0053534727,-0.015858127,-0.0061979652,-0.004010669,-0.011540677,-0.012137285,-0.0074080927,-0.0050416915,-0.010818001,-0.008407619,-0.014971417,-0.020427503,-0.017062169,-0.01719368,-0.012199312,-0.007374514,0.00012303598,0.0013477644,0.0011758715,-0.0063852035,0.0056883562,-0.011971173,-0.0019369664,0.0040907315,0.0014254545,-0.006562077,-0.0083551975,-0.001384016,-0.0071418835,0.00020552019,0.0033403249,-0.010744735,-0.016452996,-0.003911024,-0.0078054895,-0.017290635,-0.013273193,-0.022311915,-0.01740673,-0.0014914918,-0.002721597,-0.0015986867,-0.013798825,-0.0047599706,-0.0042797844,-0.005373007,-0.004275425,-0.0029176748,0.0035430938,-0.0049624466,-0.0044994806,-0.012242275,-0.005239662,-0.018152442,-0.016800065,-0.0028718659,-0.008344317,0.017588437
5BR%MCQ2271787_1_NADH_flavin_oxidoreductase__Bacteroidales_bacterium_,0.0048830407,0.0042657796,0.0028843028,-0.007373594,0.0018107386,-0.006002,0.0021243386,0.008728522,-0.003794696,-0.0055309553,-0.00011447675,0.0009465604,0.0021124415,0.0007020196,0.0021891408,-0.00024586296,0.0057172985,0.010233917,0.0064223916,0.0035518226,-0.0063229506,0.005560286,-0.008856136,-0.005993338,0.0005922551,0.00090161903,-0.006809028,0.003268083,0.0021330116,-0.00986566,-0.00028043552,0.002738771,0.0033505904,0.0032315517,0.003187252,6.759269e-05,-0.009248153,2.2285953e-05,0.0059349085,-0.0056021297,0.0007000163,0.008981992,0.0072999937,0.01272039,0.0068905447,0.0002746155,-0.004444821,-0.005997032,0.00050496095,-0.002551127,0.005977859,0.0036807412,0.0005709553,-0.0004465879,-0.0020377594,0.00055924,0.00011250288,0.0058004213,0.00614781,0.010145041,0.0046965578,-9.808628e-05,0.005478048,-0.01673036
5BR%MCR4591939_1_NADH_flavin_oxidoreductase__Bacteroidaceae_bacterium_,-0.0114030065,-0.020848325,0.03135061,0.018148543,0.014086456,-0.020437831,0.027966524,-0.0036225284,0.020257773,0.015656477,0.01675073,0.018219516,0.02409007,0.00039875106,0.033962518,0.02090116,-0.004789683,0.04089076,0.02945017,-0.0024795886,-0.023512186,0.02118626,0.008188067,0.009503272,-0.009303911,0.023719369,0.016845573,-0.0124152005,0.015199367,-0.0058659627,-0.025492989,0.018241042,-0.009499539,0.02685926,-0.009355726,0.020108042,0.023077998,0.031917073,0.01372164,0.0026098755,-0.0075172116,0.03895905,0.03420917,0.014201407,0.0065364307,0.020421429,0.028357983,0.028062247,0.002470435,0.005685584,0.007824984,-0.01865405,0.02120909,0.013483316,0.00050175964,0.002555701,0.0025500378,0.030712927,-0.011751936,0.033520352,-0.0045831576,-0.02305546,0.017292105,-0.05116098
5BR%MDD5892138_1_NADH_flavin_oxidoreductase__Bacteroidales_bacterium_,-0.00037698032,0.012193704,-0.018261218,-0.019118061,-0.017446222,-0.013764861,-0.015685974,0.011706973,-0.017432244,-0.020587582,-0.006146593,-0.010131155,-0.0123759415,0.0019140244,-0.012581662,-0.02094866,0.014793985,0.0013767687,-0.008482277,0.009734606,-0.00719859,-0.012788909,-0.021580555,0.00022148326,-0.009298731,-0.018280383,-0.013528154,0.0022957828,-0.020593464,-0.026389154,-0.005832696,-0.023373934,0.018279858,-0.011933924,0.0065684994,-0.010274137,-0.009846956,0.007892501,-0.016944718,-0.032763656,-0.0126764355,-0.005645894,-0.0074001886,0.015726572,0.0071312366,-0.019592758,-0.019424422,-0.010792945,0.003561118,-0.023785215,-0.021392535,-0.0051919697,-0.022757329,-0.027822085,-0.025642915,-0.01215302,-0.01108909,-0.013267192,0.009659012,-0.010146793,0.012232194,0.0157857,-0.014215139,-0.004693709
5BR%MEI7492181_1_NADH_flavin_oxidoreductase__Bacteroidota_bacterium_,0.009614058,0.018030256,-0.017055977,-0.008186238,-0.0067477156,-0.003333562,-0.020781443,0.004777852,-0.010246932,-0.010513459,-0.0053727734,-0.013528006,-0.0110973725,-0.0010073785,-0.018250521,-0.014957439,0.013162111,-0.009112485,-0.014041386,0.0060960073,0.0033589918,-0.014388684,-0.009604962,-0.0011907085,0.0034223488,-0.019122852,-0.009875524,-0.0010934621,-0.020956133,-0.007636044,0.0009967327,-0.024332847,0.01782466,-0.02174175,0.0031666588,-0.014930474,-0.0061687757,-0.009383881,-0.018949639,-0.017970067,-0.007275305,-0.017832099,-0.017979365,-0.005285084,-0.009648216,-0.023912992,-0.0153266145,-0.0049058665,0.00064837106,-0.018172966,-0.023524981,-5.6289522e-05,-0.02303354,-0.021235107,-0.01434573,-4.2716674e-05,-0.005363911,-0.011279532,0.0023453769,-0.020728614,0.012707453,0.021187099,-0.009747051,0.024586668
5BR%MEZ3591839_1_NADH_flavin_oxidoreductase__Muribaculaceae_bacterium_,0.00079924666,-0.0015328962,0.0071769143,0.011242705,0.0077316207,0.0031704074,0.008363645,0.0034840647,0.002135295,0.003404197,0.00269471,-0.0005820394,0.009722224,0.0016694763,0.008243537,0.011834215,0.002044983,0.016569184,0.015325789,0.011139023,0.0029004375,0.015463815,-0.0006422457,0.00085908565,0.00026012847,-0.0018320521,0.0024744582,-0.004474921,-0.0045407596,-0.0061098617,-0.010924976,-0.0040818206,-4.2678825e-05,0.0042721066,0.003615718,0.004245564,0.007830922,0.003537802,-0.0031776712,-0.0033447945,-0.008186565,0.012594071,0.014472702,0.0053418274,-0.0042768065,0.0038251951,0.006660968,0.01315119,0.0048157256,0.004060359,-0.0038768407,7.5532125e-07,-0.0013842464,-0.0041799247,-0.009556137,0.0065114116,-0.004333297,0.008457711,-0.006076539,0.0037771077,0.001420085,-0.0014715773,0.005270656,0.00075417245
5BR%WP_149192683_1_MULTISPECIES__NADH_flavin_oxidoreductase__Bacteroidaceae_,-0.015748791,-0.012215585,0.0069685895,0.0066446858,-0.00041328807,-0.005063489,0.010069587,-0.0075108395,0.0026479885,0.004633912,0.0004085163,-0.0063158167,0.0068119857,-0.0037243164,0.002838797,0.0045770947,-0.016679926,-0.008909865,-0.0028946432,-0.019476991,-0.0075836163,0.009852813,0.0030544908,-0.0008968557,-0.002894035,0.0092939045,0.006024645,-0.009482998,0.012712308,0.012116795,-0.0064371913,0.013341053,-0.014661294,0.011018299,-0.007503461,0.007962182,0.0031502836,0.005951875,0.0030405072,0.011363357,0.0027455497,0.0005061499,0.0024629158,-0.010895626,-0.0003828837,0.016744528,0.009545796,0.0030482495,-0.0044870395,0.011226928,0.015437161,-0.0076292227,0.01142745,0.013651231,0.016419545,0.0003648652,0.005161418,0.007121559,-0.0023055957,0.004423965,-0.018047092,-0.013849185,0.0056237224,-0.0065811183
5BR%WP_259010233_1_NADH_flavin_oxidoreductase__Parabacteroides_distasonis_,-0.010353782,-0.00591494,0.0037507329,0.0034747738,-0.0040332708,-0.011156334,0.008226705,-0.003569867,0.0018952456,0.0010922349,-0.0035574418,0.0006455792,0.0025655625,-0.0058378107,0.0022375928,0.0016367825,-0.008204455,-0.00023997796,0.0012005626,-0.011243072,-0.012395894,0.0031375436,0.0011339479,-0.0020460335,-0.0029262025,0.0031358101,0.004421891,-0.0073054545,0.0085805785,0.004079632,-0.00033620637,0.006558406,-0.008234236,0.009328378,-0.0048349453,0.006321155,0.0014126908,0.0005534708,-0.0006611097,0.002389539,-0.0022095733,0.0029828944,0.0045500426,-0.0034137098,-4.0734587e-05,0.004943513,0.005346467,0.0006419757,-0.0058128657,0.004366726,0.009664499,-0.00037608008,0.0077820485,0.006264101,0.005323629,-0.0028971583,0.0023099233,0.0026304931,-0.0024800857,0.0024867896,-0.010406869,-0.010303701,0.0031792694,-0.011527213
5BR%WP_279088787_1_NADH_flavin_oxidoreductase__Alistipes_putredinis_,0.00824916,0.020077191,-0.02140596,-0.008055717,-0.012225692,-0.0007822785,-0.020683043,0.01044891,-0.018339692,-0.0165978,-0.008879401,-0.022041852,-0.01543796,0.0041823476,-0.020403486,-0.014712611,0.016478587,-0.0065004034,-0.010805163,0.012781854,0.0071472893,-0.008522066,-0.01464695,0.0025794595,0.00059348694,-0.025303625,-0.010912505,-0.0011041373,-0.026537867,-0.015023432,-0.0039649364,-0.026648404,0.020081319,-0.018805973,0.007687599,-0.013693148,-0.008183937,-0.009926436,-0.020831287,-0.019337576,-0.008679588,-0.01616701,-0.014397886,-0.004785196,-0.011889789,-0.02280549,-0.021079838,-0.009131197,-0.00091589004,-0.013645248,-0.023134485,0.0015009018,-0.024954896,-0.024099093,-0.015693476,-0.0007633852,-0.011266211,-0.016230948,0.0007934277,-0.025563305,0.012473742,0.023436606,-0.014302377,0.034321774
5BR%WP_295936477_1_NADH_flavin_oxidoreductase__uncultured_Alistipes_sp__,0.011091695,0.028908318,-0.034524195,-0.021941729,-0.022172308,0.0024562406,-0.03229144,0.012014245,-0.028901234,-0.02697038,-0.016227243,-0.027297862,-0.027797902,0.004670276,-0.035526756,-0.027234135,0.018274272,-0.024233324,-0.024710666,0.010350511,0.012791181,-0.01894049,-0.021184087,-0.0040623154,0.0014072699,-0.03344797,-0.02514581,0.0056162137,-0.029321754,-0.014313268,0.005497132,-0.032216463,0.025009504,-0.028370356,0.009136214,-0.02424493,-0.025434172,-0.018490998,-0.026299406,-0.024676425,-0.005093286,-0.030042503,-0.028403241,-0.006597323,-0.008236714,-0.029197607,-0.035052527,-0.02794492,-0.0016250196,-0.017748905,-0.024977706,0.006708258,-0.034718364,-0.031494442,-0.0146587845,-0.0040054116,-0.0117629925,-0.027989382,0.009608836,-0.035119522,0.014737517,0.03276411,-0.020796575,0.04355959
5BR%WP_300285921_1_NADH_flavin_oxidoreductase__uncultured_Alistipes_sp__,0.0014896913,-0.0007314345,0.012013577,0.0004579602,0.008751834,-0.004625228,0.0064405156,0.0054270653,-0.00046183812,-0.0004299989,0.0066294633,0.0026877136,0.011510423,0.004229734,0.01449163,0.007326399,0.0025754923,0.01698953,0.012483396,0.0067875874,-0.00621354,0.011003781,-0.0080487225,0.0011889675,-0.003172201,0.008172228,0.0012955137,0.0018375451,0.0032474068,-0.012845469,-0.004152226,0.0058355564,0.001852721,0.009171861,0.0027445387,0.005439585,0.0015913607,0.006616381,0.0067128087,-0.006341585,-0.0017114723,0.016657986,0.014009051,0.013280797,0.004996573,0.0067156004,0.0035249612,0.0058571296,0.0031708705,-0.0011220414,0.0073471414,-0.005401635,0.00454627,0.0038149357,-0.001437194,0.0006188272,-0.0019211379,0.010670838,0.005617506,0.017714176,0.001941823,-0.004698396,0.008608805,-0.025168544
5BR%WP_300748828_1_NADH_flavin_oxidoreductase__uncultured_Alistipes_sp__,-0.0019391559,-0.008010465,0.008172035,0.011061244,0.009345008,-0.0034046762,0.006353693,-0.009059139,0.0108425785,0.009471859,0.0071240272,0.007140131,0.007903082,-0.0063853045,0.006516735,0.00653835,-0.0052504176,0.008583883,0.0058732633,-0.005758102,-0.006581403,-0.0011572734,0.009792695,0.0025480518,0.0021114077,0.008217443,0.008115467,-0.008369934,0.0058834716,0.0062004034,-0.0036133942,0.0059365868,-0.006874338,0.0023037514,-0.0070011555,0.0019385287,0.008250496,0.0015006663,0.003979376,0.009787088,-0.0017225106,0.006558846,0.00660586,-0.0010102575,-0.0006488567,0.0024539328,0.010129813,0.01118358,-0.0020561707,0.00039624717,0.002008917,-0.0024159437,0.0075534834,0.0093689235,0.00072297035,-0.00095021725,0.004618418,0.011712721,-0.008141655,0.0040656165,-0.0045951633,-0.00821364,0.0006460132,-0.006757426
5BR%WP_302380465_1_NADH_flavin_oxidoreductase__uncultured_Alistipes_sp__,0.024020324,0.029236374,-0.030700669,-0.022414623,-0.017595923,0.0060582417,-0.031108756,0.009841726,-0.019238517,-0.018460616,-0.01052032,-0.016083071,-0.028170226,0.0011605674,-0.031771153,-0.023909455,0.022407906,-0.025456727,-0.025815472,0.010750142,0.014018139,-0.023076149,-0.014290355,-0.0058975234,0.008514308,-0.02710624,-0.028420236,0.009362656,-0.024241751,-0.008044824,0.01499498,-0.025363106,0.02514002,-0.033347853,0.008334162,-0.030162597,-0.025844743,-0.026811304,-0.014738934,-0.016818168,0.0039724656,-0.031063069,-0.03163899,-0.003387761,-0.0024907338,-0.028671084,-0.033105012,-0.029453617,0.0010456603,-0.016978065,-0.021146517,0.016625572,-0.029105814,-0.025293598,-0.012352048,0.0027449992,-0.0069762617,-0.024996726,0.01228727,-0.028765518,0.022623677,0.03330515,-0.016851546,0.04216867
5BR%WP_394671717_1_NADH_flavin_oxidoreductase__Muribaculum_sp__,0.007632268,-0.008017916,0.016383927,0.008425489,0.017127682,0.0059785224,0.016413419,0.0073247827,0.012595651,0.010141403,0.010278293,0.015110817,0.011810716,-0.0013479394,0.016976425,0.015651548,0.0034604329,0.019016303,0.018709294,0.00397557,-0.0029913748,0.01625259,0.006840516,-0.0017455327,0.0035826438,0.0135060195,0.003684883,0.0010562404,0.013761325,0.0027391626,0.0014534688,0.020091526,-0.006770841,0.010332443,0.0022641046,0.0065333243,0.0018842597,-0.002528649,0.022109076,0.01378087,0.007984609,0.017725853,0.016067289,0.011413691,0.008251512,0.009985729,0.01152566,0.0045815646,0.006965793,0.011967573,0.018380038,0.0115452325,0.017198406,0.016195767,0.004584263,0.006287591,0.012475735,0.016546786,0.001470638,0.020895245,0.0030328224,-0.012026187,0.013993294,-0.021719951
5BR%WP_418992344_1_NADH_flavin_oxidoreductase__Alistipes_sp__,0.00014245654,0.014739565,-0.02005841,-0.0071415724,-0.012783071,-0.0050463574,-0.020178938,0.0067143445,-0.0150480615,-0.012504749,-0.007360709,-0.018657375,-0.013931823,0.0028680777,-0.020150067,-0.016010158,0.011097959,-0.0055911005,-0.008996524,0.010364855,0.0043292376,-0.009059059,-0.010507323,0.005280574,-0.00033598545,-0.021864654,-0.004622214,-0.0037506637,-0.02311434,-0.010759082,-0.0061680228,-0.022840712,0.015856981,-0.016177338,0.0038401813,-0.014378772,-0.0023996267,-0.0063769277,-0.018917883,-0.015490031,-0.007634983,-0.013676333,-0.012115262,-0.0054192776,-0.009575153,-0.01938816,-0.017243149,-0.008384802,-0.0037338,-0.01299233,-0.021046862,-0.00062946946,-0.020839775,-0.01877442,-0.012246656,-0.00492005,-0.008300333,-0.013230796,-0.0013355532,-0.024747897,0.007593101,0.01760944,-0.015610457,0.02682036
7aHSDH%GENOME025100_397,0.0017569,-0.022669204,0.03316519,0.01793195,0.012511887,-0.0044382038,0.031869806,-0.0036656398,0.025861714,0.020336851,0.010892318,0.023551388,0.023812585,-0.009669812,0.03437969,0.027985591,-0.009176549,0.029896688,0.02487652,-0.0071476316,-0.014173675,0.024364298,0.016900623,0.003583,0.006535465,0.027968023,0.016286481,-0.00794474,0.020181168,0.0064392383,-0.014840147,0.022149535,-0.018387057,0.026600668,-0.009122479,0.022030888,0.016392196,0.005624583,0.021135699,0.013881522,-0.0036252888,0.029477172,0.026725223,0.00336843,-0.0001194544,0.02284535,0.02919697,0.021456352,0.00086108776,0.01948912,0.018097019,-0.0049663405,0.026346384,0.018818373,0.009478702,0.01375085,0.006243991,0.02500221,-0.010843003,0.03680758,-0.0022183505,-0.023325102,0.02651609,-0.03283645
7aHSDH%GENOME067790_2714,0.015774274,-0.0009328596,0.009993345,-0.008416498,0.0088852085,0.009153055,0.0057644974,0.0026043856,-0.00014473729,-0.0029039958,0.0012245838,0.006037269,0.005727577,0.0010447447,0.007962922,0.0056002317,-0.00072105706,-0.0025499754,0.00040988025,-0.004519227,-0.0022008955,0.0052674725,-0.0070345877,-0.014185245,0.0062647355,0.00881882,-0.010424686,0.0057352907,0.012762339,-0.004900968,0.0027348476,0.013830534,-0.0046107867,-0.00063384965,0.0015110329,0.0011215734,-0.016327797,-0.006363599,0.0151520595,0.0013185692,0.008959844,0.0051129544,0.0030933174,0.00832441,0.0068971915,0.007881467,-0.0013625637,-0.0054369774,0.0073040114,0.004253686,0.01809267,0.0028633785,0.0062761707,0.0056664133,0.0013326405,0.008330365,0.009845931,0.008936236,0.009458772,0.021758415,0.009984871,-0.00094603794,0.016819008,-0.015751198
7aHSDH%GENOME086444_1757,-0.00030261194,0.0024671867,0.00080621697,-0.0017102513,0.0028596923,0.007544199,0.00077947514,0.005929795,-0.005553081,-0.0061168415,0.0017620715,-5.1167463e-05,0.00309943,0.0065359934,0.0007724086,0.00061908783,0.0013374543,-0.001301948,-0.00056262297,0.0033460092,0.0015574987,0.0030669898,-0.008305868,-0.0073618633,0.0016113071,-0.0016662983,-0.008995478,0.0072463225,0.0053394604,-0.006473512,0.0071702776,0.000829389,0.0013697997,-0.00018500198,0.0056326226,0.0026266312,-0.011484902,0.00021006078,0.00027105867,-0.00287314,0.0046556843,-0.0007978254,0.0012551483,0.0090379305,0.005568952,0.00021275524,-0.002392406,-0.0001458977,0.00719923,0.0025911238,0.009456949,0.007087931,-0.0021192876,-0.0032905736,-0.0063894647,-0.0013480852,-0.0021937448,0.0037443652,0.009437916,0.005216952,-2.9254797e-05,0.0012270849,0.0018213039,-0.008103391
7aHSDH%GENOME150027_3593,0.021056764,-0.03849412,0.061405715,0.046218496,0.050659977,0.009515777,0.05599752,-0.01969807,0.05554867,0.05475436,0.035356082,0.045954283,0.03915474,-0.01479231,0.06335962,0.06157149,-0.014385964,0.051537827,0.05241176,-0.0055567627,-0.01225981,0.036939785,0.048117705,0.015564474,0.008433094,0.056508802,0.03780159,-0.018343253,0.040750485,0.030182011,-0.011441655,0.05734934,-0.037561905,0.036017027,-0.0123517355,0.029087076,0.038803812,0.0025337406,0.057271194,0.05564908,0.008879101,0.05663996,0.051844805,0.0039516133,0.00023021069,0.04739697,0.05424302,0.041933652,-0.0006983631,0.038765416,0.040876575,-0.0003730037,0.05966866,0.059653543,0.024386805,0.02600565,0.030677225,0.04563103,-0.028316591,0.056072265,-0.0014501624,-0.044830207,0.03860566,-0.039164413
7aHSDH%MBE5948790_1_SDR_family_oxidoreductase__Lachnospiraceae_bacterium_,0.0073110587,0.005766702,-0.0071061333,0.0014687374,0.000529617,0.0042214524,-0.008931906,0.007198574,-0.0055992645,-0.004548666,-0.0071216743,-0.008100999,-0.005073605,-0.0011339367,-0.0058614914,-0.0016349071,0.0076245647,0.0029786867,0.0008280547,0.010709651,0.009122767,0.0013040681,-0.002386609,-0.0038491767,0.003122986,-0.015370934,-0.006098189,-0.00039216367,-0.01582468,-0.0038954196,-0.0030821755,-0.01474566,0.0056296242,-0.0123541625,0.0027198987,-0.0058517824,-0.0023527653,-0.012317978,-0.008528517,-0.004830943,-0.0045628026,-0.0074633304,-0.0053503914,-0.000748014,-0.0060060597,-0.01284464,-0.007256129,-0.00049656525,-0.0011392016,-0.0019556857,-0.012298193,0.005893731,-0.012838249,-0.015062869,-0.010973113,0.0015423041,-0.0056834775,-0.0025000607,-0.00424779,-0.0059245913,0.0053845663,0.008156256,-0.005643093,0.020813888
7aHSDH%MBHC130__Clostridiales_bacterium_1_7_47FAA_,0.008727616,-0.01585739,0.01889418,0.010696224,0.010790438,0.00694789,0.017531483,-0.01105099,0.020331807,0.017166458,-0.0005046408,0.014637738,0.0045002317,-0.011169935,0.016621169,0.0173772,-0.012363635,-0.0007906834,0.0036971467,-0.014968379,-0.005492793,0.008610569,0.01876305,-0.004721903,0.012482723,0.019867336,0.006985514,-0.0055311196,0.018875789,0.01937727,0.004879098,0.023043681,-0.01849052,0.007943093,-0.006976715,0.0062399213,0.0051020593,-0.009126612,0.019823514,0.023020761,0.008500141,0.0061692577,0.0038288608,-0.009141574,-0.001342591,0.016171133,0.016746664,0.005070103,-0.0029436476,0.0139021985,0.016094606,0.0027975696,0.020056305,0.021875108,0.016505329,0.014000914,0.013859578,0.009407304,-0.0046559284,0.019215645,-0.0028993366,-0.014898642,0.017582368,-0.005695123
7aHSDH%MCI7810995_1_SDR_family_oxidoreductase__Clostridiales_bacterium_,-0.004779025,0.003058639,-0.012642755,0.0027826778,-0.003916259,0.010143798,-0.010164285,-0.0071167215,-0.002818593,0.002239081,0.00092517375,-0.005281495,-0.0070346524,0.004294926,-0.011662833,-0.004955069,-0.003058239,-0.018761596,-0.010870856,-0.0016004588,0.013843684,-0.013558422,0.006578312,0.0070474357,-0.0010532119,-0.003271781,0.006524441,0.0026680732,-0.000779654,0.0142278,0.013301746,-0.003831606,0.0017178424,-0.0065453197,0.0036940502,0.00086261384,0.004912342,-0.0024121995,-0.0057303626,0.010610085,0.005516271,-0.016232388,-0.0127150975,-0.012707187,-0.0032362845,-0.0061128223,-0.00246142,-0.00072660187,-0.0042759734,-0.0024518645,-0.002281677,0.0003827266,-0.0019597593,0.0052268947,0.0059536453,-0.00680877,-0.0015504482,-0.0136667015,-0.0034948217,-0.023606656,-0.0065922677,0.0055370615,-0.017105231,0.026545335
7aHSDH%MCI9468093_1_SDR_family_oxidoreductase__Oscillospiraceae_bacterium_,-0.0052844454,-0.0071976464,0.0013899945,0.011802137,0.0060731634,0.005525232,0.00039308943,-0.011430114,0.0074918317,0.010723088,0.008747427,0.004829769,0.0013707435,0.00048131254,0.0031632378,0.0046283747,-0.0071186963,-0.0047982335,0.00028586137,-0.0027517413,0.0077625914,-0.005972001,0.013024121,0.009818225,-0.0017375625,0.009064533,0.012325835,-0.00057529163,0.0060517206,0.014728581,0.005894207,0.005426937,-0.006045202,-0.00015003266,-0.002787964,0.005068258,0.011690395,0.0012040328,0.0037697179,0.016471265,0.0031134994,-0.0011717797,-0.0005008846,-0.0065760594,0.00047115193,0.0021307091,0.00786341,0.0069190804,-0.005208315,1.99852e-05,0.0021493435,-0.004514527,0.008584224,0.014380106,0.007898114,-0.005706151,0.0033068443,-0.0024429248,-0.010042049,-0.008157879,-0.009383824,-0.0055982904,-0.0105534885,0.006707622
7aHSDH%MEO8122524_1_7-alpha-hydroxysteroid_dehydrogenase__Burkholderiales_bacterium_,0.0075880494,-0.03197061,0.044049848,0.03312698,0.034855377,0.0066659255,0.040132422,-0.019458324,0.03937227,0.041049838,0.02349897,0.032250315,0.030914726,-0.012194141,0.042982616,0.043163948,-0.019163525,0.032663215,0.03603498,-0.008768895,-0.008430743,0.027806778,0.035884116,0.009201695,0.0054999357,0.04134515,0.03112259,-0.0155576905,0.032888558,0.027249653,-0.007814155,0.04357367,-0.033103336,0.027573474,-0.011433736,0.021904854,0.03098642,0.0025745512,0.03976816,0.044957466,0.008755623,0.038887132,0.037146207,-0.0032404938,-0.0033860626,0.039563727,0.041055765,0.031502824,-0.0037308391,0.030812202,0.032966454,-0.002442818,0.04513378,0.046934627,0.025633335,0.01807156,0.023264674,0.03466564,-0.021930905,0.03890539,-0.009007198,-0.03627287,0.027789019,-0.026390297
7aHSDH%WP_003507641_1_7alpha-hydroxysteroid_dehydrogenase___Clostridium__symbiosum_,-0.008293461,-0.015638515,0.015650861,0.0033463282,0.003813374,-0.008644535,0.015941406,-0.0077909767,0.009529099,0.0062934416,3.6554695e-05,0.0088527,0.009782594,-0.006113282,0.012833432,0.008346734,-0.013941061,0.004680003,0.005022315,-0.017521601,-0.016261583,0.007963537,0.004820372,-0.007065094,0.0016427911,0.015085302,0.0006896513,-0.0066204113,0.017018963,0.0040480136,-0.002505537,0.01775236,-0.015124171,0.010675005,-0.008354119,0.0045067645,-0.0019562687,0.0044621835,0.01089681,0.0082164975,0.0031383093,0.011471898,0.010652796,0.0018467944,0.0068101627,0.01658038,0.012136492,0.0037741447,-0.0016160411,0.006806814,0.01760878,-0.0043656565,0.014139707,0.012628888,0.009450639,0.0015757591,0.006202276,0.014922569,-0.00094312645,0.020029997,-0.01195634,-0.017252682,0.011651727,-0.02668507
7aHSDH%WP_021989220_1_7alpha-hydroxysteroid_dehydrogenase__uncultured_Culturomica_sp__,-0.0024668174,-0.017129907,0.01884793,0.015612044,0.015226833,0.0024213193,0.017859826,-0.0056959945,0.016339768,0.015542063,0.015822101,0.015283758,0.0156005435,-0.0019342393,0.020231973,0.018439773,-0.007079286,0.01847083,0.016768169,-0.0029164748,-0.0073677287,0.011149444,0.012002889,0.002778626,-0.0028296167,0.018984754,0.00997122,-0.004850396,0.013079273,0.0039486117,-0.0021129616,0.018023482,-0.0124929175,0.011892043,-0.0031723124,0.0091657555,0.009693211,0.006010021,0.015589226,0.015430612,-0.00020435531,0.019190665,0.018540265,0.005368277,0.0023029177,0.013803065,0.015430183,0.015862258,0.0013434674,0.007915685,0.015212497,-0.000933608,0.01761513,0.01832282,0.0023835627,0.0025376186,0.008344939,0.017648721,-0.0064528137,0.01788893,-0.0058893426,-0.01642911,0.008681936,-0.020108309
7aHSDH%WP_025075670_1_7alpha-hydroxysteroid_dehydrogenase__Bacteroides_faecichinchillae_,0.005841869,-0.0007991484,0.0031115923,-0.0031183981,0.003314067,0.0018913387,0.0026986192,0.0051119193,0.0017947904,-0.00014928119,-0.00036218762,0.0023717224,-0.0023488083,-0.002830471,0.003282994,0.0020860191,0.004103589,0.0026272268,0.0034776393,0.00012101861,-0.00076062756,0.0016469153,-0.0009749055,-0.006180663,0.0016462891,0.002499477,-0.0045773187,0.0016613695,0.003823174,-0.0010018505,0.003972778,0.006952428,-0.0011493049,0.00055390416,0.00037613697,-0.0020156393,-0.0052624615,-0.008525228,0.00967275,0.0035709012,0.0043487716,0.0018625375,8.922472e-05,0.0038564205,0.0066053574,-0.0013936746,-0.0017640522,-0.0059733684,0.0014907514,0.0003460868,0.0054093176,0.007713696,0.005185136,0.004949394,0.0031857095,0.002087703,0.005509906,0.0025382272,0.002399611,0.0059962533,0.0037505783,-0.002585481,0.0045673824,-0.006138491
7aHSDH%WP_262434703_1_7alpha-hydroxysteroid_dehydrogenase__Jilunia_laotingensis_,0.0059754355,-0.016305499,0.029353805,0.021362081,0.025897428,0.0025526895,0.025999807,0.0011470767,0.023583867,0.021424811,0.017366268,0.021915408,0.021201093,-0.0035386311,0.030292809,0.027312161,0.00044758656,0.031937193,0.02999527,0.0030421175,-0.0058936663,0.023935191,0.017089726,0.0073467,0.0064814966,0.023755288,0.014912167,-0.0040856134,0.019965572,0.01016606,-0.004710458,0.028602445,-0.012035501,0.018760236,-0.0038268017,0.012627228,0.0149013065,0.005135423,0.029849157,0.02324675,0.009514838,0.0313194,0.028309459,0.012193576,0.009106887,0.020710504,0.024142582,0.016455265,0.003962263,0.017072093,0.022073476,0.00698324,0.028859897,0.027542818,0.01348664,0.012646742,0.014040691,0.026553994,-0.007590138,0.03134789,0.00043363235,-0.02076873,0.022047542,-0.031664178
7aHSDH%WP_288686302_1_SDR_family_NAD(P)-dependent_oxidoreductase__partial__uncultured_Bacteroides_sp__,0.0056537734,-0.0077396715,0.011864695,0.003392079,0.009187573,0.0037565231,0.014414494,0.0049210037,0.0073594283,0.005766481,0.0024434447,0.009315235,0.0033196085,-0.0031358784,0.014445437,0.012208382,0.0025335818,0.010809307,0.0129352715,-8.821073e-05,-0.001444059,0.010127306,0.003268779,-0.0060142847,0.0003977993,0.010223857,0.0006608341,0.0005168274,0.012413268,0.003046728,0.003746398,0.017458333,-0.006149,0.012354766,0.0010767631,0.01009095,0.00046927735,-0.0047097965,0.018407507,0.011587512,0.005865359,0.010544071,0.009111329,0.0047287997,0.006457143,0.006144163,0.007233499,-0.00059664645,0.0017616898,0.009330793,0.015711727,0.0091063455,0.016170561,0.0142381145,0.0070694196,0.0041343053,0.007930794,0.00997586,5.9795206e-05,0.014564884,0.00019725072,-0.010070644,0.009298809,-0.0155269895
7aHSDH%WP_303013929_1_7alpha-hydroxysteroid_dehydrogenase__uncultured_Bacteroides_sp__,0.0033735824,0.00056769303,-0.0035154042,-0.006079572,-0.0009336237,0.004972036,0.00039624036,0.004261495,-0.0022110748,-0.003781005,-0.004830155,0.0015802385,-0.007075206,-0.0026840074,-0.0017145826,-0.002404172,0.0023989594,-0.0076392577,-0.00413606,-0.00293485,0.0007650837,-0.0019745578,-0.0024013212,-0.008316887,0.0004215125,-0.00021497566,-0.00628617,0.0037565855,0.0050743986,0.0025808907,0.011151646,0.0058861184,-0.0008423964,0.0015829159,0.002474889,0.00047656507,-0.008693978,-0.011766716,0.0061586685,0.0026219494,0.005702778,-0.0065564155,-0.006500202,-0.0007787604,0.0044230353,-0.0033762602,-0.0048080753,-0.011298366,0.00091069547,-0.00028473904,0.0072788526,0.009594499,0.0032169071,0.0026769293,0.003466596,-0.000987065,0.0032259694,-0.003129904,0.0060761403,0.00044110842,-0.0004042649,-0.00027802857,-8.630441e-05,-0.00018098248
7aHSDH%WP_342232791_1_7alpha-hydroxysteroid_dehydrogenase__Pseudoflavonifractor_phocaeensis_,-0.00178976,-0.005196478,0.008729598,-0.004774743,0.009180599,-0.0023669873,0.007551631,0.0017214841,0.00085079676,0.00053323124,0.008994478,0.0018770118,0.012813457,0.0061943824,0.008828589,0.004388934,-0.0031380341,0.004822816,0.0058787,-0.0012134294,-0.01041143,0.008390882,-0.005745398,-0.0015825852,0.001071315,0.010062142,0.003285089,0.0033923069,0.012689774,-0.0045535434,-0.003064505,0.0102555035,-0.0053158384,0.0067581222,0.00010654041,0.0027513336,-0.003562544,0.0051309653,0.009987564,-0.0018138565,0.0034088863,0.0055793333,0.0061947866,0.0085930005,0.003493892,0.00595351,0.0048022578,0.006442576,0.0073071457,0.0016911074,0.012777989,-0.0006706046,0.0075955684,0.006594615,0.0023475448,0.002571036,0.004982269,0.013114397,0.0055866474,0.016526502,0.0016772001,-0.0075360024,0.010796276,-0.025126847
7bHSDH%GENOME075272_507,0.00048614293,-0.014068583,0.022253834,0.019081336,0.017015053,-0.001712823,0.022148564,-0.006138521,0.017944189,0.018339507,0.011864107,0.011895253,0.015913442,-0.0037080082,0.022442631,0.02184591,-0.0058425176,0.017216012,0.017239008,-0.0040052454,-0.008593168,0.017725978,0.015047221,0.0064558284,0.0011506284,0.018754495,0.016434453,-0.009023511,0.014976141,0.010824981,-0.0079963915,0.019476714,-0.012285467,0.016278641,-0.004857441,0.014013404,0.016450247,0.006816214,0.01627972,0.017464738,0.0034448602,0.017938666,0.01681089,-0.00060627935,-0.0016100432,0.01775509,0.022035036,0.019235617,-0.00085491926,0.014353336,0.012982556,-0.0005678421,0.021757483,0.020328976,0.0114468,0.011158023,0.006569292,0.02120828,-0.007719892,0.018774455,-0.0050569237,-0.017119767,0.015345193,-0.01992448
BSH1%UPI0001652BA3,-0.008356007,0.016340518,-0.02020891,-0.023751356,-0.019342834,-0.0083736,-0.017264586,0.009330736,-0.021703973,-0.022224471,-0.010497314,-0.0135507425,-0.0134600755,0.009279187,-0.021181794,-0.024239054,0.0062983185,-0.016251076,-0.017212566,0.0021904602,0.00058498734,-0.013776366,-0.022153515,-0.0053327773,-0.007100567,-0.016524892,-0.015412957,0.011190864,-0.0102709625,-0.014668237,0.008240361,-0.015930042,0.015931388,-0.005667112,0.008416951,-0.006179284,-0.019065788,0.008418744,-0.015682004,-0.023013743,0.0005961726,-0.0142220305,-0.01410084,0.008133364,0.00938602,-0.012958428,-0.020252569,-0.018310932,0.0013192181,-0.016235989,-0.010617793,-0.0036906144,-0.018236903,-0.019523937,-0.0069037736,-0.012596306,-0.010871275,-0.014673623,0.017225744,-0.013807708,0.0015283441,0.014906818,-0.012554117,-0.0016346879
BSH1%UPI0001B1C28E,-0.0023234626,-0.011350376,0.021228435,0.0041703572,0.015065899,-0.003245507,0.016450007,0.0007656522,0.00503803,0.006253789,0.0087452475,0.009476498,0.01778123,0.0009251789,0.022662498,0.014758365,-0.007090348,0.020951374,0.019844975,0.0008765129,-0.010181227,0.019702228,-0.0030577807,-0.0007416069,-0.0030123824,0.018174684,0.006804897,-0.0010884708,0.014080708,-0.008561531,-0.0065313117,0.019258685,-0.01008885,0.018401992,-0.0002720506,0.013149224,0.0040664463,0.007928996,0.017289957,0.0046455897,0.0007465115,0.02570648,0.023983479,0.014664437,0.00840188,0.020336311,0.011137225,0.00871468,0.00068729674,0.007832828,0.020193374,-0.0067824204,0.016259791,0.01604898,0.0060154535,0.00065618684,0.0037984357,0.018010018,0.0013478906,0.028456206,-0.0061358837,-0.016708361,0.014898731,-0.037744507
BSH1%UPI0001DE6025,-0.011464141,-0.005645992,-0.0009154517,0.0071177166,-0.011025727,-0.020995324,0.00088627083,-0.013807494,-0.0023290066,-0.00014564132,-0.006071539,-0.010237298,0.0031268555,-0.013560534,-0.003018634,-0.0037730825,-0.013527547,-0.00795835,-0.008346916,-0.018199932,-0.018057441,-0.0024577393,-0.0006906733,0.0027341053,-0.0034841658,-0.002790614,0.008465473,-0.018485157,-0.0010946281,0.003950457,-0.010045666,-0.0052031684,-0.008905561,-0.00140127,-0.012746356,-0.0019010289,0.0055131316,-0.0014973495,-0.015087423,-0.0034608126,-0.011121796,-0.0071034213,-0.0036128538,-0.014541261,-0.009739109,-0.000105337036,0.0029518371,0.0056175645,-0.013102488,-0.0028825358,-0.0027026727,-0.009274476,-0.0020483502,-0.002146067,0.0017082781,-0.0038717126,-0.0018550579,-0.002417274,-0.01019978,-0.0066455426,-0.011933517,-0.0061717494,-0.002844817,0.002521433
BSH1%UPI0002624191,0.011898527,-0.010143505,0.0183481,0.0047251317,0.016356815,0.0046977624,0.01678165,0.0038139513,0.01113205,0.008045453,0.0051833917,0.01281006,0.008225493,-0.006076008,0.019688174,0.016937654,0.0015408924,0.01816563,0.018637735,0.0034841502,-0.002904231,0.012335063,0.004394369,-0.007779388,0.0036290511,0.01397846,0.001013009,-0.00027700185,0.013644153,0.001257169,-0.00013307811,0.018479219,-0.009530024,0.010587633,-0.0023898575,0.0077868896,0.0005423997,-0.008933568,0.022556031,0.011519129,0.0049698036,0.01756466,0.015126376,0.012063534,0.009997448,0.0085034855,0.009367456,0.0041803163,0.003526183,0.009530646,0.016590554,0.008605939,0.017448105,0.015112669,0.0045302478,0.008481718,0.009694769,0.017026478,-0.0019789564,0.02328224,0.004647605,-0.012504443,0.01462436,-0.019952266
BSH1%UPI0002802AC4,0.0019794428,0.012821203,-0.014018643,-0.0033586235,-0.0069852415,0.0024650232,-0.012848598,0.0060483967,-0.011662174,-0.009597461,-0.006541397,-0.013044275,-0.0072377343,0.004878009,-0.013146606,-0.0070998706,0.009237509,-0.0028157309,-0.0041390327,0.013175475,0.007711957,-0.0007373757,-0.0106619885,-0.0011434854,6.0152972e-05,-0.019094601,-0.0084532825,0.0008073505,-0.021054126,-0.012154284,-0.0039911736,-0.023298904,0.012969491,-0.013082656,0.0072556543,-0.010565014,-0.002811116,-0.0052948026,-0.019097028,-0.017890418,-0.011331077,-0.00905239,-0.0062112035,-0.00027215056,-0.00860504,-0.014834194,-0.011525836,-0.0010202015,0.003433303,-0.008995864,-0.020627897,0.0022083092,-0.020007255,-0.021245588,-0.018133651,0.0014562161,-0.010764612,-0.010432936,-7.5793585e-05,-0.017685628,0.007388449,0.016115064,-0.008625669,0.024087014
BSH1%UPI000289C842,0.018849196,0.008217751,-0.0019356539,0.008810675,0.0007377453,0.0012538055,-0.00084465416,0.006512524,0.002478025,0.0014860763,7.8622186e-05,-0.0034418977,-0.0056609865,-0.0033077118,0.0002101112,0.007031115,0.014908391,0.0077741803,0.0023764465,0.007708403,0.0022439575,0.0022843664,0.0040747887,0.0020120258,0.004362573,-0.0100222835,-0.0063674725,-0.008297718,-0.016487127,-0.0031462507,-0.003081461,-0.013135128,0.009959947,-0.0095988475,0.0031496412,-0.0057093073,0.0025759868,-0.014613028,-0.008705624,-0.0074567045,-0.011473191,-0.0019301607,-0.0034183136,-0.0075957,-0.015486576,-0.012926378,-0.0013654773,0.0035394027,0.0009987478,-0.0024435946,-0.012480075,0.009110321,-0.009587037,-0.011688087,-0.01472637,0.012113562,-0.0025636696,-0.002206114,-0.0056468137,-0.009717071,0.012222049,0.011509511,-7.6523735e-05,0.025091285
BSH1%UPI0002CB0E7D,0.006518156,0.018600453,-0.023518955,-0.023284024,-0.016317684,-0.002945731,-0.022181092,0.011585641,-0.02111932,-0.02256289,-0.014427925,-0.019574592,-0.019957174,-4.0929543e-05,-0.022524945,-0.023510374,0.013458866,-0.020168817,-0.020862801,0.0035327005,0.00027400113,-0.014544663,-0.022299018,-0.011485614,0.0011490382,-0.02257045,-0.021995215,0.0057171825,-0.01682564,-0.014133006,0.007606483,-0.020094635,0.01634171,-0.018585177,0.005475817,-0.017537413,-0.022326607,-0.015056674,-0.015725883,-0.024180813,-0.0020133192,-0.023501644,-0.023508586,0.0029625045,0.0030699512,-0.022764102,-0.025642997,-0.02281297,0.0013880259,-0.021599207,-0.014909477,0.0067556775,-0.023806697,-0.024249988,-0.01154226,-0.004551886,-0.006430642,-0.017247675,0.014077418,-0.016491847,0.011008368,0.020025255,-0.010307207,0.0152772805
BSH1%UPI0002F95F26,0.005142408,0.00070383056,0.0031121606,0.012225546,0.007941219,-0.003822444,-0.00084543513,-0.0043414095,0.0069690044,0.005226733,0.00591486,0.0015642793,0.0049604434,-0.0032085693,0.0034880498,0.0039862813,0.004807097,0.018817691,0.011697089,0.011467405,-0.0013169785,-0.0013081271,0.003276409,0.0045174556,0.00045512838,-0.0039704586,0.0028929329,-0.007529723,-0.010475107,-0.006380864,-0.013657071,-0.010749281,0.003115198,-0.007570641,-0.0054451274,-0.0028953552,0.011881625,0.0024229998,-0.008864132,-0.00436819,-0.013490448,0.009812889,0.010125467,0.0053465096,-0.00491698,-0.006967363,0.00402675,0.013615902,7.148494e-05,-0.008057542,-0.015902916,-0.0060656774,-0.006914559,-0.0077682124,-0.016926946,-0.00044773697,-0.0023693717,0.0067299367,-0.013344368,-0.003825985,0.0044043763,0.002855751,-0.004315296,0.0033529943
BSH1%UPI00033F0DE9,-0.020397408,-0.0057397718,-0.008261484,0.0011163102,-0.013176569,-0.008693377,-0.004608078,-0.01614435,-0.004086166,-0.0012168328,-0.0074547813,-0.009501637,-0.0049215136,-0.0022337714,-0.008729825,-0.007759758,-0.016360596,-0.017604394,-0.014510998,-0.015050478,-0.012031708,-0.007375834,0.0020040506,0.0047622873,-0.0016611964,-0.0026299327,0.009892638,-0.010292986,0.0003235871,0.0042586043,0.00029062043,-0.004350416,-0.009160814,0.0029551962,-0.008026665,0.0029003671,0.008737522,-0.0022003893,-0.0134298615,-0.0011970056,-0.006067248,-0.012719933,-0.008376503,-0.019087946,-0.015976537,0.002271157,-0.0010111653,0.0013427323,-0.012227882,-0.0036447837,-0.004063351,-0.010773655,-0.0014146157,0.0011849349,0.0046750917,-0.007986818,-0.0032077716,-0.010380461,-0.005028531,-0.016494475,-0.018226933,-0.0051667984,-0.008989716,0.011838245
BSH1%UPI00035D264B,-0.0013666963,0.0018121706,-0.0035244515,-0.0096081095,0.0006236161,0.008536455,0.00035115957,0.013656862,-0.011698281,-0.009598815,-0.008792235,-0.0076530017,-0.0014482896,0.0048613544,-0.005267908,-0.0013809459,0.0022344773,0.0012529299,0.0051043592,0.009739366,0.009369123,0.010311727,-0.011861251,-0.013119174,0.00045737476,-0.009229636,-0.0061240173,0.00951455,-0.0022256456,-0.007006439,-0.0022424823,-0.0040985947,0.0008833071,0.0039389064,0.0081466595,0.0067141545,-0.010757083,0.0036452496,-0.00100569,-0.0026610068,0.0013251293,-0.0007951557,0.0022001201,0.0043574953,-0.0013666828,-8.908636e-05,-0.0058932626,-0.0045213196,0.0065968228,0.007826749,0.0054972037,0.0059122215,-0.0042184335,-0.0061306395,-0.0015275526,0.0012210289,-0.0036988812,0.0012503883,0.0048896233,0.0017733005,-0.0002446656,0.0018880548,0.0023943996,0.0010240194
BSH1%UPI0003A10C39,0.023159154,0.025496285,-0.022968419,-0.018493906,-0.014592609,0.012651814,-0.021720437,0.012129318,-0.01636577,-0.015824134,-0.009230648,-0.010122118,-0.024305038,0.002679038,-0.02296101,-0.014772897,0.022302475,-0.021097336,-0.017564716,0.013222091,0.020853382,-0.015049297,-0.009981574,-0.002351704,0.00783271,-0.021915605,-0.021613002,0.012185254,-0.016430184,-0.0017877662,0.017429702,-0.017172473,0.022929674,-0.023337133,0.010768076,-0.019789668,-0.02360471,-0.022630999,-0.007913476,-0.010428766,0.0073240628,-0.026283527,-0.026559569,-0.004783132,-0.0018492852,-0.022005914,-0.024794262,-0.026118923,0.0036223922,-0.005347746,-0.013161859,0.016425518,-0.021093523,-0.018014837,-0.004989663,0.00612749,-0.0057691573,-0.022862611,0.012666975,-0.02190712,0.021242203,0.028627193,-0.010029018,0.03681563
BSH1%UPI00041C4F56,0.016675556,0.014648404,-0.015772663,-0.012893362,-0.0074545187,-0.0017526782,-0.01981083,0.012966382,-0.013878779,-0.016462255,-0.0053364662,-0.011002214,-0.010979865,-0.004679085,-0.009342861,-0.012000051,0.022339134,0.006882039,-0.0038440612,0.019301085,-0.00061574735,-0.0111582065,-0.018070765,-0.006893369,0.0026137151,-0.018679053,-0.014520048,0.0012648934,-0.024437808,-0.027698388,-0.002528938,-0.027167616,0.019958086,-0.01978783,0.0073520816,-0.014387429,-0.009203514,-0.016672496,-0.013623152,-0.029103449,-0.013899339,-0.010394024,-0.010506805,0.012477313,-0.003072715,-0.031202596,-0.020778596,-0.004137791,0.0029682775,-0.028357303,-0.026799522,0.0058722473,-0.026861142,-0.029857434,-0.032545324,-0.0008735648,-0.008664131,-0.0049538594,0.0050173686,-0.011738547,0.023414418,0.02130092,-0.009872578,0.014165691
BSH1%UPI00044AC395,0.011103222,-0.024818826,0.049639452,0.03432852,0.046794068,0.015721025,0.045313563,0.0037753684,0.041205898,0.039890762,0.034293726,0.03895726,0.036743026,0.0012749975,0.048460998,0.04839926,0.00015435614,0.04740691,0.04656742,0.006158761,-0.0013652421,0.038099933,0.033149127,0.014698408,0.011000869,0.04248594,0.027790947,1.1723527e-05,0.037502028,0.022805663,-0.0012024601,0.05018857,-0.018739397,0.03259137,0.0027045193,0.025587004,0.02575339,0.017313655,0.052913312,0.04568032,0.02352983,0.048462868,0.044859603,0.019209897,0.013737831,0.037572283,0.045319423,0.034020673,0.013554827,0.03765978,0.03976876,0.013407504,0.050352626,0.049887724,0.024349784,0.022802236,0.023348825,0.045120977,-0.007120741,0.05098333,0.0023322115,-0.03220653,0.036542803,-0.045552205
BSH1%UPI0004BCDDD9,0.0053745336,-0.015832646,0.032336514,0.022399627,0.029717077,0.0060056,0.03279503,0.0026889755,0.027825125,0.025669483,0.022843583,0.029518334,0.026742414,0.00014451174,0.030951327,0.03240608,-0.00083336537,0.03492505,0.033859156,0.0029972475,-0.0048801703,0.025966574,0.022270562,0.01013063,0.005122032,0.028240213,0.019300284,-0.0014837019,0.027775282,0.015572121,0.00073263724,0.034606278,-0.013612267,0.024872039,0.0013215282,0.017982041,0.015321296,0.011064197,0.035772745,0.0283278,0.014200354,0.034389935,0.03255858,0.012841317,0.0081308605,0.023897102,0.031438872,0.023924341,0.008357083,0.025488067,0.028051427,0.01005481,0.034945574,0.03286458,0.013530273,0.012558452,0.018868672,0.031848222,-0.005564152,0.032377187,-0.0006929621,-0.023801744,0.023305291,-0.03471145
BSH1%UPI0004D69CD5,0.011213779,0.008417631,-0.004444583,-0.010861658,-0.0013802248,0.0042185658,-0.00429729,0.008591056,-0.0071317833,-0.008291982,-0.0053945743,-0.0040953723,-0.008029163,0.00081988337,-0.0037604836,-0.0034229052,0.009647171,-0.0056764334,-0.0036431309,0.004230665,0.004623029,-0.0032107236,-0.009527787,-0.010443682,0.004270841,-0.004697498,-0.013310918,0.008275849,-0.00024095947,-0.0046268487,0.008728373,-0.00069726765,0.006741832,-0.005362004,0.0040395893,-0.006284903,-0.01405429,-0.012176969,0.004610512,-0.0028776592,0.0056916894,-0.006123526,-0.007116949,0.006585062,0.008084419,-0.008060314,-0.010429796,-0.012720853,0.0024152163,-0.004167605,0.002549461,0.010528627,-0.002100933,-0.0022820153,0.0014708516,0.0037083917,9.907689e-05,-0.0022811098,0.008889686,0.0009917765,0.008959764,0.007522153,0.0012968351,0.0016578321
BSH1%UPI0004D6A0E9,-0.003884335,0.017538477,-0.030279525,-0.021980258,-0.026140846,-0.011097456,-0.02404421,0.0059710564,-0.023945441,-0.023880063,-0.014612821,-0.023563258,-0.021527756,-0.00032519113,-0.027537838,-0.03000856,0.008351098,-0.024618648,-0.026935823,0.00086271943,-0.0064200354,-0.020950938,-0.022393122,-0.00246475,-0.0063395207,-0.026385164,-0.017127754,0.0014494967,-0.0219556,-0.01750615,0.0045780926,-0.028833985,0.01654188,-0.01993364,0.003938295,-0.0181379,-0.014963998,-0.005753911,-0.029269211,-0.032745704,-0.01116802,-0.028608544,-0.025815418,0.0013799325,0.00046955777,-0.023347788,-0.026013382,-0.018753506,0.0005854148,-0.027061291,-0.023183672,-0.0019523024,-0.031053167,-0.03194876,-0.017950734,-0.012315908,-0.013432383,-0.025201276,0.013752889,-0.02728809,0.0047439914,0.020692198,-0.020004902,0.02103653
BSH1%UPI0004F8D610,0.009879545,0.021308858,-0.02395217,-0.017479103,-0.016150542,0.00010746291,-0.025629997,0.0067311865,-0.019027168,-0.017676529,-0.01378928,-0.018346341,-0.020252915,-0.00043005846,-0.024418445,-0.022016209,0.011938781,-0.024435725,-0.02221418,0.0039858324,0.009928088,-0.015908338,-0.014356431,-0.0044648843,0.0071856678,-0.023577869,-0.015238259,0.005473086,-0.018456569,-0.005802125,0.009836186,-0.019988913,0.017215488,-0.020149989,0.004418448,-0.016931294,-0.016867116,-0.018068038,-0.015937101,-0.014947968,0.00304622,-0.026968103,-0.0266872,-0.0062799035,-0.0024904446,-0.02122668,-0.024774296,-0.021547617,-0.0029529184,-0.015564745,-0.016128488,0.0068091745,-0.022797294,-0.019641576,-0.0032548385,-0.002014305,-0.006345032,-0.020919768,0.0094765555,-0.022132134,0.010154904,0.022418141,-0.011985625,0.027203243
BSH1%UPI0005DBBD01,0.0026941388,0.0030477687,0.007826084,0.0026146267,0.004543452,0.0022821554,0.0058806515,0.000115161034,0.009507351,0.00830284,0.01273391,0.008910804,0.0052287416,0.007822317,0.008243735,0.005468384,0.006616211,0.002312886,-0.0006115674,0.0026208947,0.004575192,-0.007898444,0.008396194,0.013087916,-0.0026899383,0.009799245,0.0069108545,0.0068197343,0.0056427503,0.008225308,0.0091002025,0.0031954707,0.0076379757,0.005249794,0.0044208784,0.004401137,0.009002493,0.013500921,0.004352886,0.0021244902,0.006266894,-0.00011710793,-0.0032762277,-0.0003105318,0.003226671,-0.0021373383,0.0101186875,0.010636097,0.0067825527,0.0039917203,-0.0040131053,-0.0020418442,0.0058788694,0.0034345067,0.0043968935,0.0029295068,-0.0022500155,0.0010464039,0.0066223145,0.004225093,0.0065677674,0.0026884412,0.0023352634,-0.0069572614
BSH1%UPI00070D1B8F,0.009087177,-0.007558938,0.014545094,0.006296179,0.020457694,0.021604571,0.013151433,0.009773015,0.006633848,0.008207083,0.009069946,0.011534471,0.013725359,0.002806706,0.016539939,0.01850056,0.0033890922,0.015694859,0.017956737,0.014623228,0.014876927,0.017436849,0.0033829396,-0.004564913,0.002981297,0.008545805,0.0044542043,0.0101000015,0.0053254957,-0.00010177646,0.004795829,0.011830041,-0.0059066834,0.007047672,0.009706394,0.010583371,0.0017099851,0.00071141636,0.017483689,0.01279156,0.006829406,0.013408668,0.013359628,0.012222721,0.0057682083,0.010291731,0.0084044,0.010388693,0.010443108,0.019107446,0.013654968,0.011915946,0.010964527,0.0095845135,-0.0004186586,0.008399095,0.0016202822,0.012493482,0.0025374817,0.019561742,0.0037040021,-0.006910234,0.012056532,-0.00790294
BSH1%UPI00073AFD00,0.004093939,-0.017379574,0.020938704,0.0097531555,0.011280361,0.0034404749,0.024273232,-0.0038240647,0.012474078,0.01161396,-0.00090560346,0.010895264,0.007976294,-0.011423732,0.020065632,0.020827977,-0.010434035,0.011089356,0.015761418,-0.010436559,-0.008767132,0.017001718,0.008153073,-0.010791804,0.00274594,0.016560214,0.0047357604,-0.0068859076,0.021272259,0.01102746,0.00035690947,0.025643144,-0.020301305,0.018981397,-0.0056797354,0.015639648,0.002407185,-0.009909853,0.020916907,0.021121912,0.004467246,0.014639157,0.015028026,-0.0033078953,-0.0014624901,0.017033044,0.01563639,0.005696745,-0.0041740704,0.018424634,0.025056107,0.00551539,0.024015801,0.022531845,0.014000562,0.009252024,0.011751542,0.017344099,-0.0060184877,0.021748219,-0.008368772,-0.020352757,0.016704647,-0.015226692
BSH1%UPI00076E9CCB,0.00821628,-0.0076551144,0.013609678,0.0006870043,0.010612378,0.0037226828,0.013388952,0.0031276057,0.008360598,0.0063533746,0.0028913068,0.0094013335,0.0052215867,-0.0041864864,0.013758357,0.011322972,0.00012884954,0.007955293,0.010505659,-0.0013259006,-0.0029201903,0.008912635,0.0031958562,-0.0089868205,0.0045745145,0.011554573,-0.0005851491,0.0019764993,0.013435648,0.0037300212,0.005438455,0.018092329,-0.008232669,0.008860464,-0.0012764205,0.005185265,-0.0029092762,-0.009140499,0.019927328,0.011394382,0.008153209,0.008484646,0.007123945,0.005884005,0.007222525,0.0063301837,0.006855296,0.00032306544,0.0026021088,0.0071147513,0.01644867,0.008938993,0.015549919,0.013986937,0.008818427,0.006627532,0.009883245,0.012567193,0.0025354591,0.01836992,0.0018381214,-0.010323645,0.012690113,-0.01574979
BSH1%UPI0007933BD5,0.002891357,-0.005626826,0.0076260907,-0.002575311,0.0025767952,0.0003787497,0.009982292,-0.0010748251,0.0047841673,0.0028432962,0.0009333819,0.002867339,0.0001323892,-0.005087098,0.0073164357,0.0053511085,-0.0030889204,-0.004940773,-0.00020481007,-0.0104167545,-0.0073103025,0.0038556159,0.0012615378,-0.0061635613,0.0027810512,0.010137155,-0.0017558984,-0.00029652158,0.014522311,0.0065655923,0.006926844,0.016101135,-0.0076287244,0.010385523,-0.0027397298,0.0050557805,-0.006079619,-0.007859138,0.014343265,0.008515406,0.008495012,0.00097169564,-0.0006897878,-0.0016513267,0.005258197,0.0075659268,0.004329694,-0.0048791748,0.00073837803,0.0059482045,0.015316143,0.005278432,0.013019872,0.01246895,0.013245839,0.0036219382,0.007851451,0.004026652,0.005617393,0.010074459,-0.00343044,-0.008499964,0.009576432,-0.013418845
BSH1%UPI000801FF16,0.0071229846,0.018184189,-0.020954981,-0.018411817,-0.005753166,0.0056834416,-0.020450482,0.015888395,-0.017031498,-0.016388116,-0.0059515364,-0.014891089,-0.0151515715,0.0037115354,-0.021027805,-0.019752339,0.01612196,-0.0132851545,-0.01257807,0.012239503,0.007839137,-0.008133879,-0.015825247,-0.004244598,0.0037271595,-0.02000931,-0.013237772,0.008437581,-0.015498596,-0.010695739,0.0053160354,-0.015444146,0.017400188,-0.017955272,0.010082934,-0.014129489,-0.016231362,-0.00659188,-0.009548184,-0.0152797075,0.0029159698,-0.016925486,-0.015259333,0.0090797525,0.006184651,-0.017566249,-0.021549966,-0.017634861,0.008197948,-0.016300187,-0.010569663,0.008166421,-0.019595152,-0.01682767,-0.009146074,-0.005652079,-0.0004173008,-0.013671422,0.012543056,-0.014431316,0.013456297,0.01926855,-0.009425079,0.0148088
BSH1%UPI00093BFB8C,-0.0018818249,-0.020428095,0.024011856,0.016563838,0.01378021,0.0024645925,0.030845465,-0.008087141,0.021171452,0.017944766,0.008596868,0.02583947,0.015403947,-0.005619879,0.023089986,0.025210984,-0.013033773,0.017920054,0.020910656,-0.010689033,-0.0055090375,0.016861403,0.020827867,-0.00030063323,-0.0006218749,0.024758033,0.012342348,-0.004961887,0.028219484,0.01800615,0.003205899,0.029099172,-0.020800533,0.028951617,-0.004291138,0.024131445,0.00679622,0.001592691,0.025386998,0.022772161,0.005851037,0.022069449,0.021323163,-0.0033522397,-0.0014177698,0.02410532,0.024393126,0.011696515,-0.0015726285,0.028000187,0.02645272,0.0044349506,0.031537596,0.02610426,0.014399408,0.0072246008,0.012423993,0.018175494,-0.008575816,0.022235274,-0.011122639,-0.023874944,0.015176885,-0.022677891
BSH1%UPI00095B1DAC,0.011148644,0.0025265194,0.005049635,0.0051160417,0.014292571,-0.00022492763,0.0011493027,0.010409389,0.008201175,0.005889835,0.01275227,0.0072725783,0.0072785835,-0.00013613087,0.009025194,0.0043013175,0.016683433,0.023621459,0.01427434,0.014681456,-0.0055371774,0.00456272,0.0016102697,0.008635459,0.0029456038,0.0014692837,0.0038980106,-0.0019749876,-0.0057031363,-0.010568351,-0.0050636097,-0.00023206157,0.0082926,-0.0052385116,0.0059494595,-0.0044773887,0.0077762348,0.0018319481,0.008906046,-0.0042928504,-0.0017179945,0.013374589,0.011510787,0.021374227,0.009541823,-0.0052842405,0.0028506913,0.010388949,0.008535485,-0.009369543,-0.006353608,0.006880209,-0.00021750615,-0.0017961265,-0.014312203,0.0027738693,0.0061130445,0.010998675,7.2620096e-05,0.009044676,0.016539421,0.0015173662,0.004257574,-0.011244428
BSH1%UPI00095C7CBB,0.013073271,-0.00724736,0.023573074,0.013287558,0.025210403,0.0035214114,0.013609826,0.0056687538,0.015557379,0.015584031,0.017606383,0.011105672,0.019097067,-0.0015877801,0.02540564,0.020690512,0.0057514547,0.025800142,0.022691771,0.010308177,-0.0011362522,0.017139647,0.008072854,0.008319308,0.010231031,0.0150486715,0.012709173,-0.0023450642,0.009012006,-0.0010561453,-0.0074420236,0.015909657,-0.0033388147,0.0067013884,-0.0013072678,0.006810625,0.014124618,0.0011288985,0.022040736,0.011576491,0.007918361,0.022140216,0.018279932,0.014412253,0.008092641,0.00958899,0.014614778,0.016907878,0.0044494416,0.005203223,0.011881227,0.0025466823,0.015412629,0.016519021,0.006558348,0.012335155,0.009903558,0.02244468,-0.0037950065,0.02520558,0.009074893,-0.009188806,0.017000018,-0.02155865
BSH1%UPI000963C515,0.016218092,-8.575451e-05,0.013474971,0.009262184,0.021914994,0.013859698,0.009162941,0.0044683274,0.008519135,0.010659717,0.01139599,0.007446119,0.009958368,0.00019333918,0.013781744,0.015681231,0.0077560083,0.016003912,0.014458792,0.0130215045,0.009019419,0.011219758,0.0053786244,0.0013351707,0.004359326,0.0060789017,0.004730158,0.0018181821,-0.0002771575,0.00051655906,0.0012742602,0.0074176467,0.0007507271,-0.0012770278,0.007451587,0.0031751618,0.005666131,-0.0019286354,0.012461395,0.010699346,0.0041776956,0.009609862,0.007923149,0.004732357,-0.0016590358,3.383703e-05,0.0079417275,0.012417587,0.006980849,0.006762115,0.0042346893,0.0064615845,0.007577537,0.009461081,-0.00059445156,0.010571875,0.004400476,0.014104421,-0.0031484896,0.013899927,0.009941009,-0.000561576,0.009687526,-0.00016057394
BSH1%UPI000BCCCB22,-0.016004782,-0.0028206646,-0.0025010968,0.0020460086,-0.0047351154,-0.0056535383,0.0005636539,-0.004300284,-0.0017667515,-0.0023158253,-0.0011904194,-0.0008383269,0.0021980063,-0.0004466135,-0.0028039543,-0.004362096,-0.008273301,-0.0053113257,-0.0044013774,-0.009038651,-0.009648437,-0.0027851195,-0.0014338857,0.0011631034,-0.0038539437,-0.0002214493,0.0028000625,-0.00403204,0.0053102183,0.0013962977,0.0014803467,0.0016431023,-0.0033559022,0.009703452,-0.0027318415,0.008459289,0.0024922513,0.009324886,-0.005894469,-0.002683098,-0.0015487556,-0.001121013,0.0013991988,-0.000537439,7.362011e-06,0.0023811213,0.0020748253,0.0036487186,-5.6292905e-05,-0.0057971776,0.0016581229,-0.009092956,-0.00085675495,0.00026440946,-0.00050595007,-0.0075737126,0.0012712507,0.0029438706,0.0039612195,-0.0049018846,-0.011082329,-0.0046404507,-0.0013746732,-0.0085080955
BSH1%UPI000BD3EFD5,-0.0066367406,-0.007090995,0.0033925264,0.00757264,-0.007745822,-0.019611644,0.004620385,-0.011530441,0.0021499956,0.0028382337,-0.0055322587,-0.006592667,0.0035986104,-0.015349572,0.00081286416,0.00034580115,-0.011379857,-0.004557109,-0.005972071,-0.017876111,-0.020997347,0.00097280456,0.00093191233,-0.00019256742,0.0007510967,0.00032908993,0.008620312,-0.018313313,0.0018731365,0.0040993528,-0.008058756,-0.0018312648,-0.009626911,0.00045308276,-0.012065035,-0.0022701093,0.006190087,-0.006149709,-0.009209255,-0.0019362911,-0.009224131,-0.0052619497,-0.0022514919,-0.013179399,-0.010565194,0.00017169697,0.005599335,0.006652571,-0.012314338,-0.0018245887,-0.00059019635,-0.0047712508,0.0011457262,5.540317e-05,0.0015498133,0.0022124867,-0.00033658053,0.002611682,-0.0091112545,-0.001695061,-0.0079012485,-0.007718793,0.0037579539,-6.638032e-05
BSH2%UPI0001599717,-0.017738927,-0.01547458,0.0123221995,0.0073928926,-0.0018460501,-0.012618022,0.01639617,-0.021108285,0.017845387,0.017620314,0.011029076,0.014188355,0.009839635,-0.0025488413,0.011119119,0.005932125,-0.018196717,-0.006404306,-0.0053979075,-0.025358088,-0.01591199,-0.005892819,0.019465493,0.014552098,-0.006348072,0.024853874,0.018918168,-0.008570433,0.0216546,0.01959695,0.00497949,0.019617166,-0.013356507,0.018691314,-0.0075249798,0.011159924,0.015479706,0.01675395,0.009123157,0.014152277,0.0044502453,0.0023984814,-2.6813415e-05,-0.017455801,-0.0046125087,0.01644526,0.020983575,0.010508566,-0.006343456,0.01104801,0.010681239,-0.011317564,0.01959164,0.019466119,0.018432546,-0.0034606415,0.006598685,0.0031307118,-0.00020299923,0.004690819,-0.017048843,-0.016893584,0.0041593118,-0.024283228
BSH2%UPI00017C25E3,0.006307768,-0.006680639,0.016610043,0.014688018,0.009888794,-0.004718098,0.014162812,-0.0039189328,0.01584407,0.013158012,0.013037114,0.013848123,0.012340036,-0.0017410987,0.020095257,0.014793846,0.0032572153,0.02036603,0.014150955,0.002171862,-0.008737641,0.0066871117,0.011118428,0.0084948335,0.002081663,0.013066631,0.009150598,-0.006942588,0.0061237537,0.0017113175,-0.0046771658,0.009457689,-0.0013089794,0.007699326,-0.003586606,0.007617838,0.012839269,0.0054924977,0.008971903,0.002737586,-0.0030371859,0.016296186,0.012203567,0.0034815187,-0.0019177778,0.0045393356,0.015923353,0.015314444,0.0027973708,0.0018715692,0.0022817017,-0.0012882374,0.009807851,0.0064574396,-0.0032149658,0.006405916,0.0052334284,0.012245081,-0.0036651823,0.013287839,0.004896952,-0.0067968857,0.009787921,-0.015395207
BSH2%UPI0001C1C05D,0.007819857,-0.005510177,0.014018651,0.0147015015,0.013330178,0.0017073654,0.010781406,-0.0038365677,0.012400825,0.012089134,0.009746095,0.010415915,0.009410103,-0.0024002262,0.014976724,0.01474769,0.0025942212,0.017871624,0.01613488,0.005764556,-0.00033159595,0.008386266,0.009698836,0.0058345306,0.002130693,0.008879565,0.0066302232,-0.004204838,0.0046369922,0.0031106656,-0.005913336,0.007644778,-0.0027578175,0.0034867965,-0.004046916,0.0024809865,0.0095204245,0.00032260318,0.009686501,0.008306658,-0.0012959114,0.015084071,0.013690919,0.005245604,0.0011741425,0.006758364,0.012674029,0.012201995,0.0011427391,0.005697587,0.0036127907,0.0012185462,0.008914182,0.008869962,5.8213565e-05,0.007147442,0.0025059027,0.011866817,-0.008927885,0.009957554,0.0028351564,-0.00554985,0.0066864328,-0.009313212
BSH2%UPI0001CF4F1D,0.0028855458,0.024104508,-0.034275398,-0.025189629,-0.028698487,0.00015706563,-0.03459161,0.008842982,-0.029476533,-0.030950665,-0.02568469,-0.025442023,-0.023973122,0.0064436817,-0.031888966,-0.030691955,0.011679083,-0.024061864,-0.026414849,0.011174884,0.015196544,-0.022666086,-0.02438166,-0.011854243,-0.0024013026,-0.035419423,-0.024714481,0.01181332,-0.033589,-0.018187376,-0.0029807943,-0.042688284,0.020978572,-0.025702141,0.0069913645,-0.017494624,-0.017922135,-0.0049805464,-0.03634744,-0.035143126,-0.013546698,-0.028726552,-0.02811349,-0.0023880275,-0.0055759223,-0.030146198,-0.03192735,-0.019678678,6.989346e-05,-0.025483137,-0.035908177,-0.004293399,-0.04022297,-0.042662933,-0.023860984,-0.008846163,-0.0206381,-0.029763434,0.0072112125,-0.02842664,0.01150324,0.029640546,-0.02047808,0.036245298
BSH2%UPI000335FD2D,0.0009473531,0.0010854225,-0.0014914051,-0.00743956,0.0052967533,0.012655832,0.0015549085,0.008280384,-0.0033151852,-0.0017113076,0.0030887476,0.0024570741,-0.00027408815,0.006137239,-0.0017808059,-6.677306e-05,0.0036187381,-0.0077562034,-0.0043250974,0.0005530734,0.0066634836,0.0013412737,-0.002082845,-0.0042555328,0.0012737506,-0.00188524,-0.005882584,0.009459443,0.004706869,0.0006506916,0.012043583,0.008818704,0.001660498,-0.0005387172,0.010823838,0.0003796868,-0.007423989,0.0015551813,0.010492152,0.0047505777,0.014468611,-0.006518674,-0.0054948265,0.0032920057,0.0036124801,0.00010335257,-0.003375033,-0.0014398945,0.010716541,0.008044419,0.010100102,0.012468282,0.0045396998,0.0033790143,0.0030970073,0.0024173737,0.004771294,0.0028003624,0.0152560165,0.005458386,0.0041872626,0.0011001058,0.0034946771,-0.0005991724
BSH2%UPI00033AD64E,-0.014439418,-0.0023989484,-0.009070071,0.0055608978,-0.002261265,0.0033199498,-0.0057385988,-0.008319156,-0.0031095839,0.0012489776,-0.004320075,-0.0043093218,-0.00084412144,0.0010291239,-0.010260479,-0.0053067827,-0.009493469,-0.010509315,-0.0066073765,-0.0036435341,0.0074725277,-0.0067479564,0.006168971,0.002073333,-0.001583877,-0.0060602133,0.0066886945,-0.0030117612,-0.0013108664,0.0115157915,0.0038100013,-0.0042958152,-0.0044356403,-0.004378616,-0.0019798356,-0.0025615967,0.005556519,0.0022960315,-0.01065601,0.0074826633,0.0014125184,-0.011107067,-0.0069175716,-0.012505479,-0.0057722013,-0.0004925517,0.00015733362,0.0015334641,-0.0048236544,0.0015432021,-0.0026036948,-0.0001142368,-0.003707398,0.0012807462,0.0048260726,-0.008136184,-0.0021756892,-0.008158054,-0.0057829237,-0.015000104,-0.014375069,-0.0015825175,-0.012033343,0.016331976
BSH2%UPI00033F049A,-0.0014947248,0.026761688,-0.044019755,-0.020011323,-0.03164254,0.0015419708,-0.04435105,-0.0018236609,-0.027477408,-0.023581801,-0.025808567,-0.031631123,-0.030965224,0.0026307162,-0.048031982,-0.039865334,0.0035174163,-0.048811965,-0.04461193,-0.00288416,0.0191126,-0.03524284,-0.013449298,-0.0040561073,-0.0009970056,-0.039025284,-0.019139117,0.0055738147,-0.034935,0.0015111979,0.006504648,-0.042693652,0.018152732,-0.035608582,-0.00035348572,-0.02685161,-0.015809478,-0.017092284,-0.041466113,-0.021033995,-0.0054345434,-0.048016295,-0.04548127,-0.02525977,-0.013969356,-0.029165814,-0.03537163,-0.028166322,-0.010396134,-0.019422103,-0.03639027,-0.00035862796,-0.040087014,-0.03620917,-0.0067340387,-0.01092098,-0.015868368,-0.044425346,0.0036338628,-0.04728249,0.0033791552,0.03357936,-0.02780411,0.061800584
BSH2%UPI00038B932A,0.0058443486,0.006713213,-0.008517311,0.00086045364,-0.0009554154,0.012467418,-0.007275915,0.0028139397,-0.0033366745,0.00037117087,-0.0024552166,-0.0051650857,-0.004225211,0.0035450961,-0.0075246138,-0.0022397444,0.0052820295,-0.008532598,-0.0062530003,0.0065903133,0.015078333,-0.003607485,0.0026159352,0.0034086164,0.0030358182,-0.009156668,0.0012787874,0.004810836,-0.007725598,0.006099235,0.007014746,-0.006993308,0.0060517807,-0.0053774463,0.0071862275,-0.004390699,0.0016751919,-0.0022259688,-0.0030477282,0.0037201187,0.00815467,-0.011280172,-0.010116853,-0.005282306,-0.003981954,-0.0036107406,-0.0048780437,-0.0017811592,0.0017775669,0.003150367,-0.005522029,0.009194594,-0.00642344,-0.00511998,0.0017385345,0.0025719467,-0.005026098,-0.011875398,0.0025205761,-0.010815165,0.002451247,0.0089958245,-0.006377704,0.022919372
BSH2%UPI000396CDDF,-0.015067125,0.011593844,-0.026658596,-0.010995,-0.02538269,-0.0020969922,-0.025360383,-0.0009208853,-0.0164839,-0.016003637,-0.022324288,-0.017226778,-0.01898547,0.0035285633,-0.02752086,-0.025057152,-0.0029151472,-0.026770473,-0.025385229,-0.0010359018,0.01105202,-0.019009423,-0.007170039,-0.0020823423,-0.0028205053,-0.022367401,-0.0055009406,0.004989769,-0.020987257,-0.0015308787,-0.002054896,-0.025717316,0.008308332,-0.01335513,-0.00022309927,-0.010181771,-0.002520891,0.0037083474,-0.028452607,-0.015159398,-0.006791704,-0.02452595,-0.023449777,-0.014521949,-0.0070927036,-0.013917092,-0.016944757,-0.014696846,-0.00534306,-0.012557609,-0.024981746,-0.0076433313,-0.024044385,-0.022731349,-0.0057004495,-0.010667902,-0.0133701395,-0.026718022,0.0025894567,-0.02982636,-0.005176214,0.014299289,-0.018119622,0.031806268
BSH2%UPI00050FFCF5,-0.019261805,0.0068413657,-0.015325647,-0.0052945716,-0.01752045,-0.008388995,-0.013732186,-0.014728968,-0.0016091802,5.7018315e-05,0.0032320037,-0.00244671,-0.007905467,0.008000369,-0.016656397,-0.017540831,-0.005938915,-0.02793932,-0.025982728,-0.012607399,0.0005813131,-0.028572284,0.004862523,0.016130144,-0.00921367,-0.0003809011,0.006949003,0.0039480175,0.0008390914,0.013490102,0.01546436,-0.0068121557,0.0076082796,-0.007284412,-0.0030865697,-0.009256802,0.0051385267,0.013884297,-0.014654772,-0.0040502506,0.0048377016,-0.022000877,-0.022891914,-0.017717738,-0.0043153353,-0.008294923,-0.00064749003,-0.0021046202,-0.0023646874,-0.0074767745,-0.01247859,-0.009161847,-0.0060881274,-0.0011226714,0.010032702,-0.012991178,-0.0061059785,-0.018880809,0.0066463877,-0.02495666,-0.010004021,0.007358861,-0.016522724,0.006611368
BSH2%UPI0005D317A6,0.0034668294,-0.0103959525,0.018567108,0.011385163,0.0174865,0.006938491,0.013838001,-0.0056969183,0.018363006,0.017975261,0.011200781,0.015924588,0.009858723,-0.0011551685,0.017632168,0.017124094,-0.004216573,0.004902806,0.008895274,-0.0038939952,0.00012318543,0.0063914745,0.017437542,0.0048436387,0.006592812,0.020764882,0.014058206,0.00080297986,0.017410617,0.015035104,0.008819897,0.023325438,-0.010353154,0.003691067,-0.0014511478,0.0016218573,0.0113217365,0.0014735035,0.022307076,0.024282407,0.015134278,0.009268623,0.007116062,0.0017863822,0.0080358125,0.013223025,0.01765266,0.011046389,0.003733804,0.0091458885,0.016111327,0.0060160165,0.021652443,0.025209598,0.015744152,0.008218213,0.011736379,0.0142781995,-0.0015722307,0.016804911,-0.0017146302,-0.014925096,0.011645585,-0.012764675
BSH2%UPI0005DCCFF2,0.019666832,0.0270257,-0.034653973,-0.023704752,-0.022028064,0.01343135,-0.03083982,-0.00014847967,-0.021539783,-0.021762703,-0.021342104,-0.020660682,-0.032655723,-0.003291984,-0.035277974,-0.026707005,0.011814182,-0.05385597,-0.044822168,-0.0069433167,0.016633295,-0.03467161,-0.01140534,-0.01115294,0.009879535,-0.025016647,-0.026186893,0.011185829,-0.014717443,0.006790511,0.03133353,-0.020427553,0.018664338,-0.03380579,0.008344623,-0.026446158,-0.032233953,-0.032396305,-0.017309455,-0.009905958,0.012072862,-0.051265534,-0.050138682,-0.01757265,-0.002268037,-0.02814331,-0.032473516,-0.036181707,-0.0014299552,-0.016039448,-0.0148989735,0.01883458,-0.027048653,-0.019918641,-8.7435e-05,-3.2018117e-05,-0.009690017,-0.036747947,0.0191764,-0.033702586,0.011460426,0.031226851,-0.017788017,0.045610942
BSH2%UPI0006BFFEB7,-0.026637714,-0.015986098,0.010278339,0.00806339,-0.007826711,-0.03136824,0.009214961,-0.006872181,0.007086209,0.002275919,0.0025663758,0.007827137,0.011150701,-0.0033545464,0.012671478,-0.00037482043,-0.011613505,0.02798771,0.016304163,-0.0048537385,-0.024888761,0.0054290867,0.0003216397,0.0061592804,-0.0130191315,0.007969584,0.009701479,-0.013562408,0.0018967346,-0.015320327,-0.02851183,-0.0047807237,-0.0067269746,0.013511514,-0.015529377,0.007921875,0.017351383,0.027246237,-0.010451301,-0.014943591,-0.02176792,0.02523488,0.023794899,0.009866969,0.0027801874,0.006482838,0.012579816,0.016567029,-0.005798883,-0.012311417,-0.009105841,-0.028210824,0.0010883794,-0.0062849824,-0.0131276045,-0.012400377,-0.004184398,0.0138047,-0.015255587,0.010182003,-0.011648034,-0.0147766555,-0.0009154682,-0.03650192
BSH2%UPI0006C0EB58,6.5748805e-05,-0.019441642,0.02241791,0.017575312,0.01280734,0.0061132424,0.02345294,-0.012748105,0.022354111,0.020372782,0.00798947,0.021142833,0.012146823,-0.0074733556,0.023605336,0.02204116,-0.013806327,0.0071833204,0.009945361,-0.010302229,-0.004835149,0.0099878125,0.021960659,0.004993962,0.006113727,0.023705699,0.0151299015,-0.0040571336,0.019855987,0.01980087,0.0024531668,0.023033213,-0.019299619,0.018453185,-0.0062638614,0.016041651,0.016961135,0.0026739524,0.018626053,0.02439551,0.004905424,0.014091267,0.012270451,-0.0069243037,-0.0030972417,0.020545809,0.022468507,0.015067259,-0.0007644141,0.017255384,0.0153903905,-0.0039072214,0.024541607,0.023928106,0.015077964,0.009623814,0.010204179,0.011324683,-0.0063586747,0.021914065,-0.006759937,-0.018918239,0.016535824,-0.011009004
BSH2%UPI0006C1ADDE,-0.011390381,-0.010426898,0.0070603285,0.009956523,0.002335701,-0.005763699,0.009884478,-0.005809645,0.008182803,0.0073860055,-0.00095293776,0.004528282,0.0055569606,-0.00078575447,0.0067378944,0.0051069097,-0.0076580946,0.002256887,0.0019987102,-0.009002482,-0.008677663,0.0047585918,0.006526302,0.0011107484,-0.0033334973,0.007418839,0.009720373,-0.00656636,0.007279083,0.0069937594,-0.003321337,0.009392131,-0.008087145,0.008425503,-0.0035251488,0.0053936853,0.008863766,0.00535689,0.0029302498,0.007518042,0.0009189918,0.005408889,0.004980015,-0.0054088063,-0.0034587828,0.010315464,0.010169207,0.007798312,-0.002502288,0.00442364,0.0021168045,-0.004089649,0.009068662,0.007763712,0.0068657934,-0.00019440048,0.0020024355,0.006519383,-0.0033660862,0.005318075,-0.010570182,-0.010895103,0.0029884686,-0.009438347
BSH2%UPI0006C28698,-0.004978372,0.0010655873,-0.009224587,-0.008198446,-0.014523667,-0.00017972969,-0.006077939,-0.0035580187,-0.0035444847,-0.005817826,-0.0086569,-0.0013858217,-0.00796335,0.00016906518,-0.008234561,-0.0099062985,-0.004177272,-0.015239273,-0.014047433,-0.0064161853,0.0013795738,-0.011417295,-0.00048772036,-0.0026083451,0.00038477484,-0.004494195,-0.0050817817,0.0046769003,-0.003052078,0.0016734992,0.0022179512,-0.007156242,0.00031684086,-0.0031954995,-0.00088479987,-0.0020671824,-0.0031673163,0.0025781477,-0.008528004,-0.0056184395,-0.0006714923,-0.010075566,-0.010807604,-0.0050729965,0.0012238966,-0.0012326546,-0.005400576,-0.009735731,-0.001292485,-0.004359574,-0.0075465105,-0.0048676953,-0.007237918,-0.009317873,-0.00050191453,-0.0027059203,-0.005592934,-0.012975522,0.0049909186,-0.0069714296,-0.001312854,0.004774236,-0.0035059967,0.007951381
BSH2%UPI0006C45BC8,0.023705736,0.0015201189,0.015713593,0.0023991093,0.012676653,0.015688954,0.009926642,0.0048587974,0.008106932,0.0074076587,0.0061341054,0.011051693,0.0029274775,-0.00018634129,0.016877977,0.015906835,0.007315723,0.008412894,0.008918475,0.0076231197,0.01209655,0.007798359,0.0061402796,0.00055518816,0.009732247,0.010919512,-0.0028138738,0.009748734,0.006198509,0.0028817428,0.0045801084,0.012349062,0.0006504953,0.0056778276,0.0060700346,0.010266546,-0.00023968349,-0.0011754547,0.019634413,0.0108057475,0.009837259,0.009542533,0.0038253732,0.0050752675,0.006339869,0.007898268,0.006507904,0.003159374,0.00697899,0.012698139,0.0069703483,0.004405368,0.010346117,0.009398528,0.006835727,0.017770654,0.0044609676,0.005937102,0.004052137,0.018860107,0.01520064,0.0021519242,0.017094202,-0.0015554015
BSH2%UPI0006C4A6B6,0.007620392,0.00787424,-0.010397919,0.0055636787,-0.010134046,-0.018943535,-0.016939588,-0.0030793678,-0.00020369241,-0.004025392,-0.0069684726,-0.008142026,-0.008349021,-0.010424213,-0.0074550747,-0.008242657,0.009554314,0.009532962,-0.001758951,0.00845889,-0.009617265,-0.008565227,-0.0034535066,0.00053315697,0.003806186,-0.015861904,-0.0059991456,-0.016215347,-0.024821602,-0.015550823,-0.020971471,-0.029442139,0.011539124,-0.023027057,-0.010408193,-0.01920455,0.007272878,-0.012718655,-0.023697533,-0.02570268,-0.025669318,-0.0032600558,-0.0041650585,-0.0011303611,-0.014252174,-0.022894297,-0.008255543,0.005625304,-0.008579762,-0.026518812,-0.034330145,-0.0048831743,-0.025094688,-0.028595218,-0.02792827,0.003249887,-0.0038584364,-0.0041212062,-0.014527032,-0.016767984,0.012424231,0.015209179,-0.008696247,0.022192307
BSH2%UPI0006C706B0,-0.0015380887,-0.010811239,0.011360923,0.005358289,0.002179248,-0.00027615885,0.011378382,-0.0011411809,0.0054075746,0.004642433,0.0031187357,0.0069155395,0.008264673,-0.0038346858,0.012576753,0.010053646,-0.0051430375,0.013124233,0.013610932,-0.0009346503,-0.0027914385,0.010983778,0.0027168563,-0.0024675706,0.0017339541,0.008844991,0.0007478871,-0.0030202863,0.008991831,-0.0032709478,-0.0077888304,0.009606895,-0.008951235,0.010437239,-0.004190291,0.010080126,0.00204848,0.0038090586,0.0087638395,0.0064013624,-0.0017721273,0.01470872,0.014993429,0.0071024704,0.0053690355,0.011469478,0.007928652,0.004073282,7.291059e-06,0.006823906,0.011140839,-0.0036728997,0.008438016,0.008148851,0.0015092419,0.0022004351,0.003194484,0.0102500785,-0.004983008,0.012282146,-0.0040751393,-0.009770305,0.0071809627,-0.017909834
BSH2%UPI0006CAB5AD,-0.0014583905,0.0019596498,1.4931005e-05,-0.008714462,-0.0027876622,0.008186613,0.0037536523,0.008047077,-0.010473002,-0.009604683,-0.010699944,-0.006126022,-4.514101e-05,0.006061724,-0.0010611927,0.0017025049,-0.0014247724,-0.00015988594,0.004364196,0.004028307,0.010857656,0.010887675,-0.009405014,-0.008479753,-0.0025571787,-0.0052566277,-0.0055103432,0.009274105,-0.00071415206,-0.0042166724,-0.003542171,-0.00018657529,-0.0008157456,0.00940354,0.0068180026,0.009997756,-0.009993899,0.00965105,0.0008023923,-0.0014838934,0.0041591614,0.00392875,0.0052693444,0.0059674056,0.006035042,0.009199746,-0.0034735086,-0.004764666,0.004349697,0.006674701,0.0065107006,-0.0014175927,-0.0014313444,-0.004039468,0.0036811156,0.0019802032,-0.0065896767,-0.001236131,0.005056956,0.0060007833,-0.0018254858,0.00013515924,0.0052377107,-0.003536916
BSH2%UPI0006CABDF6,-0.039628625,-0.004191567,-0.018115355,-0.009976173,-0.021814415,-0.013241803,-0.00727724,-0.009201916,-0.010786054,-0.010642865,-0.011340434,-0.005648549,-0.0065549286,0.0036130748,-0.021732116,-0.023136128,-0.022007346,-0.02430395,-0.020881847,-0.020207608,-0.013291865,-0.01387388,-0.0034542847,0.00046650003,-0.014241967,-0.0059940284,0.0030096588,-0.0009786813,0.0045700325,0.004600902,0.0021340174,-0.0042139753,-0.0072318884,0.011562492,-0.0046376586,0.007124466,-0.0008947932,0.016727332,-0.021073347,-0.0075714374,-0.0055501056,-0.015105031,-0.010316529,-0.013413284,-0.0052209455,0.00045285973,-0.004540296,-0.0067200554,-0.0063344305,-0.0038049347,-0.0015861433,-0.014453796,-0.0066089723,-0.006097187,0.002945235,-0.024956208,-0.0038512172,-0.012759039,0.0037911853,-0.021797435,-0.029086405,-0.007003793,-0.017220141,-0.0050183292
BSH2%UPI0006CABE2C,0.003922277,-0.0069035552,0.010505332,-0.001990384,0.0022207918,0.007528804,0.011635763,0.0054729106,0.0045154532,0.00011184416,0.0013138688,0.009879471,0.004969716,0.0012147193,0.012428427,0.009825595,-0.0024876012,0.009035797,0.008380861,0.0017845033,0.0029302163,0.009486276,0.002623921,-0.003597744,0.0023080716,0.008513178,-0.0009583982,0.008637644,0.0073748394,-0.0034856924,-0.00033448695,0.0070965393,-0.0060533923,0.0131852385,0.0038096001,0.014817626,-0.002259563,0.007765404,0.00911959,0.0018821107,-0.0010982475,0.011381989,0.008991513,0.0068974467,0.003803058,0.0090278955,0.0054605394,0.0020420745,0.005816847,0.010790064,0.008530628,-0.0027475322,0.0075498517,0.0035225612,-0.0013202429,0.0049148155,0.001037024,0.0037687537,0.0028466496,0.018271964,0.0029082773,-0.006551662,0.011545255,-0.0131076025
BSH2%UPI00082051E1,-0.008625651,-0.018991778,0.019934809,0.019170547,0.0107968105,-0.0053175925,0.019694347,-0.009335051,0.01837904,0.017070753,0.010887171,0.016563103,0.015293864,-0.0045447135,0.020990124,0.018245697,-0.011471723,0.017238853,0.015955979,-0.0067480104,-0.0073634954,0.012254583,0.015483693,0.0059328065,-0.0026173685,0.019094994,0.015168688,-0.0093161985,0.01648997,0.0107003115,-0.0058767903,0.017306907,-0.01508242,0.01628706,-0.008782775,0.013619405,0.017299462,0.011178919,0.010974173,0.015063257,0.001143543,0.018491078,0.017769186,-0.00086663826,0.0001939838,0.01737512,0.02149751,0.018309774,-0.0021516872,0.012022453,0.012225246,-0.004719728,0.01840144,0.016422873,0.008299464,0.0022613525,0.0074661267,0.017055143,-0.010228461,0.017587466,-0.011975825,-0.018987793,0.008847481,-0.017739465
BSH2%UPI000820857A,-0.022234045,-0.015711501,0.010494709,0.008540751,0.0067794407,-0.009538643,0.013686635,-0.0050961776,0.0094545325,0.009936796,0.006248508,0.010670172,0.011576319,0.0063967383,0.010328839,0.003563536,-0.012026432,0.0077360524,0.005585023,-0.009196857,-0.012123709,0.003480933,0.0074684727,0.0011808618,-0.0061908853,0.013852334,0.012476109,-0.002964336,0.014216283,0.005943539,-0.0030848456,0.014509607,-0.010207068,0.014161852,-0.0025529596,0.009246673,0.012852251,0.020045402,0.0082857115,0.008247582,0.0057083084,0.010642332,0.010812807,0.0021544974,0.0033745617,0.011540421,0.015613346,0.013735806,0.002188213,0.0067183096,0.011116973,-0.0038874405,0.015219165,0.012434926,0.0060010743,-0.009143911,0.004081352,0.013521228,0.00038931533,0.012988801,-0.013301465,-0.017319314,0.0024733276,-0.028211482
BSH2%UPI000820B778,0.00087288395,0.0020337661,-0.0073320097,0.00036746,-0.0004077427,0.004109016,-0.00827727,0.0052119074,-0.0051777214,-0.0035903563,-0.006853779,-0.0065294965,-0.0048926934,-0.0007352673,-0.007120086,-0.0037621686,0.0026019597,-0.001366125,-0.0015591523,0.006318956,0.008639324,-0.001039784,-0.0014488845,-0.0067773266,0.001874901,-0.0127595635,-0.0046306713,0.0005262852,-0.01201188,-0.001731696,-0.0023196938,-0.01134347,0.0023701284,-0.010556259,0.0013726556,-0.0051785684,-0.0011623603,-0.008448911,-0.007750437,-0.0014018585,-0.0023880003,-0.008798592,-0.0069169835,-0.0019529691,-0.0028431597,-0.010430588,-0.0063527646,-0.00021327588,-0.0016620606,-0.0015261667,-0.008695039,0.0036418664,-0.010749715,-0.011603103,-0.007734498,-0.0017183134,-0.0029814853,-0.001971283,-0.0035077513,-0.0060949405,0.0010951076,0.004867705,-0.006145614,0.016744513
BSH2%UPI000820F666,0.013071021,0.014754824,-0.014642887,-0.011590329,-0.0043124803,0.011839276,-0.017516075,0.01909947,-0.019931288,-0.017620191,-0.012365408,-0.015672278,-0.0074807024,0.0017608166,-0.012696776,-0.008434015,0.015882319,0.0016793977,0.00037028905,0.023616698,0.018623078,0.004439595,-0.019492289,-0.010516542,0.0013782218,-0.02492748,-0.015465182,0.010136529,-0.027888903,-0.021381555,-0.005574664,-0.025743458,0.0136957355,-0.016488232,0.011033219,-0.008765245,-0.013822861,-0.008933976,-0.0147160385,-0.01904276,-0.009896458,-0.0074482686,-0.005139094,0.012545691,0.0017886487,-0.014601301,-0.02068839,-0.00970352,0.005717476,-0.005265991,-0.015630791,0.008571874,-0.025432263,-0.027637029,-0.022339778,0.002767716,-0.014018777,-0.010290385,0.0033565492,-0.008294497,0.013557393,0.018322323,-0.005947767,0.023786642
BSH2%UPI000821232B,-0.014166385,0.006090714,-0.02411115,-0.011665422,-0.018093962,0.009344042,-0.01401246,0.001565114,-0.019869804,-0.015511735,-0.019818902,-0.022999438,-0.015162728,0.0012583523,-0.028597476,-0.017937433,-0.010011118,-0.033147227,-0.022846606,-0.007913773,0.016359376,-0.008412402,-0.008673864,-0.011058359,-0.0038692516,-0.022715824,-0.011448903,0.004447872,-0.01056268,0.011242576,0.007374834,-0.015234059,-0.002942681,-0.0048227655,0.0018228723,-0.000980404,-0.015070498,-0.008664222,-0.021094976,4.1236224e-05,0.0018806419,-0.029803764,-0.023451457,-0.023168784,-0.012023994,-0.0076204943,-0.017053712,-0.01919372,-0.006794985,0.006209467,-0.004506724,0.00023784334,-0.014996632,-0.012957548,0.005678611,-0.010089645,-0.009472617,-0.021949297,0.0027891628,-0.024466818,-0.016308313,0.006724126,-0.014902281,0.036502548
BSH2%UPI0008219BA0,-0.015591824,-0.032142468,0.042528097,0.024530502,0.017128466,-0.018003585,0.042170037,-0.009731772,0.028306406,0.022669308,0.01255442,0.023090595,0.03029504,-0.0077262293,0.0438019,0.031818133,-0.018124908,0.041188203,0.034467842,-0.012959832,-0.02798055,0.0304678,0.016315151,0.003944652,-0.0031779474,0.034289375,0.02213892,-0.015673757,0.03015841,0.0058463616,-0.023679435,0.030673359,-0.024552591,0.04144272,-0.0151147535,0.031971365,0.026922135,0.028394734,0.021201508,0.01399193,-0.0052193566,0.045401186,0.041581765,0.008668192,0.0034937856,0.03521454,0.039311774,0.031422805,-0.00016767111,0.017163517,0.023617454,-0.0193291,0.03424959,0.025773766,0.012343879,0.008854984,0.009471066,0.037379216,-0.0142324455,0.044550136,-0.014851021,-0.03594288,0.028296757,-0.05745513
BSH2%UPI0008222B5A,0.009484077,-0.00871417,0.013784194,0.017340796,0.014881885,0.012181103,0.013380148,-0.007592536,0.017719049,0.019792734,0.006369331,0.012637049,0.0054314327,-0.0064535015,0.012989734,0.018509386,-0.003785393,0.005487069,0.008454811,-0.0010618782,0.00728762,0.0060363673,0.020023314,0.0031910455,0.00690057,0.0117569305,0.010749805,-0.0036896763,0.011668729,0.019967668,0.0071294713,0.014605281,-0.010387297,0.005228134,-0.0030295106,0.0066488236,0.011534708,-0.0072501856,0.013811953,0.02586684,0.008675703,0.0051954594,0.005252216,-0.010743503,-0.008004612,0.009802669,0.01549992,0.011151318,-0.0025338687,0.016236773,0.010874467,0.0060993624,0.016260903,0.019094108,0.0135249505,0.01059798,0.0076731797,0.006754849,-0.009795753,0.0072213532,-0.004013736,-0.008161079,0.007299958,0.011133685
BSH2%UPI00082257EE,-0.009087537,0.017192118,-0.03197231,-0.017873943,-0.030531676,-0.0055279303,-0.030384064,0.002768015,-0.023726674,-0.025560385,-0.024451423,-0.020618685,-0.021039331,0.0030630361,-0.031132031,-0.03023562,0.0016022549,-0.024691751,-0.026432367,0.0022788327,0.0065508825,-0.021177607,-0.017282072,-0.008060631,-0.00530741,-0.030137496,-0.016964821,0.0067366655,-0.027657017,-0.011853964,-0.0035872236,-0.036461443,0.012452261,-0.019536212,3.9670784e-05,-0.014272546,-0.01273312,-0.0015724495,-0.036646977,-0.028899267,-0.014940278,-0.025760435,-0.02426083,-0.0077545475,-0.008074641,-0.021573579,-0.026710644,-0.019193357,-0.0040677697,-0.019451024,-0.030286592,-0.0071348567,-0.034239426,-0.036620155,-0.01821004,-0.013136739,-0.017590066,-0.028913913,0.0033724734,-0.030474618,-0.00017917156,0.020310324,-0.021328188,0.032262012
BSH2%UPI00082332C0,0.0052206,0.010728004,-0.0181783,0.0019987724,-0.011767837,-0.0015337014,-0.014900914,-0.016502991,-0.0022202702,0.00048750456,-0.008830916,-0.0069642444,-0.018694328,-0.0081479205,-0.022267103,-0.015636966,-0.0039473237,-0.035147842,-0.030049134,-0.012540108,0.0021423856,-0.023305802,0.008497677,0.0036619846,0.0068273996,-0.009095016,-0.0011545799,-0.005210939,-0.0057799174,0.019427137,0.013582552,-0.011909952,0.002323219,-0.018942619,-0.008561459,-0.0160255,-0.00042226852,-0.01973198,-0.017302806,0.00549274,0.0010942494,-0.033459947,-0.031280242,-0.02908368,-0.01813663,-0.014483992,-0.008114364,-0.01262796,-0.012190965,-0.0075492505,-0.013327212,0.005180849,-0.010882215,-0.0049250633,0.0074286507,-0.00039707831,-0.0017111595,-0.023139298,-0.0035147297,-0.028766692,-0.002564143,0.012839772,-0.014793095,0.039872643
BSH2%UPI00095B7069,0.011142331,-0.009773735,0.01674109,0.017976101,0.013276346,0.010565595,0.015255336,-0.0015479526,0.017866824,0.017482994,0.0077867513,0.012659971,0.007857138,-0.007199571,0.01908382,0.022218915,0.0020044646,0.016491026,0.014669819,0.004117922,0.0054930975,0.010089005,0.019151613,0.0050668,0.005197361,0.01234937,0.010618454,-0.0041765724,0.0036191372,0.012309344,0.0012977462,0.007830048,-0.008272551,0.006509975,-0.00091511465,0.009734091,0.014340992,-0.006637,0.012224801,0.01673744,-0.0011274512,0.010583299,0.0088258805,-0.004223875,-0.006889996,0.0062468094,0.015761148,0.014505897,-0.00024966194,0.011353101,0.0025043197,0.006431684,0.013005588,0.010980711,0.0026777089,0.01297475,0.0026819068,0.00840888,-0.010372668,0.011540448,0.0039447933,-0.00944801,0.010562194,0.005167541
BSH2%UPI000960BD65,0.0075624054,-0.0033421377,0.0041946066,0.014508465,0.004790174,0.0003877852,0.0011124067,-0.0042046914,0.00814974,0.008013105,-0.002005659,0.0040178164,0.0009322084,-0.009207856,0.0047477065,0.007673204,0.0018270815,0.013694173,0.010815969,0.006117996,0.0033945919,0.0023690062,0.008663334,0.0022468101,0.0050005782,-0.0022444278,0.0033127845,-0.009895067,-0.009149105,0.0018014025,-0.011767265,-0.006308654,-0.0021056868,-0.0027609088,-0.006424195,-0.0011018529,0.011745348,-0.0073038875,-0.0018405179,0.004970494,-0.009986059,0.0085805515,0.0086366795,-0.0022477156,-0.00612458,0.00032506193,0.0038475448,0.0059177964,-0.005723743,0.0013628963,-0.0064501287,-0.0009006341,-0.0017460801,6.389384e-05,-0.0058080987,0.0052668927,-0.0013176885,0.0043047788,-0.016313972,-0.0020030458,0.0013793547,-0.0001887942,-0.0010699887,0.011283283
BSH2%UPI000965B48B,-0.012230533,-0.042258814,0.0467499,0.029600313,0.020811275,-0.008740624,0.049603686,-0.014799205,0.034898795,0.029020106,0.01235581,0.031128967,0.034472078,-0.015070694,0.046264336,0.04040279,-0.02894812,0.03945268,0.037824634,-0.019075701,-0.023562837,0.03790911,0.025633337,0.0007089688,0.0010457367,0.04251718,0.026967455,-0.017116737,0.037345678,0.015684733,-0.023850977,0.039731916,-0.040728126,0.044602208,-0.019197313,0.03571111,0.024800276,0.0145539185,0.030394413,0.029196782,-0.005608582,0.046562064,0.04549934,0.000467349,-0.0020474836,0.044058286,0.043092407,0.030080905,-0.005104105,0.032951046,0.035491854,-0.013147766,0.043910906,0.037734248,0.021524303,0.011094814,0.014408443,0.037104648,-0.022101676,0.048252407,-0.021267544,-0.045778442,0.032974314,-0.05029591
BSH2%UPI00096829BD,0.01664008,0.004324036,0.007783818,0.0033379134,0.01255564,0.027608061,0.0076013934,0.0076846397,0.00476153,0.0066352575,0.004239085,0.0058536814,0.00032676314,0.008136522,0.0068385843,0.014878197,0.0084937075,-0.0061055627,0.0017115417,0.0074876375,0.027677275,0.0054668277,0.010521878,0.00360954,0.0067903013,0.0062041963,0.0010477344,0.017008625,0.006696058,0.017853031,0.018165762,0.009538841,0.0030626648,0.0050869547,0.01241666,0.0096784495,-0.0025345716,0.0025077683,0.015117406,0.019252663,0.018887121,-0.0035072058,-0.0056682955,-0.0044746194,0.0036688338,0.004325589,0.006501295,0.0007947172,0.010114389,0.019786995,0.008542621,0.012174963,0.010770909,0.011720036,0.01501102,0.015173295,-0.00043903076,-0.0016238402,0.007603554,0.0072527556,0.008646713,0.004614857,0.01012276,0.014569741
BSH2%UPI000D1261F9,0.0061429692,-0.00479922,0.004080853,0.0032684538,0.014453479,0.029164113,0.009918813,0.0028022067,0.0027290909,0.007217935,0.0026829115,0.0053338916,9.13644e-05,0.0060559236,0.003127818,0.012645542,-0.0032097353,-0.010319393,0.00049478863,0.001994074,0.019195996,0.0069686715,0.008127243,-0.0033053376,0.0041230586,0.005912936,0.00020207666,0.012629244,0.011817377,0.017818999,0.020870142,0.016663166,-0.009330015,0.005819834,0.010463327,0.0066038584,-0.004682698,-0.0076325787,0.017329024,0.025439154,0.018890154,-0.0054467083,-0.0028805395,-0.0037654077,0.0008821149,0.009568812,0.004070507,-0.0012466459,0.0066523175,0.023862336,0.019421818,0.01799445,0.013186625,0.01608626,0.013926025,0.0067793797,0.0032160184,0.0012089987,0.007035754,0.0055834474,-0.004862776,-0.006079535,0.004528161,0.014273453
BSH2%UPI000E40484B,-0.0017596852,-0.0103729395,0.012162897,0.010474218,0.010013614,0.008811865,0.01383446,0.0020471842,0.0061995923,0.008353639,0.0010486814,0.004170247,0.008945429,0.0029589296,0.014405104,0.015356778,-0.003264773,0.008530357,0.010762465,0.0013335604,0.0055419225,0.013260465,0.0057732523,-0.00085307215,-0.00017198455,0.0068252273,0.0073931813,0.0011713179,0.007576328,0.007808819,-0.00011793943,0.010147771,-0.008628402,0.010858404,0.0020281617,0.012327666,0.00824696,0.0060280357,0.009527229,0.01309311,0.0065645296,0.009135523,0.010080686,0.0020576655,0.0032330803,0.0137041155,0.010985221,0.011109179,0.0034295714,0.014224113,0.0077795777,0.0035230678,0.011756585,0.009997105,0.008174539,0.007786038,-0.00083697215,0.0073278355,-0.002661611,0.015030579,-0.0039352877,-0.009971747,0.0100263655,-0.0052474034
BSH2%UPI000E4418E2,-0.0007061421,0.014784303,-0.021873958,-0.019084387,-0.019370442,-0.00269772,-0.022976749,0.008015084,-0.020050498,-0.022659032,-0.017074395,-0.0149157895,-0.013399512,0.0062954337,-0.020244477,-0.02146944,0.007036652,-0.00831208,-0.012678493,0.011062774,0.010099045,-0.012020023,-0.018950975,-0.010707874,-0.0045937905,-0.02427716,-0.018172778,0.010144957,-0.024785869,-0.01782977,-0.009496895,-0.031825513,0.013598483,-0.014838977,0.003817334,-0.010852208,-0.012022395,0.0044800537,-0.026190488,-0.029321574,-0.01354838,-0.012290078,-0.012817859,0.0044325553,-0.002047495,-0.018681277,-0.021623015,-0.010673815,0.0033047851,-0.017226448,-0.0269637,-0.0061891926,-0.029110106,-0.033506148,-0.020838024,-0.0071401806,-0.015018009,-0.016658388,0.0043007554,-0.014062068,0.008570219,0.018675737,-0.011691949,0.017094065
BSH2%UPI000E4BF981,-0.0059984387,0.007085738,-0.0102557335,-0.008017345,-0.013783769,-0.0057266606,-0.010560822,-0.0013091511,-0.010755108,-0.010388816,-0.008213985,-0.0091237165,-0.0019666436,0.0046514217,-0.0112079,-0.011779351,-0.0026996352,-0.009472174,-0.009526416,0.0019147003,0.0027429024,-0.0072754687,-0.009460581,0.0024676574,-0.003675426,-0.009148018,-0.0018521493,0.0051604225,-0.009017708,-0.0051802993,-0.00678752,-0.015965415,0.004909652,-0.004511231,-0.0035103315,-0.0045849215,0.000346493,0.011454325,-0.016996872,-0.013693904,-0.0048705745,-0.007402457,-0.0070148064,-0.003111817,-0.0032419888,-0.0038154824,-0.0060041947,-0.0019210555,-7.746506e-05,-0.008610586,-0.011781119,-0.010117884,-0.014124743,-0.0144536635,-0.0036934288,-0.0032821768,-0.010301883,-0.010216133,0.0013395256,-0.011379,-0.0014864947,0.007817862,-0.006249709,0.007868938
BSH2%UPI000E4E4D64,-0.024355168,-0.010092225,-0.00072778336,0.0013039922,0.00046143532,-0.000915813,0.0030462947,-0.009870926,0.0007681155,0.0058852136,0.005351847,-0.0013674467,0.006786758,0.004366231,-0.004368662,-0.0029724794,-0.018778373,-0.012199628,-0.00568275,-0.013161918,0.00069543166,-0.00056856184,0.007084101,0.0063397037,-0.006418092,0.007839397,0.013373202,-0.0004303409,0.012370668,0.014608702,0.0030920235,0.010042362,-0.012068719,0.007949769,-0.0014221702,0.006138211,0.0055197994,0.015059927,0.000667255,0.014587693,0.0074569606,-0.004853986,-0.0014508526,-0.010989223,-1.9259522e-05,0.012183646,0.008385299,0.0021331685,-0.0044561294,0.009867718,0.01329767,-0.0067883767,0.010265866,0.015338958,0.017350024,-0.01239396,0.0024389734,-0.0012849573,-0.0012673226,-0.0043251235,-0.021694379,-0.012373239,-0.006459047,-0.0079869125
BSH2%UPI000E53DAEE,0.0031987415,-0.011207462,0.01946187,0.011773489,0.029288553,0.02921489,0.023478407,0.0039649312,0.011258812,0.016142178,0.01652107,0.01713922,0.015306529,0.011887666,0.01988915,0.025725346,-0.0035375967,0.00691088,0.017851692,0.009179104,0.020554177,0.016731512,0.013891326,0.0034982956,0.0005320277,0.021074736,0.012674094,0.017208172,0.023349224,0.020372603,0.01637608,0.030520787,-0.012093247,0.017749501,0.011148281,0.018468374,0.006608795,0.0136059215,0.03129872,0.034444526,0.025254132,0.01255766,0.013605939,0.006543811,0.008952776,0.01960537,0.018673219,0.015118062,0.015536994,0.030789228,0.031065857,0.015362297,0.028580656,0.031109208,0.018484663,0.009266691,0.010430957,0.018133903,0.00687055,0.022388382,-0.0051928745,-0.016391968,0.01319704,-0.009185232
BSH2%UPI000E7D8CB5,-0.020896683,0.011685235,-0.02972959,-0.014927446,-0.018184455,0.0021495393,-0.028511323,-1.9887257e-05,-0.019561704,-0.016432619,-0.008757191,-0.01633746,-0.01772663,0.011753816,-0.03308809,-0.030374825,-0.0012697402,-0.02824658,-0.025408756,0.0030384657,0.01667686,-0.022700619,-0.010579542,-6.976943e-05,-0.010990138,-0.0216487,-0.009264564,0.011702147,-0.018812561,-0.0032687208,0.0065113944,-0.023352716,0.01228821,-0.019634046,0.00315061,-0.016266981,-0.0091865435,0.0090426,-0.023891412,-0.0117769865,0.00028363,-0.027213324,-0.024204979,-0.007900246,5.3816355e-05,-0.017320817,-0.021958973,-0.01611574,-0.0014279995,-0.0108454265,-0.021082519,-0.0049803453,-0.02287284,-0.019130522,-0.0052415957,-0.021193705,-0.0112089375,-0.025095448,0.00601485,-0.030263,-0.007200518,0.01617996,-0.02605351,0.022388268
BSH2%UPI000E80FD85,0.003330682,-9.588674e-05,0.0065921205,0.00022238711,0.0095098885,0.013593807,0.007011066,0.0027139334,0.0012862117,0.0040502287,0.0014574281,-0.0017257568,0.005838962,0.00665869,0.004941899,0.00915388,-0.00019430154,-0.0057777152,0.0009342182,-0.0008133397,0.010915843,0.0059241825,0.004620442,-0.00094004965,0.0032275042,0.0032704347,0.0034866591,0.008608232,0.011711942,0.015324644,0.011462403,0.012331303,-0.002140471,0.004161336,0.008006283,0.005348314,-0.0017364653,0.0076455665,0.012554536,0.015479627,0.02169657,-0.0023760877,-0.0017816604,-0.00084270834,0.0052442,0.0071286904,0.007573489,0.0049701966,0.0072379736,0.011981261,0.015501542,0.008096769,0.011175756,0.012141731,0.016563268,0.008650666,0.0029885345,0.0071620233,0.0077988636,0.009335133,-0.0011203022,-0.0032102573,0.006505275,0.0023163853
BSH2%UPI000E92006C,0.00012942273,-0.0031412598,0.0034068138,0.0008071707,0.009194302,0.01740347,0.0067414315,0.0007149822,0.0013534531,0.0039041375,0.003244686,0.00713081,0.0029738515,0.005984342,0.0017869478,0.007044962,-0.0035429546,-0.0071934615,-1.8508174e-06,0.0005812428,0.010852575,0.00186708,0.0055214046,-0.0026357716,0.002889384,0.005708669,0.0029630766,0.010442657,0.012096747,0.012961175,0.016220447,0.012506355,-0.00527357,0.0064011277,0.006260349,0.0051008817,-0.002792514,-0.0010206049,0.011579338,0.0151575515,0.015173245,-0.0057484596,-0.0031981925,-0.004804441,-0.0012528055,0.0024981545,0.0050867265,0.002235612,0.0062429444,0.014871305,0.01645738,0.010972637,0.010045824,0.01141124,0.009508504,0.0037472802,0.0046314574,0.0044836025,0.008535925,0.0053601437,-0.0040548276,-0.0040358235,0.0030137675,0.004422861
BSH2%UPI000EC98B2C,0.00627867,-0.008569109,0.0116260685,0.012097342,-0.0011322031,-0.014002582,0.009520811,-0.008102777,0.01488614,0.008417112,-0.0018480403,0.008802691,0.006389199,-0.014128928,0.011824829,0.009113069,-0.0038584122,0.015799928,0.0075596883,-0.0072240694,-0.016110247,0.008435246,0.009787614,0.0007850197,0.0062036742,0.008194406,0.0051567275,-0.014937594,5.0705272e-05,4.4184173e-05,-0.019872474,-0.0023052045,-0.008263527,0.005689568,-0.014433864,0.005055757,0.0098259505,-0.005378527,-0.0021013943,-0.0026900608,-0.015874835,0.012935562,0.0104259215,-0.00537787,-0.012746598,0.006424663,0.010263455,0.0076348083,-0.007303427,-3.0240462e-06,-0.0060397605,-0.007046266,0.003002924,-0.0014058709,-0.0028771046,0.009213149,0.0006565207,0.0052313213,-0.015358956,0.0099221235,0.0021989723,-0.0065566464,0.010994979,-0.007303195
BSH2%UPI000ECC9F84,-0.009752027,0.002634691,-0.010998433,0.0028898031,-0.0071498584,-0.004157842,-0.012392784,-0.00883325,-0.00030401073,0.0025882616,0.0022233466,-0.00552111,-0.0045113326,0.002863004,-0.009788786,-0.008943461,-0.0015398278,-0.01024058,-0.008475899,-0.00080422184,0.0030848125,-0.01537027,0.004160138,0.008989497,-0.0029319283,-0.00371722,0.007289244,-0.0017262488,-0.00623475,0.0039639147,0.00077615766,-0.010360557,0.005272659,-0.008873183,-0.0022530542,-0.005026053,0.010395642,0.0056850147,-0.010827634,-0.0008373569,-0.0030579353,-0.009989734,-0.008167157,-0.004722895,-0.00039668754,-0.008068578,-0.00057679997,0.0040996713,-0.004253092,-0.015483574,-0.012807821,-0.0069792466,-0.0066106846,-0.0015593864,-0.0008738648,-0.00720869,-0.002992947,-0.008535769,-0.0051892404,-0.02189797,-0.003854713,0.005236023,-0.015821509,0.012394096
BSH2%UPI000EE4CDBB,0.0038925635,-0.004212479,0.0065301233,0.016424747,0.005231908,-0.003853066,0.004713449,-0.015667317,0.017233148,0.018167311,0.00926165,0.007850954,0.0024103557,-0.0068982393,0.006997832,0.0074989884,-0.0022176385,0.002040161,-0.0014634274,-0.0060646194,-0.005511097,-0.0063468115,0.02080987,0.0135490345,0.0047752135,0.009749314,0.0125266565,-0.010556252,0.003991104,0.017562078,0.0026188255,0.002775821,-0.0031377845,-0.002947636,-0.009569692,-0.0033882365,0.01531905,-0.005201684,0.0013520756,0.011795678,-0.0007861341,-0.0011107023,-0.0030266184,-0.014191739,-0.011846977,0.0011238733,0.014273223,0.010810278,-0.008631477,0.00082198577,-0.0057821884,0.00012332483,0.006585028,0.008623057,0.0076844436,0.0053390823,0.0037108278,-0.00090879493,-0.012192485,-0.005701286,-0.0009712407,-0.0021988694,0.0005489102,0.01089305
BSH3%UPI000156F498,-0.010621138,-0.007758965,0.0020440456,0.011063843,-0.0062986505,-0.019436719,0.003388162,-0.017259546,0.0021406843,0.0047161444,-0.0032197996,-0.0074586035,0.0033550614,-0.015310176,-0.00042539582,-0.00036208154,-0.015050664,-0.009093092,-0.007988722,-0.02073494,-0.017504182,-0.0032258367,0.0051549007,0.0051056277,-0.0029996047,0.0014436595,0.01263237,-0.019353004,0.0027693326,0.010530706,-0.007195285,1.6411945e-05,-0.011354256,-0.001236117,-0.014276798,-0.0017225263,0.008638751,-0.0024827265,-0.010585121,0.004279727,-0.008163925,-0.006910564,-0.0040983786,-0.01842692,-0.011251551,0.00091481133,0.006942122,0.0067912205,-0.015038396,-0.0015440712,-8.376087e-05,-0.00805322,0.0034359596,0.0056325723,0.0068235467,-0.0028100712,0.0012936904,-0.00087015075,-0.011854537,-0.0061629927,-0.013986545,-0.009275776,-0.002492585,0.0035104312
BSH3%UPI00016547A5,0.002929182,0.016100174,-0.022897106,-0.009576484,-0.0131289065,0.004152778,-0.01843109,0.004862926,-0.017641459,-0.014693799,-0.012127918,-0.01966948,-0.021044713,0.0022574444,-0.023745071,-0.015749883,0.0089001395,-0.017481614,-0.01629929,0.0053146454,0.009015498,-0.012386165,-0.0089348825,-0.0006190393,-0.00043144365,-0.020863583,-0.01106501,-5.8546197e-05,-0.017611017,-0.002859118,0.0043588504,-0.01797877,0.01292249,-0.0149791585,0.00665052,-0.011611012,-0.010496088,-0.012709889,-0.01728527,-0.009044448,-0.0031449015,-0.022388108,-0.019626975,-0.01322506,-0.013319861,-0.019376123,-0.020915568,-0.0153854005,-0.0038735517,-0.006632137,-0.016850907,0.0040564947,-0.019329809,-0.016281711,-0.006135261,-0.0029914787,-0.0064988863,-0.018749127,0.0021189032,-0.02814293,0.0050324583,0.018430531,-0.016199555,0.038630344
BSH3%UPI00017EF3F1,-0.0016142847,0.012091292,-0.008673856,-0.019838061,-0.006042701,-0.0009590547,-0.008731287,0.013445271,-0.01955161,-0.018707478,-0.0066987025,-0.009420897,-0.0032767805,0.008099085,-0.010270097,-0.012827864,0.0045221196,-0.0058045285,-0.005233847,0.0072867535,0.0029160858,0.0014801926,-0.024202075,-0.010100411,-0.0028397369,-0.010276332,-0.015899496,0.013600557,-0.0044071297,-0.015624249,0.0041248472,-0.007269221,0.010565732,-0.00083759136,0.008103586,-0.0008844813,-0.019614547,0.0048243646,-0.0064965915,-0.017790643,0.0029819403,-0.003623356,-0.0034488973,0.014299996,0.010994026,-0.003673727,-0.015121717,-0.012754216,0.00530846,-0.007662199,0.00066750956,-0.00021260559,-0.012843929,-0.01364969,-0.0037466192,-0.004418986,-0.006330905,-0.0018257746,0.01783553,0.0019690695,0.002573036,0.0097605055,0.0003355812,-0.008688656
BSH3%UPI0001A5F983,-0.009147365,-0.01757029,0.0185311,0.010277394,0.016636718,-0.005987676,0.015762364,0.001574857,0.008658574,0.0077712457,0.014920506,0.015664063,0.019076737,0.002423613,0.023343522,0.0140965795,-0.0034247348,0.034441877,0.027915478,0.0077645006,-0.008832109,0.018281806,0.0017420758,0.0025216618,-0.009716467,0.01543432,0.0121182585,-0.0042608716,0.009841802,-0.011773605,-0.018914966,0.01364542,-0.008842461,0.01547287,-0.0034394446,0.012904905,0.013689797,0.021412304,0.0127889635,0.0045130784,-0.007788467,0.03239464,0.030769542,0.019434523,0.0083226785,0.013730931,0.014061549,0.017202208,0.002400463,0.007224362,0.012360556,-0.007643368,0.015457685,0.012531871,-0.007885884,-0.0076582246,0.005384833,0.021558428,-0.009971079,0.02508757,-0.005725606,-0.018582327,0.0041173534,-0.039177615
BSH3%UPI0002132A6C,0.0036567335,-0.00728925,0.021512764,0.01081315,0.02668517,0.017383019,0.017992867,0.0036743893,0.01656479,0.017957734,0.020656405,0.019790806,0.018109038,0.00749529,0.016276138,0.01935702,-0.0023749233,0.009645017,0.016285852,0.0020270518,0.011233552,0.01653113,0.013350184,0.011514076,0.009449297,0.02147655,0.010456119,0.011038313,0.024620472,0.018716428,0.011657365,0.031937577,-0.006409937,0.014210981,0.004857162,0.008750622,0.0024490221,0.010721833,0.030349161,0.030738233,0.027341526,0.017569382,0.015562402,0.01292602,0.019207727,0.02366191,0.020130489,0.00930398,0.010667657,0.022680609,0.028226513,0.01004799,0.025038475,0.031489983,0.024533415,0.009474554,0.015263963,0.020949434,0.0058514243,0.022432685,-0.002049397,-0.011928975,0.01764927,-0.021470979
BSH3%UPI00033CE23D,0.009094927,0.01737121,-0.014006007,-0.0040880456,-0.004580273,0.007409836,-0.0154630495,0.010088257,-0.012689986,-0.010049808,-0.00538683,-0.015317524,-0.007853583,0.0067619253,-0.01314865,-0.0054390724,0.014770043,-0.0018132349,-0.003202545,0.018133122,0.01493729,0.0005957711,-0.010141183,-4.430752e-05,0.003052557,-0.021090489,-0.009274493,0.003961501,-0.02398656,-0.01214423,-0.0033975595,-0.02487696,0.017472481,-0.016683845,0.010242078,-0.012010416,-0.0033752255,-0.0051555187,-0.0178857,-0.01698592,-0.008587521,-0.010046786,-0.008281606,7.9024285e-05,-0.008391404,-0.017339297,-0.013196708,-0.0010259922,0.00572376,-0.008556655,-0.022970328,0.004818294,-0.02191926,-0.022495463,-0.017461544,0.005268609,-0.010863061,-0.010815531,0.0015954061,-0.018110335,0.012982245,0.020288175,-0.0069489162,0.029283974
BSH3%UPI00035F5DCE,0.01755632,-0.0034483152,0.014428582,0.0122401845,0.015584738,0.004854933,0.011160139,0.0014709653,0.015669767,0.014701293,0.014181792,0.014506957,0.008679686,-0.0044139503,0.016816592,0.019099599,0.010464297,0.024382455,0.021460982,0.012707795,0.0017077057,0.01244992,0.012507434,0.00835666,0.007944985,0.010795022,0.008365435,-0.0012527809,0.005369899,0.004109426,-0.0011224155,0.010366138,-5.1612646e-05,0.0023601714,-0.00088055874,0.00015032168,0.008138068,-0.0062507708,0.019623937,0.013845039,0.0056619225,0.016550787,0.014946219,0.010082406,0.0035185101,0.005385376,0.011120942,0.008610583,0.002176226,0.0076834005,0.007886834,0.010698484,0.012271401,0.013144816,0.0005367077,0.012451992,0.0052654743,0.012998534,-0.00795661,0.012415174,0.011618398,-0.004476827,0.008780086,-0.0063330997
BSH3%UPI0004DA32C0,-0.005221222,0.0044906656,0.0013154404,-0.0075663016,0.000825088,-0.0047813193,-0.0027201264,0.0060974597,-0.008122517,-0.0065055955,0.00305532,-0.0037594277,0.005187925,0.008098927,0.0028800024,-0.0041133193,0.0022584742,0.004201568,0.0015499601,0.005122334,-0.002722008,0.0024995964,-0.012577867,0.001736591,-0.004859497,0.0018129098,-0.0013820049,0.00649365,-0.0008222403,-0.013159897,0.00047886276,0.00018851298,0.006342073,0.004251996,0.005081464,0.0011319997,-0.0025213286,0.010079862,0.0001595244,-0.010083791,0.000981248,0.0053148405,0.0038227893,0.010275909,0.006506103,0.0017495293,-0.0030840018,-0.00032729097,0.0034717321,-0.0052499487,0.003034383,-0.0062243575,-0.00190677,-0.0009412175,-0.00022893294,-0.005876714,-0.005434746,0.0018193193,0.011166785,0.007196791,-0.0006363642,0.00068893726,0.0007327849,-0.018397138
BSH3%UPI00080CB216,0.0014760467,-0.0012064904,0.00042968692,-0.0030422967,0.0026162525,0.0070554065,0.005526183,0.0059538265,0.0014043298,0.0005706802,-0.0022706594,0.0063736234,-0.0054903966,0.00058278034,0.0013511385,0.0025791088,0.0040860604,-0.0013055393,0.002069596,-0.00010640832,0.003318469,-0.0006638475,0.0011078834,-0.007651456,-0.0022356848,0.003742809,-0.003914135,0.0057315286,0.008364567,0.0052238624,0.01295613,0.010895493,-0.00045529817,0.006385397,0.0052850284,0.006205748,-0.004854061,-0.0042940364,0.0112892315,0.008686856,0.0074190246,-0.001210121,-0.00062856555,0.0017083772,0.0054479884,-0.0017528269,0.00047920257,-0.0063244766,0.0034777685,0.004813311,0.010560444,0.010578261,0.008883439,0.008433988,0.0040908754,-0.00061619305,0.006110721,0.0011669338,0.004647409,0.0011146246,0.00010975484,-0.0023196912,0.00093683496,-0.0034737363
BSH3%UPI00092A5378,0.014183169,0.0005640423,0.015902162,0.0068285167,0.025180861,0.01794033,0.010404774,0.008880198,0.009694307,0.012653897,0.017177755,0.01184271,0.013080189,0.0062358654,0.012140041,0.015983952,0.00760608,0.009678863,0.013631375,0.010593839,0.014922452,0.014142543,0.0061602034,0.007819443,0.010990819,0.013063417,0.0063820053,0.011643334,0.012377349,0.009028692,0.009005835,0.019989625,0.0021449754,0.0034756185,0.007846523,0.0023092157,0.001613104,0.002902805,0.024531774,0.020972135,0.023223547,0.011578294,0.009879049,0.013216202,0.013023639,0.011590141,0.012140261,0.008261504,0.012149539,0.0137786595,0.018040098,0.014260864,0.014558459,0.020644484,0.015620427,0.014523634,0.012117508,0.017803596,0.007089468,0.016900243,0.008260845,-0.0014680369,0.016243052,-0.009411596
BSH3%UPI0009648BEC,0.010951566,0.019806918,-0.013078589,-0.004373924,0.0033101132,0.012380515,-0.017847707,0.009724257,-0.012880505,-0.008486522,-0.0014073001,-0.014514211,-0.008009994,0.0043392386,-0.014103233,-0.009387123,0.01436031,-0.009313572,-0.010310066,0.016317407,0.016885273,-0.007241624,-0.010895547,0.0011540712,0.0037606477,-0.019398056,-0.0061349957,0.005573225,-0.020195391,-0.0057749776,0.0066686044,-0.01935371,0.017858643,-0.020419098,0.012347464,-0.011186199,-0.005051842,-0.0054413094,-0.013667028,-0.011003447,0.0025617576,-0.017780965,-0.01665357,-0.0031767585,-0.007974456,-0.020230964,-0.013789288,-0.001030062,0.005455066,-0.00944777,-0.01890273,0.0055956263,-0.01846866,-0.015628725,-0.010003473,0.0022410483,-0.0071047624,-0.01010824,0.0069742133,-0.013509592,0.013544903,0.021437434,-0.006670279,0.029753566
BSH3%UPI000E3F1C35,-0.0033052035,-0.00043859903,-0.0029712436,-0.007858131,0.00051759416,0.0064143385,-8.549313e-05,0.01091858,-0.010766909,-0.008156917,-0.008396105,-0.007357687,-0.00074065645,0.0026635942,-0.0048631784,-0.0015103691,0.0004366123,0.002245411,0.0047515347,0.0071702106,0.0063259625,0.00974366,-0.010444305,-0.011949637,-9.5056814e-05,-0.008360437,-0.004074525,0.006298031,-0.0034564268,-0.007128734,-0.003570193,-0.0045900447,-0.0005264195,0.002909852,0.006606794,0.005940246,-0.007913687,0.0025472003,-0.0020046134,-0.0022853569,-0.0014143873,-0.0007681858,0.0025081804,0.0021462203,-0.0035173795,-0.0004963664,-0.00508054,-0.003136231,0.003934546,0.006409368,0.00402334,0.0046112626,-0.0044447663,-0.005496761,-0.0024504187,0.00033490435,-0.003748537,0.0016218452,0.0026042066,0.0012284315,-0.0025101262,0.00020391063,0.001375136,0.0010214646
BSH3%UPI000E4DFA31,-0.009729666,-0.003826402,-0.0046479646,0.006220573,7.747046e-05,0.0007888622,-0.0054763053,-0.011103259,0.0042318814,0.0078529855,0.0035012322,0.00050323777,-0.007284675,0.002507693,-0.0059012286,-0.0050175535,-0.007226889,-0.010876235,-0.007928441,-0.0034671647,0.007868489,-0.0099974135,0.010944767,0.009419987,-0.006163097,0.0021189102,0.008938966,-0.0004899802,-0.0017793067,0.012382606,0.0035824208,-5.1966454e-05,-0.003575083,-0.0058801975,-0.0020691862,-0.003058858,0.011258978,0.0076349434,-0.0041765845,0.01281769,-0.00031797256,-0.0054277433,-0.004897229,-0.008985029,-0.00291366,0.0011810372,0.0013256089,-0.0021089895,-0.0061254315,0.0033473556,-0.0012504542,-0.0044915364,0.0031935903,0.009844176,0.008978421,-0.011473855,-0.0017723313,-0.010363635,-0.00927018,-0.009668276,-0.009817364,-0.003520162,-0.01269595,0.009657799
BSH3%UPI000E5302B4,0.01024148,0.00065183686,0.0034686706,0.007155388,0.010178467,0.008446556,0.002528026,-0.0014318838,0.006239903,0.0065923072,0.004503937,0.0033183268,0.0023460565,-0.004256187,0.0029026384,0.0073669516,0.0030262852,0.0017631074,0.0024769388,0.0036525808,0.0031448333,0.0016284665,0.0058106375,0.00038565893,0.0060737673,0.00018231104,0.001026764,-0.0011074811,0.00051925087,0.0053545157,0.0038811811,0.00047398507,-2.0260397e-05,-0.005155338,0.0015657102,-0.0035726281,0.0033062187,-0.007392229,0.0028968272,0.0057129283,0.002826626,-0.0027365533,-0.00070393813,-0.00050934876,-0.0037859518,-0.0023881858,0.0042546997,0.0079880925,0.0039570793,0.0034259593,-0.00084884925,0.008867402,0.0008315755,0.0014288786,-0.0020638993,0.008872034,0.0024554757,0.005288848,-0.00087013433,0.0024029152,0.0051266574,0.0021374396,0.004322599,0.009091475
BSH3%UPI000E555DC1,0.0007466005,0.004087038,-0.003561894,-0.0073113935,-0.0031959203,0.0066471742,0.00094661594,0.0116362795,-0.013899582,-0.013051796,-0.010036727,-0.007339554,-0.0062957797,0.0012491232,-0.0013174844,0.00011123056,0.004326592,0.0029323953,0.004753691,0.0077528716,0.005371426,0.010554891,-0.013477032,-0.007384326,-0.003473907,-0.012947359,-0.009310267,0.004456362,-0.006639819,-0.014288403,-0.0009129371,-0.0056985086,0.003444159,0.0020280958,0.0071205264,0.008757966,-0.009178105,-0.0032821638,-0.005258319,-0.009295259,-0.005637431,-0.001194386,0.001271331,0.0035026073,0.0007917093,-0.0046104244,-0.009421528,-0.0042846855,0.0039061022,0.002196516,-0.0014758499,-0.00017739278,-0.008394151,-0.011486164,-0.010184441,-0.00022261665,-0.0060874387,-0.0016570444,0.0038176288,-0.00011788634,0.0007328678,0.00410868,-0.00032400503,0.0027741226
BSH3%UPI000E902C94,-0.00017643555,-0.0026042315,-0.00048854237,0.0063603926,0.002301262,0.006914237,-0.00075445464,-7.089275e-05,-0.0007216127,0.00044848572,0.0034645186,0.0007199097,-3.8075657e-05,0.0010423564,0.00069529965,0.0019512335,-0.00039695392,-0.0012826106,-0.0013568258,0.000603498,0.003505714,-0.002422783,-0.0006757858,0.0008458676,-0.002857331,0.0002437115,-0.0022180476,-0.00026296533,-0.003130416,-0.00031476957,0.00593421,0.00032584078,-0.0005111726,-0.0031413871,0.002812918,-0.0015110114,-0.0032285615,-0.005372976,-0.00081792823,0.0031158512,-0.0013733464,-0.0005634649,-0.00059480825,-0.0015734338,-0.0016595449,-0.0005196087,-0.002927427,0.0023544405,0.00096220156,-0.00043367324,0.0012897635,0.0018134919,-0.0016349241,0.0012483851,-0.0043854523,-0.0036396142,-0.0017036443,-0.0027480735,0.00048224544,-0.003412452,-0.0018851475,8.378508e-05,-0.0034899083,0.0057844687
BSH3%UPI000ED2B3A0,-0.00154819,-0.00012106953,-0.005255691,0.004061757,-0.00055362843,-0.0028125176,-0.0061490284,-0.009312262,0.0016712194,0.0016561018,0.0005405041,-0.0010566071,-0.0003919372,-0.0042520342,-0.0072203088,-0.0053697256,-0.0025541505,-0.0024005326,-0.00394295,-0.0024059797,-0.00031485877,-0.009300892,0.0031442556,0.002699218,0.0012105313,-0.0034428167,0.0005219893,-0.0062759905,-0.005198113,0.0027455403,-0.0023408737,-0.005996052,0.00011485161,-0.009980119,-0.0058847405,-0.008567584,0.0022701519,-0.002753648,-0.0075267293,0.00036878404,-0.004494968,-0.004496333,-0.0034071514,-0.0039584725,-0.003931354,-0.005135569,-0.001372332,0.0019166576,-0.0036202986,-0.0067529436,-0.008362379,-0.0033010258,-0.006076023,-0.0027665435,-0.003972762,-0.0049248673,-0.0005231504,-0.0006152269,-0.006395447,-0.010295984,-0.00332608,0.0028530373,-0.008723377,0.008802243
BSH3%UPI000EF23C17,-0.033674624,-0.009151225,-0.012128025,-0.0016315334,-0.013248272,-0.015929738,-0.0052041346,-0.003208449,-0.0052014072,-0.0051843794,-0.0069851195,-0.0043245815,-0.00016346743,0.0016941485,-0.013190984,-0.016500425,-0.01515673,-0.0020192422,-0.0066768313,-0.010757647,-0.01647621,-0.003681792,-0.0038056313,-0.00137273,-0.012665665,-0.0059029227,0.005704698,-0.006118883,-0.0017525873,-0.0049536237,-0.0083320085,-0.008820576,-0.006785118,0.006708573,-0.0043991776,0.0064066304,0.007576015,0.0111148385,-0.017803088,-0.010419037,-0.013427608,-0.0053783064,-0.00040903757,-0.0051190816,-0.00559136,-0.002440497,-0.0005946949,0.003093535,-0.0059812814,-0.0071048657,-0.0076740156,-0.011517538,-0.007857309,-0.010609158,-0.007995255,-0.02068041,-0.0048367563,-0.0028694866,-0.005087403,-0.014758422,-0.020955196,-0.008230558,-0.013906397,-0.009403681
BSH4%UPI0001FAB233,-0.011541924,-0.014860881,0.011005635,0.0023904447,-0.0010784741,-0.012545019,0.01086831,-0.008937142,0.0068667536,0.0026298738,-0.0037985744,0.005166674,0.007761625,-0.0069242744,0.0075689014,0.0028089723,-0.015635481,0.0031233854,0.0022209818,-0.018425142,-0.018600876,0.0072762896,0.0023787054,-0.008921184,-0.00050989876,0.012035955,-0.000981498,-0.00808099,0.013549038,0.0010475642,-0.00684708,0.01158471,-0.01492752,0.0075269965,-0.011784043,0.0015750884,-0.0026501527,0.0025471882,0.0042071217,0.0032513277,-0.0015344528,0.009858391,0.009194406,0.00052936317,0.003915735,0.014578606,0.008809761,0.00084482646,-0.0048760786,0.0024523567,0.013401407,-0.006956437,0.009324286,0.008215997,0.0061214846,-0.00080230006,0.0040349215,0.012039393,-0.0029541308,0.014770366,-0.01342919,-0.015567089,0.008140982,-0.023701679
BSH4%UPI0006BEFACE,0.014264303,0.01170659,-0.0078098564,-0.008728044,-0.000622649,0.018903416,-0.008673267,0.0055751586,-0.0069299834,-0.0061297975,-0.0025856236,-0.0036145875,-0.010455651,0.0050761835,-0.008895256,-0.0035411033,0.0074829757,-0.020224607,-0.0147488,0.0032759893,0.016739734,-0.007710612,-0.0036482622,-0.003044916,0.0027099196,-0.005383901,-0.010129555,0.010959137,-0.0034626243,0.0042160316,0.015458273,-0.0023251867,0.0073192227,-0.0062835407,0.008580895,-0.0024957263,-0.01287605,-0.012988176,0.00044229822,-0.0004299146,0.0089316415,-0.016927442,-0.018025333,-0.00795127,-0.003135035,-0.006459716,-0.010083641,-0.012776856,0.006707511,0.0050881733,-0.002143222,0.010230812,-0.005683884,-0.0047630854,0.0022353427,0.0042836852,-0.0020323643,-0.013323288,0.010910504,-0.006233963,0.009887488,0.012956491,-0.0008465352,0.021515563
BSH4%UPI000822CCAE,-0.0029329294,0.02648521,-0.03481684,-0.04113908,-0.030108998,-0.004800022,-0.03432284,0.010879587,-0.03208848,-0.03397148,-0.015081631,-0.021279525,-0.0243201,0.010404641,-0.034652125,-0.03988834,0.012169149,-0.03944734,-0.039694436,-0.0014105503,0.00026495053,-0.027900057,-0.029175054,-0.0083098635,-0.00021049495,-0.024424758,-0.024828976,0.017895602,-0.015890965,-0.01905256,0.016018974,-0.024061935,0.023970896,-0.024524331,0.010248503,-0.022626325,-0.033365536,-0.006071005,-0.021519613,-0.034843873,0.0032368284,-0.038941335,-0.0386306,0.0031418374,0.0075055617,-0.029483829,-0.035318635,-0.031106872,0.0070226993,-0.026087899,-0.016360587,0.0021126582,-0.03149617,-0.0316123,-0.011700988,-0.015290285,-0.008602739,-0.0258233,0.030186804,-0.02162262,0.012711009,0.027034396,-0.018374495,0.009125795
BSH4%UPI0008CBCA16,0.0004441902,-0.00053349347,0.013912398,0.0035712153,0.011525213,-0.0057792896,0.0024774834,9.561104e-05,0.007851305,0.006773103,0.01312531,0.007103628,0.012401147,0.003769516,0.012531612,0.005521738,0.002293539,0.012016697,0.007348152,0.0019404262,-0.007946793,0.0058018775,0.00074699725,0.0041963984,0.0046678144,0.011742026,0.0061016716,0.0012992589,0.0069703567,-0.004618748,-0.007235195,0.01020853,0.0028706286,0.0011910909,-0.0044571916,-0.0017147416,0.00594659,0.011451122,0.010520574,0.0010570441,0.006246765,0.013549464,0.009891167,0.013502785,0.009629159,0.004949727,0.008812344,0.0101106595,0.0036474527,-0.003942067,0.0044096704,-0.0048346682,0.007654729,0.008487498,0.004446506,0.0027569884,0.008285723,0.019000847,0.0038611111,0.016919851,0.0041884435,-0.0036748608,0.008916165,-0.02371164
BSH4%UPI000D27EFA9,0.011756148,0.01304457,-0.016882338,-0.023564648,-0.008063591,0.011513766,-0.0151229985,0.017342033,-0.017170677,-0.019949911,-0.006309813,-0.0060865255,-0.0125965,0.0065314006,-0.011685567,-0.015403707,0.01689811,-0.009457198,-0.012847623,0.01133078,0.003545133,-0.010726724,-0.021789284,-0.014907135,0.0031794535,-0.013817383,-0.022254251,0.016044237,-0.01104747,-0.021180358,0.014598258,-0.013933439,0.015359788,-0.011963636,0.014781212,-0.009127317,-0.02213615,-0.013144374,-0.0032802916,-0.02355134,6.403599e-05,-0.01853315,-0.018089809,0.012697819,0.00580634,-0.02265747,-0.022713553,-0.015552609,0.012182325,-0.01434844,-0.008975299,0.014069902,-0.019306423,-0.024275497,-0.02362481,-0.0027754223,-0.005118588,-0.010393604,0.02254873,-0.004203538,0.018364662,0.017503638,-0.005856991,0.004356125
BSH4%UPI000E54B9B5,-0.008520873,-0.0008416367,-0.002224869,-0.008367168,-0.002478227,-0.005320294,-0.004181245,0.004942137,-0.0072466796,-0.007616483,0.0014085094,-0.0019101241,0.0030424744,0.0057374574,-0.001862905,-0.0060395915,0.0023747582,0.008584501,0.0031175583,0.003672598,-0.00371824,0.00051465444,-0.012040313,-0.0043371166,-0.008414403,-0.004635499,-0.007317096,0.0026777035,-0.006471006,-0.016771771,-0.0063184584,-0.003915371,0.0049743694,-0.003292685,0.0043481733,-0.005930156,-0.006841798,0.010705267,-0.00019027351,-0.009006593,-0.0018615137,0.0071591195,0.0061280667,0.013662205,0.009837526,-0.0018774495,-0.00752138,-0.0034142144,0.0033493468,-0.0052332156,9.965433e-05,-0.0018678652,-0.005245601,-0.0054394156,-0.010924361,-0.008826661,-0.005665164,0.003054243,0.0041070487,0.005159444,0.00023778886,0.00028934173,-0.0036149607,-0.021012707
BaiA%SRR3992974_bin_8_EOPEKEED_01051__3-oxoacyl-_acyl-carrier-protein__reductase_FabG,-0.029502327,-0.021665303,0.013519675,0.013287297,0.004577222,-0.014865083,0.013856833,-0.012477066,0.009469855,0.010131631,0.005687297,0.005971841,0.015327069,1.3761548e-05,0.012583932,0.006126411,-0.020677134,0.014626265,0.011838162,-0.011394202,-0.018623296,0.0074894507,0.0064057168,0.0046988106,-0.0084881345,0.013185146,0.017668655,-0.011254414,0.012373668,0.0031750067,-0.013056579,0.009459752,-0.017840136,0.018872242,-0.010518789,0.013520831,0.02028032,0.02422572,-0.0009868745,0.006035008,-0.008124936,0.016268844,0.018613046,-0.00023008506,-0.0016794334,0.01481364,0.019312268,0.02221565,-0.0037650007,0.00059566705,0.0046492135,-0.020013222,0.011983502,0.01018265,0.00070897967,-0.011789576,0.0025234916,0.015040606,-0.010873497,0.009858634,-0.021752879,-0.02315002,0.0003710055,-0.0273805
BaiB%CosteaPI_2017__SID713A038-11-90-0__bin_26_fa_FGHNBBEK_00429__Bile_acid-coenzyme_A_ligase,0.0074322815,-0.007921347,0.0078058457,0.0105047915,0.010813241,0.012697969,0.0068743424,-0.0072088363,0.008259244,0.011141548,0.0050011654,0.0055411817,0.0032826513,-0.002464059,0.008979369,0.013101241,-0.0058120135,-0.0022074895,0.0050143544,-0.001300424,0.00874569,0.0019279094,0.012287548,0.0024470626,0.004063467,0.009724269,0.008628151,-7.5223266e-05,0.008471241,0.013521794,0.0059348033,0.009538023,-0.010016832,0.00051148905,-1.1109247e-05,0.007165619,0.0072299982,-0.00623272,0.010995853,0.018751906,0.0047223764,0.0010849806,0.00183006,-0.006667333,-0.0031462044,0.005917472,0.009322309,0.007684007,-0.0016213191,0.009303918,0.010657318,0.004727974,0.011419159,0.015193334,0.00812281,0.0065927776,0.005522528,0.0023630944,-0.008327543,0.0022951558,-0.0022343758,-0.0067814607,0.002659886,0.009926852
BaiB%bai_cluster_2%midas_uncultured_Eubacterium_73696%uncultured_Eubacterium_73696|FMDW01000013_871,0.012353365,0.005923258,-0.0027018182,0.0054098684,0.0052585513,0.014416252,-0.0049052383,-0.0032354242,0.0037786127,0.005211287,0.0043821307,0.001155916,-0.0041452893,0.00045333453,-0.0018216748,0.003380135,0.0058260667,-0.013207618,-0.008040978,0.001884517,0.015033312,-0.010408498,0.007777131,0.0058586113,0.0071269725,0.00054227357,0.00079126714,0.0043470757,-0.0023456244,0.012075223,0.01379169,-0.0010181172,0.0046820976,-0.01093395,0.0040552607,-0.0031237546,0.0016428382,-0.008701869,0.002946195,0.010048032,0.007661928,-0.0117314365,-0.012225467,-0.0068584727,-0.001964266,-0.00665758,3.4918507e-05,-0.00086209294,0.001975716,-0.00089823274,-0.0014664094,0.006586403,0.00013169824,0.0052247914,0.0050759153,0.005949589,0.0014354535,-0.0078662075,0.0010805831,-0.007952508,0.006011671,0.008170717,-0.0032384777,0.021331642
BaiB%fig|1950888_3_peg_94|__Long-chain-fatty-acid--CoA_ligase_(EC_6_2_1_3)____Clostridiales_bacterium_UBA4701_|_1950888_3_,-0.022515908,-0.028726008,0.019991502,0.017756047,0.015305451,-0.0042058025,0.025192153,-0.014237668,0.015989566,0.017976306,0.012102214,0.012672965,0.0161467,-0.0017566248,0.019682132,0.018998383,-0.024629187,0.011760009,0.015219545,-0.01633101,-0.013692354,0.015998106,0.0162191,0.0015967117,-0.006608697,0.0256371,0.01848546,-0.0075116144,0.02597355,0.017279683,-0.0061796647,0.027151518,-0.027387142,0.024158897,-0.009551248,0.017816193,0.015696967,0.016117584,0.015446172,0.025401203,0.0025184408,0.019941168,0.021835921,-0.004885183,-0.0017348255,0.02599105,0.02333109,0.01842655,-0.0034069486,0.01913455,0.025918042,-0.0057845265,0.028102685,0.029471705,0.016903706,-0.003935269,0.00878436,0.019928275,-0.0112016015,0.01896494,-0.025301905,-0.030800128,0.008015814,-0.027165007
BaiCD%MEI3381486_1_FAD-dependent_oxidoreductase__Dorea_sp__,0.0019571916,0.0014200209,0.00033601106,0.005747505,0.0014021042,0.0059825396,-0.00014427476,-0.006044331,0.0029892102,0.0053997417,0.0054490864,0.0017935776,-0.001737657,0.0013060326,0.001240103,0.001906112,-0.00018513041,-0.012927221,-0.007908213,-0.0043505384,0.005952347,-0.010310594,0.00687156,0.008334631,0.003137006,0.004539362,0.005290809,0.0018769238,0.0049472614,0.01156779,0.01220584,0.0030222824,0.00166025,-0.0028980419,0.0014099112,0.0015722216,0.0032721562,0.00034557335,0.0012824797,0.008074258,0.00784926,-0.008633239,-0.009287477,-0.007271571,0.00049787486,-0.0017863279,0.0056564836,0.004235502,0.0011981479,-0.0016626605,0.0011804382,0.001806431,0.00347889,0.0073996265,0.007596093,0.0021665613,0.00044747943,-0.003650072,0.0026679316,-0.005741086,-0.00031035842,0.0022622417,-0.003100392,0.008815445
BaiCD%RaymondF_2016__P21E7__bin_22_fa_DDJCLBHB_00368__NADH_oxidase,0.016395697,0.016983349,-0.010406685,-0.0066947513,-0.009692534,-0.0025533186,-0.0134392,0.0050008,-0.006372148,-0.009902357,-0.0059997994,-0.0053919847,-0.010129775,-0.0036528886,-0.009039883,-0.0077107777,0.016588503,-0.0056036413,-0.010169911,0.0075827013,0.0065827817,-0.0092400415,-0.00860561,-0.00026503592,0.0043709707,-0.012651155,-0.013217957,0.0016618471,-0.015421626,-0.011561662,-0.0017259202,-0.020682039,0.018417966,-0.020174105,0.00019388169,-0.013965707,-0.01003978,-0.010849002,-0.013687867,-0.019646192,-0.00784247,-0.011813215,-0.014164201,0.0041431175,0.0030400502,-0.01917347,-0.0123415245,-0.010541047,0.0023769657,-0.015693758,-0.01918379,0.004825124,-0.019674748,-0.021623297,-0.014575192,0.0074568726,-0.007374021,-0.008113273,0.00421704,-0.011017119,0.017671313,0.021643601,-0.0036393045,0.017028067
BaiCD%XieH_2016__YSZC12003_35390__bin_5_fa_PIKIEFGP_00577__NADH_oxidase,-0.015921548,-0.014897973,0.009165986,-0.0010862495,0.0045142616,-0.00900503,0.010266229,-0.008321434,0.002855933,0.0032948882,0.008131852,0.0044477475,0.013929925,0.0020153597,0.008253527,0.002221567,-0.013431297,0.004975087,0.005869416,-0.011760971,-0.0153626595,0.0076736575,-0.0013940888,-0.0027233723,-0.0054713404,0.012030771,0.005864592,-0.006361249,0.014252061,-0.0065184785,-0.010471361,0.014310485,-0.012713897,0.009835883,-0.0080747465,0.0030053223,-0.00067204534,0.0073991283,0.009084952,0.0011504454,0.001351224,0.009938809,0.010890352,0.005606317,0.0066965716,0.0142327985,0.007204671,0.0058441716,0.002680159,0.0022721603,0.013861006,-0.005985177,0.011497915,0.0090856245,0.002574452,-0.005802272,0.008393723,0.013158117,0.00038171856,0.01465477,-0.009468318,-0.014880096,0.0062262784,-0.02881172
BaiE%LiJ_2017__H3M515915__bin_8_fa_COLEEGFP_01274__Bile_acid_7-alpha_dehydratase,-0.0036330903,-0.0051588034,0.0037091908,0.009580942,0.0044036154,0.0045141997,0.004854671,-0.009154998,0.0070790756,0.008600855,0.007020582,0.003909683,0.0047424426,-0.00042008914,0.0036279922,0.0062663932,-0.007071961,-0.009250748,-0.0035486862,-0.009075132,0.0010521702,-0.0025455756,0.009552752,0.006091365,0.0016670101,0.00849649,0.009159857,-0.0021717323,0.0102644535,0.013769239,0.01018388,0.008123362,-0.005983093,0.002594388,-0.00073425396,0.0058572446,0.005890731,-0.0015064804,0.004565597,0.0129001485,0.0055007758,-0.004706178,-0.0036329078,-0.0089577455,-0.0018675098,0.0030566573,0.010137372,0.008533634,-0.001713378,0.001509172,0.0088969115,0.0001608668,0.009405001,0.012784681,0.00885464,-0.0009436858,0.003741576,0.001729017,-0.0023653544,-0.004038716,-0.008372139,-0.0056765513,-0.002626074,0.0038891416
BaiE%MCI8938768_1_nuclear_transport_factor_2_family_protein__Dorea_sp__,-0.0034788956,-0.013427913,0.013288205,0.01376691,0.013480216,0.0057718027,0.012286178,-0.008583185,0.014400622,0.016122164,0.009879791,0.010549233,0.007966208,-0.0036180222,0.012045391,0.014365404,-0.009859914,0.004539406,0.008883087,-0.006252312,0.00028398988,0.0071290503,0.015876168,0.005466623,0.0018459818,0.015059806,0.013357623,-0.005153788,0.013346989,0.014580521,0.0030093621,0.01573727,-0.012917505,0.007867594,-0.0028975294,0.009441296,0.012001118,0.00064718426,0.0123874415,0.020621452,0.004211753,0.008006386,0.008883342,-0.00513501,-0.0027908701,0.01196989,0.016053736,0.01253791,-0.0021084123,0.01061023,0.012506077,-0.0008140082,0.016641904,0.02026873,0.011497166,0.0027369114,0.008093703,0.009311349,-0.007921021,0.0077016205,-0.008669961,-0.013825729,0.0053497846,-0.0062679676
BaiE%fig|1950888_3_peg_203|__Bile_acid_7-alpha_dehydratase_(EC_4_2_1_106)_(BA7_alpha_dehydratase)_(Bile_acid-inducible_operon_protein_E)____Clostridiales_bacterium_UBA4701_|_1950888_3_,0.0075951624,0.011390474,-0.015480784,-0.0014087814,-0.0051029925,0.0107555855,-0.016898338,-0.0018291677,-0.0062585976,-0.00230211,-0.0020960222,-0.010228286,-0.01232054,0.0022322044,-0.013848536,-0.0073147444,0.007093761,-0.020807344,-0.014173648,0.0034299341,0.01773871,-0.015178658,0.0025021667,0.005230921,0.0029858928,-0.009539934,-0.00060003245,0.0038367033,-0.0097538205,0.007859608,0.012625127,-0.0118629215,0.01023661,-0.017111065,0.0052953092,-0.007088719,-0.0006480161,-0.0092269825,-0.007598856,0.001712296,0.0041521,-0.021556564,-0.01975941,-0.010422299,-0.0038338033,-0.015474592,-0.0085343765,-0.004674083,-0.0017135388,-0.011556914,-0.011823796,0.0037861872,-0.010712735,-0.003698782,0.0010783228,0.00030135553,-0.0027952152,-0.015480471,0.00084147556,-0.02387431,0.0054346593,0.014868995,-0.014203911,0.032642607
BaiF%KarlssonFH_2013__S54__bin_27_fa_BBGPADBL_00031__Bile_acid-CoA_transferase,0.0036763963,-0.003880069,0.010954157,0.01186425,0.008677839,0.004195396,0.009388554,0.0032165921,0.004076724,0.0038059177,0.004111282,0.0067824004,0.008569486,0.0018690163,0.012620755,0.011489315,0.0032211042,0.016845413,0.01567475,0.008526439,0.0022052098,0.011056649,0.0007675777,0.00050933287,-0.0029771545,0.0024227607,0.001090306,-0.0019184402,0.0017642874,-0.0038235858,-0.0070174444,0.003423691,-0.0015355913,0.0055079893,0.00049152196,0.006996665,0.005094303,0.006096333,0.0035824897,0.00347203,-0.0029321874,0.0150697855,0.015526291,0.009572432,0.0032674326,0.0063915695,0.0076866653,0.00867719,0.0030085193,0.008426879,0.0070888274,0.0021856967,0.0046789697,0.003093282,-0.0061222087,0.0026714369,-0.0010910601,0.009458104,-0.00519307,0.011587642,0.000848376,-0.0045047593,0.004077874,-0.012679782
BaiF%LiJ_2014__MH0358__bin_56_fa_NPCPOAJM_00305__Bile_acid-CoA_transferase,-0.0034609037,-0.00088263745,-0.006705987,0.0046997196,-0.0032601603,0.005224383,-0.0053755105,-0.009014392,0.0023929628,0.0052104066,0.0018491512,-0.0018734263,-0.005954913,-0.0017528831,-0.0051915185,-0.0027199597,-0.0041376213,-0.016981255,-0.011403926,-0.0071970164,0.0056992276,-0.012516387,0.008139113,0.0071509974,0.002901101,0.0011950455,0.0053858813,-0.00053271366,0.00045457692,0.014086452,0.013028028,-0.0009212475,-0.0013618666,-0.006372648,-0.0005916405,0.0001861064,0.005801988,-0.0055765603,-0.0029973877,0.009925455,0.0028207889,-0.014365679,-0.012715851,-0.01122823,-0.002043704,-0.00500764,0.0018548061,0.00073106925,-0.003874265,-0.007130161,-0.0035241034,-0.0009522332,0.0002845735,0.00640057,0.0064124693,-0.0039019934,0.000561447,-0.008531665,-0.003390581,-0.016290786,-0.0060194726,0.0014719255,-0.010473541,0.018388484
BaiF%LiJ_2014__V1_FI37__bin_39_fa_IHFOFLIJ_00762__L-carnitine_CoA-transferase,0.00492773,-0.007849762,0.008713892,0.009909418,0.010478873,0.009885273,0.007527654,-0.0019951018,0.009228967,0.009096415,0.0073812944,0.0067238933,0.0062877345,-0.0014746475,0.011223054,0.013175112,-0.000567521,0.0049233213,0.0075420146,0.0007808356,0.0030654198,0.004022038,0.008354143,0.0023777315,0.0046220515,0.009003687,0.00689852,-0.0012038461,0.0055015744,0.0060970276,0.0038515634,0.007277565,-0.005768615,0.0043591806,0.0017077428,0.009741695,0.009303211,-0.0032360863,0.010144196,0.012240087,0.0015950128,0.0040423255,0.004944699,0.00023663987,-0.00054931536,0.0026529797,0.009021829,0.0119336,0.0015304796,0.002689558,0.006540696,0.0023898634,0.009341865,0.011245937,0.0007447012,0.005821754,0.004390679,0.0073619266,-0.005059095,0.00457077,0.00063680345,-0.0061675482,0.004599099,0.0010071174
BaiF%RaymondF_2016__P21E7__bin_22_fa_DDJCLBHB_00373__Bile_acid-CoA_transferase,0.009316718,0.009606066,-0.00010821272,0.0003584533,0.0067924126,0.0022647348,-0.0038373512,0.003125844,-0.0004989178,-0.0011694963,0.0031461006,0.0012324594,0.0014156046,0.0018843231,-0.0007980781,-0.0006376853,0.009730098,-0.0013312169,-0.003802493,0.0061982786,0.004258961,-0.0027589337,-0.0017030544,0.00069565786,0.0042815106,-0.0029100396,-0.0039992314,0.0050307107,-0.0033977774,-0.0021619478,0.00344401,-0.0051838676,0.009738178,-0.0111343395,0.0020033866,-0.008157664,-0.0018935506,-0.0014217296,-0.0031283586,-0.0051114256,0.0021407835,-0.0057144486,-0.0071396334,0.007180996,0.0063776155,-0.010232413,-0.0013940297,0.0046544615,0.006914286,-0.004864272,-0.0062495023,0.0065860953,-0.0058110845,-0.0073989113,-0.0057870424,0.004701631,0.00083053595,0.005279386,0.0058097695,0.0021213926,0.010449881,0.009783494,0.00018890612,0.005756085
BaiF%SRR4783510_bin_28_GHBMCCFK_00008__L-carnitine_CoA-transferase,-0.0045416327,0.024527557,-0.04146527,-0.015280418,-0.025145145,0.004699668,-0.0400159,-0.00011781983,-0.024970092,-0.019291116,-0.011958151,-0.02560594,-0.026126754,0.0099239,-0.039410498,-0.031539332,0.009114869,-0.037391912,-0.032187816,0.0055743223,0.019827254,-0.03352347,-0.011497788,0.005069595,-0.004165604,-0.029871568,-0.009082694,0.0077068536,-0.027020123,-0.0024426435,0.013228103,-0.034361888,0.022798361,-0.028842015,0.008391247,-0.01725668,-0.0080159595,-0.006211622,-0.031188121,-0.01847005,-0.0034758637,-0.03956628,-0.03523775,-0.014314253,-0.0069949823,-0.03252171,-0.027878473,-0.016490392,-0.004333928,-0.027601399,-0.031112682,-0.0019297415,-0.032239567,-0.024609147,-0.0121720955,-0.015596815,-0.012687875,-0.034724392,0.004939396,-0.05339558,0.004149115,0.030268354,-0.03580988,0.05252194
BaiF%bai_cluster_2%midas_uncultured_Eubacterium_73696%uncultured_Eubacterium_73696|FMDW01000013_892,-0.0047430955,0.01639528,-0.030382069,-0.0069585657,-0.017769312,0.0018159411,-0.031856295,0.00013518539,-0.016307633,-0.013260553,-0.0070068403,-0.018141039,-0.018990003,0.0059398324,-0.026963282,-0.022253936,0.008281195,-0.022713672,-0.020380462,0.0077562914,0.016385846,-0.025320975,-0.007960498,0.004142286,-0.0050916616,-0.023059232,-0.006159268,0.0038141683,-0.024191374,-0.004245493,0.00480526,-0.029173296,0.017474629,-0.024855165,0.0039921612,-0.014590365,-0.0018738373,-0.0056854934,-0.026257958,-0.015482307,-0.007908716,-0.02744019,-0.024207242,-0.009108786,-0.004324313,-0.028140279,-0.019947685,-0.008870675,-0.0041499697,-0.024625279,-0.02718374,-0.0038576403,-0.02623893,-0.021576257,-0.014867473,-0.013980707,-0.01034216,-0.022571588,-0.0010276954,-0.03994915,0.0025508497,0.021529362,-0.030038677,0.038916312
BaiF%fig|1950825_3_peg_1464|__L-carnitine_dehydratase_(EC_4_2_1_89)____Clostridiales_bacterium_UBA1701_|_1950825_3_,0.017347462,0.01925424,-0.016103406,-0.0056637647,-0.0024889153,0.013216469,-0.020201573,0.0019295398,-0.0069776,-0.0037074354,0.002305882,-0.009384176,-0.011464231,0.0063217296,-0.01410815,-0.0076913997,0.014569913,-0.018228648,-0.013928895,0.010746961,0.020265525,-0.017178295,-0.0010002526,0.0069325375,0.0055169016,-0.010693307,-0.004446058,0.010935558,-0.013003017,0.0028145097,0.013319297,-0.013813477,0.017240245,-0.022534018,0.008229725,-0.013694779,-0.0037806714,-0.0077792387,-0.006013327,-0.0008931061,0.006856658,-0.019572003,-0.019509519,-0.0021729511,0.001353402,-0.018185943,-0.01247189,-0.0070643886,0.0017278487,-0.012187271,-0.011953256,0.007690474,-0.01320495,-0.0057921303,-0.0017095293,0.0038171904,-0.0032280358,-0.014974984,0.0043404275,-0.021840658,0.014760436,0.022068057,-0.012770554,0.03380994
BaiG%LeChatelierE_2013__MH0251__bin_10_fa_BOBEKBFD_00006__Multidrug_resistance_protein_3,-0.00406757,-0.009300499,0.0082323365,0.01403115,0.0075268103,0.0012519977,0.006581166,-0.014786758,0.0131616425,0.015817542,0.0101652965,0.0071221124,0.0051579718,-0.0030993759,0.008113075,0.009316578,-0.00863441,-0.003214997,0.0024527737,-0.007848628,0.0011961992,-0.0024039405,0.0151748825,0.010609592,0.0005911329,0.014239357,0.014759085,-0.005472319,0.010439847,0.013971133,0.0012017047,0.010791765,-0.00851616,0.003468123,-0.0070450306,0.0037369959,0.016429288,0.005449537,0.007999598,0.018526731,0.0027801886,0.0033506323,0.0040559936,-0.0057891803,0.0008662139,0.0096451,0.014126374,0.011408937,-0.0046913596,0.0023661817,0.00559414,-0.00596688,0.013717395,0.019819709,0.013188848,0.0010724424,0.0054732943,0.0032360854,-0.00967856,-0.00040986284,-0.0074256863,-0.008741574,-0.00017956752,-0.00019789152
BaiG%MBR4017991_1_MFS_transporter__Clostridia_bacterium_,0.022421815,-0.033423085,0.05442776,0.037968047,0.045275148,0.016842121,0.050918628,-0.01991377,0.047743715,0.04844761,0.02930263,0.0416057,0.033820696,-0.013053013,0.054995388,0.05570788,-0.015064343,0.035602797,0.041571397,-0.008144566,-0.004790077,0.031556353,0.04344596,0.011329654,0.008998254,0.05141537,0.032192226,-0.012631429,0.04076956,0.032591354,-0.0024827763,0.055506624,-0.03585644,0.030858463,-0.009863982,0.026100378,0.029906007,-0.0023259951,0.054430116,0.05437284,0.015075092,0.043690987,0.040313292,-0.0016362799,-0.0012071673,0.04526401,0.04746605,0.03394337,0.00069024554,0.040753074,0.042412397,0.005488892,0.05569457,0.05691101,0.03005765,0.027614877,0.028974796,0.03801181,-0.020855425,0.049809493,-0.0023491618,-0.03902381,0.037506144,-0.028866298
BaiG%MDY4488523_1_MFS_transporter__Candidatus_Limivicinus_sp__,0.009452595,0.01457738,-0.02057096,-0.0032645417,-0.007915136,0.015389346,-0.019334877,-0.0011701792,-0.0098242555,-0.0050369515,-0.0039094477,-0.013289093,-0.018577522,0.0024331687,-0.018883884,-0.009150162,0.007902144,-0.027896011,-0.020053709,0.0024098293,0.022678316,-0.019326879,0.0022471217,0.005724011,0.0046530026,-0.013348501,-0.0030809261,0.005969149,-0.0108553935,0.011887334,0.018668381,-0.014302827,0.011964984,-0.017930897,0.008404129,-0.0056817145,-0.0047242176,-0.015278902,-0.010316968,0.002864078,0.0052195466,-0.029073756,-0.026213093,-0.01739002,-0.008430447,-0.019855581,-0.012984524,-0.0101192985,-0.0029438597,-0.00873234,-0.0118275015,0.0063203443,-0.01270379,-0.0055509787,0.001885282,-0.0008072465,-0.005359996,-0.022501273,0.001721378,-0.03071047,0.0056401747,0.018910326,-0.017069167,0.043928906
BaiH%MEE0204071_1_FAD-dependent_oxidoreductase__Oscillospiraceae_bacterium_,0.0093746055,0.011610192,-0.012389822,0.0017756467,-0.0020745322,0.0029484255,-0.01632119,-0.0032252904,-0.00088537676,0.0008449065,0.0041815974,-0.0053035473,-0.008096242,0.001760956,-0.009157103,-0.0069638896,0.011669836,-0.0064258836,-0.0077575017,0.008724659,0.009937826,-0.014817754,0.002778463,0.008721411,0.0011021459,-0.008188977,0.00057250384,0.00045769007,-0.0145881595,-0.001382328,0.0013298416,-0.01508193,0.013848625,-0.018113079,0.0004704237,-0.012327612,0.0052356217,-0.005956391,-0.008010296,-0.0049941866,-0.002767554,-0.011754624,-0.011322635,-0.0006077807,-0.0011554018,-0.016341079,-0.0066490415,0.0009092272,-0.0014061887,-0.015927933,-0.017620051,0.0019435581,-0.012320128,-0.008987632,-0.00861372,-0.0006506692,-0.0018590195,-0.007918264,-0.0046312134,-0.020008674,0.010980142,0.015469656,-0.013693154,0.024234949
BaiH%Obregon-TitoAJ_2015__NO11__bin_28_fa_ODBMCAMJ_01962__NADH_oxidase,0.006724474,0.009743379,-0.0048975106,0.0044468082,0.006366091,0.014801735,-0.011311932,-0.0017896416,0.0013551195,0.0046931244,0.008210611,-0.0013155789,-0.002898389,0.0067778397,-0.005031298,-0.0011783512,0.006824408,-0.014299992,-0.009260385,0.006022288,0.01936759,-0.012823776,0.0066725435,0.010926577,0.0050193397,-0.0013137722,0.005005728,0.008311412,-0.004090336,0.009922237,0.013580528,-0.0011453185,0.009136317,-0.011775542,0.0067211743,-0.003837277,0.004986781,0.0004310616,0.0012582077,0.009379822,0.010996911,-0.011889018,-0.012144234,-0.0018058617,0.0044638086,-0.008384776,-0.000678554,0.002010608,0.0042229504,-0.00198933,-0.0035605833,0.004313617,-0.0013945772,0.0054488713,0.00602065,0.00030685167,0.00073161395,-0.00663811,0.0034572931,-0.011128038,0.0054962444,0.009672179,-0.008377202,0.018419849
BaiH%bai_cluster_2%midas_uncultured_Eubacterium_73696%uncultured_Eubacterium_73696|FMDW01000013_836,0.0023397193,-0.0010326469,0.007611012,0.006565603,0.007476219,0.00822573,0.0041738646,-0.0025171328,0.00705954,0.0095535265,0.011408456,0.006867059,0.004424051,0.0054807467,0.008982499,0.010362859,0.0026129046,0.0030158325,0.0049539306,0.0047986214,0.0102392575,-0.0009535078,0.009117769,0.0112136565,0.0022264544,0.009564401,0.009679,0.0053063883,0.005978761,0.00845362,0.0074663693,0.0072386013,0.0018161972,0.00239144,0.0038999312,0.0033062145,0.008538019,0.008594535,0.009779349,0.012775972,0.010972556,0.0048737396,0.0034831099,0.0020681396,0.0041828942,0.003871606,0.0102687655,0.009670162,0.003508848,0.003818722,0.0037569553,0.0006623489,0.008889336,0.012296557,0.009038177,0.004880819,-0.000398768,0.0037050946,0.000684123,0.00353466,0.0022109477,-0.00091535255,0.0012661297,0.0006257772
BaiI%QinJ_2012__CON-070__bin_41_fa_AAAKDJOM_00400__hypothetical_protein,-0.011060382,0.009008411,-0.025847595,-0.006067875,-0.014151883,0.009376812,-0.022238309,-0.0029288053,-0.014173077,-0.009156855,-0.003926395,-0.012335512,-0.014579959,0.008594842,-0.024040638,-0.017816808,-0.0009205355,-0.02866024,-0.020422954,0.0012417159,0.019548655,-0.02131395,-0.0027540138,0.004506007,-0.0043933243,-0.012956506,0.00016352121,0.009047703,-0.009742065,0.006676054,0.015530497,-0.015107694,0.0086088255,-0.013189916,0.0062049655,-0.0030363884,-0.0013651043,-0.00024634384,-0.01613536,-0.000472618,0.002896409,-0.026702413,-0.02230277,-0.010559862,-0.00029906514,-0.016199792,-0.013505642,-0.007793462,-0.0027198046,-0.012884467,-0.011630302,-0.00046351168,-0.014025544,-0.006701844,-0.0014653159,-0.014224156,-0.006831959,-0.021928372,0.0026094026,-0.03645067,-0.00622925,0.013579408,-0.027268177,0.0334033
