Family,3oxoDCA,3oxoLCA,7oxoDCA,Ala_DCA,Asn_CA,Asn_DCA,Asp_CA,Asp_DCA,CA,CDCA,DCA,GDCA,GLCA,GUDCA,Gln_CA,Glu_CA,Glu_CDCA,Glu_DCA,IleLeu_CA,LCA,Lys_DCA,Phe_CA,Phe_CDCA,Phe_DCA,TCDCA,TDCA,TLCA,TUDCA,Thr_CA,Thr_DCA,Trp_CA,Trp_DCA,Tyr_CA,UDCA,isoCA_aMCA,isoDCA_isoCDCA,isoLCA,isoUDCA
12aHSDH%GENOME015584_936,-0.009544294,-0.04410212,0.06600857,-0.046262633,0.037760552,-0.015441639,0.031429525,-0.067620724,0.076409906,0.046917334,-0.06254176,-0.014143951,-0.046891555,0.052347716,0.023882361,0.05030225,0.06168824,-0.04122818,0.014678222,-0.044202298,-0.0033661553,-0.0221673,-0.025719065,-0.07559858,0.03188589,-0.040718988,-0.017727934,0.03786308,0.028743558,-0.0453289,0.032079443,0.0038323628,0.0067497552,0.027814569,0.046136502,-0.020968242,-0.034165125,0.050636753
12aHSDH%GENOME077010_272,-0.056518413,-0.046502184,0.014901795,-0.011740937,0.0005599411,-0.040064875,0.022257637,0.0018696308,0.024267936,0.016632983,-0.018081406,-0.009404562,-0.07748115,0.031802267,-0.03147653,0.021423109,0.0109182075,-0.031440176,0.018083658,-0.05012649,0.072340906,-0.020246066,-0.042967428,-0.054904032,0.05578393,0.059864413,-0.0007287946,0.03277476,0.013102845,0.021443324,-0.033514503,-0.02368146,0.049139056,-0.003614845,0.040848117,-0.031783856,-0.06324309,-0.0039487574
12aHSDH%GENOME136792_1072,0.035462484,-0.010969453,0.038077544,0.021333652,0.00800742,-0.03096769,-0.030753206,-0.023021528,0.015826654,0.01803784,-0.008253039,-0.006784062,-0.010675578,0.011517936,-0.018647956,0.035652913,-0.04991756,-0.027332185,0.008680652,-0.011901565,-0.016978009,0.00039619897,-0.002249955,-0.008728715,-0.018510854,-0.0055945707,-0.018801004,0.027790489,0.011732319,0.008452696,0.034944836,-0.01338658,0.02708056,0.036517758,0.045396876,0.02184421,0.008441575,0.03660714
12aHSDH%GENOME187328_883,0.01405636,0.0362302,-0.08346867,0.07833042,-0.06134095,-0.016287265,-0.01984864,0.048413023,-0.053336572,-0.03787457,0.04147546,0.04115311,0.04106787,-0.027778488,-0.031929795,-0.0658898,-0.042231493,0.055114936,-0.04609418,0.040777307,-0.009933531,0.016851895,-0.039595675,0.060216773,-0.028099108,0.055426735,0.06778419,-0.040377244,-0.052825063,0.046146687,-0.032456562,0.05447595,-0.06278613,-0.004346516,-0.053905416,0.022544606,0.034606934,-0.022204766
12aHSDH%GENOME211747_1057,0.015537384,0.0038565728,-0.014991685,-0.01581945,-0.019696988,0.036267105,-0.07726829,0.010912621,-0.035186484,-0.027510472,0.011909021,0.036493324,0.028945915,0.0269346,0.006120159,-0.035898063,0.0104569495,-0.016110957,-0.015429836,0.016487004,-0.024382193,0.02575966,0.04143057,0.03429005,-0.0042985417,-0.022004236,0.0017033374,0.020117115,-0.018357188,-0.00015899431,0.012228484,0.012565224,0.019190438,-0.002998696,-0.007216873,0.018205369,0.0017757704,-0.00015937757
12aHSDH%MBE7001463_1_SDR_family_oxidoreductase__Oscillospiraceae_bacterium_,0.03384348,-0.007785042,0.030903928,0.0019235961,0.04667265,0.0036409877,0.014601742,-0.056618858,0.03406361,0.0112507725,-0.010884286,-0.025838664,-0.036182776,0.00082224404,0.049517855,0.013748883,0.007133094,-0.03964471,0.03682699,-0.01702218,0.044651456,-0.0057241754,0.017599927,-0.011362756,-0.056880053,-0.079712935,-0.05916306,-0.02441335,0.0411019,-0.015539402,0.03502871,0.012985493,0.0065563065,0.0076412517,-0.00049579097,-0.007119009,-0.01721565,0.008853501
12aHSDH%MBP3571641_1_SDR_family_oxidoreductase__Clostridia_bacterium_,-0.034277182,-0.06429825,0.08435209,-0.05399822,0.060761828,0.018139081,0.017050426,-0.05849407,0.07705149,0.07854565,-0.046927337,-0.04848237,-0.057772808,-0.005664536,0.060032655,0.035172258,0.042614125,-0.06357029,0.042743817,-0.062423486,0.047724217,-0.0096259825,0.08269872,-0.076641135,0.05636046,0.00044495825,0.026218126,0.04541955,0.08280518,-0.07583226,0.029889466,-0.07717817,0.0389247,0.00838233,0.042773996,-0.050108608,-0.07948214,0.03051754
12aHSDH%MBR0327374_1_SDR_family_oxidoreductase__Clostridia_bacterium_,-0.08212958,-0.05502015,0.055691782,-0.06522621,0.042027917,-0.022838635,0.036379468,-0.019805377,0.042406265,0.019529771,-0.063828796,0.00815689,-0.01790373,0.058917824,0.032644786,0.03457622,0.041761994,-0.022329006,0.0196824,-0.032828886,-0.025358763,-0.06858351,0.027200254,-0.042432092,0.081517175,-0.008513215,-0.0054581533,0.06930854,0.0739639,-0.026736952,-0.012324658,-0.025290273,-0.0052691884,0.013113917,0.02879641,-0.049456023,-0.04959508,0.05209264
12aHSDH%MBR6823493_1_SDR_family_oxidoreductase__Bacillota_bacterium_,-0.03445872,0.019429324,-0.038325716,0.02894278,-0.016733965,0.024384305,-0.008495533,0.044202432,-0.05782081,-0.062128805,-0.0058093383,0.02090361,0.022971088,0.011714979,0.015951388,-0.0018634864,0.027534334,0.023962464,-0.015311578,0.0031670677,-0.026864199,-0.02770262,-0.009974953,0.011506601,-0.015900444,0.020363783,0.01912988,0.036835995,-0.019796817,0.019561445,-0.03128043,-0.014674486,-0.027648289,-0.009650915,-0.022878343,-0.004898045,0.036686867,0.0018680521
12aHSDH%WP_055231566_1_SDR_family_NAD(P)-dependent_oxidoreductase__Anaerostipes_hadrus_,-0.052226152,-0.058726493,0.022559844,-0.009480422,0.07144135,0.043320265,0.067665845,-0.005145352,0.0060374206,0.010514241,-0.018720433,-0.029717244,-0.043726478,-0.050949983,0.055478074,0.027297378,0.045159306,-0.033068832,0.019230999,-0.035388105,0.023937784,0.0061883316,0.003732262,-0.03179141,0.017101549,-0.0040572463,-0.0072923508,0.011000442,0.0550688,0.023362376,0.029722333,-0.031395484,0.0476742,-0.03831709,-0.027716689,-0.034723688,-0.042097326,-0.03149046
12aHSDH%WP_103229430_1_SDR_family_NAD(P)-dependent_oxidoreductase__Clostridium_sp__chh4-2_,0.022876762,-0.0052803187,0.041471142,-0.019688224,0.044711288,0.0012577756,0.0073956596,-0.016595498,0.015589634,-0.0038648236,-0.009678141,-0.039884027,-0.044635847,-0.0073709185,0.03579421,0.016269464,0.02773798,-0.05034057,0.042590976,0.0013535226,-0.032482356,0.016434383,0.015669383,-0.0020091275,0.011869994,-0.018241614,-0.0014763889,0.0156045975,0.01484141,-0.0035313088,-0.010869583,-0.0071184356,0.04003654,-0.021614468,0.078274384,0.024738805,0.0017546,0.024775997
12aHSDH%WP_130435990_1_SDR_family_NAD(P)-dependent_oxidoreductase__Cuneatibacter_caecimuris_,0.00883958,0.021204133,-0.015313054,0.03000027,-0.07531274,-0.05309291,-0.08479707,0.031849273,-0.049463607,-0.04709412,0.03091119,0.016874027,0.008477453,0.050186526,-0.08804031,-0.052783024,-0.08492944,0.012963168,-0.0074432744,0.040159672,-0.021532146,0.016939454,-0.043043733,0.04707748,0.022403235,0.09404342,0.08690592,0.04179564,-0.0822965,0.042085942,-0.012175655,0.008649527,-0.041204095,0.0042254548,0.0136344405,0.0088061355,0.03944821,0.017432103
12aHSDH%WP_160708750_1_SDR_family_NAD(P)-dependent_oxidoreductase__Enterorhabdus_sp__P55_,-0.0048436653,-0.025416154,0.036291644,-0.031057445,0.030073123,0.015728923,0.0060747373,-0.03696216,0.040388923,0.04793205,-0.03603913,-0.06374084,-0.040085293,-0.02228519,0.030700272,0.0067280107,0.005904811,-0.036736693,0.031651083,-0.05023655,0.06641158,-0.009379631,0.0059807105,-0.019400233,0.030292153,-0.018016981,0.005806519,0.0065206396,0.04494934,-0.02990111,0.0053706346,-0.009546786,0.03536642,-0.00021983961,0.030394739,-0.033135068,-0.045501933,-0.003451047
12aHSDH%WP_161844252_1_SDR_family_NAD(P)-dependent_oxidoreductase__Pseudoflavonifractor_sp__524-17_,0.041195318,0.016046427,-0.017662361,0.029318718,-0.026360301,-0.006848744,-0.003886084,-0.007773763,-0.042127162,-0.03745847,0.023029342,-0.0065976977,0.017316652,-0.018235158,-0.008031759,0.021227624,-0.030068943,0.03332439,0.040593486,0.03479053,-0.054629736,0.064346574,-0.0070886086,0.027180992,-0.034962147,-0.006386946,-0.026080174,-0.024788763,-0.004615063,0.0347548,-0.01659985,-0.014229444,-0.014275391,-0.008629384,0.030798262,0.054707266,0.029969804,0.034565344
12aHSDH%WP_418471294_1_SDR_family_NAD(P)-dependent_oxidoreductase__Eggerthella_sp__,-0.010014496,-0.036305267,0.07673101,-0.058482017,0.03132226,0.02294375,0.03129875,-0.051047992,0.07532637,0.09614581,-0.04116899,-0.042174164,0.0016074858,-0.018705165,0.028819367,0.03492428,0.043940187,-0.049985427,0.04761853,-0.039512776,-0.008770496,0.009915825,0.063216895,-0.0049994932,0.060811516,-0.043524407,-0.028445099,0.058883756,0.038662024,-0.099521525,0.040732227,-0.032575354,0.039752655,0.011512262,0.022754714,-0.044347186,-0.037148345,-0.012680051
12bHSDH%GENOME225741_180,-0.009911638,0.03991112,-0.039274298,-0.031390835,-0.04812971,0.047443897,0.0025668638,0.083042756,-0.03264874,-0.053391103,0.065889746,0.038495827,0.007588636,-0.017406171,-0.01663731,-0.023998488,-0.037851613,0.048381347,-0.045308962,0.07424107,-0.00328031,-0.037374936,-0.07216226,-0.01886895,-0.00191468,0.053905793,0.047299773,-0.05039651,-0.043674327,0.030393308,-0.057371277,0.009967578,-0.05115356,-0.020608738,-0.05015349,0.05764713,0.043595638,-0.042095076
3aHSDH%3aHSDH%HJB56827_1_3-oxoacyl-ACP_reductase_FabG__Candidatus_Flavonifractor_intestinipullorum_,0.06775305,0.056137934,-0.076841116,0.06165773,-0.089669086,0.03396383,-0.03654481,0.047098514,-0.06765186,-0.057039045,0.07282873,0.061517477,0.076368675,-0.0070640217,-0.055800233,-0.111863434,-0.07207308,0.06076033,-0.04359313,0.060241412,-0.06004841,-0.01120908,-0.05935744,0.0439096,-0.05239652,0.050030395,0.050481394,-0.03745926,-0.085302755,0.04954551,-0.03550099,0.10656831,-0.084152386,0.009106894,-0.029473491,0.0719353,0.048824206,-0.009184153
3aHSDH%3aHSDH%MBO5160353_1_3-oxoacyl-ACP_reductase_FabG__Lachnospiraceae_bacterium_,0.03267187,0.028008673,-0.021870576,0.010118462,-0.014236702,0.064798,0.015848242,0.06516171,-0.04300278,-0.033143096,0.0015751143,-0.021416146,-0.024660088,-0.041412544,-0.04995789,0.007643998,0.0242959,0.04427872,-0.025805378,0.0021397693,-0.02627195,0.011191409,-0.0141172325,0.033698257,-0.05784105,-0.03637293,-0.026842313,-0.031668402,0.010148614,0.0298462,-0.0023858591,0.015595753,-0.012492439,0.0007393261,-0.0014323182,0.018922234,0.006696276,0.006436982
3aHSDH%3aHSDH%MBQ7891058_1_3-oxoacyl-ACP_reductase_FabG__Erysipelotrichaceae_bacterium_,0.119000055,0.10359076,-0.09203668,0.054874863,-0.04661201,0.004539699,-0.049693394,0.050871767,-0.062546514,-0.057498626,0.13187312,0.0841319,0.09888749,-0.090978794,-0.045698646,-0.08411046,-0.10824852,0.102880076,-0.06716399,0.1335581,-0.10063371,-0.043007642,-0.04536634,0.106951825,-0.08015915,0.08131102,0.09564925,-0.06983628,-0.094178505,0.047327343,-0.069396,0.019462712,-0.09675592,0.008598417,-0.07422688,0.10983366,0.12956446,-0.02557237
3aHSDH%3aHSDH%MBR6526164_1_3-oxoacyl-ACP_reductase_FabG__Clostridia_bacterium_,-0.025977746,-0.028077744,0.027043732,-0.020699559,0.01997362,0.0060058124,0.05731161,-0.013987945,0.018209679,0.024382874,-0.031531904,-0.05687272,-0.07401618,0.0017885474,0.018974584,0.027915787,0.027407655,0.0060366066,0.05062591,-0.011722016,0.009000113,-0.0024829311,0.013643255,0.016307296,-0.023609672,-0.013852695,0.0037609118,0.004971162,0.034819428,-0.03128402,0.010011121,0.00062342576,0.021027034,-0.002424114,0.014320228,-0.03965529,-0.02210084,0.015761632
3aHSDH%3aHSDH%MCI8514525_1_3-oxoacyl-ACP_reductase_FabG__Lachnospiraceae_bacterium_,-0.019013153,0.015606087,-0.040338174,0.030643445,0.015140814,0.04243536,0.005452067,0.07057041,-0.030816503,-0.05218119,-0.0013625956,0.019606562,0.049015917,-0.07827112,0.010839895,-0.012160751,0.0014287574,0.052621435,-0.03342228,0.014669116,-0.033164687,0.009049851,-0.011188929,0.0064866785,-0.0074162926,0.0024224555,0.012658786,0.014729818,-0.024615174,0.037768558,-0.015763383,0.024387632,-0.006504991,-0.045971837,-0.057427134,-0.006690432,0.016458334,-0.056357674
3aHSDH%3aHSDH%MCM1345206_1_3-oxoacyl-ACP_reductase_FabG__Muribaculaceae_bacterium_,-0.056916326,-0.0032951054,-0.06250581,0.008183083,-0.07109735,0.0145295095,0.002503572,0.051083975,-0.03784771,-0.007858661,-0.02063202,0.019426335,0.009410816,0.039223097,-0.028069964,-0.021887071,-0.0067307157,0.01995212,-0.02182739,-0.022526613,0.0329033,-0.051526066,-0.052452847,-0.04433817,0.07543708,0.07639912,0.054846786,0.0914624,-0.03691305,0.030953307,0.02006474,0.0045769094,-0.045974497,-0.056278486,-0.059921212,-0.069330715,-0.024420857,-0.06662841
3aHSDH%3aHSDH%WP_062304377_1_SDR_family_NAD(P)-dependent_oxidoreductase__Sellimonas_intestinalis_,0.009660249,0.0010564815,-0.026021745,0.020933924,-0.010337688,0.010886555,-0.0012817634,-0.048807923,-0.008975616,-0.023421504,-0.012464022,-0.029323116,-0.0023418544,-0.02104578,0.012872518,-0.058692154,0.007401155,-0.038925223,0.0086339405,-0.0073722857,0.038388226,0.016582284,-0.004067803,0.03458524,-0.055690337,-0.011962211,0.029958265,-0.015122771,-0.020923179,-0.010482962,0.03035715,-0.001755646,0.0067355633,0.02342358,0.00880938,0.010044827,0.018229669,0.040091254
3aHSDH%3aHSDH%WP_117582908_1_MULTISPECIES__SDR_family_NAD(P)-dependent_oxidoreductase__unclassified_Collinsella_,0.0024801735,0.014020044,0.025379036,-0.07901123,0.02992486,0.053273775,0.058223806,0.0025394538,0.01844297,-0.026978541,-0.01208996,-0.002810112,-0.032080404,-0.027368171,0.04940314,0.03859104,0.029839914,0.020355241,0.03665627,0.014085587,-0.027082887,0.009166994,-0.019284377,-0.02487452,-0.017132612,-0.033639744,-0.0015445295,-0.021574533,0.011721072,-0.008709142,0.017415637,0.0051025725,0.023085572,-0.006462778,0.009105686,0.020867636,0.006842944,-0.0050756354
3aHSDH%3aHSDH%WP_226969791_1_SDR_family_oxidoreductase___Ruminococcus__lactaris_,-0.09496572,-0.037003312,0.027852168,-0.060456347,0.042895697,0.028849151,0.07550076,-0.06129646,0.008489698,-0.004631859,-0.063397504,-0.056564525,-0.07620765,0.03131768,0.018969325,0.03604282,0.0391363,-0.03900318,0.023901802,-0.04744767,0.07210133,-0.03424661,-0.0017751562,-0.027834484,0.07885669,0.026757604,0.0028325354,0.09251768,0.05234145,-0.016120318,0.032028995,-0.078182004,0.044766154,-0.03595137,0.023884086,-0.08130024,-0.05211112,-0.005662049
3aHSDH%GENOME060426_131,0.040392853,0.04339136,-0.06766584,0.04841377,-0.003051822,-0.028220592,0.0058404733,0.042940054,-0.039999705,-0.039748717,0.04404589,-0.026585624,0.031739708,-0.09572803,-0.017045297,-0.022818351,-0.036932398,0.058236256,-0.040055677,0.046274018,-0.021140624,-0.020873537,-0.0017321014,0.03006994,-0.057792045,0.058077738,0.07011809,-0.023111768,-0.02255839,0.018063921,-0.04427962,-0.00035092115,-0.018069932,0.003556471,-0.022954905,0.05170847,0.05563198,-0.020663345
3aHSDH%GENOME084620_3418,-0.029499745,-0.021338614,0.029533656,0.0127009265,0.0056795124,-0.033289712,-0.007409139,0.020940153,0.04146357,0.015922694,-0.023787705,-0.02883402,-0.022841956,-0.021234369,-0.0056887437,0.011388786,0.004667023,0.0169222,0.025548933,-0.015509061,0.023219898,0.0029115397,-0.010001513,0.028804643,-0.04372438,-0.062166322,-0.06199547,-0.02067382,0.024341311,0.017586898,0.036580417,0.003196429,0.019190483,0.012911148,0.018351587,-0.01948732,-0.021200204,0.015933055
3aHSDH%GENOME084674_3322,0.021449337,0.025940793,-0.012993821,-0.0079686735,-0.014928785,0.023497056,0.005856774,0.028833857,-0.026050432,-0.030587219,0.029813468,0.0035138382,-0.029070351,-0.030597324,-0.009207989,-0.020318704,-0.03867047,0.031144867,-0.02017491,0.041207984,-0.008940199,-0.012961808,-0.05589391,-0.02537517,-0.058890656,0.016035773,0.012950006,-0.056153983,-0.020932179,0.036369283,0.0038129934,0.025783388,-0.029088555,0.01512972,0.008220973,0.020511225,0.01725126,0.010527722
3aHSDH%MBQ9141038_1_SDR_family_oxidoreductase__Lachnospiraceae_bacterium_,-0.013687151,0.0068472014,-0.027324466,0.024709465,-0.029988432,-0.004245545,-0.022115497,0.029660977,0.016985554,0.016003055,0.028721033,0.07658592,0.04335668,0.018145362,-0.014478025,-0.038901214,-0.0046509816,0.021378059,-0.036864847,0.012100333,-0.03877209,-0.015545306,-0.035409,0.0011210382,0.054080676,0.073171705,0.053385835,-0.028564045,-0.06518738,0.013936598,0.009674228,0.0351447,-0.032739732,-0.01805604,-0.026655348,-0.0007514599,-0.007662839,-0.04181839
3aHSDH%MCI7742844_1_SDR_family_oxidoreductase__Clostridiales_bacterium_,-0.04685911,-0.013703066,-0.020318706,-0.002319493,-0.006626575,0.002923367,0.019690422,-0.0014854519,-0.01375025,-0.018885538,-0.018998511,-0.017097898,-0.020160725,0.004660916,-0.02337702,0.017221645,0.0073020263,0.0070500965,0.028205141,-0.0092135705,0.060355626,-0.023724746,-0.024201808,-0.02991523,-0.022730254,0.004390681,0.017553922,-0.03647566,0.0033832989,-0.005937574,-0.01806648,0.020542154,0.019915463,-0.0015193095,-0.011261715,-0.010826827,0.008381376,-0.022262601
3aHSDH%MCI8931631_1_SDR_family_oxidoreductase__Lachnospiraceae_bacterium_,0.072354525,0.052551083,0.0026802695,-0.01658697,0.026883466,0.09411655,0.002353649,-0.020977966,-0.04719716,-0.027090274,0.06610958,0.020796297,0.021513503,-0.08676417,0.03183844,-0.032101005,-0.037954386,-0.04096287,-0.01396422,0.05917483,-0.08417886,0.030410137,0.019087724,-0.003873206,-0.002955987,0.04831355,0.06035296,0.003118954,-0.009200435,0.01152002,-0.025802767,0.006272146,-0.009146943,-0.018763296,-0.027418885,0.065225355,0.052788343,-0.01474725
3aHSDH%MCM1266841_1_3-oxoacyl-ACP_reductase_FabG__Bacteroidales_bacterium_,0.053113338,-0.006465577,0.0043183533,-0.010176574,0.031755377,0.041191407,0.060033735,-0.014182249,0.011260908,-0.007842078,-0.006819786,0.026547112,-0.01257504,-0.020581875,0.013054797,0.01926957,0.010041581,0.0060832705,-0.015652105,0.0028606334,-0.025977442,0.045752574,0.026155092,0.010715307,0.018267903,-0.009267215,-0.01365307,-0.029228244,0.0014588407,-0.036545005,-0.021816557,0.013223781,0.019131498,0.0076447683,-3.7504733e-06,0.02012538,0.014270246,-0.016375551
3aHSDH%MCR4878926_1_SDR_family_NAD(P)-dependent_oxidoreductase__Bacteroidales_bacterium_,-0.087301895,-0.012767864,-0.0065483246,0.0018645166,-0.022182956,0.029263508,-0.017632896,0.05912007,-0.04083209,-0.036484487,-0.043478087,0.04112267,0.05168252,0.0647615,-0.007872049,0.005251274,-0.015540298,0.01708504,-0.011860733,-0.0019045537,-0.009015236,-0.054261554,0.04763134,0.038633328,0.0924156,0.049927335,0.08186927,0.13837877,-0.037905,8.1077174e-05,-0.03777895,-0.104118645,-0.01052931,0.00034428478,-0.04453892,-0.031168187,-0.0041702897,0.005869535
3aHSDH%MDE7008868_1_3-oxoacyl-ACP_reductase_FabG__Lachnospiraceae_bacterium_,-0.0040083798,-0.01828498,0.034375962,-0.0013389746,-0.021651633,0.024929378,0.026648456,0.008720025,-0.0039662756,-0.023382178,-0.062643945,0.021772902,0.016840333,0.03441021,-0.033212535,0.041250754,-0.0076630716,0.00059975596,0.046681527,-0.029954126,-0.00033341837,-0.0014803694,-0.009184298,0.023756666,0.07881161,0.017965162,0.0077369954,0.068996765,-0.008809363,-0.01674875,-0.01040239,-0.06023516,-0.022401845,-0.042239398,0.014536519,-0.037840854,-0.022096671,-0.0064383144
3aHSDH%MDE7282987_1_SDR_family_oxidoreductase__Lachnospiraceae_bacterium_,0.007452081,0.026876781,-0.0023463098,-0.032311864,-0.029858122,-0.025951214,-0.033235587,0.010568894,0.026096338,0.004265346,0.051633712,0.07869001,0.015461756,0.03658178,-0.031215215,-0.04855187,-0.04221465,-0.0019363419,-0.06900041,0.05004053,-0.01699989,-0.06159418,-0.014665873,-0.028018894,0.058455076,0.09009933,0.06156482,0.0039052493,-0.060622163,-0.0057411296,-0.045057468,-0.029717248,-0.05210482,0.016448425,-0.00846736,0.037345305,0.04796445,0.0037174309
3aHSDH%MDE7415347_1_SDR_family_oxidoreductase__Lachnospiraceae_bacterium_,0.000584658,0.08399187,-0.0840559,0.06470783,-0.045823917,-0.017528038,-0.023410127,0.07011274,-0.10253001,-0.10926475,0.05097519,0.0169203,0.07158104,-0.09423784,-0.067705244,-0.10573405,0.0009797752,0.03626035,-0.061270572,0.0772916,-0.0036553552,-0.035755865,-0.0487705,0.07512495,-0.08999652,0.05506739,0.08176978,-0.053499814,-0.060495347,0.041294727,0.031400364,0.021410363,-0.0499372,-0.051692482,-0.054362465,0.036136266,0.064377345,-0.0362223
3aHSDH%NBI02399_1_3-oxoacyl-ACP_reductase_FabG__Lachnospiraceae_bacterium_,0.02672173,-0.05661883,0.05201411,-0.021233652,0.03866798,-0.0096224565,-0.013913087,-0.045478906,0.059395555,0.04493351,-0.02201988,-0.026356064,-0.027423305,0.032270588,0.04073198,0.021898832,0.02414345,-0.050658513,0.02403019,-0.04531251,-0.024582636,0.024183566,0.010098137,-0.024703398,0.036504928,-0.03484062,-0.03239918,0.040621415,0.036359884,-0.022676554,0.005584808,0.022847578,0.05152616,0.05338211,0.051026244,-0.009478358,-0.035600618,0.03130756
3aHSDH%WP_044950032_1_SDR_family_NAD(P)-dependent_oxidoreductase__Mediterraneibacter_gnavus_,-0.058338817,-0.1250871,0.12562911,-0.050625086,0.089094184,-0.05574015,0.010439102,-0.08705596,0.12794021,0.116447836,-0.10307939,-0.075840816,-0.07264395,0.07916959,0.047392573,0.07844207,0.020402338,-0.119648725,0.08190582,-0.1303554,0.06107414,0.057297297,0.038998764,-0.08880897,0.0860923,-0.04485002,-0.081027,0.085942596,0.08370137,-0.076022,0.058451384,-0.027865045,0.13011645,0.043151606,0.08113172,-0.06851816,-0.13420695,0.07089352
3aHSDH%WP_104968339_1_3-oxoacyl-ACP_reductase__Streptococcus_pluranimalium_,-0.043589365,-0.047391687,0.0073963036,0.019367944,0.033228446,0.06867245,0.034293715,-0.03315181,-0.0023444188,0.013302504,-0.02039328,0.0015967266,-0.010046539,0.008130153,0.028624203,0.046202913,0.028152222,-0.0050748717,0.03348577,-0.045098737,-0.048689462,0.048485108,0.055953264,0.007055434,0.01557546,-0.021027189,-0.032818817,0.019468177,0.012102575,0.0022633844,0.049986053,0.02324567,0.028972752,-0.023306696,-0.010453905,-0.016088294,-0.051153213,-0.02025736
3aHSDH%WP_109137584_1_SDR_family_oxidoreductase__Bifidobacterium_catulorum_,0.013174995,0.029263956,-0.0036918405,0.01968185,0.014337169,-0.022771059,-0.030405782,-0.020244036,0.0006381481,-0.010907897,0.019608201,0.057155415,0.0063685076,0.027173588,-0.0063108723,-0.037714712,-0.023186311,-0.0033568859,-0.054216232,0.025904495,0.04193793,-0.04072795,-0.0477938,-0.0022825904,0.034453273,0.05160848,0.0064828848,-0.014375857,-0.009755195,0.0077757956,-0.05210245,-0.013785772,-0.057763945,0.0109553905,0.031148952,0.012848457,0.013057942,0.004573073
3aHSDH%WP_117562420_1_SDR_family_NAD(P)-dependent_oxidoreductase__Enterocloster_aldenensis_,-0.048529364,-0.049028143,0.040111914,-0.00524533,0.03903306,-0.06705167,0.035644624,-0.046455827,0.012695808,0.0013327145,-0.06639614,-0.06380286,-0.027892783,0.0032950833,0.030665288,0.03224731,0.024124026,-0.026650148,0.044573803,-0.054997336,0.06462568,0.028417632,-0.011851835,-0.016167158,0.011121807,-0.043786917,-0.015527888,0.03881805,0.030839613,-0.046484362,0.03915399,-0.055683848,0.06025647,-0.017004497,0.033309966,-0.051356968,-0.029766072,0.015866732
3aHSDH%WP_377204125_1_MULTISPECIES__SDR_family_oxidoreductase__unclassified_Pseudarthrobacter_,-0.028228765,-0.039523944,0.0045049665,-0.021035073,0.01681664,-0.022941496,0.040667176,-0.016892312,0.0075582387,0.0057186796,-0.03293407,-0.030328238,-0.021136934,0.051625423,0.022981735,0.028425531,0.036111847,0.00043020345,0.0042748856,-0.030868292,0.0044429232,0.018301593,-0.0115829585,-0.018195355,0.035284325,-0.032022174,-0.037332743,0.038270075,-0.004879025,-0.040503383,0.053191185,0.0018299562,0.008053613,-0.008127963,0.0023451631,-0.03154752,-0.015324227,-0.002119392
3aHSDH%WP_427737837_1_SDR_family_NAD(P)-dependent_oxidoreductase__Bariatricus_sp__SGI_154_,0.054246556,-0.0023464584,0.024889266,-0.012251713,0.0077906717,0.0019700883,0.031243382,-0.0103755025,0.007468766,-0.0030468844,0.0017314937,0.020659849,-0.01272468,0.00018622667,-0.0011574476,0.026503151,0.015209926,-0.020077597,0.030082224,0.008976173,-0.04327737,-0.007352712,-0.030916113,0.0017844683,0.018045403,0.015778184,-0.029230861,0.018637164,-0.018988233,-0.00032334786,-0.02711032,0.004006781,-0.019804616,0.027915237,0.012913205,0.02454296,0.021669462,0.037633408
3bHSDH%GENOME124823_1686,0.0543765,0.0064010904,0.02042098,-0.009210871,-0.021443382,-0.02509203,-0.031115582,-0.016619485,0.0223295,0.062398534,0.009421596,-0.01573372,-0.019601183,0.011618782,3.8957074e-05,-0.05229253,-0.0035853344,-0.039560366,-0.016859941,0.0049277507,0.041077513,-0.041447826,-0.028303808,-0.039841965,-0.009844918,-0.0400499,-0.045823403,-0.023460692,-0.012440558,0.019586349,0.015891464,0.0044001956,-0.028112939,0.056077417,0.007616314,0.006330679,-0.003198809,0.06830799
3bHSDH%MBS6646402_1_glucose_1-dehydrogenase__Clostridiaceae_bacterium_,0.009775934,-0.06677096,0.062277295,0.0056598363,0.043041673,-0.07359613,0.016237224,-0.026366344,0.049817976,0.03344231,-0.04480839,-0.03222717,-0.03931177,0.011461891,-0.011477875,0.06195659,0.0046953727,-0.053577207,0.064076446,-0.06895834,0.0045682285,0.062225092,0.015393045,-0.028634794,0.041900188,-0.0345873,-0.022537634,0.045932688,0.031966817,-0.03756621,0.014415298,0.010364154,0.07020326,0.01271106,0.051683497,-0.008594065,-0.03208403,0.019391445
3bHSDH%WP_100933575_1_SDR_family_NAD(P)-dependent_oxidoreductase___Clostridium__innocuum_,0.04117404,-0.078072935,0.1413727,-0.099931754,0.105487846,-0.01720875,0.062015947,-0.103551045,0.10158611,0.08836735,-0.084672205,-0.14644724,-0.098306544,0.018232826,0.103548124,0.08765424,0.048584584,-0.1197218,0.08653103,-0.1015253,0.023937726,0.10416391,0.10930784,-0.051684093,0.055883735,-0.0789573,-0.07136318,0.06707493,0.0689928,-0.09724058,0.045521956,-0.045721747,0.11500713,0.066771045,0.114438266,-0.029648282,-0.108587645,0.0948413
5AR%GENOME012336_2253,0.041165408,0.0550972,-0.032527506,0.022617707,-0.037918657,-0.01616693,-0.021870876,0.042305723,-0.053454056,-0.017277384,0.014911449,0.020816507,0.057642154,-0.0052620145,-0.017549427,-0.04921864,-0.07377919,0.03286801,0.001915456,0.046734896,-0.047402844,-0.016301934,-0.012476635,0.059277635,-0.07006382,-0.012919179,-0.031661358,-0.04061098,-0.019930974,0.04284123,-0.005875254,0.012698073,-0.032475017,0.058278073,-0.009804429,0.05319874,0.04981557,0.031348635
5AR%GENOME013886_753,-0.035717905,-0.0013180097,-0.01805688,0.037633616,-0.019654186,0.024490954,-0.014763288,0.0076612923,-0.012411725,-0.0027385624,0.0011515606,0.03531096,0.039638042,0.020419493,-0.022690518,-0.008909554,0.00012837656,0.022734035,-0.024458246,0.0038894347,0.019724365,-0.039674763,-0.047393598,-0.012540843,-0.011528659,0.009407144,0.007814106,-0.032522097,-0.012452347,0.03461832,0.0011151708,-0.0064697647,-0.022579899,-0.02181176,0.0026020058,-0.010139119,0.003192941,0.0010240824
5AR%GENOME021742_2120,0.044046808,0.01850218,-0.0024793565,-0.027183738,0.015668236,0.01800211,-0.020494327,-0.02622927,0.021499325,0.025851613,0.022659104,0.009496403,-0.0005777125,-0.041224122,0.020768926,-0.020011483,0.0066322917,-0.008759216,-0.021307869,0.021561466,-0.000117983,-0.015221199,0.01852138,-0.0033231147,0.03886738,0.009959935,0.00017678886,-0.011410222,0.010097322,-0.022979043,-0.030838227,-0.032909025,-0.0033869112,0.023383193,-0.011810689,0.028739424,0.028969401,0.0007470127
5AR%GENOME078645_81,0.00047761743,-0.01473924,0.03137806,-0.027530612,0.0061321096,-0.02806715,-0.03615489,-0.02038752,0.027738867,0.018714927,-0.022909565,-0.0023715135,-0.001172921,0.004648654,0.0013321913,0.02484917,0.07009171,-0.03233665,-0.0017493917,-0.019194366,0.026422814,0.0037048392,0.037079792,-0.0071102823,0.015138899,-0.020931097,-0.019287856,0.027032025,0.017569724,-0.047666673,0.0187396,-0.043799926,0.029255945,0.03135743,-0.003424266,-0.0048531895,0.011246626,0.0265635
5AR%GENOME084343_2181,-0.03308125,-0.037836436,0.028137794,-0.016851334,-0.0041260603,-0.006173483,-0.026083972,0.02073802,0.041034713,0.029282112,-0.042529427,-0.029071994,-0.06506149,0.024767715,0.031744536,0.018080138,0.069584794,-0.019180503,0.0030502807,-0.02701527,0.036034595,-0.011871006,-0.00672839,0.0032688372,0.0020547735,-0.06154478,-0.056269612,0.028566994,0.019120917,-0.032971967,0.0077395146,-0.03748626,0.042178754,0.03512059,0.028790966,-0.015532101,-0.030576501,0.047081534
5AR%GENOME086572_2986,0.018524706,-0.018967643,-0.005332489,0.028505472,-0.0020544087,-0.025722556,-0.014380092,-0.0089028,0.017359113,0.00011958048,0.0032372025,0.016100293,0.012510792,-0.00050391647,-0.004675954,-0.008658092,-0.010413156,0.008607155,0.021992156,0.0055830698,0.011855844,0.032137785,0.006731263,0.004857763,-0.013614369,-0.004382842,0.019957054,-0.0265307,-0.018563379,-0.020776533,-0.015489236,0.047233712,0.0126772225,-0.008958129,-0.0003564799,-0.0042435257,-0.014381107,-0.015849348
5AR%GENOME107567_81,0.010097008,0.0005450359,0.0020530673,-0.027983196,0.015965592,0.035653025,0.02685379,-0.0480013,-0.008965069,-0.021697598,0.0036928444,0.015855953,-0.018199869,-0.00012865962,0.028157815,0.0024048695,0.03498203,-0.012697961,-0.037176706,-0.008946367,0.008802559,0.0041171787,-0.015147159,0.0016352496,0.016470512,0.013842133,0.027455544,0.015833594,0.011347004,0.008794687,-0.039435197,-0.0076180864,-0.02392051,0.0005455561,-0.0056363647,0.006125455,-0.0022505445,0.010550014
5AR%GENOME140582_2251,-0.0030241555,-0.030841935,0.05283237,-0.07084616,0.014744907,0.05591934,0.008007499,-0.020160392,0.070735365,0.05284151,-0.038887944,-0.03102262,-0.057868723,0.041576046,-0.011931066,-0.012660461,0.09289388,-0.051103078,0.0006718923,-0.03177205,0.026509112,0.019175421,-0.006599622,0.018925501,-0.021964524,-0.0668924,-0.041804023,-0.014108297,0.023129024,-0.037541427,0.041777607,-0.023931958,0.03612236,0.050397463,0.054584883,-0.0045412653,-0.034460813,0.043140225
5AR%GENOME142018_414,-0.011060272,-0.004828161,-0.040506072,0.027959418,-0.036797512,-0.046455737,-0.035765007,0.0035846073,-0.049577862,-0.04327577,0.028692205,0.03874056,0.02181016,0.013273223,-0.05682853,-0.052876383,0.0156878,0.012133697,-0.0391813,0.020164778,0.023861298,-0.04638995,-0.08540502,0.026483173,-0.03653077,0.05354267,0.052602563,-0.0022424874,-0.01717919,0.049307093,-0.050489906,0.009625885,-0.02367304,0.019179694,-0.025515068,0.022508955,0.032396346,0.016221518
5AR%GENOME170052_106,0.029418139,0.05670437,-0.09147356,0.05393724,-0.0613966,0.018849643,-0.08175526,0.07078962,-0.08212634,-0.05274439,0.059836473,0.039534435,0.058532067,-0.015947606,-0.051701803,-0.05490755,-0.0067765294,0.035415635,-0.040366694,0.07926118,-0.020058447,-0.020830752,-0.020583868,0.050587524,-0.056602865,0.020251352,0.021929346,-0.029481282,-0.05488755,0.04527454,-0.021243231,0.040274333,-0.051579252,-0.007199058,-0.066086195,0.069918096,0.07215038,-0.031994432
5AR%GENOME179594_130,0.0024130598,-0.033938866,-0.008688483,0.0038839837,0.046842165,0.052692667,0.06427119,0.019636722,0.031685974,0.017054778,-0.03493857,-0.0081391325,-0.042128738,-0.018017469,0.028557358,0.04366789,-0.011484321,0.006006945,0.024428675,-0.028527608,-0.021960411,0.052540604,0.019665357,-0.015292347,0.04162501,0.03719525,0.013151787,0.011512904,0.0036245703,-0.03246913,0.028971434,0.03697507,0.022995364,-0.044974193,-0.023493778,-0.0697338,-0.036852885,-0.08189383
5AR%GENOME179896_434,-0.09974605,-0.040007826,-0.009405506,0.02768963,0.03580931,0.06551983,0.038200114,0.057371214,-0.03183257,-0.015162959,-0.055437196,-0.016472999,-0.026724512,-0.0029806802,0.031690013,0.013900139,0.044850968,0.0064901863,0.050291892,-0.048006598,-0.012484949,0.050939526,0.028424306,0.03807384,0.030846672,0.014958513,0.0037358422,0.005919786,0.05196583,0.02926976,0.012275056,-0.004695908,0.045652658,-0.08899786,0.0009442541,-0.061204787,-0.05177149,-0.057939593
5AR%MBD5276024_1_DUF1295_domain-containing_protein__Bacteroides_sp__,0.015643382,-0.015069688,-0.0041914075,0.012959545,0.045985445,0.027026756,0.045757614,-0.008836013,0.009376412,0.02448833,0.01076408,0.019583048,-0.009055715,-0.0020155164,0.078869045,0.006429175,0.0139380405,-0.029728808,0.0077943276,-0.0030245108,-0.07804249,-0.0011006963,0.028758354,-0.014890206,0.02537012,0.0020418025,-0.03860741,0.01305343,0.04457779,-0.028146248,0.022750285,0.011407032,0.041096505,-0.039968625,-0.039312102,-0.00942935,-0.013233141,-0.04240176
5AR%MBP3601379_1_DUF1295_domain-containing_protein__Alistipes_sp__,0.042720057,0.02669281,-0.005931264,0.01236464,0.007114217,0.005797771,-0.034793828,-0.030272387,0.0076407893,-0.0042091617,0.03293912,0.0051814886,0.012239858,-0.013793264,0.002306079,-0.003793512,-0.02971623,0.018186716,-0.025754731,0.030247424,-0.03870446,0.014733296,0.028912073,0.023389317,-0.026783094,-0.007032022,-0.0004572113,-0.03698434,-0.025960155,-0.006767269,-0.009210195,0.0043323482,-0.00033189266,0.033894937,0.00036721388,0.036662295,0.03007198,0.018376203
5AR%MBQ1253485_1_DUF1295_domain-containing_protein__Alistipes_sp__,0.07365927,0.051021706,-0.04911736,-0.012425878,0.042661395,0.06579001,0.009728196,0.043762635,-0.045402776,-0.020293588,0.07898563,0.031026838,0.02914008,-0.020262117,0.048207045,-0.031547926,-0.018417066,0.0123274755,-0.07228855,0.058070865,-0.09270432,0.0033616167,0.00025970212,0.004167132,-0.02398043,0.00369344,0.0037598836,-0.04074254,-0.04153122,0.0031988742,-0.008392252,0.05408752,-0.06603877,0.023486955,-0.04704007,0.058671404,0.046131987,-0.04497217
5AR%MBR4740186_1_DUF1295_domain-containing_protein__Bacteroidales_bacterium_,-0.03885746,-0.002466466,-0.0033372096,0.0056742216,0.04078254,0.042369355,0.018440792,-0.024675503,0.0024922313,-0.0013595787,-0.0018953457,0.02391593,0.06276242,0.0038101533,0.014880011,0.007296657,0.017533,-0.002290143,-0.011357517,0.008023564,-0.026197623,-0.0129490495,0.031040702,0.016280204,0.00916673,-0.037653558,-0.010153818,0.0006303194,0.009475275,0.014220213,0.03881742,-0.0667808,-0.0013283087,-0.039919484,0.00965212,-0.021621885,0.014982882,0.016220555
5AR%MCH5217706_1_DUF1295_domain-containing_protein__Muribaculaceae_bacterium_,0.007866239,0.0042785597,0.019015156,-0.013089049,0.011798825,0.010474862,-0.028408596,-0.012093012,0.028371464,0.0409511,-0.008669167,0.02102123,0.009645722,0.07085043,-0.0031225202,-0.016319387,-0.012177225,-0.01845507,-0.032570872,0.0099289445,-0.054987554,-0.023707466,-0.010448256,-0.03649339,0.055909622,0.020757804,-0.0006974962,0.03217345,0.026307277,0.027693963,-0.024683645,-0.02172322,-0.014804157,0.025600988,0.008383539,0.013810562,0.013238787,0.023987668
5AR%MCQ2341803_1_DUF1295_domain-containing_protein__Paludibacteraceae_bacterium_,0.034003194,0.03256439,-0.0070663523,0.0032767795,-0.006737969,0.022655964,-0.12916595,0.0048023537,0.0028147525,0.017586794,0.0037568149,-0.011901954,-0.01972673,0.026934452,0.0063625057,-0.00024617033,-0.028615152,-0.034320384,-0.001966417,0.004806137,-0.016052095,-0.005832257,0.031267624,-0.003994076,0.013764242,0.029391918,0.05316515,0.06095333,0.0047483575,-0.011805367,-0.0040203724,-0.0040686484,0.01949247,0.049197797,-0.035228953,-0.0017023702,0.011211803,0.0035396782
5AR%MCR5660240_1_DUF1295_domain-containing_protein__Bacteroidales_bacterium_,0.007818098,0.022508768,-0.02604661,0.0077144466,-0.024398504,-0.030690525,-0.029494476,0.03915732,-0.025023067,-0.0018269074,0.030351795,0.015701592,-0.008219153,-0.032580655,-0.029774358,-0.025529128,-0.015373335,0.033126213,-0.038812824,0.036032323,0.024488742,-0.041346777,-0.049486123,0.00020421024,-0.022771569,0.023924548,0.027995894,-0.02024056,-0.020490376,0.026452132,-0.025221055,0.03147079,-0.03265464,0.025247836,-0.010991025,0.030502345,0.029986203,-0.010026647
5AR%WP_149192684_1_MULTISPECIES__DUF1295_domain-containing_protein__Bacteroidaceae_,-0.039552305,-0.0020898525,-0.026793983,0.034292422,-0.06418111,0.0085122995,-0.03249277,0.0141131235,-0.054487433,-0.024367208,0.008312878,-0.014648195,0.045347508,0.048008267,-0.032598943,-0.020866496,-0.046351478,-0.012036177,0.019345323,0.009261776,-0.045967516,-0.0020250676,-0.025578735,-0.0026770951,0.010367196,0.03393741,0.041166082,0.038335726,-0.025219064,0.057334524,0.038413268,0.015277113,-0.021973323,-0.0067162914,-0.015861802,-0.0024804017,0.009332704,0.0025374272
5AR%WP_300108487_1_DUF1295_domain-containing_protein__uncultured_Alistipes_sp__,-0.037854496,-0.028770262,0.013357643,0.004589768,0.0014296765,-0.030943846,-0.01953596,-0.013997633,0.01590416,0.02630927,-0.0114368545,0.016563645,-0.0042005614,0.039715387,0.017835189,0.004708332,0.07648935,-0.045974713,0.026342614,-0.019706728,0.041055378,-0.00026334162,0.044410363,-0.03000054,0.061379984,-0.014289405,-0.04403004,0.007338267,0.00363785,-0.04279811,0.0052547823,-0.047998715,0.032141402,-0.01606653,-0.030434191,-0.025347553,-0.026945097,-0.01575286
5AR%WP_302729833_1_DUF1295_domain-containing_protein__Bacteroides_sp__ET489_,0.040268257,0.06796639,-0.05878576,0.010946428,-0.031166006,0.030135725,-0.0260571,0.027041197,-0.05836138,-0.06304299,0.08498338,0.06800295,0.027553627,-0.025454922,-0.029094499,-0.053778272,-0.020462234,0.052055117,-0.07584715,0.07329485,-0.04737431,-0.091292314,-0.09247789,-0.0022366033,-0.04991419,0.09753847,0.09124624,-0.012940939,-0.03699711,0.0939646,-0.10587481,0.021977402,-0.09930826,0.012351163,-0.037325498,0.05352075,0.07318417,-0.021944694
5AR%WP_346709278_1_DUF1295_domain-containing_protein__Phocaeicola_salanitronis_,0.0006774351,-0.02145981,0.018857053,-0.029430097,0.020289429,0.009511041,0.023904538,0.0017343935,0.022094771,0.019774146,-0.023546765,-0.010227615,-0.027985975,-0.008939495,0.010766476,0.050439432,0.017808704,-0.0064297514,0.011710133,-0.015344483,-0.002287407,0.010711883,-0.0057524466,-0.006512429,0.00023557193,-0.024422264,-0.034578167,-0.00868359,0.03391447,-0.0102644935,-0.00015522129,-0.006666694,0.014385482,-0.027497048,0.022484398,-0.01586884,-0.013842792,-0.0010763026
5AR%WP_418203978_1_DUF1295_domain-containing_protein__Bacteroides_sp__,-0.02976921,0.00092314533,-0.0062989253,-0.01119016,-0.018611522,-0.029701618,-0.0018946775,0.0026661255,0.0005840815,-0.0055061784,-0.025812542,-0.03999161,-0.024077589,0.026542662,-0.022079026,0.018409446,-0.017412513,0.0014304938,0.027049005,-0.016098935,0.020682678,0.027130742,0.01312885,0.020204669,-0.01145859,0.0142073585,-0.021287568,0.027512593,-0.0024623065,-0.02080339,0.0058246534,0.011272528,0.03968996,0.011822438,0.054615498,-0.027926374,-0.017854564,0.025106378
5BR%CAK7070565_1_MAG__NADPH_dehydrogenase__Parabacteroides_sp__,-0.0055102133,0.025831519,-0.0066543003,-0.008810013,0.023872977,0.029575,0.045297213,0.018083123,-0.031216675,-0.025549192,0.0054943655,0.011221338,-0.011143349,-0.0158854,-0.014124525,-0.010308162,-0.0069357227,0.03156112,-0.02303096,0.026436875,-0.028137835,-0.04093094,-0.030610003,-0.008526388,-0.022668432,0.0052988357,-0.014649629,0.013792954,-0.011046015,0.008531702,-0.020068623,0.0074654734,-0.038218945,0.044522915,-0.016160036,0.022899473,0.048594035,0.019955285
5BR%GENOME006024_4796,0.01884955,-0.0029118583,0.0103846975,0.004236334,-0.0356351,-0.0041046557,0.0045369724,-0.011998381,0.03378133,0.011053127,-0.025055476,-0.009882505,-0.032901883,-0.020030845,-0.033465873,0.017339604,0.055098854,0.015631227,-0.022223376,-0.020068834,0.047383346,-0.040259767,-0.0360587,-0.057412557,0.04342701,0.033389796,0.008945031,0.035864733,0.0030046657,-0.052596387,-0.017990064,0.0011955443,-0.0067975163,0.016024865,0.002403249,-0.006651088,-0.021428905,0.015421656
5BR%GENOME006521_2122,-0.021697955,0.0091998195,-0.021351516,0.018203724,-0.046447936,-0.040990494,-0.025651947,0.008506294,-0.0045944527,0.011218808,0.0048515103,0.031862296,0.013572387,0.055508014,-0.047160085,-0.015307877,-0.01568903,-0.010273111,-0.01563955,-0.0007211055,0.03282278,0.0020713815,-0.04385143,-0.04344045,0.03183883,0.027627697,0.018239554,0.015728595,-0.014058772,0.0017293155,-0.0056969435,-0.022395827,-0.014252112,-0.0036598083,-0.023799516,0.0052760905,0.005762758,0.00917897
5BR%GENOME141824_1849,-0.023313014,-0.044782657,0.019316427,-0.055361547,0.011628989,-0.0048766597,0.06640818,-0.05529942,0.02518827,0.019613927,-0.05180136,-0.031525124,-0.018218478,0.017922536,0.008309215,0.049251024,0.023874767,-0.03318408,0.06480807,-0.044498235,0.051169384,0.023159334,0.042650223,-0.04170188,0.05007984,-0.038732607,-0.0008498591,0.03626203,0.014391408,-0.06504641,0.029481277,-0.0011641398,0.024983132,-0.049773455,0.0057989247,-0.04593875,-0.045172844,-0.03434599
5BR%HIX74022_1_NADH_flavin_oxidoreductase__Candidatus_Parabacteroides_intestinipullorum_,0.0036056715,0.0038683317,-0.010425941,0.014876051,-0.034931008,-0.011496728,-0.029763777,0.030219983,0.004089185,-0.006829587,0.024983754,0.02451643,0.026692592,0.00083082035,-0.039950646,-0.006570428,-0.034931865,0.025596097,-0.01036004,0.047216453,0.00592808,-0.0064893025,-0.029965851,0.011680004,-0.0049690516,0.012038586,0.013791561,0.004285817,-0.025312183,0.0116293635,-0.030396989,-0.010706045,-0.043058123,0.00746906,0.011795605,0.016810542,0.02120895,-0.0014663371
5BR%MBO4402754_1_NADH_flavin_oxidoreductase__Bacteroidales_bacterium_,-0.055787392,-0.0058495183,-0.021247296,0.0030645607,-0.062550046,-0.059162803,-0.010601447,0.0027732537,-0.014122015,-0.016424054,0.0071243467,0.026136652,0.015836168,0.017091537,-0.0567497,-0.030909225,-0.0055542304,-0.018539704,0.01973241,0.019206494,0.008875048,0.0052686715,0.020967593,-0.027322179,0.09639461,0.09949758,0.111081816,0.030502658,-0.035978936,-0.014896307,-0.0015935082,0.010683784,0.0033759659,-0.07454989,0.009277722,-0.025184914,-0.017411571,-0.054632302
5BR%MBO7234306_1_NADH_flavin_oxidoreductase__Paludibacteraceae_bacterium_,0.08191643,0.06116646,-0.031339407,0.04861879,-0.053553022,0.028339755,-0.03274987,0.042921916,-0.033537008,-0.009655794,0.0738683,0.059306286,0.035704955,-0.014948972,-0.03768795,-0.060646895,-0.098983996,0.04924645,-0.039986655,0.055311352,-0.061083004,-0.0005779041,-0.039241154,0.044873055,-0.038038798,0.0064164903,0.0013628782,-0.047388997,-0.08851214,0.0446628,-0.02618381,0.036193877,-0.041843466,0.044903893,0.015159956,0.07017076,0.06577787,-0.0012806868
5BR%MBO8446450_1_NADH_flavin_oxidoreductase__Candidatus_Enterocola_intestinipullorum_,0.012180862,-0.013009485,0.00014395322,-0.039962124,0.023982331,0.014036536,0.012388889,0.014472,-0.0065246047,0.026754031,-0.0022754734,0.012524574,-0.014847008,0.0018226594,0.029185347,0.014015496,-0.03317223,0.0022232782,-0.0007305986,-0.00866032,-0.022209287,0.019536734,0.012566489,-0.020734606,0.027911069,-0.019138014,-0.027666884,-0.014164971,0.0016298289,-0.015328687,0.029523825,0.020223819,0.023238594,0.004990573,0.021367228,-0.00085880083,-0.023349967,-0.00022354856
5BR%MBQ8101082_1_NADH_flavin_oxidoreductase__Paludibacteraceae_bacterium_,-0.012537628,0.0036697474,-0.015811952,0.022203207,0.010660372,0.0029758587,0.020938115,0.026122576,-0.009773206,-0.0058377814,0.007903377,-0.039582554,0.0075554084,-0.069653176,0.036726005,0.016477372,-0.0061691343,0.016186662,0.0174071,0.01944508,0.0021238676,0.02655821,0.038298603,0.005141797,-0.056319084,-0.025667617,-0.014015298,-0.050813902,0.0038119312,0.0009216021,0.015859379,0.017484188,0.02531727,-0.007003476,-0.047862787,-0.009249124,0.01501085,-0.018563606
5BR%MCD8287651_1_NADH_flavin_oxidoreductase__Porphyromonadaceae_bacterium_,-0.03398695,-0.0020192666,-0.06976208,0.017821297,0.013397298,-0.008065729,0.042805485,0.001970622,-0.05446293,-0.048957758,0.005865144,-0.020618338,0.014788842,-0.04431064,0.013542268,0.02437823,0.033004783,0.021593506,-0.016657537,0.010680952,0.05691052,-0.015186706,-0.021258812,-0.01643396,-0.01791282,-0.01030899,0.018688561,-0.028794127,-0.006641122,0.012547017,0.022763567,0.063789256,0.013149113,-0.08033736,-0.06062928,-0.02766061,0.006831805,-0.08451522
5BR%MCH5231198_1_NADH_flavin_oxidoreductase__Muribaculaceae_bacterium_,-0.05764261,-0.037569977,0.033423804,0.030591292,0.015038612,0.005686913,0.058780808,0.018532997,0.04709678,0.037742347,-0.015238754,-0.017867316,-0.029407367,-0.062947296,-0.051289886,0.03919964,-0.017771404,0.010449562,0.0108899055,-0.00608731,0.011392738,0.007919997,0.0068456144,-0.0142701985,0.0004931739,0.031120008,0.021492431,-0.028153183,0.021674719,0.022158526,0.0019349195,-0.0088595785,0.041821416,-0.049853116,0.023829727,-0.03886547,-0.024239443,-0.044144392
5BR%MCQ2066925_1_NADH_flavin_oxidoreductase__Bacteroidaceae_bacterium_,-0.015561725,-0.019636285,0.057360217,-0.04075207,0.015309405,-0.030621663,-0.024783248,-0.01885001,0.03354975,0.024736946,-0.011057863,-0.022613144,-0.039397176,0.045261182,0.0031876871,0.00027569273,0.035311736,-0.039114628,0.0014432211,-0.01321842,0.028841361,-0.038296655,-0.0037512414,-0.0027097247,-0.0111818435,-0.0503072,-0.024611058,0.034115113,0.04034189,-0.058175083,-0.001969478,0.001326216,0.026629023,0.08268884,0.03203778,-0.018587692,-0.011063926,0.06567089
5BR%MCQ2271787_1_NADH_flavin_oxidoreductase__Bacteroidales_bacterium_,0.009048534,0.013642585,0.03460438,-0.049623553,0.02812303,-0.005975089,0.017802171,-0.021165203,0.007677525,0.002910791,-0.015017862,-0.05347189,-0.035724815,-0.027684385,0.019511152,0.044952564,-0.010889874,-0.011497188,0.024175668,-0.018182587,0.017599294,0.048134223,0.023912542,-0.0031315172,0.01031983,-0.009320998,-0.012001482,-0.0039258273,0.010244291,-0.06299301,-0.0013565174,-0.0030889248,0.0316685,0.0036251373,0.028066942,-0.010363834,-0.009949347,0.02307651
5BR%MCR4591939_1_NADH_flavin_oxidoreductase__Bacteroidaceae_bacterium_,0.009660505,0.008382922,0.029587135,-0.04424681,-0.02304118,-0.016074175,-0.026124611,0.028319573,0.04031365,0.013122163,0.050022803,-0.00836039,-0.01537063,-0.0057316697,-0.07020995,-0.013454312,-0.04314065,-0.012969362,-0.002219359,0.036121387,0.041176494,-0.021960042,-0.0357873,0.01757021,-0.033194028,0.003350326,0.013836547,-0.030452099,0.021492606,0.033500012,-0.06321478,-0.06849882,-0.017943256,0.033567414,0.053286742,0.036424354,0.0030722874,0.033657037
5BR%MDD5892138_1_NADH_flavin_oxidoreductase__Bacteroidales_bacterium_,0.041011143,0.032442294,-0.05400933,0.030754713,-0.016433876,0.035325088,0.029002605,0.021237899,-0.026861286,-0.05029261,0.06988411,0.04676404,0.04002837,-0.06462778,-0.012343598,-0.040783025,-0.02525478,0.028335799,-0.03799407,0.047325946,-0.010498387,0.012667496,-0.027288564,0.03080535,-0.03220916,0.040284824,0.016529284,-0.050610505,-0.039720815,0.0440674,-0.019457866,0.01629558,-0.0368395,-0.041551184,-0.02033371,0.04632831,0.044683203,-0.062189084
5BR%MEI7492181_1_NADH_flavin_oxidoreductase__Bacteroidota_bacterium_,0.073112614,0.07525082,-0.027485127,-0.018560342,-0.01758563,0.0042387666,-0.007509837,0.0029366673,-0.053026162,-0.034079075,0.056283757,0.0016950975,0.046629038,-0.037017412,-0.023349956,-0.049898762,-0.0062359185,0.030749243,-0.036515526,0.079449594,-0.015864188,-0.011675033,-0.007358146,0.05402648,-0.049368188,-0.026480243,-0.016152512,-0.026973393,-0.06076801,0.013437517,-0.04407082,-0.020262236,-0.057301406,0.04896914,-0.03402529,0.074581,0.06765086,0.03941173
5BR%MEZ3591839_1_NADH_flavin_oxidoreductase__Muribaculaceae_bacterium_,-0.04939192,-0.034494847,0.047638346,-0.017023742,-0.01535594,-0.0109410575,-0.031419113,-0.0024163348,0.051816717,0.057791874,-0.056332015,-0.0017773807,-0.0266834,0.077597454,-0.010637355,0.015841274,-0.004202956,-0.056381896,0.026377428,-0.05263654,0.01533659,-0.035995793,-0.0058717644,-0.059958715,0.0672116,0.02929231,-0.017388714,0.059315067,0.032009207,0.013056228,0.013279059,-0.014046764,0.001798417,-0.0011608871,0.033496037,-0.030130532,-0.049712908,0.008885181
5BR%WP_149192683_1_MULTISPECIES__NADH_flavin_oxidoreductase__Bacteroidaceae_,-0.04047094,-0.03718234,0.035850547,-0.018036153,0.018960658,0.027134912,-0.066862136,-0.022828467,-0.007978654,0.012217976,-0.061083134,-0.10400016,-0.0348495,0.07079425,-0.0008328031,0.051967062,-0.010720726,-0.057241615,0.06563447,-0.05483942,0.053350605,0.016161634,0.021672651,-0.011888125,0.011106248,-0.05684878,0.007226348,0.09650162,0.050884355,-0.010754723,0.050186843,-0.06347591,0.045082908,0.044739623,0.034093197,-0.055221356,-0.03594065,0.055775408
5BR%WP_259010233_1_NADH_flavin_oxidoreductase__Parabacteroides_distasonis_,0.0058968286,-0.0105368905,0.041779276,-0.07634435,0.015526926,-0.026724648,0.013497271,-0.035590857,0.03671901,0.02869877,-0.008908514,-0.02760923,-0.047762617,0.015991367,0.028376963,0.0021016188,0.008343236,-0.041880313,-0.0067552472,-0.011049167,0.00581323,-0.06731957,-0.01584394,-0.033354342,0.03619033,0.0033906049,0.011831501,0.026163286,0.02897365,-0.020857923,0.0138746025,0.0041519334,0.009379563,0.034572795,0.030185586,0.0071953596,8.408986e-05,0.06732939
5BR%WP_279088787_1_NADH_flavin_oxidoreductase__Alistipes_putredinis_,0.043701988,0.046182565,-0.04008371,0.014918735,-0.032270458,-0.0024124417,-0.040343337,0.04290564,-0.024809275,-0.027649045,0.033277392,0.027902093,0.037566993,-0.02332639,-0.042585164,-0.049198683,-0.00024040647,0.026801841,-0.017561246,0.036939215,-0.008197733,-0.0016329513,-0.0019267327,0.030344538,-0.02738439,0.012955623,0.014875334,-0.026374154,-0.04334785,0.017755723,-0.0015775736,-0.010646586,-0.0254843,0.015258641,-0.029596398,0.052722465,0.04111189,-0.0035382085
5BR%WP_295936477_1_NADH_flavin_oxidoreductase__uncultured_Alistipes_sp__,0.027711747,0.038153153,-0.042189393,0.0288934,-0.055763923,0.010855374,-0.050465964,0.021346757,-0.05520448,-0.02273575,0.053348638,0.055416264,0.052645788,0.0066166646,-0.010316679,-0.051378563,-0.036793366,0.011263703,-0.033901278,0.037416615,-0.032993436,0.0058432673,0.003164689,0.019304793,0.0110245915,0.033090256,0.05056986,0.009189603,-0.06490022,0.0028148978,-0.0018267493,0.026686514,-0.037630275,0.0011716859,-0.05345522,0.021227246,0.0543817,-0.02601166
5BR%WP_300285921_1_NADH_flavin_oxidoreductase__uncultured_Alistipes_sp__,-0.015160672,-0.023679726,0.03647878,-0.02180941,0.022618217,0.002879152,0.027682558,-0.0131525425,0.044315528,0.033360895,-0.04172461,-0.012454934,-0.031651977,0.013844627,0.010954559,0.03771799,0.009532436,-0.010733937,0.0233428,-0.020020962,0.015615543,-0.0026071242,-0.017761873,-0.031343352,0.0055174897,-0.032580208,-0.026462937,0.003668996,0.03441126,-0.018448656,0.021939479,-0.04160658,0.02299237,-0.018935941,0.03483197,-0.013640252,-0.035378773,-0.001299562
5BR%WP_300748828_1_NADH_flavin_oxidoreductase__uncultured_Alistipes_sp__,0.011435016,-0.0026644235,-0.010005954,-0.019772392,0.0007994028,0.006114403,0.002585455,-0.024114473,-0.008160369,0.002268342,0.003253707,-0.031388298,-0.021483248,-0.026663285,0.013173695,0.007865942,0.021627741,-0.023668291,0.013536428,-0.0008133843,0.008462652,0.016572587,0.043942973,0.023639927,0.011439536,0.010422141,0.04472809,0.0139596,-0.0006577463,-0.0038709296,-0.010058377,0.022832481,0.020513639,-0.022378895,-0.011771976,-0.009036576,-0.01945521,-0.01686902
5BR%WP_302380465_1_NADH_flavin_oxidoreductase__uncultured_Alistipes_sp__,0.04697508,0.049225673,-0.07963503,0.013581265,-0.028470535,0.03945579,0.011540635,0.033893358,-0.071255624,-0.057388116,0.06257174,0.034958355,0.047912017,-0.047341146,-0.01109035,-0.02885104,-0.11917166,0.07283845,-0.007890055,0.06294688,-0.062222462,0.03767742,0.0034123287,0.05263366,-0.045212463,0.02951953,0.049797174,-0.04529328,-0.084472515,0.026544707,-0.016986039,0.082395054,-0.01815356,-0.0060395827,-0.030395715,0.046792086,0.038450554,-0.07243396
5BR%WP_394671717_1_NADH_flavin_oxidoreductase__Muribaculum_sp__,-0.005873533,-0.022826673,-0.0057532405,-0.008888913,0.050143015,0.030666303,0.047288436,-0.0015765333,-0.005603217,-0.014964632,-0.008530121,0.006509589,-0.020073662,0.009389925,0.03590021,0.01716727,0.0041889674,0.005780697,0.019273695,-0.03541126,-0.0010443968,0.021814099,0.026760349,-0.024425482,0.008793673,-0.027829638,-0.040099707,-0.017036969,0.006178754,0.0019242844,-0.014658078,0.020432921,0.009109402,-0.028563796,0.0026770497,-0.010941021,-0.034842644,-0.0020178505
5BR%WP_418992344_1_NADH_flavin_oxidoreductase__Alistipes_sp__,-0.035465028,-0.0028363478,0.0046331454,0.00058107864,-0.003297165,0.0042729103,-0.009620039,0.013369096,0.0032007878,-0.009477655,0.00023121492,0.006300258,-0.0058856434,-5.582161e-06,0.0075040497,-0.0002219922,0.058928996,-0.023348978,0.0140138045,0.0042622257,-0.001023315,-0.003671248,0.0015880072,-0.0026927087,0.027618563,-0.007897709,-0.012894337,-0.020167697,0.0115470495,-0.003013582,-0.008363123,0.006970367,0.010829636,-0.02472434,-0.014260028,0.00035571345,-0.0034653735,-0.0038617193
7aHSDH%GENOME025100_397,-0.066530816,-0.039477196,0.019105952,-0.016039714,0.039713085,0.019422036,0.05771128,-0.018572073,0.010729231,-0.020691631,-0.04437194,-0.07472124,-0.045179874,-0.029982008,0.00052451354,0.0680893,0.046186723,-0.007621122,0.017267637,-0.035370696,0.057060316,0.0004990349,-0.04633431,-0.039961137,-0.037037294,-0.054335527,-0.03939435,-0.04061941,0.084628254,0.02389604,0.054675173,0.009460685,0.06025093,-0.04098928,0.05540248,-0.044010293,-0.04963478,0.015135677
7aHSDH%GENOME067790_2714,0.069942944,0.035534784,0.017007813,0.032442685,-0.05938172,-0.029994434,0.0017831695,0.01318933,0.0115494765,0.018049587,0.020248013,-0.0277746,0.001065062,-0.0141208805,-0.078236826,-0.0037787193,-0.035563696,0.006714721,0.019367503,0.0014234122,0.007517075,0.017808191,-0.03817247,-0.019364031,-0.0343147,-0.03137822,-0.028576279,-0.029707443,-0.010043311,0.017612634,-0.028474286,-0.036200486,-0.03324803,0.044241462,0.05730845,0.05339992,0.038761705,0.069245055
7aHSDH%GENOME086444_1757,-0.0021798068,0.01579559,0.0050920667,-0.009560428,-0.02820632,-0.016741626,-0.04719036,0.02751287,-0.007449212,-0.007036726,-0.008199226,0.026400456,-0.029485729,0.049819514,-0.042083573,-0.0228323,-0.08087138,-0.008052148,-0.02989189,-0.011092479,0.032739457,-0.03626231,5.9312144e-05,0.0043533556,0.043336805,0.03496025,0.009113609,0.022714498,-0.030434944,-0.014215881,0.03681392,0.02005937,0.00018665567,-0.015638756,-0.00069075136,-0.0057104416,0.0042295335,-0.0049433815
7aHSDH%GENOME150027_3593,-0.037702497,-0.11338516,0.088561565,-0.025820555,0.08595102,0.027501218,0.06266911,-0.0724561,0.09824279,0.106590636,-0.12661506,-0.06181152,-0.079758,0.045529693,0.08515605,0.11590385,0.09880932,-0.115803204,0.13460405,-0.1519771,0.02314824,0.09407728,0.091676,-0.0883385,0.08927032,-0.065496355,-0.08228055,0.065568976,0.115230806,-0.06738676,0.07256936,-0.07458541,0.09356016,-0.05500929,0.06634791,-0.08985577,-0.15168813,-0.025563922
7aHSDH%MBE5948790_1_SDR_family_oxidoreductase__Lachnospiraceae_bacterium_,0.07968481,0.046140853,-0.044420633,-0.0044966796,-0.03529378,-0.013982337,-0.047203682,0.018718267,-0.029343102,-0.015503914,0.05383863,0.062420286,0.03940155,-0.0010902926,-0.008997891,-0.07120302,-0.045583706,0.039959624,-0.05018367,0.039002378,-0.04383791,0.028546622,-0.011958583,0.042567782,-0.04234575,0.017245267,-0.0040072883,-0.05226625,-0.039145753,-0.007012832,0.005360793,0.061474293,-0.046870265,0.012245247,-0.0042902315,0.049627393,0.04489282,-0.025807984
7aHSDH%MBHC130__Clostridiales_bacterium_1_7_47FAA_,0.006051695,-0.02930998,0.037116397,-0.012161711,0.03694364,-0.11165974,0.004352324,-0.037340067,0.032786116,0.022980433,-0.061483905,-0.051679492,-0.039207913,0.05475056,0.0044792183,0.050077602,-0.0003687228,-0.02097312,0.031274766,-0.031728316,0.02318378,0.008533672,0.027116146,-0.009932319,-0.026570342,-0.032350346,0.00047489212,0.014617606,0.033100042,-0.04391198,-0.010230204,-0.005274671,0.018801384,0.04416035,0.07062144,-0.0041636797,-0.019165508,0.04986413
7aHSDH%MCI7810995_1_SDR_family_oxidoreductase__Clostridiales_bacterium_,-0.016714744,0.004378906,-0.027728688,-0.0034134814,0.017558832,-0.008698143,-0.009850273,-0.0019630205,-0.02011279,-0.0008233198,-0.019588437,-0.011439146,-0.008498236,-0.030420024,0.016733969,0.02231922,0.044018302,-0.006786995,0.026038408,-0.03336466,0.035131887,0.0058956635,0.031726908,0.01631166,0.008806554,-0.01615554,0.0038051375,0.00932176,0.021360423,-0.036056105,0.0076971035,-0.010712365,0.02350796,-0.034402672,-0.0396307,-0.046094112,-0.0038287782,-0.058229838
7aHSDH%MCI9468093_1_SDR_family_oxidoreductase__Oscillospiraceae_bacterium_,-0.030041618,-0.048337154,0.028991796,-0.023457976,0.028976029,0.051758543,0.018725222,-0.0068950597,0.040100962,0.032260645,-0.052783858,0.01919626,-0.010300091,0.018277623,0.042346135,0.05796311,0.060363017,-0.023852289,0.03309622,-0.05207635,0.01824972,0.016704332,0.05650507,-0.014426364,0.05629127,0.004222697,0.0068884804,0.008811367,0.016562276,-0.05553867,0.027049633,-0.038992155,0.04820165,-0.04230017,0.0030895867,-0.070533216,-0.039695315,-0.07030926
7aHSDH%MEO8122524_1_7-alpha-hydroxysteroid_dehydrogenase__Burkholderiales_bacterium_,-0.031582955,-0.047536448,0.014755416,-0.009682969,0.022288546,0.034080584,0.05016281,-0.038201977,0.017952029,0.017258141,-0.050978407,-0.0014399118,-0.011534171,0.03637866,0.024396272,0.01852705,0.01894737,-0.079763524,0.04429634,-0.060139183,0.0033107542,0.034607172,0.05385572,-0.009032574,0.05876609,-0.0051966864,-0.023227384,0.063169315,0.019079603,-0.027537357,0.04204849,-0.002644112,0.031729892,-0.022543512,0.0052429694,-0.028002255,-0.060739268,0.0036402047
7aHSDH%WP_003507641_1_7alpha-hydroxysteroid_dehydrogenase___Clostridium__symbiosum_,0.00577698,-0.0017179606,0.042368893,-0.057393674,0.024833832,-0.03832125,-0.024195869,-0.025982644,0.020890407,0.01065576,-0.017709486,-0.058915887,-0.020343786,-0.011839063,0.023098953,0.01917202,-0.041784883,0.010786519,0.02164818,0.003341061,-0.017784912,0.010033572,0.032306492,0.030899117,-0.008379707,0.006927921,0.066445835,0.03127335,0.01237447,-0.011012758,-0.030561686,-0.04325485,0.030852957,0.04416819,0.056707278,-0.014979306,0.0003225383,0.043225955
7aHSDH%WP_021989220_1_7alpha-hydroxysteroid_dehydrogenase__uncultured_Culturomica_sp__,-0.018375685,-0.040906083,0.0039474,0.010064057,0.0016241926,0.046402868,0.045244407,-0.006957225,0.027595736,0.038959157,0.0007212184,0.020734107,0.008368861,0.03190156,-0.013469305,0.013530634,-0.011097149,-0.0016489094,-0.004111399,-0.009039139,0.0012320105,-0.013770929,-0.00059940194,-0.046394464,0.05812911,0.019318176,-0.00446924,0.0131227635,-0.030793864,-0.007751575,-0.052736446,0.0077129374,-0.010445064,-0.009908858,0.02015968,-0.011358105,-0.0075288475,-0.004537199
7aHSDH%WP_262434703_1_7alpha-hydroxysteroid_dehydrogenase__Jilunia_laotingensis_,-0.033694796,-0.040375646,0.014360735,-0.032992326,0.01035529,-0.0035683233,0.034456924,-0.009001233,0.041020207,0.004337882,-0.01124627,0.020267732,-0.01292423,0.052942973,0.020701611,0.0003340257,0.0049786307,0.0032630768,0.012050168,-0.029617524,-0.005398026,-0.009959687,-0.0073739337,-0.026663406,0.029249191,-0.0067340513,-0.004258054,0.020841653,0.010517261,-0.026170917,0.0074474392,0.005913707,0.026789064,0.024938252,0.043661736,-0.027421605,-0.032721844,0.024068004
7aHSDH%WP_288686302_1_SDR_family_NAD(P)-dependent_oxidoreductase__partial__uncultured_Bacteroides_sp__,-0.023495043,-0.028186873,0.02097973,-0.005639664,-0.0027822647,-0.034611084,0.01691607,0.01392373,0.032011166,0.01661962,0.001337073,-0.011226504,-0.003069376,-0.007430451,-0.018254332,0.014335618,-0.0016523637,-0.00044605666,0.037234005,-0.019207133,0.007557696,0.032416783,0.015144811,-0.023863642,-0.008799737,-0.0069113565,8.8295754e-05,-0.02267993,0.01566698,-0.0056933756,0.03065427,0.021797793,0.038435295,-0.00811896,0.010532312,-0.01678604,-0.021391522,-0.0036426939
7aHSDH%WP_342232791_1_7alpha-hydroxysteroid_dehydrogenase__Pseudoflavonifractor_phocaeensis_,-0.010616497,-0.017141204,0.016577076,-0.033605274,0.016907657,0.06306615,-0.017011572,0.05531408,0.023881486,0.041493803,-0.043592874,-0.008999687,-0.044982605,0.04622831,-0.003841925,0.041893326,0.060841084,0.019489672,-0.0072244727,-0.05128806,-0.005213486,-0.013586166,-0.053231936,-0.080995604,-0.010319319,-0.051778354,-0.077694625,-0.016444813,0.032100562,-0.0173493,0.032275464,-0.008920804,0.015274231,0.033850875,0.025674054,-0.016876413,-0.036245767,0.05146135
7bHSDH%GENOME075272_507,0.009822233,0.009092025,0.026252447,-0.013809604,-0.029997632,-0.02870019,-0.04378437,-0.032089114,0.03705486,0.06077513,-0.012565204,0.0045769513,-0.012203482,0.086514175,-0.033893112,-0.00281132,0.039897457,-0.05660464,-0.00039067713,-0.024932481,0.060077854,-0.032568414,-0.038035475,-0.06909347,0.0040011536,-0.03513953,-0.05629308,0.009722333,0.024618054,-0.03773597,0.03116783,-0.0030395668,0.008113629,0.06764743,0.0094222035,-0.00867345,-0.014601368,0.0551183
BSH1%UPI0001652BA3,0.0059192516,0.030889649,-0.01221962,-0.016109267,-0.00013543965,0.010482155,-0.002646856,0.031535674,-0.040088147,-0.039749406,0.008869072,-0.013567489,0.015659345,-0.03749691,-0.010787863,-0.015015304,-0.028052917,0.029221864,-0.021355068,0.033122517,0.027180942,-0.009755915,-0.016847681,0.045962363,-0.024170894,0.035209667,0.047679134,-0.005193957,-0.0077293273,-0.013739037,-0.025787376,-0.017499728,-0.02945169,0.022348193,-0.005469109,0.022862913,0.03073863,0.010507188
BSH1%UPI0001B1C28E,-0.016747352,-0.051296484,0.03756444,-0.0111018075,-0.008223624,-0.0043217987,0.019108692,-0.019397754,0.057914473,0.037288822,-0.043258518,0.001937592,-0.029813275,0.02162633,0.00036774352,0.04129377,0.0088736825,-0.04129422,0.032977704,-0.049918827,0.018475756,0.021857386,-0.00024323509,-0.03823919,0.068125054,0.031571556,-0.020634776,0.05923245,0.021114046,-0.056136586,0.010025547,-0.041734546,0.036145374,-0.0112253055,0.038511045,-0.033784375,-0.041807022,0.016700432
BSH1%UPI0001DE6025,0.013110229,0.0021457907,0.06296276,-0.102529384,0.007413337,-0.0023322606,-0.050306827,-0.08711555,0.054881897,0.06290609,0.00720172,-0.06515245,-0.04320734,0.028013963,-0.0029425512,0.0048861606,0.060761057,-0.06740091,0.008461904,-0.00055465533,-0.00265278,-0.035731796,0.044045478,-0.004900902,0.012011708,-0.030877367,0.021077197,0.009793289,0.020518752,-0.038194135,0.04885847,-0.026741156,0.017708873,0.04117232,0.049586672,-0.0051833703,-0.004017033,0.07273636
BSH1%UPI0002624191,0.010666999,-0.024747124,0.030501384,-0.0008915128,-0.0009830899,-0.023984427,-0.0016677475,-0.031681046,0.03023471,0.05668736,-0.034383625,0.004766845,-0.019120412,-0.00034435056,0.006882369,0.011561671,-0.02392964,-0.04882146,-0.0014147839,-0.03458819,0.0044298815,0.036855925,0.0034215266,-0.030963514,0.038120516,0.023045149,0.005895978,0.0011705499,0.0040901504,0.0023004562,0.045065925,0.01793397,0.033883907,-0.008430727,0.026011763,-0.012357229,-0.03050652,-0.005772495
BSH1%UPI0002802AC4,-0.01634539,0.008590182,-0.002009557,0.00028598256,0.004253305,-0.015317253,-0.023071568,0.015215427,-0.010072542,0.011553214,0.013332065,0.03555055,0.010842688,0.03025994,-0.014221123,-0.022519646,-5.0970317e-05,0.0003944187,-0.061463304,0.0068142605,-0.01665071,-0.025542287,-0.037896805,-0.037502933,0.022094436,0.018258953,-0.008042166,0.00033616967,-0.0021668517,0.014971428,0.00026233197,0.01777873,-0.022316203,0.03284217,-0.03043334,0.02384224,0.0010250414,0.026639996
BSH1%UPI000289C842,0.065626234,0.03007814,-0.0067797834,0.015050319,-0.013056508,0.021972999,0.015299111,0.032508556,-0.022871744,-0.012066519,0.08086948,0.02068031,0.027696285,-0.03726857,0.017439272,-0.06330852,-0.031288143,0.0014935422,-0.03990775,0.0534793,-0.03634346,-0.032691613,-0.035106633,-0.022883194,-0.056155797,-0.037371214,-0.045751452,-0.07190545,-0.011349964,0.052612986,-0.023429362,0.025737088,-0.048064265,0.029432558,-0.017438326,0.04823495,0.052883044,0.0153382495
BSH1%UPI0002CB0E7D,0.06576123,0.044189792,-0.00476278,0.0044002016,-0.0017991465,0.025289133,-0.04420209,-0.0043433607,-0.0009695296,-0.0052216304,0.05151963,0.008262646,0.024671264,-0.010634861,0.018946031,0.00019742847,-0.034987345,0.03048867,-0.015088048,0.029866925,-0.051846076,0.012814759,0.0060829627,0.049891368,-0.057881154,0.005677164,0.029666724,-0.025430372,-0.021016374,-0.0033998173,-0.06308382,0.016729131,-0.0044596917,0.059077773,0.018530423,0.046605673,0.046848584,0.026141925
BSH1%UPI0002F95F26,0.005083906,-0.026967337,0.068474725,-0.034174196,0.07139479,0.008033972,-0.0015183949,-0.035961084,0.024156263,0.0360157,-0.027830385,-0.0017149657,-0.04105583,-0.0058177155,0.045887284,0.022709362,0.021158911,-0.03939534,0.0011896482,-0.030736381,0.04139392,-0.05481999,0.018497841,-0.07161632,0.057535447,-0.0207677,-0.037120998,0.023027597,0.06041478,-0.028189864,0.010428028,-0.06420099,0.014122349,-0.009107625,0.014098222,-0.01800773,-0.02661878,0.03365098
BSH1%UPI00033F0DE9,-0.040701866,-0.051917333,0.04483223,-0.032280434,0.034264922,0.002685146,0.005116457,-0.007111671,0.055645656,0.042410303,-0.045376994,-0.023173556,-0.06086697,0.036955297,0.036283806,0.043335553,0.07732303,-0.04728591,0.014366882,-0.045036316,0.038041387,-0.0020300131,0.007848717,-0.031916644,0.028218422,-0.042309884,-0.07580822,0.052400168,0.029808605,-0.030901637,0.0064386604,-0.050870594,0.05314692,0.031574927,0.012262489,-0.051664893,-0.031452235,0.033085577
BSH1%UPI00035D264B,-0.014695877,-0.03357811,0.040325373,-0.023212228,-0.017767742,-0.07405818,-0.052948378,-0.019855779,0.036222782,0.033729874,-0.022094905,-0.032802448,-0.054425415,0.04127494,-0.013741843,0.0014693829,0.016487375,-0.0008755162,0.02149009,-0.04627787,0.050993714,0.009371826,0.0046528075,-0.026658695,0.0051784194,-0.052674092,-0.07148431,0.021732604,0.03585846,0.022351071,0.027350454,-0.0016332659,0.0370342,0.04781892,0.028262127,-0.011975348,-0.040331792,0.06510492
BSH1%UPI0003A10C39,0.024321828,0.03690188,-0.03882039,0.04735686,-0.06793447,-0.02426467,0.0021239466,0.04587182,-0.020621235,-0.011111186,0.04787769,0.07005907,0.066371486,-0.008401312,-0.053080983,-0.059456803,-0.079369955,0.039663058,-0.03830687,0.04503263,-0.050303124,-0.028090471,-0.05697799,0.0163923,-0.03177788,0.023463309,0.00046855566,-0.023801776,-0.05009392,0.029997863,0.025152724,0.037680704,-0.080692016,0.021929238,-0.02303889,0.041312404,0.027514117,-0.015899666
BSH1%UPI00041C4F56,0.0613965,0.04535876,-0.088148534,0.07267428,-0.06997197,0.014311454,-0.012171052,0.0145343505,-0.03222631,-0.03650778,0.0902972,0.12049566,0.07373287,-0.050455183,-0.03426535,-0.032423507,-0.016217647,0.07433822,-0.10393424,0.082153596,0.00060052925,-0.019602638,-0.08774659,0.009153492,-0.0023392625,0.10217486,0.032204334,-0.07241088,-0.08187602,0.03224698,-0.10599802,0.04541479,-0.08871137,-0.036342483,-0.07179629,0.075705096,0.07891213,-0.075081594
BSH1%UPI00044AC395,-0.09404738,-0.0691997,0.028443487,0.024930432,0.0047272514,-0.0341955,0.035092197,0.002668242,-0.007433151,-0.007419017,-0.035440423,-0.024611475,-0.05824101,0.025728576,0.007621191,0.015350472,0.0002953141,-0.047591705,0.06365612,-0.05984373,0.026423955,0.03549175,-0.0062214066,-0.026502008,0.03192983,-0.028359313,-0.064381935,0.0077703153,0.048390288,0.026859647,0.06650939,0.01069601,0.05916482,-0.032616153,0.03877664,-0.05772328,-0.08285121,0.002300971
BSH1%UPI0004BCDDD9,-0.054135524,-0.011352081,0.0042384537,-0.0004217851,0.0058194785,0.011350955,0.056485735,0.008479071,-0.010884749,0.012154938,-0.026623549,0.004101496,-0.029239738,-0.0009421285,-0.0045113065,0.005062202,0.020736644,-0.01611219,0.028750742,-0.03421792,-0.009105228,0.033477135,-0.019880258,-0.01406456,0.026475577,0.0013182526,-0.045823865,-0.019762902,0.03727973,0.023898676,0.054347705,0.026974168,0.035521947,-0.062066145,-0.0022237024,-0.042076863,-0.046398696,-0.026806455
BSH1%UPI0004D69CD5,0.02570234,0.012877889,-0.008819045,0.023622181,-0.026182491,0.0018820891,-0.03400346,0.027732344,0.0025371823,-0.006877586,0.030202894,0.020571386,0.039914705,-0.027511016,-0.011104199,-0.005970352,-0.048331965,0.04689314,-0.02460646,0.014204213,-0.04554021,0.0039898967,0.010601943,0.014672744,-0.048434973,0.017008467,0.04678528,-0.0081154695,-0.041833468,0.003927386,-0.025666762,0.02371391,0.01753429,0.050229665,-0.020039067,0.032653034,0.026652016,0.006684972
BSH1%UPI0004D6A0E9,0.037577495,0.025863461,-0.023399062,-0.004844717,0.0024517295,0.05854738,-0.025096828,-0.010001915,0.0026556521,-0.016138082,0.025056947,0.028899314,-0.014470714,-0.011990967,-0.013493525,-0.03488423,-0.009348285,0.014519571,-0.030618722,0.03284945,-0.044116084,-0.04899663,-0.031249428,-0.010038292,-0.004167409,0.07250279,0.075942576,0.013168578,-0.0068903444,0.0519368,-0.026994966,0.0030172071,-0.036146693,-0.010967527,-0.023983464,0.026673665,0.03172968,-0.008479411
BSH1%UPI0004F8D610,0.058803,0.08485443,-0.05159785,0.01098283,-0.022970794,-0.022240324,-0.04044673,0.00028261173,-0.05248315,-0.043858375,0.071833014,0.028995456,0.07504215,-0.00087252044,0.016577726,-0.06998835,-0.04744067,0.04711956,-0.045559954,0.07883971,-0.046141967,-0.029048985,-0.0015314806,0.0914287,-0.045753933,0.0041324524,0.026770689,-0.011100556,-0.066993095,0.014384898,-0.042434648,0.023065899,-0.07544374,0.062752865,-0.031254373,0.071562864,0.07874903,0.020148039
BSH1%UPI0005DBBD01,0.0035153253,0.007561916,0.02103539,0.037125386,-0.042574354,-0.022063952,-0.0243674,0.028364608,0.0035562008,-0.0011827463,0.0069501926,-0.010461955,0.009022748,-0.038011782,-0.05653932,-0.0015239272,-0.025152648,0.026936317,-0.027651839,0.0044602565,0.06723415,-0.043907814,-0.057366032,-0.017407572,-0.053515457,-0.008788397,-0.001503258,-0.03304356,0.0064890045,0.024049088,0.04057727,-0.017509622,-0.0037148618,0.0013074194,0.007811551,-0.0063213343,-0.005172127,-0.00987539
BSH1%UPI00070D1B8F,-0.061894644,-0.02366466,-0.022899143,0.08151868,-0.016829677,-0.02339142,0.0065082377,0.0094153015,-0.02284421,-0.015047807,-0.012717558,0.059302963,0.03754589,0.031364094,-0.042572357,-0.03901874,0.0075387415,0.030832395,-0.04507552,-0.02069381,0.018803352,-0.04409991,-0.07108902,-0.05743452,0.014187777,0.040784165,-0.01951157,0.0012343652,-0.0062927837,0.030423615,0.03549423,0.02508579,-0.05112306,-0.03335604,-0.023970444,-0.017827189,-0.020528682,-0.021077855
BSH1%UPI00073AFD00,0.009618524,-0.044124775,0.06722531,-0.009065218,0.04002408,-0.048648044,0.012516839,-0.063960165,0.07244806,0.06075003,-0.042126432,-0.059368353,-0.045849543,0.020081453,-0.0041638394,0.03749812,-0.016259545,-0.034523204,0.09011053,-0.05637997,0.026957836,0.04122469,0.046841197,-0.025457136,0.028442819,-0.07295302,-0.07065364,0.0121846255,0.06723782,-0.05046693,0.050850198,-0.025281778,0.065266706,0.0073288623,0.0647605,-0.045342382,-0.05807456,0.023159863
BSH1%UPI0007933BD5,0.030401748,0.03479962,-0.0037882347,0.0009719101,0.006306426,0.027837556,-0.10829439,-0.0007814834,-0.0061147213,0.0016813762,0.029732225,-0.012782604,0.0006002966,-0.014674126,-0.01083135,0.008091373,-0.01328454,0.002803316,-0.014013197,0.008792575,0.00077302323,0.035619926,0.029474823,0.05882113,-0.040332366,-0.00296992,0.0154694645,0.01411827,-0.007062727,0.009894594,-0.044039592,-0.0098113585,-0.0014234929,0.033614907,-0.0062635704,0.00950377,0.027939703,0.039841067
BSH1%UPI000801FF16,0.003585923,0.03749291,-0.05316589,0.04432404,-0.009405667,0.03130221,-0.05000033,-0.017864957,-0.042430557,-0.03942349,0.067229465,0.0669869,0.027006187,0.02586146,0.0066847675,-0.04084463,-0.012192506,-0.012914565,-0.035017513,0.05936492,-0.030617498,-0.007946463,0.004068756,0.00026076977,0.004317367,0.05029959,0.0102084335,-0.024372527,-0.026693312,0.08099288,-0.065441564,0.02385326,-0.07207416,-0.021756632,-0.038506698,0.048248783,0.04753436,-0.011281991
BSH1%UPI00093BFB8C,-0.036851518,-0.048172,0.014050382,-0.009934212,0.0037452125,-0.012371337,0.07193603,-0.038246557,0.020730799,0.032146875,-0.07144807,-0.04232183,-0.0043779616,0.013585266,0.022444809,0.0338585,0.0033789151,-0.044427056,0.034405306,-0.07048451,0.06858628,0.050295763,0.003026429,-0.049554393,0.023769092,-0.024768403,-0.044715676,0.046763204,0.029686058,-0.021675287,0.07924196,-0.0017789806,0.08307501,-0.023854451,0.0025315147,-0.056823734,-0.06409377,-0.030783093
BSH1%UPI00095B1DAC,0.008003306,0.02514926,-0.070092276,0.05589374,-0.012014853,0.027673656,0.01613427,0.024809822,-0.05462846,-0.071418144,0.059177242,0.035591587,0.007010963,-0.044141714,0.0048547997,-0.035783663,-0.0009750025,0.01833715,-0.037987866,0.029348219,-0.04852208,0.016526638,-0.0203295,0.004434566,-0.008783052,0.06847911,0.051846366,-0.047735058,-0.04008247,0.037107006,-0.042925473,0.061092645,-0.047598273,-0.03649738,-0.044522673,0.045692917,0.0150753725,-0.0279434
BSH1%UPI00095C7CBB,-0.010589963,-0.05719576,0.037995495,-0.012779266,0.028223712,0.009380388,-0.026003746,-0.024374017,0.0443009,0.061766908,-0.04940551,-0.014846662,-0.017193584,0.0235321,0.015441921,0.00073467643,0.05825057,-0.059806,0.037670217,-0.054639105,0.05465875,0.009501671,-0.0020640898,-0.01656315,0.03510491,-0.013480817,-0.013013164,0.023786783,0.03340882,-0.032718807,0.011937925,-0.027928062,0.018400509,-0.005943654,0.012522298,-0.054151703,-0.054356046,0.018985972
BSH1%UPI000963C515,0.008615666,0.02081843,0.0046772654,0.049669098,-0.0026469217,0.015411439,0.023412805,-0.011713037,-0.0014202823,-0.0006158521,0.0030449796,0.043522324,0.03779256,-0.0036115304,-0.016483892,-0.00090950064,0.012008577,0.025262315,0.0037854186,-0.0009330165,-0.0039582523,-0.0024035657,0.018938512,-0.010774686,-0.031513385,-0.05558745,-0.041506723,-0.06374499,0.01744001,0.012226245,0.0034632334,-0.0070250626,-0.008489259,-0.01166889,0.0051283566,0.0047481735,0.0057529453,-0.019883215
BSH1%UPI000BCCCB22,-0.0075941933,0.027439954,-0.008731308,0.0069475113,-0.0241395,-0.0118025355,-0.009352913,-0.024245238,-0.0018918461,0.0118209515,0.025185388,-0.009227411,-0.008468965,-0.013261297,0.005718614,-0.057217017,-0.016128005,-0.028919494,-0.022272613,0.040933724,0.05323904,-0.05878286,-0.018053645,0.013254688,0.017253019,0.02221012,-0.012089092,0.01858788,-0.0028384745,0.038830098,-0.04067939,-0.053130656,-0.046088256,0.026983354,-0.03398843,0.019319393,0.034100343,0.050144617
BSH1%UPI000BD3EFD5,0.0101027815,-0.008357525,0.077702254,-0.09050979,0.043642294,-0.043654982,-0.0072817584,-0.11047414,0.053810447,0.050334312,-0.03226261,-0.084033996,-0.06519807,0.038356174,0.02327634,0.019817805,0.089125805,-0.065700576,-0.0030891334,-0.023253245,0.016177526,-0.030387335,0.031418923,-0.020731183,-0.010075786,-0.0622565,0.005676727,0.0322153,0.0610146,-0.08168285,0.057116564,-0.04793035,0.039803073,0.10414303,0.055383377,0.033479832,-0.0072791977,0.13141742
BSH2%UPI0001599717,-0.0040782657,0.002728328,0.0012401048,-0.04476828,0.036616992,0.015184208,0.020764016,-0.019095214,0.0071751587,-0.00074768736,-0.027899936,-0.082872026,-0.017199775,-0.039145328,0.06464085,0.06986622,0.06276167,-0.008096965,0.027798899,-0.010138452,0.040290073,0.046018146,0.06192643,-0.002084977,-0.06127071,-0.08725728,-0.033305727,0.015186008,0.037962493,-0.0640693,0.0471803,-0.014533361,0.006413823,-0.004626877,-0.030073516,-0.047970936,-0.006424285,0.0019343027
BSH2%UPI00017C25E3,0.037198965,0.008974563,0.051288653,-0.080388606,0.05116032,0.044406824,0.03176299,-0.012263204,0.05198138,0.011834208,0.008141811,0.010624252,-0.0436022,-0.028102435,0.030557828,0.019315368,0.008449567,-0.041250624,0.032250963,-0.0033459181,-0.026062299,-0.039976392,-0.0020783292,-0.023841696,0.023118647,-0.011896921,-0.027652394,-0.0068534,0.052505035,0.0014227994,-0.023536867,-0.007720734,-0.016839705,0.0075395145,0.008575123,0.013378626,-0.008935749,0.03519499
BSH2%UPI0001C1C05D,0.028425286,0.0070247487,-0.012647532,0.016111959,-0.015890043,0.044506997,-0.0129982615,0.02712302,0.009699175,-0.0018529005,0.028698383,0.048914246,-0.008078508,0.0016138672,0.0095561175,-0.030950561,-0.015377449,-0.0006135651,-0.0041368282,0.024017617,-0.040087584,-0.005826893,-0.026550202,-0.041789416,0.020290589,0.034385677,-0.012697952,0.011060769,-0.0071816365,0.034305766,-0.013232239,0.0055678524,-0.020322092,-0.019167932,-0.015446632,0.024973994,0.025182104,-0.0048400816
BSH2%UPI0001CF4F1D,0.061397046,0.05734295,-0.03615221,0.031469986,-0.03293465,-0.030611552,-0.056935936,0.059431218,-0.007008816,-0.018263053,0.062304717,0.02541285,0.067635596,-0.015090734,-0.018026158,-0.046249565,-0.067847654,0.0610951,-0.0792029,0.0650634,-0.020423437,-0.04064114,0.0007855198,0.032384206,-0.035111953,0.00046198926,-0.0048094653,-0.03969942,-0.054088987,0.00037156392,-0.08294355,-0.0041007386,-0.051298007,0.038094923,-0.0055465098,0.0779635,0.08708593,-0.00058994343
BSH2%UPI000335FD2D,-0.028149301,-0.017862901,-0.017189903,0.060862675,-0.006965705,0.021294288,0.035347737,-0.016336014,-0.020105258,-0.018825332,-0.008553366,-0.04692524,0.009733774,-0.03362156,0.013515248,-0.04468319,-0.07231669,0.007173637,0.073769666,-0.013306892,-0.018844046,0.0738293,-0.00459182,0.06362134,-0.07128223,-0.050864726,-0.05648031,-0.050583113,-0.00497877,0.058171183,0.05972252,0.060983982,0.03680864,-0.008359456,0.041153707,0.017452665,-0.012692589,-0.01008095
BSH2%UPI00033AD64E,-0.031048818,-0.0010961125,-0.04476731,0.0541304,-0.042161897,-0.014060962,0.010047439,0.026947727,-0.0046896865,-0.0124260625,0.02657251,0.033234026,0.04208841,-0.037416086,0.015296514,-0.044824254,0.0060309772,0.006236162,0.0041274005,0.01009095,-0.025135918,-0.015407784,0.023510888,0.036440026,0.007828726,0.016204994,0.031530727,-0.02483941,-0.027983787,0.010339092,-0.031010177,0.04164781,-0.026181908,-0.029540021,-0.02434879,-0.017452037,0.013702176,-0.05746682
BSH2%UPI00033F049A,0.03563415,0.06797587,-0.051736087,0.03599531,0.022434253,0.04574938,-0.006650018,0.02572041,-0.08451158,-0.07197589,0.034319505,-0.008143983,0.06382029,-0.07441024,0.05647267,-0.023658523,-0.016841311,0.05682812,-0.07428024,0.06523358,-0.01840077,-0.02450756,0.046961535,0.05672688,-0.080858,-0.038773924,0.032006327,-0.011151654,-0.03845943,-0.019093566,-0.03677119,0.028286815,-0.04478912,0.021039791,-0.057038113,0.052136127,0.084926546,0.021446077
BSH2%UPI00038B932A,-0.0054522394,-0.0004443441,-0.047432594,0.05301035,-0.03158429,-0.06342926,-0.006784251,0.017249953,-0.022386169,-0.024032263,-0.0017104938,0.036442388,0.01177836,0.016596695,-0.03517642,-0.038293827,0.041711755,0.01922905,-0.03190321,-0.011078519,-0.0004992615,0.02793435,-0.05212371,0.04383493,-0.023851803,0.040906027,-0.0051270234,0.022271803,-0.02816311,0.01751325,0.019438956,0.07365679,-0.029272383,-0.027186723,-0.031051153,-0.02743994,0.0021743735,-0.06391686
BSH2%UPI000396CDDF,-0.022906855,-0.022859102,0.015938707,-0.009093333,0.046572044,-0.068223745,0.0186822,-0.026022997,0.019392902,0.030602299,-0.02222257,-0.017300367,0.017965347,-0.025018804,0.048528533,0.011243888,0.055033628,-0.008407438,0.01977486,-0.0029930018,-0.004163114,-0.01601282,0.021294685,0.007067502,-0.013198422,-0.057550486,0.0025548732,0.012091638,0.054163966,-0.026581017,-0.025631053,0.001876722,0.018084144,0.046175826,0.001775219,0.0012117501,-0.020653795,0.032562733
BSH2%UPI00050FFCF5,-0.036534388,0.027273342,-0.054171972,0.030068235,0.026976477,0.07141802,0.03185279,0.0463907,-0.037425265,-0.03802626,0.02221731,0.005320109,0.025910925,-0.110837966,-0.0054308935,0.030648075,0.053852588,0.048878852,0.0007888468,0.023239229,-0.046815816,-0.006195644,-0.025387328,0.046025526,-0.043469306,-0.02780439,-0.00564507,-0.030841894,0.011500984,0.06841314,0.00542481,-0.015158393,-0.018581327,-0.036621585,-0.08356715,-0.013411807,0.030208759,-0.044317625
BSH2%UPI0005DCCFF2,0.12029113,0.1061505,-0.091196954,0.06015657,-0.016458645,-0.03871132,-0.05736014,-0.015614345,-0.048307005,-0.027392095,0.099968344,0.038086534,0.10369504,-0.1241871,0.024217641,-0.03784826,-0.061606906,0.082788646,-0.06468003,0.105080515,-0.06613216,-0.03051127,0.029387724,0.0940858,-0.11051147,0.035983726,0.10645215,-0.05838035,-0.09644924,0.016773466,-0.07595314,0.078465365,-0.065725304,0.052026704,-0.08621196,0.064850315,0.120294,-0.035778094
BSH2%UPI0006BFFEB7,-0.032668576,-0.045272607,0.09086742,-0.117085956,0.06994933,0.029777681,0.038866974,-0.069586076,0.085910186,0.071048476,-0.04724955,-0.02633908,-0.07440223,0.02870193,0.05000125,0.07680781,0.0359134,-0.06499132,0.013714293,-0.036139145,0.005014218,-0.0018781036,0.031776,-0.052397676,0.071334034,-0.030097598,-0.032356698,0.03462483,0.0871245,-0.04271787,-0.022470508,-0.090508394,0.064340815,0.020437956,0.10090746,-0.0119567355,-0.03127433,0.05929934
BSH2%UPI0006C0EB58,-0.047083568,-0.056496225,0.02294024,-0.008102101,0.029082857,-0.01215752,0.06476252,0.0014701799,0.058652952,0.039689887,-0.0373925,-0.010504547,-0.05728241,0.0007097868,0.04336427,0.031512063,0.016484203,0.007171671,0.028988464,-0.03765317,0.00827971,0.011423853,0.035264324,-0.03006855,0.007679422,-0.011858166,-0.03328488,0.015602137,0.034345582,-0.0021976389,-0.005226019,-0.038449846,0.031627346,-0.023747923,0.045992352,-0.04081435,-0.045938954,0.009323789
BSH2%UPI0006C1ADDE,-0.009691019,-0.02028761,0.041632652,-0.03880548,0.055063535,-0.04528997,0.0054484024,0.011832232,0.022918882,0.034792386,0.026429297,-0.0015907938,-0.03359945,0.0046994234,0.0050461777,-0.00059631385,0.047275215,-0.03866988,0.025159433,0.003911829,-0.022666378,-0.01617258,0.025869338,-0.025022881,0.02176761,-0.013939679,-0.03605294,0.025449116,0.04892896,-0.012838995,-0.0071675465,-0.033357434,0.017328892,0.012596797,0.003962168,-0.008230779,-0.008407321,0.01854188
BSH2%UPI0006C28698,0.012795022,0.032375112,-0.060510088,0.03239772,-0.008477084,0.01289234,-0.03449575,0.038387984,-0.030892346,-0.0473956,0.055586237,0.03863581,0.04662675,-0.058740344,0.005839401,-0.025497707,-0.009375845,0.07415833,-0.054728184,0.0460919,-0.056423035,-0.013359673,0.005292958,0.06406218,-0.024472604,0.05497879,0.06624535,0.0021569247,-0.03517909,0.02956932,-0.07363323,0.02436425,-0.037619866,0.0013756186,-0.058396816,0.036959663,0.050493825,-0.011803075
BSH2%UPI0006C45BC8,0.039433457,0.0004462244,0.01655366,0.017909875,-0.049111385,-0.041121226,-0.048585717,-0.029621368,0.021250037,-0.015293541,-0.014396415,-0.008747387,-0.0014067509,0.025606317,-0.051854867,-0.00065347826,-0.045975752,-0.0045313914,0.02156617,-0.015518737,0.080800466,0.047716852,-0.011303115,-0.016784213,-0.036276393,-0.040287293,-0.0065436293,-0.0028348067,-0.027766911,0.0058292313,0.03676292,-0.014288335,0.0032920348,0.03499307,0.020711683,0.022895956,0.0031656278,0.031174075
BSH2%UPI0006C4A6B6,0.00702811,-0.0034370006,0.039418783,-0.09145682,0.07410101,0.004281615,0.0266257,-0.011739839,0.042661432,0.049945135,0.00013042286,0.048148654,-0.019183112,0.051885974,0.046477605,0.027024373,-0.0025645527,-0.03804653,-0.0322024,0.019908534,-0.051255587,-0.032149013,-0.017845072,-0.05265711,0.04754998,0.0029036426,-0.02962893,-0.0036438,0.042055506,-0.043551475,-0.06497355,0.0025139553,-0.028222507,0.08467353,0.018615503,0.013782539,0.026312076,0.049559508
BSH2%UPI0006C706B0,0.0020178712,0.002175486,-0.012921573,0.031865865,-0.056929015,-0.0005600874,-0.030537773,-0.0026399686,-0.009604463,-0.025499918,0.020748224,0.014692035,0.050202478,0.019161768,-0.038009543,-0.02261313,-0.08062823,0.0022843499,0.017918158,0.004726279,0.04024534,0.023426216,0.0007698475,0.020633101,0.021612415,0.05007308,0.026526213,0.008135326,-0.05466602,0.02149007,0.015586985,-0.021304218,-0.020736149,-0.02201296,-0.031360175,0.017465867,0.010089716,-0.0062222313
BSH2%UPI0006CAB5AD,0.010428995,0.03280273,-0.017811585,0.0129546905,-0.08036628,-0.12015598,-0.083485804,0.025758881,-0.04901646,-0.008682579,0.005901221,0.0028636835,0.047111534,0.02977567,-0.04709268,-0.057668824,-0.013519367,0.03392014,-0.03737902,0.019120948,0.05612321,-0.01635973,-0.020872138,0.015131742,0.026864571,0.05882212,0.06968627,0.0500984,-0.046336614,-0.0050443844,-0.06355333,-0.024019323,-0.031632315,0.028415136,-0.037390817,0.018131508,0.029238652,0.006083325
BSH2%UPI0006CABDF6,-0.06022843,-0.009409968,-0.010179276,0.018787969,0.029682979,0.054021236,0.05496516,-0.0034383691,-0.0038001232,0.00023889061,-0.028757999,-0.015413643,-0.056022473,-0.04132569,0.058545724,0.020125609,0.034362327,-0.0024095883,0.034290534,-0.014173448,0.05478365,-0.053655032,-0.006610681,-0.021623865,0.011462796,-0.009119657,-0.011846313,-0.015656115,0.030543802,0.034905884,0.020206058,-0.013776868,0.008981992,-0.067784086,-0.043185886,-0.07020624,-0.03565632,-0.04347332
BSH2%UPI0006CABE2C,-0.007587669,-0.017137986,0.003111626,0.0009834073,-0.03297005,-0.037819482,0.019740557,0.027516507,0.005938932,-0.013501501,-0.03339698,-0.04344719,-0.029911345,-0.0066943704,0.0009110049,0.021005033,-0.007948228,0.047884215,0.014818502,-0.03265079,0.09119615,-0.008219776,-0.045989633,-0.044758916,-0.067678116,-0.05826972,-0.05885933,-0.022479374,-0.006960294,0.0039732982,0.060424697,-0.012365607,0.017874073,0.02606001,0.050204724,0.008334872,-0.029299403,0.032227103
BSH2%UPI00082051E1,-0.052250553,-0.056906678,-0.010760551,-0.04865819,0.018770032,0.028263364,0.056677815,-0.011007276,0.03806584,0.010648316,-0.03138708,-0.015330073,-0.014594095,0.026314804,-0.013098305,0.029656328,0.02378028,-0.032695357,0.020833813,-0.026861073,0.030445106,-0.025525022,-0.025177896,0.01026072,0.006891953,0.008594823,-0.005053305,0.034638744,0.014721462,-0.0025884619,0.007270592,0.010032413,0.011623258,-0.02241458,0.01658144,-0.045566306,-0.04290676,-0.0251544
BSH2%UPI000820857A,-0.06479147,0.007300455,-0.056632314,0.0061050137,-0.008949067,-0.038174246,0.023737941,0.116942436,-0.06035807,-0.077563666,0.024624415,0.013095904,0.019103974,-0.09183183,0.00701288,-0.023618955,-0.025325818,0.052684322,-0.0022491768,0.03634628,-0.044368397,0.022821687,-0.018927246,0.08817169,-0.034329265,0.042708106,0.023920044,-0.05807688,-0.00064472854,0.06187968,-0.015869562,0.10029854,0.0019063908,-0.10231542,-0.023076784,0.0030878966,0.0066113807,-0.07814162
BSH2%UPI000820B778,0.03626238,0.008929442,-0.016296456,-0.00948402,-0.0042847316,0.008770761,-0.024418987,0.019319642,-0.009400731,0.006550942,0.01656185,0.04352774,0.035441674,0.009698907,0.027241671,-0.03065495,-0.009316896,0.01245591,-0.031679455,0.0155920135,-0.045686647,0.000511183,0.020021148,0.0396921,-0.03846878,0.0055320207,0.023758136,-0.019785823,-0.02282214,0.008062579,-0.02003651,0.019343706,-0.034891967,0.0207332,0.016142324,0.0199033,0.019199684,0.017226115
BSH2%UPI000820F666,0.034701895,0.025011025,-0.0048889956,-0.0024866352,-0.03286406,-0.039376263,-0.016906906,-0.02422129,-0.0022227694,0.0025729984,0.02001798,0.031616505,-0.0020565335,0.048106477,-0.029064305,-0.02562128,-0.012776344,0.010811798,-0.03870974,-0.0004338463,0.01736572,-0.027026648,-0.036658876,-0.067852885,0.009207554,0.03621224,0.023524769,0.014000377,-0.0276814,-0.022908978,0.013562295,0.013526002,-0.034751277,0.0345863,0.0068098265,0.0035020136,0.020391421,0.03718124
BSH2%UPI000821232B,0.016632685,0.010681625,-0.0026599655,0.0038644439,0.03380636,0.0832269,-0.058546133,-0.0073974235,-0.017956411,0.0021838224,-0.037792616,-0.041753374,0.025500314,0.0012271174,0.048413683,-0.00723763,0.0029218327,-0.016392771,0.007824898,-0.01904779,0.045480933,0.02352166,0.06785188,0.06847892,-0.028316991,-0.089433044,-0.056786127,0.027454676,-0.0041504283,-0.04905667,0.031569123,-0.051130496,0.023840455,0.012033007,0.003958827,-0.018579,0.0048206937,0.02670988
BSH2%UPI0008219BA0,-0.06149457,-0.04374996,0.1032015,-0.10135403,0.039404,-0.06574866,-0.033287283,-0.06465979,0.09582029,0.07135116,-0.048458844,-0.079748325,-0.09797657,0.05477862,0.014542983,0.041377306,0.0033648813,-0.08041113,0.03962996,-0.040489987,0.07790328,-0.018696276,-0.0018277649,-0.033983584,0.041402284,-0.044580057,-0.03851512,0.07051415,0.09781695,-0.010498016,0.0027359545,-0.11568798,0.06119014,0.061026435,0.10504768,-0.045535788,-0.059245184,0.08704808
BSH2%UPI0008222B5A,-0.029396437,-0.06661316,0.08140573,-0.039039217,0.060963236,-0.01783503,0.055930715,-0.07605957,0.057918612,0.065218456,-0.06396954,-0.026669962,-0.05565341,0.04625932,0.030153472,0.051497817,0.046432015,-0.07049022,0.0839329,-0.06818944,0.04300516,0.023915501,0.056493808,-0.026836274,0.0510609,-0.07547369,-0.08656982,0.040459484,0.07261747,-0.054560293,0.03869613,-0.055735704,0.06864601,0.0032686803,0.04949914,-0.07189031,-0.07025529,0.012088516
BSH2%UPI00082257EE,0.017361727,0.055524483,-0.046339966,0.0014823455,-0.013618554,-0.012279966,0.009983703,0.0065972656,-0.0058326516,-0.019314744,0.03042715,0.021841228,0.0014451041,-0.03632679,-0.006267731,-0.015881361,0.005406128,0.07291977,-0.041701704,0.03782941,-0.023036225,-0.047569294,-0.033372797,0.020028764,-0.028196037,0.024932366,0.0044343565,-0.027784431,-0.016839596,0.032366827,-0.030486055,0.04288192,-0.034333397,0.0014834909,-0.027500445,0.018121172,0.026708009,-0.018313464
BSH2%UPI00082332C0,0.05185137,0.017717628,0.033087675,-0.0659018,0.03145793,0.017050553,0.055223394,-0.029284336,0.025714245,-0.019629963,-0.022550756,-0.045296714,-0.05316441,-0.0055442117,0.07053028,0.06648526,0.05492754,-0.005726252,0.040246822,-0.022117786,0.0043519344,0.0010395406,0.081289776,0.021265661,-0.047537416,-0.11286756,-0.08620481,-0.012553998,0.04024426,-0.060286433,-0.00039535091,0.005567717,0.044383742,0.035574056,0.00967738,-0.002640688,-0.0065653287,0.017436774
BSH2%UPI00095B7069,0.0008863525,-0.02987577,0.03229913,0.025975361,0.036086716,0.026505992,0.024117785,-0.041916646,0.021198478,0.020474976,0.005946702,0.0011691875,-0.0034432649,-0.002552823,0.03926176,0.03493911,0.021013165,-0.014742124,0.0070758522,-0.0287421,0.017523013,0.022130819,0.015945641,-0.06497827,-0.02446988,-0.035380248,-0.04363899,-0.007973432,0.016340315,-0.016113257,-0.011525283,0.0306117,0.022573147,-0.008306588,0.010349753,0.00049536827,-0.04621871,0.0010101689
BSH2%UPI000960BD65,0.012149363,0.0027147112,0.011803765,-0.006807934,0.03584068,-0.053526532,0.032270692,-0.04236879,-0.002537193,-0.0019823741,0.01519363,-0.0065928106,-0.0035689836,-0.041657135,0.030876182,-0.022009611,0.008256239,-0.049575634,-0.021269234,0.022763675,-0.005996756,-0.024766216,0.022688573,-0.042283963,0.039352033,0.005184733,0.022858929,0.013964624,0.0012323494,-0.007987862,0.019341696,-0.015816564,-0.012216897,0.009853568,-0.010755406,0.00641224,0.022004351,-0.008671146
BSH2%UPI000965B48B,-0.097962335,-0.15161097,0.097305775,-0.055394985,0.0809756,-0.010376964,0.06487385,-0.08632936,0.10695004,0.10178216,-0.15101224,-0.11385974,-0.11413594,0.08689921,0.031145146,0.14281859,0.0825115,-0.09639365,0.094603345,-0.1660533,0.09916317,0.055258732,0.009016304,-0.08406652,0.07297563,-0.077527076,-0.075447485,0.06284543,0.12948906,-0.046296984,0.11030497,-0.054200754,0.1413495,-0.028670669,0.09703264,-0.13568105,-0.14747433,0.03812154
BSH2%UPI00096829BD,0.025665268,0.010552867,-0.024457581,0.098868065,-0.063164085,-0.0528276,-0.051084556,0.019042615,-0.052075893,-0.010776295,0.033782665,-0.023762925,0.046757326,-0.0050259177,-0.02828878,-0.031064356,-0.016114485,0.048127938,-0.047086474,0.017977925,0.034107324,-0.03325684,-0.046184555,0.022638166,-0.10193346,-0.0333795,-0.0013122438,-0.06729365,-0.02947706,0.061067928,0.016597942,0.013623735,-0.047087833,0.025353609,-0.019941812,0.022719795,0.035861332,0.026003972
BSH2%UPI000D1261F9,-0.017908417,0.012268211,-0.06761782,0.07255947,-0.04364344,0.013323157,-0.0011344712,0.06136244,-0.045929756,-0.033393458,0.005563451,0.054357193,0.04701948,-0.0050191307,-0.058073763,-0.049970876,-0.06056872,0.051069025,-0.0007211666,0.003149798,-0.063754156,0.01144602,0.010908822,0.038539145,-0.007995272,0.06681394,0.031666484,-0.03160244,-0.044347428,0.021132793,0.03462062,0.07418594,-0.02971248,-0.046472825,-0.019651309,-0.017583217,-0.014945238,-0.064066865
BSH2%UPI000E40484B,-0.042093106,-0.017908476,-0.05119091,0.04760232,-0.078094676,-0.06983877,-0.07544449,0.059596106,-0.0039201365,-0.0037178937,0.021053614,0.02297305,0.034211166,0.007026724,-0.09033824,-0.06092009,-0.02479675,0.024754448,-0.045257483,0.024206147,0.009813121,-0.030011289,-0.032629922,0.040522985,0.0055656014,0.07246395,0.058571372,0.026713803,-0.045354556,0.031098654,-0.01952048,0.060471635,-0.045758095,0.00078222476,0.011550064,-0.0033126867,0.020124381,-0.008415179
BSH2%UPI000E4418E2,0.06540909,0.050377868,-0.01563693,-0.025850382,-0.014509418,-0.008138785,-0.030068226,0.024202375,-0.009110008,0.0032892323,0.010448205,0.03986016,0.047923952,0.0129645085,0.005951667,-0.024609515,-0.0107652815,0.045913503,-0.056537695,0.022966655,-0.028864902,-0.021578243,-0.016766183,-0.011563978,-0.0147167025,0.0085542,-0.0035897864,-0.009223893,-0.019176329,0.009220819,-0.044152,-0.0060915137,-0.023730474,0.04330528,0.008857193,0.038729206,0.03794107,0.028821595
BSH2%UPI000E4E4D64,-0.026165567,-0.015864054,-0.0043068016,-0.031544477,-0.006342283,0.074083656,-0.036451213,-0.018636582,-0.0034346464,0.016111786,-0.027109595,0.0024625987,0.0064546764,0.06088283,0.029395357,0.025585974,0.04929745,-0.015090397,0.017729139,-0.030546775,0.008258532,0.017776133,0.06425894,0.010625731,0.0416793,-0.016486319,-0.008136553,0.045997825,0.03190044,-0.053612288,0.023868248,-0.010462293,0.040430807,-0.013939061,-0.0024672053,-0.045855466,-0.021833366,-0.022184808
BSH2%UPI000E53DAEE,-0.07809427,-0.05462926,-0.03850671,0.07988754,-0.052679107,0.0048672077,0.033946067,0.045308374,-0.015928127,0.007615745,-0.04671258,0.030541362,0.026746076,-0.04570321,-0.05071667,0.035057932,-0.022826673,0.053924795,0.042295154,-0.055578165,0.056156434,0.045287434,-0.026598869,-0.0060493727,-0.022474652,0.0034594932,-0.026176117,-0.042347275,0.00816794,0.08583006,0.079970896,0.034589104,0.034135327,-0.07610912,-0.0019718872,-0.07177124,-0.07856722,-0.09268246
BSH2%UPI000E7D8CB5,-0.044648632,0.014953031,-0.035136726,0.042060092,-0.02050979,0.045228638,-0.026739161,0.05084234,-0.055218693,-0.06682508,0.03294659,0.047328282,0.08682221,-0.004784077,0.016193809,-0.039744135,-0.0471507,0.06778466,-0.032709,0.038686074,-0.09078759,0.004761217,0.017768405,0.067370504,-0.04309724,-0.0032233107,0.0426272,-0.034391124,-0.055590905,0.029202532,0.012943775,0.027627721,-0.024677249,-0.011437394,-0.01708644,0.025208557,0.04202226,-0.020667689
BSH2%UPI000E80FD85,0.041731685,0.04520132,-0.040188827,0.06804729,-0.08812175,-0.08181682,-0.07222407,0.056678,-0.04436225,-0.037345756,0.032223236,0.007579063,0.059738126,-0.03074776,-0.0576601,-0.07513737,-0.06795983,0.08341799,-0.013743643,0.04823455,-0.018683502,0.026751554,-0.028793622,0.13798659,-0.07936595,0.02478363,0.030311212,-0.05250164,-0.038562406,0.07309024,-0.024736028,0.026659317,-0.018445201,0.033982866,0.02135555,0.035002984,0.038628925,-0.015108189
BSH2%UPI000E92006C,-0.031641986,-0.02378034,0.004468877,0.032252684,-0.004626187,-0.039929852,0.06427996,0.033405278,-0.0128283985,-0.0098598655,-0.032469045,-0.018938934,-0.008268768,-0.06672906,-0.0017977976,0.03181968,0.020243727,0.052695364,0.02235879,-0.03287518,0.019259809,0.013271507,-0.026828201,0.02205933,-0.03739458,-0.075614594,-0.09408889,-0.1023718,0.034189478,0.01967117,0.057720877,0.021362988,0.02939803,-0.014775347,0.021526506,-0.031944107,-0.019634701,-0.012363646
BSH2%UPI000EC98B2C,0.006743272,-0.027404241,0.033835407,-0.03476815,0.04928103,-0.025515117,0.026472347,-0.059193145,0.010269488,0.027822245,-0.02627046,-0.06869334,-0.052012634,0.021318914,0.024180712,0.04213711,0.04745736,-0.06525126,0.02138113,-0.032443535,0.08445885,0.0031549544,0.019490013,-0.056539346,-0.008360684,-0.05996264,-0.07586915,-0.00576656,0.040396743,-0.025142314,0.005018158,-0.012369918,0.042639032,0.034513377,-0.0006086645,0.007796309,-0.021401616,0.033911027
BSH2%UPI000ECC9F84,0.0010908609,0.007781626,-0.0061028437,0.0056000953,0.026730163,-0.0040596165,-0.030398993,0.016609313,-0.007283342,0.0041300897,0.018834483,0.0064207334,0.012808965,-0.029957978,0.020512272,-6.3773616e-05,0.0059515755,0.019974418,-0.023969406,0.023336396,-0.027957756,-0.009175763,0.03809754,0.024633976,-0.02472188,0.019986236,0.0337957,0.025941404,0.019655455,0.010349062,-0.07312882,-0.008852162,-0.008623953,0.040133085,-0.049343538,0.014664615,0.017203338,0.0055896216
BSH2%UPI000EE4CDBB,0.0033515883,-0.015718542,0.0067751836,-0.0057019633,0.059650477,0.04403071,0.031154193,-0.00947833,0.015367444,0.0042694514,-0.013742005,-0.008278348,-0.017715372,-0.04925817,0.08114808,0.04727094,0.034481324,-0.02498514,0.00013004683,0.00067581295,-0.048886895,-0.0038223625,0.032633547,-0.0013459933,-0.0017585338,-0.036092557,-0.037107497,-0.013418095,0.06642847,-0.046027623,-0.012665076,0.05395967,0.009578462,-0.016720725,-0.03211532,-0.01644225,0.004573861,-0.018163579
BSH3%UPI000156F498,0.0008790573,-0.038936377,0.0905472,-0.07906816,0.05892529,0.018048147,0.030858498,-0.116891354,0.08325711,0.08564034,-0.052895986,-0.07885489,-0.057201244,0.0029784471,0.064429305,0.052143116,0.10087881,-0.057727154,0.04795567,-0.040146004,0.028855493,-0.0026924694,0.08395216,-0.023764867,0.015468959,-0.067605205,-0.026363477,0.010340476,0.078397386,-0.063744165,0.02519094,-0.034571376,0.08229474,0.021679033,0.046583943,-0.040650763,-0.044939898,0.042652693
BSH3%UPI00016547A5,-0.0118456315,0.008767723,-0.008935899,0.050259825,-0.044768266,-0.02391236,-0.052994747,0.0293915,-0.026004845,-0.0014449714,0.0073730163,0.04037195,-0.010852171,0.00942729,-0.024825998,-0.0028565293,-0.034352414,0.008466502,0.014700899,0.0012701456,0.033251222,0.004376136,0.00022557416,0.00061859767,0.0074305176,0.001317534,-0.029861163,-0.014355028,-0.040684152,0.011552441,0.048958775,0.009864414,-0.023967559,-0.021277428,-0.028918052,-0.0015155192,0.0013899794,-0.03042532
BSH3%UPI00017EF3F1,0.007056215,0.029632526,0.014695281,-0.029804358,-0.025455542,-0.01625867,-0.0067655677,0.0026652974,-0.022528946,-0.011465218,-0.023546234,0.0033513815,-0.0062059504,0.014774222,-0.06326468,0.00016545356,-0.033347603,0.03025071,0.00024616372,0.015959479,0.04963154,-0.03975219,-0.027706,0.019093165,-0.010812296,0.033084653,0.03244426,0.012438766,-0.011096902,-0.0035045939,-0.03781345,-0.031722967,-0.040918592,0.043496966,0.022483265,-0.015461105,0.013791873,0.037584085
BSH3%UPI0001A5F983,-0.041185293,-0.03399391,-0.0064710462,0.011824943,-0.04908449,0.030709751,0.049520515,0.004762502,0.027092796,0.004200901,-0.0029907026,0.039600957,-0.010949862,0.044830903,-0.034958873,0.007875759,0.047390774,-0.036894538,0.03891942,-0.009227227,-0.02000668,-0.005516793,0.01598819,-0.07121918,0.09021935,0.041887295,0.009559278,0.037814382,0.00046768854,-0.026558928,0.03454474,-0.0071983207,0.038419116,-0.081409305,0.009468716,-0.050017323,-0.04822198,-0.08005445
BSH3%UPI0002132A6C,-0.061974593,-0.031324457,0.007100918,-0.0083718,0.010619182,0.052707125,0.018971203,0.013510062,-0.042740356,-0.009359751,-0.06445101,-0.022543425,0.021289712,0.02608978,-0.0010668255,0.036124054,0.008210173,-0.0013628346,0.03951008,-0.010796327,-0.03196445,-0.022616243,0.0300325,0.02013273,0.015333807,0.03191502,0.08347986,0.0710014,0.03406559,-0.037317067,0.040247418,-0.0284903,-0.028992515,-0.03428743,-0.041214943,-0.0750477,-0.022959905,-0.01917863
BSH3%UPI00033CE23D,0.019256823,0.018501109,-0.028135514,0.04584671,-0.029450007,-0.00287935,-0.040651813,0.037128076,-0.018565027,0.0074976664,0.03420866,0.03518069,0.046522357,0.070290774,-0.010451132,-0.030357854,-0.017145185,0.013036012,-0.046994824,0.02806363,-0.056153752,-0.03380301,-0.037779693,-0.029552156,-0.006571598,-0.0044500767,-0.017551918,-0.024517326,-0.029640928,0.026043894,-0.006611045,0.031255886,-0.051227212,0.042844307,-0.029059703,0.0308996,0.026253255,0.006382689
BSH3%UPI00035F5DCE,-0.041259356,-0.05308577,0.02316376,-0.032534808,0.0044037066,0.012288047,0.04621884,-0.018407345,0.047460236,0.052270103,-0.02699781,0.010032355,-0.068262175,0.07419837,-0.01339818,0.017204173,0.05851245,-0.033934265,0.02361322,-0.03291888,0.01402596,0.0151182525,0.009291931,-0.013020276,0.035970718,0.003281071,-0.024458759,0.007286025,0.029536534,-0.017166452,0.021946047,0.0067343498,0.032886934,-0.025097413,0.011952459,-0.04103325,-0.06577097,-0.009510645
BSH3%UPI0004DA32C0,-0.011152533,0.008939585,0.020549772,0.0050906898,-0.0116426265,-0.014565833,0.0054389522,0.020992303,0.0138194095,-0.025072914,-0.020623196,0.0062001925,0.0026662415,-0.0017285175,-0.0071061524,0.01814284,-0.0031685934,0.011298883,0.010135824,-0.013925556,0.008384382,0.014700549,0.006424551,-0.01467548,0.011415712,-0.020373464,-0.025644138,0.005623816,0.01674641,0.0017756065,-0.01625241,-0.035896678,0.012823522,-0.038128994,0.030881284,-0.016957669,-0.0018209808,-0.001188311
BSH3%UPI00080CB216,-0.02503183,0.033770006,-0.05915349,0.06302348,-0.04078248,-0.03894796,0.035532765,0.0520893,-0.051727504,-0.061753135,0.05040766,0.01848045,0.040072788,-0.080314405,-0.04733471,-0.025692249,-0.06915172,0.076363266,0.0151320705,0.055784896,0.00071654195,0.018836176,-0.030385435,0.021021979,-0.0635555,0.01894755,0.014375674,-0.08197678,-0.02530913,0.08641386,-0.019555833,0.06713308,-0.003289609,-0.05465949,-0.041441444,0.01198299,0.024436975,-0.055653024
BSH3%UPI00092A5378,-0.031489767,0.03766956,-0.07329837,0.091681615,-0.12190738,0.02133968,-0.032981656,0.064119905,-0.092160285,-0.064814456,0.033553414,0.03292225,0.094261244,-0.029803922,-0.10751745,-0.03422275,-0.01707414,0.1002289,-0.010462458,0.0605994,-0.0038403398,-0.032908387,-0.053138338,0.06807316,-0.051600307,0.048094243,0.03955535,-0.031514022,-0.041595064,0.07411518,-0.015295979,0.052797295,-0.09626924,-0.014675515,-0.0958203,0.0070766765,0.055765733,-0.045324787
BSH3%UPI0009648BEC,-0.032311827,0.018140066,0.008735827,0.043959435,-0.04213378,-0.0017198743,-0.0064068246,-0.011474223,-0.0003336911,-0.027010169,0.022040395,0.048228722,0.04294342,0.00800449,-0.06904378,-0.030584373,-0.01347885,-0.0040077325,-0.046012096,0.03841876,0.005783696,-0.03326069,-0.052747145,0.027930176,-0.032807976,-0.0045306594,-0.018344719,-0.047833323,-0.020618098,0.03185984,-0.023706725,0.015642019,-0.019317932,-0.0053237374,0.027621165,0.01591729,0.023798272,0.018593526
BSH3%UPI000E3F1C35,0.0073317527,-0.008804516,0.039525606,-0.042236723,0.00053500826,-0.057755675,-0.043182272,-0.02818612,0.012431673,0.02435154,-0.004560886,-0.029857604,-0.050184637,0.033000585,-0.014974517,-0.00674632,0.012117283,-0.0178379,0.016730277,-0.00887091,0.037511755,0.0139703145,0.013070389,-0.041192606,0.0016575811,-0.030754788,-0.04881348,0.008811238,0.029463328,0.010580344,0.028504372,0.0005210801,0.029427182,0.04846544,0.032991625,-0.015090903,-0.0061497344,0.06283338
BSH3%UPI000E4DFA31,0.0017571497,-0.04992175,0.053140312,-0.045616604,0.09345605,0.021816228,0.042699248,-0.01574587,0.025392694,0.023463598,-0.028540848,-0.02856055,-0.045138814,-0.025202231,0.1058836,0.055826988,0.044409614,-0.062088314,0.047192022,-0.047295824,-0.044271328,0.044510074,0.09822062,-0.05847296,0.021765878,-0.030903354,-0.05135547,-0.0032382398,0.04056317,-0.04380969,0.059582826,0.010470932,0.073573075,-0.05294244,0.04898553,-0.031922877,-0.061357077,-0.0041541606
BSH3%UPI000E5302B4,0.01569266,-0.0066343187,-0.011688638,0.00047447052,0.03780384,0.038942434,0.028592916,-0.045519814,-0.02531423,-0.0064708376,-0.019693922,-0.010458937,-0.03738114,-0.009375688,0.0387924,-0.0050790966,0.011649703,-0.035530433,0.008257961,-0.0050277724,-0.012968573,-0.00018396523,0.019745372,0.0016895854,0.028337717,0.018189719,0.0122274365,0.013971377,0.017849995,-0.0089397,0.017271858,0.0166469,0.015841594,0.0054367934,0.004593945,-0.015150803,0.0039472617,0.004398621
BSH3%UPI000E555DC1,0.032853246,0.030309226,0.016161256,-0.022520082,-0.053441428,-0.045664273,-0.045418724,-0.018713297,0.033729997,0.036045793,0.028563432,0.013630402,-0.0077729346,0.08936781,-0.046887085,-0.07649322,-0.021740895,0.0067850854,-0.0016578122,0.027655542,0.044446178,-0.020573847,-0.0009167671,-0.045378696,0.022151135,-0.033316433,-0.02490613,-0.021961322,-0.03166888,-0.0070543224,0.012299868,-0.05928821,-0.025856936,0.03238068,0.029661478,0.01646647,0.037053768,0.050144725
BSH3%UPI000E902C94,-0.03878793,-0.0619165,0.045049593,0.022924727,0.026058294,0.020853756,0.02681889,-0.00974074,0.055007294,0.037522454,-0.010076024,0.043855548,0.008892431,0.001446153,-0.009480863,-0.0010431377,-0.009017454,-0.032337736,0.0015723654,-0.036603495,-0.008129451,-0.04988132,0.022447873,-0.06402828,0.08497299,0.055734716,0.023984978,0.0401735,-0.00017898298,0.025320403,-0.025864601,-0.015483397,-0.0035872147,-0.05880679,-0.00074540003,-0.02944163,-0.04117973,-0.012424011
BSH3%UPI000ED2B3A0,0.0130895125,-0.0024576036,0.012020635,-0.0051292824,0.03320095,0.02712766,0.02267097,-0.033847813,-0.021244833,-0.023847915,-0.012869919,-0.008107229,0.012499029,-0.020756071,0.036607806,0.03275111,0.0018050775,-0.008445955,0.03609122,-0.016408231,-0.047440115,0.03713925,0.05059568,0.021845777,0.009800963,0.01106513,0.004702527,0.039461076,0.0060340036,-0.023656737,0.015568967,0.0030197417,0.0127177825,-0.0045147627,0.0115031395,-0.021355879,0.008756355,0.0028809363
BSH3%UPI000EF23C17,-0.05228603,-0.0013030074,-0.054974567,0.015547898,0.029985728,0.05560658,0.026200442,0.022513188,-0.06515727,-0.075561374,-0.004727382,-0.038553867,-0.0639658,-0.017222501,0.0145172775,0.0026131782,0.026563488,0.022807501,0.020855367,-0.00048801684,0.043321088,0.013204739,0.007205125,-0.011850022,-0.057762846,0.00840959,-0.0016664504,-0.048753105,0.017807107,0.036459826,0.02126825,0.07128822,-0.007791691,-0.07994988,-0.05877279,-0.028729882,-0.0012893125,-0.040817652
BSH4%UPI0001FAB233,0.018296372,-0.010295571,0.05425043,-0.084661596,0.049204398,-0.03818483,-0.028460616,-0.04945351,0.033469703,-0.000996882,-0.020235203,-0.049106833,-0.05084867,0.04790107,0.06652805,0.05441097,-0.025008805,-0.0131830545,0.031074023,-0.028167605,-0.029807568,0.0060512866,0.044860717,0.024816522,0.033207785,0.010384509,0.03479771,0.07668701,0.021671562,-0.056313224,-0.0032386533,-0.016862191,0.031859647,0.05823098,0.0481863,-0.01999789,-0.013435467,0.04709927
BSH4%UPI0006BEFACE,0.017455773,0.03355093,-0.029257486,0.07513699,-0.05384566,-0.0018408347,-0.023066688,0.031654354,-0.05081166,-0.037110668,0.032047745,0.002715866,0.011847214,-0.019173978,-0.058998857,-0.0037587606,-0.0777792,0.013982351,0.01137375,0.018918494,0.05734572,-0.003483665,-0.06605253,-0.010882383,-0.058181673,-0.012556225,-0.011021045,-0.05530497,-0.04153609,0.07255955,-0.006861233,0.04703494,-0.018383121,-0.0195354,0.011293842,0.027241573,0.018699436,-0.014313724
BSH4%UPI000822CCAE,0.0244815,0.07191863,-0.069792286,0.017660163,-0.03008827,0.024854738,-0.02383897,0.05815817,-0.060678408,-0.08644713,0.088597134,0.027504938,0.03869975,-0.050426245,0.0073186327,-0.033490032,-0.021350842,0.09831725,-0.046443254,0.07981317,-0.072153196,-0.0060638357,-0.02180735,0.059377603,-0.10755618,0.0060319332,0.017673448,-0.06775385,-0.061493322,0.052274063,-0.018549645,0.05242038,-0.054628264,0.00090001925,-0.03441806,0.048148513,0.054460783,-0.051486786
BSH4%UPI0008CBCA16,0.004667998,0.052977454,0.0126455035,-0.003296149,-0.025568917,0.0005285702,-0.01142452,0.014142912,0.015909964,-0.004379703,0.028458232,0.02128617,0.00047206602,0.005681675,-0.04136799,0.0009819111,-0.034776174,0.035512116,0.030042164,0.035531085,-0.0552983,-0.0010826078,-0.027325666,0.025909696,-0.010460144,0.039114337,0.008407922,-0.0050365482,-0.024699707,0.016379451,-0.03194047,0.028292982,-0.019462137,0.009103851,-0.00116795,0.01533533,0.017517053,-0.014199498
BSH4%UPI000D27EFA9,0.032960717,0.0388689,-0.07409814,0.074019074,-0.046877015,-0.007538557,0.0042379554,0.080039285,-0.055006415,-0.067425184,0.06887034,0.032802768,0.03298563,-0.03708029,-0.07681992,-0.010400195,-0.06513338,0.1094844,-0.042289533,0.05193384,-0.026119588,0.010226119,-0.06552959,0.021615716,-0.065132506,0.05087491,0.030838098,-0.082404606,-0.064149804,0.052191805,-0.04485014,0.08623431,-0.052306164,-0.0056336154,-0.03619704,0.068961084,0.058541387,-0.038979925
BSH4%UPI000E54B9B5,0.03830873,0.042712655,-0.050301604,0.02184442,-0.041380428,0.016251836,-0.030027227,0.012504619,-0.022263074,-0.023340069,0.1017015,0.04973625,0.069013126,-0.035575196,-0.032221925,-0.08522852,-0.080055565,0.050487507,-0.04720831,0.07958122,-0.09267851,0.058354203,0.02326888,0.0757971,-0.026753794,0.05637311,0.072146766,-0.06174193,-0.12126288,0.02320198,-0.015998373,0.09777795,-0.039900325,0.00055942126,0.006750925,0.07190236,0.054454718,0.0021327531
BaiA%SRR3992974_bin_8_EOPEKEED_01051__3-oxoacyl-_acyl-carrier-protein__reductase_FabG,-0.0033154523,-0.01969709,0.061278153,-0.046501156,0.04348613,0.009472579,0.0051879645,-0.017254453,0.04398801,0.038955055,-0.027659746,-0.022815742,-0.043378927,0.031956524,0.004593774,0.036967795,0.030425396,-0.03968326,0.021088691,-0.024203153,-0.004818283,0.010684728,0.055354867,-0.015256692,0.07682761,0.007996426,0.0045077377,0.08155103,0.06226715,-0.026642887,-0.06257196,-0.088224895,0.031352412,0.0024330849,0.03651805,-0.013386585,-0.029272996,0.013251394
BaiB%CosteaPI_2017__SID713A038-11-90-0__bin_26_fa_FGHNBBEK_00429__Bile_acid-coenzyme_A_ligase,0.022657072,-0.019414429,0.030152876,0.002818612,-0.030119129,-0.05028806,-0.025970716,-0.019844346,0.029470168,0.026572878,-0.032564588,0.0045561935,-0.011506012,0.021798056,-0.018988073,0.012207491,-0.0075816764,-0.027604021,-0.0040496243,-0.042036887,0.03517722,0.0033746837,-0.0029856765,-0.04458441,0.0261022,-0.0013976905,-0.0139104845,0.047367066,-0.0022287383,-0.028780974,0.026970863,0.025956914,0.006716688,0.020583043,0.026906237,0.00090385036,-0.034126807,0.029551497
BaiB%bai_cluster_2%midas_uncultured_Eubacterium_73696%uncultured_Eubacterium_73696|FMDW01000013_871,0.01867158,0.0033393025,0.005526225,0.03331039,0.02946486,0.031414513,0.027642002,-0.018514918,-0.006184978,0.009480506,0.007637369,-0.02581568,0.013027988,-0.057855144,0.041211117,0.021641167,0.0011375756,0.0008981468,-0.013109334,0.004405934,-0.006507132,-0.004596262,0.008043127,0.020257676,-0.044296756,-0.037322875,-0.017999113,-0.020294704,0.015680859,0.005080013,-0.012075517,0.0027705634,0.012007461,0.01539519,-0.01471067,3.0527113e-05,0.010348136,0.00042634533
BaiB%fig|1950888_3_peg_94|__Long-chain-fatty-acid--CoA_ligase_(EC_6_2_1_3)____Clostridiales_bacterium_UBA4701_|_1950888_3_,-0.06931284,-0.104870215,0.01972694,-0.03245022,0.018240854,0.0834665,-0.031091085,-0.035062693,0.06834472,0.090799786,-0.08083619,-0.014558392,-0.027880587,0.06703547,0.05821435,0.086959,0.038049214,-0.026750596,0.08372593,-0.09380748,0.023388643,0.04449444,0.10242402,-0.025265776,0.068319,-0.052564096,-0.054834474,0.0534733,0.012963129,-0.033054262,0.042591807,0.0013711199,0.09108466,-0.031139918,0.035788532,-0.074882165,-0.08704908,-0.019021105
BaiCD%MEI3381486_1_FAD-dependent_oxidoreductase__Dorea_sp__,0.0071222647,0.011813817,-0.0138284825,0.027323052,-0.006726195,0.0020142281,-0.007839546,0.011333363,0.019019807,0.007962261,0.016597345,0.0003593678,0.019496588,-0.06233908,-0.0007110965,-0.014642943,-0.016254738,-0.00040004385,-0.025976788,0.027350256,0.013441747,-0.053775646,-0.013123576,0.021666456,-0.031202877,-0.015227999,-0.003868051,-0.020390127,0.013829383,0.030867476,-0.036023773,0.017466636,-0.023940323,0.016243212,-0.021012086,0.030656748,0.012936877,0.012116175
BaiCD%RaymondF_2016__P21E7__bin_22_fa_DDJCLBHB_00368__NADH_oxidase,0.0023580564,0.025268922,-0.025402829,0.010576436,0.0053044665,-0.040964384,0.010474306,-0.026870463,-0.032007523,-0.004390886,0.029727405,-0.026307194,0.048091456,-0.010548576,-0.030446671,-0.0071768756,0.0004261186,0.0060743247,-0.04946393,0.03568412,-0.01781873,-0.025721347,-0.04505628,0.0011784158,-0.07824519,0.00064286037,0.0666418,-0.03275807,-0.013166986,0.03737344,-0.018561224,0.05045346,-0.033018235,0.06455378,-0.014628565,0.037954226,0.04082704,0.033112865
BaiCD%XieH_2016__YSZC12003_35390__bin_5_fa_PIKIEFGP_00577__NADH_oxidase,-0.07062766,-0.012750597,-0.02561759,-0.048227474,-0.042472996,0.07882216,-0.057695862,0.036071166,-0.010186845,-0.00085841794,-0.010325514,-0.010532461,0.021274319,0.04003284,-0.013169977,-0.012420317,0.01159281,-0.040401272,-0.013459763,0.0055652913,-0.024153493,-0.001352876,0.014560356,0.018350853,0.030379284,0.029700253,0.05614093,0.05795413,-0.03462781,0.036653828,-0.022575142,-0.0043264325,-0.0063739405,-0.0065216767,-0.0005031995,-0.0033210856,0.011070576,0.00058811216
BaiE%LiJ_2017__H3M515915__bin_8_fa_COLEEGFP_01274__Bile_acid_7-alpha_dehydratase,0.0139835505,0.013977628,0.0056881797,0.016694749,0.0070873247,0.022746861,-0.011407461,0.0009872314,0.008524003,0.016369479,-0.0067681414,-0.003875175,0.029160848,0.031333994,0.0006986293,0.0053884746,-0.0009271586,0.007036178,-0.019115575,0.028001867,-0.008039691,-0.026774196,0.006234079,0.009414068,-0.018558871,0.00491123,0.016183274,0.009743593,0.015509836,-0.0026854333,-0.044502705,-0.019745603,-0.014075078,-0.0010989628,-0.038051855,-0.0073550413,0.018779686,-0.0017855052
BaiE%fig|1950888_3_peg_203|__Bile_acid_7-alpha_dehydratase_(EC_4_2_1_106)_(BA7_alpha_dehydratase)_(Bile_acid-inducible_operon_protein_E)____Clostridiales_bacterium_UBA4701_|_1950888_3_,0.06179725,0.033675592,-0.03351174,0.04909027,0.00080345897,-0.024385225,-0.017417174,0.017669955,-0.02705482,-0.017187666,0.027201544,0.017282259,0.045859154,-0.010651896,0.017584385,-0.013870636,-0.012073097,0.033861186,-0.025288166,0.026101315,-0.012532697,0.036472432,0.013809116,0.035035044,-0.05965735,-0.030040003,-0.01915981,-0.04324375,-0.014522921,0.011353422,-0.053649068,0.010551911,-0.015066245,0.027815195,-0.013388885,0.037551302,0.03077572,-0.00988604
BaiF%KarlssonFH_2013__S54__bin_27_fa_BBGPADBL_00031__Bile_acid-CoA_transferase,0.02055145,0.0067493017,0.014085357,0.035612904,-0.05512243,-0.03844751,0.0030301348,0.03315055,0.029818347,0.0059446082,0.023088742,0.05580282,-0.0036513275,0.014681777,-0.0573737,-0.055788808,-0.06823334,-0.026065068,-0.016529681,0.0068613505,0.010978528,-0.059896424,-0.019430425,-0.01819231,0.054083433,0.045425512,-0.0073599555,-0.006096736,-0.026992597,-0.011028933,0.028247103,0.030334206,-0.02987443,-0.036325358,0.025687635,0.001671274,0.0033756634,-0.0411238
BaiF%LiJ_2014__MH0358__bin_56_fa_NPCPOAJM_00305__Bile_acid-CoA_transferase,0.01636348,0.007018017,-0.00080857234,-0.033567652,0.05219875,0.027209885,0.011615565,-0.02979907,0.018664189,0.0018721079,0.016548064,-0.02411771,-0.012271863,-0.0064974534,0.053738967,0.007592852,0.019294703,-0.004724262,-0.013375521,0.0130127,-0.0003446822,-0.009716919,0.041942295,0.008370433,-0.017557206,0.0010079268,0.022836372,-0.004994234,0.030791374,-0.0034492093,-0.08925241,-0.015937142,-0.0017213036,0.016444331,-0.02562882,0.005377099,0.027229374,-0.0020379315
BaiF%LiJ_2014__V1_FI37__bin_39_fa_IHFOFLIJ_00762__L-carnitine_CoA-transferase,0.0068791034,-0.020121668,0.02587749,0.0100545855,0.01962985,-0.038669787,0.010411095,-0.016558846,0.018857386,0.026779506,-0.024409113,-0.033776596,-0.026747221,3.121417e-05,0.006661222,0.018597601,0.008696165,-0.025709068,0.010344404,-0.030075217,0.047217064,0.016349195,0.018669818,-0.006067474,-0.021556698,-0.024458542,-0.017882105,0.014343071,0.011039179,-0.013728947,-0.009718255,-0.005440363,0.01931473,0.036805246,0.025784213,-0.003368347,-0.023799252,0.041232232
BaiF%RaymondF_2016__P21E7__bin_22_fa_DDJCLBHB_00373__Bile_acid-CoA_transferase,-0.020440273,0.020349795,-0.007859809,0.0018989028,-0.038375188,-0.026154986,0.01342408,0.028817357,-0.0428781,-0.038570926,-0.007948223,0.0037723198,0.0075016688,0.009082348,-0.0018395961,-0.003587721,0.015637608,0.025275145,-0.023056429,0.014182763,-0.009702593,-0.07212585,-0.02817433,-0.00586924,-0.024955202,0.03950697,0.047090393,-0.0064139664,-0.01794945,0.008304456,0.0072977687,0.037571788,-0.028042596,-0.002234638,-0.026099622,0.019581197,0.021937484,-0.011559404
BaiF%SRR4783510_bin_28_GHBMCCFK_00008__L-carnitine_CoA-transferase,0.050351262,0.058142487,-0.092403814,0.08015642,-0.05320497,0.00012434102,-0.019594025,0.070475966,-0.08706692,-0.03833538,0.06994165,0.053362705,0.09973805,-0.068731695,-0.019493215,-0.06619079,-0.02425567,0.07743101,-0.07552625,0.086534716,0.0017903917,-0.043853763,-0.029655032,0.055261545,-0.03523781,0.009430775,0.031442128,-0.054333925,-0.051805582,0.044808336,-0.049851753,0.010993111,-0.06598928,-0.0028302234,-0.1438323,0.075987294,0.08274699,-0.06498979
BaiF%bai_cluster_2%midas_uncultured_Eubacterium_73696%uncultured_Eubacterium_73696|FMDW01000013_892,0.019318815,0.031491317,-0.053668197,0.05551679,0.011766596,0.08232856,0.02407841,0.04552959,-0.04474385,-0.013554522,0.049954727,0.063470446,0.07079534,-0.028346281,0.019018672,-0.021070397,0.0010595355,0.03552083,-0.011357392,0.03750839,-0.0435199,0.006957201,-0.008724571,0.010595995,-0.04496278,-0.03593287,-0.010541806,-0.08011225,-0.018133841,0.030303616,-0.03972271,0.025839457,-0.0033465931,-0.02046104,-0.077721536,0.038478334,0.020626359,-0.0818979
BaiF%fig|1950825_3_peg_1464|__L-carnitine_dehydratase_(EC_4_2_1_89)____Clostridiales_bacterium_UBA1701_|_1950825_3_,0.025551489,0.031993426,-0.020833936,0.009987229,-0.004533453,-0.00017502338,-0.018404452,0.01907986,-0.0024232576,0.0009826586,0.0038944357,-0.007120924,0.009812442,-0.037522722,0.006062033,-0.0023631626,0.0067553576,0.033926897,-0.009022265,0.009060019,-0.011802856,-0.009458359,-0.01900935,0.031393457,-0.051694952,-0.019701628,-0.010980913,-0.045220118,0.012735023,-0.015197801,-0.0040498613,0.03254219,-0.013332188,0.035299517,-0.029183352,0.02199097,0.017426359,0.005674139
BaiG%LeChatelierE_2013__MH0251__bin_10_fa_BOBEKBFD_00006__Multidrug_resistance_protein_3,-0.025016565,-0.020641737,0.043028913,-0.03278166,0.036867436,0.023311557,0.0009678743,-0.045258697,0.020029318,0.024723552,-0.008779419,-0.037780747,-0.024970775,0.016409421,0.023162916,0.040849317,0.050744265,-0.058770645,0.010010231,-0.011215379,-0.021489099,0.012830582,0.045210086,-0.042902984,0.04549086,0.014272763,0.0073999227,0.06645997,0.04546746,-0.035027064,0.0035492883,-0.053240083,0.050601583,0.014675242,0.019121014,-0.025253296,-0.015078021,0.027866757
BaiG%MBR4017991_1_MFS_transporter__Clostridia_bacterium_,-0.0033801605,-0.07687855,0.05616457,0.01414916,0.042645365,-7.83889e-05,0.06814198,-0.06376615,0.08917428,0.068642214,-0.10090402,-0.03221926,-0.070408545,0.036695886,0.053835593,0.07479747,0.054854102,-0.09003139,0.10422657,-0.118031055,0.02213002,0.087143935,0.049075063,-0.061942413,0.07725192,-0.05414237,-0.07357702,0.0686253,0.06197422,-0.05189591,0.08986215,-0.02858192,0.078757554,-0.020709993,0.043216072,-0.0796747,-0.12829581,-0.019190816
BaiG%MDY4488523_1_MFS_transporter__Candidatus_Limivicinus_sp__,0.034532685,0.042247567,-0.039466906,0.023077456,-0.020567674,0.021006562,-0.017987406,-0.00040333084,-0.019624857,-0.0004899845,0.041388143,-0.0101796305,0.056743264,-0.051423863,0.015488879,-0.0210476,0.009959355,0.026909055,-0.028174877,0.03460513,0.029709963,-0.010955813,-0.0016805003,0.023457713,-0.047821533,-0.046896372,-0.030547464,-0.07418465,-0.025199296,0.011520505,-0.008096831,0.0002630358,-0.0036984498,0.011160327,-0.045260586,0.03840885,0.056386493,-0.0012527753
BaiH%MEE0204071_1_FAD-dependent_oxidoreductase__Oscillospiraceae_bacterium_,-0.0062298537,0.027777292,-0.03529145,0.037576012,0.008033462,0.015620646,-0.020351047,0.004533187,-0.025885355,-0.036595255,0.0291812,-0.009409981,0.03209541,-0.05290995,0.019009218,-0.0063060634,0.008348851,0.02878631,0.0044346564,0.039291553,-0.032044504,0.047034845,0.003584818,0.026216485,-0.039136592,0.01717807,0.016652824,-0.018455455,-0.015865663,0.0043712733,-0.03703891,0.016309937,-0.009372858,-0.008547087,-0.057355214,0.00973001,0.03070001,-0.020116247
BaiH%Obregon-TitoAJ_2015__NO11__bin_28_fa_ODBMCAMJ_01962__NADH_oxidase,0.004324432,0.027998049,-0.035280533,0.03607332,-0.0044258144,0.0068589677,-0.028234422,-0.0027661466,-0.046938464,-0.03958367,0.029133437,-0.009503162,0.03388578,-0.0805007,0.01136824,-0.021349669,-0.00010954436,0.0058217896,0.015141016,0.0228262,-0.0050145234,0.0068889353,-0.011205613,0.03128661,-0.056759175,0.016591137,0.038384248,-0.04607334,-0.015859384,0.046382237,0.02305895,0.04365792,-0.00803223,-0.024216194,-0.03244201,0.008818617,0.015857136,-0.033776928
BaiH%bai_cluster_2%midas_uncultured_Eubacterium_73696%uncultured_Eubacterium_73696|FMDW01000013_836,-0.015443503,0.016457804,-0.008169685,-0.0039433395,-0.06280815,0.00125688,-0.022372277,0.020851279,0.004098917,0.0015374242,0.013744483,0.04563546,0.052308816,-0.030579412,-0.025473408,-0.015904773,-0.019249193,0.023901341,-0.019511158,0.025238164,-0.029393202,0.012961048,0.0065322085,0.069621466,0.027449304,0.044172212,0.03762731,0.016858686,-0.03369204,0.0076716803,-0.052662697,-0.019300258,-0.035209313,0.014196806,0.01249071,0.00483062,0.025133738,-0.018087229
BaiI%QinJ_2012__CON-070__bin_41_fa_AAAKDJOM_00400__hypothetical_protein,-0.038676947,0.024301026,-0.10441197,0.07434206,-0.07291734,0.006560192,-0.03809428,0.07221016,-0.06730431,-0.056622844,0.012468035,0.053789157,0.09791071,-0.02048937,-0.03259242,-0.029577283,0.0177982,0.06820724,-0.020679452,0.04095355,0.04186455,-0.0061895694,0.011048255,0.044400007,-0.032135822,0.037383452,0.035543967,-0.043783866,-0.059167016,0.023046121,-0.025921619,0.022771562,-0.034359146,-0.052908354,-0.12088823,-0.0057048304,0.03460096,-0.099464215
