Family,3oxoDCA,3oxoLCA,7oxoDCA,Ala_DCA,Asn_CA,Asp_CA,Asp_DCA,CA,CDCA,Citrulline_DCA,DCA,GCA,GDCA,GLCA,Gln_CA,Glu_CA,Glu_CDCA,Glu_DCA,HCA,His_DCA,LCA,Lys_CDCA,Met_CA,Met_CDCA,Phe_CA,Phe_CDCA,Phe_DCA,TCA,TCDCA,TDCA,TLCA,Thr_CA,Thr_CDCA,Thr_DCA,Trp_CA,Trp_CDCA,Tyr_CA,Tyr_UDCA,UDCA,isoCA_aMCA,isoDCA,isoLCA,isoalloLCA
12aHSDH%GENOME015584_936,0.06676227,0.0013998267,0.052321702,-0.013392614,0.03497423,-0.049857087,-0.055373464,0.015088388,0.08098149,-0.021039097,0.043221626,-0.089660555,-0.05446796,0.026273418,0.04676536,0.0006287258,0.056671165,0.020073967,-0.0063208477,-0.004952417,-0.0018941682,-0.0037558267,0.01674057,-0.03348888,0.04685465,0.06945221,-0.002629888,-0.07864202,-0.07112766,-0.118810885,-0.10435642,0.10606822,0.059125796,0.027152343,-0.010258287,0.12468649,0.08223259,0.07325867,0.12860091,0.11516417,0.03790596,0.040642504,0.020894043
12aHSDH%GENOME044629_647,-0.04236114,0.061428234,-0.043204084,0.0027903276,-0.051170945,-0.07830573,-0.075535834,-0.04328731,-0.028082035,-0.038570765,0.010875607,0.032520138,0.061057266,0.03905108,-0.102850124,-0.11496524,-0.106094524,-0.09944641,0.005110743,-0.046268545,-0.0021859533,-0.05017284,-0.0063569285,-0.0574052,-0.07806181,-0.06953005,-0.04981409,0.016839372,0.045728225,0.057920765,0.044287335,-0.111884765,-0.11996143,-0.06753539,0.015816383,-0.0773092,-0.06801301,-0.10000147,-0.06360239,-0.024338942,-0.024815107,-0.04973052,0.011110284
12aHSDH%GENOME051950_684,-0.02661269,0.041838165,-0.019695336,-0.0015818615,0.001425427,0.018549632,-0.006670435,0.009580745,-0.015161667,-0.033164944,-0.028049745,0.055314496,0.019508349,0.022027357,-0.01366341,-0.001645435,-0.008832807,-0.015854262,0.009114326,-0.039644238,-0.007494297,-0.063928254,0.0028144412,-0.0022835552,-0.03731005,-0.019510167,-0.034581684,0.03266844,0.0564604,0.030024871,0.07981642,-0.023024501,-0.011971154,-0.02643098,-0.035466854,-0.032514554,-0.05121894,-0.022020133,-0.034613427,-0.06471064,-0.041128024,-0.02906734,-0.011565979
12aHSDH%GENOME055489_1547,0.04842326,-0.0012870175,-0.024114437,0.04801307,-0.01645729,0.008153591,0.048458543,-0.004647333,0.0007511611,0.07992918,0.08434891,-0.03442936,0.045881793,0.014829917,0.008712634,-0.022923239,-0.00043177017,0.03183362,0.020106586,0.035697624,0.048659664,0.0660857,-0.041387964,0.010456624,-0.009304862,-0.027406167,0.046731435,-0.019468276,-0.036113575,0.03022353,-0.038961995,0.0021448976,0.006106692,0.06306779,-0.0022492548,0.012080933,0.0160574,0.0016607991,0.0538249,0.022376109,0.07926756,0.022001162,0.030298274
12aHSDH%GENOME077010_272,-0.014673415,0.06502653,-0.08493641,0.085863106,-0.10584582,-0.12066554,0.019640388,-0.13051708,-0.007869453,0.035871923,0.095616795,0.00650193,0.10128529,0.09038214,-0.077489,-0.1321663,-0.106112346,0.026400993,0.06624867,0.073756,0.06519937,0.05792574,-0.10106527,0.068771385,-0.13146135,-0.1683704,-0.07274688,-0.038787138,-0.162495,-0.15120852,-0.06011011,-0.11385493,-0.08895233,0.04121826,-0.008470736,-0.06175348,-0.057657294,-0.011915367,-0.003187454,-0.004407264,0.08348775,0.10199693,0.030855248
12aHSDH%GENOME126416_2228,-0.041455854,-0.006095626,-0.036605425,-0.0038931263,-0.020157624,-0.008052083,-0.0022220416,-0.032490455,-0.0984619,-0.01808974,-0.077406295,0.037589416,0.008194974,-0.025861956,-0.02187362,0.0070950864,-0.026959233,-0.028133228,0.023231054,-0.025346084,-0.008900875,-0.05249116,0.036829356,0.0024991743,-0.01340912,0.03624064,0.0065310146,0.03102049,0.07402888,0.09922226,0.10086483,-0.04659499,-0.03601154,-0.037074137,-0.031417783,-0.048908494,-0.017915245,-0.0041974327,-0.084265955,-0.070470385,-0.07688937,-0.009548601,0.029653495
12aHSDH%GENOME136792_1072,0.026953734,0.030101597,-0.06557934,0.053371698,-0.072326496,-0.08832406,0.052441616,-0.07785231,-0.061942812,0.027190411,0.060351804,-0.0175622,0.06219968,0.053834807,-0.051325113,-0.082343966,-0.05899435,0.047861814,0.0808303,0.0499788,0.08340101,0.027495919,-0.042128216,0.046918377,-0.059961546,-0.058227506,0.047248054,-0.032983307,-0.02785972,-0.0046568858,0.010258831,-0.05775123,-0.060722046,0.048745923,-0.0124499975,-0.018627185,-0.0356093,0.041901775,0.019078907,-0.036268502,0.03367088,0.053741742,0.066240445
12aHSDH%GENOME187328_883,0.048498854,0.07333572,-0.0033785072,0.018895678,0.022966208,0.037254844,0.05642307,-0.012333423,-0.033691138,0.025405647,0.0075117047,-0.0079780845,-0.018744357,0.03823801,0.07018677,0.025255825,0.04093872,0.053550884,0.026323495,0.037051428,0.0075413585,0.034638222,0.018217757,0.029771032,0.031949606,0.015624127,0.04623398,-0.018338421,-0.039581478,-0.011496398,-0.04806705,0.04481071,0.028068714,0.013210781,0.026246767,0.03227844,0.018276928,0.017074892,0.029895175,0.018564112,0.040098596,0.011966854,0.017340844
12aHSDH%GENOME211747_1057,-0.056627013,0.010285633,0.046207264,-0.11623804,0.034601983,0.019563954,-0.06210717,0.05345803,0.058288306,-0.08904295,-0.05423108,0.030065399,-0.058600016,-0.042454477,0.037747547,0.03219219,0.015414948,-0.054115698,-0.06708619,-0.055904604,-0.06081383,-0.07477054,0.042863656,-0.048259463,0.04452481,0.040565863,-0.051993024,0.03539598,0.01421601,-0.048816465,-0.02332604,0.03878211,0.03037632,-0.05588039,0.011185135,0.03062781,0.018214095,-0.004881178,-0.015451157,0.017814321,-0.061804924,-0.052236594,-0.05967164
12aHSDH%GENOME225739_454,-0.05042499,-0.08125312,0.045837384,-0.0256226,0.047086783,0.046748623,-0.03769861,0.07341439,0.10764909,-0.014733982,-0.05510073,0.050678566,-0.053140953,-0.06255311,-0.0053445245,0.06816058,0.06817221,-0.050148115,-0.06976326,-0.027683556,-0.061606422,-0.04073465,0.06532602,-0.04641226,0.07699975,0.05421126,-0.019729502,0.10951365,0.10574331,0.07881614,0.105390385,0.04849587,0.046389353,-0.04088869,0.04243624,0.05748222,0.07012527,0.011248712,0.008506057,0.011151468,-0.0510181,-0.0843257,-0.04997989
12aHSDH%MBE7001463_1_SDR_family_oxidoreductase__Oscillospiraceae_bacterium_,-0.01873946,0.07171993,-0.016844377,-0.034727693,-0.007412372,-0.06150727,-0.062441997,-0.036728464,-0.038523786,-0.078094035,-0.037039705,0.018421665,-0.004539004,0.028060365,-0.018075464,-0.054001644,-0.044207368,-0.048423816,0.048241973,-0.039754633,0.0077807684,-0.07686137,-0.016423063,-0.031880822,-0.058700595,-0.0029898821,-0.051378816,-0.018089337,0.008086715,-0.028412353,0.045486286,-0.023726247,-0.051141504,-0.0703477,-0.095065445,-0.030224087,-0.07578665,-0.03767718,-0.03675996,-0.033816144,-0.043598782,0.037931312,0.01944457
12aHSDH%MBP3571641_1_SDR_family_oxidoreductase__Clostridia_bacterium_,0.0020377543,-0.01767613,0.07072307,-0.005990505,0.05391289,0.07217139,-0.024364555,0.055648666,0.077712744,-0.0055774604,-0.004861642,-0.024104884,-0.044486996,-0.0014883465,0.07040513,0.05344862,0.064306766,-0.0049741175,-0.052593183,0.019690976,-0.042727284,0.009041419,0.041909322,0.007688846,0.060876586,0.03248847,-0.018550882,-0.022674387,-0.044772316,-0.06550851,-0.077882275,0.07549222,0.063827336,0.008394506,0.06067662,0.053433906,0.06712717,-0.010685342,0.022641592,0.066436395,0.014535342,-0.02281286,-0.043217354
12aHSDH%MBQ2887473_1_SDR_family_oxidoreductase__Bacillota_bacterium_,0.008259883,-0.056184996,0.051422063,0.03515292,0.027950795,0.042683687,0.02354071,0.045660015,0.062608816,0.064746164,0.018774413,-0.009523472,-0.003034112,-0.020463455,-0.033133037,0.047992557,0.031095779,0.028346706,-0.028957404,-0.0017511958,-0.0028868474,0.02143041,0.05169203,-0.0059848255,0.075700834,0.023295231,0.041397452,0.03240079,0.03816854,0.04954566,0.01755505,0.030079171,0.035087816,0.057156228,0.07975879,0.055847898,0.0820488,0.07872754,0.047393985,0.026912142,0.00962691,-0.06236936,0.004206746
12aHSDH%MBQ4339583_1_SDR_family_oxidoreductase__Bacillota_bacterium_,0.017903587,0.047276355,-0.013087872,0.04331825,-0.023964906,-0.052332498,-0.023643332,-0.02218758,-0.013505698,0.03296703,0.028955303,0.020648558,0.04764736,0.037001267,-0.066696845,-0.06631615,-0.05590987,-0.015737735,0.047802597,-0.064464204,0.039516326,-0.026543135,-0.042470507,-0.041941896,-0.07686646,-0.07642016,-0.044366255,0.009391659,0.017533643,0.03209533,0.04175086,-0.065274216,-0.09942252,-0.006192691,-0.09274773,-0.03322171,-0.052016955,-0.028366989,0.006315104,-0.02202792,0.0073353774,0.014316255,0.032938596
12aHSDH%MBQ4566268_1_SDR_family_oxidoreductase__Oscillospiraceae_bacterium_,-0.063733295,-0.089309305,0.07439104,-0.03554102,0.04373438,0.054810323,-0.052091185,0.109224245,0.11339042,0.016072549,-0.054606862,0.03442053,-0.068244256,-0.094246075,0.069159195,0.078351386,0.05885822,-0.06442989,-0.11830388,-0.032334365,-0.1084247,-0.029936133,0.08114095,-0.030994212,0.098729916,0.066615835,-0.015367372,0.06793939,0.041383192,0.011733084,-0.032035477,0.06921367,0.07434651,-0.03538503,0.06893695,0.051780976,0.10530808,-0.028776407,-0.017884182,0.04166809,-0.05532506,-0.12272763,-0.09373769
12aHSDH%MBR0327374_1_SDR_family_oxidoreductase__Clostridia_bacterium_,0.07068538,-0.026232678,0.110540025,-0.02420754,0.12834407,0.06825181,-0.04047052,0.08207311,0.03958185,-0.035120584,-0.0118823,-0.15554853,-0.15763266,-0.001243678,0.061191045,0.071913965,0.03864363,0.04374489,-0.022881586,0.06459098,-0.0077785747,-0.002796281,0.18406752,0.031109978,0.16984387,0.1477305,0.12914723,-0.06987758,0.018874792,0.013272174,-0.04371839,0.14800605,0.06519581,0.03503953,0.019255662,0.1984251,0.118472606,0.09582388,0.077826604,0.11383461,-0.009185845,-0.07919018,0.047275547
12aHSDH%MBR6816818_1_SDR_family_oxidoreductase__Clostridia_bacterium_,0.0053014965,0.028855862,0.04919762,-0.041844584,0.04006968,-0.0061440216,-0.029827623,0.019627273,-0.051022682,-0.041298453,-0.03511777,-0.06470254,-0.101991266,-0.02102651,0.021684647,-0.027365956,-0.045216016,-0.01682674,-0.020429604,0.0064525013,-0.021546235,-0.049510717,0.11266889,-0.008133123,0.08342858,0.024948664,0.04204043,-0.0242694,-0.005061535,-0.001750568,-0.04438235,0.018382352,-0.026132794,-0.03741922,0.05428602,0.050327312,0.036608443,0.017257974,0.006525421,0.0060507758,-0.052541543,-0.07031058,0.016685419
12aHSDH%MBR7146259_1_SDR_family_oxidoreductase__Oscillospiraceae_bacterium_,0.009463835,0.037252866,-0.09430338,0.040769182,-0.09605121,-0.13953237,0.032869846,-0.10302044,-0.05343153,0.010309431,0.051271744,-0.026880333,0.07051739,0.05850375,-0.10467226,-0.102255456,-0.093922585,0.03881862,0.0900539,0.069057144,0.09012166,0.03423132,-0.04480519,0.054229368,-0.074921444,-0.036288247,0.044997316,-0.050274726,-0.026612975,-0.0003753411,0.015131066,-0.07041847,-0.04695796,0.06396403,-0.021560533,-0.020946536,-0.05050882,0.053596757,0.0019997233,-0.03255029,0.021642832,0.07517059,0.073809355
12aHSDH%MCH5186073_1_SDR_family_oxidoreductase__Oscillospiraceae_bacterium_,-0.06607389,-0.033123787,-0.030036686,-0.034909472,-0.03714797,0.007226325,0.012206068,-0.009240314,-0.016637623,-0.026324118,-0.022197545,0.056620523,0.0152803995,-0.03600445,-0.034126002,0.0049057296,-0.024523176,-0.03326582,-0.011812236,-0.0017171017,-0.009205514,-0.00885935,-0.0022626417,0.002210463,-0.016354844,-0.012270445,-0.006987331,0.05778941,0.04942749,0.04548643,0.07685601,-0.034851633,-0.0155421365,-0.033559974,-0.010092705,-0.04386245,-0.025957583,-0.019853834,-0.07566063,-0.05104313,-0.044225574,-0.018281955,-0.02427256
12aHSDH%MEE0965876_1_SDR_family_oxidoreductase__Bacilli_bacterium_,-0.053184677,-0.011955018,0.026744494,-0.06786088,0.036934633,0.030189225,-0.044963133,0.025995946,-0.00020993575,-0.09399145,-0.08293326,0.037389077,-0.05281793,-0.03578118,0.033720266,0.04707457,0.040599216,-0.040350825,-0.021832006,-0.050388817,-0.049583644,-0.08650253,0.04001882,-0.020068549,0.028188333,0.07061824,-0.022203641,0.028828956,0.056943115,0.005657064,0.07399095,0.03751045,0.022932122,-0.074259765,-0.013565763,0.010066104,-0.0028205852,0.002480962,-0.0419147,-0.018797573,-0.08132604,-0.028372755,-0.027896423
12aHSDH%MFR3091303_1_SDR_family_NAD(P)-dependent_oxidoreductase__Eggerthella_lenta_,0.016957473,0.028139532,-0.00079992786,0.015979331,-0.014590724,0.025257519,0.050378613,-0.03233183,-0.01337214,0.008393671,0.04255692,-0.001108928,0.03898801,0.024705037,-0.00020038789,0.023478625,0.030577645,0.046600107,0.024914986,0.063619174,0.033841595,0.062349338,-0.02613897,0.029365014,0.013651165,-0.009855538,0.035692245,-0.017615048,-0.043151412,-0.03955862,-0.07069737,0.0030455184,-0.003921664,0.031203799,0.044317126,0.014774736,0.029389758,0.032653157,-0.0038073226,0.016390279,0.038213342,0.04957065,0.014863141
12aHSDH%NCB62655_1_SDR_family_oxidoreductase__Clostridia_bacterium_,0.05732839,-0.038785182,0.045036536,0.03823316,0.053621378,0.06278424,0.04532109,0.021254461,0.049698543,0.021511242,0.072629265,-0.06671283,0.01810551,0.032519165,0.06486904,0.05284097,0.067363314,0.08580405,-0.0048547103,0.069362395,0.03412442,0.06161134,-0.014029265,0.029573694,0.06238961,0.046709005,0.047149763,-0.058097996,-0.06766499,-0.04293564,-0.06618361,0.0770034,0.06721264,0.09682804,0.048737094,0.088603914,0.088566504,0.0875877,0.07404301,0.058491014,0.080789804,0.06734491,0.011207179
12aHSDH%WP_055231566_1_SDR_family_NAD(P)-dependent_oxidoreductase__Anaerostipes_hadrus_,0.040142804,0.00063363166,-0.0107481945,0.040560916,-0.038815502,-0.032665957,0.019743236,-0.028540611,0.0035306257,0.030025523,0.063791774,-0.025118513,0.04527126,0.040423818,0.0102163395,-0.019809367,0.011033033,0.030606749,0.012400145,0.05816696,0.013168961,0.06668976,-0.058986664,0.010466209,-0.029798899,-0.029952932,0.0041012205,-0.060676023,-0.06374246,-0.07033017,-0.09391587,0.0064989687,-0.0031519472,0.031789854,0.003143335,-0.005899035,0.013841201,-0.021850724,0.018327873,0.042375382,0.05453171,0.049310993,-0.0026522204
12aHSDH%WP_103229430_1_SDR_family_NAD(P)-dependent_oxidoreductase__Clostridium_sp__chh4-2_,0.07290863,0.07066555,0.003092815,0.01148166,0.013645427,-0.033260178,-0.05553555,-0.034865387,-0.011650717,0.0051002945,0.014275449,-0.08490515,-0.045759954,0.05935708,-0.0019203796,-0.029108211,-0.004552489,-0.008191926,0.022926286,-0.0179186,0.01501049,0.007906441,-0.007824596,0.031189354,-0.05535724,-0.043569136,-0.04149205,-0.08214525,-0.115636,-0.05655391,-0.035417624,-0.013030027,-0.021512033,-0.034165088,-0.047071412,-0.014123369,-0.033065885,-0.12257309,0.025206074,0.09197636,0.08434307,0.053112853,0.032693863
12aHSDH%WP_160708750_1_SDR_family_NAD(P)-dependent_oxidoreductase__Enterorhabdus_sp__P55_,0.023236811,-0.05206018,0.11772895,-0.05721111,0.1272634,0.057385433,-0.09036098,0.1060009,0.16189581,-0.042179503,-0.014442806,-0.025917334,-0.067244254,-0.019690968,0.10775914,0.04729831,0.05992409,-0.03235939,-0.124291085,-0.044330314,-0.08409552,-0.020018874,0.056148414,-0.118036054,0.13052441,0.082885854,-0.04099245,0.014918808,-0.011247666,-0.053931236,-0.11682875,0.10074033,0.074155204,-0.001761378,0.119428284,0.10757719,0.10693563,0.006884909,0.10008956,0.1255624,0.021039004,-0.034722213,-0.061144713
12aHSDH%WP_161844252_1_SDR_family_NAD(P)-dependent_oxidoreductase__Pseudoflavonifractor_sp__524-17_,-0.0044433293,-0.03739758,-0.005103486,0.0059660347,0.0021642908,0.06815518,0.05839529,0.0028548809,0.014392462,0.015056909,0.017748592,0.0185541,0.01650872,0.0013494089,0.04852239,0.072927505,0.054701068,0.055417296,-0.017395198,0.018864894,0.0025540562,0.036717888,-0.036931217,0.00578519,0.024392556,0.016086943,0.027434373,0.01087162,-0.009174652,-0.0047920924,-0.012596231,0.03398691,0.026488813,0.03468117,0.020006204,0.02300609,0.030652236,0.028365435,-0.00070974545,0.009999114,0.036592294,0.022872351,-0.022488678
12aHSDH%WP_249318265_1_SDR_family_NAD(P)-dependent_oxidoreductase__Yeguia_hominis_,0.018899469,0.024985356,0.0017833789,-0.039507385,0.03739866,0.006594852,-0.002302855,-0.010571729,-0.03334644,-0.09073789,0.005191679,-0.03960186,-0.043423273,-0.0017473273,0.030342283,0.014203531,0.021985002,0.021390509,0.013481189,0.019963117,0.02124917,-0.012858242,0.042278666,0.019158965,0.018717796,0.03397638,-0.00076962763,-0.019280015,-0.012179491,-0.020697366,-0.017964277,0.03472759,0.036118645,-0.0038177723,0.023811638,0.030457754,0.01884479,0.029689636,0.008291661,0.018158603,0.009479279,0.019175196,0.027259475
12aHSDH%WP_251178417_1_SDR_family_NAD(P)-dependent_oxidoreductase__Adlercreutzia_agrestimuris_,-0.009387642,-0.010476578,-0.019921156,0.05943606,-0.03545582,-0.04152618,-0.022643266,-0.0100731,-0.011823459,0.05593642,-0.013239665,0.045108154,0.055763353,0.0278001,-0.047752026,-0.045621395,-0.06799798,-0.027160047,0.009722847,-0.0035914285,0.0015086051,0.015626824,-0.016023118,-0.04957415,-0.017425278,-0.025949018,-0.010569024,0.029996438,0.047011685,0.053415913,0.025486724,-0.057158776,-0.059423458,0.0112747345,-0.013742509,-0.022575812,-0.016257484,-0.0025134068,-0.014920138,-0.065035656,-0.03467398,-0.00021686696,0.011351656
12aHSDH%WP_418471294_1_SDR_family_NAD(P)-dependent_oxidoreductase__Eggerthella_sp__,0.02341125,0.010333087,-0.014133546,0.046574093,0.014886049,0.029007066,0.05094908,0.0022146509,0.023966432,0.0362729,0.07287253,-0.0069053564,0.06781011,0.044406004,0.04911168,0.008337105,0.008163659,0.066010386,0.033710986,0.05388963,0.043529235,0.048870258,-0.005255107,0.031358246,0.024620423,0.032519843,0.073486745,-0.016457768,-0.020214865,-0.0033043742,-0.026633602,0.021545693,0.028434288,0.07631773,0.014047674,0.06569061,0.036402714,0.07137591,0.029618567,0.0087361755,0.048988733,0.04681127,0.025572114
12bHSDH%GENOME225741_180,-0.022431916,-0.074778944,0.0748638,-0.027873872,0.037389413,0.039216187,-0.036711436,0.06904635,0.04808246,0.0030444101,-0.050206542,-0.0142470645,-0.07605018,-0.070229314,0.054605335,0.059387118,0.073925965,-0.026294487,-0.066312335,-0.036862385,-0.06456233,-0.024824288,0.057386003,0.0012802038,0.052149702,0.03486641,-0.024563413,-0.0012699625,-0.008062014,-0.020697348,-0.025747538,0.06809258,0.06952607,-0.013431656,0.009982473,0.04805279,0.057116102,-0.005442002,0.0041889744,0.060386494,-0.034633663,-0.09018703,-0.052381426
12bHSDH%MDD6456291_1_SDR_family_NAD(P)-dependent_oxidoreductase__Lachnospiraceae_bacterium_,-0.02212032,-0.0049451757,-0.023086602,0.036722556,-0.07789403,-0.087990046,-0.05024423,-0.03024786,-0.0059653833,0.015130636,-0.0006117362,0.017195918,0.04224759,0.016248338,-0.11781089,-0.06527431,-0.0601526,-0.051609058,0.014799987,-0.026011903,0.008676292,-0.005910112,-0.021213202,-0.017932989,-0.057161707,-0.047538217,-0.035843085,0.014003529,0.02089379,0.021274913,0.02391345,-0.07799202,-0.05128492,-0.012785742,-0.0062352503,-0.050709873,-0.038047932,-0.039916173,-0.030679772,-0.027665246,-0.022645352,-0.0149703715,0.009547764
3aHSDH%3aHSDH%MBO5160353_1_3-oxoacyl-ACP_reductase_FabG__Lachnospiraceae_bacterium_,0.082043335,0.10920491,-0.09882964,0.124885425,-0.03095564,-0.048534013,0.08445868,-0.13353741,-0.12941393,0.061414886,0.096528016,-0.055696417,0.10376335,0.14632197,-0.021216378,-0.067932054,-0.065152824,0.08635971,0.122226104,0.11571254,0.12465136,0.12812854,0.00412868,0.054512396,-0.030396394,0.007547888,0.12091908,-0.08151021,-0.053650845,0.03508716,-0.014674177,-0.04762959,-0.03768165,0.0891738,0.04613508,-0.012111868,-0.045448862,0.042511035,0.0064289775,-0.016514326,0.09752226,0.13191062,0.13460256
3aHSDH%3aHSDH%MBQ7891058_1_3-oxoacyl-ACP_reductase_FabG__Erysipelotrichaceae_bacterium_,-0.02997618,0.11494225,-0.21996628,0.16708301,-0.21428525,-0.071500085,0.21316199,-0.1926299,-0.21614723,0.09638875,0.10966178,0.09114677,0.26814902,0.103336126,-0.16312975,-0.11195707,-0.11448381,0.12576126,0.20959213,0.14196819,0.18888658,0.13357076,-0.1181402,0.16894418,-0.18695661,-0.14460078,0.14648987,-0.0045986753,0.027075471,0.08997244,0.12472033,-0.19189806,-0.13534036,0.10910256,-0.030887026,-0.12261803,-0.15351811,0.061829377,-0.16754572,-0.22051463,0.042202987,0.13726443,0.14306483
3aHSDH%3aHSDH%MCI8514525_1_3-oxoacyl-ACP_reductase_FabG__Lachnospiraceae_bacterium_,0.08354954,0.12792797,-0.078089364,0.043744277,-0.029950187,-0.03130509,0.074901365,-0.08763672,-0.08121671,0.051553033,0.07260389,-0.068977416,0.03197907,0.037752915,-0.013449806,-0.06478844,-0.03025131,0.058743075,0.09314017,0.030035079,0.08637006,0.036674988,-0.093103684,0.07083251,-0.11687078,-0.122435115,0.010935363,-0.09953561,-0.12326659,-0.024762072,-0.020434799,-0.060616393,-0.07610375,0.041505475,-0.08812603,-0.067743726,-0.09849379,-0.054507993,0.014248777,0.0050013447,0.11087238,0.069727786,0.0625264
3aHSDH%3aHSDH%MCM1345206_1_3-oxoacyl-ACP_reductase_FabG__Muribaculaceae_bacterium_,0.040915404,0.054502398,0.018322645,0.004008766,0.039548468,0.020479226,0.081448704,-0.06573581,-0.07294178,-0.04290781,0.05787663,-0.028036084,0.00973982,0.00076744927,0.14124909,0.007138251,0.06281778,0.10936048,0.068313695,0.013654165,0.06482345,0.026978018,-0.05347894,0.0369572,-0.029315308,-0.029955465,-0.015136937,-0.055522442,-0.12460106,-0.13758269,-0.07666239,0.079855844,0.016441513,0.034347557,-0.071758576,0.053470276,0.0059412573,0.10926455,0.015173923,0.040400982,0.055826545,0.13595098,0.057851702
3aHSDH%3aHSDH%WP_117582908_1_MULTISPECIES__SDR_family_NAD(P)-dependent_oxidoreductase__unclassified_Collinsella_,0.0012458676,0.07075202,-0.02310495,-0.04718632,-0.04556644,-0.030722922,-0.016631257,0.0046926453,-0.011173788,-0.0028226853,-0.028438665,-0.0027552026,-0.07427946,-0.0695133,0.0008214419,-0.042797264,0.0045553776,-0.038961478,0.013868685,-0.02537005,-0.016561123,-0.027954888,-0.02232923,0.030369358,-0.041133747,-0.042044107,-0.019390892,-0.021605602,-0.043209214,-0.04657866,-0.042713586,0.0033310005,0.0033647197,-0.050545894,-0.06035837,-0.03096195,-0.052331697,-0.08618743,-0.020393996,-0.004233117,-0.005522308,-0.04172366,-0.025822222
3aHSDH%3aHSDH%WP_215683787_1_glucose_1-dehydrogenase__Dorea_formicigenerans_,0.032928094,-0.011777266,0.00522588,0.0111327125,0.03334726,-0.028785383,0.0031200491,-0.017478507,0.025130942,0.034851924,0.027472004,-0.08483991,-0.058698874,-0.019817166,-0.025572993,0.005439776,-0.0033571564,0.021830441,0.0059987265,0.03735714,0.030841444,0.014074863,0.03299841,0.021228528,0.03632513,-0.006594069,0.029742233,-0.017358422,-0.048533417,0.026897065,0.023296246,0.0058244034,-0.018914254,0.020301234,-0.032186322,0.04964164,0.028073821,0.0046541844,0.03484514,0.0651693,0.05400311,-0.0019743515,0.029084215
3aHSDH%3aHSDH%WP_226969791_1_SDR_family_oxidoreductase___Ruminococcus__lactaris_,0.07780649,-0.008808624,0.021024305,0.012614195,0.02871625,0.016439185,0.038600147,-0.009332481,0.03198846,0.014294347,0.057441574,-0.058349863,0.025271203,0.05080003,-0.015986191,0.02525679,0.018359914,0.10255687,0.033329133,0.032369025,0.047007013,0.040217996,-0.021110654,0.014613687,0.05691154,0.06320195,0.08690749,-0.063987404,-0.03640803,-0.043299593,-0.06796376,0.033647448,0.02174608,0.09040911,0.05220429,0.07114045,0.03779817,0.13423829,0.088238165,0.06436188,0.06614146,0.07679297,0.053972054
3aHSDH%3aHSDH%WP_270387972_1_SDR_family_NAD(P)-dependent_oxidoreductase__Blautia_hansenii_,-0.03816901,-0.020734437,-0.001905744,0.026677921,0.019015327,0.054906607,0.024324466,0.012223749,0.0068428125,0.028896486,-0.011884589,0.035075426,0.025685115,0.0077047646,0.0009136418,0.044975318,0.012288631,0.00452805,-0.030407013,0.0026976236,-0.01275921,0.013436619,0.04092522,0.016329188,0.0345993,0.012534023,0.021433847,0.0534156,0.03278809,0.07171957,0.050209314,-0.018384892,0.017535787,0.003958542,0.07086933,-0.0035605354,0.021991374,0.0033964703,-0.035055116,-0.011011371,-0.008640292,-0.023670647,-0.014808173
3aHSDH%CAG5237306_1_short_chain_dehydrogenase__Streptococcus_pneumoniae_,-0.0041197008,-0.02526791,0.11480843,-0.030718701,0.121590175,0.07283075,-0.07997192,0.1279342,0.22992821,0.01988559,-0.020350484,0.005389791,-0.11382399,-0.044957105,0.11604445,0.09333151,0.14412919,-0.053379994,-0.114367545,-0.045275915,-0.087652475,-0.009952735,0.11539725,-0.057499934,0.13238572,0.07872971,-0.06708582,0.074228555,-0.035762127,-0.026186902,-0.037812766,0.1300804,0.12891106,-0.018313903,0.059634242,0.15319744,0.119339705,-0.048130088,0.072019234,0.1497523,0.044154793,-0.089961916,-0.09193833
3aHSDH%GENOME060426_131,0.07277433,0.004673271,-0.025442947,0.07250577,-0.031467814,-0.020392092,0.061089486,-0.058601517,-0.03350757,0.06647675,0.062443085,-0.07046062,0.0051674503,0.040525198,0.008133108,-0.020807363,0.024037387,0.065245084,0.06290646,0.051685236,0.05294761,0.08220063,-0.023445077,0.08830101,-0.037755262,-0.026516737,0.044829212,-0.09366284,-0.10997394,-0.07585428,-0.054661892,0.004435048,-0.0095647415,0.045860343,0.01430599,0.00031061872,-0.0015450686,0.010195665,0.04315387,0.05163716,0.08848145,0.06385259,0.058516283
3aHSDH%GENOME084620_3418,0.09962394,-0.065570176,-0.028572107,0.19228819,0.010948794,0.055167813,0.15614668,-0.030678874,0.028065452,0.19703586,0.15158446,-0.06547607,0.13024832,0.055683713,-0.05218391,0.049950935,0.061605252,0.13660061,0.065306924,0.1053228,0.12388857,0.14451489,-0.04296657,0.056726255,0.020776248,-0.006984662,0.14338158,-0.011924757,0.0015712255,0.14904214,0.06297624,-0.0074425493,-0.020993652,0.17796095,0.050124403,0.054646112,0.080570534,0.10402684,0.09278226,0.025081122,0.15446572,0.054391533,0.106540896
3aHSDH%GENOME084674_3322,0.09004001,0.048476897,-0.08067851,0.116176136,-0.085012585,-0.07524542,0.08096936,-0.13024372,-0.101391904,0.10963781,0.09504008,-0.07546885,0.06861094,0.090604104,-0.082151376,-0.085847266,-0.0819301,0.08141735,0.10780494,0.09170729,0.11821716,0.11267053,-0.09173391,0.05164254,-0.07982434,-0.094101325,0.05808073,-0.08977843,-0.10526916,-0.028249662,-0.06539381,-0.082914464,-0.11899308,0.08501418,-0.019078296,-0.0363553,-0.04324988,0.03172399,0.043226957,-0.0149605395,0.09603611,0.11875976,0.113176204
3aHSDH%MBQ9141038_1_SDR_family_oxidoreductase__Lachnospiraceae_bacterium_,0.020187605,-0.05461928,0.032234706,-0.010004837,0.031763002,-0.024223993,-0.027644712,0.002891083,-0.015448946,-0.012329584,-0.034346234,-0.06558223,-0.06950192,-0.027603643,0.033990294,-0.001519131,0.0019181119,0.016120777,-0.012318282,-0.013235654,-0.0054711066,-0.037573785,0.028944401,0.002497794,0.027110154,0.028007012,0.0016096291,-0.050534025,-0.031887535,-0.0103249345,-0.016617056,0.029824212,-0.016701203,0.01288242,0.0036695132,0.043587998,0.029290546,0.040631536,0.03619007,0.053101335,-0.016961727,-0.018010922,0.023481207
3aHSDH%MCI6633699_1_3-oxoacyl-ACP_reductase_FabG__Clostridiales_bacterium_,-0.043442998,-0.06856372,0.03047875,0.00090939784,0.079541035,0.10996744,-0.03023232,0.094652556,0.061572336,-0.006328042,-0.02878664,0.02367606,-0.015774008,-0.03174604,0.029273607,0.116717055,0.09758587,-0.025413334,-0.05461052,-0.055668153,-0.022757893,-0.04696239,0.1212681,0.0210352,0.0831586,0.10594137,0.019205166,0.10509616,0.119374916,0.14465912,0.13562405,0.046652116,0.082760714,-0.008834904,0.02397772,0.071288295,0.10149771,0.024179477,-0.011328523,-0.0010788713,-0.02718982,-0.062355787,-0.006900195
3aHSDH%MCI6899085_1_SDR_family_oxidoreductase__Mycoplasmatota_bacterium_,-0.06257315,0.0076606097,-0.012641772,-0.048680097,-0.04058713,-0.034335252,-0.07947759,0.0015202123,-0.028776549,-0.042476308,-0.10171031,0.049683712,-0.036385626,0.01389842,-0.047484584,-0.034167945,-0.08182254,-0.06949481,-0.03026119,-0.034914408,-0.07087111,-0.0678403,0.005439444,0.014197352,-0.0559183,-0.056599513,-0.0815181,0.020546718,0.003171233,-0.022985606,0.026233928,-0.08023439,-0.033297513,-0.08663146,-0.031565875,-0.09730634,-0.08128191,-0.111054786,-0.071333796,-0.023983596,-0.06861832,-0.056580573,-0.054182474
3aHSDH%MCI8931631_1_SDR_family_oxidoreductase__Lachnospiraceae_bacterium_,-0.06349288,-0.0019117636,-0.07173905,0.019562878,-0.07227318,-0.023042204,-0.011507414,-0.00922674,-0.03148925,0.028858177,-0.055885755,0.08012148,0.04696855,-0.05249455,-0.08028997,-0.012831108,-0.005501353,-0.08506374,-0.012433937,-0.022918005,-0.04932551,-0.013620336,-0.009262347,-0.01367825,-0.039877575,-0.015184118,-0.0033800947,0.07389986,0.104707174,0.12946327,0.10641782,-0.078121364,-0.036445163,-0.06339135,0.012587229,-0.08307865,-0.0083833225,-0.08632863,-0.07602356,-0.08259221,-0.051447976,-0.07458301,-0.021785567
3aHSDH%MCM1266841_1_3-oxoacyl-ACP_reductase_FabG__Bacteroidales_bacterium_,0.03916749,0.024844235,0.051863655,0.021492032,0.08257924,0.075980835,0.011045873,0.027854707,0.04992619,-0.0061482447,-0.0016741449,-0.002522606,-0.0067642136,0.025144313,0.034362696,0.0607795,0.060398523,0.035906356,0.0030556354,0.00996106,0.017130107,0.01665454,0.05769183,0.009232566,0.06564187,0.0386008,0.022703262,0.03170841,0.017890787,0.031975254,-0.00321572,0.048239924,0.027882641,0.031586424,0.069389574,0.05796078,0.044692744,0.05687273,0.040105354,0.055244412,0.03981104,0.013630081,0.030928085
3aHSDH%MCR4878926_1_SDR_family_NAD(P)-dependent_oxidoreductase__Bacteroidales_bacterium_,-0.051115006,0.009006238,0.08483203,-0.05902299,0.0922554,0.10948444,0.030430157,0.08779318,-0.015400838,-0.054343004,-0.11638028,0.029775346,-0.103718236,-0.12012914,0.11552026,0.15233351,0.14282267,0.02707315,-0.06348127,-0.0071909367,-0.07777838,-0.06624021,0.17128827,0.04189479,0.14195229,0.12359478,0.09158428,0.05046574,0.11647767,0.09125608,0.08360254,0.13451259,0.06829915,-0.043391462,0.04178727,0.11748909,0.087905236,0.059782986,-0.1159698,-0.026016178,-0.12385916,-0.1319291,-0.03378263
3aHSDH%MDE7008868_1_3-oxoacyl-ACP_reductase_FabG__Lachnospiraceae_bacterium_,-0.05018086,-0.063337035,0.0042336946,0.04124571,0.005859481,0.19331828,0.10153825,0.105101496,-0.06523635,-0.0030885395,0.0023158407,0.11864586,0.16398513,-0.03964193,0.018522184,0.16189438,0.11404142,0.067729995,-0.006527454,-0.0197992,0.009611022,-0.019497585,0.04637895,0.033440664,0.074454494,0.1362019,0.1753972,0.11707063,0.28293923,0.24057525,0.13769837,0.018700462,0.059628524,0.04341247,0.07220883,0.025556728,0.09295757,0.108672716,-0.12528935,-0.14457846,-0.08817311,-0.034759235,0.03572822
3aHSDH%MDE7282987_1_SDR_family_oxidoreductase__Lachnospiraceae_bacterium_,0.005265444,-0.07035447,0.02668019,-0.014020817,0.007684973,-0.035907283,-0.016688729,-0.0044724625,-0.016460221,0.012240533,-0.023815548,-0.03771846,-0.03812343,-0.04617982,0.001153053,-0.010461007,-0.013673436,-2.3565088e-05,-0.010621935,-0.021131799,-0.0012064375,-0.026213072,-0.007993378,-0.007950159,-0.0028565044,-0.01893547,-0.017902052,-0.027339967,-0.028533299,0.0006205504,-0.011835725,-0.010207351,-0.045988012,-0.0028317184,-0.025770782,-0.0032308572,0.0075971903,0.000613651,0.0033932363,0.046573695,-0.014124522,-0.011819309,0.008018741
3aHSDH%MDE7415347_1_SDR_family_oxidoreductase__Lachnospiraceae_bacterium_,0.11176866,0.10788767,-0.22341272,0.24309859,-0.14410171,-0.10084684,0.21176884,-0.22846317,-0.12711528,0.21381973,0.18274622,-0.051186923,0.22806515,0.20225573,-0.17281054,-0.12471563,-0.14276175,0.18628715,0.23465163,0.195342,0.24674673,0.22480445,-0.141947,0.18532357,-0.1765642,-0.16221467,0.13789319,-0.0771264,-0.12326591,0.053577673,0.043806676,-0.1903143,-0.12453614,0.21132018,-0.024270063,-0.08677064,-0.11136807,0.08037023,0.030195646,-0.07457171,0.21592765,0.22331637,0.2083948
3aHSDH%NBI02399_1_3-oxoacyl-ACP_reductase_FabG__Lachnospiraceae_bacterium_,0.11002727,0.0044406005,0.032790802,0.09883485,0.065184474,0.012032365,0.03297653,-0.015748594,0.012188382,0.06186818,0.054724954,-0.10887046,-0.005589896,0.1055706,0.046190795,0.0045863455,0.028176563,0.099613845,0.04025986,0.056821033,0.0517182,0.058165837,0.008147471,0.059847478,0.017806118,0.00834547,0.047051992,-0.1094189,-0.10648005,-0.044948813,-0.053040612,0.045025166,0.009781576,0.09248833,0.012225236,0.07418832,0.031558774,0.065923914,0.13003333,0.09792274,0.10721616,0.059393436,0.06591224
3aHSDH%WP_044950032_1_SDR_family_NAD(P)-dependent_oxidoreductase__Mediterraneibacter_gnavus_,0.077793166,-0.040653404,0.096243955,-0.0028022963,0.101956785,0.023888996,-0.061019823,0.051197346,0.07086602,-0.01154602,-0.018679813,-0.09381353,-0.100826524,0.02269837,0.078835204,0.048909754,0.075226344,0.022481177,-0.040533487,-0.0016873054,-0.03747025,-0.00585436,0.054942034,0.022140794,0.06945466,0.039188433,-0.02821975,-0.049776558,-0.08591756,-0.04715286,-0.05916994,0.089867935,0.05573834,0.0036201123,0.0105334725,0.09688251,0.08831689,0.0071385955,0.12464336,0.1695925,0.07131925,0.0018095936,-0.0025676284
3aHSDH%WP_087213392_1_MULTISPECIES__SDR_family_NAD(P)-dependent_oxidoreductase__Sellimonas_,-0.16760315,-0.0474835,-0.0013343922,-0.09340466,-0.035014056,0.0027354788,-0.04541757,0.06309468,-0.00065643387,-0.07208956,-0.1636241,0.17868653,0.0054624234,-0.04908746,-0.030096471,0.02073045,-0.060443368,-0.09283669,-0.07489552,-0.038136557,-0.115195,-0.09399524,0.04665106,-0.04519935,0.011605315,0.0035642793,-0.06092003,0.14676951,0.16526537,0.09916725,0.13169637,-0.05899023,0.010332009,-0.08798612,0.028313302,-0.08313715,-0.048243314,-0.04155697,-0.14150584,-0.11383799,-0.17776117,-0.14707041,-0.11404386
3aHSDH%WP_104968339_1_3-oxoacyl-ACP_reductase__Streptococcus_pluranimalium_,-0.05495308,-0.10757974,0.02590886,-0.029269483,0.001327509,0.055985723,0.0266907,0.056610093,0.07597956,0.013233808,0.0014374417,0.07986941,0.03509117,-0.051738426,0.02293758,0.056446757,0.0513487,0.0062380387,-0.07315034,-0.026968878,-0.055998817,-0.0015496222,-0.058290366,-0.043453988,0.023996564,-0.0025445933,-0.026511462,0.05879123,0.037738554,-0.0055081593,-0.0018384153,0.008572262,0.038294077,0.002392624,0.024042308,-0.008520874,0.04055187,0.015306524,-0.0026904934,-0.0020855358,-0.020547502,-0.02439414,-0.09340536
3aHSDH%WP_109137584_1_SDR_family_oxidoreductase__Bifidobacterium_catulorum_,0.028357822,0.0656594,-0.082235776,0.05518159,-0.0621549,-0.033348255,0.05339948,-0.10631119,-0.107484534,0.0023150402,0.046192754,-0.010694165,0.058343627,0.07676464,-0.03970449,-0.027899053,-0.021721063,0.047582988,0.088254206,0.07209563,0.07632944,0.074998215,-0.035175584,0.03756588,-0.044013683,-0.011592869,0.04187827,-0.04068698,-0.038014602,-0.012057589,-0.0019029572,-0.043439053,-0.03532423,0.024312425,0.011686108,-0.022758542,-0.031493865,0.012895409,-0.035734437,-0.040980786,0.03822813,0.098214276,0.068137914
3aHSDH%WP_161845208_1_SDR_family_NAD(P)-dependent_oxidoreductase__Pseudoflavonifractor_sp__524-17_,-0.071494535,-0.05892301,0.06837142,-0.09577305,0.05146289,0.07698371,-0.068305664,0.08875819,0.10516893,-0.05226621,-0.059329737,0.04380919,-0.063435204,-0.05569593,0.048682913,0.06345858,0.055867508,-0.071309984,-0.1145092,-0.099213354,-0.10754881,-0.06230712,0.03682045,-0.038505644,0.042053614,0.03297473,-0.06808056,0.03009135,0.0090174405,-0.065377355,-0.022052849,0.043002877,0.046354275,-0.085717805,0.045575622,0.008671439,0.03111598,-0.05841337,-0.016724013,0.03986298,-0.054930698,-0.06061557,-0.109903395
3aHSDH%WP_182279434_1_SDR_family_NAD(P)-dependent_oxidoreductase__Collinsella_intestinalis_,-0.049547948,0.033365026,0.0055681323,-0.08848868,-0.026534405,-0.026902877,-0.07656577,0.034422904,0.007195407,-0.07163944,-0.06380057,0.041998222,-0.06725799,-0.0763977,-0.012738965,-0.03892382,-0.004390527,-0.098684095,-0.020100541,-0.07581648,-0.04823044,-0.086054154,-0.0031202275,-0.023753079,-0.046498533,-0.03910811,-0.08714212,0.034486577,0.020658562,-0.03864385,-0.009609293,-0.011356395,-0.0037804472,-0.10372425,-0.06393164,-0.05051143,-0.05886808,-0.10745327,-0.042274784,-0.015689299,-0.06083872,-0.07245088,-0.0490988
3aHSDH%WP_191282235_1_SDR_family_oxidoreductase__Pseudolysinimonas_yzui_,-0.1070045,0.018925289,0.035524383,-0.049994234,-0.05126545,0.015292943,-0.012460181,0.04246381,-0.035366412,-0.06533611,-0.12593316,0.15370244,0.004938834,-0.078863814,-0.02712593,0.015696783,0.02939075,-0.045104027,-0.02329083,-0.09254349,-0.06653161,-0.08483208,0.018719975,0.0010548495,-0.019003527,-0.039233718,-0.04481374,0.1018669,0.11641349,0.03240557,0.06745506,-0.0139232315,-0.032985665,-0.09375442,0.008306277,-0.031705666,-0.045038804,0.009196961,-0.12314523,-0.094653174,-0.14291814,-0.09370787,-0.050102163
3aHSDH%WP_205009953_1_3-oxoacyl-ACP_reductase__Streptococcus_loxodontisalivarius_,-0.111680195,-0.036336154,-0.06727542,0.03106385,-0.10944623,-0.095998146,0.00034534582,-0.047640756,0.04439609,0.06511855,0.0034933973,0.11758191,0.13428688,-0.032115668,-0.1377932,-0.07556987,-0.087513424,-0.061209377,-0.00046258047,-0.022753077,0.009767914,0.023127956,-0.048888445,0.03138723,-0.09428039,-0.12622358,-0.08606551,0.1104319,-0.0047721104,0.031148287,0.043628406,-0.16435604,-0.05685207,0.0066117668,0.037083972,-0.10593814,-0.019960491,-0.027878404,-0.07282637,-0.04060469,0.00048433847,0.0042356183,-0.015246753
3aHSDH%WP_231385278_1_SDR_family_NAD(P)-dependent_oxidoreductase__Candidatus_Stoquefichus_massiliensis_,-0.06486086,-0.055198144,0.048210133,-0.041471995,0.011595516,-0.0026968867,-0.03504952,0.05376136,0.020261262,-0.019225262,-0.087024786,0.061123032,-0.03966435,-0.047142573,0.005823605,0.026918735,-0.006700378,-0.041283153,-0.06439374,-0.02503695,-0.08080094,-0.060282283,0.03215505,-0.04913291,0.043050118,-0.003920958,-0.05034774,0.06619355,0.06298912,0.044382863,0.04741024,0.0056347335,0.007937296,-0.04065967,0.0032087173,-0.0075444616,0.0221975,-0.0064504365,-0.027652068,-0.010439526,-0.07895467,-0.1031564,-0.07348651
3aHSDH%WP_270208025_1_SDR_family_oxidoreductase__Eggerthella_lenta_,0.058852963,0.013822378,-0.06910204,0.14073582,-0.057511877,0.0083993925,0.110867806,-0.092099026,-0.056751233,0.11030988,0.099701464,-0.027605094,0.11029755,0.11150503,-0.04485567,-0.0114945825,-0.016116664,0.10331491,0.07934535,0.1292866,0.097363636,0.15513112,-0.040836524,0.07891535,-0.007970002,-0.009941959,0.11875823,-0.050267387,-0.047793403,0.020365264,-0.014293061,-0.038665537,-0.028874058,0.11069742,0.082387164,0.0057808687,0.01734154,0.0707528,0.013641426,-0.027408551,0.09344206,0.10935976,0.080267645
3aHSDH%WP_289544896_1_SDR_family_NAD(P)-dependent_oxidoreductase__Enorma_phocaeensis_,-0.04329118,-0.031511165,0.08798316,-0.05400199,0.09607124,0.0886219,-0.004757996,0.08915094,0.07959962,-0.028119516,-0.031415254,0.067813314,-0.015134004,-0.056538213,0.088728026,0.08524063,0.07700469,-0.019719772,-0.08147981,-0.055175215,-0.07005275,-0.042436153,0.05795186,-0.08078064,0.09910056,0.060496874,-0.019594347,0.09114169,0.063682325,0.023525968,-0.00824246,0.06411738,0.05749071,-0.033498827,0.060167477,0.054378554,0.06558696,0.032417808,0.008854984,0.026133299,-0.04685091,-0.07663759,-0.06257768
3aHSDH%WP_427737837_1_SDR_family_NAD(P)-dependent_oxidoreductase__Bariatricus_sp__SGI_154_,0.06264984,-0.023343995,-0.011241599,0.045026127,-0.00952831,0.03642768,0.06348837,0.00049064803,-0.025075715,0.03537932,0.088541076,-0.005298024,0.09201604,0.031037645,0.04142412,0.022032628,0.036254022,0.0290297,0.0054314625,0.02147219,0.021613138,0.06412537,-0.093519405,-0.034376025,-0.02877494,0.025760751,0.02544381,-0.03557779,0.011864825,0.008183165,-0.048492532,0.021364568,0.037256774,0.043770656,0.03279565,-0.0750825,0.01015271,-0.008585029,0.037075352,-0.009188179,0.050848912,0.06586101,0.0021149204
3bHSDH%GENOME124823_1686,0.108197816,-0.045862302,0.28548366,-0.29091415,0.33964768,0.18061589,-0.2939568,0.28043985,0.25894877,-0.26732045,-0.14269578,-0.11966181,-0.3472108,-0.064897105,0.377854,0.22123015,0.26136574,-0.13935278,-0.26025078,-0.1798446,-0.25699377,-0.16713244,0.1594182,-0.27424726,0.3054171,0.38666835,-0.10453463,-0.059619494,0.010683899,-0.18754087,-0.24308386,0.37761256,0.29185295,-0.17110288,0.13383467,0.20113367,0.17757462,-0.07881409,0.2207395,0.2819745,-0.053309802,-0.07636361,-0.1741453
3bHSDH%WP_100933575_1_SDR_family_NAD(P)-dependent_oxidoreductase___Clostridium__innocuum_,0.029168911,0.008573762,0.050111122,-0.010661546,0.024816839,-0.038130842,-0.053185374,0.015399735,0.00972871,-0.021290977,-0.035588432,-0.024419164,-0.047930926,0.027959742,0.032911614,0.00077673024,0.009435442,-0.0016718964,-0.016415102,-0.0045643966,-0.025519252,-0.014221199,0.02890438,-0.015647218,0.025120616,0.0011564385,-0.036138818,-0.015404531,-0.033444215,-0.02181692,-0.03898238,0.030821458,0.019358061,-0.014276439,0.0036946244,0.040185846,0.03212517,-0.014231304,0.052936736,0.08337695,0.020994976,-0.012391275,0.00011812313
3bHSDH%WP_186937525_1_glucose_1-dehydrogenase__Eggerthella_hominis_,0.079589635,0.055755645,-0.05292831,0.07258257,-0.06261808,-0.03210099,0.07209582,-0.10292202,-0.09791033,0.06696871,0.078623205,-0.07874825,0.03598789,0.08052554,-0.066311285,-0.024817714,-0.008914418,0.09285151,0.09249486,0.09063161,0.09910822,0.10763553,-0.036375187,0.08703732,-0.04993788,-0.05628071,0.06372227,-0.100028366,-0.09859779,-0.025678553,-0.014664184,-0.03417724,-0.027100401,0.071265884,-0.028719155,-0.0108008515,-0.04099686,0.0074476735,-0.0025984708,0.017405318,0.09428416,0.09639839,0.0832562
5AR%GENOME006039_2690,0.057093095,-0.09738227,0.13448715,-0.05124297,0.1534527,0.07951122,-0.04006929,0.12720634,0.08847989,-0.050484423,0.0010441276,-0.09973071,-0.12308672,-0.03531217,0.14510334,0.109537765,0.10525309,0.03469237,-0.08494603,-0.0031481383,-0.050021194,-0.05617016,0.098012075,-0.05152397,0.16554224,0.12725747,0.031897534,-0.007888862,0.024124598,0.015094031,-0.034746937,0.16774537,0.094147235,0.01417447,-0.014582165,0.17837788,0.1516075,0.07131598,0.11094409,0.11395992,0.006136855,-0.052153956,-0.033958092
5AR%GENOME012336_2253,-0.074297674,0.081985615,-0.120482944,0.060506787,-0.09356751,-0.04917041,-0.013770921,-0.06149067,-0.08688701,-0.015571808,-0.048243247,0.107627876,0.10693882,0.05007489,-0.12663503,-0.018067032,-0.040288843,-0.051479544,0.055266026,-0.019527432,0.022263521,-0.021960162,0.038474128,0.00813457,-0.057524372,0.017114019,0.010756343,0.0905057,0.15210912,0.14531627,0.13720542,-0.12606129,-0.034716178,-0.04483563,0.049841926,-0.09223208,-0.04214351,-0.055168543,-0.13811493,-0.1713354,-0.06915936,0.009305633,0.048542432
5AR%GENOME078645_81,-0.0009353896,0.07455045,-0.07108623,0.05199592,-0.073731154,-0.08747768,0.0033660503,-0.08091103,-0.08498979,0.017413938,-0.0021457316,0.0112118395,0.033884555,0.059980083,-0.06327601,-0.07457992,-0.078445405,0.0012118141,0.0693898,0.02249594,0.044089697,0.033453096,-0.008375785,0.031776786,-0.06815845,-0.048409093,-0.0022495484,-0.018780611,-0.013334751,-0.020776773,-0.012344979,-0.075977825,-0.047820106,-0.006861642,-0.001048952,-0.05973073,-0.05780895,-0.017310126,-0.040721998,-0.073477544,-0.006464033,0.0511451,0.054122664
5AR%GENOME084343_2181,0.055916954,-0.025725875,-0.0419649,0.07506165,-0.026615134,0.011467532,0.095392935,-0.026821472,-0.017741058,0.07277338,0.104271896,0.0037371868,0.12855563,0.036850948,-0.023350043,0.011290351,0.031451996,0.08723623,0.05215817,0.02746965,0.07235633,0.049775198,-0.10156971,0.00031873255,-0.038265146,-0.015327701,0.043768454,-0.010475006,0.0007964496,0.062318258,0.020685233,-0.029208275,0.0078015802,0.101223424,-0.027711485,-0.019361319,0.008320577,0.063372694,0.042876452,-0.0102035785,0.079630144,0.068567,0.036341242
5AR%GENOME086572_2986,-0.094500616,-0.00529256,-0.052809592,0.0010837385,-0.080708034,-0.011706365,-0.038386963,0.00068807683,-0.022584923,0.020937359,-0.04041953,0.09995038,0.0843421,-0.0005008744,-0.07343367,-0.046304706,-0.075579576,-0.0977496,-0.027007136,-0.03670199,-0.045291573,-0.0056088157,0.0017863539,-0.009597455,-0.056711268,-0.023208803,-0.01697921,0.06446088,0.07067265,0.054797057,0.059723105,-0.12351267,-0.037527252,-0.055909086,0.043718502,-0.11696924,-0.088446945,-0.110513404,-0.12843366,-0.09242476,-0.07167855,-0.051496767,-0.041151535
5AR%GENOME107567_81,-0.05336421,0.02941186,-0.02266815,-0.028416503,-0.050752208,-0.061697837,-0.06566536,-0.00192999,0.02308741,-0.0651917,-0.045540668,0.07724751,0.013896547,-0.0035752165,-0.073517874,-0.032754596,-0.01639666,-0.06383226,0.0034665302,-0.065214455,-0.013770908,-0.057711843,-0.007574612,-0.03499308,-0.049550205,-0.021026714,-0.077447556,0.053625893,0.058194842,-0.00852932,0.010040262,-0.048251905,-0.015133235,-0.057486683,0.007933303,-0.04830379,-0.03394067,-0.047865044,-0.04138315,-0.039852154,-0.05303087,-0.0064484845,-0.015399561
5AR%GENOME140582_2251,0.059045993,-0.025400007,0.070670016,0.008206413,0.028078064,-0.016443228,-0.037392087,0.0006206604,-0.0015062292,0.026786191,0.033489656,-0.105454095,-0.04847372,-0.010317032,0.019535616,-0.04650184,-0.0037706173,-0.021717435,0.0027229635,-0.006854539,0.005092583,0.013668942,0.0030834198,0.008259842,-0.011261161,-0.012031574,-0.018667871,-0.09561407,-0.10264267,-0.0961765,-0.063717216,0.043708876,-0.023836853,0.0029147025,-0.077533126,0.034600146,-0.015459792,0.01744127,0.06919644,0.073231876,0.015936349,-0.0003499,0.023317888
5AR%GENOME142018_414,-0.034756146,0.08676758,-0.12772773,0.03914271,-0.11900117,-0.11227766,0.051156525,-0.12606393,-0.071151875,0.04481512,0.020876935,0.025589474,0.056731917,0.008652264,-0.11176285,-0.1486918,-0.12943062,-0.022387076,0.09601512,0.076216966,0.07827351,0.0514119,-0.0867848,0.09747396,-0.16575666,-0.18907423,-0.03643099,0.00066083996,-0.08407727,-0.013402729,0.04163556,-0.14485554,-0.113085896,-0.003342999,-0.06618258,-0.12588955,-0.15559153,-0.0810155,-0.07029665,-0.060307633,0.04065449,0.035345886,0.042085227
5AR%GENOME170052_106,0.025636662,0.069174625,-0.017108342,-0.022426963,0.0064760344,-0.04207221,-0.027573576,-0.028378706,0.0013963155,-0.05267632,-0.026988955,-0.017978948,-0.045422602,0.023580253,-0.011044616,-0.0038407154,0.011003806,0.013376339,0.026564479,-0.0057746726,0.015997885,-0.025185676,-0.0064157285,-0.0072429185,-0.020323751,-0.0076793903,-0.049341373,-0.01204651,-0.015833981,-0.04053674,-0.01968836,0.013085856,0.009989441,-0.002419249,-0.03716225,0.024567671,-0.010824232,0.018839607,0.03063306,-0.0002022286,0.009256229,0.034148835,0.023692908
5AR%GENOME179594_130,-0.15955551,0.052893423,-0.0816891,-0.03149559,-0.08467872,-0.028575633,-0.083616465,-0.017448457,-0.010401482,-0.096451655,-0.054236494,0.1935564,0.122206405,0.052497648,-0.09860747,-0.067304954,-0.14610027,-0.11725716,-0.006165036,-0.10310326,-0.044110656,-0.11238184,-0.066267855,-0.090502195,-0.088974915,-0.022883745,-0.09456369,0.1383238,0.13774484,-0.0014472355,0.11422348,-0.1471019,-0.06300412,-0.11697043,-0.010229294,-0.15360668,-0.12094957,-0.06016931,-0.14398432,-0.2032918,-0.1449306,0.017590597,-0.057896465
5AR%GENOME179896_434,-0.0968416,-0.014623468,-0.018969402,-0.068205945,-0.0063306736,0.029912798,-0.064442605,0.031821914,0.052334376,-0.05855817,-0.05602802,0.105169326,0.01617598,-0.07009891,-0.027251003,-0.012263355,0.00348049,-0.13088995,-0.0752569,-0.10026502,-0.08929101,-0.06478265,0.015082543,-0.031687904,-0.03019736,-0.008104263,-0.09054503,0.08914172,0.06598288,-0.00210167,0.036040887,-0.047764182,0.009736999,-0.111554146,0.07563337,-0.10044921,-0.027269421,-0.09649095,-0.061935015,-0.036909603,-0.06663689,-0.054455265,-0.07427473
5AR%HIU55603_1_DUF1295_domain-containing_protein__Candidatus_Gallibacteroides_avistercoris_,-0.19699678,0.06912088,-0.12429442,-0.08038544,-0.08466113,0.07883087,-0.05050476,0.02979494,0.0065441364,-0.083594434,-0.1330357,0.22116774,0.037773103,-0.0096133575,-0.07923362,0.019458551,-0.07719026,-0.12955534,-0.038621057,-0.062179245,-0.082338184,-0.0767422,0.053143784,0.039362706,-0.05681388,-0.0025339038,-0.041405495,0.1847288,0.1706214,0.08636772,0.14284198,-0.13599324,0.007804737,-0.13241403,0.051308773,-0.14494015,-0.12158824,-0.15126723,-0.24047251,-0.176505,-0.14375728,-0.105496615,-0.09951394
5AR%MBD5276024_1_DUF1295_domain-containing_protein__Bacteroides_sp__,-0.025993876,0.021545583,-0.026925249,-0.042132195,-0.037346758,-0.055013083,-0.01884044,0.015719824,0.01517175,-0.026059741,0.007156086,0.056223534,0.046417903,-0.015927654,-0.044469967,-0.088511325,-0.043647952,-0.048507877,-0.004159497,-0.06719415,-0.0055705216,-0.03274872,-0.06591668,-0.026543304,-0.08265844,-0.079347104,-0.057843238,0.016057689,0.010521015,0.00029939748,0.010319327,-0.061946534,-0.01832046,-0.02761966,-0.03080932,-0.07136374,-0.08670966,-0.06567104,-0.006366279,-0.018494064,-0.0012308914,-0.018251931,-0.039475787
5AR%MBP3601379_1_DUF1295_domain-containing_protein__Alistipes_sp__,-0.0022508383,0.053910542,-0.05632918,0.013260986,-0.046758827,-0.026306884,0.0027395647,-0.024172049,-0.030928427,0.019220697,0.010212733,0.035158254,0.047751978,0.039951805,-0.07887009,-0.067372344,-0.071573354,-0.008541098,0.05460135,-0.01968229,0.036960226,-0.0001758408,-0.027450206,0.016912613,-0.08007771,-0.060024425,-0.0027281183,0.014560718,0.032683115,0.029441535,0.06814816,-0.0760694,-0.039688714,0.0015580144,-0.056123108,-0.055005535,-0.103916556,-0.020873822,-0.027471408,-0.0670613,-0.0034758777,0.0063282917,0.025252845
5AR%MBR4740186_1_DUF1295_domain-containing_protein__Bacteroidales_bacterium_,0.047598463,0.052121364,-0.073413536,0.110485345,-0.03882042,0.01566446,0.117603466,-0.06939313,-0.05469802,0.07839093,0.10322918,0.003227687,0.11092288,0.12425158,-0.024986224,-0.024295798,-0.033151355,0.09245829,0.07385561,0.075825945,0.07732755,0.103543274,0.003612186,0.059310064,-0.014551785,-0.008651014,0.09540561,-0.010498922,-0.0006203752,0.038582463,0.0024294197,-0.030724358,-0.0021142794,0.08550674,0.08261701,-0.0021302127,0.011610563,0.078417964,0.02673859,-0.033992957,0.081906945,0.07026774,0.073813945
5AR%MCH5217706_1_DUF1295_domain-containing_protein__Muribaculaceae_bacterium_,0.022109566,0.04317807,-0.059685815,0.057130843,-0.067944594,-0.04765156,0.04686112,-0.052810654,-0.058608856,0.050429627,0.042294808,0.017417977,0.07513701,0.06709889,-0.035059854,-0.046003602,-0.04051379,0.039285995,0.05557888,0.024442436,0.042192712,0.05240901,-0.043068565,0.01225405,-0.055504847,-0.042930767,0.021678645,-0.01392967,-0.01176869,0.0078127375,-0.020671405,-0.06015594,-0.01747508,0.029608682,-0.0023380995,-0.04618286,-0.04112775,-0.018423652,-0.021733634,-0.036357068,0.040720083,0.051868662,0.03230529
5AR%MCR5660240_1_DUF1295_domain-containing_protein__Bacteroidales_bacterium_,-0.14885016,0.029815,-0.023195483,-0.14335358,-0.0059121586,0.059993796,-0.08262109,0.08843337,0.02760074,-0.11063975,-0.13912798,0.14056954,-0.044523355,-0.08185308,-0.008961056,0.027307937,-0.022492724,-0.12319205,-0.07527802,-0.089425474,-0.11750494,-0.12639248,0.06089543,-0.02118735,0.013316326,0.035722993,-0.04035682,0.13028774,0.14757048,0.060326487,0.09495125,-0.04270126,0.037036255,-0.13931914,0.0021166862,-0.054176927,-0.05755992,-0.10682378,-0.15302312,-0.096073516,-0.14885983,-0.1313153,-0.118312225
5AR%WP_005657188_1_DUF1295_domain-containing_protein__Bacteroides_stercoris_,0.0499075,0.0043174853,-0.040160708,0.11966326,-0.0039525917,0.040040206,0.104577504,-0.05949471,-0.0578358,0.07426654,0.044504393,-0.015643172,0.070810005,0.08386956,0.008892776,0.037913818,0.021237731,0.09364499,0.080460235,0.11756307,0.08718239,0.10694834,0.027541593,0.082887106,0.00875989,0.026487535,0.09152207,-0.00027952212,-0.0011705657,0.06826443,0.019400671,0.00016445035,-0.008420107,0.08743345,0.056240417,0.018368043,0.02165429,0.058454763,-0.012935084,0.00037370942,0.06287527,0.06543404,0.097711556
5AR%WP_300108487_1_DUF1295_domain-containing_protein__uncultured_Alistipes_sp__,0.032096025,0.0865699,-0.08183524,0.06960366,-0.063636884,-0.08049281,0.035927072,-0.096413344,-0.10971754,0.0237508,0.028813291,-0.014351027,0.043146018,0.090215184,-0.047187913,-0.06991777,-0.06768537,0.04353838,0.093703985,0.04510938,0.078691006,0.044667497,-0.0060340995,0.04522428,-0.07433078,-0.045642566,0.016716002,-0.035669606,-0.020049624,-0.012563978,0.002349759,-0.05952654,-0.036847945,0.031175923,-0.025937393,-0.037630882,-0.0626576,0.017583115,-0.021030726,-0.07615092,0.018177094,0.066286094,0.083974294
5AR%WP_302729833_1_DUF1295_domain-containing_protein__Bacteroides_sp__ET489_,-0.024412133,0.056253314,0.008679123,-0.070191406,0.0037590316,-0.058318343,-0.067111626,0.03207252,0.05324498,-0.070705086,-0.028357873,0.026540274,-0.039623357,-0.020070963,0.011002216,-0.021203943,0.018889997,-0.054323453,-0.024671506,-0.024180233,-0.034700338,-0.06165899,0.006712163,-0.06930523,0.0070501864,0.007343425,-0.06339721,0.027245872,0.017076675,-0.01850736,-0.01639425,0.018427115,0.048020244,-0.0475573,-0.017425118,0.027122768,-0.012654028,-0.056892887,0.0050479043,0.0071669323,-0.020588469,-0.031545624,-0.046185527
5AR%WP_346709278_1_DUF1295_domain-containing_protein__Phocaeicola_salanitronis_,-0.016357685,-0.08510338,0.06272992,-0.03275582,0.08827493,0.10005089,-0.021470677,0.108959764,0.03484212,-0.03068799,-0.039834656,0.008210615,-0.05313536,-0.03142336,0.07454134,0.11745317,0.075072035,0.0128574995,-0.063739926,-0.0376757,-0.048085038,-0.0710273,0.095991164,-0.029004512,0.12522647,0.112518504,0.04358126,0.0702426,0.117532864,0.10639343,0.06346882,0.07381722,0.06772027,-0.011318318,-0.0019736795,0.09715377,0.10498514,0.039605916,0.0021348842,0.0046761264,-0.050306343,-0.07090254,-0.038188837
5AR%WP_418203978_1_DUF1295_domain-containing_protein__Bacteroides_sp__,-0.077317744,-0.054903887,-0.009018667,-0.047924638,-0.0056020766,0.004313385,-0.020545315,-0.008813089,0.01985511,-0.015463037,-0.025994984,0.04626598,-0.023086943,-0.05652065,0.004784528,-0.01765849,-0.042056475,-0.07006199,-0.037009884,-0.037110176,-0.036355678,-0.024945175,-0.043664984,-0.032629386,-0.0394659,-0.053792432,-0.09762539,0.05221134,-0.024802346,-0.043799385,0.01949479,-0.031449005,-0.008332087,-0.0589733,-0.051407557,-0.08262642,-0.04237733,-0.06899362,-0.0382095,-0.019879835,-0.03594278,-0.010744477,-0.07158769
5BR%CAK7070565_1_MAG__NADPH_dehydrogenase__Parabacteroides_sp__,-0.012298462,0.07407038,-0.057858247,0.00719608,-0.019777048,-0.03264673,0.0067053847,-0.042527027,-0.04147874,-0.0359174,-0.0024326108,0.034472305,0.043179575,0.040890086,-0.033784527,-0.025781117,-0.031708434,0.0076820324,0.044821057,-0.007078992,0.03151478,-0.0073385555,0.0019009276,-0.016491883,-0.02351823,0.007925719,-0.0076980647,0.02873545,0.039755017,0.026647838,0.020791745,-0.042796973,-0.009628725,0.00013572289,0.014034332,-0.01365634,-0.011607395,0.032772034,-0.017872686,-0.072142,-0.009296428,0.04879992,0.037380725
5BR%GENOME006024_4796,-0.12137209,-0.022604084,-0.036701843,-0.01672671,-0.07848162,-0.058884956,0.08857601,-0.08156493,-0.057036456,-0.005284296,-0.025244826,0.09423713,0.021527614,-0.11404276,-0.00558632,-0.040840365,-0.010940897,0.003663493,0.029021414,0.0068613943,0.010068072,-0.021124212,-0.11136606,0.053640347,-0.13750939,-0.19276811,-0.12190938,0.053342015,-0.072726816,-0.0886368,0.047512535,-0.040689517,-0.069814146,-0.032365765,-0.1457689,-0.080070436,-0.08926101,0.017320298,-0.10717246,-0.066036254,-0.05548151,-0.01719807,-0.043465007
5BR%GENOME141824_1849,-0.093578756,-0.023118017,0.018106118,-0.029693935,-0.046371322,0.057031825,-0.006938982,0.069644876,0.050337516,0.009687971,-0.066288225,0.15651268,0.06369741,-0.038830213,-0.039087955,0.044396486,-0.0014648029,-0.043516923,-0.03292804,-0.08378472,-0.05986234,-0.058465786,-0.0192348,-0.024764199,-0.023644393,-0.029015133,-0.06374305,0.13083424,0.10265493,0.040483493,0.04308522,-0.0689875,0.02036288,-0.029020786,0.03672453,-0.084338665,-0.026087686,-0.029549878,-0.08574444,-0.07081247,-0.07899387,-0.08068363,-0.072505794
5BR%HIX74022_1_NADH_flavin_oxidoreductase__Candidatus_Parabacteroides_intestinipullorum_,0.17063065,-0.066547535,0.09860443,0.055192523,0.104284935,0.0023063407,0.031749714,0.019381534,-0.0001252827,0.058454476,0.09418127,-0.20251076,-0.088889875,0.028416,0.09290841,0.047161438,0.078773715,0.12628876,0.020824077,0.0634391,0.058797628,0.043203373,0.025059886,-0.009096566,0.11441909,0.06024723,0.08604594,-0.11363539,-0.096234106,-0.019363575,-0.100940734,0.13319266,0.017536737,0.09596784,-0.061231874,0.17990083,0.13629155,0.11125198,0.18224426,0.15499501,0.12061244,0.05599569,0.07879131
5BR%MBO4402754_1_NADH_flavin_oxidoreductase__Bacteroidales_bacterium_,-0.044888247,0.009383522,0.033246785,-0.044817135,0.018596675,0.036828328,4.2535048e-05,0.036007047,0.028053932,-0.039198145,-0.04557173,0.06229411,-0.011189215,-0.048487578,0.05666655,0.045994088,0.043917406,-0.014137084,-0.039636813,-0.03987015,-0.0636819,-0.075069375,-0.06585663,-0.05663012,0.0009214184,-0.019795781,-0.07549519,0.040979814,-0.0010726014,-0.029331524,0.012401814,0.00973154,0.020178685,-0.045685053,-0.027710402,-0.028130984,-0.0069516385,-0.027772063,-0.027529247,-0.024878891,-0.03466416,-0.028680775,-0.08044792
5BR%MBO7234306_1_NADH_flavin_oxidoreductase__Paludibacteraceae_bacterium_,-0.060000516,0.057974625,-0.105211474,0.055295695,-0.084408514,-0.05575594,-0.01354697,-0.060367733,-0.06253469,0.004409263,-0.022685152,0.09883643,0.10578316,0.05971018,-0.1202855,-0.061221585,-0.076059416,-0.054102205,0.048287086,-0.027088031,0.02658076,-0.003933425,-0.006041047,-0.0069977064,-0.08559187,-0.035858873,-0.011842433,0.06643146,0.11268841,0.09710441,0.0972364,-0.12431013,-0.074482195,-0.040487226,0.016941022,-0.0972271,-0.071968295,-0.05305843,-0.09187784,-0.13657176,-0.050501514,0.012266498,0.03531098
5BR%MBQ8101082_1_NADH_flavin_oxidoreductase__Paludibacteraceae_bacterium_,0.030390466,0.047863245,-0.0045014657,-0.009682088,0.019333657,0.033187725,0.016675606,0.0015643017,0.0077553703,0.010810913,0.041074406,-0.032610163,-0.017336449,-0.007980184,0.039233215,-0.004647317,0.023648765,0.0012788117,0.0063420706,-0.0004026621,0.011707927,0.012356808,-0.007677284,0.012868996,0.003099764,-0.014753823,0.018340424,-0.01987326,-0.048446584,-0.008922109,-0.025502015,0.02656979,-0.0013054772,-0.003824023,-0.01616909,0.02653183,0.0062882,-0.018519647,0.03620314,0.035049412,0.04968982,0.00046792257,0.004998212
5BR%MCD8287651_1_NADH_flavin_oxidoreductase__Porphyromonadaceae_bacterium_,0.0023501166,0.050788537,0.002243439,-0.037442166,0.020389184,0.039151564,-0.011077268,-0.0125972815,0.008567119,-0.035607718,-0.049313407,0.021637635,-0.05090127,-0.009808669,0.03474012,0.040183727,0.032618575,-0.010502215,-0.0058451425,-0.014216522,-0.03491563,-0.005185908,-0.0045693866,-0.009476044,0.012348767,0.017740762,-0.026258161,0.004776294,-0.015037236,-0.066207826,-0.07711471,0.02892906,-0.012353436,-0.05290088,0.029725865,-0.00451734,0.007883358,-0.013079616,-0.015490529,0.011612755,-0.014270961,0.016738486,-0.014513355
5BR%MCF0197806_1_NADH_flavin_oxidoreductase__Bacteroidaceae_bacterium_,-0.08204597,0.0062150746,0.02485402,-0.13373634,-0.0011182243,-0.0052878074,-0.065752886,0.04334556,0.03057145,-0.09497758,-0.06970535,0.08916025,-0.037706602,-0.08250282,-0.0004684485,0.03186231,0.009328953,-0.06536827,-0.052830182,-0.096642524,-0.063908346,-0.11249111,-0.007185376,-0.07598777,0.0073356465,0.0075647812,-0.08056519,0.06720798,0.063998014,-0.024285268,-0.0056012277,0.009524246,0.011585069,-0.0908554,-0.04889979,-0.028566336,-0.006521634,-0.034934923,-0.06511262,-0.012955062,-0.093838975,-0.054768294,-0.07541999
5BR%MCH5231198_1_NADH_flavin_oxidoreductase__Muribaculaceae_bacterium_,0.04596151,0.06797768,0.00664632,0.0047523472,-0.021240788,-0.038415056,-0.053639077,-0.020119445,-0.025855735,-0.016512323,0.03499285,-0.020043569,0.025853965,0.022549571,-0.060211197,-0.09823025,-0.041075844,-0.05066752,0.054757852,-0.066465266,0.031829014,-0.04600089,-0.09408093,-0.030852742,-0.11413134,-0.087298796,-0.059222788,-0.065839276,-0.02594045,-0.026199011,0.01003371,-0.030676475,-0.10211318,-0.04388399,-0.13135628,-0.054487385,-0.106060505,-0.063004345,0.028511079,0.0039708545,0.0140005,0.017797401,0.026746197
5BR%MCQ2066925_1_NADH_flavin_oxidoreductase__Bacteroidaceae_bacterium_,0.07290387,0.0127240205,-0.014057087,0.040042445,0.0069449227,0.03735208,0.0781716,-0.021827979,-0.024410274,0.03877216,0.080349885,-0.025725158,0.05725918,0.029822702,0.017481757,0.031080741,0.046644896,0.10316433,0.047032777,0.0100868475,0.057967886,0.022938253,-0.1021639,-0.0043966537,-0.01443235,-0.005947973,0.025604025,-0.037210032,-0.040939264,0.0011019064,-0.02131251,0.015956787,0.013138007,0.08086787,-0.038329426,0.018412298,0.0231005,0.08751882,0.06856846,0.010053299,0.07159442,0.07779293,0.03181408
5BR%MCQ2271787_1_NADH_flavin_oxidoreductase__Bacteroidales_bacterium_,0.050367117,-0.056594912,0.08599752,-0.024514223,0.11818038,0.012712463,-0.011764598,0.02634419,0.07714924,0.0014523868,0.009406202,-0.11235122,-0.14990082,-0.031753317,0.16337375,0.044241138,0.08172371,0.029146278,-0.049630273,0.046400517,-0.034433857,0.03005709,0.032938547,-0.042189393,0.097825155,0.05420775,-0.030546064,-0.056171115,-0.12425893,-0.11105591,-0.08856067,0.1596837,0.08020446,0.00864016,-0.07519098,0.14983347,0.09431918,0.034815155,0.114341736,0.12763664,0.051673185,0.025849147,-0.03817706
5BR%MDD5892138_1_NADH_flavin_oxidoreductase__Bacteroidales_bacterium_,-0.013962682,0.07225826,-0.0625182,-0.016223595,-0.05041598,-0.059335925,0.030165356,-0.04225879,-0.07971807,-0.0037763685,-0.00907222,0.056323167,0.030308893,0.0013841459,-0.020581765,-0.053640626,-0.046880517,0.002562644,0.05843174,0.019977,0.031390823,-0.004630588,-0.020288765,-0.0026048773,-0.05376646,-0.051892173,-0.01416535,0.044142608,0.024671264,0.04831282,0.041980814,-0.05691729,-0.012069894,-0.016391315,-0.059135128,-0.05773902,-0.06802502,-0.039423533,-0.06871489,-0.057484612,-0.0047180364,0.014699608,0.019192537
5BR%MDD5962634_1_NADH_flavin_oxidoreductase__bacterium_,-0.035190377,-0.08834568,0.03450116,0.013407993,0.028018927,0.031597298,-0.022194061,0.071270004,0.07599715,0.005415377,0.012470951,0.01658313,0.019773938,-0.017066892,0.0022292275,0.05703001,0.0456008,-0.012602917,-0.054343868,0.00071536464,-0.01618942,-0.028677227,0.051396593,-0.014907432,0.047097873,0.0414623,-0.005783317,0.06772569,0.07360088,0.091642916,0.07215953,0.02004673,0.048948344,0.017947732,0.014160293,0.041330148,0.059264716,-0.016272461,-0.020438388,0.022180108,-0.007440722,-0.061585046,-0.027351156
5BR%MEI7492181_1_NADH_flavin_oxidoreductase__Bacteroidota_bacterium_,-0.017763596,0.021694507,0.075986296,-0.07641645,0.10767458,0.11014124,-0.10542488,0.10685342,0.11334225,-0.07715367,-0.094616205,0.033660244,-0.13734064,0.003239028,0.12618224,0.13513404,0.14998212,-0.09911575,-0.09456359,-0.082128994,-0.107141726,-0.0630201,0.15251587,-0.14070483,0.15649995,0.21149704,-0.024991443,0.071573555,0.09147543,0.017834133,-0.016971467,0.14967673,0.11028735,-0.10880958,0.070513055,0.12486913,0.0728232,-0.08841755,-0.0031013326,0.033053257,-0.057166122,-0.081236,-0.0771861
5BR%MEZ3591839_1_NADH_flavin_oxidoreductase__Muribaculaceae_bacterium_,0.08988801,0.12979059,-0.08800628,0.073805526,-0.08444711,-0.081345074,0.06651164,-0.103333026,-0.11072148,0.042635802,0.07830068,-0.036449622,0.056160245,0.1159462,-0.08536408,-0.0631491,-0.036930695,0.08915916,0.12811553,0.07008695,0.10439978,0.079254046,-0.016518358,0.061943978,-0.051229574,-0.043516584,0.074354306,-0.0639405,-0.04386619,-0.008001931,-0.0364264,-0.05760097,-0.018176183,0.050846957,-0.007425475,-0.014270668,-0.04097013,0.009512903,0.0082769515,-0.022211438,0.09367861,0.09771409,0.10495393
5BR%WP_008142631_1_NADH_flavin_oxidoreductase__Phocaeicola_coprophilus_,0.05918542,-0.13722543,0.035143975,0.11344746,0.04383625,0.082853965,0.1268357,0.037396196,0.05954103,0.15043125,0.09550851,-0.020638568,0.07607575,0.013367443,0.085676596,0.103911564,0.089583814,0.13375622,-0.005516405,0.0873023,0.046658322,0.10977503,-0.038776264,-0.013074283,0.09496321,0.07940487,0.10002398,0.02804694,0.002618663,0.07113806,-0.00910089,0.07904742,0.07777609,0.16499798,0.030533025,0.10158984,0.12900001,0.1581438,0.09289691,0.02974106,0.08182749,0.056707975,0.022918796
5BR%WP_182654491_1_NADH_flavin_oxidoreductase__Alistipes_indistinctus_,-0.07136145,-0.025386224,0.04981818,-0.098238766,0.028460307,-0.048953265,-0.04085522,0.01345897,0.0639234,-0.06519936,-0.07197998,0.0038488305,-0.11389767,-0.11713271,-0.0023129184,-0.071096465,-0.04574002,-0.05444528,-0.041866053,-0.038802214,-0.05251052,-0.07672514,-0.012785685,0.041970864,-0.04689166,-0.14527288,-0.13797955,0.0072273575,-0.10432925,-0.11634266,-0.013559894,-0.010321878,-0.03195643,-0.06937549,-0.06782051,-0.026468115,-0.046034843,-0.039206654,0.0018304822,0.060998216,-0.03035478,-0.060242657,-0.07820922
5BR%WP_250710077_1_NADH_flavin_oxidoreductase__Bacteroides_fragilis_,-0.19465835,-0.058660246,-0.03239656,-0.079789676,-0.066479445,0.03001289,-0.009024277,0.014710269,0.0177397,-0.055867795,-0.0842412,0.1787179,0.052665874,-0.10718769,-0.057865378,-0.022015506,-0.10046292,-0.1164591,-0.0776511,-0.064922936,-0.09468172,-0.066161156,-0.061411835,0.00017665107,-0.07494883,-0.100748576,-0.123661,0.1405058,0.060087424,-0.030299868,0.03756234,-0.12217129,-0.029425113,-0.10819932,0.0428586,-0.20037806,-0.055645548,-0.07717154,-0.14934045,-0.11570097,-0.13004406,-0.0615927,-0.12521419
5BR%WP_259010233_1_NADH_flavin_oxidoreductase__Parabacteroides_distasonis_,-0.1571681,-0.032288294,-0.079341896,-0.05577321,-0.121256016,-0.017406994,-0.050012764,-0.028605185,0.0036835098,-0.043248743,-0.038005155,0.17805976,0.12287369,-0.010823556,-0.12206976,-0.07591286,-0.15644078,-0.12701887,-0.0335608,-0.09444794,-0.04621632,-0.05416105,-0.13159886,-0.059392072,-0.13353223,-0.10701721,-0.13294695,0.11477541,0.062187858,-0.0499701,0.013879085,-0.18786712,-0.083010815,-0.09029319,0.01702489,-0.23270749,-0.13953152,-0.100697204,-0.13249488,-0.1446144,-0.10583456,0.00092450326,-0.09361334
5BR%WP_279088787_1_NADH_flavin_oxidoreductase__Alistipes_putredinis_,0.01604513,0.051380623,-0.05306429,0.03965496,-0.03317331,-0.043176852,0.04642081,-0.047188774,-0.057177834,0.018531151,0.030395636,0.027938914,0.059889473,0.052246906,-0.008296032,-0.034156173,-0.026942216,0.048919387,0.05797515,0.01347172,0.049490344,0.023644514,-0.03520564,-0.0071504605,-0.043545984,-0.02650844,-0.002125756,0.0098064095,0.006493528,0.0075741713,0.0039759595,-0.036868464,0.0019169813,0.03665802,-0.028898304,-0.019453209,-0.02874937,0.038333822,-0.0045303525,-0.063262016,0.016432485,0.05952968,0.03766428
5BR%WP_300285921_1_NADH_flavin_oxidoreductase__uncultured_Alistipes_sp__,-0.021254608,-0.026265219,0.045128312,-0.057510354,0.055462927,0.06996251,-0.034173694,0.08674951,0.0024413757,-0.0495928,-0.0441103,0.010361267,-0.0574465,-0.00049474963,0.047782656,0.05609574,-0.0006406682,-0.0015413105,-0.03975909,-0.025398683,-0.041169778,-0.058370166,0.08820196,-0.022209378,0.09437036,0.08433869,0.050473634,0.042789612,0.09597666,0.062503904,0.038266398,0.040784944,0.038057297,-0.0349192,-0.028548503,0.067196466,0.030382896,0.006518669,-0.030745141,-0.019242235,-0.065308824,-0.053438038,-0.038783684
5BR%WP_302380465_1_NADH_flavin_oxidoreductase__uncultured_Alistipes_sp__,-0.06894768,0.06794884,-0.11858834,0.03867445,-0.11129922,-0.08875363,-0.016938105,-0.06490533,-0.08101827,-0.010930083,-0.032219157,0.10747463,0.10272468,0.04138172,-0.13063525,-0.0536684,-0.067154035,-0.052090984,0.056664042,-0.029421626,0.032172196,-0.019494949,0.0054911487,-0.008945783,-0.08479567,-0.01961495,-0.019061117,0.08266887,0.12329685,0.109330505,0.104340106,-0.13101088,-0.045623377,-0.036575273,-0.001962787,-0.09895291,-0.061744522,-0.05351551,-0.11437257,-0.15208535,-0.06181692,0.017328972,0.039680544
5BR%WP_394671717_1_NADH_flavin_oxidoreductase__Muribaculum_sp__,-0.04722282,-0.08416294,0.060704872,-0.059649386,0.031835385,-0.08048668,-0.050139017,-0.027449233,0.056327593,-0.048056513,-0.021013433,-0.04928218,-0.10698583,-0.07921305,0.022305451,-0.060667947,-0.048211426,-0.062079877,-0.05354975,-0.007195157,-0.040328927,-0.04122026,-0.017420467,-0.010042182,-0.027615922,-0.10853372,-0.14922908,-0.007022707,-0.13413893,-0.14394659,-0.041364357,0.0127555905,-0.046845727,-0.06297922,-0.063127235,-0.012706358,0.0048810397,-0.029231517,0.046927758,0.0895002,-0.00060793216,-0.017681066,-0.05327676
5BR%WP_418992344_1_NADH_flavin_oxidoreductase__Alistipes_sp__,0.022212712,0.100518905,-0.059633646,0.01681542,-0.029907553,-0.031985823,0.04254459,-0.058239736,-0.05619339,-0.0095835235,0.027954333,0.020612497,0.04319443,0.055820484,-0.018985277,-0.024517316,-0.018701868,0.05226232,0.071885586,0.0074728914,0.055141233,0.014469952,-0.03666355,0.00078022346,-0.040988263,-0.028200977,0.0018446335,0.005071904,-0.00095236173,-0.00899855,-0.005128603,-0.033443186,-0.009948333,0.016055621,-0.030573038,-0.012443959,-0.031567357,0.03261911,-0.004361614,-0.06075067,0.03131958,0.07990126,0.04508132
7aHSDH%EOW9602512_1_SDR_family_NAD(P)-dependent_oxidoreductase__Escherichia_coli_,-0.15925767,0.00043243825,0.070565626,-0.11954024,0.056887433,0.12338193,-0.121260874,0.15543985,0.09987833,-0.115307495,-0.18679279,0.17698166,-0.08942007,-0.09007822,0.107961275,0.17219323,0.14942528,-0.15489851,-0.17599119,-0.11660558,-0.20197229,-0.121511765,0.17621362,-0.16161025,0.18311328,0.20754957,-0.0323012,0.19270378,0.21493383,0.09262868,0.045604512,0.09131555,0.12646604,-0.17955996,0.1516354,0.074302785,0.10871836,-0.12663123,-0.15137345,-0.061664905,-0.18294466,-0.16165228,-0.15611282
7aHSDH%GENOME011662_3430,-0.021014249,-0.056256466,0.002201227,0.030277347,-0.022089433,-0.027335372,0.0032480725,0.001637067,-0.02061214,0.052933186,0.015459223,0.011182785,0.040280417,-0.011530786,-0.02146468,-0.028287437,-0.03402406,-0.016154343,-0.00667342,-0.0022623115,0.012778979,0.018624848,0.0065018157,-0.019152442,-0.024778953,-0.03322299,-0.013399941,0.011791752,0.01454161,0.038803592,0.014524411,-0.034232054,-0.010653065,0.022082226,-0.024977976,-0.026719093,-0.01791173,-0.016470106,-0.01854047,-0.014867666,-0.018243415,-0.034151584,0.0058945785
7aHSDH%GENOME067790_2714,0.044449512,-0.06435808,0.06120854,0.022662316,0.067649715,0.04353757,0.06835034,0.033407584,0.037029717,0.023977615,0.020001613,-0.05685101,-0.02681056,0.020418737,0.09058731,0.060943823,0.05062397,0.09760064,-0.021062667,0.08595317,0.0004642919,0.06133766,0.048484106,0.045884,0.099586055,0.059964217,0.072819375,-0.031828117,-0.034920815,0.0009432904,-0.025877785,0.10315582,0.081930466,0.10149316,0.06315961,0.10619052,0.098285496,0.13602933,0.10252969,0.0728623,0.05651526,0.00083130645,-0.0015800967
7aHSDH%GENOME070302_884,-0.028198019,-0.029272292,0.015403086,-0.031969734,-0.029145358,-0.098549694,-0.03032567,-0.008343838,-0.07313861,-0.014080142,-0.07792623,-0.00097089744,-0.051382672,-0.02639986,-0.016493587,-0.049452618,-0.06962362,-0.02035343,-0.0021122443,0.016465526,-0.036026362,-0.046797775,0.01589042,0.0017584194,-0.02004138,-0.05203194,-0.04650918,-0.010407198,-0.0010095723,0.018650316,0.042149425,-0.019761201,-0.0195637,-0.023862936,-0.078539655,-0.03277081,-0.03357747,-0.0056163077,-0.018324733,-0.00925758,-0.061916847,-0.072161086,-0.023358883
7aHSDH%GENOME086444_1757,0.004037725,0.0044721356,-0.012481996,0.011176573,-0.014749036,-0.029696412,-0.007669246,-0.0063623036,-0.013948492,-0.015473425,0.009571505,0.012629366,0.025302717,0.025213582,-0.03047175,-0.025798988,-0.012981228,-0.0118167475,0.019085312,0.007747218,0.018292276,-0.002257124,0.012838759,-0.014885,-0.0070969285,0.013501705,-0.0040766937,0.021173662,0.038557652,0.040181708,0.04183239,-0.008295947,0.016426738,0.00991652,0.026017498,-0.007812051,-0.0007945156,0.009801167,-0.005783124,-0.02723107,-0.0095691355,0.00091932906,0.01598615
7aHSDH%GENOME103762_694,0.004998614,0.045479167,-0.041814074,-0.031885043,-0.030409498,-0.03643712,0.022072164,-0.02896341,-0.067087024,-0.031470403,0.0030141769,0.006906756,0.020738984,0.0016070547,0.004810306,-0.02570946,-0.025312915,0.006757426,0.038302153,0.026823144,0.03604334,-0.007269943,-0.0074534803,0.035223585,-0.05575311,-0.036692213,-0.019706527,-0.005506764,-0.010608801,-0.0036235536,0.0064316858,-0.025577163,0.01697964,0.007048645,-0.027705994,-0.06789958,-0.04963844,-0.03895673,-0.052437738,-0.03194132,0.0035218876,0.029595636,0.027701454
7aHSDH%GENOME150027_3593,-0.0014839647,0.029592931,0.069229394,-0.07546399,0.07057727,0.029945789,-0.11868314,0.07262049,0.09767686,-0.06769976,-0.05545468,0.012739513,-0.09155245,-0.006249251,0.069389135,0.045599908,0.057922177,-0.067032635,-0.09169015,-0.08189046,-0.08348836,-0.05067849,0.049708523,-0.0938268,0.064419344,0.04373065,-0.08120246,0.02668391,-0.011657205,-0.04660259,-0.051966295,0.058343805,0.06299521,-0.07979974,0.05762186,0.04047953,0.046004605,-0.11232629,0.01582034,0.09950107,0.00865354,-0.025645265,-0.06497389
7aHSDH%GENOME215422_1346,-0.0992078,-0.071499646,0.08060575,-0.11095678,0.03450508,0.018301087,-0.115772754,0.100829296,0.11933422,-0.10754817,-0.09740004,0.054106995,-0.08377613,-0.09753479,0.030125504,0.04474,0.028767986,-0.098833114,-0.13724707,-0.07286365,-0.12495075,-0.0998041,0.043589894,-0.080396384,0.07590129,0.046786662,-0.09323731,0.07472971,0.056390155,-0.04876273,-0.021302788,0.043635637,0.05056741,-0.08272252,0.05331409,0.034742005,0.06437624,-0.022040123,-0.0066070813,0.020010777,-0.10423113,-0.08746245,-0.12296908
7aHSDH%HAY2965420_1_SDR_family_oxidoreductase__Escherichia_coli_,-0.13542122,-0.030475914,0.08315161,-0.09120852,0.060706,0.13286881,-0.06675004,0.13492797,0.07254654,-0.09150065,-0.15319645,0.15440859,-0.081812546,-0.08760493,0.12078746,0.17392705,0.15080082,-0.101718806,-0.14046459,-0.08572492,-0.1527544,-0.09620612,0.15429305,-0.15564969,0.17716303,0.19061561,-0.009267187,0.1752152,0.20113282,0.09047611,0.05469891,0.11938673,0.0999999,-0.13307849,0.09102491,0.10796551,0.09666638,-0.05924903,-0.13801977,-0.06762398,-0.16939393,-0.14927188,-0.1223023
7aHSDH%MBHC130__Clostridiales_bacterium_1_7_47FAA_,0.0015882901,-0.0009452149,0.035590135,-0.020965721,0.035778996,0.037177525,-0.028389508,0.027550802,0.028458498,-0.032417607,-0.017061142,-0.012332397,-0.033676602,0.0030354396,0.027042355,0.04219775,0.032751087,0.0074862065,-0.035016693,-0.010341805,-0.028846202,-0.012812999,0.03571669,0.011478665,0.04769962,0.039659813,-0.006534677,-0.003382242,-0.015248308,-0.014536388,-0.0012661745,0.033834334,0.038874835,-0.003451092,0.0279899,0.043826744,0.03809319,0.014106409,0.009182969,0.038743705,0.0078105396,0.0007720805,-0.02418749
7aHSDH%MCI7810995_1_SDR_family_oxidoreductase__Clostridiales_bacterium_,-0.013977719,-0.019428931,-0.056948453,0.0059415167,-0.041366797,-0.04146161,0.012632301,-0.044151135,-0.006060128,0.022882206,0.009686789,-0.0016924223,0.0069526215,-0.0054072784,-0.045750022,-0.034702163,-0.04209747,-0.0028580597,0.024706611,0.0058637722,0.031795755,0.0193048,-0.04882227,0.018130211,-0.0595628,-0.034419667,-0.0013622906,-0.0030219376,-0.0071925186,-0.002750481,0.025746405,-0.04034134,-0.044010535,0.0051998403,-0.04922393,-0.03787651,-0.044030067,-0.0063458425,-0.0077728974,-0.031967178,0.0077324654,0.040741306,0.019351749
7aHSDH%MEO8122524_1_7-alpha-hydroxysteroid_dehydrogenase__Burkholderiales_bacterium_,-0.09909527,0.006510587,0.17777802,-0.1547851,0.14285393,0.16101202,-0.10814622,0.1920057,0.06997226,-0.13979514,-0.22942232,0.07958053,-0.2355389,-0.092076465,0.21941975,0.21125537,0.18433529,-0.09694204,-0.17729263,-0.066111565,-0.21961191,-0.12796499,0.25402045,-0.14689691,0.27994335,0.26691246,0.014637691,0.109073095,0.16249616,0.028006427,-0.02954231,0.2251175,0.14214732,-0.18140616,0.09327234,0.20896639,0.14968783,-0.055397812,-0.10076645,-0.011032898,-0.21231754,-0.18876885,-0.14932832
7aHSDH%WP_003507641_1_7alpha-hydroxysteroid_dehydrogenase___Clostridium__symbiosum_,0.043734528,-0.051052354,0.08966542,0.034411985,0.08628654,0.027898302,-0.012817894,0.06902131,-0.011016312,0.010928579,-0.020895498,-0.044033103,-0.055620767,0.016909618,0.036428932,0.07831767,0.03927675,0.040511113,-0.020972839,0.012280521,-0.009893935,-0.013994052,0.11697641,-0.0872298,0.16393526,0.1242821,0.103802614,0.03589502,0.12165167,0.16194525,0.070641726,0.08095138,0.005315314,0.013093128,-0.0013077253,0.14434555,0.12488134,0.06372558,0.029009454,0.026179774,-0.03635228,-0.053177454,0.023059957
7aHSDH%WP_025075670_1_7alpha-hydroxysteroid_dehydrogenase__Bacteroides_faecichinchillae_,-0.11874985,0.024429927,-0.10000957,-0.015552445,-0.11360198,-0.0479645,-0.034984287,-0.016128758,-0.027808748,-0.00991818,-0.052473783,0.15329808,0.12532297,0.0024377184,-0.16073942,-0.07519193,-0.11712909,-0.10564192,0.013677749,-0.030701146,-0.008980376,-0.025662705,-0.02702174,-0.01837244,-0.10132501,-0.049728326,-0.027134774,0.11748923,0.15005459,0.12925836,0.16024916,-0.16652866,-0.04129709,-0.047106486,-0.002621371,-0.15322837,-0.14838633,-0.09339127,-0.15827928,-0.16042976,-0.10154919,-0.044652086,-0.030007591
7aHSDH%WP_071121323_1_7alpha-hydroxysteroid_dehydrogenase__Romboutsia_timonensis_,-0.0042578075,-0.058310956,0.11984942,-0.052323226,0.095601104,0.107934065,-0.018270353,0.12728573,0.15962677,-0.012788561,0.008710056,-0.010432163,-0.051531207,-0.04873264,0.11503953,0.09439638,0.09653929,0.007841893,-0.12294278,-0.03482783,-0.087355144,-0.020013615,0.040575996,-0.045504004,0.12108618,0.07435742,-0.009777872,0.0027727413,-0.019417698,-0.06322236,-0.083214104,0.12539291,0.11762746,0.02631717,0.09083631,0.09860157,0.11646265,0.043342773,0.080267504,0.09289814,0.016308751,-0.052431468,-0.098151274
7aHSDH%WP_262434703_1_7alpha-hydroxysteroid_dehydrogenase__Jilunia_laotingensis_,-0.061289597,0.0031290494,0.011977954,-0.07649426,0.00066664966,-0.028608749,-0.087581255,-0.02459073,0.004442075,-0.073038384,-0.04874189,-0.019463018,-0.10149895,-0.06846003,-0.013793393,-0.06512292,-0.065647066,-0.12204834,-0.038273584,-0.06789384,-0.056919422,-0.06685708,-0.0089879865,0.008579387,-0.07935319,-0.09926434,-0.15342107,-0.008591751,-0.097779095,-0.1203223,-0.013938283,-0.044735864,-0.05375121,-0.12359163,-0.06688863,-0.0998201,-0.0712941,-0.13009702,-0.026298923,0.03155114,-0.034474574,-0.038976897,-0.059192013
7aHSDH%WP_288686302_1_SDR_family_NAD(P)-dependent_oxidoreductase__partial__uncultured_Bacteroides_sp__,0.0034361463,-0.06981124,-0.0021221365,0.04926283,-0.017805817,-0.021617256,0.00040294172,-0.0027369135,-0.005112096,0.073210485,0.02413476,-0.019588375,0.044704393,-0.02583708,-0.014368095,-0.014741383,0.0014971634,-0.027764548,-0.022599509,0.009065981,-0.0047740014,0.028644469,-0.025406284,-0.018151592,-0.023510808,-0.022280516,-0.009912383,-0.004120742,-0.0073242746,0.050155986,0.01706577,-0.033908986,-0.019605592,0.021038461,0.0083069075,-0.03497698,0.0004705953,-0.042129017,-0.0017246268,0.010210644,0.015668811,-0.027798796,0.003919227
7aHSDH%WP_303013929_1_7alpha-hydroxysteroid_dehydrogenase__uncultured_Bacteroides_sp__,-0.03156169,-0.01972925,-0.020232543,-0.012921725,-0.024702884,-0.021708598,-0.043329302,0.018658435,0.014636526,0.0135409795,-0.0387497,0.04248789,0.015715532,-0.06290585,-0.0807533,-0.011571181,0.013811222,-0.08161954,-0.025136389,-0.059146315,-0.04145639,-0.04304471,-0.015468841,-0.03158861,-0.04341763,-0.031102505,-0.039350122,0.04862441,0.0761095,0.10811388,0.10852482,-0.060013108,-0.027399773,-0.05543278,-0.030885134,-0.06552177,-0.03846766,-0.09809183,-0.04917092,-0.023601074,-0.03003392,-0.06832202,-0.033569727
7bHSDH%WP_394860677_1_7beta-hydroxysteroid_dehydrogenase__Mediterraneibacter_gnavus_,-0.03602258,-0.08249343,0.05112602,-0.023996415,0.044578023,0.0025765488,-0.014003375,0.060488757,0.028903536,-0.012443209,-0.060946032,0.015783342,-0.047538795,-0.019276895,0.032090567,0.03578007,0.00089515885,-0.0019021009,-0.05651404,-0.001265107,-0.05808684,-0.044193882,0.07037106,-0.0054562707,0.06893887,0.034714527,-0.0043958644,0.05229127,0.054434694,0.05830246,0.042748723,0.03651399,0.026153307,-0.004165651,0.021985838,0.04665236,0.059437737,0.06698927,0.036888942,0.02201695,-0.05179841,-0.09198947,-0.037647326
BSH1%UPI0001B1C28E,-0.18225649,-0.11970194,-0.013902444,-0.06030812,0.0020668455,0.11472875,-0.046760324,0.14938058,0.09062664,-0.0408566,-0.08873854,0.21589755,0.092675425,-0.07764883,-0.04484348,0.10222682,0.017771067,-0.11802032,-0.10734164,-0.11109208,-0.099411204,-0.11912641,0.07047274,-0.057721067,0.04645221,0.0724179,-0.008321934,0.2480426,0.300356,0.24256052,0.21399729,-0.07264488,0.044738516,-0.08583715,0.030566597,-0.05718641,0.025788017,-0.07795259,-0.16716863,-0.13660948,-0.1537658,-0.14926782,-0.12217775
BSH1%UPI0001DE6025,-0.08302637,0.015675554,0.034524985,-0.14443491,0.031824403,0.01371274,-0.11202152,0.05928464,0.05698435,-0.13141954,-0.086185805,0.063023925,-0.072206445,-0.050346088,0.023354162,-0.010658866,-0.006531473,-0.12932473,-0.10104279,-0.11710358,-0.11592808,-0.115164496,0.01190954,-0.09050644,0.0057539805,-0.0031184664,-0.11592532,0.054858804,0.040382404,-0.05267557,0.0020731709,0.0136470795,0.009697562,-0.14086731,0.009570676,-0.02849308,-0.03033831,-0.08668789,-0.023501968,-0.009649689,-0.08445655,-0.074084446,-0.11355793
BSH1%UPI0002CB0E7D,0.032813057,-0.028853714,-0.006798267,0.035626438,-0.006871008,-0.025522433,0.0039213444,-0.009818192,-0.025957864,0.048126593,0.021433122,-0.03312699,0.021653319,-0.013964761,-0.039323863,-0.008700618,0.00839924,0.004324327,0.011745198,0.0014095217,0.019630836,0.004440924,-0.009538222,-0.004476715,-0.012378045,-0.009526338,0.018860167,-0.0061038192,0.018148791,0.08369923,0.045616638,-0.02333238,-0.022455743,0.025780063,-0.023931671,-0.0045372583,0.00703497,-0.0016318888,0.019408884,0.014139946,0.024963645,-0.017379615,0.034297694
BSH1%UPI00033F0DE9,0.026065014,-0.048027486,-0.016820462,0.10148046,-0.008705225,0.00023138867,0.06563196,-0.02480701,-0.03785439,0.08596678,0.035490967,-0.03637258,0.04078863,0.031485885,0.011447454,0.006926267,0.0031554806,0.05504583,0.044190865,0.079310805,0.058470577,0.07569476,0.03299085,0.066017464,-0.00021047684,0.024008937,0.058645908,-0.021216348,-0.021965804,0.041119676,0.020450756,0.0001063821,0.024509003,0.083611004,0.012454176,0.013652377,0.008531193,0.03639052,-0.013001045,-0.0040538316,0.029507065,0.027625417,0.059518214
BSH1%UPI0003A10C39,-0.039555646,0.079058096,-0.112915255,0.032313846,-0.121895075,-0.14970668,-0.052487,-0.09585752,-0.0917308,-0.01810708,-0.014790299,0.051042147,0.08544883,0.05530594,-0.1662736,-0.12860268,-0.12449278,-0.06871006,0.07739833,-0.027333701,0.04989466,-0.01417483,-0.03570765,-0.010160777,-0.12505828,-0.07303143,-0.030923257,0.010724473,0.06180387,0.053996477,0.07310241,-0.14518867,-0.105452806,-0.044629168,-0.055028982,-0.10405901,-0.11299364,-0.06599746,-0.08210934,-0.119564794,-0.046710454,0.030677455,0.051364794
BSH1%UPI00044AC395,-0.11567793,-0.026461866,-0.03249417,-0.04600646,-0.048721317,-0.023253022,-0.0015632354,-0.045481447,-0.053186912,-0.049573768,-0.04638298,0.063072,0.01002654,-0.06442337,-0.08264665,-0.06766682,-0.13705389,-0.064926594,-0.011885331,-0.034819983,-0.02419245,-0.05073711,-0.03079819,0.05138098,-0.0793198,-0.12330887,-0.077222824,0.06232449,-0.004416112,-0.032941863,0.034890622,-0.12803116,-0.10303506,-0.08689506,-0.004420469,-0.15327837,-0.06311133,-0.039647758,-0.094640166,-0.065487646,-0.074270666,-0.02230824,-0.034419656
BSH1%UPI0004BCDDD9,-0.080430925,0.025227152,-0.007265176,-0.05815802,-0.03777768,-0.05129453,-0.023649937,-0.060560673,-0.033018984,-0.08068231,-0.051386572,0.021348193,-0.042250615,-0.042435158,-0.05422992,-0.09048253,-0.12121006,-0.042264085,0.019132039,-0.0066649374,-0.015571709,-0.04309879,-0.055273347,0.08709761,-0.10628214,-0.15345098,-0.1097714,-0.020644415,-0.10762565,-0.15467037,-0.03367667,-0.08160642,-0.08764491,-0.078200005,-0.05750479,-0.11338228,-0.0944326,-0.037586663,-0.055424623,0.0014046427,-0.044422623,0.0053470545,-0.032927632
BSH1%UPI0004D69CD5,0.092877455,-0.018712267,0.038648073,0.074027255,0.029006291,-0.011516392,0.017159753,-0.008254921,0.00096211006,0.063122295,0.06908232,-0.08447425,0.015474512,0.024697872,-0.0121199,-0.010282671,0.034380987,0.046232417,0.0365392,0.012097115,0.05109137,0.025725843,-0.02292324,0.0015314451,-0.011873355,-0.028752917,0.005217685,-0.047153562,-0.041296892,0.03475036,0.0055730846,0.025238676,-0.01793924,0.069981925,-0.05513564,0.05189044,0.02993919,0.05074511,0.102827184,0.07634971,0.07895668,0.001390058,0.059715856
BSH1%UPI0004D6A0E9,0.053500127,0.06551498,-0.021488834,-0.03698938,-0.03618091,-0.10610251,-0.027695237,-0.06031171,-0.05458396,-0.015839353,0.027033962,-0.0701169,-0.030946292,-0.036356155,-0.057781644,-0.1210608,-0.06964599,-0.021716649,0.06105758,-0.03400356,0.04708905,-0.044393107,-0.11793119,0.004686181,-0.13285169,-0.15868874,-0.08538713,-0.08248175,-0.11050944,-0.06528596,-0.026076794,-0.07081908,-0.11607062,-0.03038254,-0.17346308,-0.06910778,-0.11297366,-0.06779787,0.03268067,0.026838355,0.042968933,0.03306538,0.022804337
BSH1%UPI0004F8D610,-0.04033898,0.057087697,-0.0673928,-0.044173546,-0.053968213,-0.06421426,-0.049230304,-0.037900086,-0.030995272,-0.054310326,-0.060192022,0.05875697,0.024606742,-0.028000949,-0.11455059,-0.040565167,-0.033901982,-0.08274071,0.011132283,-0.058698777,-0.015400524,-0.053240586,-0.02696923,-0.038806792,-0.06368791,-0.027454609,-0.0461217,0.04225367,0.075686,0.06724708,0.08067527,-0.09216895,-0.05344719,-0.07150677,-0.009945936,-0.09082007,-0.07467967,-0.067628525,-0.06021079,-0.08071497,-0.05080324,-0.00884641,-0.0027502803
BSH1%UPI0005DBBD01,-0.009535941,-0.04365109,0.038260866,-0.051851608,0.04386928,0.060421668,0.036653094,0.04643065,0.065605246,-0.0051308107,0.01702142,-0.016232496,-0.031022213,-0.029723218,0.07824628,0.054769546,0.043348562,0.03286468,-0.046007644,-0.00163245,-0.015438169,-0.0030297542,0.020372706,0.013007126,0.04274482,0.023032486,0.01634423,-0.020111771,-0.027928274,-0.049650382,-0.031477872,0.07585647,0.05522275,0.02938121,0.0029913418,0.056762505,0.029017353,0.04302999,0.03300253,0.041532647,0.0157182,-0.023405967,-0.037258096
BSH1%UPI00070D1B8F,-0.11686501,0.00281704,-0.05871708,-0.0085711,-0.051694907,0.045197982,-0.0051041953,-0.0046989727,-0.02496557,-0.023714807,-0.0906351,0.14424478,0.055217016,0.013006786,-0.038362764,0.018669236,-0.040919248,-0.05277712,-0.0059379535,-0.020452706,-0.036923572,-0.025599279,0.020149834,0.0076388596,-0.024183083,0.025477331,-0.008292712,0.09189549,0.10398187,0.040605225,0.07371666,-0.076569416,-0.00015137777,-0.053357802,0.0797297,-0.09687944,-0.065883525,-0.043045145,-0.14310938,-0.12016546,-0.10599164,-0.025014358,-0.03463617
BSH1%UPI00076E9CCB,0.115661174,-0.018858565,0.01229721,0.106478184,0.007573845,-0.029825132,0.05775664,-0.050500106,-0.056348182,0.10389482,0.09679556,-0.12294872,0.027805544,0.04356678,0.0044287057,-0.035990696,0.0037002808,0.09075795,0.072280146,0.055226944,0.09161264,0.06824316,-0.045143977,0.040437564,-0.02843953,-0.038758494,0.040458802,-0.099972785,-0.104418986,0.0004931911,-0.020133335,0.009503868,-0.029530007,0.10874459,-0.0698291,0.039270118,0.0039958623,0.07159115,0.096890524,0.063031,0.099856816,0.060948547,0.09230366
BSH1%UPI0007933BD5,0.08762553,0.023690868,0.05752594,-0.02839957,0.016875217,-0.06330041,-0.07685837,-0.004549978,0.0282588,0.0022264253,0.020523394,-0.12048824,-0.09514873,-0.03651972,-0.050030798,-0.057393316,0.006873551,-0.029770846,0.004213242,-0.054519027,-0.004598771,-0.03549779,-0.05015011,-0.010615017,-0.04707463,-0.08816025,-0.07128128,-0.09804231,-0.11772004,-0.080553636,-0.047181178,0.009976271,-0.058106426,-0.030897722,-0.100047275,0.012677472,-0.029042792,-0.05791378,0.09506294,0.11985636,0.061929137,-0.0092361625,0.0063451445
BSH1%UPI000801FF16,-0.10157138,-0.010057912,-0.04782281,-0.058121074,-0.06673409,-0.107266046,-0.049711008,-0.068209864,-0.0025935206,-0.035524443,-0.036141183,0.03524758,-0.024270413,-0.074835464,-0.06838235,-0.12295437,-0.13226451,-0.10365901,-0.011510152,-0.026086064,-0.02583093,-0.027998012,-0.09397278,0.008928107,-0.13657697,-0.16875246,-0.15115699,0.0061923987,-0.09704553,-0.12469588,-0.0133860195,-0.11015276,-0.08760279,-0.08896161,-0.09083325,-0.14791456,-0.121748045,-0.112754844,-0.06674672,-0.031237831,-0.04173056,0.0017427455,-0.067805886
BSH1%UPI00093BFB8C,0.07773695,-0.0077421516,0.035681892,0.080465384,0.074882925,0.09473049,0.09090566,0.003212657,-0.04491319,0.03943078,0.00646601,-0.057109956,-0.02185176,0.051913872,0.085488774,0.10887283,0.07891981,0.12370548,0.042353746,0.10828155,0.052193426,0.06826424,0.09957408,0.061404925,0.11753676,0.10592777,0.12342858,-0.008177145,0.017887741,0.073777094,-0.016738165,0.09100166,0.048058115,0.08608287,0.07408573,0.10847372,0.10029913,0.1094341,0.023669098,0.043986607,0.041631047,0.025461532,0.08490313
BSH1%UPI000949473C,0.008660084,0.025463315,-0.01399228,0.010652321,-0.014264721,0.030066228,0.052680865,-0.00045800104,0.0022892929,0.014248835,0.04615201,0.012336378,0.056906525,0.052922755,0.009435382,0.014703453,0.0018201454,0.045008756,0.01099289,0.013193474,0.027585575,0.014078424,-0.005032061,0.02148442,0.011471147,0.00838446,0.04491011,-0.0027569192,0.0039891456,0.001669064,-0.00428491,0.00969257,0.025079403,0.04726091,0.027331853,0.0169052,0.008926166,0.04511252,0.0061265677,-0.027945448,0.02562973,0.024595466,0.004666243
BSH1%UPI00095B1DAC,-0.080835775,-0.009093287,-0.059346523,-0.011393244,-0.10878396,-0.11558618,0.028984008,-0.102160476,-0.075366884,0.007550195,0.007562391,0.055052623,0.07281971,-0.06280776,-0.16149165,-0.14447697,-0.1810795,-0.040404152,0.050850887,-0.0184657,0.033434372,-0.024864538,-0.16813557,0.04778682,-0.18497145,-0.25797454,-0.112712964,0.014620539,-0.068856776,-0.05791279,0.021229772,-0.19898033,-0.18218811,-0.053862646,-0.10571241,-0.22375685,-0.13545477,-0.07134959,-0.08785042,-0.057790246,-0.023675844,0.014563739,-0.019758012
BSH1%UPI00095C7CBB,-0.018425398,0.042196836,0.031482734,-0.0524162,-0.040529996,-0.12537372,-0.17530768,-0.0130703915,-0.009235096,-0.068098605,-0.08637741,-0.037055,-0.085312806,-0.036980964,-0.09267454,-0.13680302,-0.095412314,-0.16695678,-0.013600575,-0.0707192,-0.04544864,-0.07105136,0.002288521,-0.030017264,-0.0937471,-0.082678735,-0.13434824,-0.05304403,-0.052897993,-0.08741228,-0.037441403,-0.064141214,-0.08613042,-0.11901931,-0.07555115,-0.07876537,-0.12352664,-0.14892359,-0.02393444,0.021104705,-0.07264327,-0.052889537,-0.012043296
BSH1%UPI000A00C8F6,-0.09164668,-0.028212734,-0.020004878,-0.045628235,0.011596472,0.050827898,-0.043379642,0.032808736,0.008354727,-0.060285494,-0.07033141,0.060034323,0.0077731563,-0.04247236,0.006682447,0.045549348,0.011486535,-0.0793797,-0.07456343,-0.05108311,-0.073710226,-0.06786943,0.043891888,-0.025022883,0.011584273,0.058882423,-0.034184154,0.048535466,0.07617628,0.049322966,0.063374,-0.02842571,0.008312125,-0.061671786,0.07251631,-0.048238613,0.011838725,-0.046627626,-0.07822102,-0.06305406,-0.09141882,-0.06204799,-0.049835067
BSH1%UPI000BCCCB22,-0.02378273,0.04734335,0.015601343,-0.09643122,0.007889038,-0.049864087,-0.07451305,0.005330345,0.022147391,-0.10805661,-0.033733133,0.01164839,-0.028051749,-0.023842763,0.0045807804,-0.0066942186,-0.016507465,-0.04597561,-0.024649773,-0.049696375,-0.034391046,-0.10295148,-0.021417456,-0.062271312,0.0012770914,0.015062187,-0.0631794,-0.0017360604,-0.005828133,-0.061690003,-0.035315763,0.0057336236,-0.019250056,-0.06091754,-0.029289018,-0.005434814,-0.013215704,-0.015289719,-0.011870555,0.010698975,-0.045458294,-0.010774052,-0.027787607
BSH1%UPI000BD3EFD5,-0.01426385,-0.033440128,0.14178346,-0.13694611,0.14661546,0.124573834,-0.050439037,0.12783907,0.052451562,-0.12100156,-0.08407176,-0.001510185,-0.14240438,-0.060750384,0.15032908,0.12242412,0.109333955,-0.008110011,-0.11038341,-0.07460186,-0.12011017,-0.101516895,0.11908343,-0.08321204,0.18098435,0.1531861,0.0059460993,0.021119816,0.06694366,-0.02710092,-0.028361034,0.17131251,0.10361399,-0.079030186,0.030808493,0.13874651,0.12041478,0.0659422,0.028019661,0.04832348,-0.084403954,-0.0691885,-0.09227815
BSH2%UPI0001599717,0.1667191,0.025322266,0.070244074,0.023394026,0.107307576,0.01043659,0.1186767,-0.010674018,0.010166285,0.04682965,0.07138969,-0.19799224,-0.12280801,0.044036496,0.14856398,0.05627755,0.095811434,0.20849915,0.025852231,0.15501232,0.051692788,0.122410275,0.10091062,0.11287324,0.13027772,0.06423857,0.122029476,-0.16621481,-0.17998157,-0.10821226,-0.1562945,0.18344207,0.13668655,0.1723722,0.07197746,0.20021056,0.13752012,0.19082408,0.18579246,0.17966421,0.15536448,0.05401866,0.06805535
BSH2%UPI00017C25E3,0.0013993027,-0.040554352,0.025998507,0.038556334,-0.03930932,-0.041522413,-0.017720712,-0.0044506323,-0.021320961,0.026344316,-0.01194325,-0.017862497,0.008443821,-0.007147415,-0.053125326,-0.008653281,-0.008875274,-0.0031314334,0.002523067,-0.004862344,0.0020152885,0.0039331038,0.01959913,-0.004473671,0.0077670515,0.004962233,0.010048704,-0.0042875214,0.019048292,0.027855152,-0.0029777058,-0.011094944,-0.006424553,0.028515192,0.008739601,0.0134891495,0.020328896,0.03768396,-0.005610638,-0.002069058,-0.029222958,-0.043745823,0.020766959
BSH2%UPI0001C1C05D,0.010262069,0.010082229,0.108044736,-0.108510114,0.14262848,0.15964276,0.03587534,0.110717356,0.09693739,-0.03795742,-0.08729399,0.0012302472,-0.15982364,-0.1066897,0.16033083,0.16010372,0.16613913,0.05648663,-0.10105494,-0.026773421,-0.09766871,-0.03488203,0.11478969,0.031094447,0.17066856,0.12259986,0.044364695,0.0016930071,-0.01127915,-0.020259364,-0.014768443,0.16809928,0.13685994,-0.004028605,0.09756534,0.117564194,0.09419684,0.070894025,0.010080999,0.06728156,-0.029174386,-0.07597326,-0.10118344
BSH2%UPI0001CF4F1D,-0.009286496,-0.029572317,-0.02907817,-0.03838135,0.033701327,0.06254456,0.04521534,0.005475184,-0.016460812,0.014125305,0.0058529126,0.034928855,0.03517237,-0.030068107,0.0027842298,0.05663065,0.033579793,0.021721294,0.005971178,-0.038141347,0.005648353,-0.015771901,-0.013181851,-0.005437642,0.006136255,0.022190092,0.047069322,0.035455294,0.064504884,0.09602898,0.09144147,-0.0020842964,-0.015336472,-0.0111068785,-0.06443101,0.007847556,0.0075381887,0.028125752,-0.022834642,0.00030582436,0.0020008034,6.278502e-05,0.0041621416
BSH2%UPI000335FD2D,-0.013380404,0.043296386,-0.034158535,-0.004333514,-0.042646397,-0.06227107,-0.038206033,-0.03693475,-0.049866542,-0.0031967887,-0.026162185,-0.017979907,-0.029443763,-0.0089819385,-0.049531624,-0.063943446,-0.06663388,-0.04564334,0.026774986,-0.01151438,0.0014463331,-0.008814162,-0.009555267,0.02315908,-0.058734786,-0.05338127,-0.027282016,-0.02957349,-0.026749622,-0.017168114,0.025893444,-0.0455716,-0.04833612,-0.042889226,-0.06981004,-0.04282505,-0.058105744,-0.051875204,-0.038943455,-0.04525499,-0.026287692,-0.0052802805,0.0037427256
BSH2%UPI00033AD64E,0.027256828,-0.023941306,0.03693738,0.038387787,0.035402857,0.026790226,0.012113253,0.026985237,0.04568224,0.0446805,0.025125649,-0.022546124,0.020591695,0.033858735,-0.001280693,0.0033424117,-0.0080122175,0.012656858,-0.0056669544,0.02624913,0.016694585,0.030889206,0.031531353,0.0023691636,0.031112056,0.008411867,0.019810982,0.004801829,0.0038854212,0.016915055,0.00037201098,0.018702468,-0.0057518757,0.04972606,0.029351285,0.037247643,0.03400781,0.050601624,0.05401454,0.015577836,0.019723844,-0.004321069,0.024471901
BSH2%UPI00033F049A,0.11784141,0.012090321,-0.052894644,0.15814418,-0.017268453,-0.040299848,0.10512766,-0.07252035,-0.0067052394,0.13536984,0.13039638,-0.07522661,0.09356559,0.122830845,-0.0041101645,-0.03744819,-0.002770297,0.12212242,0.09782279,0.1398136,0.11878453,0.1520861,-0.044673733,0.05959882,-0.009774506,0.0048209224,0.11279129,-0.07972054,-0.07572987,0.02002173,-0.032362968,0.010925797,0.010110397,0.15595646,0.034309227,0.049226843,0.02812619,0.078255564,0.09916628,0.042691186,0.1507131,0.12330058,0.108629696
BSH2%UPI000396CDDF,0.16558073,0.048826706,-0.032556042,0.08757531,0.022147108,-0.04564594,0.072315514,-0.0881719,0.00902528,0.09723651,0.14506948,-0.17278616,0.010656458,0.15343805,0.012238859,-0.07123888,-0.03560778,0.15561253,0.09867208,0.12657858,0.11124328,0.14134897,-0.041373607,0.1422898,-0.041230515,-0.071187556,0.07533049,-0.1698897,-0.22828409,-0.12693143,-0.10213879,0.018272145,-0.004074267,0.14237985,-0.03985197,0.09161272,-0.0015385173,0.09099004,0.18513273,0.16738851,0.22514816,0.14824839,0.112468615
BSH2%UPI00050FFCF5,0.017051827,0.008712862,-0.000100483594,0.00061249925,0.024815498,0.035330154,-0.0002705591,0.026231674,0.046013538,0.0063224006,0.02946994,-0.010263354,0.006383319,-0.004905741,0.05128935,0.01504439,0.044427156,-0.006220366,-0.022712676,0.004043175,-0.012789327,0.016340759,0.012017402,-0.026383886,0.053187624,0.06356164,0.037139427,0.0073844153,0.006062861,0.008773177,-0.042256914,0.052716702,0.045197126,0.016008582,0.05540023,0.063596085,0.06692649,0.033013918,0.060697187,0.01842453,0.023531565,0.011600655,-0.0005847894
BSH2%UPI0005DCCFF2,0.12557511,0.069260046,-0.09530831,0.12765007,-0.043947414,-0.050106138,0.1516475,-0.15133937,-0.151436,0.078198284,0.1353312,-0.10912542,0.08894011,0.13342056,-0.006336191,-0.06906976,-0.059497885,0.15634765,0.1520286,0.14696972,0.1577104,0.16724701,-0.042679086,0.10174098,-0.049146418,-0.022993581,0.13131872,-0.12386801,-0.11591257,-0.008496497,-0.04769741,-0.022821875,-0.024811147,0.13969824,0.02273114,0.0044308407,-0.028769232,0.106992416,0.054107856,0.0019927225,0.14733654,0.16689758,0.14934462
BSH2%UPI0006649122,-0.093058646,-0.029882211,0.008394517,-0.035245966,-0.029725205,-0.013863363,-0.06713355,0.051879894,0.049103323,-0.018836338,-0.069402106,0.089766845,-0.013008502,-0.052231245,-0.0342336,-0.010200344,-0.021973338,-0.10246634,-0.072841085,-0.054783553,-0.075935654,-0.05339595,0.028554358,-0.053556204,0.009567016,-0.014110595,-0.0603799,0.100330785,0.07807468,0.047738027,0.052532006,-0.04426834,-0.0024149718,-0.07771837,0.040677324,-0.0393014,-0.0020513292,-0.076514505,-0.05712094,-0.046457645,-0.08389289,-0.09031255,-0.074488126
BSH2%UPI0006C0EB58,0.10298824,0.023577202,-0.01857341,0.06967113,-0.04856839,-0.062466178,0.040879637,-0.09225193,-0.035128623,0.09592908,0.06848316,-0.11907515,-0.021355214,0.03834759,-0.11470131,-0.05213797,-0.029352324,0.06650276,0.075136356,0.055692367,0.07419132,0.08143473,-0.07378567,0.0690367,-0.05323393,-0.08751013,0.042302527,-0.123563424,-0.13407497,-0.057669584,-0.027577069,-0.042720504,-0.10550345,0.049400553,-0.038631573,-0.012511577,-0.03395598,0.006825794,0.06491605,0.06827572,0.105562285,0.059675798,0.07153705
BSH2%UPI0006C1ADDE,-0.064589016,0.047563158,-0.12040817,0.06959718,-0.09703595,0.008169215,0.023674347,-0.059780378,-0.065527365,-0.0028667632,0.011895689,0.11659787,0.14866836,0.115926325,-0.068540566,-0.019714544,-0.063068405,-0.015966298,0.05503558,0.041266304,0.028147133,0.03605671,-0.007530269,0.03570144,-0.06572629,0.013772335,0.039586116,0.06428672,0.10446729,0.063297965,0.10637007,-0.09787731,-0.0077454834,-0.002065142,0.038078792,-0.09556083,-0.07478594,-0.042199846,-0.13404086,-0.14707303,-0.03481473,0.03983847,0.012708148
BSH2%UPI0006C28698,0.10933909,0.00026328108,-0.027602402,0.14410478,-0.040984068,-0.074138254,0.07952646,-0.09485804,-0.048239306,0.112040356,0.08681181,-0.10303774,0.06884199,0.10227432,-0.038490534,-0.06656371,-0.047191788,0.10382819,0.10795975,0.14634307,0.11286122,0.15559573,-0.027818875,0.07580127,-0.0069146063,0.009546026,0.12234443,-0.13060367,-0.096991085,-0.030854845,-0.06596205,0.00087930664,-0.03903001,0.14100857,0.039543934,0.041783106,0.0077987807,0.10842508,0.08202641,0.027670778,0.09623866,0.1273361,0.1238493
BSH2%UPI0006C52F45,-0.09816443,-0.0755871,0.10188207,-0.14725523,0.04342232,0.023871679,-0.13926765,0.1291309,0.12334852,-0.14858775,-0.10759654,0.06437581,-0.08533488,-0.1270732,0.03862297,0.05627132,0.04572271,-0.12991557,-0.15917398,-0.09223001,-0.14052469,-0.12894608,0.02161052,-0.12610345,0.07692649,0.056796584,-0.1183283,0.082540505,0.09128045,-0.032708477,-0.031238746,0.055091094,0.06622952,-0.10119308,0.06081115,0.0015610605,0.064685084,-0.04650445,-0.006616809,0.019588737,-0.1278699,-0.10724527,-0.14221762
BSH2%UPI0006C5C844,-0.07787568,-0.09457077,0.099496536,-0.1074115,0.02628411,0.03664878,-0.11055624,0.14189835,0.13221756,-0.084817044,-0.065458134,0.08934964,-0.023297548,-0.12175329,0.0315279,0.051415075,0.047693938,-0.12634225,-0.15181755,-0.1012582,-0.1330263,-0.10488957,-0.047119483,-0.17391114,0.06389967,0.045824148,-0.10820112,0.10225436,0.11938886,0.006838685,-0.029459154,0.04204442,0.057982612,-0.080321305,0.037799396,-0.025551073,0.06972041,-0.052616734,0.015102826,-0.0047847987,-0.10507326,-0.08911378,-0.14779049
BSH2%UPI0006CAB5AD,-0.034275964,-0.09953718,0.018395068,-0.062215436,0.035224177,0.052666374,-0.042391315,0.055460285,0.05044283,-0.03720544,-0.050188273,0.017607495,-0.022356369,-0.01777931,-0.031552985,0.03442925,-0.007970047,-0.019723626,-0.05611627,-0.034514107,-0.033284586,-0.03234094,0.061311778,-0.011988934,0.057692993,0.086888626,0.024682013,0.037556075,0.09715481,0.021041794,0.030806268,0.017521655,0.048514772,0.0038967312,0.06790355,0.023764126,0.008778702,0.064890645,-0.0034384099,-0.00460623,-0.06716376,-0.04508458,-0.008487301
BSH2%UPI0006CABDF6,0.14835297,-0.036170233,0.052934427,0.027196193,0.08893567,0.0038806044,0.07643397,-0.014008986,0.04751728,0.055274203,0.12235136,-0.15755144,-0.018238312,0.014494548,0.035927083,0.039830323,0.054227594,0.15035659,0.046439223,0.04328358,0.08973191,0.039144803,-0.054831114,0.024640935,0.04095408,0.0068322467,0.06809721,-0.11767722,-0.11328335,-0.050205328,-0.07051951,0.08863166,-0.008833949,0.12780678,-0.05388526,0.11499279,0.077088885,0.15772569,0.17418285,0.14261447,0.14173606,0.081327155,0.08051996
BSH2%UPI0006CABE2C,-0.0051435195,-0.08812641,0.099208556,-0.019114224,0.07614029,0.093665875,0.009256628,0.09615122,0.08722836,0.016425986,-0.026918216,-0.0075566326,-0.04049681,-0.04438767,0.10180983,0.101803645,0.1041395,0.03486999,-0.075034484,-0.00795499,-0.058170218,-0.0048476486,0.044890825,-0.010863388,0.12750621,0.10644737,0.03570265,-0.0001920644,-0.012109062,-0.04156402,-0.08466977,0.10617222,0.10654413,0.044543963,0.09553855,0.100552924,0.12015953,0.09272033,0.059377342,0.06439468,-0.018686183,-0.04370481,-0.050388876
BSH2%UPI00082062C1,-0.023616955,0.03826983,-0.052522097,-0.01358421,-0.08975891,-0.04449051,-0.002083995,-0.053083826,-0.04310889,0.01319351,-0.010196422,0.010074636,-0.0043728044,-0.012983862,-0.07579771,-0.047299452,-0.06054251,-0.02570225,0.025381146,-0.015453169,0.006413931,0.002927441,-0.06409262,0.0105865225,-0.07105491,-0.07537295,-0.01654516,-0.02451767,-0.03387204,-0.048900295,-0.006592095,-0.07009334,-0.078440994,-0.039055694,-0.06526181,-0.067396894,-0.081433386,-0.05552332,-0.050020084,-0.06262617,-0.015045817,0.018121023,-0.008413873
BSH2%UPI000820857A,-0.034368057,-0.07368454,0.024168706,-0.010939037,0.0009978712,0.070331685,0.020367697,0.043324728,0.07456007,0.03659499,-0.0012051158,0.057353713,0.025565634,-0.042816006,0.002324346,0.058944993,0.044294626,-0.00149609,-0.058359697,-0.03229776,-0.04265354,-0.011200815,-0.079621464,-0.0492379,0.012864568,-0.013343487,-0.027728735,0.041501746,0.025232058,-0.013451313,-0.0061568916,-9.528069e-05,-0.009527022,-0.0005678466,0.017389633,-0.023499375,0.021818534,0.002444861,0.00016536964,-0.02345418,-0.016685417,-0.02373329,-0.071468145
BSH2%UPI000820F666,0.040907837,-0.04971816,0.0038870543,0.032735247,-0.013091569,-0.022234228,0.03973574,-0.051212564,-0.059835847,0.048089556,0.0018145499,-0.07928136,-0.036842596,-0.020469362,-0.0007920604,-0.0028903715,-0.010356562,0.051027957,0.03181356,0.03611559,0.036078107,0.025103107,-0.023154318,0.05278942,-0.02124486,-0.02771201,0.02229855,-0.07215789,-0.07915748,-0.017231181,-0.004418315,-0.0013366619,-0.051286187,0.044041686,-0.06491771,0.0017162666,-0.007281421,0.0357098,0.012504345,0.030267412,0.018303426,0.027618263,0.04173395
BSH2%UPI000821232B,-0.040582504,-0.060251016,0.086661346,-0.066754065,0.08112959,0.053124797,-0.09350212,0.10178751,0.13464504,-0.08296115,-0.026065512,0.023888936,-0.050397497,-0.044826984,0.065339714,0.05868328,0.07170548,-0.06523377,-0.11076708,-0.038644336,-0.08855323,-0.078358985,0.033456586,-0.081442855,0.05627624,0.042658135,-0.088982746,0.037487727,0.035308335,-0.034228973,-0.026110673,0.0719079,0.05466174,-0.052869644,0.0338929,0.045725822,0.06015279,-0.056742597,0.008831144,0.067956775,-0.031153576,-0.072297,-0.0871535
BSH2%UPI000821B9AC,-0.07096732,-0.08264535,0.06950522,-0.013062277,0.01033316,0.05023035,-0.04958739,0.09189262,0.10944346,0.011136171,-0.053501975,0.028001644,-0.032212697,-0.049023066,0.045119487,0.03561285,0.017781425,-0.08392742,-0.11713498,0.011020422,-0.091506675,0.0016381118,0.055525377,0.0010549463,0.057946924,0.022627473,-0.04153138,0.046050906,-0.00086536794,-0.040332507,-0.06266768,0.034264654,0.05780687,-0.021158101,0.13321508,-0.001180504,0.061273146,-0.055079155,-7.7429e-05,0.020937994,-0.043924645,-0.083369486,-0.082931966
BSH2%UPI00082257EE,0.14764924,-0.0007430232,0.014682068,0.03488508,0.07022173,-0.031002386,0.054564726,-0.035157677,0.0494608,0.05271937,0.112315476,-0.15744652,-0.003558497,0.08043242,0.038317148,-0.03211857,-0.0067526055,0.14676835,0.055142924,0.09030727,0.08875968,0.08434189,-0.04929847,0.08590283,0.0086215,-0.022054339,0.07201681,-0.15006496,-0.17556494,-0.09401468,-0.09468624,0.052533463,0.018041868,0.15093283,-0.009684942,0.097562164,0.027101677,0.12969038,0.1827466,0.16709258,0.17288099,0.108462036,0.07578343
BSH2%UPI0008230885,-0.06891675,-0.040385943,0.009950694,-0.05786575,-0.032181665,-0.0212874,-0.056614295,0.036755603,0.01540127,-0.012782228,-0.06047586,0.04335235,-0.021634858,-0.07637553,-0.034958486,-0.03706729,-0.055709384,-0.09299573,-0.050764054,-0.062475186,-0.06305906,-0.05604419,-0.008940181,-0.024816073,-0.036793195,-0.04010843,-0.06553758,0.022851296,0.023119975,-0.008799024,-0.0030018336,-0.040325765,-0.03342178,-0.06674653,-0.0162374,-0.07352302,-0.03222459,-0.0685446,-0.049647287,-0.02432415,-0.0769118,-0.07662476,-0.05691935
BSH2%UPI00082332C0,-0.03261061,0.046556238,-0.010087468,-0.027158652,0.00069046783,-0.03022661,-0.043772392,-0.019436669,-0.024596464,-0.06793485,-0.03347384,0.035760894,0.00774868,0.026599083,0.00061619625,-0.023372924,-0.021047067,-0.04383901,0.028639322,-0.02784162,0.00021708678,-0.064497486,0.00596763,-0.02664261,-0.03058008,0.01848555,-0.0371304,0.014297251,0.026527839,-0.004032242,0.054400973,-0.013425171,-0.020484833,-0.061754666,-0.047511682,-0.024867857,-0.0502067,-0.03534537,-0.048151184,-0.030356145,-0.039909955,0.019423343,0.008748763
BSH2%UPI000965B48B,0.02580068,-0.037372466,-0.041738123,0.025058236,-0.04054495,-0.062472366,0.028574592,-0.047063075,-0.026017468,0.012033118,0.009088449,-0.055244,-0.0036231845,0.0054226266,-0.055305596,-0.020083813,-0.0056815273,0.04214651,0.046923093,0.04293637,0.04976988,0.047163054,-0.00406071,0.07145808,-0.01728103,0.01655675,0.06685284,-0.05398138,-0.027034393,0.01595894,0.041194186,-0.005457502,0.0032187235,0.0555413,-0.007026495,0.017621519,-0.01206315,0.050875098,0.026788183,0.012365676,0.02620972,0.03784598,0.046702996
BSH2%UPI00096829BD,0.021308756,-0.047878917,0.0016984046,-0.016651116,-0.0045719333,-0.047528606,-0.03029774,-0.007865513,0.0010398593,0.0066378727,0.013961174,-0.07138616,-0.04216657,-0.031965226,0.019699827,-0.049908582,-0.04168792,-0.017787106,-0.026920617,-0.013794596,-0.01609742,0.001369652,-0.037690714,-0.0014152977,-0.052060727,-0.036321,-0.048569474,-0.096526235,-0.087657124,-0.10484532,-0.08134839,0.0043579536,-0.023872549,0.002836033,-0.020899491,-0.03584623,-0.02455489,-0.028815003,0.03963481,0.029978767,0.0042163865,0.001619049,-0.0060186707
BSH2%UPI0009698BA7,-0.025262712,0.0011860091,-0.0017990859,-0.04015677,-0.027842708,-0.088525504,-0.053695273,-0.007863805,-0.020705963,-0.05561498,-0.031061988,-0.00462221,-0.011104951,-0.0063084215,-0.0067800307,-0.06294634,-0.044197798,-0.02980687,0.0014725386,-0.009921688,-0.012202042,-0.055719364,-0.01077139,0.0023195415,-0.02414695,-0.009861576,-0.03525337,-0.0445276,-0.035141338,-0.06817592,-0.024748169,-0.021027505,0.0102210045,-0.024912043,-0.0239252,-0.020199163,-0.029084923,-0.019613208,-0.008836426,-0.010770771,-0.041808505,0.01849515,-0.018209305
BSH2%UPI000B3674FC,0.004980893,0.08717049,-0.09735701,0.06111804,-0.119293936,-0.12666667,-0.038533878,-0.089994185,-0.089268856,0.006513647,0.004942036,0.02577058,0.05672698,0.069629826,-0.10508381,-0.14160992,-0.114346646,-0.044325482,0.0915461,-0.001500579,0.040998515,0.0064995177,-0.07719331,0.0006769856,-0.14175792,-0.07867081,-0.030240102,-0.041928716,-0.009196648,-0.02534311,0.011406187,-0.11223957,-0.1051463,-0.03211144,-0.09715069,-0.09820428,-0.12630105,-0.084219314,-0.043392044,-0.09328642,-0.015648877,0.06101385,0.04621782
BSH2%UPI000D7AF0AB,-0.0011204277,0.051081806,-0.08709205,0.05844081,-0.10010661,-0.056139592,0.0013429705,-0.090627916,-0.09791584,0.024280922,0.0088394275,0.004281316,0.04288508,0.049783245,-0.07797009,-0.09588046,-0.09841537,-0.02781083,0.0702154,0.0071331873,0.036009032,0.010016016,-0.08209996,0.019053727,-0.10952567,-0.06696615,0.00048627102,-0.045086995,-0.029967349,-0.03246576,0.016789578,-0.09547485,-0.11128164,-0.03271134,-0.05227853,-0.10141964,-0.11143142,-0.05991641,-0.04184881,-0.09444172,-0.011262311,0.05460685,0.041826442
BSH2%UPI000E40484B,0.013524825,0.06761092,-0.07614664,0.06652536,-0.08681424,-0.10478234,-0.024063518,-0.10537559,0.0055712163,0.028885655,0.055603694,-0.019712804,0.028305674,0.08295588,-0.048851967,-0.12936364,-0.05715675,-0.01739911,0.05430646,0.026392018,0.038433313,0.052561525,-0.07706626,0.070819326,-0.15819667,-0.15387101,-0.10176475,-0.07667565,-0.16975075,-0.16852789,-0.05611988,-0.06879979,-0.054173827,0.006882406,-0.047418423,-0.06678339,-0.109486274,-0.0934855,0.01225589,0.03870131,0.0832821,0.06266588,0.018015338
BSH2%UPI000E42566B,0.013679215,0.061544523,-0.10365301,0.05245364,-0.12471507,-0.14019245,0.014086837,-0.11456999,-0.16834942,0.06319983,0.050474495,-0.036239468,0.07251734,0.02073339,-0.12946042,-0.14874525,-0.16814554,-0.015790682,0.0982544,-0.013670441,0.092196815,-0.0016836433,-0.06567786,0.053466376,-0.16478598,-0.17407526,-0.0098208515,-0.05237123,-0.047228385,0.06643925,0.06809096,-0.17578322,-0.19133869,-0.007855909,-0.15021765,-0.13041918,-0.11460918,-0.09512657,-0.08027328,-0.077403866,0.02665391,0.032280903,0.0820571
BSH2%UPI000E4418E2,0.11259072,-0.038890306,0.03981144,0.056240164,0.08931419,0.06798443,0.062946476,-0.01131484,0.025322724,0.049711403,0.09027487,-0.11527605,0.0043639876,0.05901722,0.053792067,0.060104672,0.04068078,0.1295738,0.023416452,0.07854011,0.058440946,0.06940502,0.0056955083,0.027670352,0.102485284,0.08854287,0.11626026,-0.07312212,-0.07236762,-0.020125752,-0.07522991,0.079389,0.0198271,0.119822,0.046498165,0.12177647,0.10183857,0.16302796,0.12888525,0.105282746,0.107680865,0.08493261,0.0761803
BSH2%UPI000E4BF981,-0.04526498,0.059054475,-0.035592664,0.013907376,-0.017367242,0.037981592,0.041225348,0.01324321,-0.021294873,0.00063673215,-0.048657365,0.06998115,0.045390062,-0.0033139237,-0.020409295,0.007290132,-0.0067579104,-0.009105931,0.011345633,0.034697432,-0.024766779,-0.02077832,0.018918168,0.06675857,-0.03009866,-0.026810562,0.019907631,0.034949657,0.049719464,0.077273816,0.06990991,-0.05967041,-0.0044091707,-0.00511246,0.025022972,-0.06908736,-0.057639547,-0.052086756,-0.08098123,-0.06381352,-0.026924193,-0.07556552,-0.024231488
BSH2%UPI000E53BC4B,-0.019431466,0.014028437,-0.039972022,0.03210409,-0.038122702,-0.020231508,0.030721197,-0.04031227,-0.031032361,0.031101434,0.017244523,0.026462868,0.04069759,0.026343856,-0.03705371,-0.016591772,-0.039937876,-0.0026122793,0.016357934,0.031869605,0.015182767,0.03315898,0.00067462417,-0.0030047032,-0.0011344649,-0.014743699,0.028792169,0.038895093,0.010495006,0.036361653,0.005403155,-0.056436934,-0.037381407,-0.011362901,0.03031563,-0.026658073,-0.00658908,-0.0076195025,-0.032993253,-0.025773102,0.0061188294,0.0050768848,0.019135809
BSH2%UPI000E9C22D0,0.04454347,0.046218887,-0.018534543,-0.009973199,-0.0034835127,-0.04156527,-0.010264069,-0.044709116,-0.0697858,-0.03914705,0.0067323823,-0.06612207,-0.02754076,0.015784213,-0.02125155,-0.05452951,-0.046061467,0.010076642,0.056081124,0.0065670186,0.050240647,0.0073631858,0.007895519,0.036454827,-0.045638055,-0.020007668,-0.009354665,-0.058121394,-0.042964753,-0.031771895,-0.01727577,-0.010978715,-0.017261999,0.010914282,-0.022167953,-0.021285217,-0.045728788,0.017442293,0.022102423,-0.0024342444,0.01700043,0.044137884,0.06485786
BSH2%UPI000EC98B2C,-0.0107253315,0.025939424,-0.046402093,0.030470753,-0.023946159,0.015575222,0.05126483,-0.034444675,-0.0459265,0.0062416387,-0.015726164,0.061043054,0.064841986,0.041217554,-0.020228174,0.04040727,0.018296741,0.030322695,0.04121411,0.029088821,0.02277443,0.0088736145,0.013389105,0.009408126,0.020146534,0.05263695,0.061835874,0.05047303,0.079971045,0.07607817,0.053497184,-0.02079903,0.00088456646,0.011022537,0.039737117,-0.013587487,0.012310206,0.03653903,-0.04583985,-0.06258194,-0.012768453,0.027599614,0.03808353
BSH2%UPI000ECC9F84,-0.0565951,0.012604044,-0.06829125,-0.013553776,-0.103565976,-0.075066544,-0.039747737,-0.02938969,-0.035342943,0.01666733,-0.041841064,0.06842678,0.014635959,-0.018542893,-0.10022869,-0.08620867,-0.09596458,-0.07913133,0.010918788,-0.05708842,-0.013978982,-0.024549108,-0.059687987,-0.010653337,-0.11194889,-0.08638552,-0.05865518,0.03045572,0.034864303,0.007754045,0.05702923,-0.102963954,-0.0848359,-0.06352225,-0.08032569,-0.12008513,-0.11296364,-0.10224121,-0.07365759,-0.099554025,-0.057895985,-0.015681703,-0.024553383
BSH3%UPI000156F498,-0.015050701,0.04309183,-0.02272213,-0.02075965,-0.007022647,-0.0035340565,0.0060454565,-0.030497303,-0.031566873,-0.046995398,-0.0028301484,0.0047860956,0.0021426717,0.025048228,-0.0055509554,-0.011754172,-0.01636123,0.0029594586,0.012989827,-0.0028938563,0.005499842,-0.0026868933,0.010728067,0.020292757,-0.0100412015,0.0012709659,0.008099515,-0.018212518,-0.0083296355,-0.021800723,0.015974984,-0.0044248947,-0.007926977,-0.019583667,0.011029715,-0.0026138294,-0.019889012,0.015148207,-0.025057115,-0.027311072,-0.009637478,0.024844896,-0.0027308569
BSH3%UPI00016547A5,0.037509654,0.130363,-0.1126112,0.070153795,-0.10396883,-0.1271562,0.0061453874,-0.13143629,-0.12987484,0.017013187,0.024941303,-0.019638997,0.045763507,0.10715283,-0.09291165,-0.1158139,-0.10773898,0.021099074,0.12161452,0.03408182,0.0860256,0.05327187,-0.02916756,0.038769826,-0.10025482,-0.06016966,0.016591687,-0.05860761,-0.039287508,-0.037771147,-0.027985567,-0.09644198,-0.07738507,0.0018963746,-0.029089568,-0.057078276,-0.0876521,-0.0124334255,-0.02333548,-0.08350029,0.026075268,0.10899967,0.10251436
BSH3%UPI00017EF3F1,0.067606136,-0.10444366,0.18643536,-0.13425417,0.20262307,0.20335592,-0.14395344,0.24839063,0.12439184,-0.14423583,-0.042529594,-0.04302367,-0.15676951,-0.06977523,0.1994238,0.19804114,0.21216188,-0.099565506,-0.16033575,-0.118461244,-0.13890956,-0.1244753,0.095770404,-0.22566076,0.22110046,0.29125407,0.011936038,0.037661623,0.20884007,0.07328351,-0.04336469,0.2539233,0.18675564,-0.10781163,0.04089992,0.120969474,0.15699401,-0.051872853,0.10417767,0.082193166,-0.08213401,-0.113953106,-0.10379848
BSH3%UPI0002132A6C,0.14128554,-0.06444983,0.09136159,0.011494882,0.111942194,0.13721928,-0.044231426,0.115887545,0.041561242,-0.031855904,0.07484755,-0.09702448,-0.039368615,-0.013105579,0.13062009,0.12309748,0.18726358,-0.049007826,-0.060373746,-0.0390639,-0.026687348,-0.0017655811,-0.014246049,-0.15031114,0.09900567,0.19647175,0.038361035,-0.04293817,0.09378502,0.079271264,-0.054612592,0.16616039,0.109598525,-0.02892729,0.045342993,0.027435053,0.11100797,-0.07466877,0.12831454,0.08492663,0.044703335,0.007013443,-0.007891122
BSH3%UPI000238BE2F,0.000793031,-0.045498747,0.030658763,0.033092827,0.028698547,0.0042162715,-0.023219826,0.040255766,0.03526669,0.028398573,0.0056051905,0.04147163,0.052182566,0.028686449,0.016857242,-0.0108797345,-0.004820338,-0.018502483,-0.018187124,-0.0080363285,-0.009008179,0.020742921,0.033039704,-0.065376945,0.03932619,0.033435497,0.0071991347,0.030791039,0.061035022,0.048124976,0.010342607,0.01138217,0.00024883126,0.018446762,0.030678414,0.043746594,0.03471421,0.030386088,0.020153865,-0.009665311,-0.026621018,-0.0055628736,0.002047101
BSH3%UPI00035F5DCE,-0.03466027,0.0052058063,-0.014642817,0.008870217,-0.024125323,-0.030493524,-0.024677984,-0.0059139156,0.018954434,-0.036495086,-0.01772604,0.054978233,0.033285912,0.018859273,-0.036180854,-0.010755551,-0.0037665784,-0.024066808,0.008926419,-0.024924276,0.0029248872,-0.018273892,0.0017107689,-0.009285603,-0.026909273,-0.0057332134,-0.04034026,0.03607219,0.036971297,-0.005671599,-0.0062562786,-0.027325386,-0.0022551,-0.02087565,0.030213613,-0.02332334,-0.005752649,-0.010935661,-0.022914965,-0.017934078,-0.02292463,0.012369851,0.0013678764
BSH3%UPI0004DA32C0,0.0025306214,-0.030667333,-0.010788896,0.018071406,0.013417518,0.033505887,0.0006001212,0.037119355,0.0064976495,0.01638921,0.02435405,-0.0074345027,0.024237711,0.023170672,-0.051635932,0.017403776,-0.028816821,0.010449564,0.0021813482,0.0049588336,0.021266244,-0.010078749,0.03726274,0.0105589675,0.026804106,0.021849686,0.06524394,0.037414927,0.086483106,0.11386289,0.08379969,-0.03088007,-0.012962494,0.017305886,-0.021913761,0.0198249,0.0027850645,0.0007327624,-0.018990723,-0.025839934,0.00069022545,-0.033681855,0.012132561
BSH3%UPI00080CB216,0.10983181,-0.051440533,0.04212226,0.108097784,0.031868696,0.0019649542,0.053145222,0.005747842,-0.00029776953,0.100980826,0.096720524,-0.10007774,0.035527814,0.06049596,0.058137875,0.027903162,0.06395107,0.104402676,0.023676889,0.059416376,0.057467956,0.071994856,0.005131716,0.015666509,0.044471838,0.03483628,0.06034046,-0.05814753,-0.057016067,0.017878016,-0.043951783,0.07009338,0.06209259,0.13558637,0.023864957,0.09765893,0.08883929,0.103129685,0.12643449,0.08516714,0.099713184,0.02782907,0.07071331
BSH3%UPI00092A5378,0.14531116,-0.05027792,0.052748594,0.06375652,0.07203234,0.115262546,0.0054369955,0.058288455,-0.010995439,0.00910149,0.104557015,-0.088790655,0.028805245,0.043538895,0.09574697,0.08523318,0.12139661,-0.0007659156,-0.015199306,-0.009944191,0.022159832,0.03869277,-0.045874964,-0.11306251,0.056460757,0.15449156,0.064491026,-0.05838319,0.07153792,0.06277488,-0.07055948,0.10742559,0.05263875,0.018038182,0.061804943,-0.010686547,0.07764468,-0.024848735,0.12164919,0.041442383,0.06214689,0.05800866,0.040841743
BSH3%UPI000E902C94,-0.03495924,0.031877395,-0.05298361,0.0055835037,-0.06508726,-0.089583874,-0.04787821,-0.03265152,-0.066782005,0.00747284,-0.017444508,-0.005031543,0.010913949,0.0036368084,-0.09687701,-0.13063572,-0.12320828,-0.0801622,0.023147466,-0.02382985,0.018566456,-0.018730102,2.100545e-05,0.019202866,-0.094449766,-0.07818175,-0.014349621,-0.0212074,0.01895223,0.038113777,0.07938662,-0.092142515,-0.0780747,-0.043040536,-0.0698538,-0.07986048,-0.12834695,-0.08354232,-0.05598789,-0.085775174,-0.050099168,-0.0389853,0.014596549
BSH3%UPI000EF23C17,0.026370421,-0.0074092187,0.10979454,-0.10740005,0.08631043,0.01982212,-0.07062287,0.07192803,0.090244465,-0.06670098,-0.046617046,-0.06013421,-0.11969318,-0.061344013,0.06624395,0.03343046,0.042142443,-0.015534315,-0.07265308,-0.07139108,-0.072143815,-0.040241025,0.06302191,-0.026814537,0.090244986,0.06471028,-0.030465458,-0.04510721,-0.05813432,-0.11300304,-0.13464218,0.09347483,0.05540461,-0.023386173,0.06190956,0.08449174,0.06838646,0.06292957,0.09091432,0.120998904,-0.009581288,-0.034234084,-0.037308108
BSH4%UPI0001653940,0.10472076,-0.0057126745,0.11876336,0.0003769606,0.12437683,0.08997734,-0.030799167,0.06631503,0.09935151,-0.021300191,0.037658893,-0.09601717,-0.066790044,0.019311737,0.089147985,0.090126045,0.11819852,0.068870984,-0.031069765,-0.018870937,-0.0008371308,0.014066293,0.048676774,0.0054100957,0.102443144,0.07582085,0.0033145577,-0.049965553,-0.07360062,-0.05553012,-0.08763716,0.121424064,0.09119751,0.05511998,0.054207712,0.12751298,0.11205658,0.06418123,0.1288262,0.17309198,0.10780383,0.040719878,0.01577386
BSH4%UPI0001FAB233,0.074976034,0.00970419,0.075164765,0.0732913,0.07148047,0.0029359462,0.0002987011,0.028979538,-0.050282225,0.033977933,0.015949013,-0.059439346,-0.019194199,0.06180234,0.022957455,0.043345742,0.028226878,0.06881362,0.02562997,0.016115986,0.026567746,0.0042018103,0.10984895,-0.06121705,0.13746697,0.09479437,0.107211016,-0.00038756416,0.07019989,0.13478926,0.04566264,0.055404812,-0.008151822,0.032007813,-0.009131941,0.14445072,0.1121236,0.07089727,0.036984336,0.03911823,0.0035847134,-0.01062752,0.059375275
BSH4%UPI0006BEFACE,0.0420431,0.0055342447,-0.08047912,0.05193266,-0.086383045,-0.13045497,-0.0050366833,-0.08315985,-0.06700137,0.043786258,0.054782916,-0.041453138,0.07724698,0.08998602,-0.11313945,-0.12799186,-0.11635995,0.0119772265,0.07628379,0.025377247,0.07443233,0.051297527,-0.03383453,0.04570956,-0.11107847,-0.06560958,0.015831726,-0.08272672,-0.039353713,-0.037249397,-0.031848904,-0.095963046,-0.051360533,0.054449435,-0.01794108,-0.07754838,-0.10019736,0.008789309,0.028272158,-0.010653825,0.026790993,0.05529661,0.08127566
BSH4%UPI000822CCAE,0.03592265,0.0153210005,-0.0008866544,0.018174954,-0.010163281,0.03937872,0.09280343,-0.02350468,0.007508288,0.066693045,0.05140975,0.018974202,0.062446084,0.007326195,0.017278124,0.042168364,0.041673902,0.08056056,0.019159136,0.021439977,0.02054798,0.05161546,-0.130975,-0.028187687,-0.013602953,-0.034408443,0.016471073,-0.011227242,-0.04793121,-0.02244667,-0.061746404,0.0025801724,-0.02492812,0.055920877,-0.029025726,-0.008366495,0.0068795383,0.04731759,0.02075466,0.012929571,0.05645043,0.047365256,-0.017052794
BSH4%UPI000E54B9B5,-0.009369705,0.042000577,-0.033103384,0.043332696,-0.05325385,-0.026529217,0.0070552398,-0.030338712,-0.045905877,0.041752987,0.0019662525,0.012936878,0.038456324,0.033093046,-0.052332357,-0.04820727,-0.05770028,-0.013063839,0.040747713,0.011135443,0.026107406,0.032801047,0.004277661,0.052879743,-0.044113297,-0.038902134,0.013886046,-0.005263048,-0.011910478,-0.0034444833,0.007808061,-0.05494435,-0.031329863,0.00033752434,-0.0041725533,-0.04640312,-0.037758872,-0.018185902,-0.03808069,-0.055472218,-0.0032494261,0.02303247,0.027549505
BaiA%QinJ_2012__T2D-016__bin_41_fa_BDDCEIPF_01842__3alpha-hydroxy_bile_acid-CoA-ester_3-dehydrogenase_2,0.027287342,-0.037065186,0.01968451,0.037406124,0.0155445775,0.043363925,0.055663273,-0.017517919,-0.025602425,0.050186057,0.0370037,-0.061499592,0.012124185,0.002068528,0.014040352,0.01361366,-0.0015573662,0.054993547,0.015857358,0.04242523,0.043326236,0.05971312,-0.009749818,0.06425572,-0.0037498907,-0.021247242,0.04212594,-0.07621341,-0.07036979,-0.03631406,-0.028129874,0.019000577,-0.018092465,0.06927238,-0.0127032455,0.01864979,0.0039514145,0.067648,0.030106062,0.0105807595,0.027415676,0.02193517,0.030464184
BaiA%SRR3992974_bin_8_EOPEKEED_01051__3-oxoacyl-_acyl-carrier-protein__reductase_FabG,0.007022627,-0.1798493,0.12635483,-0.025962641,0.146516,0.11219471,-0.06897668,0.12721312,0.15697262,0.0028588248,-0.027038472,-0.07393549,-0.14340447,-0.098713845,0.14490439,0.1337018,0.1542521,-0.031231582,-0.11908573,-0.031476043,-0.07515187,-0.030924091,0.10813552,-0.009150597,0.13150889,0.122323625,-0.027930569,0.021442456,-0.01448639,-0.016648715,-0.0052543916,0.16941725,0.10768955,-0.003837798,-0.025367744,0.15624048,0.15079227,0.021984639,0.08315597,0.15202367,0.0010577085,-0.068457104,-0.054691788
BaiA%bai_cluster_3%midas_Clostridium_hylemonae_61789%Clostridium_hylemonae_61789|NZ_GG657759_1098,0.04566263,-0.020584654,0.001999139,0.07053128,0.009540573,0.019924948,0.08069693,-0.037298698,-0.05618271,0.0805657,0.0606949,-0.051003322,0.03962536,0.02957568,0.028409608,0.0008449761,0.012109797,0.07867456,0.045236625,0.057183594,0.060403623,0.087538674,0.003570812,0.057956725,-0.01175306,-0.009244186,0.054282647,-0.074268125,-0.07275669,-0.019345827,-0.031382646,0.012271787,0.012100174,0.08315768,-0.007623553,0.017749073,-0.003359714,0.05808061,0.02304277,0.030119993,0.048692584,0.043009926,0.05464314
BaiB%MDY5565236_1_bile_acid--CoA_ligase_BaiB__Candidatus_Limivicinus_sp__,-0.046481285,-0.0030949311,-0.030257862,-0.022400683,-0.043589927,0.008984061,-0.01992452,0.0039966367,0.011932823,0.016085137,-0.02728769,0.03294139,-0.0039134505,-0.018536152,-0.048094165,-0.02421447,-0.050389033,-0.062985644,-0.025715495,-0.028047659,-0.021005731,-0.0070895823,-0.014383377,0.0177737,-0.054828025,-0.05771484,-0.034319755,0.03556571,0.0071775015,0.022065477,0.041157093,-0.06196697,-0.03972503,-0.05081405,-0.013121155,-0.08047747,-0.057513695,-0.11681709,-0.06214118,-0.03267235,-0.008665865,-0.021721862,-0.030634912
BaiB%bai_cluster_10%midas_Lachnoclostridium_nov_76594%Lachnoclostridium_nov_76594|ERS138182_8080_1_84_3_3065,-0.0002992959,-0.02195487,-0.008594947,0.025562607,-0.03420427,-0.028131776,0.016493885,-0.024152804,-0.03984267,0.03395926,0.012505469,0.011042837,0.037243318,0.0037196064,-0.025743041,-0.034087483,-0.033669747,0.006997357,0.022947675,0.009312493,0.02644981,0.033622433,-0.022947753,-0.0057529397,-0.029209394,-0.033851024,0.0009215267,-0.017896717,-0.004825699,0.0035116526,0.0010987885,-0.025422743,-0.03106037,0.025823068,-0.019487247,-0.022020794,-0.023461098,0.010813535,-0.008867169,-0.025077386,-0.008205187,0.0042990446,0.016378202
BaiB%bai_cluster_2%midas_uncultured_Eubacterium_73696%uncultured_Eubacterium_73696|FMDW01000013_871,-0.028136346,-0.04715674,-0.06260207,0.09253001,-0.11544814,-0.050971255,0.05073668,-0.025926592,-0.019177534,0.099530384,0.036468383,0.0727754,0.11184547,0.010391121,-0.12244324,-0.07211003,-0.085831076,-0.024728078,0.042085305,0.028682955,0.05118537,0.042860042,-0.055424165,0.0052683856,-0.089710705,-0.08491864,0.01788398,0.08406363,0.09860775,0.12340076,0.099719696,-0.10392919,-0.092461765,0.03431686,-0.016210303,-0.098901674,-0.061391998,-0.03223844,-0.048738588,-0.1056613,-0.009213051,-0.04540452,0.031958558
BaiCD%MEI3381486_1_FAD-dependent_oxidoreductase__Dorea_sp__,-0.02325551,0.05528126,-0.032837056,-0.027865212,-0.062409986,-0.07817181,-0.04751974,-0.02739018,-0.03977191,-0.030038087,-0.023799315,0.026116246,-0.0006255664,-0.0036753928,-0.07543847,-0.091141015,-0.08999744,-0.072650954,0.030056683,-0.037326086,0.0083636865,-0.030804286,-0.01968533,-0.022536824,-0.082135715,-0.0552379,-0.051993776,0.021409,0.03343339,0.0016520767,0.020106196,-0.06462563,-0.070632346,-0.05822464,-0.042285718,-0.076338746,-0.07622203,-0.05866851,-0.045855645,-0.06634871,-0.040885024,-0.012127102,0.017517878
BaiCD%XieH_2016__YSZC12003_35390__bin_5_fa_PIKIEFGP_00577__NADH_oxidase,-0.0017857669,0.018835125,0.050729524,-0.09861279,0.06160916,0.076799504,0.018776186,0.052502614,0.03626174,-0.02755035,-0.048388038,0.03227768,-0.08843869,-0.085938215,0.096077606,0.08633792,0.095141925,0.02480422,-0.05987896,-0.061121926,-0.07441201,-0.04441008,-0.020339355,-0.05425745,0.068933666,0.041534204,-0.019852567,0.01410653,-0.013465621,-0.05322616,-0.067217186,0.078747444,0.05037349,-0.041773476,0.016072595,0.03366933,0.042746812,0.023869436,-0.0035984388,0.0221381,-0.029361306,-0.031145839,-0.08588978
BaiCD%bai_cluster_10%midas_Lachnoclostridium_nov_76594%Lachnoclostridium_nov_76594|ERS138182_8080_1_84_3_3076,-0.06620461,-0.036602654,-0.06304966,0.038872823,-0.069392204,0.00914631,0.02388354,-0.022020116,-0.050253414,0.04548999,-0.016201347,0.077506654,0.10054282,-0.012312597,-0.07119625,-0.005412128,-0.037835356,-0.037717,-0.0072230883,-0.005900355,-0.0010782805,0.028115576,-0.0060055405,-0.0011529911,-0.031950563,-0.0050795013,0.02335497,0.045534693,0.08341378,0.10514062,0.07221112,-0.089584686,-0.042104818,0.0056163706,0.06006125,-0.08203099,-0.014411333,-0.025055252,-0.08622414,-0.10251872,-0.051017456,-0.027930805,0.0004930766
BaiE%FengQ_2015__SID531416__bin_49_fa_CEDOFBAM_00064__Bile_acid_7-alpha_dehydratase,-0.020812057,-0.03897994,-0.00037443583,0.007261757,-0.0389756,-0.025071044,-0.010872369,-0.0011514307,0.005840298,0.036336575,-0.00832457,0.010856823,0.010266914,-0.040877167,-0.046218347,-0.047100857,-0.06592211,-0.038461577,-0.008306359,-0.025686543,-0.006648939,0.0020872501,-0.054958805,-0.017664729,-0.05465667,-0.058837682,-0.027111556,-0.013298917,0.00029136668,-0.009035315,-0.010424711,-0.038797792,-0.08233708,-0.0058779255,-0.053298503,-0.05006403,-0.045273878,-0.021820378,-0.0020999901,-0.031950522,-0.028420288,-0.03343466,-0.012552863
BaiE%bai_cluster_10%midas_Lachnoclostridium_nov_76594%Lachnoclostridium_nov_76594|ERS138182_8080_1_84_3_3079,-0.007890607,0.005552238,-0.00545036,-0.019713093,-0.0211311,-0.023713913,0.010963081,-0.029556984,-0.04239971,-0.001534776,-0.008040999,-0.027010133,-0.025951281,-0.045688078,-0.015083478,-0.02286555,-0.028414704,-0.004265874,0.015746359,0.0011681324,0.011195992,0.0033633492,-0.026460659,0.021582082,-0.04124381,-0.043740496,-0.014618083,-0.047630753,-0.05587767,-0.049259696,-0.03640091,-0.018551616,-0.03932924,-0.007289873,-0.04261339,-0.034883816,-0.04524516,-0.014828124,-0.020913934,-0.002648326,-0.014172083,-0.014248937,0.0052888584
BaiE%fig|1950888_3_peg_203|__Bile_acid_7-alpha_dehydratase_(EC_4_2_1_106)_(BA7_alpha_dehydratase)_(Bile_acid-inducible_operon_protein_E)____Clostridiales_bacterium_UBA4701_|_1950888_3_,0.007486367,0.05390971,-0.10676511,0.029127192,-0.0969203,-0.086351976,0.01198771,-0.079159714,-0.053467687,0.039022543,0.021065056,-0.018448923,0.0070925723,0.025350537,-0.059590865,-0.07972725,-0.06371411,-0.00095553143,0.06087024,0.014931057,0.05166074,0.041762374,-0.06204069,0.056643542,-0.11341617,-0.07910352,-0.0044938545,-0.046237897,-0.059597895,-0.041099187,-0.010208721,-0.07400134,-0.04314455,0.0016352783,-0.050872818,-0.07315002,-0.088927105,-0.072227664,-0.026075881,-0.04723862,0.03685439,0.06509932,0.038284853
BaiF%ERR688512_bin_36_KMFCMBJN_00514__Bile_acid-CoA_transferase,-0.016184516,-0.003705928,-0.019820355,-0.005959875,-0.029265676,-0.05613658,-0.01997989,-0.027463736,-0.024429124,-0.006791487,-0.004096468,0.011666418,0.029323526,-0.0031648749,-0.060012184,-0.018359935,-0.03195777,-0.008974437,0.00913873,-0.018888427,0.015022342,-0.014485904,-0.026537605,-0.02140709,-0.030062972,-0.027951723,-0.01496782,-0.002891135,0.016825294,0.032429386,0.034728557,-0.038963452,-0.04088901,-0.0011924114,-0.044043917,-0.018427102,-0.027793856,-0.0058992193,-0.023452185,-0.01158814,-0.021868737,-0.008765674,0.004147859
BaiF%LiJ_2014__MH0358__bin_56_fa_NPCPOAJM_00305__Bile_acid-CoA_transferase,0.0016085827,0.05197457,-0.12167809,-0.018014045,-0.10820865,-0.16299988,-0.011960494,-0.11185679,-0.1347889,-0.011491977,0.003010037,-0.035406604,-0.010028274,0.011180094,-0.09024217,-0.11881144,-0.12374875,-0.010046978,0.08333423,0.023965266,0.07172951,0.007811254,-0.042263184,0.033901677,-0.11489588,-0.06751428,-0.0073959692,-0.047389917,-0.028555697,-0.0033199359,0.048802804,-0.08756849,-0.05429339,-0.008799694,-0.11016644,-0.08451319,-0.1077109,-0.042853437,-0.059696168,-0.08536907,-0.0086479755,0.063794926,0.061822873
BaiF%SRR4783510_bin_28_GHBMCCFK_00008__L-carnitine_CoA-transferase,0.0069956756,0.016351376,-0.06530863,0.027704665,-0.06074311,-0.06137504,0.009814664,-0.060053676,-0.04962032,0.014925754,0.009581395,-0.018530998,0.0066889566,0.024337946,-0.035305645,-0.051934008,-0.053386223,0.006961989,0.04809608,0.020921981,0.0401049,0.020306587,-0.05446391,0.02764145,-0.05975611,-0.022705019,0.01407895,-0.040157422,-0.034741085,-0.037312247,0.003756887,-0.04436747,-0.041360293,0.0015490258,-0.03974371,-0.0475307,-0.062886246,-0.018994918,-0.015921514,-0.06407144,0.0075185127,0.07227825,0.03073974
BaiF%bai_cluster_17%midas_Proteocatella_sphenisci_59007%Proteocatella_sphenisci_59007|AUID01000012_911,-0.06763489,-0.050032705,0.01168933,-0.030285155,-0.024317242,-0.003817823,-0.053478237,0.024727989,0.043794055,-0.03271964,-0.056581587,0.03910344,-0.026113704,-0.06533203,-0.065407746,0.013149184,-0.0109875,-0.058047682,-0.052955627,-0.046932,-0.046855763,-0.05977478,-0.014045133,-0.02349576,-0.006745979,-0.015873387,-0.053904314,0.041337114,0.046795312,0.0057052164,0.030153941,-0.03341567,-0.025658686,-0.04069834,0.023723807,-0.04143543,-0.009447449,-0.033114847,-0.036572658,-0.033256937,-0.07172279,-0.06866856,-0.05101695
BaiF%bai_cluster_2%midas_uncultured_Eubacterium_73696%uncultured_Eubacterium_73696|FMDW01000013_892,0.03218457,0.041919865,-0.08575052,0.020682376,-0.048803113,-0.09919285,0.04505652,-0.111864336,-0.09434375,0.011499763,0.040200662,-0.090864286,-0.01637542,0.011780395,-0.03424571,-0.06588751,-0.08124178,0.048490155,0.09119464,0.08168617,0.09758511,0.038672253,-0.04185954,0.06904356,-0.074905254,-0.047471605,0.03710112,-0.0818585,-0.08165663,-0.027604982,0.022088086,-0.03768723,-0.061519023,0.04105452,-0.09202529,-0.02602678,-0.06975077,0.019184584,-0.01798417,-0.042665213,0.042888317,0.08528618,0.08469429
BaiF%bai_cluster_3%midas_Clostridium_hylemonae_61789%Dorea_sp_89094|KQ236743_10986,0.029913304,-0.019616917,-0.030641844,0.07259652,-0.060383033,-0.04107995,0.013387222,-0.05230567,-0.036847666,0.07551962,0.049885154,-0.036262374,0.057271414,0.037819315,-0.0781395,-0.060350355,-0.06658134,0.01418648,0.039029993,0.020268934,0.05502615,0.05969039,-0.061962567,0.0044816607,-0.055136237,-0.06370782,0.02129867,-0.053549636,-0.030340554,2.066128e-05,-0.014134871,-0.053608846,-0.08156256,0.049702574,-0.018870257,-0.027391825,-0.033949286,0.009147904,0.02429824,-0.027297068,0.031259414,0.034037158,0.046211213
BaiF%bai_cluster_3%midas_Clostridium_hylemonae_61789%Dorea_sp_89094|KQ236743_13110,0.08965026,0.037526328,-0.012531811,0.08433365,-0.011393112,-0.016982485,0.06921031,-0.06548424,-0.06384927,0.07536047,0.077435195,-0.09223021,0.035792906,0.0643345,0.009336618,-0.050750222,-0.022344043,0.08211318,0.09554035,0.082335405,0.10089887,0.10763761,-0.024646528,0.07641781,-0.052892398,-0.04023979,0.05234416,-0.13171333,-0.11008566,-0.07140929,-0.09496875,0.015016247,-0.027813615,0.099026404,-0.013646706,0.010556565,-0.023315925,0.05442974,0.05639446,0.026263237,0.080704235,0.08746647,0.10287153
BaiG%MBE6987074_1_MFS_transporter__Oscillospiraceae_bacterium_,-0.039696466,-0.038713496,0.0094758645,-0.07520603,0.0023570845,0.024764571,0.037860733,0.027171703,0.02733875,-0.005827365,0.008428178,0.021223726,-0.012927774,-0.057347704,0.030524671,0.037479535,0.011728531,0.014523081,-0.04082702,-0.032901615,-0.011653525,-0.0332324,-0.010025385,0.007369852,-0.011878027,-0.045645352,-0.017029367,0.014755632,-0.005081247,-0.021630151,0.012491635,0.013377472,0.004409598,-0.0036195896,-0.04795302,-0.010391988,-0.01867335,-0.010866012,-0.025672572,0.0065071736,-0.0064620376,-0.046220783,-0.048907768
BaiG%MBR4017991_1_MFS_transporter__Clostridia_bacterium_,-0.07567947,-0.002401805,0.16790076,-0.14458954,0.13999921,0.14678858,-0.06534202,0.17114115,0.07805314,-0.13757373,-0.16697904,0.082896546,-0.1685455,-0.09337445,0.1893732,0.19225803,0.18114017,-0.033264037,-0.1454519,-0.08585177,-0.17119822,-0.10807252,0.20193186,-0.133891,0.2652119,0.23790668,0.03342403,0.11742608,0.15747233,0.020952389,-0.019554196,0.21546802,0.14434254,-0.11746092,0.11169815,0.210904,0.15447693,0.06890445,-0.042229563,0.00856234,-0.16414718,-0.13658848,-0.11707912
BaiG%MDY4488523_1_MFS_transporter__Candidatus_Limivicinus_sp__,-0.0113108335,-0.04107887,-0.053657737,0.018322777,-0.049152788,-0.048772935,0.011706989,-0.027653277,0.006611396,0.040287036,0.014462092,0.0033367635,0.021067303,-0.0038518375,-0.041508947,-0.033478897,-0.035923366,-0.0011171293,0.012749102,0.0060299104,0.026102781,0.026523506,-0.05424483,0.01608933,-0.059658363,-0.035440408,-0.0017663492,-0.0005570395,-0.0033680566,0.0041743396,0.025950069,-0.04215414,-0.027918436,0.017307147,-0.041316085,-0.044369254,-0.04457416,-0.023618978,-0.010606427,-0.03283072,0.013492002,0.03249838,0.006165586
BaiG%MEE1256339_1_MFS_transporter__Lachnospiraceae_bacterium_,5.2083804e-05,-0.046503715,0.055154752,-0.02488369,0.052713152,0.115805194,0.076866254,0.051423345,0.03324495,0.023223534,0.011065976,0.009120936,0.002715517,-0.054860845,0.072605014,0.10300861,0.086780965,0.07085295,-0.038074274,0.0062103234,-0.009175591,0.0142025,-0.01164706,0.027944548,0.05497366,0.01676423,0.02749282,-0.0015266375,-0.016549679,-0.006258734,-0.017704545,0.06526784,0.05776639,0.054312497,0.027765486,0.03448707,0.051631197,0.065496534,0.010056926,0.02754959,0.017195262,-0.015421415,-0.03665594
BaiG%bai_cluster_10%midas_Lachnoclostridium_nov_76594%Lachnoclostridium_nov_76594|ERS138182_8080_1_84_3_3097,-0.009322346,-0.028796706,-0.016400011,0.02303052,-0.01185676,-0.008959,-0.0048558502,-0.019255763,-0.02397345,0.017908873,0.021026926,-0.020754926,0.029711545,0.013685036,-0.034391683,-0.026161231,-0.03599885,-0.010905951,0.008651954,0.015631303,0.030559741,0.032128736,0.010830499,0.004287483,-0.012617675,-0.006700145,0.015373238,-0.017772445,-6.8818777e-06,0.013026952,0.017787121,-0.025075587,-0.020762544,0.021554682,0.01933538,-0.0062872134,-0.006898354,0.014242321,-0.0013874184,-0.027405605,-0.010997572,0.013044212,0.030284746
BaiH%MEE0204071_1_FAD-dependent_oxidoreductase__Oscillospiraceae_bacterium_,-0.0009386818,0.090312555,-0.029204838,-0.0778623,0.02426479,0.06509814,0.033706702,0.010637272,-0.031159377,-0.06054658,-0.057641506,0.020779144,-0.062929854,-0.057163905,0.054742947,0.068685524,0.04637473,0.028792432,-0.020688565,-0.024420729,-0.03155636,-0.024132604,0.033574507,0.00828701,0.05432715,0.09512258,0.06688175,-0.008267437,0.04125677,-0.0016478011,-0.014605698,0.033392567,0.062973425,-0.017291864,0.096016854,-0.024230354,-0.015443692,0.028086193,-0.055573076,-0.067084536,-0.05345207,-0.011049962,-0.026674716
BaiH%Obregon-TitoAJ_2015__NO11__bin_28_fa_ODBMCAMJ_01962__NADH_oxidase,0.025915356,-0.05054353,-0.027378183,0.032353494,-0.010955313,-0.026148232,0.05651793,-0.036405664,-0.029431863,0.04054688,0.05251508,-0.04159977,0.028159535,-0.0020425722,0.011199147,-0.014636631,-0.012846759,0.049825396,0.020083744,0.06889986,0.05398743,0.07151313,-0.027867947,0.019006552,-0.0071147764,-0.0039370395,0.04121499,-0.034933668,-0.0382778,-0.0045514936,-0.031568293,-0.0002931694,0.0033524677,0.070080936,0.031902615,0.0031292746,0.013084552,0.046134032,0.023697197,0.0032776583,0.038289014,0.04393717,0.039097816
BaiH%bai_cluster_1%midas_Clostridium_hiranonis_61655%Clostridium_hiranonis_61655|NZ_DS995354_308,-0.0643275,-0.08792737,0.032687403,-0.01172383,0.008824239,0.04804695,-0.027824499,0.057553478,0.042087432,0.008741929,-0.029786509,0.06336544,0.008863456,-0.04618476,-0.007082484,0.03784047,0.014144975,-0.053723063,-0.070332214,-0.039691586,-0.04652665,-0.024143055,0.02421798,-0.047952786,0.03852854,0.0151532795,-0.027949788,0.08365945,0.072424605,0.04767406,0.018899674,-0.007083288,0.015078935,-0.028243624,0.06554625,-0.015858049,0.038070172,-0.01800181,-0.02796604,-0.02105488,-0.058468968,-0.0735502,-0.04855572
BaiH%bai_cluster_17%midas_Proteocatella_sphenisci_59007%Proteocatella_sphenisci_59007|AUID01000012_928,-0.12107775,0.12375924,-0.10738738,-0.088448994,-0.106632575,0.0042153713,-0.033879302,-0.0034725186,-0.019172585,-0.05902214,-0.065951675,0.15074152,0.029728694,-0.015735852,-0.15283218,-0.050502677,-0.08075572,-0.10759911,0.026828265,-0.068722226,-0.03344439,-0.04165029,0.014430285,0.042906653,-0.09546011,-0.052729763,-0.027963052,0.1052229,0.101207145,0.041405912,0.11523316,-0.1340504,-0.0028546413,-0.11619997,-0.016516421,-0.13861293,-0.13968354,-0.13088119,-0.1744964,-0.12616381,-0.088290356,-0.05858804,-0.056222007
BaiH%bai_cluster_2%midas_uncultured_Eubacterium_73696%uncultured_Eubacterium_73696|FMDW01000013_836,-0.03132093,0.029401846,-0.055061545,0.013082275,-0.09435958,-0.05447342,0.01040721,-0.03347382,-0.033750657,0.05585085,0.0023211187,0.027911343,0.031423427,-0.012866416,-0.076594904,-0.07479636,-0.096144244,-0.0438268,0.02002647,0.004505763,0.017502604,0.03159349,-0.033183694,0.014097976,-0.07812415,-0.07584595,-0.011533832,0.019265754,0.005749615,0.021183586,0.01352841,-0.08181119,-0.064309925,-0.008471806,-0.019821763,-0.09158352,-0.06958119,-0.06620085,-0.06153069,-0.076179065,-0.009038298,-0.010274853,0.007929045
BaiH%bai_cluster_3%midas_Clostridium_hylemonae_61789%Clostridium_hylemonae_61789|NZ_GG657759_22762,0.0057183113,0.00086539506,-0.04708038,0.07152345,-0.066237986,-0.026532626,0.027587015,-0.04989784,-0.048544727,0.067782655,0.040392473,0.013875094,0.082242034,0.04006628,-0.076455615,-0.04827385,-0.042663723,0.0046608136,0.045089778,0.022995971,0.046106793,0.058963243,-0.034053195,0.012977387,-0.047779713,-0.028180985,0.0307838,-0.0038200202,0.0045251134,0.03222257,0.025711425,-0.06702613,-0.04435517,0.035737168,0.011290432,-0.043962937,-0.035333406,0.00221223,-0.017938115,-0.047309145,0.0070129,0.032219075,0.041458227
BaiI%QinJ_2012__CON-070__bin_41_fa_AAAKDJOM_00400__hypothetical_protein,-0.04475841,-0.033495225,-0.07532272,-0.0006055774,-0.09217661,-0.05419535,0.0034289279,-0.040554952,-0.039499365,0.0353393,-0.016380541,0.03333729,0.011328473,-0.0176257,-0.070159905,-0.039196264,-0.06301943,-0.031681433,0.009324252,-0.010973114,0.0054661315,0.011827713,-0.05632903,0.017663302,-0.07502792,-0.053888015,-0.0034794097,0.016798073,0.013867651,0.015719123,0.06512039,-0.07493486,-0.05588187,-0.032742772,-0.07327707,-0.08327458,-0.08198211,-0.07002374,-0.06936876,-0.07836087,-0.025335021,0.01065117,-0.016225144
BaiI%WP_279004450_1_nuclear_transport_factor_2_family_protein__partial___Clostridium__scindens_,0.019897735,0.011397035,0.024386447,-0.0116479555,0.016120996,-0.0006367551,0.0047815777,0.0021393956,-0.012693649,-0.001151359,0.01204382,-0.042276286,-0.008328163,-0.013008531,-0.0026653374,-0.0032806522,0.0038448863,0.02375041,0.016409174,-0.005226071,0.02559244,0.0046253796,0.014458702,0.032241616,-0.016197765,-0.020220818,0.0016081459,-0.05465927,-0.034050126,-0.015971709,0.00880947,0.019195419,0.006266689,0.031304356,-0.04673055,0.01854021,-0.017446829,0.020339994,0.01089086,0.016646037,0.01267881,0.0053674565,0.018944357
